{"type":"FeatureCollection","features":[{"type":"Feature","properties":{"DISTRICT":"ANUGUL","CODE":1},"geometry":{"type":"Polygon","coordinates":[[[84.26394,20.89878],[84.26465,20.90012],[84.26996,20.90351],[84.27284,20.90742],[84.27278,20.90953],[84.27035,20.91107],[84.27105,20.91299],[84.28049,20.92108],[84.28632,20.9241],[84.29401,20.92501],[84.29564,20.92704],[84.29928,20.9296],[84.2998,20.93365],[84.30363,20.9354],[84.30553,20.93559],[84.31011,20.93434],[84.3111,20.93342],[84.31123,20.93117],[84.31337,20.93118],[84.31536,20.93385],[84.31546,20.93703],[84.31772,20.93774],[84.31908,20.94375],[84.32011,20.9441],[84.32347,20.94331],[84.3302,20.95057],[84.33337,20.95117],[84.33435,20.95042],[84.33472,20.94875],[84.33613,20.94864],[84.33953,20.95034],[84.34402,20.95475],[84.34745,20.95258],[84.35466,20.95146],[84.35538,20.95205],[84.35675,20.95742],[84.35901,20.95773],[84.36121,20.95676],[84.36205,20.95815],[84.36709,20.95448],[84.36736,20.9509],[84.37077,20.95121],[84.3743,20.95256],[84.37752,20.95495],[84.37701,20.95795],[84.38065,20.96068],[84.38171,20.96467],[84.38538,20.96539],[84.39431,20.97029],[84.39712,20.96978],[84.39754,20.97077],[84.39888,20.97043],[84.40102,20.97108],[84.40526,20.97486],[84.40763,20.97597],[84.40967,20.98094],[84.40929,20.98262],[84.41064,20.98973],[84.41032,20.99111],[84.41196,20.99308],[84.41363,20.99881],[84.41584,21.00279],[84.41711,21.00379],[84.42937,21.00748],[84.43602,21.01455],[84.43506,21.0187],[84.43137,21.01983],[84.42621,21.02279],[84.42065,21.02303],[84.41109,21.02972],[84.41348,21.03009],[84.41608,21.03271],[84.42473,21.0358],[84.42581,21.0372],[84.42856,21.03746],[84.43135,21.03945],[84.43227,21.03946],[84.43437,21.03705],[84.43719,21.03632],[84.43881,21.03338],[84.44066,21.03247],[84.44305,21.03828],[84.44543,21.03761],[84.44682,21.03913],[84.44939,21.03904],[84.4517,21.04062],[84.45264,21.04995],[84.45592,21.05177],[84.45636,21.05704],[84.46189,21.06011],[84.46352,21.06249],[84.4657,21.06396],[84.46751,21.06618],[84.46881,21.07076],[84.47307,21.07283],[84.47602,21.07697],[84.48363,21.08011],[84.48693,21.07997],[84.49026,21.07751],[84.49789,21.07914],[84.50104,21.08194],[84.50459,21.08657],[84.50569,21.0868],[84.50868,21.08711],[84.5115,21.08574],[84.51302,21.08707],[84.51474,21.08731],[84.5247,21.08569],[84.52923,21.08692],[84.53406,21.08683],[84.54408,21.07703],[84.54793,21.07405],[84.55209,21.07228],[84.55441,21.06993],[84.55851,21.07041],[84.56267,21.06968],[84.56462,21.06669],[84.56743,21.06561],[84.57189,21.06218],[84.58039,21.06124],[84.58479,21.06155],[84.58743,21.06047],[84.58858,21.06411],[84.59256,21.06228],[84.59653,21.06311],[84.59733,21.0645],[84.59935,21.06572],[84.59782,21.06796],[84.60223,21.06729],[84.60284,21.06764],[84.6029,21.06954],[84.60583,21.06869],[84.60687,21.07037],[84.6076,21.0702],[84.60822,21.0683],[84.60902,21.06813],[84.61201,21.07224],[84.61275,21.07219],[84.61427,21.06989],[84.61598,21.07071],[84.61531,21.07226],[84.61843,21.07239],[84.62112,21.07483],[84.62149,21.07783],[84.62492,21.07802],[84.62626,21.07993],[84.62718,21.08022],[84.63115,21.07869],[84.63562,21.08228],[84.63684,21.08217],[84.63904,21.07999],[84.64234,21.08237],[84.64363,21.08106],[84.64577,21.08262],[84.64748,21.08281],[84.65029,21.08121],[84.65402,21.08082],[84.65812,21.07594],[84.66246,21.07319],[84.66313,21.07089],[84.66588,21.0705],[84.67107,21.06442],[84.67542,21.0634],[84.67732,21.06157],[84.68147,21.06239],[84.68098,21.06331],[84.68141,21.06614],[84.68239,21.06747],[84.68172,21.07024],[84.68245,21.0707],[84.68257,21.07209],[84.67707,21.07471],[84.67561,21.07678],[84.67139,21.07889],[84.66949,21.09261],[84.67054,21.0978],[84.6706,21.10853],[84.67183,21.11528],[84.67489,21.1206],[84.67947,21.12437],[84.68266,21.1361],[84.68266,21.14631],[84.68954,21.15148],[84.69373,21.15234],[84.6957,21.15222],[84.69816,21.15099],[84.70518,21.15259],[84.70837,21.15222],[84.72069,21.14828],[84.72524,21.14779],[84.72573,21.1532],[84.72807,21.1612],[84.73287,21.16453],[84.73336,21.16834],[84.7405,21.16797],[84.74554,21.16951],[84.74702,21.16772],[84.74729,21.16431],[84.74995,21.16056],[84.75618,21.15847],[84.76025,21.15179],[84.76327,21.14913],[84.76688,21.14704],[84.77522,21.14596],[84.78017,21.14432],[84.79094,21.13728],[84.79175,21.13081],[84.79696,21.13199],[84.80086,21.1299],[84.80064,21.13374],[84.80417,21.13671],[84.80408,21.14053],[84.80563,21.1401],[84.81092,21.136],[84.81385,21.13954],[84.81509,21.14478],[84.8145,21.14634],[84.81208,21.14756],[84.81233,21.14916],[84.80943,21.14975],[84.8098,21.15044],[84.80872,21.15171],[84.80607,21.15316],[84.80256,21.15322],[84.801,21.15598],[84.8003,21.15943],[84.80094,21.16527],[84.80434,21.16663],[84.80905,21.1666],[84.8125,21.16796],[84.8148,21.168],[84.81989,21.17049],[84.82948,21.16879],[84.83578,21.16938],[84.84644,21.16839],[84.86288,21.16413],[84.8682,21.16508],[84.87885,21.16386],[84.88208,21.15948],[84.88286,21.15787],[84.88258,21.15629],[84.88711,21.15253],[84.90197,21.14957],[84.90267,21.14636],[84.90461,21.14646],[84.91136,21.14298],[84.91894,21.14014],[84.92088,21.14001],[84.9238,21.14344],[84.9278,21.14393],[84.92854,21.14651],[84.93426,21.15257],[84.93427,21.15326],[84.93185,21.1543],[84.92994,21.15914],[84.93116,21.16073],[84.93082,21.16384],[84.92986,21.16522],[84.92989,21.17074],[84.93063,21.172],[84.93027,21.17383],[84.93102,21.17647],[84.92994,21.17842],[84.93007,21.17992],[84.94044,21.17526],[84.94428,21.1749],[84.94736,21.17362],[84.95152,21.16992],[84.95267,21.16978],[84.95077,21.16377],[84.94963,21.15621],[84.94973,21.15265],[84.95116,21.14897],[84.95115,21.14713],[84.96436,21.14638],[84.96813,21.15546],[84.97068,21.15694],[84.97167,21.16049],[84.96456,21.16512],[84.96578,21.16638],[84.96616,21.16991],[84.9651,21.1729],[84.96571,21.17508],[84.96464,21.17678],[84.96803,21.17791],[84.96864,21.17871],[84.96806,21.18307],[84.97208,21.18813],[84.96497,21.19081],[84.95905,21.19211],[84.95578,21.19225],[84.95094,21.19113],[84.94196,21.19527],[84.94043,21.20216],[84.93698,21.21226],[84.9306,21.22482],[84.92799,21.2331],[84.91924,21.23936],[84.91293,21.24491],[84.90656,21.24946],[84.90437,21.2502],[84.90086,21.25542],[84.90045,21.25843],[84.90256,21.26043],[84.90547,21.26174],[84.91029,21.26765],[84.9162,21.27257],[84.93475,21.284],[84.95561,21.29362],[84.95992,21.29665],[84.97045,21.29372],[84.98359,21.2868],[84.99071,21.2863],[84.99271,21.2864],[84.99562,21.28791],[85.00484,21.2868],[85.01086,21.29132],[85.01176,21.29232],[85.01247,21.29613],[85.01377,21.29673],[85.02143,21.29585],[85.03098,21.29242],[85.03582,21.29172],[85.03704,21.29535],[85.03671,21.29832],[85.03582,21.29914],[85.03233,21.29988],[85.03138,21.30173],[85.03108,21.30503],[85.02763,21.30807],[85.0231,21.30939],[85.01924,21.30874],[85.01703,21.31004],[85.01658,21.31505],[85.01358,21.31499],[85.01048,21.32287],[85.01095,21.32554],[85.01476,21.33297],[85.0118,21.34386],[85.0094,21.34632],[85.00909,21.34762],[85.01021,21.35369],[85.01222,21.35522],[85.01112,21.36068],[85.0089,21.36185],[85.00984,21.3655],[85.00826,21.3679],[85.00983,21.37081],[85.0088,21.37542],[85.00965,21.37864],[85.00829,21.38141],[85.00856,21.38421],[85.0078,21.38771],[85.00568,21.38862],[85.00514,21.39236],[85.00231,21.3946],[85.00184,21.39752],[84.99978,21.39727],[84.99613,21.40134],[84.99577,21.40751],[84.99427,21.41132],[84.99421,21.41601],[84.9962,21.41908],[84.99906,21.42848],[85.00086,21.43075],[84.99964,21.43365],[84.99989,21.43504],[85.00288,21.43983],[85.00475,21.44112],[85.01131,21.44338],[85.02136,21.44324],[85.02803,21.44679],[85.02824,21.4478],[85.02379,21.45576],[85.0237,21.4573],[85.03376,21.45358],[85.03557,21.45218],[85.04531,21.44963],[85.04938,21.44758],[85.05325,21.44669],[85.05671,21.44365],[85.06281,21.44133],[85.06519,21.45065],[85.06718,21.45282],[85.07338,21.45382],[85.07822,21.45684],[85.08155,21.45765],[85.10682,21.4579],[85.11111,21.45698],[85.11956,21.45356],[85.12847,21.45526],[85.13587,21.45785],[85.13813,21.45988],[85.13823,21.46217],[85.14254,21.46157],[85.14587,21.45688],[85.14762,21.45664],[85.15031,21.45781],[85.15186,21.45668],[85.15212,21.45846],[85.156,21.45936],[85.15942,21.46144],[85.16294,21.46876],[85.16284,21.47204],[85.16449,21.47603],[85.16845,21.47999],[85.17602,21.48488],[85.18285,21.50059],[85.20047,21.51428],[85.20509,21.52047],[85.20615,21.52769],[85.2038,21.53102],[85.20743,21.53238],[85.20975,21.53132],[85.21074,21.5316],[85.21165,21.53489],[85.20924,21.54063],[85.21078,21.54677],[85.21426,21.5504],[85.21503,21.55374],[85.21347,21.55753],[85.20855,21.55925],[85.20601,21.56186],[85.20692,21.56737],[85.20554,21.56969],[85.20216,21.57216],[85.20155,21.57883],[85.19514,21.58295],[85.19264,21.58681],[85.18874,21.58881],[85.18548,21.58929],[85.17804,21.58802],[85.17251,21.59027],[85.16856,21.58946],[85.16404,21.59077],[85.15938,21.58961],[85.1499,21.59163],[85.14626,21.59431],[85.15042,21.59711],[85.15011,21.59955],[85.1511,21.60392],[85.15604,21.60814],[85.1618,21.61182],[85.16804,21.6218],[85.17017,21.62263],[85.17339,21.62206],[85.17521,21.6205],[85.17683,21.62045],[85.17885,21.61915],[85.18343,21.62492],[85.18545,21.6259],[85.18851,21.62621],[85.19096,21.62871],[85.19117,21.63375],[85.19252,21.63593],[85.19485,21.63677],[85.19647,21.64014],[85.19366,21.64399],[85.19418,21.64451],[85.19376,21.64493],[85.19086,21.64373],[85.18831,21.64404],[85.18732,21.64285],[85.18478,21.64233],[85.18239,21.64409],[85.18238,21.64498],[85.18431,21.64555],[85.18623,21.64872],[85.18504,21.65163],[85.18223,21.65345],[85.18327,21.65454],[85.18992,21.65605],[85.19164,21.6574],[85.19313,21.66004],[85.20071,21.65884],[85.2039,21.66007],[85.20634,21.66285],[85.20904,21.67149],[85.2116,21.67455],[85.21806,21.67449],[85.21973,21.67284],[85.22171,21.67251],[85.2244,21.67466],[85.22814,21.67624],[85.23872,21.67615],[85.24295,21.67825],[85.24554,21.67862],[85.24825,21.6776],[85.25057,21.67773],[85.25278,21.67539],[85.25493,21.67454],[85.2548,21.66484],[85.25719,21.65176],[85.25989,21.65166],[85.26027,21.64908],[85.26296,21.64778],[85.26783,21.64069],[85.26498,21.63568],[85.26439,21.6324],[85.26748,21.62691],[85.26885,21.62215],[85.27689,21.61657],[85.28104,21.60741],[85.28466,21.60531],[85.28529,21.60158],[85.29073,21.60426],[85.29399,21.59962],[85.29406,21.59842],[85.28527,21.59561],[85.28499,21.59102],[85.28825,21.58777],[85.28839,21.58364],[85.29152,21.58199],[85.29135,21.58004],[85.29609,21.5753],[85.29719,21.57514],[85.29787,21.57319],[85.30038,21.57194],[85.30247,21.57224],[85.30541,21.57059],[85.30513,21.56623],[85.30868,21.56648],[85.30854,21.56832],[85.31117,21.5681],[85.3138,21.56909],[85.31448,21.56841],[85.31454,21.56738],[85.31327,21.5657],[85.31101,21.56443],[85.31072,21.56121],[85.30891,21.55856],[85.30953,21.5561],[85.30458,21.55538],[85.30238,21.55376],[85.30072,21.54497],[85.30301,21.54085],[85.30676,21.53909],[85.30494,21.53581],[85.30472,21.53059],[85.3098,21.53096],[85.31199,21.5327],[85.31944,21.53458],[85.32183,21.53471],[85.32349,21.5338],[85.32191,21.53063],[85.32343,21.52203],[85.32284,21.51968],[85.32645,21.51798],[85.32714,21.51563],[85.32862,21.51409],[85.32814,21.51288],[85.32901,21.51059],[85.3306,21.50911],[85.32946,21.50646],[85.33125,21.50395],[85.32988,21.49984],[85.33074,21.49714],[85.33265,21.49461],[85.33038,21.49317],[85.33125,21.49122],[85.33002,21.4892],[85.33205,21.4861],[85.33402,21.48499],[85.33344,21.48402],[85.33441,21.48149],[85.33402,21.48046],[85.33298,21.48059],[85.33201,21.47631],[85.33111,21.47553],[85.32955,21.47631],[85.32858,21.47411],[85.32838,21.4732],[85.33065,21.47288],[85.32994,21.47055],[85.32916,21.4699],[85.328,21.47107],[85.32606,21.47022],[85.3232,21.46452],[85.3223,21.46414],[85.32081,21.46485],[85.3166,21.46349],[85.31543,21.46401],[85.31446,21.46342],[85.31375,21.46155],[85.31051,21.46096],[85.312,21.45682],[85.31123,21.45675],[85.30831,21.45021],[85.30572,21.44788],[85.30367,21.44828],[85.30239,21.44684],[85.30086,21.44661],[85.29957,21.44793],[85.29565,21.44971],[85.29332,21.44907],[85.29203,21.44959],[85.29001,21.45142],[85.2889,21.45378],[85.28247,21.45227],[85.27831,21.4529],[85.27169,21.45599],[85.26906,21.45386],[85.26507,21.45661],[85.25944,21.45568],[85.25828,21.45166],[85.25712,21.45056],[85.26049,21.44729],[85.26105,21.44327],[85.26828,21.44052],[85.27006,21.43897],[85.27252,21.43069],[85.27454,21.42731],[85.28429,21.42635],[85.28606,21.42296],[85.29979,21.41919],[85.305,21.41563],[85.3085,21.41184],[85.30642,21.40994],[85.30894,21.40667],[85.30974,21.4027],[85.30962,21.40011],[85.30711,21.39557],[85.3133,21.39391],[85.32372,21.38921],[85.32844,21.38968],[85.32813,21.38773],[85.32917,21.38767],[85.33052,21.38451],[85.33175,21.38394],[85.3312,21.38031],[85.33237,21.37968],[85.33231,21.37819],[85.33347,21.37773],[85.33225,21.37715],[85.33225,21.37623],[85.33703,21.37325],[85.33826,21.37032],[85.34065,21.36952],[85.342,21.36763],[85.34292,21.36769],[85.34274,21.36642],[85.34371,21.36671],[85.3447,21.36533],[85.34305,21.36378],[85.34323,21.36246],[85.34194,21.36188],[85.34195,21.3605],[85.34035,21.36113],[85.33974,21.35923],[85.34219,21.35889],[85.3414,21.35687],[85.34036,21.35641],[85.33895,21.35704],[85.33779,21.35566],[85.33804,21.35342],[85.33908,21.35302],[85.33823,21.35106],[85.33694,21.3506],[85.33798,21.34784],[85.33731,21.34709],[85.33339,21.34651],[85.33272,21.34548],[85.33309,21.33927],[85.33157,21.33455],[85.33072,21.32702],[85.32547,21.3185],[85.32455,21.3185],[85.32491,21.32091],[85.32277,21.3212],[85.32417,21.32321],[85.32289,21.32338],[85.32326,21.3243],[85.31982,21.32866],[85.31872,21.32797],[85.31749,21.32924],[85.3129,21.32365],[85.30905,21.32111],[85.30579,21.31678],[85.29877,21.31667],[85.29897,21.30983],[85.29836,21.30804],[85.29603,21.30655],[85.29315,21.30625],[85.28795,21.3044],[85.28428,21.29865],[85.27735,21.30352],[85.27576,21.30335],[85.27411,21.30202],[85.27332,21.30024],[85.27418,21.29771],[85.27743,21.29513],[85.27835,21.29306],[85.2764,21.28961],[85.27781,21.28512],[85.27353,21.28218],[85.27232,21.2739],[85.27618,21.27086],[85.27747,21.26822],[85.28169,21.26489],[85.28452,21.26363],[85.28886,21.26335],[85.28984,21.26566],[85.29265,21.26825],[85.29693,21.27561],[85.29895,21.27516],[85.30379,21.27045],[85.30839,21.2696],[85.30992,21.26719],[85.31593,21.26306],[85.32316,21.261],[85.34042,21.25781],[85.34226,21.25506],[85.35754,21.24751],[85.36974,21.23637],[85.37515,21.22887],[85.38056,21.21723],[85.38325,21.21428],[85.38201,21.211],[85.38327,21.20225],[85.38168,21.19949],[85.38661,21.19257],[85.39552,21.18328],[85.39238,21.17857],[85.38705,21.17467],[85.38385,21.16765],[85.38042,21.16656],[85.37779,21.1672],[85.37695,21.16835],[85.3718,21.16854],[85.3682,21.17182],[85.36808,21.17021],[85.36313,21.17091],[85.3633,21.16953],[85.35933,21.16839],[85.35394,21.16805],[85.35309,21.16944],[85.34911,21.16783],[85.3457,21.17077],[85.3454,21.17371],[85.34351,21.1774],[85.34167,21.17637],[85.33479,21.17628],[85.33111,21.1733],[85.32404,21.16365],[85.31868,21.15862],[85.31368,21.16451],[85.30636,21.16872],[85.30618,21.17143],[85.30326,21.17455],[85.30064,21.17605],[85.29581,21.17744],[85.29233,21.17969],[85.29037,21.17993],[85.28273,21.17349],[85.27962,21.17278],[85.27412,21.1742],[85.27003,21.1698],[85.26922,21.16361],[85.26644,21.15821],[85.2644,21.14928],[85.26146,21.14616],[85.2605,21.14129],[85.25709,21.13461],[85.25758,21.13252],[85.25716,21.13002],[85.25284,21.12418],[85.24964,21.12184],[85.24928,21.11427],[85.24086,21.09904],[85.23212,21.07182],[85.22063,21.07315],[85.20679,21.07661],[85.20064,21.07986],[85.19373,21.0799],[85.18806,21.08172],[85.18463,21.08059],[85.1802,21.07579],[85.17946,21.07436],[85.17931,21.06982],[85.17696,21.06616],[85.175,21.06525],[85.17274,21.06521],[85.16973,21.0639],[85.16911,21.06287],[85.16938,21.0569],[85.16727,21.05295],[85.16975,21.04834],[85.17413,21.04407],[85.1843,21.03907],[85.19954,21.03462],[85.2148,21.02368],[85.2344,21.01324],[85.24982,21.00161],[85.25093,21.00149],[85.26051,20.98996],[85.26382,20.97947],[85.26168,20.97487],[85.25871,20.97176],[85.24834,20.96775],[85.2438,20.96464],[85.24361,20.95492],[85.24711,20.94411],[85.24796,20.93601],[85.24633,20.925],[85.24439,20.92254],[85.24303,20.91892],[85.24154,20.91043],[85.2418,20.9059],[85.24284,20.90311],[85.24718,20.89748],[85.24905,20.89631],[85.25268,20.89612],[85.25443,20.89508],[85.25896,20.89606],[85.26253,20.8958],[85.26485,20.89321],[85.26524,20.88913],[85.26369,20.8868],[85.25916,20.88602],[85.25747,20.88498],[85.25236,20.88518],[85.25022,20.88356],[85.25151,20.88155],[85.25708,20.87883],[85.25741,20.87689],[85.26038,20.87404],[85.25948,20.8653],[85.26045,20.86283],[85.25948,20.8618],[85.25825,20.84133],[85.2578,20.83939],[85.25391,20.83337],[85.25443,20.82909],[85.25385,20.82411],[85.25832,20.81064],[85.25592,20.8019],[85.2576,20.79529],[85.25352,20.79399],[85.24588,20.79425],[85.24122,20.79322],[85.23772,20.79147],[85.2226,20.79399],[85.21976,20.7922],[85.21836,20.78749],[85.2169,20.78593],[85.21526,20.78581],[85.20931,20.78884],[85.20436,20.7902],[85.20058,20.78886],[85.19852,20.78668],[85.19743,20.78415],[85.19837,20.78042],[85.20548,20.77424],[85.20992,20.76863],[85.21006,20.76444],[85.20814,20.75835],[85.20845,20.75686],[85.21287,20.75251],[85.21799,20.75356],[85.21893,20.75146],[85.21576,20.74837],[85.21531,20.7441],[85.21033,20.74172],[85.21033,20.74045],[85.20931,20.73923],[85.20981,20.73739],[85.20905,20.73352],[85.20679,20.73346],[85.20589,20.73236],[85.20596,20.73051],[85.20483,20.72734],[85.20631,20.72475],[85.2058,20.72054],[85.20696,20.71859],[85.20126,20.71476],[85.19972,20.70922],[85.19743,20.70575],[85.19233,20.70325],[85.19082,20.70089],[85.19221,20.69444],[85.19478,20.69323],[85.19523,20.69058],[85.19804,20.68898],[85.19978,20.68547],[85.1963,20.67819],[85.19399,20.67634],[85.19041,20.67523],[85.18689,20.67234],[85.18057,20.66932],[85.17973,20.66701],[85.17295,20.66064],[85.17161,20.66098],[85.17056,20.66248],[85.16912,20.66795],[85.1674,20.66835],[85.16593,20.66978],[85.16683,20.67151],[85.16585,20.67307],[85.1659,20.67445],[85.16643,20.67682],[85.16784,20.67613],[85.16885,20.67902],[85.16759,20.68391],[85.17266,20.69136],[85.17403,20.69644],[85.17718,20.69916],[85.1771,20.70107],[85.1758,20.70354],[85.17262,20.70601],[85.16895,20.70686],[85.16194,20.70666],[85.15965,20.71178],[85.15639,20.71661],[85.15236,20.72581],[85.15469,20.73095],[85.15469,20.73274],[85.14202,20.73038],[85.13831,20.72121],[85.13632,20.71815],[85.13731,20.71671],[85.13684,20.71319],[85.1345,20.70863],[85.12692,20.70272],[85.11584,20.68274],[85.11752,20.67779],[85.12736,20.65823],[85.12849,20.65328],[85.13649,20.6427],[85.13693,20.64092],[85.13145,20.63174],[85.12919,20.61548],[85.12685,20.6148],[85.12368,20.61156],[85.11934,20.60949],[85.11572,20.61098],[85.11293,20.61075],[85.10846,20.61266],[85.10438,20.61655],[85.10179,20.6161],[85.09901,20.61739],[85.09272,20.61785],[85.09129,20.6148],[85.0935,20.61331],[85.09389,20.61124],[85.0924,20.61053],[85.09266,20.60871],[85.09194,20.60748],[85.08858,20.60476],[85.08838,20.59893],[85.08713,20.59395],[85.08269,20.59112],[85.08138,20.5876],[85.0769,20.58101],[85.07429,20.58043],[85.07042,20.58359],[85.06927,20.58197],[85.06702,20.58104],[85.06747,20.57804],[85.06625,20.57735],[85.0571,20.57709],[85.05347,20.58151],[85.04881,20.58472],[85.04441,20.58462],[85.04094,20.5855],[85.03728,20.58463],[85.03373,20.58755],[85.03153,20.5876],[85.02896,20.58892],[84.98973,20.57943],[84.98895,20.5785],[84.98939,20.57511],[84.98843,20.57251],[84.98213,20.56483],[84.97968,20.56966],[84.97771,20.57161],[84.97017,20.57165],[84.95804,20.57443],[84.9525,20.57499],[84.95011,20.5785],[84.94474,20.58119],[84.94017,20.58163],[84.9361,20.5807],[84.92952,20.58131],[84.92423,20.5798],[84.91003,20.58382],[84.89987,20.58128],[84.89588,20.57596],[84.89262,20.56754],[84.88979,20.56338],[84.88626,20.56071],[84.87757,20.5578],[84.87534,20.55047],[84.87025,20.54429],[84.86499,20.53556],[84.86208,20.5329],[84.85033,20.52747],[84.84583,20.53192],[84.8238,20.55981],[84.80353,20.57642],[84.79106,20.58119],[84.78654,20.5866],[84.78235,20.5945],[84.77923,20.59796],[84.76391,20.60735],[84.75027,20.60946],[84.7401,20.61316],[84.73144,20.61493],[84.72611,20.61414],[84.71438,20.61045],[84.69972,20.61107],[84.68311,20.61631],[84.65877,20.618],[84.63922,20.62391],[84.6266,20.63004],[84.61243,20.64021],[84.60079,20.65261],[84.59493,20.66233],[84.58502,20.67326],[84.57743,20.67961],[84.56277,20.68939],[84.55318,20.69232],[84.53873,20.69392],[84.51781,20.70196],[84.5155,20.70347],[84.50595,20.7132],[84.50063,20.71728],[84.48841,20.72141],[84.47189,20.73175],[84.46776,20.73289],[84.46483,20.73456],[84.4528,20.73812],[84.44688,20.73815],[84.44158,20.73709],[84.42924,20.73777],[84.42217,20.7369],[84.41274,20.74042],[84.39481,20.75002],[84.37903,20.75364],[84.36169,20.76611],[84.35744,20.77085],[84.35101,20.7807],[84.35085,20.78266],[84.3517,20.78529],[84.35653,20.7905],[84.35784,20.79322],[84.35757,20.7961],[84.35535,20.80152],[84.35773,20.81623],[84.35699,20.82119],[84.35467,20.82742],[84.34856,20.83592],[84.34355,20.84012],[84.33746,20.84226],[84.32555,20.85105],[84.30443,20.86068],[84.29632,20.86751],[84.29166,20.86983],[84.28195,20.87267],[84.26833,20.88061],[84.26983,20.88475],[84.27009,20.88821],[84.26394,20.89878]]]}},{"type":"Feature","properties":{"DISTRICT":"BALESWAR","CODE":2},"geometry":{"type":"Polygon","coordinates":[[[86.35523,21.28384],[86.35535,21.28578],[86.35971,21.29686],[86.36043,21.30116],[86.36288,21.30085],[86.37251,21.30619],[86.37951,21.30657],[86.38318,21.30949],[86.38596,21.31024],[86.38802,21.31166],[86.39281,21.31731],[86.39707,21.31934],[86.40636,21.31949],[86.41412,21.32611],[86.42603,21.33073],[86.42548,21.33358],[86.43393,21.33771],[86.43629,21.33996],[86.43871,21.35214],[86.45023,21.35835],[86.45348,21.36164],[86.45918,21.36323],[86.45901,21.36444],[86.46188,21.36576],[86.46648,21.36642],[86.47296,21.37163],[86.4825,21.37582],[86.49102,21.38245],[86.49933,21.39234],[86.50275,21.39788],[86.51086,21.40309],[86.51492,21.40798],[86.51991,21.41191],[86.53406,21.42792],[86.53931,21.43722],[86.54392,21.44291],[86.55151,21.45864],[86.56127,21.47186],[86.56216,21.4761],[86.56807,21.48878],[86.5698,21.49468],[86.57922,21.51085],[86.58421,21.52153],[86.59026,21.52077],[86.5927,21.52119],[86.60123,21.51792],[86.60781,21.51952],[86.61241,21.51772],[86.61491,21.51871],[86.61813,21.5223],[86.62087,21.52227],[86.62214,21.52521],[86.62379,21.52517],[86.626,21.52397],[86.62615,21.52777],[86.62842,21.5275],[86.62933,21.52826],[86.62814,21.5321],[86.62887,21.53315],[86.63096,21.53149],[86.63235,21.53398],[86.63344,21.53444],[86.63474,21.53227],[86.63719,21.5316],[86.6406,21.53358],[86.64138,21.53508],[86.64087,21.5387],[86.6427,21.54809],[86.64482,21.55139],[86.64534,21.55559],[86.65077,21.55805],[86.6507,21.55971],[86.64873,21.56229],[86.65146,21.56547],[86.65222,21.57037],[86.65208,21.57198],[86.65029,21.57479],[86.65114,21.57686],[86.65099,21.58008],[86.65914,21.5779],[86.66667,21.57761],[86.66855,21.58038],[86.67331,21.58231],[86.67763,21.58591],[86.68546,21.59603],[86.68774,21.59346],[86.68977,21.593],[86.69112,21.58595],[86.69354,21.58577],[86.69566,21.58415],[86.69718,21.58487],[86.69772,21.58721],[86.70285,21.58604],[86.70789,21.58747],[86.71179,21.58617],[86.71377,21.59287],[86.7153,21.59363],[86.71571,21.5953],[86.71679,21.59602],[86.71998,21.59597],[86.72006,21.59687],[86.72285,21.59615],[86.72285,21.59808],[86.72771,21.59907],[86.72883,21.59835],[86.73063,21.59894],[86.7375,21.59862],[86.73823,21.60406],[86.74272,21.60478],[86.74712,21.60357],[86.74857,21.60523],[86.75211,21.60466],[86.75369,21.60611],[86.75512,21.60642],[86.76112,21.605],[86.76184,21.60383],[86.76383,21.60329],[86.7675,21.60056],[86.7699,21.60159],[86.77119,21.60109],[86.77392,21.60154],[86.77598,21.6036],[86.77751,21.60357],[86.77785,21.60204],[86.7788,21.60129],[86.78429,21.60198],[86.7904,21.59898],[86.79707,21.59693],[86.79846,21.59796],[86.79877,21.60098],[86.79559,21.60083],[86.79568,21.60324],[86.79697,21.60329],[86.79764,21.60499],[86.80175,21.60576],[86.80175,21.60694],[86.81068,21.60822],[86.82317,21.60416],[86.82624,21.60546],[86.8307,21.60458],[86.83203,21.60533],[86.83182,21.60766],[86.83253,21.60795],[86.83561,21.6062],[86.83636,21.60471],[86.83832,21.60504],[86.83832,21.60287],[86.84019,21.60267],[86.84181,21.60058],[86.84605,21.59842],[86.84677,21.59875],[86.84756,21.60229],[86.8491,21.60233],[86.8493,21.60433],[86.85188,21.60133],[86.85413,21.60242],[86.85534,21.60208],[86.85654,21.60333],[86.85692,21.60175],[86.85966,21.59834],[86.86624,21.59638],[86.86512,21.59114],[86.86695,21.59026],[86.86841,21.59085],[86.8746,21.60382],[86.87809,21.60237],[86.87891,21.60683],[86.88155,21.61167],[86.88908,21.61154],[86.88668,21.61528],[86.87572,21.62148],[86.87476,21.63263],[86.87798,21.63738],[86.88053,21.63563],[86.87968,21.63234],[86.88268,21.62982],[86.88253,21.62798],[86.88424,21.62389],[86.8848,21.62509],[86.88693,21.626],[86.89096,21.62301],[86.8903,21.61902],[86.89164,21.61322],[86.89256,21.61317],[86.89375,21.61171],[86.89899,21.61096],[86.90019,21.61233],[86.90192,21.612],[86.90135,21.60882],[86.90511,21.60454],[86.90514,21.60235],[86.90675,21.60097],[86.90697,21.59919],[86.90862,21.59836],[86.90814,21.59723],[86.90465,21.59814],[86.90363,21.59376],[86.90472,21.59233],[86.90676,21.59277],[86.9069,21.59682],[86.90887,21.5937],[86.91364,21.59147],[86.91238,21.58768],[86.91017,21.58401],[86.91163,21.57948],[86.91564,21.58112],[86.91899,21.58132],[86.92017,21.58574],[86.92316,21.59037],[86.92675,21.58894],[86.92719,21.58729],[86.93034,21.58614],[86.93006,21.58436],[86.93107,21.58273],[86.94476,21.57713],[86.94487,21.57634],[86.94931,21.57601],[86.95383,21.57337],[86.95963,21.57294],[86.95963,21.57544],[86.95866,21.57556],[86.95829,21.578],[86.95555,21.57872],[86.95493,21.58159],[86.95486,21.58318],[86.95809,21.58326],[86.95871,21.58454],[86.95584,21.59043],[86.95673,21.59124],[86.95631,21.59369],[86.95744,21.59498],[86.95912,21.59512],[86.95949,21.59431],[86.96016,21.5962],[86.96139,21.5963],[86.96224,21.59283],[86.9654,21.59315],[86.96288,21.58867],[86.96333,21.5868],[86.96098,21.58663],[86.96042,21.58023],[86.96288,21.58004],[86.96329,21.5813],[86.96555,21.58295],[86.96555,21.58432],[86.96627,21.58424],[86.9668,21.58787],[86.97023,21.58773],[86.97025,21.58843],[86.97186,21.58872],[86.97289,21.58527],[86.97715,21.58487],[86.98075,21.58748],[86.98647,21.58927],[86.98698,21.59058],[86.99017,21.59109],[86.99417,21.59553],[86.99506,21.59492],[86.99229,21.59262],[86.99202,21.59155],[86.99401,21.59122],[86.9949,21.59281],[86.99531,21.59213],[87.00012,21.59544],[87.00294,21.59625],[87.00531,21.59972],[87.00826,21.5992],[87.00884,21.60134],[87.00494,21.6036],[87.00075,21.61021],[86.99849,21.61062],[86.99842,21.61151],[87.00095,21.61237],[87.00181,21.61419],[87.00333,21.61514],[87.00102,21.61713],[86.99945,21.61714],[86.99699,21.61884],[86.99104,21.61808],[86.99092,21.61884],[86.99343,21.6193],[86.99616,21.62073],[86.99604,21.62144],[86.99506,21.62263],[86.99496,21.62532],[86.98853,21.62772],[86.9908,21.62783],[86.98952,21.62854],[86.99127,21.63169],[86.9929,21.63198],[86.99297,21.63309],[86.99548,21.63485],[86.99846,21.63409],[86.9998,21.63268],[86.99653,21.62491],[86.99805,21.62538],[86.99951,21.62444],[86.99857,21.62158],[87.00117,21.62256],[87.00195,21.62673],[87.00463,21.62517],[87.00647,21.62522],[87.00781,21.63156],[87.01119,21.63188],[87.01467,21.63699],[87.01425,21.64827],[87.01286,21.64918],[87.00991,21.64814],[87.00929,21.64937],[87.00978,21.65112],[87.00686,21.65226],[86.99986,21.65077],[86.99866,21.64983],[86.99721,21.65051],[86.99613,21.64979],[86.99286,21.65135],[86.9928,21.65216],[86.99192,21.65209],[86.99153,21.65372],[86.99228,21.65812],[86.99361,21.65864],[86.99364,21.66286],[86.99208,21.66697],[86.99059,21.66775],[86.99062,21.66956],[86.99228,21.67122],[86.99358,21.67131],[86.99325,21.67319],[86.99704,21.67203],[86.9996,21.67229],[87.00349,21.67595],[87.00501,21.67433],[87.00573,21.67446],[87.00575,21.67567],[87.01035,21.675],[87.00976,21.67354],[87.01176,21.67354],[87.01202,21.67554],[87.01403,21.6747],[87.01461,21.67624],[87.02121,21.67407],[87.01972,21.67109],[87.02042,21.66923],[87.02165,21.66971],[87.02399,21.67321],[87.02618,21.67321],[87.02757,21.67157],[87.0268,21.66989],[87.02691,21.66781],[87.02567,21.66784],[87.0253,21.66368],[87.028,21.6619],[87.03304,21.6604],[87.03391,21.66952],[87.03493,21.67303],[87.03836,21.67131],[87.04088,21.67138],[87.04176,21.67368],[87.04337,21.67452],[87.04337,21.67835],[87.05037,21.67631],[87.0523,21.6774],[87.05478,21.68262],[87.05424,21.68481],[87.05227,21.68634],[87.04894,21.68718],[87.04829,21.68966],[87.0453,21.69003],[87.04537,21.6936],[87.0442,21.69335],[87.03938,21.69638],[87.03876,21.69751],[87.03924,21.70159],[87.03789,21.70375],[87.0376,21.70594],[87.03854,21.70747],[87.04085,21.7082],[87.04147,21.70907],[87.04128,21.71112],[87.03924,21.71199],[87.03854,21.71477],[87.04052,21.71721],[87.03905,21.72082],[87.03639,21.71911],[87.03377,21.72042],[87.03099,21.72662],[87.03231,21.72794],[87.0322,21.7318],[87.03078,21.73282],[87.03049,21.73487],[87.0268,21.73615],[87.02585,21.73826],[87.02742,21.74016],[87.02785,21.74213],[87.03614,21.74085],[87.03618,21.74019],[87.03935,21.74049],[87.03924,21.73972],[87.04388,21.7406],[87.04552,21.73888],[87.04861,21.73885],[87.04526,21.736],[87.04705,21.73118],[87.04603,21.72823],[87.04595,21.71998],[87.04858,21.71301],[87.05179,21.71028],[87.06165,21.70553],[87.06635,21.70608],[87.06796,21.70721],[87.07197,21.70674],[87.07426,21.70864],[87.07372,21.71046],[87.07266,21.71046],[87.07332,21.71174],[87.07682,21.71017],[87.07686,21.71104],[87.08047,21.71042],[87.07915,21.71411],[87.08489,21.71931],[87.08576,21.71776],[87.08966,21.71517],[87.0897,21.72038],[87.09123,21.72152],[87.08919,21.72495],[87.09021,21.7267],[87.08923,21.72896],[87.09375,21.72779],[87.09379,21.72582],[87.09447,21.72582],[87.09517,21.7267],[87.09554,21.73107],[87.0932,21.73085],[87.09258,21.73315],[87.09196,21.73337],[87.092,21.73191],[87.09116,21.73122],[87.08919,21.73137],[87.08886,21.7337],[87.08765,21.73472],[87.08707,21.73746],[87.09017,21.73793],[87.09196,21.73542],[87.09831,21.73228],[87.09834,21.73542],[87.09623,21.73793],[87.09649,21.74023],[87.09517,21.74158],[87.09521,21.74366],[87.09678,21.74673],[87.09937,21.74625],[87.1005,21.74786],[87.10581,21.75163],[87.10651,21.75361],[87.10912,21.75428],[87.11407,21.7522],[87.11703,21.7538],[87.12462,21.75335],[87.12491,21.75453],[87.12271,21.7575],[87.12086,21.75848],[87.1172,21.76269],[87.11547,21.76307],[87.11496,21.7648],[87.1046,21.77073],[87.10549,21.77608],[87.10384,21.7772],[87.10779,21.78071],[87.10622,21.78323],[87.11088,21.78214],[87.11353,21.78782],[87.11945,21.78842],[87.11914,21.78629],[87.12064,21.78514],[87.12074,21.78412],[87.11588,21.78689],[87.11484,21.78597],[87.11474,21.78453],[87.11614,21.78354],[87.11729,21.78354],[87.11767,21.78431],[87.12009,21.78262],[87.12408,21.78243],[87.12475,21.77975],[87.1245,21.77111],[87.12899,21.77127],[87.12788,21.77615],[87.13291,21.778],[87.14213,21.77411],[87.15376,21.77127],[87.16145,21.77047],[87.16358,21.77248],[87.16486,21.78],[87.16686,21.78412],[87.16393,21.78734],[87.1646,21.78807],[87.16866,21.78514],[87.17366,21.78817],[87.17353,21.79451],[87.17251,21.79528],[87.17188,21.7978],[87.17254,21.80315],[87.17343,21.8035],[87.17343,21.80507],[87.17152,21.80615],[87.1711,21.80809],[87.1758,21.81179],[87.17847,21.80749],[87.18019,21.80114],[87.18236,21.79636],[87.18255,21.79193],[87.18612,21.79177],[87.18565,21.79824],[87.18421,21.80172],[87.18169,21.80322],[87.18076,21.80841],[87.17822,21.81326],[87.15858,21.82448],[87.14684,21.82917],[87.13097,21.83908],[87.12424,21.84176],[87.12376,21.84817],[87.1222,21.84948],[87.12064,21.85442],[87.11547,21.85455],[87.11314,21.85614],[87.10817,21.85687],[87.10677,21.85834],[87.10451,21.85923],[87.10192,21.86449],[87.10014,21.86596],[87.09918,21.87036],[87.09736,21.87383],[87.09851,21.87654],[87.09806,21.88509],[87.10039,21.88802],[87.10078,21.8915],[87.09698,21.89724],[87.09181,21.89972],[87.0921,21.90454],[87.09325,21.90466],[87.09806,21.91318],[87.10043,21.91566],[87.10514,21.91592],[87.10536,21.91869],[87.10769,21.92239],[87.1096,21.92236],[87.10995,21.92316],[87.11515,21.9229],[87.11716,21.92421],[87.12653,21.9259],[87.13412,21.92357],[87.1398,21.92285],[87.14368,21.92472],[87.15067,21.93049],[87.15829,21.93479],[87.16559,21.93779],[87.16553,21.93919],[87.16467,21.93935],[87.16425,21.94174],[87.16288,21.94385],[87.16454,21.94506],[87.16387,21.94732],[87.16479,21.94879],[87.16307,21.95035],[87.16301,21.95249],[87.16553,21.95514],[87.16645,21.95733],[87.16642,21.96027],[87.16451,21.96173],[87.16451,21.96489],[87.16508,21.96559],[87.16406,21.96687],[87.17028,21.9714],[87.17213,21.9786],[87.17429,21.97803],[87.17975,21.96913],[87.18931,21.96464],[87.19859,21.95874],[87.20111,21.95877],[87.20624,21.96218],[87.2085,21.96138],[87.21102,21.96183],[87.21291,21.9632],[87.21561,21.96269],[87.21829,21.95957],[87.22154,21.95899],[87.22646,21.95596],[87.22821,21.95714],[87.23452,21.95705],[87.23631,21.95099],[87.24071,21.94267],[87.24619,21.9368],[87.25028,21.93626],[87.25161,21.9354],[87.25172,21.93247],[87.24849,21.92866],[87.24759,21.92494],[87.24818,21.9231],[87.25105,21.91947],[87.25204,21.91636],[87.24952,21.91265],[87.2386,21.90725],[87.23706,21.90364],[87.2368,21.90087],[87.23819,21.89832],[87.24442,21.89216],[87.24828,21.88507],[87.25421,21.87719],[87.2547,21.87397],[87.25425,21.8698],[87.25177,21.8626],[87.24993,21.85956],[87.25098,21.85363],[87.25342,21.85085],[87.25668,21.8504],[87.25729,21.84916],[87.26167,21.84838],[87.26077,21.84357],[87.26292,21.84221],[87.26321,21.8402],[87.26772,21.83817],[87.26637,21.83558],[87.2676,21.83393],[87.26738,21.82962],[87.27057,21.82879],[87.27132,21.82707],[87.27319,21.82658],[87.2712,21.82271],[87.26637,21.82264],[87.26617,21.81836],[87.26843,21.81727],[87.27751,21.81615],[87.27811,21.81048],[87.27612,21.80992],[87.27646,21.80894],[87.2774,21.80887],[87.27897,21.8044],[87.28497,21.80377],[87.28501,21.80204],[87.28606,21.80204],[87.29086,21.80482],[87.29072,21.80677],[87.29211,21.80714],[87.29207,21.80898],[87.29323,21.80951],[87.29274,21.81071],[87.29931,21.81075],[87.29935,21.80737],[87.29826,21.8059],[87.29811,21.80433],[87.30043,21.80377],[87.30066,21.8005],[87.30561,21.7987],[87.30775,21.7993],[87.3094,21.79825],[87.31181,21.79821],[87.31267,21.79322],[87.31582,21.79487],[87.31683,21.79484],[87.3175,21.79352],[87.31841,21.79551],[87.32362,21.79701],[87.32373,21.79641],[87.32122,21.79484],[87.32159,21.79011],[87.32674,21.79022],[87.32748,21.79123],[87.33131,21.78973],[87.33311,21.79135],[87.33382,21.79304],[87.33807,21.79277],[87.33852,21.78921],[87.33942,21.78812],[87.34047,21.78407],[87.34238,21.78486],[87.34388,21.78808],[87.34741,21.78988],[87.34891,21.79217],[87.35716,21.79176],[87.35874,21.78853],[87.35746,21.78782],[87.35761,21.78579],[87.36088,21.78489],[87.36103,21.78204],[87.36933,21.78034],[87.37074,21.77889],[87.37363,21.77836],[87.37405,21.77574],[87.37506,21.77514],[87.37498,21.77247],[87.37341,21.76707],[87.37206,21.76662],[87.37172,21.76448],[87.37611,21.76448],[87.37608,21.77202],[87.38058,21.77199],[87.38163,21.77382],[87.38422,21.77518],[87.3877,21.77581],[87.38947,21.7751],[87.39003,21.77581],[87.39562,21.7754],[87.39611,21.77169],[87.39423,21.77169],[87.3933,21.77067],[87.39367,21.76992],[87.39758,21.77003],[87.39768,21.76602],[87.40347,21.76651],[87.4053,21.76977],[87.40665,21.77056],[87.40898,21.76958],[87.41585,21.76876],[87.42421,21.76902],[87.42661,21.77067],[87.43374,21.76854],[87.43652,21.76868],[87.43779,21.76955],[87.44676,21.76846],[87.44781,21.76692],[87.44676,21.75356],[87.4471,21.75173],[87.44774,21.75143],[87.44785,21.74734],[87.44965,21.74535],[87.44792,21.74291],[87.45238,21.7425],[87.45385,21.74039],[87.45641,21.73942],[87.45689,21.73788],[87.45618,21.73702],[87.4522,21.73683],[87.44774,21.73792],[87.44743,21.73319],[87.46207,21.73304],[87.46556,21.73192],[87.46556,21.7309],[87.47194,21.73177],[87.46965,21.7264],[87.46653,21.72749],[87.46605,21.7246],[87.46646,21.72336],[87.46886,21.72133],[87.46983,21.71777],[87.4734,21.71695],[87.47453,21.71469],[87.47603,21.71364],[87.47498,21.7064],[87.4731,21.70438],[87.47427,21.70216],[87.4743,21.69796],[87.47584,21.69811],[87.4749,21.69732],[87.47603,21.69713],[87.47614,21.6962],[87.47382,21.69511],[87.47456,21.69016],[87.47355,21.68982],[87.4734,21.68858],[87.47198,21.68824],[87.47216,21.68753],[87.4735,21.68739],[87.47374,21.6828],[87.47171,21.68269],[87.47115,21.68194],[87.47163,21.67774],[87.46931,21.67774],[87.46996,21.66379],[87.46475,21.66206],[87.46536,21.65788],[87.46359,21.65605],[87.46341,21.65433],[87.46464,21.65032],[87.46983,21.65042],[87.47546,21.65162],[87.47464,21.6469],[87.47932,21.6463],[87.47926,21.64408],[87.47787,21.64389],[87.47797,21.64322],[87.47891,21.64262],[87.47929,21.64119],[87.47997,21.64119],[87.48045,21.63939],[87.48203,21.63827],[87.48199,21.63598],[87.48341,21.63545],[87.48274,21.63391],[87.48304,21.6323],[87.48827,21.63095],[87.48759,21.62553],[87.48631,21.62396],[87.48566,21.62058],[87.48648,21.60986],[87.48019,21.60646],[87.47737,21.60603],[87.46949,21.6022],[87.46515,21.60075],[87.46269,21.60111],[87.45575,21.59749],[87.4462,21.59554],[87.44179,21.59077],[87.44056,21.58846],[87.43166,21.58035],[87.42827,21.57435],[87.42104,21.56495],[87.41836,21.56025],[87.41655,21.55975],[87.41706,21.55895],[87.41634,21.55779],[87.41511,21.54991],[87.40903,21.54861],[87.40208,21.54897],[87.40006,21.55034],[87.39767,21.55468],[87.38907,21.557],[87.38046,21.5583],[87.37605,21.55779],[87.36759,21.5541],[87.36253,21.55367],[87.35462,21.5554],[87.32674,21.55624],[87.30692,21.55601],[87.28744,21.55436],[87.26156,21.55378],[87.25362,21.55266],[87.233,21.54744],[87.21707,21.54539],[87.20489,21.54262],[87.20346,21.54271],[87.2011,21.54543],[87.19627,21.53994],[87.18084,21.53499],[87.17843,21.53365],[87.17467,21.53316],[87.17294,21.53173],[87.16723,21.53004],[87.13934,21.51612],[87.12715,21.51078],[87.12439,21.51074],[87.12287,21.51161],[87.12178,21.51305],[87.12132,21.51603],[87.12034,21.51678],[87.11942,21.51656],[87.11674,21.51212],[87.11601,21.50577],[87.10804,21.49906],[87.10716,21.4959],[87.10705,21.49117],[87.10626,21.49027],[87.09929,21.48814],[87.09713,21.48428],[87.09232,21.4797],[87.09142,21.47712],[87.08602,21.47543],[87.08197,21.47228],[87.08062,21.47183],[87.07838,21.47239],[87.07331,21.46778],[87.06915,21.46767],[87.06375,21.47217],[87.06229,21.47205],[87.05993,21.46531],[87.05734,21.46115],[87.04801,21.45226],[87.04329,21.44956],[87.03867,21.44529],[87.03294,21.4418],[87.03069,21.43393],[87.02743,21.43033],[87.02383,21.42718],[87.02,21.42583],[87.01427,21.42212],[87.00145,21.40559],[86.98058,21.38426],[86.96335,21.36741],[86.95154,21.35919],[86.94728,21.35503],[86.93596,21.3408],[86.92918,21.32948],[86.9226,21.31689],[86.90782,21.29236],[86.90356,21.28179],[86.88982,21.25803],[86.8802,21.24426],[86.87009,21.23385],[86.86709,21.22828],[86.8617,21.21275],[86.8606,21.21133],[86.84824,21.20561],[86.84512,21.20344],[86.8427,21.20303],[86.8392,21.20477],[86.83488,21.20565],[86.83133,21.20832],[86.82747,21.21375],[86.82514,21.214],[86.82294,21.21282],[86.82176,21.21436],[86.82269,21.21502],[86.82115,21.21602],[86.81907,21.21617],[86.81904,21.21669],[86.82121,21.2198],[86.82639,21.21977],[86.82617,21.22025],[86.82357,21.22131],[86.81774,21.22061],[86.81844,21.22454],[86.81644,21.22412],[86.81435,21.22481],[86.81158,21.22397],[86.81052,21.22521],[86.8113,21.22792],[86.80587,21.22506],[86.80472,21.22943],[86.80351,21.22986],[86.80188,21.22478],[86.79835,21.22375],[86.79744,21.22524],[86.79492,21.22566],[86.79283,21.22188],[86.79159,21.22284],[86.79074,21.22599],[86.78997,21.22606],[86.78891,21.22364],[86.78748,21.22258],[86.78836,21.21957],[86.78752,21.21928],[86.78466,21.2228],[86.77961,21.22104],[86.77858,21.22371],[86.77573,21.22331],[86.77241,21.22513],[86.7726,21.21319],[86.7701,21.20882],[86.76866,21.20451],[86.76247,21.19707],[86.75991,21.19645],[86.76016,21.19545],[86.76529,21.19232],[86.76222,21.18832],[86.7621,21.18695],[86.76653,21.18264],[86.77209,21.18151],[86.77322,21.18001],[86.77266,21.17826],[86.77316,21.17639],[86.77566,21.17526],[86.77291,21.1732],[86.77266,21.17195],[86.7711,21.17233],[86.76985,21.17083],[86.76366,21.17274],[86.74921,21.17857],[86.74531,21.18086],[86.74171,21.17996],[86.73905,21.18166],[86.73582,21.17952],[86.73299,21.17612],[86.72821,21.17789],[86.72072,21.17901],[86.71862,21.18032],[86.71365,21.1812],[86.70901,21.18323],[86.70325,21.1832],[86.70197,21.18292],[86.69981,21.17672],[86.69621,21.17317],[86.69204,21.16646],[86.68946,21.16633],[86.6859,21.16931],[86.67638,21.16983],[86.6755,21.16928],[86.67301,21.1668],[86.66944,21.16037],[86.66658,21.15785],[86.66444,21.14985],[86.66915,21.14791],[86.66941,21.14699],[86.66638,21.13814],[86.66429,21.13785],[86.66255,21.13462],[86.66041,21.13379],[86.65712,21.1279],[86.65735,21.12682],[86.6618,21.1235],[86.65869,21.11887],[86.65718,21.11459],[86.65632,21.11459],[86.65443,21.1063],[86.65443,21.10296],[86.65539,21.10036],[86.66,21.09964],[86.66701,21.09698],[86.66675,21.09384],[86.66393,21.08358],[86.65921,21.08395],[86.6506,21.08707],[86.64638,21.08098],[86.64446,21.08004],[86.64692,21.07887],[86.64744,21.07616],[86.64845,21.07701],[86.64919,21.07681],[86.64889,21.07407],[86.6509,21.07309],[86.65095,21.07157],[86.64865,21.06836],[86.6501,21.06738],[86.65134,21.06426],[86.65057,21.06186],[86.64112,21.06175],[86.63895,21.06292],[86.63618,21.06292],[86.63223,21.068],[86.6275,21.07138],[86.62711,21.07355],[86.63194,21.0844],[86.63303,21.08938],[86.63233,21.09145],[86.63194,21.09068],[86.63132,21.09093],[86.63099,21.0929],[86.63039,21.09222],[86.62851,21.0921],[86.62691,21.09284],[86.6268,21.09426],[86.62456,21.09365],[86.62383,21.09599],[86.62185,21.09538],[86.62128,21.09687],[86.61978,21.09661],[86.61929,21.09822],[86.61779,21.09855],[86.61717,21.09739],[86.61216,21.09828],[86.6107,21.09768],[86.60751,21.0982],[86.6069,21.09675],[86.60468,21.09703],[86.60387,21.09828],[86.6003,21.09824],[86.59792,21.09598],[86.59663,21.0957],[86.59185,21.09841],[86.59124,21.09962],[86.59309,21.10574],[86.59311,21.10912],[86.58875,21.11321],[86.58743,21.11757],[86.58134,21.11759],[86.58314,21.1235],[86.57681,21.12569],[86.57525,21.12834],[86.57623,21.13051],[86.57206,21.13517],[86.56417,21.14168],[86.5637,21.14426],[86.56459,21.15097],[86.56271,21.15361],[86.56237,21.15654],[86.56013,21.15844],[86.54327,21.15959],[86.54109,21.1585],[86.53683,21.15882],[86.53514,21.15719],[86.53399,21.15795],[86.53405,21.15937],[86.53307,21.15959],[86.52509,21.14796],[86.52121,21.14568],[86.51912,21.14288],[86.51563,21.14048],[86.5144,21.1371],[86.51292,21.13642],[86.50156,21.14162],[86.49744,21.14259],[86.48903,21.14782],[86.48501,21.15132],[86.48267,21.14938],[86.4742,21.15416],[86.45833,21.16147],[86.45723,21.1613],[86.45341,21.1548],[86.45176,21.15337],[86.45066,21.15355],[86.44872,21.15624],[86.43156,21.16151],[86.43204,21.16265],[86.43553,21.16389],[86.44276,21.1685],[86.44382,21.17187],[86.44321,21.17496],[86.44366,21.17908],[86.44292,21.18069],[86.44085,21.18081],[86.43791,21.17939],[86.43503,21.17631],[86.43331,21.17614],[86.42947,21.17856],[86.42929,21.1801],[86.43616,21.18546],[86.44162,21.19253],[86.44505,21.19194],[86.44737,21.19417],[86.44854,21.19411],[86.44727,21.20074],[86.43879,21.20427],[86.44039,21.20809],[86.43972,21.20958],[86.43807,21.20976],[86.43895,21.21609],[86.436,21.21827],[86.43639,21.21986],[86.42599,21.22159],[86.4238,21.2212],[86.42015,21.2096],[86.42393,21.20672],[86.42037,21.20273],[86.41953,21.20668],[86.41824,21.20749],[86.41592,21.20687],[86.41544,21.2079],[86.41391,21.20842],[86.41282,21.21334],[86.41001,21.21438],[86.4102,21.21679],[86.40826,21.21943],[86.39241,21.21943],[86.38092,21.22216],[86.37603,21.22424],[86.37379,21.2302],[86.37177,21.23124],[86.37055,21.23531],[86.36616,21.23762],[86.37204,21.24137],[86.37215,21.247],[86.37344,21.25009],[86.37435,21.25803],[86.372,21.26296],[86.36236,21.26495],[86.36291,21.26906],[86.35848,21.27426],[86.35523,21.28384]]]}},{"type":"Feature","properties":{"DISTRICT":"BARGARH","CODE":3},"geometry":{"type":"Polygon","coordinates":[[[82.6377,21.08964],[82.63979,21.09394],[82.64908,21.10132],[82.65132,21.10514],[82.65094,21.10832],[82.65007,21.10943],[82.64435,21.11007],[82.64271,21.11168],[82.64149,21.11458],[82.64192,21.11869],[82.6441,21.12069],[82.65171,21.12465],[82.65461,21.12784],[82.65382,21.1323],[82.65111,21.13373],[82.64545,21.13434],[82.64432,21.1357],[82.64278,21.14049],[82.64059,21.14192],[82.63899,21.14417],[82.63888,21.14907],[82.64249,21.1541],[82.65768,21.15635],[82.66497,21.154],[82.67802,21.15811],[82.68066,21.15957],[82.68563,21.15993],[82.6872,21.16211],[82.68723,21.16418],[82.69135,21.16365],[82.69438,21.16483],[82.6976,21.16436],[82.69896,21.16311],[82.69764,21.15964],[82.70182,21.15689],[82.70736,21.15732],[82.70908,21.158],[82.71082,21.15982],[82.71268,21.16004],[82.71693,21.15968],[82.72086,21.15818],[82.7213,21.16114],[82.72319,21.16561],[82.72548,21.16433],[82.72723,21.16565],[82.72737,21.16472],[82.73266,21.16525],[82.73566,21.16393],[82.73863,21.16508],[82.73952,21.16379],[82.74146,21.163],[82.74406,21.16286],[82.74635,21.16393],[82.74699,21.16368],[82.74678,21.16265],[82.74867,21.1625],[82.75067,21.16261],[82.75793,21.16575],[82.75986,21.16286],[82.76254,21.16458],[82.76361,21.16279],[82.76533,21.16211],[82.76565,21.16339],[82.76815,21.16215],[82.76833,21.16164],[82.7673,21.16121],[82.77019,21.15989],[82.76929,21.15864],[82.77133,21.15707],[82.77358,21.15639],[82.77705,21.15332],[82.78162,21.15307],[82.78266,21.15171],[82.78316,21.14881],[82.78587,21.1476],[82.78777,21.1442],[82.79134,21.14217],[82.79595,21.14185],[82.79678,21.14231],[82.79685,21.14424],[82.79889,21.14796],[82.79849,21.15006],[82.80053,21.15178],[82.80267,21.15539],[82.80739,21.15528],[82.81429,21.16036],[82.81808,21.16054],[82.82166,21.162],[82.82812,21.1629],[82.83034,21.16465],[82.8338,21.16393],[82.83709,21.16543],[82.84142,21.16575],[82.84481,21.16686],[82.84774,21.16572],[82.84988,21.16572],[82.85275,21.16783],[82.85364,21.16747],[82.85374,21.16604],[82.85235,21.16072],[82.85453,21.15875],[82.85603,21.15896],[82.85793,21.16064],[82.8595,21.15918],[82.86111,21.15886],[82.86747,21.16075],[82.86911,21.16193],[82.87022,21.15936],[82.87397,21.15668],[82.87473,21.16164],[82.87669,21.16282],[82.87851,21.16279],[82.87862,21.16011],[82.88069,21.15786],[82.88058,21.15249],[82.88341,21.14796],[82.88523,21.14767],[82.88784,21.15039],[82.89577,21.15528],[82.89663,21.15621],[82.89742,21.16007],[82.90235,21.16315],[82.90407,21.16615],[82.90742,21.16597],[82.91046,21.16447],[82.91211,21.16443],[82.91672,21.16114],[82.92047,21.16157],[82.92283,21.16265],[82.92934,21.16297],[82.93398,21.16218],[82.93598,21.16307],[82.93705,21.16733],[82.93995,21.1689],[82.94131,21.16786],[82.94227,21.16497],[82.94245,21.16315],[82.94167,21.161],[82.94227,21.15993],[82.94477,21.15986],[82.94831,21.16161],[82.94992,21.16079],[82.95013,21.16293],[82.94492,21.17069],[82.94534,21.17222],[82.94788,21.17294],[82.94895,21.17455],[82.94631,21.17562],[82.94595,21.1769],[82.94913,21.17908],[82.94903,21.18119],[82.95124,21.1832],[82.96153,21.18831],[82.96304,21.19188],[82.96707,21.19267],[82.96947,21.18284],[82.96918,21.18023],[82.96725,21.17616],[82.96743,21.17462],[82.96951,21.17408],[82.96993,21.17512],[82.97169,21.17598],[82.97243,21.17844],[82.97726,21.18137],[82.98008,21.1818],[82.98116,21.18059],[82.9853,21.17937],[82.99016,21.18202],[82.99206,21.18112],[82.98737,21.17476],[82.98348,21.17133],[82.98258,21.17008],[82.98273,21.16908],[82.98487,21.16904],[82.98766,21.16729],[82.99038,21.16922],[82.99448,21.17026],[82.99906,21.16886],[83.00317,21.16997],[83.00546,21.16654],[82.99999,21.16361],[82.99792,21.16318],[82.99699,21.16147],[82.99588,21.16125],[82.99474,21.15825],[82.99052,21.15267],[82.98795,21.15031],[82.98766,21.14871],[82.98994,21.14438],[82.99166,21.14263],[82.99231,21.13902],[82.99413,21.13899],[82.99556,21.14006],[82.99724,21.1377],[82.99978,21.13727],[83.00131,21.13791],[83.00346,21.13627],[83.00596,21.13627],[83.01186,21.14185],[83.01221,21.14442],[83.01436,21.14438],[83.01818,21.14563],[83.02247,21.14245],[83.02404,21.14002],[83.02512,21.13591],[83.02758,21.13602],[83.03076,21.13452],[83.03555,21.1367],[83.0367,21.13609],[83.03702,21.13516],[83.03537,21.13284],[83.03573,21.13098],[83.04027,21.13105],[83.0433,21.12662],[83.04556,21.12537],[83.04691,21.12333],[83.04916,21.12337],[83.05442,21.12544],[83.05764,21.12172],[83.06142,21.12197],[83.06789,21.12001],[83.06807,21.11808],[83.07004,21.11629],[83.07604,21.11322],[83.07905,21.11325],[83.07962,21.11115],[83.08598,21.11229],[83.09174,21.11036],[83.0962,21.11258],[83.09874,21.1095],[83.10303,21.10932],[83.10331,21.11022],[83.10681,21.11011],[83.10989,21.11154],[83.11468,21.11204],[83.11922,21.1095],[83.1234,21.10914],[83.12465,21.10625],[83.13312,21.105],[83.14066,21.10886],[83.14223,21.11154],[83.14073,21.11257],[83.14913,21.11765],[83.14956,21.11962],[83.1571,21.12644],[83.15913,21.13009],[83.16425,21.1337],[83.16639,21.1343],[83.1665,21.13563],[83.16872,21.13795],[83.17294,21.13541],[83.17565,21.13602],[83.1795,21.13434],[83.18269,21.13559],[83.18816,21.13616],[83.19416,21.13834],[83.20013,21.14499],[83.19874,21.15085],[83.20042,21.15275],[83.19978,21.15746],[83.20049,21.16311],[83.20653,21.16497],[83.20464,21.17272],[83.20496,21.17705],[83.20702,21.17837],[83.21132,21.18852],[83.21646,21.19352],[83.2165,21.19563],[83.21532,21.19921],[83.21253,21.20364],[83.21478,21.20939],[83.2171,21.21057],[83.21925,21.21307],[83.22054,21.2204],[83.21971,21.22558],[83.22083,21.22776],[83.22414,21.22787],[83.22382,21.23137],[83.22079,21.24131],[83.22057,21.25003],[83.21932,21.25446],[83.22318,21.26018],[83.22401,21.26511],[83.23169,21.27126],[83.2383,21.26854],[83.23955,21.2724],[83.24298,21.27522],[83.24691,21.28012],[83.25304,21.28165],[83.25723,21.2815],[83.26982,21.27677],[83.27097,21.27325],[83.27222,21.27171],[83.27301,21.27172],[83.27679,21.2848],[83.28001,21.28792],[83.28074,21.2898],[83.28095,21.29459],[83.27921,21.29727],[83.27959,21.29984],[83.27879,21.30133],[83.27686,21.30073],[83.27392,21.30098],[83.27142,21.30235],[83.27074,21.30416],[83.26949,21.30415],[83.26858,21.30532],[83.26483,21.30658],[83.26038,21.31465],[83.25981,21.31785],[83.26013,21.32148],[83.26205,21.32534],[83.26509,21.32918],[83.26849,21.33006],[83.2653,21.33196],[83.26009,21.33257],[83.25935,21.33406],[83.26099,21.33685],[83.27052,21.34475],[83.27204,21.34838],[83.27399,21.35838],[83.27631,21.36219],[83.27596,21.37658],[83.27357,21.37663],[83.27129,21.37811],[83.27423,21.37898],[83.28613,21.37976],[83.28942,21.37636],[83.3038,21.37348],[83.313,21.37012],[83.31447,21.36938],[83.31652,21.36683],[83.32184,21.36474],[83.32242,21.36282],[83.32493,21.36148],[83.33159,21.36096],[83.34563,21.35746],[83.34872,21.35571],[83.34976,21.35326],[83.35239,21.35378],[83.35652,21.35338],[83.36078,21.35075],[83.36947,21.34819],[83.37159,21.34592],[83.37781,21.34516],[83.38066,21.34381],[83.38351,21.34527],[83.38783,21.34533],[83.39238,21.34195],[83.39442,21.34201],[83.39646,21.34399],[83.40253,21.34574],[83.4045,21.3483],[83.40911,21.35081],[83.4105,21.35742],[83.40987,21.36055],[83.40218,21.36311],[83.39891,21.36591],[83.39949,21.36923],[83.40235,21.37442],[83.39914,21.38661],[83.40089,21.39477],[83.40037,21.39897],[83.40077,21.40439],[83.39874,21.40456],[83.39506,21.40701],[83.39285,21.41051],[83.39098,21.41109],[83.38801,21.41366],[83.38527,21.41791],[83.38317,21.41972],[83.38258,21.42164],[83.38031,21.42374],[83.38013,21.42596],[83.37781,21.4273],[83.3764,21.43348],[83.37326,21.4343],[83.37366,21.43674],[83.37559,21.44047],[83.37437,21.44246],[83.37005,21.44421],[83.36382,21.4449],[83.36131,21.44654],[83.356,21.44718],[83.35326,21.45668],[83.35279,21.46099],[83.34842,21.47026],[83.3476,21.4786],[83.34906,21.48461],[83.34883,21.48828],[83.34312,21.49329],[83.34009,21.4979],[83.33991,21.5014],[83.34387,21.50752],[83.34627,21.50973],[83.35087,21.51125],[83.35292,21.51419],[83.3539,21.52001],[83.35909,21.52748],[83.35915,21.53285],[83.3606,21.53722],[83.36113,21.53815],[83.36364,21.53833],[83.36375,21.53903],[83.36236,21.5399],[83.36241,21.54235],[83.36382,21.54241],[83.36294,21.54305],[83.36329,21.54358],[83.36632,21.54428],[83.36661,21.54632],[83.3683,21.54591],[83.36801,21.54748],[83.36964,21.54877],[83.36813,21.54929],[83.36801,21.55005],[83.37227,21.55185],[83.37227,21.55255],[83.37168,21.5522],[83.37128,21.55285],[83.37186,21.55559],[83.37296,21.55523],[83.37506,21.55728],[83.37424,21.55862],[83.37366,21.55751],[83.37267,21.55774],[83.37256,21.55926],[83.37424,21.56206],[83.37413,21.5638],[83.37261,21.56596],[83.3711,21.5662],[83.37197,21.56748],[83.36958,21.56847],[83.36871,21.57016],[83.36964,21.57121],[83.36865,21.57179],[83.36865,21.57372],[83.3672,21.57523],[83.36854,21.57675],[83.36749,21.57756],[83.36824,21.57949],[83.37099,21.58409],[83.37093,21.58473],[83.36923,21.58543],[83.36918,21.58718],[83.37104,21.58823],[83.3697,21.59103],[83.37256,21.59062],[83.37173,21.59193],[83.37247,21.59474],[83.37167,21.59686],[83.37185,21.59979],[83.37859,21.60559],[83.38222,21.60741],[83.38496,21.61284],[83.38446,21.61921],[83.38658,21.61958],[83.3887,21.61746],[83.39133,21.61658],[83.3922,21.61765],[83.39239,21.62083],[83.39433,21.62632],[83.3977,21.62632],[83.40094,21.62901],[83.40531,21.62994],[83.41018,21.63456],[83.41137,21.63656],[83.41521,21.63805],[83.41737,21.63998],[83.42689,21.64137],[83.42975,21.64269],[83.4316,21.64686],[83.43555,21.64934],[83.43741,21.64965],[83.44524,21.65487],[83.453,21.65017],[83.45026,21.64305],[83.44844,21.64218],[83.4467,21.63876],[83.44739,21.63816],[83.44584,21.6352],[83.44524,21.63123],[83.44688,21.6299],[83.44725,21.62552],[83.44633,21.62351],[83.4499,21.62224],[83.4546,21.62183],[83.45455,21.61201],[83.45724,21.61169],[83.45807,21.61073],[83.45743,21.61023],[83.45775,21.60969],[83.46136,21.60891],[83.46295,21.60704],[83.46838,21.60859],[83.46889,21.61105],[83.47053,21.61256],[83.47089,21.61671],[83.47182,21.61803],[83.47258,21.62214],[83.47569,21.62708],[83.47578,21.63182],[83.47961,21.63054],[83.49079,21.6294],[83.49175,21.63095],[83.49148,21.63383],[83.49413,21.63712],[83.48915,21.63922],[83.4892,21.64348],[83.49493,21.64522],[83.50018,21.64886],[83.51798,21.66364],[83.52929,21.6765],[83.53526,21.68764],[83.54021,21.70826],[83.5408,21.71626],[83.5424,21.72134],[83.54735,21.73026],[83.55128,21.73557],[83.55695,21.74105],[83.56088,21.74288],[83.568,21.74334],[83.57961,21.73867],[83.59238,21.73746],[83.60159,21.73286],[83.60429,21.73076],[83.60851,21.72949],[83.61829,21.72907],[83.63259,21.72633],[83.63918,21.72577],[83.65071,21.72237],[83.65598,21.71972],[83.66644,21.71006],[83.67941,21.70967],[83.6888,21.70481],[83.69585,21.70017],[83.69972,21.69647],[83.70352,21.68896],[83.7136,21.66102],[83.71765,21.65253],[83.72219,21.64725],[83.72574,21.63709],[83.73185,21.62565],[83.73682,21.62165],[83.74262,21.61851],[83.7469,21.61225],[83.74996,21.61057],[83.75142,21.60634],[83.75327,21.60477],[83.76067,21.60043],[83.76698,21.59777],[83.77373,21.59103],[83.77867,21.58237],[83.80106,21.56258],[83.80629,21.55518],[83.81574,21.53697],[83.81699,21.53569],[83.82255,21.53318],[83.84757,21.52661],[83.84892,21.52056],[83.85821,21.50693],[83.85935,21.50137],[83.86469,21.49127],[83.86384,21.48903],[83.86401,21.48743],[83.87163,21.47646],[83.87337,21.46639],[83.87496,21.4617],[83.87486,21.45573],[83.87963,21.44993],[83.88713,21.43854],[83.88623,21.43545],[83.88328,21.43166],[83.88293,21.42683],[83.88062,21.42492],[83.87639,21.4232],[83.87476,21.42406],[83.87282,21.42386],[83.86682,21.42118],[83.86017,21.42295],[83.85362,21.42046],[83.85017,21.41992],[83.84785,21.41364],[83.84962,21.41032],[83.85171,21.40881],[83.8538,21.40018],[83.85968,21.40001],[83.86105,21.3989],[83.86659,21.39824],[83.87039,21.39701],[83.87478,21.39419],[83.87702,21.38966],[83.87893,21.38931],[83.88099,21.3876],[83.87988,21.38328],[83.8814,21.37643],[83.87972,21.37296],[83.88096,21.36651],[83.88326,21.3626],[83.88067,21.35916],[83.88058,21.35802],[83.88249,21.34937],[83.88106,21.34621],[83.87923,21.34448],[83.87927,21.34218],[83.87703,21.33754],[83.87729,21.3351],[83.87866,21.33362],[83.87759,21.32913],[83.87841,21.32403],[83.87586,21.31776],[83.8728,21.31409],[83.87209,21.30955],[83.8752,21.30847],[83.87423,21.30404],[83.87744,21.29894],[83.87805,21.29557],[83.87754,21.29323],[83.88004,21.2921],[83.88326,21.29312],[83.8859,21.29307],[83.88856,21.29629],[83.89228,21.29409],[83.89071,21.28604],[83.89064,21.28078],[83.89828,21.26811],[83.89972,21.26406],[83.90436,21.25984],[83.90791,21.25829],[83.90996,21.25566],[83.91396,21.24437],[83.91462,21.23167],[83.90773,21.21668],[83.9013,21.1951],[83.8945,21.17892],[83.89265,21.17584],[83.88672,21.17468],[83.87371,21.15624],[83.8672,21.14279],[83.86469,21.13491],[83.86329,21.13301],[83.85892,21.11604],[83.8534,21.10587],[83.84817,21.09811],[83.84164,21.0931],[83.83987,21.09554],[83.83659,21.09787],[83.82522,21.10055],[83.82045,21.10384],[83.81608,21.10797],[83.81338,21.10901],[83.81036,21.10913],[83.80166,21.1129],[83.79627,21.1193],[83.79155,21.12644],[83.79152,21.12835],[83.7891,21.13048],[83.78726,21.13382],[83.7868,21.13681],[83.78841,21.14175],[83.78876,21.14543],[83.78703,21.14952],[83.78502,21.15187],[83.78209,21.15291],[83.77263,21.15323],[83.76991,21.15418],[83.76791,21.1506],[83.7681,21.14815],[83.76687,21.14697],[83.76651,21.14497],[83.76402,21.14207],[83.75807,21.14057],[83.75385,21.13831],[83.74866,21.13878],[83.74699,21.13726],[83.74471,21.13695],[83.74138,21.13459],[83.73968,21.13069],[83.73717,21.13055],[83.73585,21.13123],[83.72973,21.13075],[83.7298,21.12962],[83.72852,21.12926],[83.72848,21.12769],[83.72658,21.12735],[83.72637,21.12608],[83.72476,21.12701],[83.72483,21.12327],[83.72322,21.12307],[83.72272,21.12189],[83.72154,21.12271],[83.71964,21.12155],[83.71943,21.12041],[83.71758,21.12035],[83.71623,21.11865],[83.71474,21.11844],[83.71272,21.12073],[83.71161,21.12019],[83.70988,21.12128],[83.7058,21.12091],[83.70088,21.11815],[83.69671,21.11692],[83.69403,21.11708],[83.69358,21.11604],[83.69093,21.11661],[83.68975,21.11527],[83.68726,21.11535],[83.68406,21.11703],[83.68412,21.12031],[83.68232,21.12264],[83.68005,21.1243],[83.67794,21.12415],[83.678,21.1252],[83.67608,21.12454],[83.67274,21.12508],[83.67058,21.12463],[83.66383,21.12739],[83.65932,21.12697],[83.65063,21.12967],[83.6451,21.12974],[83.64243,21.12769],[83.63934,21.12676],[83.63814,21.12796],[83.63342,21.12814],[83.62618,21.12667],[83.62173,21.1279],[83.6162,21.12793],[83.61507,21.12682],[83.60963,21.12862],[83.60863,21.12757],[83.60626,21.12739],[83.60359,21.11712],[83.59725,21.10884],[83.5966,21.10688],[83.59019,21.10276],[83.58579,21.10172],[83.58141,21.09668],[83.5649,21.08565],[83.55816,21.08286],[83.54981,21.076],[83.54545,21.0743],[83.54368,21.07246],[83.54124,21.07133],[83.53518,21.07131],[83.53298,21.07055],[83.53146,21.07104],[83.5285,21.06966],[83.52536,21.06527],[83.52322,21.0646],[83.51817,21.06503],[83.5171,21.0632],[83.51588,21.06314],[83.51436,21.06122],[83.51149,21.06152],[83.50945,21.06082],[83.50607,21.06277],[83.50607,21.06402],[83.50329,21.06427],[83.49555,21.06244],[83.49433,21.06127],[83.49533,21.05744],[83.4951,21.05291],[83.4992,21.04454],[83.49872,21.04146],[83.49608,21.04005],[83.48999,21.04082],[83.48337,21.04992],[83.47608,21.05181],[83.47475,21.05566],[83.46867,21.05796],[83.46413,21.06102],[83.45984,21.05925],[83.45905,21.05369],[83.45806,21.05222],[83.45325,21.0511],[83.44993,21.04887],[83.44231,21.04738],[83.44093,21.04596],[83.43907,21.04557],[83.43884,21.04091],[83.43653,21.03848],[83.43584,21.03625],[83.43326,21.03247],[83.43041,21.03105],[83.42594,21.03043],[83.42525,21.0317],[83.42128,21.03413],[83.41616,21.03575],[83.41605,21.03891],[83.41192,21.03898],[83.40815,21.04472],[83.40618,21.0495],[83.40743,21.05652],[83.40541,21.06144],[83.39639,21.06628],[83.39338,21.07005],[83.3877,21.06842],[83.38097,21.06155],[83.37891,21.06081],[83.3705,21.06335],[83.36833,21.06574],[83.36431,21.06841],[83.36339,21.06856],[83.36244,21.06761],[83.35742,21.06814],[83.35408,21.07026],[83.35351,21.06931],[83.35451,21.06589],[83.35338,21.0635],[83.3438,21.05698],[83.33624,21.05746],[83.33424,21.05656],[83.33272,21.05441],[83.32944,21.05523],[83.32384,21.05534],[83.31962,21.04608],[83.31911,21.04019],[83.3132,21.03273],[83.30904,21.03073],[83.30372,21.02412],[83.30162,21.02397],[83.30015,21.02175],[83.29973,21.01917],[83.30183,21.01705],[83.29958,21.01538],[83.29773,21.01256],[83.30424,21.00467],[83.30839,21.00148],[83.31656,20.99881],[83.32266,20.99773],[83.32724,20.99588],[83.3303,20.9927],[83.33221,20.98278],[83.33456,20.98042],[83.33602,20.97998],[83.33869,20.98087],[83.34608,20.98653],[83.34995,20.99213],[83.35085,20.99626],[83.35237,20.99792],[83.35931,21.00161],[83.36363,21.00288],[83.36872,21.00282],[83.37362,21.0011],[83.37502,20.99989],[83.37464,20.99238],[83.38755,20.98876],[83.38844,20.98621],[83.38654,20.98106],[83.3873,20.97864],[83.38726,20.97416],[83.38657,20.97274],[83.39182,20.97025],[83.39214,20.96401],[83.38844,20.9593],[83.38272,20.9551],[83.38284,20.95409],[83.38717,20.9525],[83.38539,20.95065],[83.38539,20.94919],[83.38265,20.94671],[83.38221,20.94015],[83.38303,20.93812],[83.3857,20.93716],[83.38946,20.93736],[83.39271,20.93233],[83.39386,20.92452],[83.39856,20.92164],[83.40009,20.91973],[83.40804,20.91719],[83.41529,20.90974],[83.4179,20.90351],[83.41771,20.89849],[83.41592,20.89613],[83.41217,20.89352],[83.40727,20.89276],[83.40435,20.89002],[83.39938,20.89009],[83.3941,20.88601],[83.38189,20.88461],[83.3784,20.88264],[83.3761,20.88245],[83.36948,20.87984],[83.36433,20.87679],[83.35702,20.87495],[83.35409,20.87495],[83.35123,20.87317],[83.34589,20.8794],[83.34168,20.88207],[83.33665,20.88194],[83.33144,20.88086],[83.3303,20.87838],[83.33074,20.87336],[83.32781,20.87272],[83.32495,20.87075],[83.32234,20.86299],[83.31948,20.8605],[83.31738,20.86044],[83.31532,20.85716],[83.31312,20.85669],[83.30911,20.85853],[83.30505,20.85323],[83.30362,20.85265],[83.29874,20.85465],[83.29073,20.8544],[83.28888,20.85363],[83.28551,20.85014],[83.28716,20.84829],[83.28627,20.84581],[83.28481,20.84575],[83.28105,20.84179],[83.278,20.8446],[83.278,20.84778],[83.27946,20.85134],[83.27946,20.8565],[83.27743,20.86019],[83.27635,20.86025],[83.27559,20.86559],[83.27377,20.86802],[83.27747,20.86844],[83.27123,20.8805],[83.27015,20.88023],[83.26904,20.88127],[83.2678,20.88136],[83.26546,20.88381],[83.26384,20.88774],[83.26145,20.88794],[83.25983,20.89186],[83.25707,20.89327],[83.2558,20.89791],[83.25294,20.89804],[83.25275,20.89925],[83.25561,20.9023],[83.2537,20.90898],[83.25097,20.91076],[83.25275,20.91712],[83.23315,20.92833],[83.22763,20.92827],[83.22083,20.93112],[83.21865,20.9313],[83.2181,20.93009],[83.21822,20.929],[83.22114,20.92742],[83.21974,20.92183],[83.21276,20.91965],[83.20989,20.91357],[83.19395,20.89629],[83.19044,20.89751],[83.1868,20.89387],[83.18098,20.89011],[83.16963,20.88713],[83.16678,20.88349],[83.16277,20.8824],[83.15106,20.88234],[83.14827,20.88137],[83.14263,20.87682],[83.14075,20.87306],[83.13529,20.86645],[83.13071,20.85878],[83.12535,20.86146],[83.12115,20.86156],[83.1184,20.86268],[83.11704,20.86593],[83.11427,20.86629],[83.11012,20.86835],[83.10439,20.87377],[83.09963,20.8693],[83.09559,20.86662],[83.09,20.85593],[83.07556,20.85672],[83.06106,20.85639],[83.05192,20.85755],[83.04951,20.85407],[83.04081,20.85447],[83.03355,20.8538],[83.02569,20.85467],[83.02356,20.8562],[83.02142,20.8565],[83.01716,20.86003],[83.00807,20.85533],[83.00324,20.84784],[82.99998,20.8488],[82.99422,20.84724],[82.98463,20.84591],[82.98419,20.8474],[82.98229,20.84887],[82.98242,20.85373],[82.98119,20.85503],[82.98256,20.85986],[82.98315,20.86616],[82.9819,20.86785],[82.97893,20.86849],[82.97623,20.87625],[82.97623,20.87951],[82.9737,20.88391],[82.9659,20.87801],[82.9651,20.88594],[82.96902,20.89213],[82.96204,20.89483],[82.95628,20.89496],[82.95229,20.89293],[82.95142,20.89137],[82.94749,20.88827],[82.94382,20.88307],[82.9286,20.88297],[82.92697,20.88184],[82.92767,20.8866],[82.92664,20.89403],[82.92121,20.89709],[82.92018,20.89976],[82.91868,20.90142],[82.91348,20.90259],[82.91039,20.90109],[82.90519,20.90046],[82.90472,20.90276],[82.9023,20.90362],[82.89291,20.90292],[82.88947,20.90709],[82.88338,20.89673],[82.87965,20.8957],[82.87728,20.8941],[82.87495,20.8898],[82.86791,20.88331],[82.86159,20.87889],[82.8601,20.87485],[82.8502,20.87017],[82.84143,20.8672],[82.83394,20.86082],[82.82868,20.85549],[82.82427,20.84968],[82.81839,20.84487],[82.81532,20.84112],[82.81297,20.83979],[82.80904,20.83511],[82.80296,20.83478],[82.79787,20.82936],[82.7954,20.82455],[82.78374,20.81397],[82.781,20.80816],[82.77817,20.80743],[82.77744,20.80557],[82.773,20.80186],[82.77276,20.79733],[82.76807,20.78603],[82.7604,20.77754],[82.75806,20.77343],[82.75483,20.76995],[82.75201,20.76979],[82.74751,20.77087],[82.74678,20.76961],[82.74705,20.76661],[82.74585,20.76163],[82.74674,20.75989],[82.7466,20.7577],[82.74092,20.74997],[82.74105,20.74723],[82.73952,20.74469],[82.73838,20.73951],[82.73851,20.73665],[82.73672,20.73232],[82.73689,20.72538],[82.73539,20.72206],[82.72871,20.72173],[82.72724,20.7231],[82.72226,20.72349],[82.72073,20.72548],[82.71532,20.72496],[82.71415,20.72704],[82.71243,20.72642],[82.71207,20.72776],[82.70904,20.72779],[82.70637,20.72691],[82.6927,20.73115],[82.68701,20.73215],[82.68667,20.73908],[82.68764,20.74203],[82.68798,20.74264],[82.69005,20.7427],[82.69187,20.74453],[82.69321,20.74697],[82.69397,20.75053],[82.69537,20.75201],[82.69839,20.75345],[82.69834,20.75617],[82.69978,20.75999],[82.69603,20.7704],[82.69129,20.77474],[82.69098,20.79175],[82.68996,20.7975],[82.69041,20.80062],[82.68705,20.8052],[82.68659,20.80728],[82.68596,20.8195],[82.68645,20.82507],[82.68978,20.83173],[82.68982,20.83701],[82.687,20.84794],[82.6885,20.85589],[82.68862,20.861],[82.68839,20.86276],[82.68507,20.86898],[82.68434,20.88535],[82.6851,20.88692],[82.68893,20.88992],[82.69364,20.89641],[82.69561,20.90031],[82.69699,20.91046],[82.69616,20.91486],[82.69698,20.92336],[82.69869,20.93146],[82.70087,20.93582],[82.69968,20.94003],[82.69941,20.9467],[82.69616,20.95594],[82.68874,20.9722],[82.69052,20.98993],[82.69129,21.01593],[82.69395,21.02151],[82.68978,21.02674],[82.68815,21.02746],[82.68632,21.03064],[82.68172,21.03435],[82.68111,21.03936],[82.67706,21.05223],[82.67384,21.05623],[82.67406,21.0591],[82.66715,21.06991],[82.65677,21.07821],[82.65363,21.0781],[82.65115,21.07936],[82.64885,21.07892],[82.64838,21.08025],[82.64655,21.08092],[82.64514,21.08262],[82.6434,21.08302],[82.64275,21.08477],[82.64304,21.0863],[82.64165,21.08856],[82.64051,21.08722],[82.63962,21.08777],[82.63991,21.08932],[82.63893,21.08885],[82.63908,21.09007],[82.6377,21.08964]]]}},{"type":"Feature","properties":{"DISTRICT":"BHADRAK","CODE":4},"geometry":{"type":"Polygon","coordinates":[[[86.27326,21.14031],[86.2755,21.14537],[86.27462,21.14823],[86.27586,21.15151],[86.28511,21.16151],[86.28392,21.16497],[86.28442,21.1663],[86.28765,21.16985],[86.29204,21.17148],[86.2931,21.17526],[86.30003,21.17409],[86.30202,21.17531],[86.30668,21.17323],[86.30663,21.16908],[86.31168,21.16914],[86.3144,21.17043],[86.31912,21.17454],[86.32064,21.17402],[86.3217,21.17458],[86.3223,21.17567],[86.32111,21.17865],[86.32244,21.18072],[86.3275,21.17892],[86.32566,21.17529],[86.3306,21.17705],[86.33207,21.17979],[86.34079,21.17913],[86.34063,21.17994],[86.34402,21.18624],[86.34224,21.18902],[86.34579,21.19026],[86.34684,21.19169],[86.35033,21.19157],[86.34985,21.19396],[86.35115,21.196],[86.35104,21.19856],[86.35243,21.20433],[86.35575,21.21025],[86.35483,21.21273],[86.35549,21.21934],[86.35426,21.22114],[86.35501,21.22233],[86.35404,21.22398],[86.35294,21.23117],[86.35333,21.23222],[86.35215,21.23482],[86.35764,21.23673],[86.3635,21.23658],[86.36649,21.2372],[86.37055,21.23531],[86.37177,21.23124],[86.37427,21.2294],[86.37524,21.22511],[86.37786,21.22315],[86.3866,21.22054],[86.39462,21.21914],[86.39626,21.2197],[86.39987,21.219],[86.40826,21.21943],[86.4102,21.21679],[86.41001,21.21438],[86.41282,21.21334],[86.41391,21.20842],[86.41544,21.2079],[86.41592,21.20687],[86.41824,21.20749],[86.41953,21.20668],[86.42037,21.20273],[86.42393,21.20672],[86.42015,21.2096],[86.4238,21.2212],[86.42599,21.22159],[86.43639,21.21986],[86.436,21.21827],[86.43895,21.21609],[86.43807,21.20976],[86.43972,21.20958],[86.44033,21.20849],[86.43879,21.20427],[86.44727,21.20074],[86.44854,21.19411],[86.44737,21.19417],[86.44505,21.19194],[86.44162,21.19253],[86.43616,21.18546],[86.42929,21.1801],[86.42947,21.17856],[86.43331,21.17614],[86.43503,21.17631],[86.43791,21.17939],[86.44085,21.18081],[86.44292,21.18069],[86.44366,21.17908],[86.44321,21.17496],[86.44382,21.17187],[86.44276,21.1685],[86.43553,21.16389],[86.43204,21.16265],[86.43156,21.16151],[86.44872,21.15624],[86.45066,21.15355],[86.45176,21.15337],[86.45293,21.15417],[86.45723,21.1613],[86.45833,21.16147],[86.4742,21.15416],[86.48267,21.14938],[86.48501,21.15132],[86.48903,21.14782],[86.49744,21.14259],[86.50156,21.14162],[86.51292,21.13642],[86.5144,21.1371],[86.51563,21.14048],[86.51912,21.14288],[86.52121,21.14568],[86.52509,21.14796],[86.53307,21.15959],[86.53405,21.15937],[86.53399,21.15795],[86.53514,21.15719],[86.53683,21.15882],[86.54109,21.1585],[86.54327,21.15959],[86.56055,21.15821],[86.56237,21.15654],[86.56271,21.15361],[86.56459,21.15097],[86.5637,21.14426],[86.56417,21.14168],[86.57206,21.13517],[86.57623,21.13051],[86.57525,21.12834],[86.57681,21.12569],[86.58314,21.1235],[86.58134,21.11759],[86.58743,21.11757],[86.58875,21.11321],[86.59311,21.10912],[86.59309,21.10574],[86.59124,21.09962],[86.59185,21.09841],[86.59663,21.0957],[86.59792,21.09598],[86.6003,21.09824],[86.60387,21.09828],[86.60468,21.09703],[86.6069,21.09675],[86.60751,21.0982],[86.6107,21.09768],[86.61216,21.09828],[86.61717,21.09739],[86.61779,21.09855],[86.61929,21.09822],[86.61978,21.09661],[86.62128,21.09687],[86.62185,21.09538],[86.62383,21.09599],[86.62456,21.09365],[86.6268,21.09426],[86.62691,21.09284],[86.62851,21.0921],[86.63039,21.09222],[86.63099,21.0929],[86.63132,21.09093],[86.63194,21.09068],[86.63233,21.09145],[86.633,21.08995],[86.63239,21.08564],[86.62711,21.07355],[86.62717,21.07195],[86.6292,21.06963],[86.63316,21.06707],[86.63618,21.06292],[86.63895,21.06292],[86.64112,21.06175],[86.64917,21.06152],[86.65057,21.06186],[86.65134,21.06286],[86.65025,21.0671],[86.64865,21.06836],[86.65095,21.07157],[86.6509,21.07309],[86.64889,21.07407],[86.64919,21.07681],[86.64845,21.07701],[86.64744,21.07616],[86.64692,21.07887],[86.64446,21.08004],[86.64638,21.08098],[86.6506,21.08707],[86.65921,21.08395],[86.66381,21.08332],[86.66675,21.09384],[86.66721,21.09633],[86.66658,21.09744],[86.65517,21.10047],[86.65427,21.10504],[86.65632,21.11459],[86.65718,21.11459],[86.65869,21.11887],[86.6618,21.1235],[86.65735,21.12682],[86.6572,21.12831],[86.66041,21.13379],[86.66255,21.13462],[86.66429,21.13785],[86.66638,21.13814],[86.66907,21.14482],[86.66915,21.14791],[86.66438,21.15008],[86.66658,21.15785],[86.66944,21.16037],[86.67301,21.1668],[86.67601,21.16969],[86.6859,21.16931],[86.68946,21.16633],[86.69204,21.16646],[86.69621,21.17317],[86.69981,21.17672],[86.70197,21.18292],[86.70325,21.1832],[86.70901,21.18323],[86.71365,21.1812],[86.71862,21.18032],[86.72072,21.17901],[86.72821,21.17789],[86.73299,21.17612],[86.73582,21.17952],[86.73905,21.18166],[86.74171,21.17996],[86.74531,21.18086],[86.74921,21.17857],[86.76366,21.17274],[86.76985,21.17083],[86.7711,21.17233],[86.77266,21.17195],[86.77291,21.1732],[86.77566,21.17526],[86.77316,21.17639],[86.77266,21.17826],[86.77322,21.18001],[86.77209,21.18151],[86.76653,21.18264],[86.7621,21.18695],[86.76222,21.18832],[86.76529,21.19232],[86.76016,21.19545],[86.75991,21.19645],[86.76247,21.19707],[86.76866,21.20451],[86.7701,21.20882],[86.7726,21.21319],[86.77241,21.22513],[86.77573,21.22331],[86.77858,21.22371],[86.77961,21.22104],[86.78466,21.2228],[86.78752,21.21928],[86.78836,21.21957],[86.78748,21.22258],[86.78891,21.22364],[86.78997,21.22606],[86.79074,21.22599],[86.79159,21.22284],[86.79283,21.22188],[86.79492,21.22566],[86.79744,21.22524],[86.79835,21.22375],[86.80188,21.22478],[86.80339,21.22968],[86.80402,21.2298],[86.8049,21.22901],[86.80587,21.22506],[86.8113,21.22792],[86.81052,21.22521],[86.81158,21.22397],[86.81435,21.22481],[86.81644,21.22412],[86.81844,21.22454],[86.81774,21.22061],[86.82137,21.22134],[86.8259,21.22052],[86.82639,21.21977],[86.82121,21.2198],[86.81895,21.21635],[86.82269,21.21502],[86.82176,21.21436],[86.82294,21.21282],[86.82514,21.214],[86.82777,21.21357],[86.83133,21.20832],[86.83488,21.20565],[86.84348,21.20295],[86.85722,21.20959],[86.85863,21.20485],[86.85808,21.20329],[86.8471,21.18687],[86.84489,21.18171],[86.84387,21.17433],[86.84425,21.16049],[86.84387,21.14454],[86.84314,21.13993],[86.84415,21.12407],[86.85023,21.09474],[86.8531,21.08662],[86.86324,21.0668],[86.87108,21.04771],[86.88639,21.02493],[86.89616,21.01257],[86.90262,21.00021],[86.90336,20.99625],[86.90659,20.99053],[86.9124,20.9755],[86.91876,20.96369],[86.92069,20.95871],[86.92955,20.94525],[86.93158,20.94027],[86.93444,20.93686],[86.93619,20.93141],[86.94163,20.91998],[86.94717,20.91288],[86.95085,20.90412],[86.95371,20.9007],[86.9645,20.88346],[86.96912,20.87221],[86.97668,20.86492],[86.98277,20.85745],[86.98359,20.85441],[86.98368,20.84482],[86.9799,20.82702],[86.97871,20.81752],[86.9763,20.80931],[86.97114,20.79834],[86.96976,20.79059],[86.96865,20.7881],[86.96361,20.78264],[86.9527,20.77565],[86.94314,20.77906],[86.92108,20.78036],[86.90157,20.7854],[86.89417,20.78658],[86.88379,20.78745],[86.87546,20.78645],[86.86651,20.78204],[86.86613,20.78105],[86.86769,20.78067],[86.86769,20.78011],[86.86384,20.77471],[86.84898,20.76905],[86.83456,20.76122],[86.83171,20.75749],[86.82935,20.75146],[86.82854,20.75041],[86.82555,20.74972],[86.82381,20.74444],[86.82232,20.7432],[86.81621,20.74827],[86.81339,20.74942],[86.80788,20.75482],[86.80435,20.75567],[86.80077,20.75398],[86.79873,20.75156],[86.79852,20.74996],[86.79949,20.7469],[86.79517,20.73108],[86.78815,20.73803],[86.78288,20.7404],[86.77775,20.73968],[86.77444,20.73764],[86.77036,20.73358],[86.76618,20.73248],[86.75999,20.7348],[86.75511,20.74135],[86.75529,20.74665],[86.75682,20.74951],[86.76092,20.75421],[86.76266,20.75881],[86.7622,20.7639],[86.75983,20.76708],[86.75755,20.76846],[86.74992,20.76959],[86.73616,20.76861],[86.72859,20.76241],[86.72154,20.76142],[86.71268,20.75875],[86.71143,20.75951],[86.711,20.76072],[86.7113,20.77184],[86.7098,20.77497],[86.70665,20.7762],[86.69997,20.77625],[86.69241,20.78197],[86.68319,20.78422],[86.67883,20.78939],[86.67285,20.78954],[86.66606,20.78755],[86.66347,20.79384],[86.65714,20.79637],[86.6524,20.79592],[86.64902,20.79443],[86.64758,20.79301],[86.64608,20.78859],[86.6441,20.78721],[86.64249,20.788],[86.64133,20.78986],[86.6408,20.79578],[86.63998,20.79672],[86.63842,20.79597],[86.63699,20.79218],[86.63531,20.79093],[86.63384,20.79173],[86.63171,20.7959],[86.62917,20.79727],[86.62024,20.79428],[86.61623,20.79429],[86.6152,20.79619],[86.61543,20.80067],[86.61628,20.80307],[86.618,20.80453],[86.62155,20.80311],[86.62375,20.80337],[86.62505,20.80536],[86.62553,20.80851],[86.62436,20.80936],[86.62049,20.80935],[86.62207,20.81277],[86.61805,20.81201],[86.61543,20.81433],[86.61298,20.81807],[86.61243,20.82659],[86.61168,20.82833],[86.60973,20.82887],[86.60484,20.82775],[86.60354,20.82876],[86.60314,20.84298],[86.6019,20.84585],[86.59864,20.85012],[86.59751,20.85436],[86.59625,20.85554],[86.58905,20.85471],[86.58352,20.85708],[86.57903,20.8602],[86.56631,20.86296],[86.56373,20.86265],[86.56165,20.86139],[86.55731,20.86121],[86.54598,20.85902],[86.54083,20.86195],[86.53516,20.86345],[86.53111,20.86545],[86.52548,20.86582],[86.52284,20.86726],[86.51836,20.8672],[86.51414,20.86865],[86.51022,20.86614],[86.50437,20.86402],[86.50278,20.86436],[86.49969,20.86663],[86.49723,20.86647],[86.4873,20.85666],[86.4841,20.8547],[86.48311,20.85521],[86.48287,20.85764],[86.48182,20.85902],[86.47662,20.85807],[86.47285,20.85967],[86.47066,20.85962],[86.46761,20.85691],[86.46394,20.8552],[86.46198,20.84787],[86.4573,20.84343],[86.45305,20.84229],[86.44628,20.84385],[86.43942,20.84759],[86.43601,20.84737],[86.43246,20.84585],[86.42889,20.84588],[86.42731,20.84789],[86.42557,20.8532],[86.42393,20.85484],[86.41784,20.85627],[86.40984,20.8566],[86.40011,20.86211],[86.39524,20.86348],[86.38661,20.86324],[86.38143,20.86036],[86.37573,20.86004],[86.37302,20.85919],[86.36942,20.85723],[86.36272,20.85113],[86.35841,20.84977],[86.35126,20.85102],[86.3427,20.85615],[86.34061,20.8586],[86.33665,20.86113],[86.33135,20.861],[86.33036,20.862],[86.32999,20.86562],[86.3314,20.86747],[86.33799,20.87102],[86.33834,20.87376],[86.33704,20.87677],[86.33493,20.87738],[86.32789,20.87542],[86.3222,20.87616],[86.31557,20.88345],[86.31433,20.8867],[86.31383,20.89313],[86.31282,20.89463],[86.30772,20.89611],[86.30074,20.89979],[86.29298,20.89812],[86.28564,20.90037],[86.28256,20.90445],[86.28137,20.91269],[86.27941,20.91669],[86.27968,20.92498],[86.28598,20.93513],[86.28834,20.94041],[86.29101,20.95951],[86.29073,20.96605],[86.28754,20.97362],[86.28654,20.98263],[86.28683,20.98487],[86.29074,20.99371],[86.29164,21.00984],[86.29125,21.01485],[86.29053,21.01769],[86.28394,21.02158],[86.28877,21.02265],[86.29549,21.0213],[86.3018,21.01874],[86.306,21.01855],[86.30683,21.02273],[86.30521,21.02305],[86.3113,21.03893],[86.31144,21.0413],[86.31321,21.04456],[86.31448,21.05734],[86.31579,21.05848],[86.32269,21.05398],[86.32358,21.05697],[86.32636,21.05891],[86.32457,21.06317],[86.32612,21.06362],[86.32402,21.06675],[86.32386,21.06813],[86.32113,21.0683],[86.32021,21.06901],[86.32166,21.07219],[86.32008,21.07434],[86.32115,21.07595],[86.31866,21.07546],[86.32018,21.07689],[86.31934,21.07812],[86.31948,21.08059],[86.31767,21.08252],[86.31419,21.0824],[86.31327,21.08311],[86.31262,21.08518],[86.31039,21.08559],[86.30978,21.08696],[86.30735,21.08766],[86.30763,21.0906],[86.30707,21.09161],[86.31007,21.0963],[86.3053,21.09935],[86.30675,21.10211],[86.30511,21.10397],[86.31066,21.11241],[86.30285,21.11708],[86.29339,21.11938],[86.29137,21.11825],[86.29057,21.11851],[86.29008,21.11998],[86.2936,21.12154],[86.29375,21.12505],[86.28674,21.13514],[86.28227,21.13796],[86.27544,21.13824],[86.27326,21.14031]]]}},{"type":"Feature","properties":{"DISTRICT":"BOLANGIR","CODE":5},"geometry":{"type":"Polygon","coordinates":[[[82.68487,20.45972],[82.68516,20.46101],[82.69089,20.46832],[82.68954,20.47078],[82.68878,20.47569],[82.69165,20.4785],[82.69768,20.48219],[82.7016,20.4922],[82.70084,20.49611],[82.70177,20.49974],[82.70277,20.5015],[82.70721,20.50372],[82.70704,20.5108],[82.70874,20.51455],[82.71072,20.52683],[82.70587,20.53216],[82.70716,20.54024],[82.70898,20.54294],[82.71131,20.54375],[82.70991,20.54743],[82.70997,20.55346],[82.71008,20.55445],[82.71243,20.55556],[82.71219,20.56025],[82.71354,20.56469],[82.71219,20.57014],[82.71442,20.57171],[82.71822,20.57675],[82.72348,20.57932],[82.727,20.5826],[82.7308,20.58482],[82.7291,20.58798],[82.72852,20.59108],[82.73261,20.60132],[82.73191,20.60477],[82.73776,20.61396],[82.73834,20.61712],[82.74162,20.62327],[82.74365,20.63013],[82.74283,20.63142],[82.73936,20.63375],[82.73331,20.63375],[82.72903,20.6385],[82.73216,20.64887],[82.7328,20.65349],[82.73197,20.65375],[82.73171,20.65488],[82.72557,20.657],[82.72665,20.66051],[82.72578,20.666],[82.72722,20.66987],[82.72386,20.67167],[82.72071,20.67736],[82.70738,20.68211],[82.70226,20.68315],[82.6971,20.68242],[82.69498,20.68356],[82.69581,20.69621],[82.69517,20.70485],[82.6966,20.70959],[82.69974,20.71463],[82.70157,20.72862],[82.70637,20.72691],[82.70904,20.72779],[82.71207,20.72776],[82.71243,20.72642],[82.71415,20.72704],[82.71532,20.72496],[82.72073,20.72548],[82.72226,20.72349],[82.72724,20.7231],[82.7292,20.72163],[82.73499,20.72176],[82.73578,20.72242],[82.73698,20.72626],[82.73672,20.73232],[82.73851,20.73665],[82.73838,20.73951],[82.73952,20.74469],[82.74105,20.74723],[82.74092,20.74997],[82.7466,20.7577],[82.74674,20.75989],[82.74585,20.76163],[82.74705,20.76661],[82.74678,20.76961],[82.74751,20.77087],[82.75201,20.76979],[82.75483,20.76995],[82.75806,20.77343],[82.7604,20.77754],[82.76807,20.78603],[82.77276,20.79733],[82.773,20.80186],[82.77744,20.80557],[82.77817,20.80743],[82.781,20.80816],[82.78374,20.81397],[82.7954,20.82455],[82.79787,20.82936],[82.80296,20.83478],[82.80904,20.83511],[82.81297,20.83979],[82.81532,20.84112],[82.81839,20.84487],[82.82427,20.84968],[82.82868,20.85549],[82.83394,20.86082],[82.84143,20.8672],[82.8502,20.87017],[82.8601,20.87485],[82.86159,20.87889],[82.86791,20.88331],[82.87495,20.8898],[82.87728,20.8941],[82.87965,20.8957],[82.88338,20.89673],[82.88947,20.90709],[82.89291,20.90292],[82.9023,20.90362],[82.90472,20.90276],[82.90519,20.90046],[82.91039,20.90109],[82.91348,20.90259],[82.91868,20.90142],[82.92018,20.89976],[82.92121,20.89709],[82.92664,20.89403],[82.92767,20.8866],[82.92697,20.88184],[82.9286,20.88297],[82.94382,20.88307],[82.94749,20.88827],[82.95142,20.89137],[82.95229,20.89293],[82.95628,20.89496],[82.96204,20.89483],[82.96902,20.89213],[82.9651,20.88594],[82.9659,20.87801],[82.9737,20.88391],[82.97623,20.87951],[82.97623,20.87625],[82.97893,20.86849],[82.9819,20.86785],[82.98315,20.86616],[82.98256,20.85986],[82.98119,20.85503],[82.98242,20.85373],[82.98229,20.84887],[82.98419,20.8474],[82.98463,20.84591],[82.99422,20.84724],[82.99998,20.8488],[83.00324,20.84784],[83.00807,20.85533],[83.01716,20.86003],[83.02142,20.8565],[83.02356,20.8562],[83.02569,20.85467],[83.03355,20.8538],[83.04081,20.85447],[83.04951,20.85407],[83.05192,20.85755],[83.06106,20.85639],[83.07556,20.85672],[83.09,20.85593],[83.09559,20.86662],[83.09963,20.8693],[83.10439,20.87377],[83.11012,20.86835],[83.11427,20.86629],[83.11704,20.86593],[83.1184,20.86268],[83.12115,20.86156],[83.12535,20.86146],[83.13071,20.85878],[83.13529,20.86645],[83.14075,20.87306],[83.14263,20.87682],[83.14827,20.88137],[83.15106,20.88234],[83.16277,20.8824],[83.16678,20.88349],[83.16963,20.88713],[83.18098,20.89011],[83.1868,20.89387],[83.19044,20.89751],[83.19395,20.89629],[83.20989,20.91357],[83.21276,20.91965],[83.21974,20.92183],[83.22114,20.92742],[83.21822,20.929],[83.2181,20.93009],[83.21865,20.9313],[83.22083,20.93112],[83.22763,20.92827],[83.23315,20.92833],[83.25275,20.91712],[83.25097,20.91076],[83.2537,20.90898],[83.25561,20.9023],[83.25275,20.89925],[83.25294,20.89804],[83.2558,20.89791],[83.25707,20.89327],[83.25983,20.89186],[83.26145,20.88794],[83.26384,20.88774],[83.26546,20.88381],[83.2678,20.88136],[83.26904,20.88127],[83.27015,20.88023],[83.27123,20.8805],[83.273,20.87734],[83.27408,20.87418],[83.27747,20.86844],[83.27404,20.86848],[83.27389,20.86752],[83.27559,20.86559],[83.27635,20.86025],[83.27743,20.86019],[83.27946,20.8565],[83.27946,20.85134],[83.278,20.84778],[83.278,20.8446],[83.28017,20.84206],[83.28152,20.84195],[83.28481,20.84575],[83.28627,20.84581],[83.28716,20.84829],[83.28551,20.85014],[83.28888,20.85363],[83.29073,20.8544],[83.29874,20.85465],[83.30362,20.85265],[83.30505,20.85323],[83.30911,20.85853],[83.31312,20.85669],[83.31532,20.85716],[83.31738,20.86044],[83.31948,20.8605],[83.32234,20.86299],[83.32495,20.87075],[83.32781,20.87272],[83.33074,20.87336],[83.3303,20.87838],[83.33144,20.88086],[83.33665,20.88194],[83.34168,20.88207],[83.34589,20.8794],[83.35123,20.87317],[83.35409,20.87495],[83.35702,20.87495],[83.36433,20.87679],[83.36948,20.87984],[83.3761,20.88245],[83.3784,20.88264],[83.38189,20.88461],[83.3941,20.88601],[83.39938,20.89009],[83.40435,20.89002],[83.40727,20.89276],[83.41217,20.89352],[83.41592,20.89613],[83.41771,20.89849],[83.4179,20.90351],[83.41529,20.90974],[83.40804,20.91719],[83.40009,20.91973],[83.39856,20.92164],[83.39386,20.92452],[83.39271,20.93233],[83.38946,20.93736],[83.3857,20.93716],[83.38303,20.93812],[83.38221,20.94015],[83.38265,20.94671],[83.38539,20.94919],[83.38539,20.95065],[83.38717,20.9525],[83.38284,20.95409],[83.38272,20.9551],[83.38844,20.9593],[83.39214,20.96401],[83.39182,20.97025],[83.38657,20.97274],[83.38726,20.97416],[83.3873,20.97864],[83.38654,20.98106],[83.38844,20.98621],[83.38755,20.98876],[83.37464,20.99238],[83.37502,20.99989],[83.37362,21.0011],[83.36872,21.00282],[83.36363,21.00288],[83.35931,21.00161],[83.35237,20.99792],[83.35085,20.99626],[83.34995,20.99213],[83.34608,20.98653],[83.33869,20.98087],[83.33602,20.97998],[83.33456,20.98042],[83.33221,20.98278],[83.3303,20.9927],[83.32724,20.99588],[83.32266,20.99773],[83.31656,20.99881],[83.30839,21.00148],[83.30424,21.00467],[83.29773,21.01256],[83.29958,21.01538],[83.30183,21.01705],[83.29973,21.01917],[83.30015,21.02175],[83.30162,21.02397],[83.30372,21.02412],[83.30904,21.03073],[83.3132,21.03273],[83.31911,21.04019],[83.31962,21.04608],[83.32384,21.05534],[83.32944,21.05523],[83.33272,21.05441],[83.33424,21.05656],[83.33624,21.05746],[83.3438,21.05698],[83.35338,21.0635],[83.35451,21.06589],[83.35351,21.06931],[83.35408,21.07026],[83.35742,21.06814],[83.36244,21.06761],[83.36339,21.06856],[83.36431,21.06841],[83.36833,21.06574],[83.3705,21.06335],[83.37891,21.06081],[83.38097,21.06155],[83.3877,21.06842],[83.39338,21.07005],[83.39639,21.06628],[83.40541,21.06144],[83.40743,21.05652],[83.40618,21.0495],[83.40815,21.04472],[83.41192,21.03898],[83.41605,21.03891],[83.41616,21.03575],[83.42128,21.03413],[83.42525,21.0317],[83.42594,21.03043],[83.43041,21.03105],[83.43326,21.03247],[83.43584,21.03625],[83.43653,21.03848],[83.43884,21.04091],[83.43907,21.04557],[83.44093,21.04596],[83.44231,21.04738],[83.44993,21.04887],[83.45522,21.05183],[83.45721,21.05102],[83.45849,21.0474],[83.45644,21.04339],[83.45494,21.04297],[83.45509,21.0417],[83.45371,21.04131],[83.45193,21.03708],[83.45202,21.03569],[83.45071,21.0338],[83.45082,21.02656],[83.4499,21.02429],[83.4482,21.02364],[83.44747,21.02179],[83.44817,21.02121],[83.44894,21.01717],[83.44832,21.01547],[83.4554,21.01164],[83.46322,21.00171],[83.46993,20.99492],[83.47668,20.9947],[83.48428,20.99573],[83.49371,20.99416],[83.49734,20.99098],[83.50004,20.98556],[83.50703,20.9803],[83.51627,20.98008],[83.52303,20.98308],[83.5292,20.98421],[83.54563,20.98023],[83.55448,20.97723],[83.57275,20.97347],[83.58118,20.97547],[83.58739,20.97809],[83.59728,20.98029],[83.62119,20.98338],[83.63505,20.98205],[83.64129,20.98048],[83.64135,20.97805],[83.63799,20.97738],[83.63758,20.97297],[83.63568,20.97004],[83.63283,20.96201],[83.62941,20.96095],[83.62753,20.95945],[83.62611,20.95205],[83.61955,20.9492],[83.61723,20.93491],[83.61552,20.93137],[83.61319,20.93172],[83.61105,20.92952],[83.6174,20.92591],[83.61798,20.92303],[83.61478,20.9155],[83.61456,20.91304],[83.61705,20.91352],[83.62184,20.90937],[83.62198,20.90269],[83.6209,20.90072],[83.61839,20.89884],[83.60574,20.89296],[83.59591,20.88727],[83.59499,20.88287],[83.58136,20.87271],[83.57925,20.87193],[83.57641,20.86762],[83.57673,20.86356],[83.57562,20.85822],[83.57562,20.85437],[83.57168,20.84445],[83.57576,20.8448],[83.58164,20.84308],[83.58566,20.84142],[83.59154,20.83743],[83.59818,20.83676],[83.60546,20.83223],[83.61616,20.8321],[83.61945,20.83025],[83.62312,20.82638],[83.62845,20.82696],[83.62567,20.82431],[83.6226,20.81964],[83.62216,20.81728],[83.62299,20.8146],[83.61376,20.81824],[83.59591,20.81972],[83.59698,20.81222],[83.59928,20.80571],[83.5992,20.80349],[83.59648,20.80431],[83.59509,20.8034],[83.59533,20.79912],[83.59796,20.79879],[83.59937,20.79945],[83.6048,20.79813],[83.60892,20.79838],[83.61576,20.80225],[83.61691,20.8006],[83.61848,20.79994],[83.61906,20.79689],[83.62029,20.79599],[83.62762,20.79846],[83.62952,20.79797],[83.63026,20.79599],[83.63693,20.79566],[83.63718,20.78709],[83.63808,20.78248],[83.63693,20.78048],[83.6371,20.77201],[83.63792,20.7702],[83.63949,20.76913],[83.64048,20.76929],[83.65135,20.77383],[83.6563,20.77226],[83.65745,20.77061],[83.65894,20.76394],[83.65786,20.75875],[83.65679,20.75628],[83.65234,20.75512],[83.65201,20.75438],[83.65267,20.75133],[83.65558,20.74874],[83.65636,20.74383],[83.66102,20.74336],[83.66198,20.74415],[83.66442,20.74359],[83.66618,20.74457],[83.6713,20.74389],[83.67418,20.74454],[83.67632,20.74334],[83.68003,20.74411],[83.67989,20.74],[83.67541,20.73707],[83.67473,20.7345],[83.67357,20.73359],[83.67426,20.73125],[83.67088,20.72654],[83.66982,20.72275],[83.66804,20.72079],[83.66963,20.70767],[83.66715,20.70372],[83.66509,20.70386],[83.66403,20.70178],[83.66118,20.70187],[83.65922,20.70012],[83.65691,20.69429],[83.65485,20.69254],[83.65485,20.68679],[83.65295,20.68625],[83.64633,20.6814],[83.63905,20.67805],[83.64265,20.67302],[83.64331,20.66991],[83.64146,20.66951],[83.63839,20.66393],[83.63115,20.66045],[83.62918,20.64303],[83.62571,20.63991],[83.62466,20.63093],[83.62082,20.6272],[83.61897,20.62422],[83.61362,20.62083],[83.61217,20.61804],[83.61031,20.61785],[83.6088,20.61281],[83.60735,20.61074],[83.60442,20.6108],[83.60395,20.60782],[83.60316,20.60688],[83.59771,20.60547],[83.59722,20.60473],[83.59704,20.59987],[83.59935,20.59687],[83.59985,20.59472],[83.60328,20.58864],[83.60349,20.58092],[83.59988,20.57746],[83.60893,20.56932],[83.60503,20.56482],[83.59911,20.56158],[83.59719,20.55216],[83.59719,20.54638],[83.59602,20.53972],[83.59948,20.52987],[83.6014,20.5294],[83.60455,20.53052],[83.60464,20.52719],[83.59756,20.52561],[83.58797,20.52504],[83.58427,20.52362],[83.58086,20.52035],[83.57979,20.51855],[83.57977,20.51658],[83.58198,20.50855],[83.57981,20.49844],[83.57076,20.48244],[83.57333,20.48137],[83.57677,20.48111],[83.57922,20.48293],[83.58263,20.48752],[83.58647,20.4868],[83.58946,20.48212],[83.5988,20.47539],[83.59792,20.47018],[83.59837,20.46837],[83.60374,20.46638],[83.61327,20.46433],[83.6202,20.4573],[83.62134,20.45438],[83.61971,20.44989],[83.62055,20.4466],[83.62309,20.44582],[83.62979,20.4465],[83.6387,20.43922],[83.64339,20.43844],[83.65185,20.43427],[83.65829,20.43226],[83.65948,20.43086],[83.65961,20.42598],[83.66121,20.42332],[83.66518,20.42185],[83.66859,20.4221],[83.66804,20.41842],[83.66425,20.41684],[83.66437,20.41369],[83.6618,20.41442],[83.66025,20.414],[83.66048,20.41095],[83.66326,20.41033],[83.66226,20.40633],[83.66405,20.40434],[83.66416,20.40287],[83.66039,20.39724],[83.66084,20.39472],[83.65828,20.39461],[83.65659,20.39122],[83.65292,20.38939],[83.65092,20.38277],[83.65134,20.38187],[83.64996,20.38068],[83.6502,20.37973],[83.65234,20.37911],[83.654,20.37641],[83.65452,20.37233],[83.65575,20.37062],[83.65556,20.3691],[83.65395,20.36754],[83.65499,20.36616],[83.65381,20.36502],[83.65115,20.3644],[83.64532,20.36692],[83.64152,20.3654],[83.63559,20.36773],[83.63307,20.36815],[83.63189,20.36749],[83.62994,20.3682],[83.62871,20.36625],[83.62719,20.36588],[83.62458,20.36089],[83.62467,20.3551],[83.62653,20.35192],[83.62666,20.3495],[83.62254,20.34984],[83.6176,20.35283],[83.60934,20.35458],[83.60583,20.35643],[83.60004,20.35629],[83.59692,20.359],[83.59587,20.35852],[83.58799,20.36246],[83.58756,20.3618],[83.5841,20.36251],[83.58168,20.36431],[83.57888,20.36275],[83.57238,20.37817],[83.57186,20.38718],[83.56811,20.38713],[83.56849,20.38856],[83.56716,20.39055],[83.56702,20.39316],[83.55943,20.39435],[83.55734,20.39866],[83.55511,20.3998],[83.55231,20.40075],[83.55042,20.40052],[83.54704,20.39681],[83.54491,20.39625],[83.54225,20.39791],[83.53674,20.39881],[83.53447,20.40108],[83.53124,20.40241],[83.52134,20.40441],[83.52162,20.41072],[83.51537,20.412],[83.51143,20.41432],[83.50482,20.41524],[83.50131,20.41533],[83.49638,20.40472],[83.49336,20.40411],[83.49039,20.41039],[83.49074,20.41375],[83.48965,20.41759],[83.49221,20.41939],[83.49234,20.42823],[83.49615,20.43111],[83.4982,20.43147],[83.49974,20.43451],[83.49891,20.43483],[83.49788,20.43381],[83.49763,20.43505],[83.49638,20.43518],[83.49683,20.43682],[83.49606,20.43781],[83.49731,20.44024],[83.49503,20.44325],[83.49512,20.44386],[83.49647,20.44394],[83.49644,20.44767],[83.49559,20.44845],[83.49619,20.44949],[83.49479,20.44951],[83.49312,20.45258],[83.49165,20.45255],[83.49184,20.45152],[83.49047,20.45085],[83.48817,20.45402],[83.4834,20.44838],[83.46594,20.43451],[83.45611,20.42471],[83.45306,20.42253],[83.45066,20.41929],[83.4406,20.41263],[83.42852,20.4067],[83.42314,20.40206],[83.41991,20.3976],[83.41814,20.39315],[83.41577,20.37736],[83.41369,20.37297],[83.40728,20.36378],[83.39761,20.35839],[83.39046,20.34686],[83.38175,20.3433],[83.37157,20.34375],[83.36897,20.34305],[83.36673,20.34132],[83.36532,20.33898],[83.36513,20.33725],[83.36593,20.33369],[83.36545,20.31973],[83.36314,20.31546],[83.35773,20.31412],[83.34911,20.31546],[83.34312,20.3155],[83.32931,20.30813],[83.31777,20.30454],[83.31149,20.3032],[83.30269,20.30432],[83.29577,20.29541],[83.29026,20.28359],[83.28361,20.27745],[83.26614,20.26725],[83.25697,20.26437],[83.25217,20.26369],[83.24319,20.25796],[83.23782,20.25242],[83.23615,20.24899],[83.23631,20.24538],[83.24104,20.23446],[83.24145,20.23082],[83.23977,20.22758],[83.23203,20.21879],[83.22994,20.21082],[83.22682,20.20319],[83.22064,20.19995],[83.21185,20.19758],[83.20665,20.19475],[83.20209,20.18989],[83.20018,20.1844],[83.19637,20.17874],[83.19087,20.17504],[83.17827,20.17111],[83.17232,20.17047],[83.16544,20.17105],[83.15903,20.17284],[83.15382,20.1729],[83.14634,20.16912],[83.14498,20.17111],[83.14498,20.1744],[83.14328,20.17429],[83.14244,20.17516],[83.14133,20.17943],[83.13614,20.18226],[83.13302,20.1858],[83.12995,20.19429],[83.12504,20.19521],[83.1229,20.19498],[83.1214,20.19388],[83.11857,20.19446],[83.10954,20.19364],[83.10271,20.19084],[83.10102,20.19374],[83.09914,20.19421],[83.09765,20.19594],[83.09521,20.19716],[83.09456,20.19903],[83.09259,20.19927],[83.09072,20.19894],[83.08889,20.19763],[83.08878,20.19362],[83.08801,20.19176],[83.08089,20.19163],[83.0769,20.18991],[83.06743,20.18984],[83.062,20.18518],[83.06001,20.18538],[83.05818,20.18691],[83.05261,20.18702],[83.04866,20.18494],[83.04676,20.1822],[83.04012,20.18142],[83.03558,20.18543],[83.03391,20.18049],[83.03118,20.17761],[83.02659,20.17459],[83.02224,20.17468],[83.0177,20.17107],[83.00701,20.1738],[83.00447,20.17546],[82.99863,20.17567],[82.99557,20.17489],[82.99216,20.17798],[82.98799,20.17648],[82.98161,20.17558],[82.98044,20.17798],[82.9772,20.17978],[82.96465,20.17912],[82.95979,20.17636],[82.95758,20.17696],[82.95536,20.17609],[82.95096,20.17663],[82.9449,20.17298],[82.9343,20.17843],[82.92818,20.17927],[82.92351,20.17412],[82.92336,20.17193],[82.91727,20.1689],[82.91544,20.16713],[82.91281,20.16686],[82.91087,20.16159],[82.91039,20.15497],[82.91087,20.15137],[82.91032,20.14975],[82.91131,20.14658],[82.90487,20.14769],[82.89966,20.14733],[82.89651,20.14841],[82.89468,20.15131],[82.88953,20.1538],[82.88575,20.15737],[82.88129,20.15767],[82.87904,20.15602],[82.87569,20.15578],[82.87143,20.15781],[82.87086,20.15709],[82.86839,20.15744],[82.86743,20.15847],[82.85972,20.16095],[82.85297,20.15992],[82.84898,20.16054],[82.84477,20.16261],[82.83906,20.16398],[82.8248,20.16433],[82.8244,20.16506],[82.81883,20.16712],[82.81654,20.16735],[82.81464,20.17024],[82.81235,20.1707],[82.81143,20.17383],[82.81273,20.17986],[82.81433,20.18146],[82.81387,20.18405],[82.81845,20.18825],[82.82906,20.18573],[82.83394,20.18756],[82.83943,20.18825],[82.84363,20.19191],[82.84714,20.19267],[82.8479,20.19344],[82.84927,20.19603],[82.84996,20.2058],[82.85316,20.20991],[82.85622,20.21632],[82.8569,20.21846],[82.85675,20.22204],[82.85843,20.22304],[82.85866,20.22731],[82.86285,20.23082],[82.86217,20.23173],[82.86285,20.23356],[82.86255,20.23433],[82.8614,20.23455],[82.86133,20.23562],[82.85706,20.23623],[82.85599,20.23623],[82.8553,20.23532],[82.85416,20.23577],[82.855,20.23806],[82.85339,20.23982],[82.85332,20.24333],[82.85423,20.24485],[82.85378,20.2518],[82.85988,20.25416],[82.86057,20.25508],[82.85904,20.26057],[82.85988,20.26362],[82.86194,20.26698],[82.86171,20.26988],[82.85797,20.27941],[82.84729,20.28971],[82.84218,20.28117],[82.83691,20.27964],[82.83089,20.27949],[82.82402,20.28254],[82.82326,20.27995],[82.8215,20.28231],[82.81616,20.28666],[82.81357,20.2907],[82.81235,20.29444],[82.81242,20.29513],[82.81555,20.29551],[82.81998,20.30207],[82.82102,20.30951],[82.82056,20.31291],[82.8174,20.31502],[82.81857,20.31747],[82.82185,20.31993],[82.82617,20.31923],[82.8325,20.31946],[82.83624,20.32063],[82.83788,20.31899],[82.83916,20.31502],[82.83612,20.30916],[82.83588,20.30659],[82.83694,20.3053],[82.84267,20.3046],[82.8435,20.30249],[82.84267,20.29968],[82.8387,20.29653],[82.8387,20.29454],[82.84092,20.29266],[82.84631,20.29021],[82.84853,20.29067],[82.84841,20.29196],[82.84724,20.29301],[82.84771,20.2943],[82.85098,20.29395],[82.85344,20.29863],[82.85356,20.30121],[82.85192,20.30554],[82.85122,20.31174],[82.85216,20.31806],[82.85555,20.3252],[82.85344,20.33035],[82.85414,20.33725],[82.85321,20.33877],[82.85192,20.33994],[82.84818,20.33982],[82.84396,20.33795],[82.84116,20.33561],[82.83752,20.33503],[82.83659,20.33549],[82.83518,20.33982],[82.83098,20.34007],[82.82424,20.34363],[82.82284,20.35012],[82.82091,20.35141],[82.81821,20.35761],[82.81623,20.35773],[82.81394,20.35112],[82.81424,20.34585],[82.81236,20.34334],[82.80985,20.34193],[82.80898,20.33982],[82.8092,20.33819],[82.81231,20.33351],[82.81389,20.32765],[82.81354,20.32619],[82.81084,20.3245],[82.80798,20.32116],[82.80581,20.32046],[82.80119,20.32063],[82.79458,20.32286],[82.79054,20.32344],[82.79002,20.32613],[82.79382,20.32865],[82.79546,20.33076],[82.79405,20.33216],[82.79592,20.33801],[82.79423,20.33953],[82.792,20.34381],[82.79241,20.34655],[82.79973,20.35065],[82.80383,20.35633],[82.80756,20.3575],[82.80997,20.36001],[82.81354,20.36077],[82.81459,20.36241],[82.81453,20.3709],[82.81722,20.37821],[82.81699,20.3809],[82.81582,20.38254],[82.81324,20.38108],[82.81102,20.3809],[82.80569,20.384],[82.80254,20.38049],[82.80013,20.37897],[82.79932,20.3737],[82.7978,20.37107],[82.79329,20.36973],[82.78919,20.37019],[82.78352,20.36955],[82.78188,20.36253],[82.78007,20.36019],[82.77854,20.35638],[82.77392,20.35369],[82.76579,20.35282],[82.7624,20.35563],[82.75438,20.35802],[82.75005,20.36142],[82.74682,20.36173],[82.7449,20.36147],[82.73507,20.35598],[82.72729,20.35469],[82.72079,20.35469],[82.71681,20.35598],[82.71436,20.3606],[82.71629,20.36686],[82.71898,20.36873],[82.72523,20.37031],[82.72723,20.37745],[82.72869,20.38014],[82.73097,20.38102],[82.73138,20.38289],[82.72594,20.38751],[82.72477,20.3929],[82.7171,20.39723],[82.71407,20.4022],[82.71418,20.40759],[82.71284,20.40817],[82.71072,20.41507],[82.70686,20.4187],[82.70458,20.42274],[82.69943,20.42473],[82.69774,20.42631],[82.69604,20.43122],[82.70136,20.44018],[82.70119,20.44217],[82.69978,20.4438],[82.69949,20.44626],[82.69756,20.45024],[82.69639,20.45123],[82.69212,20.45363],[82.68615,20.45276],[82.68487,20.45972]]]}},{"type":"Feature","properties":{"DISTRICT":"BOUDH","CODE":6},"geometry":{"type":"Polygon","coordinates":[[[83.57076,20.48244],[83.57981,20.49844],[83.58198,20.50855],[83.57979,20.51855],[83.58295,20.52264],[83.58884,20.52529],[83.59756,20.52561],[83.604,20.52713],[83.6117,20.52719],[83.6199,20.52837],[83.6329,20.53412],[83.639,20.53532],[83.64532,20.53561],[83.65131,20.53798],[83.66363,20.54651],[83.67005,20.55237],[83.67506,20.55522],[83.68661,20.55883],[83.69159,20.56404],[83.69769,20.5724],[83.70895,20.58205],[83.71191,20.58898],[83.72067,20.59775],[83.73175,20.60628],[83.73412,20.60907],[83.73543,20.61327],[83.73412,20.62352],[83.73104,20.62708],[83.71931,20.63318],[83.71783,20.63484],[83.71724,20.6378],[83.72263,20.64739],[83.73378,20.6644],[83.73655,20.66991],[83.74384,20.6894],[83.74396,20.69976],[83.74496,20.70346],[83.7484,20.70669],[83.75536,20.70927],[83.7579,20.712],[83.76034,20.71718],[83.76078,20.72974],[83.76199,20.73984],[83.76344,20.74606],[83.76508,20.7492],[83.76427,20.75012],[83.7659,20.75996],[83.7629,20.77059],[83.76259,20.77375],[83.76355,20.7791],[83.76797,20.7852],[83.77177,20.78787],[83.77747,20.7946],[83.78354,20.7991],[83.78992,20.80284],[83.79681,20.80561],[83.80478,20.80773],[83.81341,20.80899],[83.81739,20.8104],[83.82461,20.81746],[83.83125,20.82203],[83.8341,20.82356],[83.84014,20.82509],[83.84583,20.82519],[83.84885,20.82411],[83.8616,20.81698],[83.86646,20.81553],[83.88303,20.815],[83.89207,20.81651],[83.89908,20.81685],[83.91842,20.8302],[83.93838,20.84182],[83.94804,20.84024],[83.95979,20.83942],[83.99794,20.84114],[84.01409,20.83967],[84.01817,20.83832],[84.02166,20.83566],[84.03634,20.81992],[84.03979,20.81917],[84.04331,20.81985],[84.0479,20.82106],[84.06725,20.82929],[84.07625,20.83147],[84.08977,20.83247],[84.10669,20.83595],[84.11948,20.84162],[84.12399,20.8443],[84.14943,20.86302],[84.15763,20.86742],[84.16614,20.87081],[84.18684,20.88298],[84.19279,20.88769],[84.20505,20.89228],[84.22116,20.89495],[84.22638,20.8952],[84.23799,20.89401],[84.2494,20.89064],[84.25984,20.88418],[84.26829,20.88065],[84.28195,20.87267],[84.29166,20.86983],[84.29632,20.86751],[84.30499,20.86035],[84.32555,20.85105],[84.33746,20.84226],[84.34309,20.84036],[84.34713,20.83735],[84.35467,20.82742],[84.35699,20.82119],[84.35773,20.81623],[84.35535,20.80152],[84.35757,20.7961],[84.35784,20.79322],[84.35653,20.7905],[84.3517,20.78529],[84.35085,20.78266],[84.35101,20.7807],[84.35744,20.77085],[84.36169,20.76611],[84.37903,20.75364],[84.39481,20.75002],[84.41274,20.74042],[84.42217,20.7369],[84.42924,20.73777],[84.44158,20.73709],[84.44688,20.73815],[84.4528,20.73812],[84.46483,20.73456],[84.46776,20.73289],[84.47189,20.73175],[84.48841,20.72141],[84.50063,20.71728],[84.50595,20.7132],[84.5155,20.70347],[84.51781,20.70196],[84.53873,20.69392],[84.55318,20.69232],[84.56277,20.68939],[84.57743,20.67961],[84.58502,20.67326],[84.59493,20.66233],[84.60079,20.65261],[84.61243,20.64021],[84.62438,20.63142],[84.63757,20.62457],[84.65877,20.618],[84.68311,20.61631],[84.69972,20.61107],[84.71438,20.61045],[84.72611,20.61414],[84.73144,20.61493],[84.7401,20.61316],[84.75027,20.60946],[84.76268,20.60778],[84.77923,20.59796],[84.78235,20.5945],[84.78805,20.58446],[84.79195,20.58067],[84.7911,20.57815],[84.79252,20.57207],[84.79208,20.56816],[84.79318,20.56065],[84.78952,20.55814],[84.78963,20.55538],[84.78851,20.55284],[84.78834,20.54945],[84.78662,20.54827],[84.78007,20.54797],[84.77582,20.53911],[84.76862,20.53129],[84.76556,20.53173],[84.75605,20.53653],[84.7425,20.54004],[84.73699,20.53733],[84.7365,20.53511],[84.73433,20.53409],[84.7337,20.53133],[84.72962,20.52947],[84.72666,20.52698],[84.71452,20.52303],[84.71365,20.51978],[84.71485,20.51301],[84.71238,20.5095],[84.71298,20.50521],[84.70594,20.49999],[84.69881,20.49713],[84.70006,20.49486],[84.6981,20.49169],[84.69608,20.49042],[84.69726,20.48775],[84.69706,20.48369],[84.69619,20.47978],[84.69488,20.47769],[84.6947,20.47485],[84.69348,20.47325],[84.69457,20.47108],[84.69424,20.46905],[84.6925,20.46745],[84.68893,20.46652],[84.68819,20.46328],[84.6868,20.46246],[84.68393,20.46223],[84.68231,20.45944],[84.69019,20.45815],[84.6907,20.45619],[84.69199,20.45477],[84.69133,20.45248],[84.69302,20.44958],[84.68766,20.44735],[84.68826,20.44462],[84.69041,20.44438],[84.69148,20.4432],[84.69133,20.44024],[84.68327,20.43669],[84.68242,20.43223],[84.68031,20.43227],[84.67831,20.43325],[84.67555,20.43314],[84.6734,20.42896],[84.66925,20.42572],[84.66525,20.42394],[84.65858,20.42412],[84.65657,20.4229],[84.64824,20.42292],[84.64695,20.42385],[84.64084,20.42521],[84.63691,20.42505],[84.63133,20.43072],[84.62605,20.42978],[84.62207,20.4313],[84.62014,20.43345],[84.61599,20.42745],[84.61063,20.42592],[84.60597,20.41932],[84.59783,20.41913],[84.59576,20.42008],[84.59269,20.42317],[84.58669,20.42163],[84.58302,20.41903],[84.56668,20.41077],[84.56374,20.41059],[84.5573,20.41235],[84.54754,20.41714],[84.54449,20.41788],[84.54209,20.41262],[84.54165,20.40937],[84.53205,20.40951],[84.52619,20.40511],[84.52437,20.40255],[84.51997,20.40449],[84.51588,20.40211],[84.51142,20.39436],[84.49505,20.39421],[84.48363,20.38383],[84.47014,20.38866],[84.46765,20.39332],[84.46587,20.39471],[84.46288,20.39931],[84.46368,20.40474],[84.46368,20.41832],[84.46346,20.41957],[84.46095,20.42277],[84.4608,20.42632],[84.46237,20.43178],[84.46667,20.43516],[84.46753,20.43902],[84.46632,20.44219],[84.46709,20.44459],[84.45934,20.45951],[84.45744,20.46526],[84.45567,20.46517],[84.45271,20.46351],[84.45009,20.46455],[84.44473,20.46918],[84.44057,20.47597],[84.43459,20.47712],[84.43218,20.47825],[84.42723,20.48418],[84.42684,20.48569],[84.4299,20.4886],[84.4304,20.49017],[84.43619,20.49515],[84.43749,20.49996],[84.43565,20.5076],[84.43305,20.50982],[84.42735,20.51292],[84.42052,20.51881],[84.40937,20.52172],[84.40716,20.52457],[84.4038,20.52717],[84.39684,20.52749],[84.39037,20.52983],[84.39158,20.5423],[84.38354,20.5582],[84.38663,20.56827],[84.39342,20.56618],[84.39595,20.5715],[84.39613,20.57511],[84.39379,20.57827],[84.38715,20.57777],[84.38189,20.58682],[84.38303,20.59505],[84.38645,20.59771],[84.3817,20.60696],[84.37897,20.62051],[84.37733,20.62355],[84.37479,20.62551],[84.37176,20.63324],[84.37486,20.64071],[84.37138,20.64983],[84.36929,20.65097],[84.36397,20.65654],[84.36314,20.65756],[84.3627,20.66047],[84.35928,20.66319],[84.35852,20.67035],[84.34737,20.66883],[84.34054,20.67142],[84.33978,20.67212],[84.34092,20.67402],[84.34098,20.6789],[84.33845,20.67947],[84.33351,20.68225],[84.33148,20.68504],[84.32838,20.687],[84.32122,20.68757],[84.31717,20.68878],[84.30083,20.68637],[84.29842,20.68548],[84.28766,20.67871],[84.28386,20.67383],[84.27886,20.67168],[84.27582,20.66699],[84.2774,20.66136],[84.2795,20.65927],[84.27975,20.65021],[84.28177,20.6478],[84.28168,20.64122],[84.28259,20.63514],[84.27398,20.6352],[84.26768,20.62567],[84.26654,20.62219],[84.26467,20.6195],[84.26569,20.61586],[84.2654,20.61399],[84.26195,20.60781],[84.25878,20.60398],[84.25847,20.60129],[84.25442,20.59841],[84.24757,20.59699],[84.23814,20.59205],[84.23728,20.59015],[84.23393,20.58723],[84.23267,20.58404],[84.2275,20.58122],[84.21661,20.58226],[84.21326,20.58154],[84.2085,20.58353],[84.1965,20.58479],[84.19296,20.58344],[84.18739,20.5835],[84.17805,20.5973],[84.17491,20.59458],[84.16937,20.59338],[84.1636,20.59097],[84.15607,20.58464],[84.15452,20.57932],[84.15215,20.57913],[84.1468,20.57675],[84.14445,20.57691],[84.14185,20.57948],[84.13805,20.58172],[84.13428,20.58115],[84.13172,20.5816],[84.12473,20.58008],[84.11488,20.58188],[84.10722,20.59113],[84.09873,20.58942],[84.09208,20.58685],[84.08768,20.58381],[84.08388,20.58391],[84.08046,20.58679],[84.07641,20.58628],[84.07308,20.58936],[84.06573,20.58815],[84.06229,20.5891],[84.05684,20.58777],[84.05332,20.58546],[84.04987,20.58489],[84.04297,20.58217],[84.03806,20.58131],[84.03566,20.57919],[84.0361,20.57631],[84.03544,20.57511],[84.03167,20.57337],[84.02837,20.57295],[84.02002,20.57017],[84.01736,20.56773],[84.0069,20.56824],[84.00393,20.56881],[83.99996,20.57074],[83.99895,20.5719],[83.98611,20.57912],[83.98164,20.58471],[83.97974,20.58546],[83.96733,20.58617],[83.9604,20.58374],[83.9538,20.58285],[83.94758,20.58091],[83.94315,20.58307],[83.93942,20.58341],[83.93689,20.58628],[83.93372,20.58755],[83.93283,20.58859],[83.93127,20.59474],[83.93301,20.59686],[83.94237,20.6039],[83.94028,20.60375],[83.93462,20.60517],[83.93156,20.60677],[83.92754,20.60774],[83.92557,20.60934],[83.92273,20.60938],[83.91457,20.60122],[83.91238,20.59194],[83.91394,20.57879],[83.89825,20.58196],[83.88727,20.57935],[83.87519,20.58143],[83.85757,20.57052],[83.85712,20.56877],[83.85891,20.56217],[83.85556,20.55856],[83.85287,20.55718],[83.8503,20.55476],[83.8465,20.54746],[83.84435,20.54519],[83.842,20.5437],[83.83809,20.54355],[83.83332,20.54444],[83.82516,20.54805],[83.82136,20.54347],[83.82188,20.53885],[83.82624,20.53446],[83.82497,20.53024],[83.82125,20.5254],[83.82065,20.52108],[83.81521,20.52048],[83.80765,20.50838],[83.80579,20.50767],[83.79781,20.508],[83.80523,20.50018],[83.80828,20.49441],[83.80828,20.49109],[83.80959,20.48882],[83.80806,20.48602],[83.80974,20.48494],[83.81048,20.48055],[83.81287,20.47388],[83.81301,20.46207],[83.81838,20.45961],[83.82963,20.45093],[83.8259,20.44951],[83.82278,20.44988],[83.81805,20.45149],[83.81506,20.45421],[83.80959,20.44526],[83.81663,20.43729],[83.8167,20.43584],[83.81596,20.43476],[83.80944,20.43085],[83.79491,20.43279],[83.7955,20.43413],[83.79346,20.44009],[83.7901,20.44184],[83.78719,20.44102],[83.78563,20.43897],[83.78679,20.43509],[83.78306,20.42496],[83.78507,20.41323],[83.7822,20.40674],[83.77896,20.41021],[83.76994,20.41244],[83.76652,20.4184],[83.76086,20.42302],[83.75661,20.42545],[83.74851,20.42529],[83.7486,20.42146],[83.74805,20.42077],[83.74331,20.42193],[83.74049,20.42157],[83.73631,20.42543],[83.73414,20.42451],[83.73073,20.42603],[83.72919,20.42804],[83.72936,20.43198],[83.7218,20.43411],[83.71891,20.43295],[83.71762,20.42981],[83.71638,20.42868],[83.71211,20.42651],[83.70303,20.41984],[83.69937,20.41631],[83.69375,20.41301],[83.68916,20.41303],[83.68766,20.41419],[83.68382,20.41904],[83.68206,20.42672],[83.67835,20.42958],[83.67654,20.4291],[83.67419,20.42506],[83.67142,20.42326],[83.66859,20.4221],[83.66329,20.42218],[83.66121,20.42332],[83.65981,20.42533],[83.65974,20.43001],[83.65829,20.43226],[83.65185,20.43427],[83.64339,20.43844],[83.6387,20.43922],[83.62979,20.4465],[83.62309,20.44582],[83.62055,20.4466],[83.61971,20.44989],[83.62134,20.45438],[83.6202,20.4573],[83.61327,20.46433],[83.60374,20.46638],[83.59837,20.46837],[83.59792,20.47018],[83.5988,20.47539],[83.58946,20.48212],[83.58647,20.4868],[83.58263,20.48752],[83.57922,20.48293],[83.57677,20.48111],[83.57333,20.48137],[83.57076,20.48244]]]}},{"type":"Feature","properties":{"DISTRICT":"CUTTACK","CODE":7},"geometry":{"type":"Polygon","coordinates":[[[84.85033,20.52747],[84.86208,20.5329],[84.86499,20.53556],[84.87025,20.54429],[84.87534,20.55047],[84.87757,20.5578],[84.88626,20.56071],[84.88979,20.56338],[84.89262,20.56754],[84.89588,20.57596],[84.89987,20.58128],[84.91003,20.58382],[84.92423,20.5798],[84.92952,20.58131],[84.9361,20.5807],[84.94017,20.58163],[84.94474,20.58119],[84.95011,20.5785],[84.9525,20.57499],[84.95804,20.57443],[84.97017,20.57165],[84.97771,20.57161],[84.97968,20.56966],[84.98213,20.56483],[84.98843,20.57251],[84.98939,20.57511],[84.98895,20.5785],[84.98973,20.57943],[85.02896,20.58892],[85.03153,20.5876],[85.03373,20.58755],[85.03728,20.58463],[85.04094,20.5855],[85.04441,20.58462],[85.04881,20.58472],[85.05347,20.58151],[85.0571,20.57709],[85.06625,20.57735],[85.06747,20.57804],[85.06702,20.58104],[85.06927,20.58197],[85.07042,20.58359],[85.07429,20.58043],[85.0769,20.58101],[85.08138,20.5876],[85.08269,20.59112],[85.08713,20.59395],[85.08838,20.59893],[85.08858,20.60476],[85.09194,20.60748],[85.09266,20.60871],[85.0924,20.61053],[85.09389,20.61124],[85.0935,20.61331],[85.09129,20.6148],[85.09272,20.61785],[85.09901,20.61739],[85.10179,20.6161],[85.10438,20.61655],[85.10846,20.61266],[85.11293,20.61075],[85.11572,20.61098],[85.11934,20.60949],[85.12368,20.61156],[85.12685,20.6148],[85.12919,20.61548],[85.13758,20.61064],[85.14392,20.61154],[85.14697,20.60915],[85.15045,20.60833],[85.15194,20.60821],[85.15542,20.61052],[85.15718,20.61076],[85.1623,20.60653],[85.16895,20.60305],[85.17169,20.60192],[85.1801,20.60051],[85.1828,20.59718],[85.18479,20.59273],[85.18632,20.59253],[85.18983,20.5896],[85.19739,20.58064],[85.19958,20.57951],[85.20329,20.579],[85.20971,20.57552],[85.20947,20.57407],[85.19895,20.56632],[85.20443,20.56061],[85.21416,20.55283],[85.21346,20.54739],[85.22465,20.54102],[85.24381,20.52397],[85.24937,20.52107],[85.25269,20.517],[85.26254,20.51787],[85.26857,20.51607],[85.276,20.51544],[85.27995,20.51329],[85.28222,20.51043],[85.28323,20.51032],[85.28609,20.51086],[85.28976,20.51442],[85.29532,20.51583],[85.29653,20.51376],[85.29833,20.51356],[85.30405,20.50993],[85.30549,20.50793],[85.30862,20.50578],[85.31551,20.5048],[85.31992,20.50214],[85.32246,20.50312],[85.32986,20.50253],[85.33467,20.50331],[85.33901,20.50257],[85.3401,20.50023],[85.34413,20.49987],[85.34621,20.49749],[85.35215,20.49667],[85.37003,20.49663],[85.37348,20.4953],[85.38039,20.49651],[85.38274,20.49921],[85.38509,20.49999],[85.38653,20.49784],[85.39075,20.4953],[85.39302,20.49272],[85.39619,20.49268],[85.3985,20.49186],[85.40131,20.48787],[85.40327,20.48693],[85.40933,20.48779],[85.41086,20.489],[85.41129,20.49319],[85.40922,20.50038],[85.40804,20.50777],[85.4177,20.50758],[85.42122,20.50527],[85.43773,20.50132],[85.44379,20.49776],[85.44727,20.49764],[85.44938,20.49459],[85.45278,20.49213],[85.45618,20.48705],[85.46002,20.48466],[85.45877,20.48955],[85.46648,20.49741],[85.47066,20.49991],[85.47465,20.49983],[85.47817,20.50465],[85.48372,20.50813],[85.48564,20.51255],[85.48638,20.51724],[85.48552,20.52123],[85.48822,20.52158],[85.49675,20.52502],[85.49831,20.52365],[85.49988,20.52414],[85.5008,20.52552],[85.50008,20.52855],[85.50047,20.53055],[85.50158,20.5316],[85.50325,20.53139],[85.50485,20.53508],[85.50813,20.5348],[85.51127,20.53696],[85.51496,20.53648],[85.52242,20.53369],[85.52988,20.52964],[85.53385,20.52867],[85.5349,20.53048],[85.53566,20.53041],[85.54514,20.52588],[85.54584,20.52693],[85.55023,20.52379],[85.55225,20.52484],[85.55671,20.5256],[85.55888,20.52421],[85.56036,20.52139],[85.56388,20.52317],[85.56844,20.52068],[85.56853,20.51981],[85.56699,20.51948],[85.56691,20.51857],[85.57035,20.51699],[85.5704,20.51509],[85.57297,20.51471],[85.57404,20.51372],[85.57561,20.51533],[85.57649,20.51538],[85.58723,20.51301],[85.59055,20.51824],[85.59241,20.51819],[85.59374,20.52014],[85.59361,20.52122],[85.59262,20.52147],[85.59175,20.52479],[85.59308,20.52931],[85.59734,20.53358],[85.59942,20.53686],[85.60133,20.5371],[85.60233,20.53445],[85.60821,20.53798],[85.61311,20.53918],[85.61385,20.53992],[85.61389,20.54162],[85.61485,20.5422],[85.62144,20.5405],[85.62363,20.54059],[85.6248,20.5415],[85.6265,20.54034],[85.63376,20.54096],[85.63446,20.54021],[85.63645,20.54067],[85.63654,20.54183],[85.63749,20.54063],[85.6379,20.54162],[85.63952,20.54162],[85.64117,20.54332],[85.64064,20.54473],[85.645,20.54502],[85.64487,20.54668],[85.6459,20.5473],[85.64798,20.54656],[85.64798,20.54805],[85.64723,20.5488],[85.64889,20.54963],[85.64964,20.55095],[85.65072,20.55054],[85.65043,20.54971],[85.65142,20.54842],[85.6542,20.55029],[85.65822,20.54863],[85.65897,20.55386],[85.66644,20.56816],[85.6702,20.56932],[85.67568,20.57297],[85.67945,20.57865],[85.68347,20.58662],[85.69015,20.59429],[85.69314,20.59682],[85.69811,20.59951],[85.70388,20.60246],[85.70699,20.60213],[85.7103,20.6049],[85.71001,20.60768],[85.71536,20.61349],[85.71039,20.6168],[85.70624,20.62137],[85.70736,20.62634],[85.70885,20.62634],[85.71138,20.62336],[85.71429,20.62352],[85.71611,20.62593],[85.71893,20.6377],[85.72723,20.64135],[85.72805,20.64218],[85.7281,20.64558],[85.73568,20.64417],[85.73898,20.64496],[85.74116,20.64152],[85.74419,20.63928],[85.74596,20.63857],[85.75115,20.63841],[85.75505,20.63546],[85.75679,20.63517],[85.75625,20.64222],[85.75417,20.6416],[85.75422,20.645],[85.75758,20.64504],[85.75783,20.64633],[85.75919,20.64641],[85.76164,20.64239],[85.76334,20.64334],[85.76562,20.64969],[85.76479,20.65168],[85.76363,20.65184],[85.76321,20.65516],[85.76504,20.66059],[85.77686,20.6618],[85.78288,20.66155],[85.7859,20.66391],[85.7878,20.66876],[85.78523,20.67021],[85.78702,20.67009],[85.78959,20.67254],[85.79411,20.67249],[85.79664,20.6715],[85.79958,20.66607],[85.80311,20.66499],[85.80593,20.66254],[85.81215,20.65956],[85.81339,20.66043],[85.81704,20.66105],[85.82554,20.66113],[85.83023,20.66545],[85.83566,20.66723],[85.84864,20.66789],[85.86087,20.66652],[85.86817,20.66661],[85.87231,20.6637],[85.87539,20.66254],[85.88074,20.65653],[85.88998,20.65844],[85.89152,20.65993],[85.89094,20.66142],[85.89235,20.66316],[85.89247,20.66698],[85.8933,20.66893],[85.90172,20.67623],[85.90549,20.67673],[85.90865,20.68183],[85.90939,20.68539],[85.91204,20.68954],[85.91262,20.69294],[85.91228,20.69972],[85.91768,20.70173],[85.92672,20.69903],[85.92971,20.69924],[85.93182,20.70094],[85.93207,20.69995],[85.9334,20.69916],[85.93249,20.69638],[85.93506,20.69679],[85.93665,20.69436],[85.94032,20.69111],[85.94182,20.69145],[85.94294,20.69331],[85.94588,20.69145],[85.95193,20.68941],[85.9604,20.68394],[85.96043,20.68129],[85.96251,20.67942],[85.96462,20.67548],[85.96699,20.67295],[85.96703,20.6676],[85.96777,20.66582],[85.96898,20.66511],[85.97312,20.66835],[85.97561,20.66847],[85.98727,20.66088],[85.9883,20.65947],[85.98938,20.65218],[85.99469,20.6443],[86.00593,20.64061],[86.00476,20.63754],[86.00684,20.62522],[86.01136,20.62099],[86.01314,20.62012],[86.01637,20.62018],[86.01833,20.61817],[86.02243,20.61701],[86.02442,20.6144],[86.02761,20.61365],[86.03226,20.60988],[86.03661,20.6049],[86.0396,20.60465],[86.04101,20.60084],[86.04544,20.59935],[86.04366,20.59329],[86.0442,20.59151],[86.0471,20.59072],[86.05141,20.58823],[86.05801,20.59205],[86.06514,20.59375],[86.06622,20.59582],[86.06879,20.59644],[86.07132,20.59838],[86.07779,20.59575],[86.08007,20.59409],[86.08415,20.60255],[86.08222,20.60555],[86.08324,20.60865],[86.08302,20.611],[86.08907,20.61618],[86.09251,20.61722],[86.0972,20.61689],[86.09889,20.61631],[86.10233,20.61349],[86.10387,20.61336],[86.10594,20.6144],[86.1081,20.61324],[86.1094,20.61584],[86.1103,20.61622],[86.11395,20.61461],[86.11702,20.61432],[86.11776,20.61278],[86.11876,20.61249],[86.12091,20.61967],[86.12382,20.62219],[86.12431,20.62618],[86.12928,20.62565],[86.13097,20.62786],[86.1367,20.6312],[86.14199,20.63162],[86.14489,20.63841],[86.14688,20.63919],[86.14659,20.64157],[86.15482,20.6426],[86.16222,20.6477],[86.16545,20.64662],[86.16607,20.64305],[86.16719,20.64181],[86.16843,20.64156],[86.17532,20.64318],[86.17669,20.64417],[86.17603,20.64849],[86.1764,20.65018],[86.17922,20.65399],[86.18125,20.65565],[86.18216,20.65554],[86.18168,20.65169],[86.18349,20.65046],[86.1842,20.65073],[86.18409,20.65207],[86.18708,20.65522],[86.18943,20.65639],[86.19312,20.65436],[86.19419,20.65126],[86.19286,20.64795],[86.19179,20.63806],[86.18809,20.64127],[86.18581,20.64131],[86.18407,20.64102],[86.18423,20.6375],[86.17194,20.63717],[86.16902,20.63844],[86.16776,20.63828],[86.16627,20.6394],[86.16558,20.63881],[86.16602,20.63701],[86.17354,20.63434],[86.17606,20.63497],[86.18701,20.63206],[86.18755,20.62796],[86.18585,20.62613],[86.18597,20.6251],[86.19058,20.62427],[86.19444,20.62738],[86.19572,20.63074],[86.20302,20.62934],[86.20499,20.63207],[86.2104,20.62757],[86.20889,20.62228],[86.20895,20.62025],[86.21445,20.61528],[86.21537,20.61517],[86.22092,20.60939],[86.226,20.60757],[86.24242,20.60774],[86.25638,20.60319],[86.2567,20.60121],[86.2606,20.60033],[86.26097,20.59541],[86.26283,20.58915],[86.26729,20.58658],[86.26859,20.58382],[86.2711,20.58285],[86.27995,20.58341],[86.28311,20.58146],[86.28091,20.57892],[86.27655,20.56564],[86.27486,20.5637],[86.2715,20.56302],[86.26907,20.56383],[86.26651,20.56308],[86.26258,20.56395],[86.25953,20.56171],[86.26775,20.56183],[86.26813,20.55928],[86.2705,20.55996],[86.27306,20.55803],[86.26769,20.55416],[86.26632,20.55105],[86.26539,20.55055],[86.26489,20.54799],[86.26065,20.54662],[86.25828,20.5445],[86.25142,20.54114],[86.2513,20.54001],[86.25248,20.53939],[86.25043,20.53633],[86.25155,20.53309],[86.25117,20.53023],[86.25273,20.52867],[86.25391,20.5281],[86.25578,20.52854],[86.25784,20.53141],[86.25884,20.53147],[86.26196,20.52823],[86.26888,20.52306],[86.27679,20.52062],[86.27805,20.51801],[86.27711,20.51607],[86.27493,20.51427],[86.27412,20.50922],[86.27131,20.5076],[86.27087,20.50572],[86.27119,20.50435],[86.27449,20.50124],[86.27828,20.49554],[86.27843,20.49367],[86.27658,20.49223],[86.27622,20.49032],[86.27342,20.48852],[86.27106,20.48842],[86.26707,20.49014],[86.26501,20.48542],[86.26509,20.48458],[86.26953,20.48196],[86.26907,20.48069],[86.26759,20.47976],[86.26657,20.47706],[86.26717,20.4752],[86.26644,20.47415],[86.26636,20.4709],[86.26775,20.4684],[86.2678,20.46697],[86.27105,20.46671],[86.27045,20.45552],[86.271,20.45472],[86.2735,20.45434],[86.27312,20.45046],[86.26691,20.4497],[86.26615,20.44856],[86.26699,20.44797],[86.27071,20.44813],[86.27743,20.44476],[86.2757,20.44298],[86.2721,20.44286],[86.26915,20.4391],[86.26902,20.43715],[86.27172,20.43593],[86.27253,20.4339],[86.27054,20.42478],[86.27126,20.42411],[86.27422,20.42474],[86.27658,20.42415],[86.27882,20.42195],[86.27616,20.41659],[86.27358,20.41385],[86.27447,20.40958],[86.27307,20.40481],[86.26987,20.4059],[86.26822,20.40553],[86.2691,20.40206],[86.26839,20.39749],[86.26727,20.40176],[86.26569,20.4033],[86.26386,20.40378],[86.25851,20.40045],[86.25375,20.39364],[86.24971,20.39253],[86.24708,20.39477],[86.24452,20.40038],[86.24255,20.40159],[86.24049,20.40178],[86.23877,20.40075],[86.23658,20.39671],[86.23282,20.39248],[86.2265,20.39067],[86.22351,20.39142],[86.22112,20.39361],[86.2066,20.39368],[86.20473,20.39462],[86.20155,20.39783],[86.20015,20.39824],[86.19785,20.39761],[86.19019,20.39796],[86.1892,20.39744],[86.18868,20.39596],[86.18668,20.39618],[86.18468,20.3971],[86.18379,20.3991],[86.1824,20.39933],[86.17992,20.40214],[86.17124,20.40305],[86.1699,20.40863],[86.16849,20.41046],[86.16723,20.4104],[86.16563,20.40828],[86.1637,20.40732],[86.16293,20.40579],[86.161,20.40608],[86.16161,20.41269],[86.16108,20.41446],[86.15956,20.41584],[86.15597,20.41649],[86.15163,20.41411],[86.14972,20.41432],[86.14781,20.41959],[86.1424,20.42215],[86.14053,20.42708],[86.13656,20.42999],[86.13657,20.43172],[86.14164,20.43943],[86.13935,20.44012],[86.13486,20.44004],[86.13112,20.43571],[86.12383,20.43918],[86.1226,20.44231],[86.119,20.44196],[86.11658,20.44308],[86.11523,20.44487],[86.1151,20.44733],[86.112,20.44654],[86.10798,20.44884],[86.10613,20.44904],[86.10395,20.45193],[86.1011,20.453],[86.10065,20.45603],[86.09834,20.45375],[86.09578,20.45369],[86.09184,20.45223],[86.08984,20.4545],[86.09594,20.46181],[86.0927,20.46368],[86.08242,20.46401],[86.0683,20.46157],[86.02347,20.44488],[86.02801,20.439],[86.03133,20.43621],[86.03323,20.43181],[86.03337,20.43018],[86.03255,20.42896],[86.02472,20.43033],[86.02244,20.42926],[86.02201,20.42761],[86.02316,20.42614],[86.02752,20.42492],[86.02873,20.42385],[86.02892,20.42181],[86.02663,20.4202],[86.02634,20.41817],[86.02718,20.41617],[86.03042,20.41334],[86.03078,20.41159],[86.03207,20.41055],[86.03024,20.40505],[86.02762,20.40204],[86.02451,20.39575],[86.0202,20.39166],[86.01899,20.38806],[86.01531,20.38141],[86.01487,20.37794],[86.02222,20.36357],[86.02473,20.35586],[86.02522,20.34994],[86.03542,20.33773],[86.03498,20.33638],[86.03024,20.3327],[86.02942,20.32537],[86.03074,20.32071],[86.0308,20.31527],[86.03514,20.30919],[86.03664,20.30327],[86.03648,20.29901],[86.03516,20.2938],[86.03908,20.29233],[86.04184,20.28423],[86.04984,20.27622],[86.05627,20.27197],[86.06905,20.26579],[86.07157,20.25896],[86.0712,20.25153],[86.07519,20.2464],[86.08041,20.24281],[86.09103,20.23776],[86.09514,20.23432],[86.10229,20.23273],[86.10646,20.23289],[86.11326,20.23049],[86.12731,20.22107],[86.12982,20.22223],[86.13441,20.2193],[86.1373,20.21967],[86.14214,20.21871],[86.14668,20.2191],[86.14931,20.21731],[86.15334,20.21161],[86.15008,20.19995],[86.14842,20.19778],[86.14701,20.19738],[86.14154,20.20001],[86.14063,20.1976],[86.14089,20.19449],[86.14226,20.19297],[86.14581,20.19183],[86.14915,20.18979],[86.15147,20.18516],[86.15237,20.17688],[86.15801,20.17426],[86.16433,20.17308],[86.16792,20.17031],[86.16893,20.1686],[86.1693,20.16601],[86.16651,20.16573],[86.16163,20.16974],[86.15881,20.17058],[86.15051,20.17173],[86.14812,20.17049],[86.14513,20.16685],[86.14455,20.16487],[86.14624,20.16308],[86.14661,20.15988],[86.15008,20.15882],[86.1498,20.15648],[86.1439,20.14287],[86.14438,20.14194],[86.15417,20.13654],[86.15814,20.13347],[86.15842,20.13003],[86.15644,20.1211],[86.16139,20.11722],[86.16373,20.11656],[86.16664,20.11285],[86.16621,20.10858],[86.16219,20.10708],[86.16078,20.10119],[86.15684,20.0999],[86.15562,20.09082],[86.15933,20.08801],[86.16239,20.08401],[86.16785,20.08157],[86.16972,20.07513],[86.17039,20.0698],[86.17659,20.06258],[86.18488,20.05538],[86.18524,20.04952],[86.17604,20.04896],[86.17259,20.04756],[86.1703,20.04523],[86.17097,20.04027],[86.16932,20.0405],[86.16249,20.0444],[86.15498,20.042],[86.15335,20.04029],[86.14742,20.04346],[86.14465,20.04333],[86.13918,20.03886],[86.13463,20.03836],[86.12538,20.0384],[86.12046,20.04204],[86.11913,20.04452],[86.11862,20.04673],[86.1206,20.04912],[86.12437,20.0528],[86.12925,20.05602],[86.12405,20.06053],[86.11858,20.06205],[86.11227,20.066],[86.11039,20.066],[86.09875,20.06462],[86.09309,20.06145],[86.0913,20.05754],[86.08923,20.05754],[86.08693,20.0643],[86.08137,20.06862],[86.08022,20.07101],[86.07732,20.07249],[86.08003,20.07474],[86.07755,20.07667],[86.07883,20.07906],[86.07787,20.08256],[86.08381,20.08435],[86.08992,20.08454],[86.09186,20.08904],[86.08744,20.10027],[86.08164,20.10422],[86.07858,20.11052],[86.07612,20.11137],[86.07403,20.10987],[86.07304,20.11031],[86.0715,20.11229],[86.07337,20.11757],[86.0704,20.11944],[86.06721,20.12284],[86.05853,20.12438],[86.04951,20.13274],[86.04357,20.13197],[86.03796,20.13373],[86.03764,20.1367],[86.03379,20.14],[86.03401,20.14165],[86.04379,20.14077],[86.04643,20.13978],[86.05029,20.14566],[86.04874,20.15193],[86.04731,20.1538],[86.04979,20.1583],[86.05336,20.15841],[86.05578,20.16281],[86.04633,20.16814],[86.04698,20.16963],[86.04346,20.17311],[86.04346,20.17612],[86.03983,20.17853],[86.03709,20.17463],[86.03664,20.17282],[86.03835,20.17155],[86.03621,20.1693],[86.03368,20.16869],[86.03159,20.1671],[86.03033,20.16688],[86.0267,20.1682],[86.02407,20.16667],[86.02455,20.17089],[86.02351,20.1732],[86.02457,20.17766],[86.02906,20.17754],[86.03011,20.18156],[86.02477,20.1815],[86.02373,20.18403],[86.02131,20.18398],[86.01939,20.18623],[86.01575,20.20228],[86.01318,20.20811],[86.01009,20.20844],[86.00718,20.21949],[86.00729,20.22279],[86.00647,20.22427],[86.0046,20.22493],[86.00246,20.22323],[85.99438,20.22549],[85.99137,20.22878],[85.99077,20.23115],[85.98557,20.23485],[85.98431,20.23727],[85.97214,20.24213],[85.97063,20.24548],[85.96175,20.25199],[85.95802,20.25537],[85.9555,20.2591],[85.95293,20.26065],[85.95451,20.26215],[85.95293,20.26306],[85.95255,20.26508],[85.95322,20.26732],[85.95242,20.26862],[85.94976,20.26862],[85.94553,20.26724],[85.94157,20.27101],[85.93808,20.26669],[85.93633,20.26706],[85.93453,20.27128],[85.93293,20.27285],[85.9332,20.27386],[85.93983,20.27763],[85.9413,20.2792],[85.94112,20.28048],[85.93735,20.28646],[85.92953,20.2894],[85.92474,20.29382],[85.9241,20.30145],[85.92226,20.3043],[85.92226,20.30651],[85.91656,20.30816],[85.91289,20.3135],[85.91408,20.31883],[85.91675,20.32094],[85.91748,20.3249],[85.92181,20.32361],[85.9207,20.32113],[85.92061,20.31579],[85.92254,20.31515],[85.92309,20.31386],[85.92842,20.31],[85.93063,20.31074],[85.93091,20.31515],[85.92934,20.31956],[85.92925,20.3272],[85.92833,20.32876],[85.92576,20.3306],[85.92033,20.33317],[85.91859,20.3374],[85.9184,20.34118],[85.91923,20.34393],[85.91711,20.34623],[85.91482,20.34816],[85.91187,20.34816],[85.90958,20.35037],[85.90387,20.35092],[85.90139,20.35239],[85.89937,20.35616],[85.89937,20.36186],[85.90056,20.36701],[85.89937,20.36968],[85.89806,20.36977],[85.89551,20.36481],[85.89357,20.36306],[85.89495,20.36104],[85.8944,20.35883],[85.88879,20.35764],[85.88521,20.358],[85.88465,20.35672],[85.88181,20.35432],[85.88125,20.34991],[85.87864,20.34651],[85.87735,20.34851],[85.87414,20.3508],[85.87213,20.35794],[85.87212,20.36063],[85.8734,20.36289],[85.86984,20.36524],[85.86898,20.36771],[85.87,20.37445],[85.86253,20.37702],[85.86055,20.38323],[85.8609,20.38697],[85.86199,20.38894],[85.86961,20.39287],[85.87095,20.39495],[85.87336,20.40112],[85.87454,20.4076],[85.87455,20.41272],[85.86913,20.41343],[85.86759,20.4126],[85.86624,20.40117],[85.85571,20.40055],[85.85406,20.40106],[85.84798,20.40605],[85.84223,20.40909],[85.83877,20.40435],[85.83723,20.40458],[85.83498,20.40371],[85.83222,20.4052],[85.8305,20.40407],[85.83073,20.4051],[85.82977,20.40595],[85.82661,20.4072],[85.82074,20.41189],[85.82166,20.41584],[85.82037,20.41704],[85.8189,20.42403],[85.81734,20.42614],[85.81541,20.42725],[85.81329,20.42679],[85.81063,20.42752],[85.81035,20.42908],[85.80851,20.43148],[85.80813,20.43473],[85.8025,20.435],[85.80196,20.43275],[85.79977,20.43211],[85.80038,20.43085],[85.79855,20.43027],[85.79533,20.42692],[85.78722,20.43363],[85.7859,20.42994],[85.78123,20.42181],[85.7827,20.42141],[85.7837,20.41692],[85.78548,20.41646],[85.78791,20.41785],[85.78852,20.41757],[85.78825,20.41146],[85.78697,20.41042],[85.78068,20.40919],[85.77641,20.40751],[85.77531,20.40653],[85.7738,20.40301],[85.77184,20.40439],[85.76759,20.41261],[85.7612,20.4062],[85.75191,20.40542],[85.74745,20.40812],[85.74506,20.40747],[85.74451,20.40582],[85.74166,20.4049],[85.73991,20.40803],[85.73596,20.40987],[85.73412,20.40977],[85.7183,20.40343],[85.71527,20.40058],[85.71509,20.39561],[85.71389,20.39194],[85.71277,20.39063],[85.70883,20.38899],[85.70791,20.38706],[85.70635,20.38108],[85.70672,20.37676],[85.70405,20.3717],[85.70139,20.36159],[85.69964,20.35865],[85.69862,20.35423],[85.69164,20.34522],[85.68878,20.34467],[85.68723,20.34265],[85.68437,20.34099],[85.6812,20.33651],[85.68033,20.33474],[85.68042,20.32895],[85.67914,20.32433],[85.67519,20.3276],[85.66681,20.33078],[85.6612,20.33088],[85.65182,20.32324],[85.64915,20.32462],[85.64538,20.32517],[85.64226,20.32195],[85.63922,20.32058],[85.63232,20.31305],[85.63161,20.31143],[85.63181,20.30803],[85.63087,20.30313],[85.63506,20.30084],[85.63514,20.30012],[85.62628,20.29423],[85.62521,20.2917],[85.62015,20.29391],[85.61771,20.29595],[85.61039,20.29628],[85.60368,20.29835],[85.59913,20.29654],[85.59487,20.29678],[85.5872,20.29918],[85.58268,20.30148],[85.57781,20.29989],[85.57375,20.29749],[85.57136,20.29786],[85.56896,20.29933],[85.56667,20.29878],[85.56528,20.30007],[85.56492,20.3031],[85.56188,20.30457],[85.55904,20.30963],[85.55379,20.31248],[85.55241,20.31248],[85.55122,20.31074],[85.55131,20.30853],[85.54965,20.3077],[85.54929,20.3066],[85.55012,20.30301],[85.55122,20.302],[85.55076,20.30154],[85.54809,20.30163],[85.54726,20.30071],[85.54331,20.30108],[85.53973,20.30053],[85.53595,20.30154],[85.53255,20.3055],[85.52961,20.30596],[85.52805,20.3055],[85.52676,20.30448],[85.52602,20.30255],[85.52335,20.29299],[85.51839,20.29345],[85.51701,20.29189],[85.51517,20.2917],[85.51305,20.29041],[85.51012,20.29051],[85.5069,20.29235],[85.50322,20.29271],[85.50049,20.29451],[85.4968,20.29565],[85.48957,20.29688],[85.48197,20.29688],[85.47735,20.29803],[85.47662,20.29688],[85.47185,20.29615],[85.46223,20.29601],[85.45934,20.28639],[85.45702,20.28256],[85.4558,20.27735],[85.45594,20.27641],[85.45702,20.27612],[85.45796,20.27127],[85.45594,20.2665],[85.45283,20.26325],[85.44813,20.26368],[85.438,20.26766],[85.43258,20.27236],[85.42925,20.27308],[85.42202,20.27171],[85.42188,20.27055],[85.42021,20.26997],[85.41818,20.26621],[85.41182,20.2613],[85.40929,20.25609],[85.40047,20.25659],[85.39808,20.25891],[85.39758,20.26086],[85.39793,20.26484],[85.39598,20.26976],[85.39627,20.27388],[85.39714,20.27424],[85.39764,20.27663],[85.38691,20.28069],[85.38599,20.28336],[85.38471,20.284],[85.38343,20.28423],[85.38228,20.28254],[85.37935,20.28256],[85.3766,20.27778],[85.37544,20.27771],[85.37399,20.27627],[85.37132,20.27612],[85.36524,20.27337],[85.36192,20.27446],[85.3583,20.2725],[85.35787,20.27127],[85.35426,20.27243],[85.35064,20.27178],[85.34163,20.27324],[85.33628,20.27084],[85.33736,20.27346],[85.33608,20.27473],[85.33656,20.27624],[85.33545,20.27648],[85.33421,20.27868],[85.33443,20.28038],[85.33613,20.28201],[85.33563,20.28265],[85.3384,20.28265],[85.33855,20.28365],[85.34046,20.28414],[85.34579,20.28329],[85.34521,20.28443],[85.34671,20.28478],[85.34557,20.2862],[85.34586,20.2867],[85.34884,20.28677],[85.3482,20.28748],[85.34827,20.28947],[85.34927,20.29053],[85.35082,20.2906],[85.35189,20.29195],[85.35189,20.29614],[85.35331,20.29855],[85.35715,20.30106],[85.35455,20.30515],[85.35609,20.3103],[85.3549,20.3125],[85.35544,20.31378],[85.35336,20.3144],[85.35306,20.31512],[85.3541,20.31618],[85.35323,20.31705],[85.35097,20.31628],[85.35025,20.31744],[85.35034,20.31863],[85.352,20.3194],[85.35267,20.32072],[85.35146,20.32188],[85.35365,20.32722],[85.35225,20.32859],[85.35228,20.32957],[85.35387,20.32964],[85.35487,20.32815],[85.35601,20.32815],[85.35658,20.329],[85.35629,20.33142],[85.35352,20.33298],[85.35352,20.33433],[85.35636,20.33624],[85.35863,20.33511],[85.35928,20.33539],[85.35856,20.34164],[85.35913,20.34327],[85.36111,20.3449],[85.36382,20.34654],[85.36594,20.34654],[85.36835,20.34789],[85.36949,20.34959],[85.37503,20.35023],[85.37447,20.35299],[85.37581,20.35541],[85.37049,20.3547],[85.36971,20.36613],[85.3553,20.36194],[85.34884,20.36158],[85.3438,20.35796],[85.33975,20.35704],[85.33507,20.35676],[85.32137,20.35811],[85.31668,20.35768],[85.311,20.35818],[85.29446,20.35718],[85.28744,20.35846],[85.27622,20.35761],[85.27225,20.35811],[85.26799,20.35981],[85.26337,20.36364],[85.25202,20.36724],[85.24063,20.36863],[85.21263,20.37402],[85.20567,20.3782],[85.19802,20.38029],[85.1962,20.37994],[85.1905,20.37665],[85.18768,20.3762],[85.16872,20.37872],[85.16116,20.37759],[85.14672,20.38637],[85.13898,20.38646],[85.13481,20.39115],[85.12533,20.39689],[85.12046,20.40315],[85.11733,20.40611],[85.11507,20.40724],[85.11081,20.40828],[85.10177,20.41202],[85.09473,20.41185],[85.08064,20.4162],[85.07533,20.41663],[85.07159,20.42124],[85.06159,20.42411],[85.04959,20.4295],[85.04247,20.43411],[85.03873,20.43837],[85.03429,20.44167],[85.02777,20.44463],[85.01525,20.44872],[85.01073,20.45159],[84.99977,20.46012],[84.99216,20.46714],[84.97868,20.47269],[84.95296,20.48705],[84.9369,20.49222],[84.92405,20.49493],[84.91762,20.49537],[84.89733,20.49386],[84.89223,20.49474],[84.88385,20.49814],[84.87597,20.50211],[84.87068,20.50797],[84.85934,20.51679],[84.85033,20.52747]]]}},{"type":"Feature","properties":{"DISTRICT":"DEOGARH","CODE":8},"geometry":{"type":"Polygon","coordinates":[[[84.3943,21.42692],[84.39509,21.43549],[84.39721,21.4369],[84.40271,21.43722],[84.41088,21.4413],[84.41167,21.44256],[84.41002,21.44814],[84.41042,21.45003],[84.41647,21.45435],[84.41458,21.45584],[84.41489,21.45741],[84.4138,21.46252],[84.4116,21.46439],[84.41167,21.4659],[84.40994,21.46999],[84.4101,21.47282],[84.40939,21.47361],[84.40986,21.4762],[84.42078,21.48453],[84.42307,21.48382],[84.42495,21.4845],[84.42947,21.48254],[84.43194,21.48263],[84.43537,21.48365],[84.44066,21.48898],[84.44578,21.4898],[84.44743,21.49137],[84.44846,21.49365],[84.44861,21.50174],[84.44743,21.50528],[84.44468,21.50779],[84.44209,21.51243],[84.44303,21.51573],[84.44492,21.51848],[84.45113,21.51833],[84.45938,21.51605],[84.46048,21.5166],[84.46103,21.5195],[84.46346,21.52344],[84.46928,21.52351],[84.47698,21.52548],[84.4846,21.52343],[84.49026,21.52449],[84.49653,21.52381],[84.50347,21.52166],[84.50452,21.52215],[84.5051,21.52392],[84.5034,21.52764],[84.49675,21.53343],[84.50543,21.54756],[84.50607,21.55094],[84.50292,21.55747],[84.49977,21.5687],[84.49797,21.57256],[84.49443,21.5757],[84.49113,21.57696],[84.49121,21.57798],[84.49388,21.57963],[84.49899,21.57719],[84.50622,21.57507],[84.51227,21.57185],[84.51235,21.57963],[84.5129,21.58097],[84.51888,21.57884],[84.53074,21.57287],[84.53648,21.56784],[84.54009,21.57067],[84.53569,21.5757],[84.53514,21.57727],[84.5452,21.58285],[84.54685,21.58301],[84.55212,21.5801],[84.5584,21.58034],[84.5687,21.57664],[84.57216,21.58049],[84.57192,21.5812],[84.56799,21.58254],[84.56202,21.58623],[84.56053,21.5878],[84.56006,21.58993],[84.55864,21.59103],[84.55267,21.5915],[84.54795,21.59433],[84.5452,21.60054],[84.54214,21.60321],[84.53443,21.60557],[84.53397,21.60651],[84.53648,21.61138],[84.52728,21.62081],[84.52681,21.62231],[84.52752,21.62349],[84.5265,21.62474],[84.52359,21.62608],[84.51888,21.62176],[84.5144,21.62066],[84.51266,21.62081],[84.51093,21.62364],[84.50315,21.62388],[84.50084,21.62547],[84.50019,21.62744],[84.49301,21.63497],[84.48775,21.63848],[84.48718,21.64124],[84.48897,21.64389],[84.48702,21.64583],[84.48941,21.65022],[84.49374,21.65332],[84.49635,21.65944],[84.49385,21.6666],[84.49564,21.6699],[84.49488,21.67229],[84.49528,21.67321],[84.50198,21.67896],[84.50478,21.68476],[84.509,21.68693],[84.51318,21.68635],[84.5279,21.68043],[84.5355,21.67816],[84.54437,21.67885],[84.54595,21.68007],[84.54669,21.68371],[84.54733,21.68408],[84.55244,21.68508],[84.5583,21.68434],[84.56136,21.68877],[84.56078,21.69316],[84.56226,21.70012],[84.57018,21.7025],[84.58301,21.7016],[84.59525,21.69669],[84.61795,21.69775],[84.62629,21.69606],[84.63131,21.69759],[84.63278,21.69933],[84.63885,21.71385],[84.64017,21.72372],[84.63912,21.72857],[84.63943,21.73317],[84.63669,21.73496],[84.63294,21.73602],[84.63258,21.73797],[84.63342,21.73955],[84.63484,21.7404],[84.64234,21.74014],[84.64545,21.74114],[84.64894,21.74362],[84.6515,21.74833],[84.65005,21.7531],[84.6504,21.75576],[84.65453,21.76173],[84.65501,21.76503],[84.65729,21.76395],[84.66198,21.76414],[84.66429,21.76336],[84.68014,21.74923],[84.68066,21.74724],[84.67734,21.73788],[84.67727,21.73548],[84.67821,21.73396],[84.68225,21.73079],[84.6891,21.71531],[84.69395,21.70897],[84.6992,21.70744],[84.70507,21.70681],[84.70953,21.71022],[84.71492,21.71058],[84.7156,21.71109],[84.71574,21.71299],[84.7206,21.71627],[84.72435,21.70455],[84.73215,21.69249],[84.73336,21.69109],[84.74333,21.6859],[84.74891,21.68184],[84.7486,21.67913],[84.74704,21.67789],[84.74599,21.67519],[84.74403,21.67332],[84.74319,21.66916],[84.74434,21.66844],[84.74787,21.66875],[84.74901,21.66511],[84.75088,21.66355],[84.75161,21.65317],[84.75545,21.6407],[84.75441,21.62824],[84.75472,21.62709],[84.75888,21.62419],[84.78069,21.62523],[84.78412,21.62689],[84.78526,21.62969],[84.78641,21.63032],[84.78941,21.62969],[84.79035,21.63177],[84.79233,21.6327],[84.79368,21.6352],[84.79523,21.63613],[84.79513,21.6379],[84.79409,21.63842],[84.78776,21.63883],[84.78641,21.63966],[84.78443,21.64299],[84.78506,21.64725],[84.78432,21.65109],[84.78745,21.65514],[84.7917,21.66792],[84.81518,21.66241],[84.8184,21.66262],[84.82941,21.65971],[84.83523,21.66002],[84.83751,21.6593],[84.84415,21.65909],[84.85631,21.65992],[84.85683,21.65971],[84.85839,21.6515],[84.86244,21.6514],[84.87127,21.65369],[84.87428,21.65639],[84.87823,21.6567],[84.88041,21.65763],[84.88383,21.65711],[84.88757,21.65846],[84.90263,21.65805],[84.90337,21.66283],[84.90596,21.66813],[84.91323,21.66854],[84.91635,21.66958],[84.92154,21.66906],[84.92632,21.66709],[84.92944,21.66677],[84.94065,21.65971],[84.94377,21.65867],[84.94637,21.66013],[84.94938,21.66324],[84.95343,21.66314],[84.95592,21.66407],[84.95592,21.67778],[84.95842,21.68194],[84.95841,21.6837],[84.96693,21.68256],[84.96922,21.68111],[84.9741,21.67477],[84.97774,21.67197],[84.98137,21.67519],[84.98241,21.67332],[84.98314,21.67352],[84.98418,21.67778],[84.98345,21.68017],[84.98532,21.68152],[84.98708,21.68121],[84.99093,21.6782],[85.00012,21.68138],[85.00208,21.67979],[85.01025,21.67632],[85.01426,21.67637],[85.02434,21.67465],[85.02834,21.67148],[85.0314,21.66506],[85.03297,21.65818],[85.03224,21.6562],[85.02824,21.65251],[85.02979,21.65075],[85.03167,21.64181],[85.03156,21.63749],[85.03016,21.6325],[85.03177,21.62991],[85.03151,21.62705],[85.03245,21.62621],[85.03484,21.62616],[85.03681,21.62393],[85.03951,21.62253],[85.04144,21.61676],[85.03946,21.61437],[85.03936,21.61016],[85.03733,21.60751],[85.04008,21.60246],[85.04025,21.59955],[85.04502,21.59638],[85.04591,21.59295],[85.04913,21.59145],[85.05084,21.58973],[85.05334,21.58848],[85.05656,21.58947],[85.05869,21.59114],[85.06254,21.5916],[85.06675,21.59067],[85.06836,21.59763],[85.07439,21.60013],[85.07761,21.60033],[85.07844,21.60246],[85.07943,21.60283],[85.0853,21.60137],[85.08884,21.60262],[85.09663,21.6008],[85.09866,21.59789],[85.10032,21.59685],[85.10464,21.59607],[85.10651,21.59373],[85.1077,21.59332],[85.11789,21.59472],[85.12205,21.59649],[85.12392,21.59815],[85.12813,21.59711],[85.13275,21.59851],[85.13712,21.59784],[85.14626,21.59431],[85.1499,21.59163],[85.15648,21.59009],[85.15938,21.58961],[85.16404,21.59077],[85.16856,21.58946],[85.17251,21.59027],[85.17804,21.58802],[85.1822,21.58919],[85.18874,21.58881],[85.19264,21.58681],[85.19514,21.58295],[85.20155,21.57883],[85.20216,21.57216],[85.20554,21.56969],[85.20692,21.56737],[85.20601,21.56186],[85.20855,21.55925],[85.21347,21.55753],[85.21503,21.55374],[85.21426,21.5504],[85.21078,21.54677],[85.20924,21.54063],[85.21165,21.53489],[85.21074,21.5316],[85.20975,21.53132],[85.20743,21.53238],[85.2038,21.53102],[85.20615,21.52769],[85.20501,21.52035],[85.20047,21.51428],[85.18285,21.50059],[85.17602,21.48488],[85.16845,21.47999],[85.16449,21.47603],[85.16284,21.47204],[85.16294,21.46876],[85.16029,21.46228],[85.156,21.45936],[85.15212,21.45846],[85.15186,21.45668],[85.15031,21.45781],[85.14886,21.45688],[85.14587,21.45688],[85.14254,21.46157],[85.13823,21.46217],[85.13813,21.45988],[85.13587,21.45785],[85.12847,21.45526],[85.11956,21.45356],[85.11111,21.45698],[85.10682,21.4579],[85.08155,21.45765],[85.07822,21.45684],[85.07338,21.45382],[85.06718,21.45282],[85.06519,21.45065],[85.06281,21.44133],[85.06213,21.44131],[85.05671,21.44365],[85.05325,21.44669],[85.04938,21.44758],[85.04531,21.44963],[85.03557,21.45218],[85.03376,21.45358],[85.0237,21.4573],[85.02379,21.45576],[85.02824,21.4478],[85.02803,21.44679],[85.02136,21.44324],[85.01006,21.44308],[85.00475,21.44112],[85.00288,21.43983],[85.00151,21.43774],[84.99964,21.43365],[85.00086,21.43075],[84.99906,21.42848],[84.9962,21.41908],[84.99421,21.41601],[84.99427,21.41132],[84.99577,21.40751],[84.99613,21.40134],[84.99978,21.39727],[85.00184,21.39752],[85.00231,21.3946],[85.00514,21.39236],[85.00568,21.38862],[85.0078,21.38771],[85.00856,21.38421],[85.00829,21.38141],[85.00965,21.37864],[85.0088,21.37542],[85.00983,21.37081],[85.00826,21.3679],[85.00984,21.3655],[85.0089,21.36185],[85.01112,21.36068],[85.01222,21.35522],[85.01021,21.35369],[85.00909,21.34762],[85.0094,21.34632],[85.0118,21.34386],[85.01476,21.33297],[85.01095,21.32554],[85.01048,21.32287],[85.01358,21.31499],[85.01658,21.31505],[85.01703,21.31004],[85.01924,21.30874],[85.0231,21.30939],[85.02618,21.30868],[85.03108,21.30503],[85.03196,21.30029],[85.03671,21.29832],[85.03704,21.29535],[85.03628,21.29233],[85.03582,21.29172],[85.03325,21.29189],[85.02143,21.29585],[85.01297,21.29663],[85.01176,21.29232],[85.00484,21.2868],[84.99562,21.28791],[84.99271,21.2864],[84.99071,21.2863],[84.98359,21.2868],[84.97045,21.29372],[84.95992,21.29665],[84.95561,21.29362],[84.93475,21.284],[84.9162,21.27257],[84.91029,21.26765],[84.90547,21.26174],[84.90256,21.26043],[84.90045,21.25843],[84.90086,21.25542],[84.90437,21.2502],[84.90656,21.24946],[84.91293,21.24491],[84.91924,21.23936],[84.92799,21.2331],[84.9306,21.22482],[84.93698,21.21226],[84.94043,21.20216],[84.94196,21.19527],[84.95094,21.19113],[84.95578,21.19225],[84.95905,21.19211],[84.96497,21.19081],[84.97208,21.18813],[84.96806,21.18307],[84.96864,21.17871],[84.96803,21.17791],[84.96464,21.17678],[84.96571,21.17508],[84.9651,21.1729],[84.96616,21.16991],[84.96578,21.16638],[84.96456,21.16512],[84.97167,21.16049],[84.97068,21.15694],[84.96813,21.15546],[84.96436,21.14638],[84.95115,21.14713],[84.95116,21.14897],[84.94973,21.15265],[84.94963,21.15621],[84.95077,21.16377],[84.95267,21.16978],[84.95152,21.16992],[84.94736,21.17362],[84.94428,21.1749],[84.94044,21.17526],[84.93007,21.17992],[84.92994,21.17842],[84.93102,21.17647],[84.93027,21.17383],[84.93063,21.172],[84.92989,21.17074],[84.92986,21.16522],[84.93082,21.16384],[84.93116,21.16073],[84.92994,21.15914],[84.93185,21.1543],[84.93427,21.15326],[84.93426,21.15257],[84.92854,21.14651],[84.9278,21.14393],[84.9238,21.14344],[84.92088,21.14001],[84.91894,21.14014],[84.91136,21.14298],[84.90461,21.14646],[84.90267,21.14636],[84.90197,21.14957],[84.88711,21.15253],[84.88258,21.15629],[84.88286,21.15787],[84.88208,21.15948],[84.87885,21.16386],[84.8682,21.16508],[84.86288,21.16413],[84.84644,21.16839],[84.83578,21.16938],[84.82948,21.16879],[84.81989,21.17049],[84.8148,21.168],[84.8125,21.16796],[84.80905,21.1666],[84.80434,21.16663],[84.80094,21.16527],[84.8003,21.15943],[84.801,21.15598],[84.80256,21.15322],[84.80607,21.15316],[84.80872,21.15171],[84.8098,21.15044],[84.80943,21.14975],[84.81233,21.14916],[84.81208,21.14756],[84.81509,21.14559],[84.81434,21.14068],[84.81251,21.13759],[84.81056,21.13605],[84.80563,21.1401],[84.80408,21.14053],[84.80417,21.13671],[84.80064,21.13374],[84.8011,21.13007],[84.79696,21.13199],[84.79175,21.13081],[84.79094,21.13728],[84.78998,21.13797],[84.7786,21.14496],[84.76906,21.14651],[84.76507,21.14786],[84.76025,21.15179],[84.75618,21.15847],[84.74995,21.16056],[84.74729,21.16431],[84.74637,21.16885],[84.74128,21.17397],[84.7412,21.17598],[84.74794,21.17845],[84.74381,21.1868],[84.74224,21.18819],[84.74141,21.19072],[84.73984,21.19184],[84.73956,21.19586],[84.73307,21.19557],[84.72649,21.19885],[84.72399,21.19902],[84.72623,21.20435],[84.71844,21.20816],[84.72031,21.21174],[84.71975,21.21347],[84.72346,21.21663],[84.72338,21.21934],[84.72115,21.22003],[84.72115,21.22064],[84.72153,21.22299],[84.72478,21.22755],[84.73193,21.22915],[84.73183,21.22802],[84.736,21.22664],[84.73674,21.22716],[84.73563,21.22969],[84.7398,21.22805],[84.74176,21.23242],[84.7463,21.23331],[84.75135,21.23109],[84.75398,21.22908],[84.75586,21.22654],[84.75672,21.22947],[84.75913,21.23093],[84.75953,21.23194],[84.75928,21.23441],[84.76035,21.2368],[84.75999,21.24132],[84.76163,21.24233],[84.76539,21.24253],[84.76762,21.24471],[84.77021,21.24998],[84.77236,21.24986],[84.77206,21.25199],[84.76625,21.25286],[84.75481,21.25697],[84.75631,21.25926],[84.75621,21.26264],[84.76107,21.26952],[84.76102,21.27143],[84.75862,21.27521],[84.75544,21.27693],[84.75304,21.28081],[84.74989,21.28177],[84.75019,21.28256],[84.74178,21.28846],[84.73611,21.29415],[84.73563,21.29528],[84.73617,21.29768],[84.73504,21.30019],[84.73031,21.3036],[84.72753,21.30722],[84.7208,21.30925],[84.71314,21.31718],[84.70923,21.31957],[84.70703,21.32021],[84.70173,21.32011],[84.69835,21.32227],[84.69545,21.32154],[84.69221,21.32202],[84.68875,21.32156],[84.68504,21.32047],[84.67976,21.31721],[84.67272,21.31676],[84.66616,21.31519],[84.66041,21.31265],[84.66293,21.3075],[84.66836,21.30387],[84.66866,21.30281],[84.66156,21.3029],[84.65787,21.30149],[84.6534,21.30219],[84.64886,21.29993],[84.6468,21.29782],[84.64709,21.29569],[84.64513,21.29066],[84.63508,21.28916],[84.63435,21.2847],[84.63203,21.28151],[84.62874,21.27945],[84.63061,21.27819],[84.63152,21.27559],[84.62711,21.27493],[84.61447,21.27536],[84.60917,21.27243],[84.60818,21.27101],[84.6058,21.2651],[84.60555,21.26111],[84.59458,21.25716],[84.59006,21.25815],[84.58562,21.25692],[84.58165,21.25718],[84.57927,21.25288],[84.57172,21.25206],[84.56747,21.24916],[84.56609,21.24891],[84.5651,21.24994],[84.56458,21.25487],[84.56241,21.25743],[84.56351,21.25837],[84.56576,21.25859],[84.56638,21.26075],[84.57095,21.26498],[84.57176,21.26665],[84.57108,21.26876],[84.56775,21.27204],[84.57043,21.27515],[84.56835,21.27493],[84.56789,21.27549],[84.56781,21.27804],[84.57,21.28015],[84.56765,21.28017],[84.5687,21.28283],[84.56741,21.28476],[84.56876,21.28603],[84.567,21.28656],[84.56925,21.28962],[84.56779,21.29147],[84.57023,21.29178],[84.56963,21.29407],[84.57128,21.29395],[84.57127,21.2946],[84.56933,21.29775],[84.56682,21.29987],[84.56642,21.3015],[84.56776,21.30827],[84.56721,21.30915],[84.56531,21.30877],[84.56502,21.30963],[84.5657,21.3152],[84.56451,21.31689],[84.56638,21.31833],[84.56786,21.32108],[84.56784,21.3229],[84.5655,21.32513],[84.56446,21.32757],[84.56197,21.3293],[84.56014,21.33304],[84.55795,21.33511],[84.55895,21.3376],[84.55826,21.34144],[84.55514,21.34357],[84.55282,21.35045],[84.55289,21.35358],[84.55168,21.35704],[84.54645,21.36141],[84.54517,21.36597],[84.54806,21.37169],[84.54829,21.37284],[84.54755,21.37381],[84.53587,21.38251],[84.53139,21.38071],[84.52094,21.38116],[84.51833,21.37838],[84.51665,21.37407],[84.51402,21.37198],[84.50471,21.37562],[84.50169,21.37485],[84.50525,21.36998],[84.50549,21.36781],[84.50369,21.36431],[84.50036,21.36422],[84.48885,21.36884],[84.48775,21.36986],[84.48775,21.37127],[84.49176,21.37348],[84.49412,21.38094],[84.4931,21.38479],[84.49136,21.38786],[84.49113,21.39077],[84.485,21.38967],[84.48115,21.39313],[84.47353,21.3947],[84.46928,21.3943],[84.46613,21.39305],[84.45081,21.39313],[84.4479,21.39084],[84.44028,21.39022],[84.43698,21.38912],[84.42912,21.38534],[84.42645,21.38299],[84.41796,21.38291],[84.40357,21.37953],[84.40405,21.38204],[84.4053,21.38369],[84.40137,21.38424],[84.39619,21.3936],[84.39626,21.39509],[84.39799,21.39721],[84.39705,21.39933],[84.39737,21.40169],[84.40051,21.40696],[84.39973,21.40814],[84.39705,21.40955],[84.39729,21.41434],[84.39964,21.41639],[84.39973,21.41937],[84.39485,21.42527],[84.3943,21.42692]]]}},{"type":"Feature","properties":{"DISTRICT":"DHENKANAL","CODE":9},"geometry":{"type":"Polygon","coordinates":[[[85.11584,20.68274],[85.12692,20.70272],[85.1345,20.70863],[85.13684,20.71319],[85.13731,20.71671],[85.13632,20.71815],[85.13831,20.72121],[85.14202,20.73038],[85.15469,20.73274],[85.15469,20.73095],[85.15236,20.72581],[85.15639,20.71661],[85.15965,20.71178],[85.16194,20.70666],[85.16895,20.70686],[85.17262,20.70601],[85.1758,20.70354],[85.1771,20.70107],[85.17718,20.69916],[85.17403,20.69644],[85.17266,20.69136],[85.16759,20.68391],[85.16885,20.67902],[85.16784,20.67613],[85.16643,20.67682],[85.1659,20.67445],[85.16585,20.67307],[85.16683,20.67151],[85.16593,20.66978],[85.1674,20.66835],[85.16912,20.66795],[85.17124,20.66144],[85.17295,20.66064],[85.17973,20.66701],[85.18057,20.66932],[85.18689,20.67234],[85.19041,20.67523],[85.19569,20.67738],[85.19978,20.68547],[85.19804,20.68898],[85.19523,20.69058],[85.19478,20.69323],[85.19221,20.69444],[85.19082,20.70089],[85.19233,20.70325],[85.19743,20.70575],[85.19972,20.70922],[85.20126,20.71476],[85.20696,20.71859],[85.2058,20.72054],[85.20631,20.72475],[85.20483,20.72734],[85.20596,20.73051],[85.20589,20.73236],[85.20679,20.73346],[85.20905,20.73352],[85.20981,20.73739],[85.20931,20.73923],[85.21033,20.74045],[85.21033,20.74172],[85.21531,20.7441],[85.21576,20.74837],[85.21893,20.75146],[85.21799,20.75356],[85.21287,20.75251],[85.20882,20.75623],[85.20814,20.75835],[85.21006,20.76444],[85.20992,20.76863],[85.20548,20.77424],[85.19837,20.78042],[85.19743,20.78415],[85.1982,20.78607],[85.20058,20.78886],[85.20436,20.7902],[85.20931,20.78884],[85.21526,20.78581],[85.2169,20.78593],[85.21836,20.78749],[85.21976,20.7922],[85.2226,20.79399],[85.23772,20.79147],[85.24122,20.79322],[85.24588,20.79425],[85.25352,20.79399],[85.2576,20.79529],[85.25592,20.8019],[85.25832,20.81064],[85.25385,20.82411],[85.25443,20.82909],[85.25391,20.83337],[85.2578,20.83939],[85.25825,20.84133],[85.25948,20.8618],[85.26045,20.86283],[85.25948,20.8653],[85.26038,20.87404],[85.25741,20.87689],[85.25708,20.87883],[85.25151,20.88155],[85.25022,20.88356],[85.25236,20.88518],[85.25747,20.88498],[85.25916,20.88602],[85.26369,20.8868],[85.26524,20.88913],[85.26485,20.89321],[85.26253,20.8958],[85.25896,20.89606],[85.25443,20.89508],[85.25268,20.89612],[85.24905,20.89631],[85.24718,20.89748],[85.24284,20.90311],[85.2418,20.9059],[85.24154,20.91043],[85.24303,20.91892],[85.24439,20.92254],[85.24633,20.925],[85.24796,20.93601],[85.24711,20.94411],[85.24361,20.95492],[85.2438,20.96464],[85.24834,20.96775],[85.25871,20.97176],[85.26168,20.97487],[85.26382,20.97947],[85.26051,20.98996],[85.25158,21.0009],[85.24576,21.00456],[85.23604,21.01219],[85.2148,21.02368],[85.19954,21.03462],[85.1843,21.03907],[85.17503,21.04343],[85.16975,21.04834],[85.16727,21.05295],[85.16938,21.0569],[85.1697,21.05954],[85.1688,21.06219],[85.16973,21.0639],[85.17274,21.06521],[85.175,21.06525],[85.17732,21.06656],[85.17931,21.06982],[85.17946,21.07436],[85.1802,21.07579],[85.1853,21.08099],[85.18806,21.08172],[85.19373,21.0799],[85.20064,21.07986],[85.20679,21.07661],[85.22186,21.07291],[85.23212,21.07182],[85.24086,21.09904],[85.24928,21.11427],[85.24964,21.12184],[85.25284,21.12418],[85.25716,21.13002],[85.25758,21.13252],[85.25709,21.13461],[85.2605,21.14129],[85.26146,21.14616],[85.2644,21.14928],[85.26644,21.15821],[85.26922,21.16361],[85.27003,21.1698],[85.27412,21.1742],[85.27962,21.17278],[85.28273,21.17349],[85.29061,21.17999],[85.30326,21.17455],[85.30618,21.17143],[85.30636,21.16872],[85.31368,21.16451],[85.31868,21.15862],[85.32404,21.16365],[85.33111,21.1733],[85.33479,21.17628],[85.34167,21.17637],[85.34351,21.1774],[85.3454,21.17371],[85.3457,21.17077],[85.34911,21.16783],[85.35309,21.16944],[85.35394,21.16805],[85.35933,21.16839],[85.3633,21.16953],[85.36313,21.17091],[85.36808,21.17021],[85.3682,21.17182],[85.3718,21.16854],[85.37695,21.16835],[85.37779,21.1672],[85.38042,21.16656],[85.38385,21.16765],[85.38705,21.17467],[85.39238,21.17857],[85.39544,21.183],[85.40259,21.17666],[85.41167,21.17176],[85.41796,21.16669],[85.42389,21.16378],[85.4268,21.15925],[85.43261,21.15551],[85.44078,21.14832],[85.44559,21.14248],[85.45506,21.13562],[85.46114,21.12762],[85.46629,21.12333],[85.46812,21.1228],[85.46986,21.12347],[85.47317,21.11969],[85.47512,21.12048],[85.47664,21.12027],[85.50002,21.11449],[85.5155,21.12813],[85.53283,21.14555],[85.53558,21.15063],[85.5479,21.1667],[85.55346,21.16123],[85.56356,21.1578],[85.58749,21.14361],[85.59249,21.14204],[85.59499,21.13768],[85.60844,21.13582],[85.60974,21.13601],[85.61187,21.13768],[85.61845,21.14408],[85.62782,21.16002],[85.64404,21.16531],[85.64618,21.16559],[85.65759,21.16392],[85.66537,21.16577],[85.67177,21.16985],[85.68521,21.18599],[85.69282,21.17912],[85.70338,21.18246],[85.7095,21.1807],[85.70598,21.17421],[85.70765,21.1693],[85.71201,21.16549],[85.72054,21.16086],[85.72211,21.15863],[85.72905,21.14135],[85.71204,21.14226],[85.70159,21.13814],[85.69707,21.13565],[85.68752,21.12087],[85.68633,21.11722],[85.68629,21.11314],[85.68384,21.111],[85.68642,21.11086],[85.68651,21.10891],[85.68952,21.10096],[85.69454,21.09622],[85.69482,21.09202],[85.69719,21.08919],[85.69911,21.08398],[85.70377,21.07695],[85.70432,21.07439],[85.70751,21.07184],[85.7097,21.07102],[85.71281,21.06773],[85.71774,21.0649],[85.72047,21.06472],[85.72203,21.06736],[85.72733,21.06563],[85.72869,21.06472],[85.72979,21.06143],[85.72933,21.05522],[85.72997,21.05212],[85.72897,21.04956],[85.72806,21.04901],[85.73071,21.04581],[85.73253,21.04034],[85.73271,21.03714],[85.73417,21.03267],[85.73335,21.02947],[85.7338,21.02673],[85.73134,21.02436],[85.73097,21.02198],[85.72878,21.02089],[85.72668,21.02107],[85.72678,21.01057],[85.72376,21.00646],[85.72294,21.00409],[85.72231,20.9995],[85.72372,20.99971],[85.7235,20.99857],[85.72002,20.99484],[85.72189,20.9922],[85.72186,20.9895],[85.72381,20.98694],[85.72393,20.98481],[85.72299,20.98184],[85.72345,20.98061],[85.72885,20.98345],[85.73318,20.98757],[85.73594,20.98914],[85.7512,20.99112],[85.753,20.9919],[85.77212,20.98675],[85.77971,20.98187],[85.77925,20.97736],[85.78436,20.97244],[85.78616,20.96931],[85.7924,20.96865],[85.79541,20.97009],[85.79806,20.96931],[85.7995,20.96781],[85.80099,20.96727],[85.80208,20.96787],[85.80364,20.96685],[85.80394,20.96325],[85.80478,20.9621],[85.81163,20.95682],[85.81223,20.95424],[85.81403,20.95249],[85.81614,20.94865],[85.82166,20.9436],[85.82281,20.94048],[85.82281,20.93543],[85.82118,20.93243],[85.82137,20.93153],[85.8252,20.92907],[85.82461,20.92564],[85.82695,20.92558],[85.82911,20.92414],[85.83864,20.9267],[85.8407,20.93111],[85.84509,20.93153],[85.85088,20.9303],[85.86047,20.92654],[85.87104,20.92588],[85.87603,20.92606],[85.8812,20.9272],[85.89512,20.92692],[85.8977,20.92822],[85.90178,20.92744],[85.90533,20.92851],[85.90749,20.92786],[85.91808,20.92799],[85.92072,20.92506],[85.92132,20.91723],[85.9209,20.90654],[85.92178,20.89879],[85.91649,20.88788],[85.91504,20.88267],[85.91014,20.87467],[85.90646,20.86656],[85.90595,20.86381],[85.90035,20.85698],[85.90005,20.85446],[85.9021,20.85362],[85.90083,20.84623],[85.90907,20.84467],[85.92805,20.83801],[85.93262,20.83752],[85.94374,20.83913],[85.9525,20.84359],[85.95208,20.83674],[85.95574,20.83241],[85.95658,20.83379],[85.9579,20.83337],[85.95802,20.83488],[85.96043,20.83932],[85.96205,20.83656],[85.9686,20.83458],[85.97214,20.83157],[85.9743,20.83073],[85.97244,20.82731],[85.9707,20.82574],[85.97148,20.82279],[85.97459,20.823],[85.97884,20.81993],[85.98346,20.81824],[85.99974,20.81686],[86.0007,20.81253],[86.00783,20.81232],[86.01105,20.81308],[86.01447,20.81171],[86.01635,20.81281],[86.0243,20.80848],[86.03356,20.80776],[86.03406,20.80639],[86.03364,20.79551],[86.03215,20.79035],[86.02287,20.77578],[86.02473,20.7692],[86.02425,20.76777],[86.02074,20.76495],[86.02392,20.76262],[86.0288,20.76103],[86.02894,20.75908],[86.0272,20.75518],[86.02776,20.75347],[86.02509,20.75025],[86.02998,20.73746],[86.02945,20.73638],[86.02382,20.73384],[86.0225,20.72978],[86.01922,20.73022],[86.01777,20.72878],[86.01711,20.72602],[86.01486,20.72556],[86.01371,20.72618],[86.01147,20.724],[86.01013,20.7256],[86.00649,20.72617],[86.00497,20.72812],[85.99963,20.72969],[85.99841,20.729],[85.99582,20.7309],[85.99052,20.73221],[85.9894,20.73423],[85.98862,20.73441],[85.98791,20.73346],[85.98333,20.73596],[85.98143,20.73328],[85.97281,20.73001],[85.97162,20.72882],[85.96781,20.72858],[85.96573,20.72656],[85.96192,20.7205],[85.95524,20.72085],[85.94688,20.71824],[85.9407,20.71865],[85.93772,20.71669],[85.92702,20.71378],[85.91685,20.71634],[85.91228,20.71396],[85.90728,20.71425],[85.90621,20.70432],[85.91162,20.70218],[85.91254,20.69567],[85.91204,20.68954],[85.90939,20.68539],[85.90865,20.68183],[85.90549,20.67673],[85.90172,20.67623],[85.8933,20.66893],[85.89247,20.66698],[85.89235,20.66316],[85.89094,20.66142],[85.89152,20.65993],[85.89044,20.6586],[85.88903,20.65819],[85.88074,20.65653],[85.87539,20.66254],[85.87231,20.6637],[85.86817,20.66661],[85.86087,20.66652],[85.84864,20.66789],[85.83566,20.66723],[85.83023,20.66545],[85.82554,20.66113],[85.81704,20.66105],[85.81339,20.66043],[85.81215,20.65956],[85.80593,20.66254],[85.80311,20.66499],[85.79958,20.66607],[85.79664,20.6715],[85.79411,20.67249],[85.78959,20.67254],[85.78702,20.67009],[85.78523,20.67021],[85.7878,20.66876],[85.7859,20.66391],[85.78288,20.66155],[85.77686,20.6618],[85.76504,20.66059],[85.76321,20.65516],[85.76363,20.65184],[85.76479,20.65168],[85.76562,20.64969],[85.76334,20.64334],[85.76164,20.64239],[85.75919,20.64641],[85.75783,20.64633],[85.75758,20.64504],[85.75422,20.645],[85.75417,20.6416],[85.75625,20.64222],[85.75679,20.63517],[85.75505,20.63546],[85.75115,20.63841],[85.74596,20.63857],[85.74419,20.63928],[85.74116,20.64152],[85.74,20.64401],[85.73813,20.64508],[85.73568,20.64417],[85.7281,20.64558],[85.72805,20.64218],[85.72723,20.64135],[85.71893,20.6377],[85.71814,20.63605],[85.71819,20.63314],[85.71511,20.62431],[85.71354,20.62327],[85.71138,20.62336],[85.70885,20.62634],[85.70736,20.62634],[85.70624,20.62137],[85.71039,20.6168],[85.71536,20.61349],[85.71001,20.60768],[85.7103,20.6049],[85.70699,20.60213],[85.70388,20.60246],[85.69811,20.59951],[85.69314,20.59682],[85.69015,20.59429],[85.68347,20.58662],[85.67945,20.57865],[85.67568,20.57297],[85.6702,20.56932],[85.66644,20.56816],[85.65897,20.55386],[85.65822,20.54863],[85.6542,20.55029],[85.65142,20.54842],[85.65043,20.54971],[85.65072,20.55054],[85.64964,20.55095],[85.64889,20.54963],[85.64723,20.5488],[85.64798,20.54805],[85.64798,20.54656],[85.6459,20.5473],[85.64487,20.54668],[85.645,20.54502],[85.64064,20.54473],[85.64117,20.54332],[85.63952,20.54162],[85.6379,20.54162],[85.63749,20.54063],[85.63654,20.54183],[85.63645,20.54067],[85.63446,20.54021],[85.63376,20.54096],[85.6265,20.54034],[85.6248,20.5415],[85.62363,20.54059],[85.62144,20.5405],[85.61485,20.5422],[85.61389,20.54162],[85.61385,20.53992],[85.61311,20.53918],[85.60821,20.53798],[85.60233,20.53445],[85.60133,20.5371],[85.59942,20.53686],[85.59734,20.53358],[85.59308,20.52931],[85.59175,20.52479],[85.59262,20.52147],[85.59361,20.52122],[85.59374,20.52014],[85.59241,20.51819],[85.59055,20.51824],[85.58723,20.51301],[85.57649,20.51538],[85.57561,20.51533],[85.57404,20.51372],[85.57297,20.51471],[85.5704,20.51509],[85.57035,20.51699],[85.56691,20.51857],[85.56699,20.51948],[85.56853,20.51981],[85.56844,20.52068],[85.56388,20.52317],[85.56036,20.52139],[85.55888,20.52421],[85.55671,20.5256],[85.55225,20.52484],[85.55023,20.52379],[85.54584,20.52693],[85.54514,20.52588],[85.53566,20.53041],[85.5349,20.53048],[85.53385,20.52867],[85.52988,20.52964],[85.52242,20.53369],[85.51496,20.53648],[85.51127,20.53696],[85.50813,20.5348],[85.50485,20.53508],[85.50325,20.53139],[85.50158,20.5316],[85.50047,20.53055],[85.50008,20.52855],[85.5008,20.52552],[85.49988,20.52414],[85.49831,20.52365],[85.49675,20.52502],[85.48822,20.52158],[85.48552,20.52123],[85.48638,20.51724],[85.48564,20.51255],[85.48372,20.50813],[85.47817,20.50465],[85.47465,20.49983],[85.47066,20.49991],[85.46648,20.49741],[85.45877,20.48955],[85.46002,20.48466],[85.45618,20.48705],[85.45278,20.49213],[85.44938,20.49459],[85.44727,20.49764],[85.44379,20.49776],[85.43773,20.50132],[85.42122,20.50527],[85.4177,20.50758],[85.40804,20.50777],[85.40922,20.50038],[85.41129,20.49319],[85.41086,20.489],[85.40933,20.48779],[85.40327,20.48693],[85.40131,20.48787],[85.3985,20.49186],[85.39619,20.49268],[85.39302,20.49272],[85.39075,20.4953],[85.38653,20.49784],[85.38509,20.49999],[85.38274,20.49921],[85.38039,20.49651],[85.37348,20.4953],[85.37003,20.49663],[85.35215,20.49667],[85.34621,20.49749],[85.34413,20.49987],[85.3401,20.50023],[85.33901,20.50257],[85.33467,20.50331],[85.32986,20.50253],[85.32246,20.50312],[85.31992,20.50214],[85.31551,20.5048],[85.30862,20.50578],[85.30549,20.50793],[85.30405,20.50993],[85.29833,20.51356],[85.29653,20.51376],[85.29532,20.51583],[85.28976,20.51442],[85.28609,20.51086],[85.28323,20.51032],[85.28222,20.51043],[85.27995,20.51329],[85.276,20.51544],[85.26857,20.51607],[85.26254,20.51787],[85.25269,20.517],[85.24937,20.52107],[85.24381,20.52397],[85.22465,20.54102],[85.21346,20.54739],[85.21416,20.55283],[85.20443,20.56061],[85.19895,20.56632],[85.20947,20.57407],[85.20971,20.57552],[85.20329,20.579],[85.19958,20.57951],[85.19739,20.58064],[85.18983,20.5896],[85.18632,20.59253],[85.18479,20.59273],[85.1828,20.59718],[85.1801,20.60051],[85.17169,20.60192],[85.16895,20.60305],[85.1623,20.60653],[85.15718,20.61076],[85.15542,20.61052],[85.15194,20.60821],[85.15045,20.60833],[85.14697,20.60915],[85.14392,20.61154],[85.13758,20.61064],[85.12919,20.61548],[85.13145,20.63174],[85.13693,20.64092],[85.13649,20.6427],[85.12849,20.65328],[85.12736,20.65823],[85.11752,20.67779],[85.11584,20.68274]]]}},{"type":"Feature","properties":{"DISTRICT":"GAJAPATI","CODE":10},"geometry":{"type":"MultiPolygon","coordinates":[[[[84.42108,19.31642],[84.42142,19.31752],[84.42262,19.31795],[84.42495,19.31611],[84.4291,19.31614],[84.4306,19.31399],[84.42703,19.31162],[84.42475,19.31392],[84.42171,19.31495],[84.42108,19.31642]]],[[[83.79545,19.00619],[83.79657,19.017],[83.79929,19.01928],[83.80159,19.02778],[83.80446,19.02963],[83.80747,19.03048],[83.80838,19.0322],[83.81305,19.03232],[83.81816,19.03144],[83.81921,19.03043],[83.82095,19.01954],[83.82582,19.0153],[83.83449,19.0031],[83.83932,19.00752],[83.84161,19.00686],[83.84267,19.00815],[83.84615,19.00985],[83.84719,19.00784],[83.85312,19.00467],[83.85461,19.00309],[83.85849,18.99702],[83.85946,18.99062],[83.86094,18.99016],[83.86768,18.98905],[83.87088,18.9921],[83.87817,18.99434],[83.8928,18.99241],[83.89599,18.9961],[83.89517,18.99949],[83.89713,19.00152],[83.89835,19.00467],[83.89814,19.0061],[83.90971,19.01866],[83.91886,19.01268],[83.91898,19.01204],[83.92209,19.0136],[83.92886,19.01429],[83.93209,19.01342],[83.93276,19.0122],[83.93268,19.00991],[83.93335,19.00933],[83.94019,19.00801],[83.9526,18.99673],[83.96239,18.99805],[83.96983,19.00496],[83.97495,19.0048],[83.98372,19.01207],[83.98525,19.01765],[83.98746,19.02144],[83.97968,19.02998],[83.97819,19.03285],[83.97398,19.0353],[83.9716,19.03818],[83.96545,19.0425],[83.96669,19.05029],[83.96339,19.05216],[83.96334,19.05603],[83.96683,19.06232],[83.97,19.06388],[83.97913,19.07115],[83.98544,19.07098],[84.00014,19.06729],[84.00546,19.06892],[84.01224,19.05679],[84.02175,19.05483],[84.0267,19.05863],[84.03394,19.05771],[84.03302,19.06026],[84.03345,19.06477],[84.03151,19.06934],[84.0309,19.07447],[84.02381,19.07411],[84.01997,19.07944],[84.02174,19.08797],[84.01649,19.09619],[84.01559,19.0999],[84.01788,19.10211],[84.01648,19.10577],[84.01772,19.1152],[84.01711,19.12545],[84.01594,19.12833],[84.01791,19.12745],[84.02264,19.12317],[84.0237,19.12552],[84.0332,19.12773],[84.0352,19.13095],[84.03201,19.13704],[84.02753,19.14191],[84.02268,19.14185],[84.01917,19.14027],[84.01286,19.14156],[84.0079,19.14656],[84.00589,19.14584],[84.00379,19.14643],[83.99928,19.14938],[83.99761,19.14838],[83.99596,19.14882],[83.99463,19.15312],[83.99104,19.15557],[83.99061,19.16059],[83.98805,19.16145],[83.98611,19.16361],[83.98876,19.16704],[83.99373,19.16802],[83.9907,19.17834],[83.9914,19.18277],[83.99021,19.18579],[83.99354,19.1885],[83.99791,19.18962],[83.99882,19.19034],[83.99928,19.1922],[83.99622,19.19579],[83.98961,19.19911],[83.98602,19.2032],[83.98558,19.20535],[83.98185,19.21167],[83.98201,19.21252],[83.98562,19.21323],[83.98668,19.21408],[83.99033,19.22051],[83.99007,19.22802],[83.99597,19.23545],[83.99402,19.23632],[83.99435,19.24204],[83.99767,19.24431],[84.0005,19.25639],[84.00445,19.25776],[84.00334,19.26382],[84.00488,19.26855],[84.01289,19.27065],[84.01376,19.27316],[84.01299,19.27798],[84.01419,19.28307],[84.01617,19.2858],[84.02181,19.28978],[84.02158,19.29574],[84.01686,19.30261],[84.01625,19.30449],[84.01625,19.30564],[84.01801,19.30732],[84.01794,19.31643],[84.02737,19.32461],[84.02857,19.32764],[84.02846,19.33111],[84.02659,19.33697],[84.03015,19.34074],[84.0308,19.34547],[84.02377,19.36115],[84.02047,19.36436],[84.0176,19.37502],[84.0165,19.37644],[84.00456,19.3835],[83.99741,19.38671],[83.99554,19.3858],[83.99495,19.38451],[83.99355,19.38473],[83.98917,19.38037],[83.98967,19.37899],[83.9854,19.37963],[83.97878,19.38336],[83.97549,19.38354],[83.96986,19.3852],[83.96745,19.38872],[83.96702,19.39266],[83.96554,19.39449],[83.96369,19.39539],[83.95722,19.39692],[83.94968,19.39612],[83.94952,19.40342],[83.9441,19.41897],[83.94893,19.42576],[83.95272,19.43315],[83.95692,19.43727],[83.95647,19.43923],[83.95772,19.44134],[83.96529,19.44782],[83.96384,19.45078],[83.96726,19.45842],[83.97061,19.45864],[83.9723,19.46406],[83.9703,19.46786],[83.97028,19.46922],[83.97267,19.47198],[83.9757,19.48176],[83.97856,19.48576],[83.97705,19.48905],[83.97069,19.49174],[83.9666,19.49657],[83.96211,19.5001],[83.96084,19.50019],[83.96021,19.50176],[83.96056,19.50499],[83.96198,19.50701],[83.96673,19.50967],[83.96809,19.51123],[83.9734,19.52428],[83.98061,19.53058],[83.97798,19.53092],[83.97697,19.53222],[83.97303,19.54067],[83.96826,19.54148],[83.96411,19.54312],[83.96289,19.54474],[83.95649,19.5472],[83.95285,19.54706],[83.94798,19.54572],[83.94533,19.54761],[83.94242,19.55129],[83.94057,19.55519],[83.94152,19.56212],[83.93849,19.56509],[83.9376,19.56795],[83.93483,19.56984],[83.93356,19.57285],[83.93674,19.59226],[83.93648,19.59321],[83.93434,19.59379],[83.93333,19.59534],[83.92692,19.62542],[83.92757,19.62925],[83.93177,19.63011],[83.93628,19.63309],[83.95644,19.63543],[83.95933,19.63402],[83.96148,19.63117],[83.96551,19.63046],[83.96656,19.6239],[83.96882,19.62278],[83.98048,19.62244],[83.985,19.62086],[83.99355,19.62665],[84.00386,19.6274],[84.0063,19.62592],[84.01111,19.61759],[84.01371,19.62388],[84.02435,19.62919],[84.02443,19.63077],[84.02639,19.63206],[84.02824,19.63621],[84.03353,19.6354],[84.03719,19.63399],[84.04067,19.62901],[84.04417,19.62654],[84.05096,19.62785],[84.05895,19.63354],[84.06837,19.63196],[84.07294,19.62804],[84.07627,19.6263],[84.07759,19.62612],[84.08033,19.62716],[84.08492,19.62074],[84.09229,19.62033],[84.09483,19.62042],[84.09081,19.62697],[84.092,19.63202],[84.09825,19.63275],[84.10312,19.63141],[84.11015,19.63094],[84.1141,19.63195],[84.11883,19.63213],[84.12611,19.63605],[84.1293,19.63637],[84.13075,19.6345],[84.13295,19.63469],[84.13484,19.63325],[84.13533,19.63058],[84.13812,19.628],[84.13793,19.62611],[84.13875,19.62299],[84.13953,19.62232],[84.13879,19.62084],[84.13917,19.61749],[84.14143,19.61391],[84.141,19.61265],[84.14163,19.60762],[84.1501,19.58969],[84.15196,19.5904],[84.15511,19.58589],[84.15437,19.58379],[84.15572,19.5825],[84.15591,19.58392],[84.158,19.58406],[84.15992,19.5811],[84.16139,19.58098],[84.16281,19.58189],[84.16637,19.58636],[84.16588,19.5895],[84.16809,19.59167],[84.17625,19.59069],[84.17902,19.58916],[84.17915,19.58769],[84.18375,19.58918],[84.18624,19.59132],[84.19224,19.59084],[84.19835,19.59392],[84.20611,19.59263],[84.20952,19.59289],[84.21111,19.58987],[84.21299,19.58895],[84.21379,19.58708],[84.21569,19.58522],[84.21939,19.58365],[84.22229,19.58102],[84.22417,19.58042],[84.23314,19.57272],[84.23679,19.57223],[84.24107,19.56909],[84.24793,19.56849],[84.25276,19.56658],[84.25234,19.56493],[84.25003,19.56233],[84.24756,19.56085],[84.24911,19.55657],[84.2502,19.55536],[84.25395,19.55382],[84.25791,19.5534],[84.25893,19.55956],[84.25879,19.56756],[84.26064,19.57853],[84.26249,19.5834],[84.26498,19.58603],[84.26745,19.58635],[84.26797,19.58469],[84.2673,19.57783],[84.2692,19.57372],[84.26733,19.56632],[84.26706,19.55474],[84.2681,19.55136],[84.27438,19.5488],[84.27983,19.55158],[84.2864,19.55731],[84.2924,19.56019],[84.29897,19.5654],[84.31353,19.57014],[84.32154,19.5744],[84.32165,19.58815],[84.32581,19.59234],[84.32666,19.59571],[84.326,19.6024],[84.32481,19.60639],[84.33001,19.60358],[84.33157,19.60201],[84.33412,19.59571],[84.33701,19.59268],[84.34022,19.59102],[84.35355,19.58753],[84.36399,19.58718],[84.36764,19.58605],[84.37362,19.58556],[84.38141,19.58324],[84.38452,19.58011],[84.39191,19.57589],[84.39996,19.57426],[84.40334,19.5746],[84.40202,19.56932],[84.40408,19.56592],[84.40617,19.55951],[84.40456,19.5547],[84.40096,19.55062],[84.39999,19.54788],[84.39889,19.54724],[84.39713,19.54701],[84.38995,19.54854],[84.38557,19.54515],[84.38754,19.54005],[84.38672,19.53262],[84.38995,19.52843],[84.38866,19.52384],[84.38918,19.51484],[84.38553,19.50996],[84.38638,19.50728],[84.38263,19.49837],[84.37614,19.49127],[84.37675,19.48404],[84.37769,19.48173],[84.38208,19.47917],[84.38719,19.47045],[84.39568,19.47213],[84.39561,19.47098],[84.39744,19.46938],[84.39687,19.46771],[84.39783,19.4509],[84.40643,19.45633],[84.40671,19.45416],[84.40806,19.4531],[84.40973,19.45405],[84.40971,19.45215],[84.41141,19.45178],[84.4132,19.45268],[84.41388,19.45218],[84.41653,19.44678],[84.42088,19.44664],[84.42271,19.44558],[84.42717,19.44596],[84.42973,19.44503],[84.43385,19.44689],[84.43407,19.44179],[84.43302,19.44051],[84.42564,19.44111],[84.42127,19.43942],[84.41275,19.44017],[84.41101,19.43968],[84.40936,19.43764],[84.40733,19.43926],[84.40485,19.43686],[84.4029,19.43791],[84.40084,19.43799],[84.39877,19.43623],[84.396,19.4356],[84.39431,19.43304],[84.3921,19.43213],[84.39149,19.42713],[84.39066,19.42597],[84.38933,19.4264],[84.38617,19.42995],[84.38508,19.43045],[84.3837,19.42996],[84.38212,19.42494],[84.38118,19.42389],[84.37849,19.42223],[84.37327,19.42126],[84.37263,19.41494],[84.37392,19.41117],[84.37862,19.40599],[84.38723,19.40106],[84.3926,19.399],[84.39079,19.39374],[84.38789,19.38969],[84.38137,19.38422],[84.38192,19.38224],[84.38859,19.37769],[84.39567,19.37083],[84.41298,19.3658],[84.418,19.36582],[84.41988,19.36706],[84.42139,19.3661],[84.42575,19.36605],[84.4343,19.36459],[84.44142,19.36243],[84.42675,19.35318],[84.42113,19.34452],[84.4203,19.33909],[84.41775,19.33279],[84.41746,19.32778],[84.4201,19.32158],[84.42028,19.3153],[84.42171,19.31243],[84.42153,19.31108],[84.41946,19.30806],[84.42075,19.30617],[84.42313,19.30499],[84.4296,19.29868],[84.42872,19.29459],[84.42177,19.27844],[84.42205,19.2753],[84.42531,19.27003],[84.4269,19.26085],[84.42239,19.25493],[84.41866,19.24792],[84.41139,19.23891],[84.41077,19.23618],[84.41148,19.22578],[84.41064,19.22352],[84.40853,19.22101],[84.3984,19.21285],[84.39883,19.21012],[84.39749,19.20833],[84.40054,19.20024],[84.39804,19.19867],[84.39417,19.19868],[84.39185,19.19795],[84.38931,19.19649],[84.38687,19.19303],[84.38303,19.19598],[84.37354,19.19381],[84.36947,19.19403],[84.36337,19.19053],[84.36182,19.18727],[84.36196,19.18349],[84.36392,19.18002],[84.36535,19.17928],[84.37074,19.17874],[84.36662,19.161],[84.36694,19.16026],[84.37569,19.15645],[84.37817,19.14752],[84.38081,19.1452],[84.38901,19.14199],[84.39037,19.14102],[84.39036,19.13955],[84.38837,19.13871],[84.38033,19.13921],[84.37817,19.13493],[84.3793,19.13276],[84.37878,19.12984],[84.37618,19.12611],[84.37312,19.12583],[84.36667,19.1225],[84.36274,19.12347],[84.35947,19.12733],[84.35549,19.12756],[84.35259,19.13148],[84.34868,19.13481],[84.34603,19.13419],[84.34289,19.13178],[84.34172,19.12969],[84.34153,19.12709],[84.34261,19.12383],[84.34241,19.1187],[84.34433,19.11229],[84.34283,19.10864],[84.33868,19.10511],[84.33752,19.10285],[84.3381,19.10033],[84.34238,19.09378],[84.34339,19.0881],[84.34191,19.08681],[84.33861,19.08629],[84.336,19.08394],[84.33185,19.07057],[84.3326,19.0688],[84.33572,19.06615],[84.34192,19.07006],[84.34576,19.07432],[84.34571,19.07979],[84.35026,19.09132],[84.35282,19.09269],[84.3616,19.09353],[84.36645,19.09879],[84.36706,19.10133],[84.3689,19.10321],[84.37093,19.10416],[84.37321,19.10403],[84.36862,19.09169],[84.36256,19.08704],[84.35892,19.08859],[84.35836,19.08651],[84.35384,19.08338],[84.3502,19.07826],[84.3504,19.07751],[84.35154,19.07724],[84.36011,19.07647],[84.3598,19.07347],[84.35858,19.07115],[84.35312,19.06685],[84.35789,19.06256],[84.3616,19.06061],[84.36356,19.05875],[84.36582,19.0539],[84.36632,19.05005],[84.36612,19.04763],[84.36422,19.04621],[84.3653,19.04324],[84.36325,19.03969],[84.36111,19.03194],[84.35854,19.02988],[84.36261,19.02552],[84.36245,19.02132],[84.35832,19.01653],[84.35827,19.01284],[84.35625,19.01102],[84.35527,19.00859],[84.3606,19.01047],[84.36566,19.01004],[84.37202,19.01119],[84.37325,19.01012],[84.37038,19.00552],[84.36863,18.99998],[84.36083,18.99063],[84.35452,18.97661],[84.35382,18.96748],[84.36447,18.96542],[84.37093,18.96161],[84.37891,18.95814],[84.38132,18.95765],[84.38748,18.95834],[84.39125,18.956],[84.39271,18.95679],[84.39302,18.95794],[84.38917,18.96338],[84.39114,18.96698],[84.40012,18.97218],[84.40916,18.97185],[84.41235,18.96613],[84.41245,18.9644],[84.40623,18.96383],[84.40607,18.95999],[84.40514,18.9577],[84.40374,18.95679],[84.40091,18.95745],[84.39591,18.95256],[84.40357,18.94277],[84.41388,18.93795],[84.41635,18.93815],[84.41878,18.9395],[84.42013,18.94127],[84.41937,18.94364],[84.42152,18.94672],[84.42438,18.94864],[84.42736,18.94945],[84.42639,18.94599],[84.4279,18.94334],[84.4298,18.94171],[84.43291,18.93493],[84.42943,18.93122],[84.4299,18.93071],[84.44025,18.93114],[84.44131,18.92562],[84.43992,18.92391],[84.44053,18.92148],[84.43997,18.91907],[84.43912,18.91857],[84.43785,18.91928],[84.43314,18.91569],[84.43206,18.91297],[84.43222,18.91028],[84.4306,18.90797],[84.42657,18.90871],[84.42291,18.91359],[84.42252,18.91652],[84.42039,18.91643],[84.41824,18.91282],[84.42265,18.90935],[84.42388,18.90439],[84.4218,18.89754],[84.41982,18.89594],[84.41494,18.89618],[84.41174,18.89408],[84.40229,18.89415],[84.39597,18.89965],[84.39545,18.90067],[84.396,18.90278],[84.39538,18.90339],[84.38984,18.90142],[84.38759,18.89952],[84.3842,18.90045],[84.38063,18.90319],[84.38007,18.90292],[84.38046,18.90162],[84.38151,18.90131],[84.38202,18.89919],[84.38424,18.89816],[84.38476,18.89705],[84.38688,18.89652],[84.38686,18.89481],[84.39164,18.89492],[84.39749,18.89224],[84.39948,18.88849],[84.39994,18.88223],[84.39945,18.88112],[84.39679,18.88054],[84.39666,18.87802],[84.39377,18.87501],[84.39296,18.87906],[84.39066,18.8823],[84.38876,18.88343],[84.38304,18.88519],[84.38508,18.88235],[84.38506,18.88073],[84.38326,18.88024],[84.38122,18.88268],[84.3761,18.88555],[84.3727,18.88537],[84.3671,18.88844],[84.36322,18.89322],[84.36237,18.89333],[84.36479,18.88574],[84.36839,18.88399],[84.37079,18.87994],[84.37348,18.87901],[84.37458,18.87688],[84.37735,18.87797],[84.37904,18.87654],[84.38042,18.87704],[84.38285,18.8759],[84.386,18.87285],[84.38094,18.87051],[84.37906,18.86326],[84.37627,18.86025],[84.3717,18.85988],[84.36855,18.86293],[84.36661,18.86043],[84.36427,18.85994],[84.36353,18.86045],[84.35999,18.86805],[84.35693,18.86928],[84.34456,18.88347],[84.33951,18.88836],[84.33899,18.88801],[84.34892,18.84744],[84.35964,18.842],[84.36388,18.84116],[84.36679,18.8384],[84.36124,18.83047],[84.3588,18.82998],[84.35774,18.83065],[84.35403,18.83073],[84.35374,18.82871],[84.35246,18.8269],[84.35308,18.82609],[84.35317,18.82179],[84.35173,18.82079],[84.3515,18.81948],[84.3443,18.82065],[84.34088,18.81861],[84.33983,18.81942],[84.33653,18.81935],[84.33546,18.81829],[84.33566,18.81678],[84.33289,18.81625],[84.33315,18.81437],[84.33664,18.81404],[84.33873,18.81009],[84.34042,18.81008],[84.34411,18.80722],[84.34644,18.80099],[84.34166,18.80072],[84.34081,18.80033],[84.34036,18.79892],[84.33878,18.79968],[84.33865,18.79741],[84.33801,18.79722],[84.33218,18.79822],[84.32953,18.79799],[84.32663,18.79458],[84.32722,18.78947],[84.32326,18.78572],[84.3166,18.7893],[84.31427,18.78962],[84.31271,18.79216],[84.3107,18.79318],[84.30741,18.79351],[84.30697,18.79715],[84.29228,18.80267],[84.29089,18.80243],[84.29086,18.7984],[84.28936,18.7976],[84.29041,18.79678],[84.29041,18.79577],[84.28837,18.79119],[84.2824,18.78846],[84.27953,18.78833],[84.27239,18.78556],[84.27003,18.78356],[84.26291,18.7822],[84.25983,18.78238],[84.25683,18.78684],[84.25576,18.78559],[84.25492,18.78686],[84.2547,18.7861],[84.25042,18.78512],[84.24527,18.78778],[84.2446,18.78972],[84.24355,18.79052],[84.24258,18.79632],[84.23907,18.79755],[84.23618,18.79409],[84.2343,18.79613],[84.23225,18.7962],[84.23022,18.79776],[84.2286,18.79793],[84.22584,18.7963],[84.22443,18.79687],[84.22154,18.79414],[84.22021,18.79481],[84.21767,18.79411],[84.21585,18.79455],[84.21546,18.79382],[84.21686,18.79228],[84.22065,18.79055],[84.22068,18.78981],[84.2192,18.78898],[84.21478,18.78962],[84.20926,18.78826],[84.2028,18.78941],[84.2019,18.79117],[84.20042,18.78997],[84.19888,18.79084],[84.19755,18.79059],[84.1954,18.78657],[84.19672,18.78404],[84.1965,18.78211],[84.1951,18.78178],[84.1953,18.78018],[84.19418,18.77892],[84.19192,18.77805],[84.1915,18.77689],[84.18462,18.78053],[84.17766,18.77938],[84.17654,18.78094],[84.17437,18.78171],[84.17395,18.78365],[84.17144,18.78731],[84.16736,18.78679],[84.16554,18.78822],[84.16351,18.78765],[84.16294,18.78682],[84.16084,18.78666],[84.15977,18.78343],[84.15717,18.78363],[84.15582,18.7823],[84.15386,18.78274],[84.15266,18.78074],[84.15054,18.77948],[84.14779,18.77628],[84.14245,18.77609],[84.14133,18.77429],[84.14074,18.76669],[84.1427,18.76562],[84.14382,18.76402],[84.13973,18.76023],[84.13418,18.7595],[84.13152,18.76397],[84.12858,18.76431],[84.1264,18.76318],[84.12493,18.76624],[84.12324,18.76678],[84.11915,18.76472],[84.11547,18.76578],[84.10497,18.7594],[84.09852,18.75961],[84.09119,18.75589],[84.09068,18.76156],[84.09117,18.76269],[84.08688,18.76296],[84.08612,18.7648],[84.08359,18.76453],[84.08295,18.76324],[84.08176,18.7644],[84.0793,18.76334],[84.0779,18.76371],[84.07805,18.76597],[84.07728,18.76684],[84.07648,18.77231],[84.07543,18.77478],[84.07305,18.77691],[84.07123,18.77732],[84.06965,18.78118],[84.06388,18.78043],[84.06178,18.78116],[84.06172,18.78436],[84.0599,18.78583],[84.05924,18.78769],[84.06065,18.78862],[84.06094,18.78975],[84.06359,18.78996],[84.06289,18.79129],[84.06043,18.79056],[84.05938,18.7919],[84.06046,18.79676],[84.06187,18.79809],[84.05991,18.79899],[84.05891,18.79846],[84.05786,18.79893],[84.05688,18.7979],[84.05098,18.79864],[84.04839,18.80078],[84.04748,18.80245],[84.04763,18.80391],[84.04623,18.80525],[84.04639,18.80951],[84.04758,18.81157],[84.04055,18.81552],[84.03955,18.81212],[84.03484,18.81036],[84.02682,18.81444],[84.0269,18.81597],[84.02388,18.81495],[84.02115,18.81691],[84.021,18.81568],[84.01707,18.81609],[84.01735,18.81542],[84.01861,18.81529],[84.01811,18.81355],[84.01909,18.81215],[84.01751,18.80808],[84.0119,18.81059],[84.00803,18.8089],[84.00711,18.80766],[84.00465,18.80853],[84.00389,18.80993],[84.00277,18.8103],[84.00099,18.80971],[83.99522,18.81274],[83.9939,18.81284],[83.989,18.81016],[83.98637,18.8113],[83.98056,18.81189],[83.97946,18.81389],[83.97858,18.81409],[83.97439,18.81427],[83.97122,18.8133],[83.96783,18.81401],[83.96368,18.8124],[83.96116,18.81259],[83.95963,18.80863],[83.95886,18.80851],[83.95854,18.80651],[83.95615,18.80333],[83.9558,18.80461],[83.95198,18.80479],[83.95111,18.80395],[83.94672,18.80644],[83.94388,18.80642],[83.94333,18.80736],[83.94397,18.81043],[83.9435,18.81495],[83.93967,18.81513],[83.9389,18.8165],[83.93747,18.81712],[83.93756,18.81796],[83.93592,18.8169],[83.93528,18.81468],[83.93265,18.81508],[83.93012,18.81822],[83.92923,18.82138],[83.92846,18.8219],[83.92485,18.82177],[83.92396,18.82271],[83.92067,18.82279],[83.91902,18.82425],[83.91913,18.82562],[83.91836,18.82667],[83.91464,18.82485],[83.91191,18.82515],[83.90636,18.82753],[83.90539,18.82415],[83.90451,18.82341],[83.90353,18.82298],[83.90189,18.82402],[83.90123,18.8237],[83.90063,18.82243],[83.90113,18.82201],[83.89711,18.81407],[83.89548,18.81301],[83.89493,18.81321],[83.89323,18.82503],[83.88519,18.83555],[83.87517,18.84551],[83.87363,18.84592],[83.86946,18.85074],[83.85539,18.85634],[83.85249,18.85906],[83.84525,18.87423],[83.84626,18.88164],[83.85037,18.89128],[83.85215,18.89753],[83.85187,18.9009],[83.84871,18.90954],[83.84792,18.91386],[83.84671,18.91607],[83.84127,18.9175],[83.83352,18.91333],[83.83046,18.9131],[83.82826,18.91413],[83.82584,18.9169],[83.82529,18.91847],[83.82616,18.9208],[83.83105,18.92621],[83.8316,18.92801],[83.83093,18.93053],[83.82446,18.93569],[83.82214,18.93873],[83.82169,18.94242],[83.82482,18.95092],[83.82525,18.95461],[83.82402,18.95945],[83.82182,18.96428],[83.82136,18.96758],[83.81882,18.97368],[83.81464,18.97913],[83.81074,18.99116],[83.80294,18.9969],[83.80009,19.00002],[83.79846,19.00005],[83.79545,19.00619]]],[[[84.42072,19.23495],[84.4219,19.23963],[84.42121,19.24405],[84.4226,19.24758],[84.4251,19.24998],[84.42972,19.25038],[84.43291,19.24721],[84.43379,19.24516],[84.43191,19.23944],[84.42377,19.23609],[84.42133,19.2341],[84.42072,19.23495]]],[[[84.43208,19.21995],[84.43436,19.22389],[84.43661,19.22215],[84.43452,19.21786],[84.43208,19.21995]]]]}},{"type":"Feature","properties":{"DISTRICT":"GANJAM","CODE":11},"geometry":{"type":"Polygon","coordinates":[[[84.13294,19.77878],[84.13307,19.77942],[84.15173,19.7848],[84.16157,19.78473],[84.17599,19.79216],[84.17576,19.79349],[84.16779,19.80437],[84.17336,19.80838],[84.17569,19.82156],[84.17733,19.82207],[84.18097,19.82089],[84.18559,19.82138],[84.19133,19.82336],[84.19643,19.82918],[84.20096,19.83275],[84.2029,19.8359],[84.18774,19.85979],[84.21975,19.86452],[84.23321,19.86839],[84.24994,19.87058],[84.27625,19.87856],[84.28044,19.88132],[84.2932,19.8957],[84.30655,19.906],[84.3074,19.9041],[84.30921,19.90306],[84.30939,19.90145],[84.31163,19.89967],[84.3129,19.89495],[84.31605,19.8923],[84.31568,19.89035],[84.31786,19.8896],[84.31846,19.88649],[84.3205,19.88441],[84.32014,19.88266],[84.3221,19.88061],[84.32456,19.88076],[84.32456,19.87835],[84.32651,19.87358],[84.32605,19.87142],[84.32903,19.87039],[84.32938,19.87193],[84.33072,19.87198],[84.33244,19.87132],[84.33308,19.87029],[84.33529,19.87039],[84.33657,19.86839],[84.33941,19.87003],[84.34013,19.86853],[84.33922,19.86646],[84.34116,19.86497],[84.34152,19.86669],[84.34225,19.86692],[84.34358,19.86485],[84.34212,19.8637],[84.34443,19.86146],[84.34659,19.861],[84.36025,19.86237],[84.35927,19.85971],[84.35947,19.85843],[84.37223,19.84712],[84.37817,19.84372],[84.38799,19.83998],[84.39217,19.84003],[84.40604,19.838],[84.41554,19.83569],[84.42036,19.83671],[84.42565,19.83466],[84.42802,19.83651],[84.43423,19.8383],[84.43895,19.83399],[84.44162,19.8304],[84.44465,19.82947],[84.44614,19.82958],[84.45153,19.83379],[84.44876,19.83964],[84.44598,19.84334],[84.44614,19.84406],[84.45728,19.84991],[84.46365,19.85643],[84.46359,19.86295],[84.46036,19.86793],[84.45969,19.87142],[84.4618,19.87409],[84.46303,19.87717],[84.46344,19.88159],[84.46201,19.88369],[84.46242,19.88513],[84.45985,19.89252],[84.45831,19.90469],[84.45954,19.9088],[84.46278,19.90982],[84.46395,19.91327],[84.46344,19.92743],[84.46539,19.93457],[84.47119,19.94012],[84.4677,19.94505],[84.46565,19.95259],[84.4581,19.95187],[84.45744,19.95126],[84.45651,19.95208],[84.45091,19.95259],[84.44794,19.95398],[84.44717,19.95516],[84.44583,19.95516],[84.44491,19.95424],[84.44429,19.95619],[84.44177,19.95624],[84.4407,19.95752],[84.43936,19.95716],[84.43823,19.9585],[84.43526,19.95968],[84.43469,19.95834],[84.43325,19.95891],[84.43063,19.95737],[84.43017,19.95613],[84.42832,19.95598],[84.42657,19.95762],[84.42555,19.95624],[84.42401,19.95737],[84.42165,19.95737],[84.42134,19.95495],[84.42021,19.9565],[84.41846,19.95716],[84.41914,19.95845],[84.41888,19.95968],[84.41595,19.95993],[84.41267,19.95891],[84.41097,19.95937],[84.41035,19.95819],[84.40897,19.95783],[84.40712,19.95963],[84.40804,19.96091],[84.40722,19.96148],[84.40501,19.96127],[84.40481,19.95978],[84.40183,19.96055],[84.39885,19.95999],[84.3986,19.95932],[84.39967,19.95803],[84.39849,19.9566],[84.39736,19.95624],[84.39582,19.95711],[84.39198,19.95593],[84.39095,19.9586],[84.38622,19.9626],[84.38402,19.96291],[84.38139,19.96466],[84.37842,19.96476],[84.37696,19.96825],[84.37405,19.9721],[84.36713,19.97821],[84.36389,19.98196],[84.36224,19.98514],[84.35809,19.98879],[84.35357,19.98915],[84.35218,19.9873],[84.34967,19.98638],[84.34895,19.98448],[84.34618,19.98175],[84.34196,19.98052],[84.33734,19.9777],[84.33098,19.97986],[84.32441,19.98925],[84.33098,20.00019],[84.33012,20.00263],[84.33238,20.00695],[84.33783,20.00885],[84.34064,20.00804],[84.34328,20.01437],[84.35958,20.03209],[84.36163,20.03093],[84.36254,20.02789],[84.36565,20.02489],[84.39354,20.03773],[84.39577,20.03992],[84.40432,20.04244],[84.41668,20.0439],[84.42026,20.04844],[84.41764,20.05066],[84.41763,20.06181],[84.41117,20.0648],[84.4071,20.06907],[84.40623,20.07242],[84.40655,20.08261],[84.41123,20.08466],[84.41181,20.08371],[84.41284,20.08364],[84.41254,20.08495],[84.41383,20.08568],[84.41705,20.09584],[84.41989,20.09943],[84.4184,20.10337],[84.42066,20.10882],[84.41955,20.11059],[84.41946,20.1143],[84.42095,20.11631],[84.42542,20.11957],[84.42976,20.12019],[84.42991,20.12352],[84.43232,20.12754],[84.43078,20.13458],[84.43296,20.13919],[84.43459,20.14139],[84.43861,20.14311],[84.44289,20.14351],[84.4438,20.14515],[84.44395,20.14629],[84.43835,20.15378],[84.44054,20.15762],[84.44091,20.16153],[84.43846,20.16526],[84.43773,20.16804],[84.43507,20.17071],[84.43378,20.17824],[84.43371,20.18394],[84.43758,20.18993],[84.43879,20.19344],[84.437,20.19955],[84.44369,20.20295],[84.44852,20.20437],[84.45356,20.19893],[84.45711,20.19275],[84.46142,20.18719],[84.45919,20.18134],[84.45557,20.18112],[84.45615,20.17688],[84.45477,20.16672],[84.48891,20.13985],[84.49352,20.14103],[84.49899,20.14088],[84.50576,20.13781],[84.50897,20.13792],[84.50963,20.13649],[84.5112,20.13569],[84.51241,20.13642],[84.51069,20.14007],[84.51219,20.14581],[84.51508,20.14819],[84.51585,20.14991],[84.52531,20.15162],[84.52795,20.14326],[84.5422,20.13953],[84.55799,20.14084],[84.56267,20.13795],[84.56545,20.13997],[84.56625,20.14475],[84.56479,20.14728],[84.56493,20.14998],[84.56132,20.15162],[84.56026,20.15667],[84.57473,20.16329],[84.58281,20.16862],[84.58939,20.17063],[84.58721,20.18559],[84.60005,20.17535],[84.61353,20.18056],[84.61797,20.18419],[84.62078,20.18463],[84.62254,20.1876],[84.62715,20.18658],[84.63116,20.1897],[84.63602,20.18925],[84.63619,20.19235],[84.63797,20.19296],[84.63947,20.19593],[84.64929,20.20049],[84.65006,20.20301],[84.65128,20.20282],[84.65061,20.20708],[84.65326,20.22582],[84.6582,20.2302],[84.65979,20.23482],[84.66235,20.23785],[84.66334,20.24071],[84.66721,20.24308],[84.66904,20.25604],[84.67417,20.273],[84.68541,20.27492],[84.69563,20.27948],[84.69896,20.28023],[84.70876,20.2766],[84.71677,20.26965],[84.72093,20.2644],[84.73026,20.25787],[84.73299,20.25067],[84.73457,20.24878],[84.73526,20.24578],[84.73787,20.24318],[84.74267,20.24333],[84.74982,20.24157],[84.75936,20.24157],[84.76155,20.24209],[84.7652,20.24545],[84.7672,20.24568],[84.77559,20.24285],[84.78446,20.23183],[84.78587,20.2312],[84.79097,20.22918],[84.79838,20.22745],[84.80598,20.22417],[84.81618,20.22308],[84.81959,20.22164],[84.82506,20.22251],[84.82828,20.21801],[84.83375,20.21576],[84.83344,20.20688],[84.83186,20.20238],[84.83173,20.19863],[84.82925,20.19239],[84.82559,20.17854],[84.82553,20.17213],[84.8282,20.15829],[84.82613,20.15032],[84.82431,20.13779],[84.8243,20.11864],[84.82188,20.11534],[84.81641,20.114],[84.80961,20.11399],[84.80821,20.11278],[84.80651,20.10891],[84.8082,20.10516],[84.80845,20.10216],[84.80705,20.10002],[84.80481,20.09909],[84.80383,20.09626],[84.80037,20.09164],[84.80061,20.08973],[84.80669,20.08253],[84.81385,20.06587],[84.82471,20.05897],[84.83704,20.05311],[84.84608,20.04356],[84.85262,20.03429],[84.85912,20.02952],[84.85966,20.02329],[84.86311,20.01834],[84.86201,20.00507],[84.86459,19.99967],[84.87538,19.99773],[84.88303,19.99949],[84.88606,19.99946],[84.89283,19.99502],[84.90099,19.99285],[84.90328,19.99081],[84.90707,19.98118],[84.91042,19.97631],[84.91071,19.97337],[84.91312,19.96908],[84.9138,19.95951],[84.91868,19.95051],[84.91948,19.94613],[84.92183,19.94332],[84.9229,19.9405],[84.91911,19.93276],[84.91956,19.93026],[84.91757,19.92895],[84.91789,19.92551],[84.91513,19.92514],[84.91264,19.91891],[84.90906,19.91481],[84.90957,19.90713],[84.91807,19.90493],[84.92389,19.90489],[84.92599,19.90523],[84.93003,19.90763],[84.93346,19.90407],[84.93678,19.89919],[84.94201,19.89656],[84.93713,19.8744],[84.94637,19.86865],[84.94799,19.87082],[84.9542,19.86757],[84.95264,19.86493],[84.97135,19.85367],[84.98625,19.81898],[84.99147,19.81726],[84.99348,19.81454],[84.99783,19.81365],[85.00159,19.81374],[85.00377,19.80841],[85.00613,19.80589],[85.0059,19.80365],[85.00819,19.80268],[85.01055,19.80268],[85.01807,19.8054],[85.02327,19.80587],[85.03134,19.8037],[85.03724,19.80571],[85.04717,19.80533],[85.05268,19.80191],[85.0585,19.79951],[85.06386,19.7985],[85.06712,19.79625],[85.07402,19.79392],[85.07442,19.79282],[85.07852,19.78965],[85.07977,19.78755],[85.07984,19.77933],[85.0845,19.77615],[85.08605,19.76924],[85.0897,19.76645],[85.1032,19.75876],[85.10654,19.75838],[85.11314,19.75542],[85.11702,19.75271],[85.11974,19.75209],[85.12849,19.74776],[85.13582,19.74023],[85.13927,19.73862],[85.14108,19.73471],[85.14454,19.73138],[85.14623,19.72707],[85.14645,19.72428],[85.14517,19.72149],[85.14547,19.71881],[85.14983,19.71627],[85.157,19.70648],[85.16243,19.70169],[85.16323,19.69987],[85.16293,19.69652],[85.16366,19.69465],[85.17094,19.69113],[85.1729,19.68774],[85.17332,19.68503],[85.17854,19.68062],[85.18477,19.67702],[85.18204,19.62476],[85.17604,19.55703],[85.13713,19.52058],[85.15139,19.49341],[85.17469,19.46631],[85.15381,19.45043],[85.14805,19.44679],[85.11309,19.4182],[85.10465,19.41053],[85.10408,19.4098],[85.10474,19.40983],[85.10717,19.41176],[85.09962,19.40382],[85.09546,19.39742],[85.09417,19.39368],[85.09525,19.39037],[85.09287,19.38528],[85.08964,19.38098],[85.0868,19.37935],[85.08282,19.37485],[85.03778,19.34881],[85.00021,19.32477],[84.99886,19.32472],[84.99192,19.32078],[84.9821,19.31431],[84.93412,19.27732],[84.91788,19.26175],[84.88269,19.23141],[84.86762,19.21721],[84.83994,19.18871],[84.81154,19.1552],[84.80183,19.13808],[84.79765,19.12895],[84.79662,19.12318],[84.7952,19.11991],[84.79315,19.1172],[84.78978,19.11531],[84.78942,19.11286],[84.77982,19.09908],[84.7737,19.08729],[84.7672,19.07671],[84.75624,19.08177],[84.75017,19.08685],[84.711,19.11517],[84.70602,19.11642],[84.70386,19.12036],[84.70633,19.1214],[84.70567,19.12433],[84.70257,19.12481],[84.70027,19.1261],[84.70838,19.13877],[84.70124,19.14247],[84.70351,19.14609],[84.71329,19.14578],[84.71427,19.15107],[84.71671,19.15205],[84.71619,19.15379],[84.71744,19.15382],[84.71737,19.15501],[84.71218,19.15866],[84.70925,19.15772],[84.70573,19.15999],[84.70399,19.15933],[84.69901,19.15964],[84.69724,19.15883],[84.69438,19.16048],[84.6917,19.15933],[84.68728,19.15922],[84.68619,19.15977],[84.68623,19.16194],[84.68122,19.16253],[84.67951,19.16518],[84.67561,19.16504],[84.67516,19.16424],[84.673,19.16493],[84.67126,19.1618],[84.67059,19.15425],[84.67213,19.15403],[84.67373,19.15059],[84.67408,19.14787],[84.67523,19.14717],[84.67366,19.14139],[84.66994,19.13498],[84.66948,19.13181],[84.67007,19.12882],[84.66241,19.13011],[84.65939,19.12847],[84.65705,19.12823],[84.6474,19.13171],[84.64653,19.12833],[84.63971,19.12931],[84.63727,19.12781],[84.63361,19.12784],[84.63337,19.12558],[84.62634,19.12729],[84.61003,19.12778],[84.60885,19.12951],[84.60578,19.12913],[84.60422,19.12694],[84.60422,19.12412],[84.6054,19.11983],[84.60802,19.11492],[84.60941,19.10765],[84.61042,19.10608],[84.61243,19.10535],[84.61139,19.10256],[84.61198,19.09949],[84.61749,19.09984],[84.62027,19.09863],[84.62184,19.1027],[84.62567,19.0996],[84.62547,19.09908],[84.62783,19.098],[84.62731,19.09476],[84.6256,19.09389],[84.62466,19.09169],[84.62651,19.09145],[84.62668,19.08859],[84.63271,19.08814],[84.6356,19.08591],[84.63873,19.08591],[84.63992,19.08699],[84.64368,19.08811],[84.64542,19.08776],[84.64622,19.08905],[84.64838,19.09006],[84.64876,19.0911],[84.65249,19.09201],[84.65594,19.09107],[84.66106,19.0919],[84.66227,19.08947],[84.66715,19.08536],[84.66645,19.08079],[84.66837,19.0801],[84.67032,19.07651],[84.66722,19.07306],[84.66572,19.0724],[84.66376,19.07275],[84.66387,19.06568],[84.66213,19.0608],[84.66004,19.06105],[84.66035,19.06279],[84.65712,19.06342],[84.65604,19.06624],[84.64702,19.06502],[84.64451,19.06561],[84.64406,19.06411],[84.64034,19.06146],[84.63953,19.05899],[84.63424,19.0585],[84.63163,19.06042],[84.63124,19.06397],[84.62832,19.06498],[84.62035,19.06509],[84.6194,19.05938],[84.62212,19.0592],[84.62327,19.0584],[84.62313,19.05513],[84.62051,19.05492],[84.61968,19.05314],[84.61561,19.05499],[84.61498,19.05265],[84.61581,19.05091],[84.61188,19.04569],[84.61031,19.04538],[84.60707,19.03531],[84.60474,19.03183],[84.60419,19.02751],[84.60321,19.02633],[84.60342,19.02406],[84.6031,19.02361],[84.59934,19.02444],[84.5976,19.02403],[84.59659,19.02121],[84.59035,19.02375],[84.589,19.02626],[84.58523,19.02932],[84.58465,19.0336],[84.5835,19.03611],[84.58541,19.04095],[84.5805,19.03844],[84.58012,19.03936],[84.58064,19.04353],[84.58559,19.04854],[84.58479,19.04896],[84.58385,19.05175],[84.58434,19.05809],[84.58301,19.05944],[84.58485,19.06251],[84.58468,19.06603],[84.58583,19.07052],[84.58528,19.07265],[84.5843,19.07282],[84.58283,19.0715],[84.57848,19.06603],[84.57291,19.06819],[84.57308,19.06927],[84.57577,19.07129],[84.57542,19.07198],[84.56727,19.06679],[84.56535,19.06432],[84.56469,19.0607],[84.55877,19.0552],[84.54289,19.05342],[84.53714,19.04806],[84.52906,19.04492],[84.52561,19.0468],[84.51855,19.04691],[84.51375,19.03908],[84.51049,19.03596],[84.50719,19.03113],[84.50493,19.0311],[84.50284,19.03204],[84.49761,19.02928],[84.49487,19.02671],[84.49437,19.02347],[84.49077,19.01869],[84.48708,19.01851],[84.485,19.01607],[84.48396,18.99992],[84.48026,18.99067],[84.47818,18.98866],[84.47624,18.98955],[84.47626,18.99189],[84.47213,18.99089],[84.46747,18.99409],[84.46677,18.9936],[84.46733,18.99174],[84.46687,18.99115],[84.46275,18.9927],[84.46231,18.99402],[84.46313,18.99532],[84.46291,18.99652],[84.45949,18.99801],[84.45763,18.99645],[84.45721,18.99874],[84.45631,18.99976],[84.45492,18.99994],[84.45097,19.00239],[84.44751,19.00331],[84.44346,19.00255],[84.44221,19.00396],[84.44208,19.00627],[84.43913,19.00621],[84.43702,19.00931],[84.4343,19.01008],[84.4333,19.01259],[84.42638,19.01296],[84.42587,19.01457],[84.42745,19.01849],[84.42394,19.02074],[84.42323,19.02045],[84.42395,19.01163],[84.42605,19.01184],[84.42999,19.00678],[84.43372,19.00625],[84.43443,19.00498],[84.43382,18.99996],[84.43425,18.99395],[84.44463,18.99119],[84.44608,18.98805],[84.44567,18.98437],[84.44971,18.9803],[84.45441,18.97687],[84.45152,18.97518],[84.44993,18.97504],[84.44703,18.97198],[84.44775,18.97006],[84.4453,18.96796],[84.44317,18.96777],[84.43766,18.96923],[84.43276,18.96765],[84.43129,18.96332],[84.43381,18.96077],[84.43394,18.95734],[84.42986,18.95263],[84.42836,18.95183],[84.42736,18.94945],[84.42438,18.94864],[84.42152,18.94672],[84.41937,18.94364],[84.42013,18.94127],[84.41878,18.9395],[84.41575,18.93798],[84.41328,18.93801],[84.40357,18.94277],[84.39591,18.95256],[84.40091,18.95745],[84.40374,18.95679],[84.40514,18.9577],[84.40607,18.95999],[84.40623,18.96383],[84.41245,18.9644],[84.41235,18.96613],[84.40916,18.97185],[84.40012,18.97218],[84.39114,18.96698],[84.38917,18.96338],[84.39302,18.95794],[84.39271,18.95679],[84.39125,18.956],[84.38748,18.95834],[84.38132,18.95765],[84.37891,18.95814],[84.37093,18.96161],[84.36447,18.96542],[84.35382,18.96748],[84.35452,18.97661],[84.36083,18.99063],[84.36863,18.99998],[84.37038,19.00552],[84.37325,19.01012],[84.37202,19.01119],[84.36566,19.01004],[84.3606,19.01047],[84.35527,19.00859],[84.35625,19.01102],[84.35827,19.01284],[84.35832,19.01653],[84.36245,19.02132],[84.36261,19.02552],[84.35854,19.02988],[84.36111,19.03194],[84.36325,19.03969],[84.3653,19.04324],[84.36422,19.04621],[84.36612,19.04763],[84.36632,19.05005],[84.36582,19.0539],[84.36356,19.05875],[84.3616,19.06061],[84.35789,19.06256],[84.35312,19.06685],[84.35858,19.07115],[84.3598,19.07347],[84.36011,19.07647],[84.35154,19.07724],[84.3504,19.07751],[84.3502,19.07826],[84.35384,19.08338],[84.35836,19.08651],[84.35892,19.08859],[84.36256,19.08704],[84.36862,19.09169],[84.37321,19.10403],[84.37093,19.10416],[84.3689,19.10321],[84.36706,19.10133],[84.36645,19.09879],[84.3616,19.09353],[84.35282,19.09269],[84.35026,19.09132],[84.34571,19.07979],[84.34576,19.07432],[84.34192,19.07006],[84.33572,19.06615],[84.3326,19.0688],[84.33185,19.07057],[84.336,19.08394],[84.33861,19.08629],[84.34191,19.08681],[84.34339,19.0881],[84.34238,19.09378],[84.3381,19.10033],[84.33752,19.10285],[84.33868,19.10511],[84.34283,19.10864],[84.34433,19.11229],[84.34241,19.1187],[84.34261,19.12383],[84.34153,19.12709],[84.34172,19.12969],[84.34289,19.13178],[84.34603,19.13419],[84.34868,19.13481],[84.35259,19.13148],[84.35549,19.12756],[84.35947,19.12733],[84.36274,19.12347],[84.36667,19.1225],[84.37312,19.12583],[84.37618,19.12611],[84.37878,19.12984],[84.3793,19.13276],[84.37817,19.13493],[84.38033,19.13921],[84.38837,19.13871],[84.39036,19.13955],[84.39037,19.14102],[84.38901,19.14199],[84.38081,19.1452],[84.37817,19.14752],[84.37569,19.15645],[84.36694,19.16026],[84.36662,19.161],[84.37074,19.17874],[84.36535,19.17928],[84.36392,19.18002],[84.36196,19.18349],[84.36182,19.18727],[84.36337,19.19053],[84.36947,19.19403],[84.37354,19.19381],[84.38303,19.19598],[84.38687,19.19303],[84.38931,19.19649],[84.39185,19.19795],[84.39417,19.19868],[84.39804,19.19867],[84.40054,19.20024],[84.39749,19.20833],[84.39883,19.21012],[84.3984,19.21285],[84.40853,19.22101],[84.41064,19.22352],[84.41148,19.22578],[84.41077,19.23618],[84.41139,19.23891],[84.41866,19.24792],[84.42239,19.25493],[84.4269,19.26085],[84.42531,19.27003],[84.42205,19.2753],[84.42177,19.27844],[84.42872,19.29459],[84.4296,19.29868],[84.42313,19.30499],[84.42075,19.30617],[84.41946,19.30806],[84.42153,19.31108],[84.42171,19.31243],[84.42028,19.3153],[84.4201,19.32158],[84.41746,19.32778],[84.41775,19.33279],[84.4203,19.33909],[84.42113,19.34452],[84.42675,19.35318],[84.44142,19.36243],[84.4343,19.36459],[84.42575,19.36605],[84.42139,19.3661],[84.41988,19.36706],[84.418,19.36582],[84.41298,19.3658],[84.39567,19.37083],[84.38859,19.37769],[84.38192,19.38224],[84.38137,19.38422],[84.38789,19.38969],[84.39079,19.39374],[84.3926,19.399],[84.38723,19.40106],[84.37862,19.40599],[84.37392,19.41117],[84.37263,19.41494],[84.37327,19.42126],[84.37849,19.42223],[84.38118,19.42389],[84.38212,19.42494],[84.3837,19.42996],[84.38508,19.43045],[84.38617,19.42995],[84.38933,19.4264],[84.39066,19.42597],[84.39149,19.42713],[84.3921,19.43213],[84.39431,19.43304],[84.396,19.4356],[84.39877,19.43623],[84.40084,19.43799],[84.4029,19.43791],[84.40485,19.43686],[84.40733,19.43926],[84.40936,19.43764],[84.41101,19.43968],[84.41275,19.44017],[84.42127,19.43942],[84.42564,19.44111],[84.43302,19.44051],[84.43407,19.44179],[84.43385,19.44689],[84.42973,19.44503],[84.42717,19.44596],[84.42271,19.44558],[84.42088,19.44664],[84.41653,19.44678],[84.41388,19.45218],[84.4132,19.45268],[84.41141,19.45178],[84.40971,19.45215],[84.40973,19.45405],[84.40806,19.4531],[84.40671,19.45416],[84.40643,19.45633],[84.39783,19.4509],[84.39687,19.46771],[84.39744,19.46938],[84.39561,19.47098],[84.39568,19.47213],[84.38719,19.47045],[84.38208,19.47917],[84.37769,19.48173],[84.37675,19.48404],[84.37614,19.49127],[84.38263,19.49837],[84.38638,19.50728],[84.38553,19.50996],[84.38918,19.51484],[84.38866,19.52384],[84.38995,19.52843],[84.38672,19.53262],[84.38754,19.54005],[84.38557,19.54515],[84.38995,19.54854],[84.39713,19.54701],[84.39889,19.54724],[84.39999,19.54788],[84.40096,19.55062],[84.40456,19.5547],[84.40617,19.55951],[84.40408,19.56592],[84.40202,19.56932],[84.40334,19.5746],[84.39996,19.57426],[84.39191,19.57589],[84.38452,19.58011],[84.38141,19.58324],[84.37362,19.58556],[84.36764,19.58605],[84.36399,19.58718],[84.35355,19.58753],[84.34022,19.59102],[84.33701,19.59268],[84.33412,19.59571],[84.33157,19.60201],[84.33001,19.60358],[84.32481,19.60639],[84.32675,19.59772],[84.32645,19.59371],[84.32482,19.59096],[84.32165,19.58815],[84.32125,19.58351],[84.3218,19.57641],[84.32111,19.57398],[84.31924,19.57365],[84.31353,19.57014],[84.29897,19.5654],[84.2924,19.56019],[84.2864,19.55731],[84.27983,19.55158],[84.27438,19.5488],[84.27228,19.54921],[84.2681,19.55136],[84.26706,19.55474],[84.26733,19.56632],[84.2692,19.57372],[84.2673,19.57783],[84.26795,19.58555],[84.26745,19.58635],[84.26558,19.58621],[84.26219,19.58299],[84.2603,19.57732],[84.25869,19.56658],[84.25893,19.55956],[84.25791,19.5534],[84.25395,19.55382],[84.2502,19.55536],[84.24911,19.55657],[84.24756,19.56085],[84.25003,19.56233],[84.25234,19.56493],[84.25269,19.56726],[84.24671,19.57629],[84.2435,19.57629],[84.24122,19.57709],[84.23843,19.58022],[84.23843,19.58305],[84.23708,19.5885],[84.23547,19.59179],[84.23496,19.59838],[84.23576,19.60007],[84.2356,19.60523],[84.23859,19.6081],[84.23513,19.6122],[84.23251,19.61753],[84.22871,19.61955],[84.22727,19.62268],[84.22845,19.62767],[84.23112,19.62817],[84.23255,19.63029],[84.23682,19.63071],[84.23843,19.6332],[84.23911,19.63827],[84.24088,19.63899],[84.24303,19.63836],[84.24924,19.64368],[84.24625,19.6526],[84.24214,19.66025],[84.24122,19.66434],[84.23508,19.66523],[84.23158,19.66696],[84.22972,19.66624],[84.22837,19.66654],[84.22524,19.6714],[84.22533,19.67296],[84.22364,19.67626],[84.21971,19.67381],[84.21261,19.68226],[84.20893,19.68441],[84.20712,19.68471],[84.20606,19.68594],[84.20124,19.68602],[84.20378,19.69168],[84.19884,19.69532],[84.1936,19.70288],[84.19123,19.70516],[84.20196,19.72836],[84.20374,19.73389],[84.19178,19.73681],[84.18459,19.73727],[84.18054,19.73677],[84.17158,19.73406],[84.16858,19.73419],[84.15531,19.72511],[84.15742,19.72802],[84.16195,19.73778],[84.15781,19.74027],[84.1581,19.7426],[84.15266,19.75005],[84.15285,19.75167],[84.15131,19.75649],[84.1441,19.764],[84.13294,19.77878]],[[84.42108,19.31642],[84.42171,19.31495],[84.42475,19.31392],[84.42703,19.31162],[84.4306,19.31399],[84.4291,19.31614],[84.42495,19.31611],[84.42262,19.31795],[84.42142,19.31752],[84.42108,19.31642]],[[84.42072,19.23495],[84.42133,19.2341],[84.42377,19.23609],[84.43191,19.23944],[84.43379,19.24516],[84.43291,19.24721],[84.42972,19.25038],[84.4251,19.24998],[84.4226,19.24758],[84.42121,19.24405],[84.4219,19.23963],[84.42072,19.23495]],[[84.43208,19.21995],[84.43452,19.21786],[84.43661,19.22215],[84.43436,19.22389],[84.43208,19.21995]]]}},{"type":"Feature","properties":{"DISTRICT":"JAGATSINGHPUR","CODE":12},"geometry":{"type":"Polygon","coordinates":[[[86.01485,20.37857],[86.01531,20.38141],[86.01899,20.38806],[86.0202,20.39166],[86.02451,20.39575],[86.02762,20.40204],[86.03024,20.40505],[86.03207,20.41055],[86.03078,20.41159],[86.03042,20.41334],[86.02718,20.41617],[86.02634,20.41817],[86.02663,20.4202],[86.02892,20.42181],[86.02873,20.42385],[86.02752,20.42492],[86.02316,20.42614],[86.02201,20.42761],[86.02244,20.42926],[86.02472,20.43033],[86.03255,20.42896],[86.03337,20.43018],[86.03323,20.43181],[86.03133,20.43621],[86.02801,20.439],[86.02352,20.445],[86.0683,20.46157],[86.08242,20.46401],[86.09192,20.46379],[86.09594,20.46181],[86.08984,20.4545],[86.09184,20.45223],[86.09578,20.45369],[86.09834,20.45375],[86.10065,20.45603],[86.1011,20.453],[86.10395,20.45193],[86.10613,20.44904],[86.10798,20.44884],[86.112,20.44654],[86.1151,20.44733],[86.11523,20.44487],[86.11658,20.44308],[86.119,20.44196],[86.1226,20.44231],[86.12383,20.43918],[86.13112,20.43571],[86.13486,20.44004],[86.13935,20.44012],[86.14164,20.43943],[86.13657,20.43172],[86.13656,20.42999],[86.14053,20.42708],[86.1424,20.42215],[86.14781,20.41959],[86.14972,20.41432],[86.15163,20.41411],[86.15597,20.41649],[86.15956,20.41584],[86.16108,20.41446],[86.16161,20.41269],[86.161,20.40608],[86.16293,20.40579],[86.1637,20.40732],[86.16563,20.40828],[86.16723,20.4104],[86.16849,20.41046],[86.1699,20.40863],[86.17124,20.40305],[86.17992,20.40214],[86.1824,20.39933],[86.18379,20.3991],[86.18468,20.3971],[86.18668,20.39618],[86.18868,20.39596],[86.1892,20.39744],[86.19019,20.39796],[86.19785,20.39761],[86.20015,20.39824],[86.20155,20.39783],[86.20473,20.39462],[86.2066,20.39368],[86.22112,20.39361],[86.22313,20.39165],[86.22601,20.39062],[86.23282,20.39248],[86.23658,20.39671],[86.23877,20.40075],[86.24014,20.40174],[86.24255,20.40159],[86.24452,20.40038],[86.24708,20.39477],[86.24971,20.39253],[86.25375,20.39364],[86.25851,20.40045],[86.26386,20.40378],[86.26569,20.4033],[86.26752,20.40136],[86.26839,20.39877],[86.26809,20.3959],[86.26953,20.39442],[86.2713,20.39455],[86.27282,20.3956],[86.27413,20.39704],[86.2751,20.40092],[86.27666,20.40118],[86.27772,20.39691],[86.27738,20.39459],[86.27586,20.39239],[86.2735,20.39286],[86.27109,20.39163],[86.27054,20.39053],[86.274,20.38893],[86.27455,20.38787],[86.26657,20.38661],[86.2634,20.3853],[86.26286,20.38251],[86.25931,20.37588],[86.25804,20.37858],[86.25327,20.37867],[86.25091,20.37352],[86.24854,20.37183],[86.24828,20.37073],[86.25078,20.36929],[86.24985,20.36625],[86.25149,20.36369],[86.25559,20.36469],[86.26453,20.36523],[86.26739,20.36944],[86.27541,20.36949],[86.27294,20.36106],[86.27467,20.35739],[86.2797,20.35656],[86.2798,20.36069],[86.28394,20.36096],[86.28889,20.36234],[86.29819,20.35855],[86.30148,20.35399],[86.30719,20.35378],[86.30861,20.35472],[86.31136,20.36117],[86.31402,20.36002],[86.3145,20.35715],[86.31704,20.35336],[86.32055,20.35336],[86.3217,20.35551],[86.32677,20.35688],[86.32902,20.36386],[86.32745,20.3653],[86.32533,20.36571],[86.32564,20.36617],[86.32963,20.36799],[86.33858,20.36882],[86.34117,20.36686],[86.34219,20.36485],[86.34404,20.36411],[86.34714,20.36115],[86.34788,20.35837],[86.35029,20.35487],[86.35125,20.35053],[86.36104,20.3502],[86.36266,20.35122],[86.36298,20.35243],[86.36112,20.35571],[86.36234,20.35745],[86.36493,20.35708],[86.36678,20.35534],[86.36829,20.35502],[86.37039,20.35692],[86.37294,20.35773],[86.37637,20.35627],[86.3818,20.35615],[86.38248,20.35449],[86.38564,20.35344],[86.39127,20.3532],[86.39305,20.35567],[86.39135,20.36198],[86.39406,20.364],[86.39648,20.3642],[86.40305,20.35814],[86.40698,20.35721],[86.41339,20.35832],[86.41501,20.3576],[86.41352,20.35438],[86.41364,20.35115],[86.41885,20.34743],[86.42363,20.34507],[86.42438,20.34278],[86.42574,20.34141],[86.42841,20.34091],[86.43095,20.34178],[86.43368,20.34358],[86.43641,20.34761],[86.43722,20.34786],[86.43554,20.34364],[86.43473,20.33459],[86.43945,20.33589],[86.44379,20.33608],[86.45105,20.33198],[86.45409,20.33087],[86.45918,20.33024],[86.46463,20.33105],[86.46798,20.33496],[86.47028,20.33651],[86.47549,20.33713],[86.47778,20.33657],[86.48838,20.33069],[86.49696,20.32839],[86.49995,20.32835],[86.51437,20.3373],[86.51562,20.33976],[86.52104,20.34057],[86.52145,20.3398],[86.52788,20.33883],[86.53188,20.33714],[86.53787,20.3307],[86.54576,20.32471],[86.55317,20.32293],[86.5621,20.32521],[86.56968,20.33171],[86.57623,20.33503],[86.58679,20.33644],[86.5942,20.33997],[86.60913,20.34118],[86.61277,20.3375],[86.62115,20.33491],[86.62726,20.33385],[86.64821,20.33253],[86.66426,20.32663],[86.67416,20.32126],[86.68268,20.31482],[86.68642,20.30991],[86.69247,20.29865],[86.69943,20.29594],[86.71702,20.2969],[86.72771,20.29918],[86.73244,20.3016],[86.74999,20.31361],[86.7567,20.31706],[86.76939,20.32529],[86.77342,20.32833],[86.78126,20.33617],[86.7859,20.33327],[86.78671,20.33191],[86.78522,20.32906],[86.77939,20.32714],[86.77386,20.32336],[86.76632,20.31565],[86.76198,20.31225],[86.75803,20.30987],[86.7519,20.30774],[86.72604,20.2894],[86.71683,20.28415],[86.70486,20.28009],[86.68349,20.26937],[86.68266,20.26303],[86.68208,20.26661],[86.67793,20.2662],[86.67611,20.26942],[86.67637,20.27118],[86.67818,20.2743],[86.67606,20.27565],[86.67481,20.27389],[86.67211,20.27472],[86.67019,20.2717],[86.67138,20.26973],[86.67409,20.26838],[86.67471,20.26713],[86.67548,20.26433],[86.67476,20.26162],[86.67928,20.25913],[86.68276,20.25882],[86.68058,20.25846],[86.67757,20.25923],[86.65495,20.25139],[86.64867,20.24774],[86.59877,20.22405],[86.58543,20.21551],[86.57721,20.20875],[86.54028,20.18489],[86.52755,20.17403],[86.5215,20.16788],[86.51474,20.15774],[86.51072,20.14785],[86.50456,20.13554],[86.50017,20.1291],[86.49482,20.11617],[86.48906,20.10946],[86.48136,20.09632],[86.47083,20.08448],[86.45025,20.06662],[86.44244,20.05666],[86.44056,20.05603],[86.43668,20.05216],[86.43532,20.05211],[86.43516,20.053],[86.43835,20.05687],[86.43877,20.05824],[86.43793,20.05839],[86.43207,20.05315],[86.42883,20.05216],[86.41777,20.04105],[86.41358,20.03288],[86.41138,20.0223],[86.4096,20.01769],[86.4064,20.01361],[86.40593,20.00942],[86.40452,20.00732],[86.39697,20.00213],[86.39585,19.99961],[86.39633,19.99691],[86.39706,19.99644],[86.40539,19.9991],[86.40888,19.99762],[86.40867,19.99352],[86.41042,19.9948],[86.41029,19.99709],[86.41194,19.99772],[86.41237,19.99897],[86.41772,20.00021],[86.41998,20.00337],[86.4231,20.00246],[86.42132,20.00534],[86.42273,20.00609],[86.42301,20.00741],[86.42661,20.00681],[86.4251,20.00834],[86.42523,20.0091],[86.42842,20.01019],[86.43086,20.01526],[86.4359,20.01582],[86.42686,20.00299],[86.40984,19.98878],[86.40056,19.98212],[86.39553,19.98022],[86.39399,19.97898],[86.39186,19.97586],[86.39046,19.97009],[86.38695,19.96507],[86.38575,19.96102],[86.38383,19.95875],[86.38119,19.96162],[86.38034,19.96568],[86.37595,19.97556],[86.3623,19.9723],[86.35682,19.97206],[86.35195,19.97338],[86.34435,19.97891],[86.34019,19.98406],[86.33774,19.98854],[86.33386,19.99939],[86.32487,20.01794],[86.31854,20.02059],[86.31673,20.02324],[86.31454,20.02486],[86.31305,20.02512],[86.31052,20.02408],[86.29676,20.02893],[86.29424,20.03236],[86.28986,20.03427],[86.28991,20.03507],[86.28123,20.03999],[86.27564,20.04182],[86.27166,20.0414],[86.2711,20.04253],[86.27147,20.04361],[86.27762,20.04666],[86.2801,20.05416],[86.27705,20.05477],[86.27358,20.05402],[86.26739,20.05055],[86.26241,20.05224],[86.2558,20.05285],[86.25111,20.04679],[86.24856,20.04099],[86.24532,20.03604],[86.24398,20.03601],[86.23974,20.03921],[86.23318,20.0407],[86.23289,20.042],[86.23214,20.04218],[86.23021,20.0417],[86.22544,20.03589],[86.22142,20.03459],[86.22094,20.03578],[86.21342,20.03913],[86.21334,20.03984],[86.21487,20.04111],[86.21353,20.04207],[86.21152,20.04125],[86.20954,20.04174],[86.20861,20.03868],[86.20757,20.03772],[86.20686,20.03794],[86.20504,20.04032],[86.20486,20.04211],[86.20821,20.04189],[86.20898,20.04397],[86.20831,20.04505],[86.20325,20.04654],[86.20288,20.0516],[86.20113,20.0506],[86.19912,20.05145],[86.19662,20.04889],[86.19376,20.05071],[86.19044,20.04948],[86.18747,20.05041],[86.18524,20.04952],[86.18488,20.05538],[86.17659,20.06258],[86.17039,20.0698],[86.16972,20.07513],[86.16785,20.08157],[86.16239,20.08401],[86.15933,20.08801],[86.15562,20.09082],[86.15684,20.0999],[86.16078,20.10119],[86.16219,20.10708],[86.16621,20.10858],[86.16664,20.11285],[86.16373,20.11656],[86.16139,20.11722],[86.15644,20.1211],[86.15842,20.13003],[86.15814,20.13347],[86.15417,20.13654],[86.14438,20.14194],[86.1439,20.14287],[86.1498,20.15648],[86.15008,20.15882],[86.14661,20.15988],[86.14624,20.16308],[86.14455,20.16487],[86.14513,20.16685],[86.14891,20.1713],[86.15051,20.17173],[86.15881,20.17058],[86.16163,20.16974],[86.16628,20.16581],[86.16937,20.16612],[86.16792,20.17031],[86.16433,20.17308],[86.15801,20.17426],[86.15237,20.17688],[86.15147,20.18516],[86.14915,20.18979],[86.14581,20.19183],[86.14226,20.19297],[86.14089,20.19449],[86.14063,20.1976],[86.14154,20.20001],[86.1455,20.19861],[86.14673,20.1974],[86.14842,20.19778],[86.14983,20.19938],[86.15234,20.20669],[86.15317,20.21236],[86.14988,20.21676],[86.14681,20.21906],[86.14104,20.21877],[86.13699,20.21968],[86.13495,20.21918],[86.12982,20.22223],[86.12731,20.22107],[86.11326,20.23049],[86.10646,20.23289],[86.10229,20.23273],[86.09514,20.23432],[86.09103,20.23776],[86.08041,20.24281],[86.07519,20.2464],[86.0712,20.25153],[86.07157,20.25896],[86.06905,20.26579],[86.0517,20.27475],[86.04311,20.28252],[86.04107,20.28587],[86.03908,20.29233],[86.03516,20.2938],[86.03648,20.29901],[86.03664,20.30327],[86.03514,20.30919],[86.0311,20.31438],[86.03074,20.32071],[86.02951,20.32387],[86.03024,20.3327],[86.03498,20.33638],[86.03542,20.33773],[86.02522,20.34994],[86.02473,20.35586],[86.02222,20.36357],[86.0158,20.3755],[86.01485,20.37857]]]}},{"type":"Feature","properties":{"DISTRICT":"JAJPUR","CODE":13},"geometry":{"type":"Polygon","coordinates":[[[85.68384,21.111],[85.68629,21.11314],[85.68633,21.11722],[85.68752,21.12087],[85.69607,21.13456],[85.70159,21.13814],[85.71204,21.14226],[85.72747,21.14162],[85.72905,21.14135],[85.73449,21.13799],[85.74022,21.13789],[85.74139,21.1385],[85.74795,21.14655],[85.75385,21.1481],[85.76363,21.14393],[85.76453,21.1346],[85.76857,21.12501],[85.7673,21.11778],[85.76812,21.11428],[85.7729,21.11329],[85.77288,21.10709],[85.77389,21.10446],[85.7746,21.10392],[85.77778,21.10435],[85.78107,21.10056],[85.78179,21.10156],[85.78621,21.10018],[85.79022,21.10399],[85.79247,21.10476],[85.79556,21.10472],[85.79938,21.10291],[85.80416,21.10499],[85.80863,21.10572],[85.812,21.09965],[85.8122,21.09608],[85.81408,21.09298],[85.82425,21.08967],[85.83016,21.08922],[85.8379,21.09515],[85.84594,21.09425],[85.84949,21.09464],[85.85509,21.09291],[85.86393,21.08695],[85.87681,21.08456],[85.8801,21.08656],[85.88973,21.0852],[85.89589,21.08751],[85.90382,21.08931],[85.90955,21.08945],[85.91901,21.092],[85.93066,21.12266],[85.93177,21.13118],[85.93153,21.13455],[85.93666,21.13457],[85.93826,21.13397],[85.94044,21.12868],[85.94086,21.12937],[85.94411,21.12999],[85.94624,21.13169],[85.94936,21.13085],[85.94954,21.12869],[85.95151,21.12808],[85.95906,21.12971],[85.96037,21.13111],[85.96053,21.13303],[85.96135,21.13288],[85.96333,21.12949],[85.96481,21.13066],[85.96546,21.13204],[85.96446,21.13405],[85.96182,21.13666],[85.96394,21.13975],[85.96527,21.13721],[85.96774,21.13583],[85.97152,21.13684],[85.97725,21.14194],[85.97856,21.14226],[85.98351,21.13602],[85.98533,21.13525],[85.99467,21.13782],[85.99548,21.14168],[85.99909,21.14177],[86.00074,21.14069],[86.00452,21.14109],[86.00927,21.14495],[86.01305,21.14273],[86.01331,21.1401],[86.01782,21.14158],[86.02126,21.14424],[86.0224,21.14409],[86.02275,21.13993],[86.02654,21.13854],[86.03048,21.13871],[86.03314,21.1431],[86.02987,21.14557],[86.02962,21.14789],[86.03101,21.14882],[86.03478,21.14944],[86.03835,21.15971],[86.04032,21.16033],[86.04198,21.15794],[86.04461,21.15672],[86.04691,21.15672],[86.05111,21.15974],[86.05292,21.15959],[86.05334,21.15712],[86.06017,21.15251],[86.06642,21.15191],[86.06821,21.15454],[86.06712,21.15901],[86.06737,21.16055],[86.06982,21.1638],[86.07195,21.16396],[86.07722,21.1615],[86.07903,21.16212],[86.07942,21.16444],[86.07893,21.16598],[86.08177,21.16925],[86.09049,21.16796],[86.09164,21.16735],[86.09165,21.16565],[86.08813,21.16318],[86.08566,21.16255],[86.08287,21.16355],[86.08181,21.16023],[86.07887,21.15803],[86.07675,21.15479],[86.07677,21.14908],[86.07811,21.1443],[86.07716,21.13909],[86.0772,21.13091],[86.0729,21.12975],[86.06415,21.12298],[86.0535,21.11686],[86.05181,21.11211],[86.05158,21.10827],[86.05043,21.10653],[86.05026,21.10207],[86.04845,21.09964],[86.04646,21.09976],[86.0446,21.09819],[86.04291,21.09827],[86.03849,21.09625],[86.03735,21.09402],[86.03562,21.09443],[86.03479,21.09286],[86.03537,21.09084],[86.03487,21.08766],[86.03409,21.08666],[86.0345,21.08547],[86.0318,21.08262],[86.03279,21.0813],[86.03217,21.077],[86.03172,21.07551],[86.0304,21.07464],[86.02969,21.07101],[86.0319,21.06907],[86.03273,21.06973],[86.0338,21.06944],[86.03306,21.0675],[86.03508,21.06572],[86.03484,21.06316],[86.03574,21.06291],[86.0357,21.06159],[86.03773,21.05936],[86.04004,21.05837],[86.0387,21.05502],[86.03799,21.05556],[86.03704,21.05519],[86.03651,21.05618],[86.0356,21.05589],[86.03584,21.05267],[86.03485,21.05163],[86.03688,21.0482],[86.03638,21.04593],[86.03873,21.04292],[86.03844,21.04065],[86.04033,21.03668],[86.04285,21.03449],[86.04318,21.03135],[86.04417,21.03102],[86.04766,21.02387],[86.04894,21.02259],[86.05022,21.02259],[86.05043,21.02127],[86.05204,21.02189],[86.05233,21.02024],[86.05419,21.02081],[86.05652,21.01987],[86.05627,21.02218],[86.05743,21.02222],[86.05776,21.02366],[86.07704,21.01506],[86.08511,21.01395],[86.08479,21.01768],[86.0898,21.01875],[86.09079,21.0213],[86.09062,21.0229],[86.08914,21.02475],[86.09305,21.03606],[86.09252,21.04139],[86.09344,21.04329],[86.0917,21.0437],[86.09591,21.05382],[86.09856,21.05391],[86.09938,21.05481],[86.10516,21.05676],[86.10678,21.05614],[86.10909,21.05837],[86.11095,21.05614],[86.11438,21.05717],[86.11866,21.06627],[86.12074,21.06812],[86.12491,21.06803],[86.1327,21.06651],[86.13748,21.07557],[86.15421,21.06956],[86.15807,21.06535],[86.17706,21.06209],[86.19218,21.05605],[86.19865,21.05576],[86.20073,21.05751],[86.20687,21.05763],[86.21552,21.05496],[86.22313,21.05061],[86.22948,21.04337],[86.23605,21.03919],[86.24187,21.03878],[86.25421,21.04025],[86.25948,21.03982],[86.26259,21.03874],[86.26912,21.03476],[86.28343,21.02187],[86.28996,21.01816],[86.29109,21.01599],[86.29164,21.00984],[86.29074,20.99371],[86.28683,20.98487],[86.28654,20.98263],[86.28754,20.97362],[86.29098,20.96474],[86.29079,20.95671],[86.2882,20.93997],[86.27961,20.92454],[86.27941,20.91669],[86.28137,20.91269],[86.28256,20.90445],[86.28439,20.90157],[86.2869,20.89961],[86.29398,20.89811],[86.30074,20.89979],[86.30772,20.89611],[86.31282,20.89463],[86.31383,20.89313],[86.31433,20.8867],[86.31557,20.88345],[86.3222,20.87616],[86.32789,20.87542],[86.33493,20.87738],[86.33704,20.87677],[86.33834,20.87376],[86.33799,20.87102],[86.3304,20.86649],[86.32992,20.86388],[86.33082,20.86131],[86.33665,20.86113],[86.34061,20.8586],[86.3427,20.85615],[86.35126,20.85102],[86.35841,20.84977],[86.36272,20.85113],[86.36942,20.85723],[86.37302,20.85919],[86.37573,20.86004],[86.38143,20.86036],[86.38661,20.86324],[86.39524,20.86348],[86.40011,20.86211],[86.40984,20.8566],[86.41784,20.85627],[86.42393,20.85484],[86.42557,20.8532],[86.42731,20.84789],[86.42889,20.84588],[86.43246,20.84585],[86.43601,20.84737],[86.43942,20.84759],[86.44628,20.84385],[86.45305,20.84229],[86.4573,20.84343],[86.46198,20.84787],[86.46394,20.8552],[86.46761,20.85691],[86.47066,20.85962],[86.47285,20.85967],[86.47662,20.85807],[86.48182,20.85902],[86.48287,20.85764],[86.48311,20.85521],[86.4841,20.8547],[86.4873,20.85666],[86.49723,20.86647],[86.49969,20.86663],[86.50278,20.86436],[86.50437,20.86402],[86.51022,20.86614],[86.51414,20.86865],[86.51836,20.8672],[86.52284,20.86726],[86.52548,20.86582],[86.53111,20.86545],[86.53516,20.86345],[86.54083,20.86195],[86.54598,20.85902],[86.55731,20.86121],[86.56165,20.86139],[86.56373,20.86265],[86.56631,20.86296],[86.57903,20.8602],[86.58352,20.85708],[86.58905,20.85471],[86.59625,20.85554],[86.59751,20.85436],[86.59864,20.85012],[86.6019,20.84585],[86.60314,20.84298],[86.60354,20.82876],[86.60484,20.82775],[86.60973,20.82887],[86.61168,20.82833],[86.61243,20.82659],[86.61298,20.81807],[86.61543,20.81433],[86.61805,20.81201],[86.62207,20.81277],[86.62049,20.80935],[86.62543,20.8088],[86.62533,20.80629],[86.62409,20.80367],[86.62199,20.80304],[86.61756,20.80444],[86.61603,20.8026],[86.61532,20.79975],[86.61521,20.79598],[86.61623,20.79429],[86.61848,20.79393],[86.62466,20.79478],[86.62637,20.79236],[86.62602,20.78905],[86.62307,20.78514],[86.62343,20.78047],[86.62162,20.77888],[86.61603,20.77998],[86.61576,20.77844],[86.61889,20.77655],[86.61871,20.77501],[86.61568,20.77399],[86.61114,20.77624],[86.60964,20.77126],[86.60845,20.7728],[86.60744,20.77263],[86.60629,20.77113],[86.60216,20.77144],[86.59612,20.77421],[86.59251,20.77672],[86.59044,20.77672],[86.59022,20.77892],[86.58855,20.77941],[86.58758,20.77734],[86.5815,20.77782],[86.57749,20.77593],[86.57533,20.77699],[86.57135,20.77432],[86.56639,20.77364],[86.56327,20.76917],[86.56313,20.76408],[86.56241,20.76184],[86.5592,20.7619],[86.55545,20.75613],[86.5518,20.75385],[86.54862,20.75362],[86.54675,20.75237],[86.54387,20.75197],[86.5442,20.74822],[86.54162,20.74031],[86.54558,20.73673],[86.5451,20.73557],[86.54271,20.73531],[86.54046,20.73337],[86.54076,20.73265],[86.54211,20.73242],[86.54458,20.73417],[86.54636,20.73405],[86.54775,20.73142],[86.54562,20.73067],[86.54588,20.72879],[86.54951,20.72834],[86.5515,20.73102],[86.55382,20.73265],[86.55405,20.7354],[86.55795,20.73763],[86.55951,20.73735],[86.56152,20.73936],[86.56254,20.7395],[86.56232,20.73573],[86.55917,20.73083],[86.55967,20.72939],[86.56116,20.72822],[86.56114,20.72725],[86.5592,20.72659],[86.557,20.72896],[86.5563,20.72822],[86.55384,20.72863],[86.55199,20.72533],[86.55173,20.72327],[86.54913,20.72178],[86.54858,20.72069],[86.54972,20.71586],[86.55289,20.71351],[86.55369,20.70987],[86.55753,20.70715],[86.55843,20.70542],[86.55087,20.70419],[86.54807,20.70093],[86.54634,20.69426],[86.54451,20.69243],[86.54134,20.69198],[86.53489,20.69386],[86.53069,20.6941],[86.52977,20.69267],[86.52995,20.68956],[86.52891,20.68888],[86.52569,20.69194],[86.52265,20.69782],[86.52034,20.69887],[86.51778,20.69865],[86.51619,20.69791],[86.51491,20.6959],[86.51563,20.69003],[86.51385,20.6863],[86.51051,20.68528],[86.5,20.68444],[86.49444,20.6806],[86.49036,20.6792],[86.48689,20.6793],[86.48344,20.6806],[86.4734,20.68755],[86.47113,20.68843],[86.46719,20.68402],[86.46599,20.68101],[86.46418,20.67879],[86.46149,20.67888],[86.45959,20.6805],[86.45779,20.67791],[86.45348,20.67452],[86.45403,20.67267],[86.45625,20.67045],[86.45714,20.66836],[86.45676,20.66368],[86.45426,20.65872],[86.45709,20.65715],[86.45848,20.65418],[86.45426,20.64973],[86.45319,20.64746],[86.44629,20.64816],[86.44096,20.64496],[86.43443,20.64519],[86.43272,20.64496],[86.43114,20.64353],[86.42878,20.64353],[86.42663,20.64129],[86.42382,20.63454],[86.42118,20.63528],[86.4202,20.63194],[86.42058,20.63083],[86.42294,20.63185],[86.42197,20.62907],[86.42414,20.62893],[86.42461,20.6236],[86.4165,20.62791],[86.41029,20.62884],[86.40765,20.62717],[86.40594,20.62531],[86.39964,20.62142],[86.3962,20.61591],[86.39703,20.61401],[86.39513,20.61127],[86.39291,20.60511],[86.39073,20.60317],[86.38763,20.60173],[86.38717,20.59937],[86.38022,20.59339],[86.37044,20.59371],[86.36683,20.59469],[86.3615,20.59872],[86.35649,20.6047],[86.35265,20.60497],[86.3494,20.6065],[86.34759,20.60648],[86.34699,20.60877],[86.33499,20.60724],[86.33157,20.60845],[86.3298,20.61002],[86.32703,20.6242],[86.32211,20.62897],[86.31863,20.6236],[86.31963,20.61801],[86.32081,20.61595],[86.31907,20.61258],[86.32063,20.61127],[86.31577,20.594],[86.31732,20.59195],[86.32231,20.58889],[86.32025,20.58353],[86.31695,20.57954],[86.31221,20.57985],[86.30142,20.57811],[86.30011,20.57948],[86.29912,20.58372],[86.29843,20.58378],[86.28739,20.58365],[86.28422,20.58029],[86.28149,20.58293],[86.27995,20.58341],[86.27021,20.58301],[86.26859,20.58382],[86.26614,20.58763],[86.26283,20.58915],[86.26097,20.59541],[86.2606,20.60033],[86.2567,20.60121],[86.25638,20.60319],[86.24242,20.60774],[86.226,20.60757],[86.22092,20.60939],[86.21537,20.61517],[86.21445,20.61528],[86.20895,20.62025],[86.20889,20.62228],[86.2104,20.62757],[86.20499,20.63207],[86.20302,20.62934],[86.19572,20.63074],[86.19444,20.62738],[86.19058,20.62427],[86.18597,20.6251],[86.18585,20.62613],[86.18755,20.62796],[86.18701,20.63206],[86.17606,20.63497],[86.17354,20.63434],[86.16602,20.63701],[86.16558,20.63881],[86.16627,20.6394],[86.16776,20.63828],[86.16902,20.63844],[86.17194,20.63717],[86.18423,20.6375],[86.18407,20.64102],[86.18581,20.64131],[86.18809,20.64127],[86.19179,20.63806],[86.19286,20.64795],[86.19419,20.65126],[86.19312,20.65436],[86.18943,20.65639],[86.18708,20.65522],[86.18409,20.65207],[86.1842,20.65073],[86.18349,20.65046],[86.18168,20.65169],[86.18216,20.65554],[86.18125,20.65565],[86.17922,20.65399],[86.1764,20.65018],[86.17603,20.64849],[86.17669,20.64417],[86.17532,20.64318],[86.16843,20.64156],[86.16719,20.64181],[86.16607,20.64305],[86.16545,20.64662],[86.16222,20.6477],[86.15482,20.6426],[86.14659,20.64157],[86.14688,20.63919],[86.14489,20.63841],[86.14199,20.63162],[86.1367,20.6312],[86.13097,20.62786],[86.12928,20.62565],[86.12431,20.62618],[86.12382,20.62219],[86.12091,20.61967],[86.11876,20.61249],[86.11776,20.61278],[86.11702,20.61432],[86.11395,20.61461],[86.1103,20.61622],[86.1094,20.61584],[86.1081,20.61324],[86.10594,20.6144],[86.10387,20.61336],[86.10233,20.61349],[86.09889,20.61631],[86.0972,20.61689],[86.09251,20.61722],[86.08907,20.61618],[86.08302,20.611],[86.08324,20.60865],[86.08222,20.60555],[86.08415,20.60255],[86.08007,20.59409],[86.07779,20.59575],[86.07132,20.59838],[86.06879,20.59644],[86.06622,20.59582],[86.06514,20.59375],[86.05801,20.59205],[86.05141,20.58823],[86.0471,20.59072],[86.0442,20.59151],[86.04366,20.59329],[86.04544,20.59935],[86.04101,20.60084],[86.0396,20.60465],[86.03661,20.6049],[86.03226,20.60988],[86.02761,20.61365],[86.02442,20.6144],[86.02243,20.61701],[86.01833,20.61817],[86.01637,20.62018],[86.01314,20.62012],[86.01136,20.62099],[86.00684,20.62522],[86.00476,20.63754],[86.00593,20.64061],[85.99469,20.6443],[85.98938,20.65218],[85.9883,20.65947],[85.98727,20.66088],[85.97561,20.66847],[85.97312,20.66835],[85.96898,20.66511],[85.96777,20.66582],[85.96703,20.6676],[85.96699,20.67295],[85.96462,20.67548],[85.96251,20.67942],[85.96043,20.68129],[85.9604,20.68394],[85.95193,20.68941],[85.94588,20.69145],[85.94294,20.69331],[85.94182,20.69145],[85.94032,20.69111],[85.93665,20.69436],[85.93506,20.69679],[85.93249,20.69638],[85.9334,20.69916],[85.93207,20.69995],[85.93182,20.70094],[85.92971,20.69924],[85.92672,20.69903],[85.91768,20.70173],[85.91228,20.69972],[85.91162,20.70218],[85.90621,20.70432],[85.90728,20.71425],[85.91228,20.71396],[85.91685,20.71634],[85.92702,20.71378],[85.93772,20.71669],[85.9407,20.71865],[85.94688,20.71824],[85.95524,20.72085],[85.96192,20.7205],[85.96573,20.72656],[85.96781,20.72858],[85.97162,20.72882],[85.97281,20.73001],[85.98143,20.73328],[85.98333,20.73596],[85.98791,20.73346],[85.98862,20.73441],[85.9894,20.73423],[85.99052,20.73221],[85.99582,20.7309],[85.99841,20.729],[85.99963,20.72969],[86.00497,20.72812],[86.00649,20.72617],[86.01013,20.7256],[86.01147,20.724],[86.01371,20.72618],[86.01486,20.72556],[86.01711,20.72602],[86.01777,20.72878],[86.01922,20.73022],[86.0225,20.72978],[86.02382,20.73384],[86.02945,20.73638],[86.02998,20.73746],[86.02509,20.75025],[86.02776,20.75347],[86.02743,20.75679],[86.02894,20.75908],[86.0288,20.76103],[86.02392,20.76262],[86.02074,20.76495],[86.02425,20.76777],[86.02473,20.7692],[86.02287,20.77578],[86.03215,20.79035],[86.0341,20.79952],[86.03356,20.80776],[86.0243,20.80848],[86.01635,20.81281],[86.01447,20.81171],[86.01105,20.81308],[86.00783,20.81232],[86.0007,20.81253],[85.99974,20.81686],[85.98346,20.81824],[85.97884,20.81993],[85.97459,20.823],[85.97148,20.82279],[85.9707,20.82574],[85.97244,20.82731],[85.9743,20.83073],[85.97214,20.83157],[85.9686,20.83458],[85.96205,20.83656],[85.96043,20.83932],[85.95802,20.83488],[85.9579,20.83337],[85.95658,20.83379],[85.95574,20.83241],[85.95208,20.83674],[85.9525,20.84359],[85.94374,20.83913],[85.93262,20.83752],[85.92805,20.83801],[85.90907,20.84467],[85.90083,20.84623],[85.9021,20.85362],[85.90005,20.85446],[85.90035,20.85698],[85.90595,20.86381],[85.90646,20.86656],[85.91014,20.87467],[85.91504,20.88267],[85.91649,20.88788],[85.92178,20.89879],[85.9209,20.90654],[85.92132,20.91723],[85.92072,20.92506],[85.91808,20.92799],[85.90749,20.92786],[85.90533,20.92851],[85.90178,20.92744],[85.8977,20.92822],[85.89512,20.92692],[85.8812,20.9272],[85.87603,20.92606],[85.87104,20.92588],[85.86047,20.92654],[85.85088,20.9303],[85.84509,20.93153],[85.8407,20.93111],[85.83864,20.9267],[85.82911,20.92414],[85.82695,20.92558],[85.82461,20.92564],[85.8252,20.92907],[85.82137,20.93153],[85.82118,20.93243],[85.82281,20.93543],[85.82281,20.94048],[85.82166,20.9436],[85.81614,20.94865],[85.81403,20.95249],[85.81223,20.95424],[85.81163,20.95682],[85.80478,20.9621],[85.80394,20.96325],[85.80364,20.96685],[85.80208,20.96787],[85.80099,20.96727],[85.7995,20.96781],[85.79806,20.96931],[85.79541,20.97009],[85.7924,20.96865],[85.78616,20.96931],[85.78436,20.97244],[85.77925,20.97736],[85.77971,20.98187],[85.77212,20.98675],[85.753,20.9919],[85.7512,20.99112],[85.73594,20.98914],[85.73318,20.98757],[85.72885,20.98345],[85.72345,20.98061],[85.72299,20.98184],[85.72393,20.98481],[85.72381,20.98694],[85.72186,20.9895],[85.72189,20.9922],[85.72002,20.99484],[85.7235,20.99857],[85.72372,20.99971],[85.72231,20.9995],[85.72294,21.00409],[85.72376,21.00646],[85.72678,21.01057],[85.72668,21.02107],[85.72878,21.02089],[85.73097,21.02198],[85.73134,21.02436],[85.7338,21.02673],[85.73335,21.02947],[85.73417,21.03267],[85.73271,21.03714],[85.73253,21.04034],[85.73071,21.04581],[85.72806,21.04901],[85.72897,21.04956],[85.72997,21.05212],[85.72933,21.05522],[85.72979,21.06143],[85.72869,21.06472],[85.72733,21.06563],[85.72203,21.06736],[85.72047,21.06472],[85.71774,21.0649],[85.71281,21.06773],[85.7097,21.07102],[85.70751,21.07184],[85.70432,21.07439],[85.70377,21.07695],[85.69911,21.08398],[85.69719,21.08919],[85.69482,21.09202],[85.69454,21.09622],[85.68952,21.10096],[85.68651,21.10891],[85.68642,21.11086],[85.68384,21.111]]]}},{"type":"Feature","properties":{"DISTRICT":"JHARSUGUDA","CODE":14},"geometry":{"type":"Polygon","coordinates":[[[83.42109,21.67989],[83.42378,21.68568],[83.42502,21.68646],[83.42583,21.68609],[83.42596,21.68699],[83.42516,21.68769],[83.42776,21.69233],[83.43079,21.69352],[83.43368,21.69905],[83.43742,21.69918],[83.44428,21.69787],[83.44646,21.69662],[83.4537,21.69479],[83.46131,21.6978],[83.46111,21.69948],[83.4636,21.70878],[83.46943,21.71428],[83.47095,21.71453],[83.47361,21.71777],[83.47915,21.72726],[83.47992,21.72983],[83.48238,21.72974],[83.48347,21.73043],[83.48261,21.73346],[83.48753,21.74377],[83.49169,21.74488],[83.4898,21.74782],[83.47878,21.75125],[83.4793,21.75527],[83.48422,21.76265],[83.48441,21.76473],[83.4818,21.76961],[83.47987,21.77671],[83.47802,21.7804],[83.47159,21.78646],[83.4722,21.78702],[83.47419,21.78683],[83.47778,21.79034],[83.47954,21.78972],[83.48536,21.79242],[83.489,21.79743],[83.49009,21.80676],[83.49529,21.81012],[83.49619,21.81253],[83.496,21.81504],[83.49458,21.81641],[83.49463,21.81726],[83.49584,21.81725],[83.50725,21.80753],[83.51329,21.80424],[83.51686,21.80322],[83.51965,21.80117],[83.5219,21.80064],[83.52425,21.79881],[83.52831,21.79744],[83.53035,21.79856],[83.54252,21.79815],[83.54385,21.7995],[83.54325,21.80089],[83.5445,21.80514],[83.54028,21.80994],[83.53925,21.81354],[83.54134,21.81812],[83.54182,21.82121],[83.53694,21.82419],[83.53381,21.82487],[83.53272,21.82602],[83.53251,21.828],[83.53391,21.83048],[83.54376,21.83768],[83.54854,21.83802],[83.55286,21.83992],[83.55589,21.83961],[83.56526,21.83667],[83.56751,21.83394],[83.57407,21.83114],[83.57823,21.83039],[83.58072,21.83159],[83.58136,21.82933],[83.5864,21.82668],[83.59172,21.82506],[83.59394,21.8272],[83.59705,21.82861],[83.5988,21.83171],[83.60294,21.83121],[83.60602,21.83311],[83.60832,21.83218],[83.6096,21.8324],[83.61002,21.8343],[83.61208,21.83722],[83.61109,21.84122],[83.61112,21.84532],[83.61626,21.84636],[83.62125,21.8461],[83.62498,21.84795],[83.62634,21.84759],[83.63004,21.84498],[83.62846,21.83916],[83.63318,21.82916],[83.63717,21.82407],[83.63866,21.82028],[83.63853,21.81874],[83.63939,21.81817],[83.65157,21.81304],[83.66416,21.809],[83.67022,21.80739],[83.67494,21.8081],[83.68891,21.80089],[83.69006,21.79112],[83.69164,21.78936],[83.69525,21.78974],[83.6981,21.78909],[83.70385,21.79035],[83.70503,21.78888],[83.71297,21.7883],[83.71603,21.78629],[83.7218,21.78546],[83.72331,21.78977],[83.72663,21.79021],[83.72849,21.79256],[83.73109,21.79337],[83.7299,21.80232],[83.73991,21.81603],[83.75011,21.82483],[83.75353,21.82937],[83.75975,21.8354],[83.76909,21.83874],[83.78124,21.85343],[83.78995,21.85955],[83.79443,21.86488],[83.80088,21.86877],[83.80128,21.86694],[83.80556,21.86158],[83.8071,21.86065],[83.8096,21.85646],[83.81297,21.85466],[83.81474,21.85455],[83.81394,21.85662],[83.81162,21.85708],[83.81144,21.85938],[83.81409,21.86678],[83.8159,21.87963],[83.81823,21.88347],[83.81927,21.88445],[83.82068,21.88456],[83.82301,21.88312],[83.82655,21.87875],[83.83089,21.87667],[83.83295,21.89503],[83.83515,21.89446],[83.83699,21.89491],[83.83931,21.89256],[83.84042,21.89335],[83.8414,21.89576],[83.84258,21.89557],[83.84481,21.89743],[83.84539,21.90023],[83.84655,21.90017],[83.84796,21.90127],[83.84815,21.90331],[83.84935,21.9036],[83.85153,21.90236],[83.8545,21.90223],[83.85652,21.90396],[83.856,21.90574],[83.85707,21.90654],[83.86016,21.90639],[83.86084,21.9086],[83.86224,21.90903],[83.86396,21.90834],[83.86481,21.90967],[83.86635,21.90994],[83.86558,21.91196],[83.85401,21.92294],[83.86687,21.92377],[83.87885,21.9223],[83.89108,21.9368],[83.89556,21.94104],[83.8979,21.94494],[83.90897,21.94324],[83.91846,21.94426],[83.923,21.94241],[83.92857,21.94182],[83.93053,21.94181],[83.93561,21.94353],[83.94969,21.94286],[83.9612,21.94134],[83.96381,21.93456],[83.96703,21.92077],[83.96998,21.91701],[83.97005,21.91397],[83.97142,21.91162],[83.97563,21.9084],[83.97857,21.90427],[83.98259,21.90645],[83.99825,21.91794],[84.00556,21.92171],[84.01209,21.92885],[84.01941,21.94144],[84.0292,21.95173],[84.03429,21.95078],[84.03542,21.95006],[84.0355,21.94858],[84.03648,21.94808],[84.04756,21.94767],[84.05012,21.94698],[84.04984,21.94345],[84.05416,21.93928],[84.05606,21.93526],[84.05936,21.93632],[84.06194,21.93624],[84.06369,21.93329],[84.06706,21.93469],[84.06858,21.93609],[84.07412,21.93534],[84.07677,21.93624],[84.07985,21.93613],[84.07993,21.93757],[84.07894,21.93947],[84.0789,21.9444],[84.07989,21.9466],[84.08046,21.95309],[84.08125,21.95457],[84.08535,21.95791],[84.08891,21.95901],[84.08952,21.96265],[84.08637,21.97108],[84.08604,21.97821],[84.08304,21.97969],[84.07533,21.9801],[84.07325,21.98371],[84.07063,21.98409],[84.07169,21.98868],[84.0811,21.98993],[84.0885,21.98883],[84.08945,21.98985],[84.09093,21.99493],[84.0896,21.99759],[84.09222,21.9987],[84.09502,21.99835],[84.09579,21.99615],[84.09708,21.99536],[84.10493,21.99691],[84.10652,21.99562],[84.10675,21.99209],[84.1088,21.9913],[84.10979,21.99255],[84.11297,22.00355],[84.11908,22.01194],[84.12048,22.0119],[84.12151,22.00776],[84.12249,22.0067],[84.12633,22.00587],[84.12648,22.00431],[84.12743,22.00366],[84.13016,22.0042],[84.13729,21.99972],[84.13869,21.99714],[84.13995,21.99782],[84.14165,21.99722],[84.14404,21.99892],[84.14408,21.9979],[84.14548,21.99821],[84.14681,21.99744],[84.14723,21.99866],[84.14845,21.99911],[84.15034,21.99786],[84.15178,21.99873],[84.15266,21.99752],[84.15337,21.9987],[84.15607,21.99843],[84.15679,21.9974],[84.15918,21.99759],[84.16206,21.99961],[84.16597,21.99858],[84.16749,21.99888],[84.16958,21.99778],[84.16848,21.99949],[84.1687,22.00074],[84.16962,22.00093],[84.17181,21.9993],[84.172,21.99786],[84.17641,21.9974],[84.17568,21.99479],[84.1791,21.99327],[84.18012,21.9941],[84.18195,21.99399],[84.18308,21.99187],[84.18502,21.99259],[84.18517,21.99035],[84.18858,21.98917],[84.19018,21.98963],[84.1967,21.98648],[84.20198,21.98534],[84.20262,21.9847],[84.20183,21.98166],[84.20414,21.97851],[84.20444,21.97627],[84.20937,21.97733],[84.21761,21.97787],[84.22508,21.97491],[84.22975,21.97612],[84.23145,21.97388],[84.23787,21.97752],[84.24072,21.97824],[84.24587,21.98253],[84.24553,21.98375],[84.24724,21.98447],[84.24951,21.98928],[84.25107,21.99008],[84.25407,21.99505],[84.25616,21.99608],[84.25737,21.99832],[84.25896,21.99934],[84.25919,22.00264],[84.26134,22.00619],[84.26382,22.00857],[84.26955,22.00889],[84.27009,22.01579],[84.27062,22.01633],[84.27505,22.01719],[84.283,22.01715],[84.28933,22.01914],[84.29179,22.02061],[84.29346,22.0231],[84.29437,22.02882],[84.29668,22.03425],[84.30266,22.03424],[84.31053,22.0379],[84.31302,22.03823],[84.32682,22.03736],[84.33125,22.03575],[84.33459,22.03294],[84.33707,22.03521],[84.33966,22.03337],[84.34117,22.03316],[84.3416,22.03424],[84.34322,22.03467],[84.34441,22.03618],[84.34657,22.03456],[84.35249,22.03435],[84.35703,22.03629],[84.35972,22.03542],[84.36964,22.02981],[84.37741,22.02809],[84.38572,22.02744],[84.39101,22.02464],[84.38965,22.01586],[84.39019,22.00722],[84.38956,22.00441],[84.38982,22.00225],[84.39125,22.00008],[84.39043,21.99715],[84.39088,21.99142],[84.37967,21.98128],[84.3783,21.97891],[84.37376,21.97686],[84.37201,21.97449],[84.37238,21.97119],[84.3754,21.96303],[84.37431,21.9527],[84.37307,21.95102],[84.37027,21.94946],[84.3651,21.94305],[84.36412,21.94078],[84.36442,21.9372],[84.3595,21.92836],[84.35638,21.92662],[84.35508,21.92338],[84.35116,21.91884],[84.35041,21.91585],[84.35128,21.91398],[84.35134,21.91056],[84.34817,21.90172],[84.34525,21.89761],[84.34363,21.89288],[84.33995,21.88622],[84.33727,21.88286],[84.3364,21.87925],[84.33179,21.87507],[84.33055,21.87128],[84.33086,21.86935],[84.32837,21.86611],[84.32719,21.86293],[84.32526,21.85366],[84.32919,21.84756],[84.32925,21.83907],[84.32862,21.83741],[84.32208,21.83175],[84.31779,21.82994],[84.31482,21.82757],[84.312,21.8117],[84.30553,21.8061],[84.30074,21.8033],[84.2983,21.7967],[84.29731,21.79595],[84.29538,21.79614],[84.29513,21.79496],[84.29644,21.79471],[84.29662,21.79321],[84.29264,21.7906],[84.29301,21.78705],[84.29177,21.78213],[84.29282,21.78076],[84.2927,21.77628],[84.29115,21.77466],[84.28872,21.7736],[84.2889,21.76694],[84.28579,21.76489],[84.28579,21.76296],[84.28468,21.76147],[84.27956,21.76171],[84.27789,21.75961],[84.27409,21.76034],[84.27091,21.75854],[84.26942,21.75854],[84.26425,21.76283],[84.26363,21.76364],[84.26425,21.76514],[84.26176,21.76526],[84.26139,21.76682],[84.26027,21.76651],[84.25934,21.76458],[84.2579,21.76588],[84.25491,21.76489],[84.25436,21.7662],[84.25355,21.7662],[84.25292,21.76508],[84.24754,21.76872],[84.24604,21.76893],[84.24454,21.76823],[84.24271,21.76543],[84.24073,21.76393],[84.23742,21.76254],[84.23283,21.76216],[84.22543,21.76531],[84.22041,21.76528],[84.21709,21.76334],[84.21423,21.75913],[84.2122,21.75799],[84.20713,21.75786],[84.20533,21.76043],[84.20421,21.76064],[84.19996,21.75418],[84.19648,21.75254],[84.19199,21.75166],[84.18672,21.75319],[84.1796,21.75784],[84.17069,21.76034],[84.16525,21.76543],[84.16101,21.7666],[84.15905,21.76905],[84.1569,21.77409],[84.15211,21.7782],[84.14996,21.77851],[84.14529,21.77673],[84.14109,21.78103],[84.13636,21.78195],[84.13084,21.78465],[84.12181,21.78502],[84.11693,21.78876],[84.11453,21.78932],[84.11159,21.78846],[84.10275,21.78268],[84.09814,21.78189],[84.09255,21.77526],[84.0885,21.77243],[84.07404,21.77182],[84.06207,21.77532],[84.05783,21.77464],[84.04774,21.76576],[84.04158,21.76178],[84.03872,21.75866],[84.03772,21.75854],[84.03274,21.75891],[84.03416,21.76553],[84.03379,21.76769],[84.03284,21.7691],[84.02901,21.77173],[84.02685,21.776],[84.02405,21.78443],[84.0206,21.78724],[84.01382,21.78879],[84.01301,21.78279],[84.00371,21.77264],[83.99734,21.76229],[83.99348,21.75333],[83.98962,21.74949],[83.98797,21.74971],[83.98621,21.75121],[83.98497,21.75411],[83.98176,21.75748],[83.97584,21.75916],[83.97242,21.76383],[83.9703,21.76433],[83.9688,21.76389],[83.96949,21.75873],[83.96428,21.74955],[83.96097,21.74674],[83.95908,21.74568],[83.95591,21.74544],[83.95512,21.74431],[83.95414,21.73957],[83.95468,21.73405],[83.94858,21.73318],[83.94274,21.72576],[83.94866,21.7194],[83.95961,21.71392],[83.96603,21.71168],[83.96892,21.7079],[83.9703,21.70376],[83.96809,21.68803],[83.97086,21.68008],[83.9752,21.66243],[83.97515,21.6496],[83.97874,21.63199],[83.97777,21.62528],[83.97969,21.61497],[83.98038,21.6022],[83.98028,21.58587],[83.97912,21.57856],[83.9771,21.57402],[83.97442,21.57209],[83.97046,21.57155],[83.96432,21.5723],[83.96059,21.57405],[83.95695,21.57722],[83.95336,21.57853],[83.94939,21.57893],[83.92364,21.57868],[83.9185,21.57793],[83.90733,21.57475],[83.89997,21.57382],[83.89087,21.57407],[83.87459,21.5759],[83.85573,21.58429],[83.85307,21.58488],[83.84976,21.58419],[83.84687,21.58455],[83.837,21.5899],[83.8293,21.59139],[83.81698,21.59525],[83.81302,21.59481],[83.81142,21.59362],[83.80936,21.58812],[83.80862,21.58123],[83.8007,21.56295],[83.77867,21.58237],[83.77373,21.59103],[83.76698,21.59777],[83.76067,21.60043],[83.75327,21.60477],[83.75142,21.60634],[83.74996,21.61057],[83.7469,21.61225],[83.74262,21.61851],[83.73682,21.62165],[83.73185,21.62565],[83.72574,21.63709],[83.72219,21.64725],[83.71765,21.65253],[83.7136,21.66102],[83.70352,21.68896],[83.69972,21.69647],[83.69585,21.70017],[83.6888,21.70481],[83.67941,21.70967],[83.66644,21.71006],[83.65598,21.71972],[83.65071,21.72237],[83.63918,21.72577],[83.63259,21.72633],[83.61829,21.72907],[83.60851,21.72949],[83.60429,21.73076],[83.59419,21.73694],[83.57961,21.73867],[83.568,21.74334],[83.56268,21.74328],[83.55695,21.74105],[83.55048,21.73463],[83.54572,21.72757],[83.54123,21.71832],[83.54021,21.70826],[83.53526,21.68764],[83.53249,21.68178],[83.52781,21.67447],[83.51798,21.66364],[83.49937,21.64821],[83.49297,21.64428],[83.48857,21.64352],[83.48061,21.64536],[83.47056,21.64843],[83.46418,21.65182],[83.45077,21.65649],[83.44449,21.66037],[83.43491,21.6723],[83.4296,21.67612],[83.42109,21.67989]]]}},{"type":"Feature","properties":{"DISTRICT":"KALAHANDI","CODE":15},"geometry":{"type":"Polygon","coordinates":[[[82.52649,19.63029],[82.52663,19.63095],[82.53077,19.63179],[82.53938,19.63655],[82.54136,19.63829],[82.54362,19.6389],[82.54705,19.64295],[82.54752,19.64191],[82.55073,19.6438],[82.55463,19.64397],[82.556,19.64474],[82.55882,19.65104],[82.56658,19.66163],[82.56757,19.6661],[82.57092,19.67285],[82.57854,19.67997],[82.57887,19.68074],[82.5757,19.68114],[82.56815,19.68392],[82.56726,19.68909],[82.5688,19.6907],[82.56747,19.69217],[82.56877,19.69547],[82.56883,19.69908],[82.57047,19.70031],[82.57012,19.70213],[82.57111,19.7033],[82.5688,19.70647],[82.56976,19.70851],[82.5713,19.70851],[82.57471,19.71057],[82.5749,19.71295],[82.57462,19.71353],[82.57275,19.7131],[82.56898,19.71464],[82.56902,19.71926],[82.56513,19.7201],[82.56486,19.72512],[82.56384,19.72478],[82.56341,19.72561],[82.56661,19.72996],[82.5671,19.7335],[82.56886,19.73492],[82.56963,19.73449],[82.57,19.73292],[82.57358,19.73301],[82.57595,19.73421],[82.57771,19.73609],[82.57983,19.73609],[82.5827,19.73729],[82.58544,19.73979],[82.58797,19.74349],[82.59096,19.7437],[82.59438,19.74595],[82.59681,19.74626],[82.59808,19.74561],[82.60393,19.74672],[82.60179,19.74987],[82.6006,19.75699],[82.59679,19.75952],[82.59802,19.76298],[82.59621,19.76963],[82.59591,19.77345],[82.59699,19.77778],[82.604,19.78082],[82.60529,19.78758],[82.61443,19.79057],[82.62485,19.79135],[82.62877,19.79331],[82.63387,19.79955],[82.63511,19.80563],[82.63826,19.81203],[82.64362,19.81394],[82.64883,19.81832],[82.65099,19.82291],[82.65327,19.83127],[82.66255,19.83132],[82.6659,19.82993],[82.66946,19.82962],[82.67302,19.83096],[82.67921,19.83127],[82.69304,19.82967],[82.69762,19.82983],[82.70634,19.83163],[82.70995,19.83514],[82.71094,19.83798],[82.71356,19.83932],[82.7132,19.84133],[82.71481,19.84344],[82.71336,19.84989],[82.71619,19.85196],[82.72002,19.85242],[82.72047,19.85495],[82.72172,19.8566],[82.72115,19.86026],[82.72176,19.86671],[82.72372,19.87006],[82.72372,19.87218],[82.72589,19.87465],[82.71619,19.87713],[82.71558,19.8829],[82.71336,19.88703],[82.70959,19.90116],[82.70995,19.90348],[82.71114,19.90529],[82.70959,19.90911],[82.70944,19.91261],[82.71434,19.91659],[82.71496,19.91865],[82.71326,19.92489],[82.71481,19.93093],[82.7149,19.93717],[82.72002,19.94377],[82.72053,19.94583],[82.72249,19.94754],[82.71738,19.95316],[82.71671,19.9578],[82.7196,19.96502],[82.72012,19.98813],[82.71785,19.99107],[82.71743,19.99554],[82.71851,20.00475],[82.72272,20.00756],[82.72649,20.01523],[82.72914,20.01878],[82.73062,20.02269],[82.74176,20.02055],[82.74597,20.02424],[82.74649,20.02512],[82.74612,20.0297],[82.74744,20.03398],[82.74966,20.03789],[82.74966,20.04247],[82.7487,20.04527],[82.7456,20.04653],[82.74184,20.05177],[82.75219,20.05422],[82.75702,20.05429],[82.76082,20.06213],[82.76461,20.06717],[82.76755,20.07324],[82.77366,20.08018],[82.77987,20.08397],[82.78356,20.09177],[82.78739,20.09616],[82.78936,20.1014],[82.79126,20.10199],[82.79865,20.10026],[82.81194,20.09878],[82.81352,20.09923],[82.81583,20.10151],[82.81841,20.10978],[82.82211,20.11203],[82.82073,20.11745],[82.82087,20.12156],[82.81776,20.12746],[82.81835,20.13695],[82.82046,20.1492],[82.82256,20.1598],[82.8248,20.16433],[82.83906,20.16398],[82.84477,20.16261],[82.84898,20.16054],[82.85297,20.15992],[82.85972,20.16095],[82.86743,20.15847],[82.86839,20.15744],[82.87086,20.15709],[82.87143,20.15781],[82.87569,20.15578],[82.87904,20.15602],[82.88129,20.15767],[82.88575,20.15737],[82.88953,20.1538],[82.89468,20.15131],[82.89651,20.14841],[82.89966,20.14733],[82.90487,20.14769],[82.91104,20.14649],[82.91032,20.14975],[82.91087,20.15137],[82.91039,20.15497],[82.91095,20.1627],[82.91281,20.16686],[82.91544,20.16713],[82.91727,20.1689],[82.92336,20.17193],[82.92351,20.17412],[82.92818,20.17927],[82.9343,20.17843],[82.9449,20.17298],[82.95096,20.17663],[82.95536,20.17609],[82.95758,20.17696],[82.95979,20.17636],[82.96465,20.17912],[82.9772,20.17978],[82.98044,20.17798],[82.98161,20.17558],[82.98799,20.17648],[82.99216,20.17798],[82.99557,20.17489],[82.99863,20.17567],[83.00447,20.17546],[83.00701,20.1738],[83.0177,20.17107],[83.02224,20.17468],[83.02659,20.17459],[83.03118,20.17761],[83.03391,20.18049],[83.03558,20.18543],[83.04012,20.18142],[83.04676,20.1822],[83.04866,20.18494],[83.05261,20.18702],[83.05818,20.18691],[83.06001,20.18538],[83.062,20.18518],[83.06743,20.18984],[83.0769,20.18991],[83.08089,20.19163],[83.08801,20.19176],[83.08878,20.19362],[83.08889,20.19763],[83.09072,20.19894],[83.09325,20.19931],[83.09456,20.19903],[83.09484,20.19754],[83.09765,20.19594],[83.09914,20.19421],[83.10102,20.19374],[83.10271,20.19084],[83.10954,20.19364],[83.11857,20.19446],[83.1214,20.19388],[83.1229,20.19498],[83.12504,20.19521],[83.12995,20.19429],[83.13302,20.1858],[83.13614,20.18226],[83.14133,20.17943],[83.14244,20.17516],[83.14328,20.17429],[83.14498,20.1744],[83.14498,20.17111],[83.14634,20.16912],[83.15382,20.1729],[83.15903,20.17284],[83.16544,20.17105],[83.17232,20.17047],[83.17827,20.17111],[83.19087,20.17504],[83.19637,20.17874],[83.20018,20.1844],[83.20209,20.18989],[83.20665,20.19475],[83.21185,20.19758],[83.22064,20.19995],[83.22682,20.20319],[83.22994,20.21082],[83.23203,20.21879],[83.23977,20.22758],[83.24145,20.23082],[83.24104,20.23446],[83.23631,20.24538],[83.23615,20.24899],[83.23782,20.25242],[83.24319,20.25796],[83.25217,20.26369],[83.25697,20.26437],[83.26614,20.26725],[83.28361,20.27745],[83.29026,20.28359],[83.29577,20.29541],[83.30269,20.30432],[83.31149,20.3032],[83.31777,20.30454],[83.32931,20.30813],[83.34312,20.3155],[83.34911,20.31546],[83.35773,20.31412],[83.36314,20.31546],[83.36545,20.31973],[83.36593,20.33369],[83.36513,20.33725],[83.36532,20.33898],[83.36673,20.34132],[83.36897,20.34305],[83.37157,20.34375],[83.38175,20.3433],[83.39046,20.34686],[83.39761,20.35839],[83.40728,20.36378],[83.41369,20.37297],[83.41577,20.37736],[83.41814,20.39315],[83.41991,20.3976],[83.42314,20.40206],[83.42852,20.4067],[83.4406,20.41263],[83.45066,20.41929],[83.45306,20.42253],[83.45611,20.42471],[83.46594,20.43451],[83.4834,20.44838],[83.48817,20.45402],[83.49047,20.45085],[83.49184,20.45152],[83.49165,20.45255],[83.49312,20.45258],[83.49479,20.44951],[83.49619,20.44949],[83.49559,20.44845],[83.49644,20.44767],[83.49647,20.44394],[83.49512,20.44386],[83.49503,20.44325],[83.49731,20.44024],[83.49606,20.43781],[83.49683,20.43682],[83.49638,20.43518],[83.49763,20.43505],[83.49788,20.43381],[83.49891,20.43483],[83.49974,20.43451],[83.4982,20.43147],[83.49615,20.43111],[83.49234,20.42823],[83.49221,20.41939],[83.48965,20.41759],[83.49074,20.41375],[83.49039,20.41039],[83.49336,20.40411],[83.49638,20.40472],[83.50131,20.41533],[83.50482,20.41524],[83.51143,20.41432],[83.51537,20.412],[83.52162,20.41072],[83.52134,20.40441],[83.53124,20.40241],[83.53447,20.40108],[83.53674,20.39881],[83.54225,20.39791],[83.54491,20.39625],[83.54704,20.39681],[83.55042,20.40052],[83.55231,20.40075],[83.5562,20.39933],[83.55782,20.398],[83.55943,20.39435],[83.56702,20.39316],[83.56716,20.39055],[83.56849,20.38856],[83.56811,20.38713],[83.57186,20.38718],[83.57238,20.37817],[83.57888,20.36275],[83.58168,20.36431],[83.5841,20.36251],[83.58756,20.3618],[83.58799,20.36246],[83.59587,20.35852],[83.59692,20.359],[83.60004,20.35629],[83.60583,20.35643],[83.60934,20.35458],[83.6176,20.35283],[83.62254,20.34984],[83.62666,20.3495],[83.62653,20.35192],[83.62467,20.3551],[83.62458,20.36089],[83.62719,20.36588],[83.62871,20.36625],[83.62994,20.3682],[83.63189,20.36749],[83.63307,20.36815],[83.63559,20.36773],[83.64152,20.3654],[83.64532,20.36692],[83.65115,20.3644],[83.65381,20.36502],[83.65499,20.36616],[83.65395,20.36754],[83.65556,20.3691],[83.65575,20.37062],[83.65452,20.37233],[83.654,20.37641],[83.65234,20.37911],[83.64996,20.38006],[83.65134,20.38187],[83.65092,20.38277],[83.65258,20.38751],[83.65566,20.38377],[83.66245,20.38054],[83.67322,20.37859],[83.68389,20.37556],[83.68812,20.37537],[83.69058,20.37276],[83.6939,20.37062],[83.69775,20.37223],[83.70084,20.37238],[83.70805,20.36697],[83.70809,20.36569],[83.70482,20.36118],[83.70415,20.35501],[83.70287,20.35363],[83.70339,20.35065],[83.70582,20.34827],[83.70648,20.34628],[83.70544,20.34016],[83.71061,20.33423],[83.71236,20.32516],[83.71403,20.32165],[83.71336,20.3123],[83.71236,20.31188],[83.7116,20.31031],[83.7163,20.30167],[83.71635,20.30001],[83.71758,20.29873],[83.7182,20.29242],[83.71925,20.28976],[83.721,20.27178],[83.72057,20.26352],[83.72119,20.25963],[83.72038,20.25285],[83.72532,20.25123],[83.72736,20.24146],[83.72631,20.23894],[83.72176,20.23624],[83.73135,20.22869],[83.74311,20.22124],[83.73348,20.20805],[83.73813,20.20862],[83.74828,20.20772],[83.75134,20.209],[83.75745,20.20672],[83.76467,20.20762],[83.7727,20.2052],[83.77977,20.20629],[83.78101,20.20966],[83.78518,20.21223],[83.79002,20.20121],[83.79292,20.19229],[83.7914,20.18673],[83.79211,20.18061],[83.79154,20.17805],[83.78333,20.17235],[83.78001,20.17183],[83.77763,20.16072],[83.7764,20.15849],[83.76847,20.16381],[83.76415,20.16342],[83.7605,20.16091],[83.75433,20.15896],[83.74909,20.15571],[83.74628,20.1501],[83.74472,20.14859],[83.74219,20.14762],[83.73685,20.14778],[83.73438,20.14601],[83.73097,20.1426],[83.7299,20.14056],[83.73318,20.13441],[83.73038,20.13039],[83.72887,20.1253],[83.72552,20.12843],[83.72169,20.13036],[83.71977,20.13066],[83.71795,20.12987],[83.71744,20.12492],[83.71825,20.12066],[83.71949,20.11748],[83.72127,20.11619],[83.7216,20.11448],[83.71706,20.11112],[83.71722,20.10714],[83.71522,20.10225],[83.71288,20.10066],[83.70496,20.09989],[83.70119,20.09802],[83.69354,20.09968],[83.6886,20.10272],[83.6823,20.10975],[83.67751,20.11002],[83.67226,20.10826],[83.66631,20.10741],[83.6458,20.09304],[83.63543,20.08732],[83.63081,20.09233],[83.62115,20.09664],[83.62115,20.09606],[83.61877,20.09684],[83.6171,20.1023],[83.61073,20.10275],[83.60153,20.10166],[83.59838,20.10668],[83.59523,20.10906],[83.58738,20.11305],[83.58314,20.10679],[83.58368,20.1062],[83.58561,20.10705],[83.58653,20.10641],[83.58645,20.10285],[83.58777,20.10028],[83.59029,20.09785],[83.58578,20.0952],[83.58076,20.09573],[83.58115,20.09414],[83.58563,20.09065],[83.58567,20.08998],[83.5772,20.0853],[83.57421,20.0846],[83.57603,20.08053],[83.5781,20.07857],[83.57621,20.07647],[83.5705,20.07389],[83.56898,20.07163],[83.56993,20.06863],[83.57169,20.06673],[83.57388,20.06602],[83.57487,20.0631],[83.57095,20.05904],[83.57032,20.05678],[83.57124,20.05477],[83.56693,20.05276],[83.56407,20.04894],[83.55575,20.0518],[83.55006,20.04323],[83.5526,20.03529],[83.55032,20.03462],[83.54329,20.02022],[83.53034,20.01624],[83.52628,20.0162],[83.51131,20.00442],[83.50858,20.00068],[83.50726,19.99752],[83.50252,19.99248],[83.50169,19.98921],[83.502,19.98619],[83.50304,19.9846],[83.50553,19.98421],[83.50549,19.97546],[83.50398,19.97042],[83.49725,19.96039],[83.49252,19.96039],[83.48313,19.96237],[83.48096,19.96477],[83.47534,19.9626],[83.47456,19.96586],[83.47028,19.96604],[83.46665,19.96855],[83.45943,19.96863],[83.45831,19.9714],[83.45568,19.9714],[83.45332,19.97282],[83.4479,19.97252],[83.44804,19.96619],[83.44647,19.96177],[83.44539,19.9541],[83.44745,19.94976],[83.44337,19.94646],[83.44423,19.94129],[83.44378,19.93242],[83.43962,19.92942],[83.43768,19.9313],[83.43348,19.93148],[83.42551,19.9277],[83.4203,19.93362],[83.4115,19.92396],[83.40614,19.91996],[83.40767,19.917],[83.4081,19.91373],[83.40993,19.91229],[83.40789,19.91063],[83.40971,19.91034],[83.41056,19.90846],[83.41241,19.90981],[83.41241,19.90757],[83.41407,19.90726],[83.41277,19.90642],[83.4129,19.90582],[83.41438,19.90603],[83.41494,19.90538],[83.41198,19.90166],[83.4127,19.90064],[83.41094,19.8999],[83.41417,19.89961],[83.41467,19.89622],[83.41712,19.89487],[83.41734,19.89302],[83.41891,19.89261],[83.42027,19.89098],[83.4222,19.89081],[83.4221,19.88703],[83.42388,19.88669],[83.4239,19.88383],[83.42494,19.88354],[83.42484,19.88246],[83.42728,19.88145],[83.42718,19.87957],[83.42571,19.87743],[83.42638,19.87683],[83.42578,19.87529],[83.43208,19.86995],[83.431,19.86582],[83.42749,19.86182],[83.42377,19.84903],[83.42561,19.84395],[83.43026,19.84309],[83.43625,19.83885],[83.44094,19.83204],[83.44046,19.82988],[83.43519,19.82769],[83.43336,19.82527],[83.43534,19.81937],[83.4356,19.815],[83.43941,19.8125],[83.43845,19.8011],[83.44016,19.80154],[83.44128,19.80036],[83.4481,19.7984],[83.44885,19.79575],[83.45462,19.79472],[83.45474,19.79557],[83.45634,19.79531],[83.45688,19.79637],[83.45811,19.79562],[83.46139,19.79578],[83.4609,19.79179],[83.45881,19.79289],[83.45768,19.79259],[83.45827,19.78878],[83.45418,19.78747],[83.4547,19.78525],[83.45269,19.78376],[83.45307,19.7817],[83.45567,19.78198],[83.45621,19.77975],[83.4558,19.77926],[83.45318,19.77967],[83.45258,19.77884],[83.45421,19.7774],[83.45423,19.77514],[83.45626,19.77465],[83.45621,19.75337],[83.45557,19.7483],[83.45652,19.74109],[83.456,19.73648],[83.45382,19.73296],[83.44872,19.73276],[83.44634,19.73128],[83.44461,19.72553],[83.44838,19.71861],[83.43496,19.71235],[83.43359,19.70987],[83.42982,19.69546],[83.42707,19.69402],[83.42403,19.6938],[83.42072,19.68729],[83.41821,19.68427],[83.41515,19.68354],[83.40917,19.68351],[83.40404,19.68183],[83.39791,19.67754],[83.39451,19.67206],[83.38587,19.66701],[83.38008,19.65301],[83.37917,19.64458],[83.3801,19.63856],[83.37872,19.63579],[83.37551,19.63326],[83.37595,19.63094],[83.37479,19.62775],[83.37412,19.62196],[83.3716,19.619],[83.37555,19.6121],[83.37681,19.60738],[83.37695,19.60045],[83.37486,19.59653],[83.37254,19.59559],[83.3716,19.59639],[83.36694,19.59733],[83.36566,19.60423],[83.36372,19.60549],[83.35953,19.60629],[83.35682,19.60465],[83.35363,19.60401],[83.34987,19.60074],[83.34641,19.59931],[83.33517,19.5951],[83.32145,19.59139],[83.30769,19.59168],[83.30547,19.58999],[83.30353,19.59138],[83.30184,19.59034],[83.29693,19.59362],[83.29301,19.59436],[83.28973,19.59595],[83.28859,19.59416],[83.29003,19.58801],[83.28794,19.58836],[83.28695,19.59148],[83.28546,19.59143],[83.28338,19.59431],[83.28164,19.59481],[83.28065,19.59719],[83.27817,19.59709],[83.27613,19.59982],[83.27112,19.60161],[83.27013,19.60156],[83.26799,19.59967],[83.26785,19.58984],[83.27122,19.58637],[83.27117,19.58518],[83.26923,19.58235],[83.27151,19.57674],[83.26899,19.57406],[83.26412,19.57456],[83.2604,19.57615],[83.25742,19.57327],[83.25509,19.5692],[83.25564,19.56667],[83.25752,19.56404],[83.26527,19.56175],[83.26769,19.55838],[83.26437,19.55391],[83.26576,19.54712],[83.25802,19.54627],[83.25723,19.54463],[83.25275,19.54195],[83.25033,19.53888],[83.25256,19.53446],[83.25578,19.53372],[83.25861,19.53138],[83.25926,19.52697],[83.25574,19.5223],[83.25534,19.51992],[83.25086,19.5157],[83.24731,19.51344],[83.24742,19.50464],[83.23761,19.5068],[83.23489,19.50517],[83.23025,19.5057],[83.22623,19.49709],[83.22445,19.49555],[83.22144,19.49496],[83.22208,19.48887],[83.21928,19.48624],[83.21665,19.4859],[83.21585,19.48481],[83.21603,19.4811],[83.2142,19.47773],[83.21174,19.47516],[83.20797,19.47402],[83.20686,19.47284],[83.20815,19.47211],[83.20848,19.47066],[83.21048,19.46956],[83.21043,19.46814],[83.20786,19.46882],[83.20774,19.46648],[83.20877,19.46539],[83.2066,19.46265],[83.20626,19.459],[83.20317,19.45929],[83.203,19.45877],[83.20432,19.45751],[83.20626,19.45352],[83.20638,19.45015],[83.20831,19.44929],[83.20934,19.44746],[83.21025,19.44735],[83.21151,19.44883],[83.21357,19.44455],[83.21374,19.44261],[83.21585,19.44244],[83.21636,19.44158],[83.21996,19.44386],[83.22105,19.44244],[83.22099,19.43998],[83.21893,19.4385],[83.21791,19.43164],[83.21854,19.42959],[83.21465,19.43187],[83.21339,19.43404],[83.21351,19.43473],[83.21523,19.43536],[83.21516,19.43707],[83.21174,19.43747],[83.21031,19.43935],[83.20415,19.43821],[83.20351,19.43878],[83.20306,19.4413],[83.20666,19.44135],[83.20615,19.44581],[83.20443,19.45083],[83.20049,19.45723],[83.19906,19.4578],[83.19678,19.457],[83.19672,19.45991],[83.19347,19.46442],[83.18775,19.46294],[83.18855,19.46123],[83.18701,19.46054],[83.18627,19.45854],[83.18684,19.45089],[83.18639,19.45043],[83.18513,19.4514],[83.18439,19.45112],[83.18741,19.44661],[83.1865,19.44255],[83.18718,19.44027],[83.18524,19.43718],[83.18507,19.4353],[83.18701,19.43444],[83.18598,19.42879],[83.18747,19.42291],[83.18547,19.42245],[83.18427,19.42085],[83.18353,19.42256],[83.1821,19.42342],[83.17862,19.42365],[83.17564,19.42611],[83.17136,19.42633],[83.17062,19.4289],[83.16708,19.43404],[83.16611,19.44112],[83.16486,19.44432],[83.16245,19.44615],[83.16228,19.44895],[83.1592,19.45003],[83.15737,19.45374],[83.15572,19.45489],[83.15452,19.45717],[83.15514,19.463],[83.15149,19.46442],[83.15046,19.46608],[83.15052,19.46991],[83.15183,19.47276],[83.15543,19.4743],[83.15823,19.47876],[83.16125,19.48053],[83.16097,19.48201],[83.15532,19.48989],[83.15337,19.49189],[83.14983,19.49349],[83.14635,19.49818],[83.14143,19.50166],[83.13745,19.50682],[83.13387,19.5069],[83.13044,19.50544],[83.12851,19.50288],[83.12762,19.49823],[83.12682,19.49698],[83.12534,19.49686],[83.11812,19.50027],[83.10885,19.5075],[83.11565,19.51358],[83.1107,19.51884],[83.11037,19.52371],[83.10424,19.52282],[83.10375,19.52419],[83.10442,19.52868],[83.108,19.53252],[83.10892,19.53583],[83.10859,19.53691],[83.10335,19.54112],[83.10213,19.53605],[83.09727,19.53691],[83.09485,19.53827],[83.08931,19.5357],[83.08739,19.54413],[83.0838,19.54808],[83.07837,19.55217],[83.07939,19.55714],[83.07333,19.55846],[83.07131,19.55953],[83.06203,19.55698],[83.0591,19.55771],[83.0545,19.5548],[83.05106,19.55553],[83.04578,19.55456],[83.04414,19.55362],[83.04199,19.54951],[83.03871,19.54916],[83.03716,19.54811],[83.03763,19.54327],[83.03564,19.53613],[83.02971,19.53231],[83.02858,19.5279],[83.02584,19.52279],[83.0295,19.51296],[83.02676,19.50667],[83.02305,19.50613],[83.01321,19.50033],[83.00977,19.49984],[83.00725,19.49831],[83.00408,19.49823],[83.00079,19.49673],[83.00041,19.49343],[82.99905,19.49225],[82.99813,19.48198],[82.99685,19.47823],[82.99937,19.46693],[82.98057,19.44859],[82.97651,19.44983],[82.9726,19.44664],[82.95062,19.44587],[82.94035,19.44469],[82.93958,19.44854],[82.93793,19.44988],[82.93644,19.45008],[82.93172,19.44187],[82.93105,19.44192],[82.93146,19.44418],[82.93027,19.44428],[82.92796,19.44294],[82.92709,19.43971],[82.92529,19.44022],[82.92427,19.4395],[82.92298,19.43791],[82.9235,19.43365],[82.92458,19.4319],[82.92915,19.42866],[82.931,19.42902],[82.93264,19.43103],[82.93449,19.42892],[82.93485,19.42594],[82.93726,19.42384],[82.93608,19.41993],[82.93634,19.41598],[82.93793,19.41444],[82.93675,19.40673],[82.93803,19.40622],[82.93952,19.40277],[82.94589,19.40252],[82.95371,19.3968],[82.95873,19.39065],[82.95879,19.38896],[82.95565,19.38017],[82.9518,19.37483],[82.95067,19.36877],[82.94815,19.36214],[82.9482,19.36081],[82.95467,19.35619],[82.95242,19.35095],[82.95345,19.34499],[82.95072,19.34011],[82.95021,19.33523],[82.94492,19.32958],[82.94142,19.32454],[82.93988,19.321],[82.93922,19.31674],[82.9407,19.31345],[82.93871,19.3114],[82.9386,19.31001],[82.94102,19.30652],[82.94096,19.30518],[82.93793,19.30349],[82.93506,19.29835],[82.93213,19.29645],[82.92694,19.29814],[82.92432,19.29753],[82.92129,19.29866],[82.91908,19.29835],[82.91698,19.29645],[82.91317,19.29496],[82.91215,19.29316],[82.9067,19.2891],[82.90429,19.28566],[82.90311,19.28165],[82.90347,19.27534],[82.90485,19.27272],[82.90799,19.27056],[82.90896,19.26856],[82.90824,19.26717],[82.90429,19.26404],[82.90424,19.26306],[82.91135,19.25566],[82.92018,19.23747],[82.91519,19.23366],[82.90958,19.23061],[82.90954,19.22676],[82.89668,19.21594],[82.88988,19.2199],[82.88472,19.21875],[82.88479,19.21563],[82.89384,19.21175],[82.89599,19.20939],[82.89294,19.20343],[82.88857,19.19983],[82.88406,19.19851],[82.88209,19.19653],[82.87827,19.19795],[82.87402,19.19794],[82.87321,19.19958],[82.86868,19.20197],[82.86545,19.20572],[82.85767,19.20305],[82.85652,19.20512],[82.85127,19.20429],[82.84843,19.20623],[82.84723,19.20821],[82.84805,19.20986],[82.84898,19.21992],[82.84987,19.22173],[82.84901,19.22371],[82.84325,19.22784],[82.84232,19.23131],[82.83971,19.2317],[82.8387,19.23497],[82.83631,19.23437],[82.83488,19.2329],[82.83463,19.23399],[82.83583,19.23475],[82.83536,19.23551],[82.8345,19.23574],[82.83268,19.23437],[82.8296,19.23545],[82.83026,19.23742],[82.82826,19.23723],[82.82545,19.23828],[82.82332,19.23281],[82.8193,19.23083],[82.81725,19.23077],[82.81213,19.2289],[82.808,19.23044],[82.80756,19.23187],[82.80596,19.23298],[82.80051,19.2349],[82.80161,19.23623],[82.8037,19.23524],[82.80563,19.23595],[82.81097,19.24565],[82.81439,19.24703],[82.81696,19.24974],[82.81876,19.25632],[82.82009,19.25645],[82.82358,19.25392],[82.82677,19.255],[82.82701,19.25753],[82.82623,19.26102],[82.82936,19.26469],[82.83176,19.27487],[82.83159,19.27601],[82.82785,19.28095],[82.82803,19.28191],[82.83303,19.28414],[82.83405,19.28847],[82.83357,19.29076],[82.83478,19.29166],[82.83784,19.29172],[82.84001,19.29648],[82.8408,19.30057],[82.842,19.30087],[82.84537,19.29955],[82.84507,19.30177],[82.84158,19.30472],[82.84236,19.30725],[82.84386,19.30803],[82.8473,19.30797],[82.85416,19.30611],[82.85506,19.30671],[82.85085,19.30918],[82.84447,19.3158],[82.84537,19.31797],[82.85036,19.31869],[82.8504,19.32118],[82.84927,19.32352],[82.84564,19.32209],[82.84352,19.32337],[82.84103,19.3208],[82.83839,19.32383],[82.83491,19.32103],[82.83015,19.32277],[82.82674,19.32149],[82.8246,19.32147],[82.82081,19.32321],[82.81937,19.32615],[82.81733,19.32561],[82.81534,19.32783],[82.81183,19.32821],[82.80951,19.33002],[82.80543,19.32882],[82.80029,19.32859],[82.79651,19.33108],[82.79198,19.33139],[82.79084,19.33305],[82.79047,19.33743],[82.78772,19.33756],[82.7878,19.34123],[82.78139,19.34262],[82.78097,19.34043],[82.7746,19.33975],[82.77181,19.33655],[82.77071,19.33414],[82.77511,19.33216],[82.76569,19.32773],[82.75797,19.32591],[82.75772,19.32885],[82.7589,19.33102],[82.75874,19.33241],[82.75597,19.33566],[82.75204,19.33615],[82.74971,19.33765],[82.74743,19.34312],[82.74247,19.34817],[82.73971,19.34823],[82.73753,19.346],[82.73383,19.3441],[82.72783,19.34452],[82.72663,19.34705],[82.72737,19.34954],[82.72661,19.35329],[82.7234,19.35144],[82.72102,19.35157],[82.71787,19.35484],[82.71568,19.35536],[82.71334,19.36677],[82.71432,19.3678],[82.71828,19.36853],[82.71836,19.36973],[82.71572,19.37649],[82.70975,19.37808],[82.70807,19.38373],[82.70779,19.38808],[82.71204,19.38987],[82.71275,19.39091],[82.71231,19.39412],[82.70887,19.39952],[82.71675,19.40229],[82.71545,19.40501],[82.71599,19.40838],[82.71442,19.40936],[82.71268,19.41245],[82.70789,19.41343],[82.70969,19.41767],[82.70251,19.41685],[82.70013,19.41512],[82.69681,19.41457],[82.69107,19.41962],[82.69016,19.42562],[82.68468,19.43177],[82.68378,19.43682],[82.67992,19.43277],[82.67549,19.43286],[82.67559,19.43991],[82.67368,19.44101],[82.67345,19.4402],[82.67097,19.4421],[82.66647,19.44252],[82.66354,19.44553],[82.66249,19.44811],[82.66301,19.44963],[82.66258,19.45211],[82.6632,19.45301],[82.66216,19.45544],[82.66111,19.45601],[82.6561,19.45507],[82.65557,19.45665],[82.65158,19.45883],[82.65205,19.46306],[82.65103,19.46642],[82.65204,19.46757],[82.65086,19.46934],[82.65125,19.47536],[82.65025,19.47826],[82.64867,19.47922],[82.6461,19.4795],[82.64394,19.48208],[82.64133,19.48236],[82.63905,19.48112],[82.63605,19.48064],[82.63514,19.48183],[82.63514,19.48298],[82.637,19.48465],[82.63567,19.48884],[82.63605,19.49089],[82.64029,19.49255],[82.64316,19.50152],[82.64452,19.50228],[82.64494,19.50477],[82.64739,19.50566],[82.64754,19.5068],[82.64325,19.50948],[82.64297,19.5115],[82.6424,19.51169],[82.63327,19.51362],[82.62772,19.51329],[82.62602,19.51748],[82.62452,19.51847],[82.61765,19.51941],[82.61703,19.518],[82.61139,19.51974],[82.60828,19.51997],[82.60894,19.52266],[82.61106,19.52576],[82.61534,19.5259],[82.6152,19.52943],[82.61652,19.53004],[82.61642,19.53277],[82.61831,19.53376],[82.61883,19.538],[82.61694,19.53894],[82.61497,19.53776],[82.61304,19.53781],[82.61148,19.53955],[82.6095,19.53946],[82.60631,19.54082],[82.60278,19.54092],[82.60117,19.54186],[82.59991,19.5404],[82.59214,19.54078],[82.59021,19.54002],[82.58889,19.54092],[82.58908,19.54219],[82.58546,19.54614],[82.5799,19.54595],[82.57854,19.54374],[82.57741,19.54336],[82.57449,19.54454],[82.57261,19.54247],[82.56941,19.54398],[82.568,19.54393],[82.56786,19.54741],[82.5663,19.54929],[82.5671,19.55019],[82.56809,19.5572],[82.56903,19.55932],[82.56814,19.56101],[82.5695,19.56572],[82.56805,19.56638],[82.56744,19.56807],[82.56493,19.5703],[82.564,19.57292],[82.55981,19.57311],[82.55843,19.5804],[82.54842,19.58045],[82.54819,19.57744],[82.53754,19.57617],[82.53623,19.5764],[82.53482,19.5789],[82.5319,19.58078],[82.5312,19.58243],[82.53138,19.58581],[82.53331,19.58788],[82.53557,19.58751],[82.53656,19.58916],[82.53543,19.59043],[82.53567,19.59109],[82.53821,19.59052],[82.53891,19.59532],[82.54136,19.594],[82.54277,19.5948],[82.54366,19.59607],[82.54329,19.59857],[82.5471,19.60318],[82.5496,19.60888],[82.54964,19.6116],[82.54932,19.61226],[82.54002,19.61467],[82.54004,19.61539],[82.54225,19.61641],[82.5423,19.61706],[82.5407,19.61791],[82.53698,19.62201],[82.53487,19.6228],[82.53374,19.62667],[82.52955,19.62685],[82.52649,19.63029]]]}},{"type":"Feature","properties":{"DISTRICT":"KANDHAMAL","CODE":16},"geometry":{"type":"Polygon","coordinates":[[[83.49726,19.96041],[83.50398,19.97042],[83.50549,19.97546],[83.50553,19.98421],[83.50304,19.9846],[83.502,19.98619],[83.50169,19.98921],[83.50252,19.99248],[83.50726,19.99752],[83.50858,20.00068],[83.51131,20.00442],[83.52628,20.0162],[83.53034,20.01624],[83.54329,20.02022],[83.55032,20.03462],[83.5526,20.03529],[83.55006,20.04323],[83.55575,20.0518],[83.56407,20.04894],[83.56693,20.05276],[83.57124,20.05477],[83.57032,20.05678],[83.57095,20.05904],[83.57487,20.0631],[83.57388,20.06602],[83.57169,20.06673],[83.56993,20.06863],[83.56898,20.07163],[83.5705,20.07389],[83.57621,20.07647],[83.5781,20.07857],[83.57603,20.08053],[83.57421,20.0846],[83.5772,20.0853],[83.58567,20.08998],[83.58563,20.09065],[83.58115,20.09414],[83.58076,20.09573],[83.58578,20.0952],[83.59029,20.09785],[83.58777,20.10028],[83.58645,20.10285],[83.58653,20.10641],[83.58561,20.10705],[83.58368,20.1062],[83.58314,20.10679],[83.58738,20.11305],[83.59523,20.10906],[83.59838,20.10668],[83.60153,20.10166],[83.61073,20.10275],[83.6171,20.1023],[83.61877,20.09684],[83.62115,20.09606],[83.62115,20.09664],[83.63081,20.09233],[83.63543,20.08732],[83.6458,20.09304],[83.66631,20.10741],[83.67226,20.10826],[83.67751,20.11002],[83.6823,20.10975],[83.6886,20.10272],[83.69354,20.09968],[83.70119,20.09802],[83.70496,20.09989],[83.71288,20.10066],[83.71522,20.10225],[83.71722,20.10714],[83.71706,20.11112],[83.7216,20.11448],[83.72127,20.11619],[83.71949,20.11748],[83.71825,20.12066],[83.71744,20.12492],[83.71795,20.12987],[83.71977,20.13066],[83.72169,20.13036],[83.72552,20.12843],[83.72887,20.1253],[83.73038,20.13039],[83.73318,20.13441],[83.7299,20.14056],[83.73097,20.1426],[83.73438,20.14601],[83.73685,20.14778],[83.74219,20.14762],[83.74472,20.14859],[83.74628,20.1501],[83.74909,20.15571],[83.75433,20.15896],[83.7605,20.16091],[83.76415,20.16342],[83.76847,20.16381],[83.7764,20.15849],[83.77763,20.16072],[83.78001,20.17183],[83.78333,20.17235],[83.79154,20.17805],[83.79211,20.18061],[83.7914,20.18673],[83.79292,20.19229],[83.79002,20.20121],[83.78518,20.21223],[83.78101,20.20966],[83.77977,20.20629],[83.7727,20.2052],[83.76467,20.20762],[83.75745,20.20672],[83.75134,20.209],[83.74828,20.20772],[83.73813,20.20862],[83.73348,20.20805],[83.74311,20.22124],[83.73135,20.22869],[83.72176,20.23624],[83.72631,20.23894],[83.72736,20.24146],[83.72532,20.25123],[83.72038,20.25285],[83.72119,20.25963],[83.72057,20.26352],[83.721,20.27178],[83.71925,20.28976],[83.7182,20.29242],[83.71758,20.29873],[83.71635,20.30001],[83.7163,20.30167],[83.7116,20.31031],[83.71236,20.31188],[83.71336,20.3123],[83.71403,20.32165],[83.71236,20.32516],[83.71061,20.33423],[83.70544,20.34016],[83.70648,20.34628],[83.70582,20.34827],[83.70339,20.35065],[83.70287,20.35363],[83.70415,20.35501],[83.70482,20.36118],[83.70809,20.36569],[83.70805,20.36697],[83.70084,20.37238],[83.69775,20.37223],[83.6939,20.37062],[83.69058,20.37276],[83.68812,20.37537],[83.68389,20.37556],[83.67322,20.37859],[83.66245,20.38054],[83.65566,20.38377],[83.65258,20.38751],[83.65315,20.38972],[83.65659,20.39122],[83.65828,20.39461],[83.66084,20.39472],[83.66039,20.39724],[83.66416,20.40287],[83.66405,20.40434],[83.66226,20.40633],[83.66326,20.41033],[83.66048,20.41095],[83.66025,20.414],[83.6618,20.41442],[83.66415,20.41348],[83.66447,20.41716],[83.66759,20.4179],[83.66837,20.41895],[83.66859,20.4221],[83.67419,20.42506],[83.67654,20.4291],[83.67835,20.42958],[83.68206,20.42672],[83.68382,20.41904],[83.68766,20.41419],[83.68916,20.41303],[83.69375,20.41301],[83.69937,20.41631],[83.70303,20.41984],[83.71211,20.42651],[83.71738,20.42945],[83.71947,20.43351],[83.7218,20.43411],[83.72659,20.43319],[83.7296,20.43178],[83.72919,20.42804],[83.73106,20.42574],[83.73414,20.42451],[83.73631,20.42543],[83.74017,20.42165],[83.74331,20.42193],[83.74805,20.42077],[83.7486,20.42146],[83.74851,20.42529],[83.75661,20.42545],[83.76086,20.42302],[83.76652,20.4184],[83.76994,20.41244],[83.77896,20.41021],[83.7822,20.40674],[83.78507,20.41323],[83.78306,20.42496],[83.78679,20.43509],[83.78563,20.43897],[83.78719,20.44102],[83.7901,20.44184],[83.79346,20.44009],[83.7955,20.43413],[83.79491,20.43279],[83.80944,20.43085],[83.81596,20.43476],[83.8167,20.43584],[83.81663,20.43729],[83.80959,20.44526],[83.81506,20.45421],[83.81805,20.45149],[83.82278,20.44988],[83.8259,20.44951],[83.82963,20.45093],[83.81838,20.45961],[83.81301,20.46207],[83.81287,20.47388],[83.81048,20.48055],[83.80974,20.48494],[83.80806,20.48602],[83.80959,20.48882],[83.80828,20.49109],[83.80828,20.49441],[83.80523,20.50018],[83.79781,20.508],[83.80579,20.50767],[83.80765,20.50838],[83.81521,20.52048],[83.82065,20.52108],[83.82125,20.5254],[83.82497,20.53024],[83.82624,20.53446],[83.82188,20.53885],[83.82136,20.54347],[83.82516,20.54805],[83.83332,20.54444],[83.83809,20.54355],[83.842,20.5437],[83.84435,20.54519],[83.8465,20.54746],[83.8503,20.55476],[83.85287,20.55718],[83.85556,20.55856],[83.85891,20.56217],[83.85712,20.56877],[83.85757,20.57052],[83.87519,20.58143],[83.88727,20.57935],[83.89825,20.58196],[83.91394,20.57879],[83.91238,20.59194],[83.91457,20.60122],[83.92273,20.60938],[83.92557,20.60934],[83.92754,20.60774],[83.93156,20.60677],[83.93462,20.60517],[83.94028,20.60375],[83.94237,20.6039],[83.93301,20.59686],[83.93127,20.59474],[83.93283,20.58859],[83.93372,20.58755],[83.93689,20.58628],[83.93942,20.58341],[83.94315,20.58307],[83.94758,20.58091],[83.9538,20.58285],[83.9604,20.58374],[83.96733,20.58617],[83.97974,20.58546],[83.98164,20.58471],[83.98611,20.57912],[83.99895,20.5719],[83.99996,20.57074],[84.00393,20.56881],[84.0069,20.56824],[84.01736,20.56773],[84.02002,20.57017],[84.02837,20.57295],[84.03167,20.57337],[84.03544,20.57511],[84.0361,20.57631],[84.03566,20.57919],[84.03806,20.58131],[84.04297,20.58217],[84.04987,20.58489],[84.05332,20.58546],[84.05684,20.58777],[84.06229,20.5891],[84.06573,20.58815],[84.07308,20.58936],[84.07641,20.58628],[84.08046,20.58679],[84.08388,20.58391],[84.08768,20.58381],[84.09208,20.58685],[84.09873,20.58942],[84.10722,20.59113],[84.11488,20.58188],[84.12473,20.58008],[84.13172,20.5816],[84.13428,20.58115],[84.13805,20.58172],[84.14185,20.57948],[84.14445,20.57691],[84.1468,20.57675],[84.15215,20.57913],[84.15452,20.57932],[84.15607,20.58464],[84.1636,20.59097],[84.16937,20.59338],[84.17491,20.59458],[84.17805,20.5973],[84.18739,20.5835],[84.19296,20.58344],[84.1965,20.58479],[84.2085,20.58353],[84.21326,20.58154],[84.21661,20.58226],[84.2275,20.58122],[84.23267,20.58404],[84.23393,20.58723],[84.23728,20.59015],[84.23814,20.59205],[84.24757,20.59699],[84.25442,20.59841],[84.25847,20.60129],[84.25878,20.60398],[84.26195,20.60781],[84.2654,20.61399],[84.26569,20.61586],[84.26467,20.6195],[84.26654,20.62219],[84.26768,20.62567],[84.27398,20.6352],[84.28259,20.63514],[84.28168,20.64122],[84.28177,20.6478],[84.27975,20.65021],[84.2795,20.65927],[84.2774,20.66136],[84.27582,20.66699],[84.27886,20.67168],[84.28386,20.67383],[84.28589,20.67706],[84.2888,20.67959],[84.29431,20.68327],[84.30083,20.68637],[84.31717,20.68878],[84.32122,20.68757],[84.32838,20.687],[84.33148,20.68504],[84.33351,20.68225],[84.33845,20.67947],[84.34098,20.6789],[84.34092,20.67402],[84.33978,20.67212],[84.34054,20.67142],[84.34737,20.66883],[84.3589,20.66997],[84.35928,20.66319],[84.3627,20.66047],[84.36314,20.65756],[84.36397,20.65654],[84.36929,20.65097],[84.37138,20.64983],[84.37423,20.64337],[84.37486,20.64001],[84.37201,20.63495],[84.37176,20.63324],[84.37479,20.62551],[84.37733,20.62355],[84.37897,20.62051],[84.3817,20.60696],[84.38645,20.59771],[84.38303,20.59505],[84.38189,20.58682],[84.38715,20.57777],[84.39379,20.57827],[84.39613,20.57511],[84.39595,20.5715],[84.39342,20.56618],[84.38663,20.56827],[84.38354,20.5582],[84.39158,20.5423],[84.39037,20.52983],[84.39684,20.52749],[84.4038,20.52717],[84.40716,20.52457],[84.40937,20.52172],[84.42052,20.51881],[84.42735,20.51292],[84.43305,20.50982],[84.43565,20.5076],[84.43749,20.49996],[84.43619,20.49515],[84.4304,20.49017],[84.4299,20.4886],[84.42681,20.48534],[84.42806,20.48282],[84.43218,20.47825],[84.43459,20.47712],[84.44057,20.47597],[84.44473,20.46918],[84.45009,20.46455],[84.45271,20.46351],[84.45567,20.46517],[84.45744,20.46526],[84.45934,20.45951],[84.4669,20.44504],[84.46632,20.44219],[84.46753,20.43902],[84.46667,20.43516],[84.46201,20.43116],[84.46104,20.42808],[84.46085,20.42345],[84.46368,20.41832],[84.46368,20.40474],[84.46288,20.39931],[84.46587,20.39471],[84.46765,20.39332],[84.4697,20.38902],[84.48363,20.38383],[84.49505,20.39421],[84.51194,20.39472],[84.51418,20.39185],[84.51453,20.38997],[84.51353,20.38761],[84.51353,20.38549],[84.51517,20.38202],[84.51948,20.37955],[84.522,20.38023],[84.52113,20.37866],[84.5203,20.3686],[84.50456,20.35934],[84.50087,20.35767],[84.49757,20.35747],[84.49772,20.35425],[84.49599,20.34923],[84.49241,20.34978],[84.48725,20.34767],[84.48727,20.34631],[84.48822,20.34566],[84.4888,20.33721],[84.4948,20.33306],[84.50087,20.33252],[84.50439,20.33059],[84.50609,20.33059],[84.50896,20.33191],[84.5107,20.33478],[84.51102,20.33694],[84.51357,20.33718],[84.51267,20.32815],[84.51116,20.32641],[84.5161,20.32053],[84.51694,20.31818],[84.51763,20.31806],[84.51929,20.32063],[84.52118,20.32166],[84.5231,20.32491],[84.53049,20.32138],[84.53899,20.32147],[84.5451,20.32246],[84.54614,20.31424],[84.55226,20.29443],[84.55398,20.28325],[84.54639,20.27473],[84.54929,20.25825],[84.54417,20.25068],[84.55107,20.23145],[84.55681,20.22553],[84.55996,20.22624],[84.56475,20.2182],[84.56992,20.21171],[84.57626,20.20565],[84.58721,20.18559],[84.58958,20.17114],[84.5891,20.17038],[84.58281,20.16862],[84.57473,20.16329],[84.56026,20.15667],[84.56132,20.15162],[84.56493,20.14998],[84.56479,20.14728],[84.56625,20.14475],[84.56545,20.13997],[84.56267,20.13795],[84.55799,20.14084],[84.5422,20.13953],[84.52795,20.14326],[84.52531,20.15162],[84.51585,20.14991],[84.51508,20.14819],[84.51219,20.14581],[84.51069,20.14007],[84.51241,20.13642],[84.5112,20.13569],[84.50963,20.13649],[84.50897,20.13792],[84.50576,20.13781],[84.49899,20.14088],[84.49352,20.14103],[84.48891,20.13985],[84.45477,20.16672],[84.45615,20.17688],[84.45557,20.18112],[84.45919,20.18134],[84.46142,20.18719],[84.45711,20.19275],[84.45356,20.19893],[84.44852,20.20437],[84.44369,20.20295],[84.43722,20.19977],[84.43879,20.19344],[84.43758,20.18993],[84.43371,20.18394],[84.43378,20.17824],[84.43507,20.17071],[84.43773,20.16804],[84.43846,20.16526],[84.44091,20.16153],[84.44054,20.15762],[84.43835,20.15378],[84.44395,20.14629],[84.4438,20.14515],[84.44289,20.14351],[84.43861,20.14311],[84.43459,20.14139],[84.43296,20.13919],[84.43078,20.13458],[84.43232,20.12754],[84.42991,20.12352],[84.42976,20.12019],[84.42542,20.11957],[84.42095,20.11631],[84.41946,20.1143],[84.41955,20.11059],[84.42066,20.10882],[84.4184,20.10337],[84.41989,20.09943],[84.41705,20.09584],[84.41383,20.08568],[84.41254,20.08495],[84.41284,20.08364],[84.41181,20.08371],[84.41123,20.08466],[84.40655,20.08261],[84.40623,20.07242],[84.4071,20.06907],[84.41117,20.0648],[84.41763,20.06181],[84.41764,20.05066],[84.42026,20.04844],[84.41668,20.0439],[84.40432,20.04244],[84.39577,20.03992],[84.39354,20.03773],[84.36565,20.02489],[84.36254,20.02789],[84.36163,20.03093],[84.35958,20.03209],[84.34328,20.01437],[84.34064,20.00804],[84.33783,20.00885],[84.33238,20.00695],[84.33012,20.00263],[84.33098,20.00019],[84.32441,19.98966],[84.3259,19.98658],[84.33098,19.97986],[84.33734,19.9777],[84.34196,19.98052],[84.34618,19.98175],[84.34895,19.98448],[84.34967,19.98638],[84.35218,19.9873],[84.35357,19.98915],[84.35809,19.98879],[84.36224,19.98514],[84.36389,19.98196],[84.36713,19.97821],[84.37405,19.9721],[84.37696,19.96825],[84.37842,19.96476],[84.38139,19.96466],[84.38402,19.96291],[84.38622,19.9626],[84.39095,19.9586],[84.39198,19.95593],[84.39582,19.95711],[84.39736,19.95624],[84.39849,19.9566],[84.39967,19.95803],[84.3986,19.95932],[84.39885,19.95999],[84.40183,19.96055],[84.40481,19.95978],[84.40501,19.96127],[84.40722,19.96148],[84.40804,19.96091],[84.40712,19.95963],[84.40897,19.95783],[84.41035,19.95819],[84.41097,19.95937],[84.41267,19.95891],[84.41595,19.95993],[84.41888,19.95968],[84.41914,19.95845],[84.41846,19.95716],[84.42021,19.9565],[84.42134,19.95495],[84.42165,19.95737],[84.42401,19.95737],[84.42555,19.95624],[84.42657,19.95762],[84.42832,19.95598],[84.43017,19.95613],[84.43063,19.95737],[84.43325,19.95891],[84.43469,19.95834],[84.43526,19.95968],[84.43823,19.9585],[84.43936,19.95716],[84.4407,19.95752],[84.44177,19.95624],[84.44429,19.95619],[84.44491,19.95424],[84.44583,19.95516],[84.44717,19.95516],[84.44794,19.95398],[84.45091,19.95259],[84.45651,19.95208],[84.45723,19.95126],[84.46026,19.95218],[84.46308,19.95193],[84.46452,19.9529],[84.46565,19.95259],[84.4677,19.94505],[84.47119,19.94012],[84.46539,19.93457],[84.46344,19.92743],[84.46395,19.91327],[84.46278,19.90982],[84.45954,19.9088],[84.45831,19.90469],[84.45985,19.89252],[84.46242,19.88513],[84.46201,19.88369],[84.46344,19.88159],[84.46303,19.87717],[84.4618,19.87409],[84.45969,19.87142],[84.46036,19.86793],[84.46359,19.86295],[84.46365,19.85643],[84.45728,19.84991],[84.44614,19.84406],[84.44598,19.84334],[84.44876,19.83964],[84.45153,19.83379],[84.44614,19.82958],[84.44465,19.82947],[84.44162,19.8304],[84.43895,19.83399],[84.43423,19.8383],[84.42802,19.83651],[84.42565,19.83466],[84.42036,19.83671],[84.41554,19.83569],[84.40604,19.838],[84.39217,19.84003],[84.38799,19.83998],[84.37817,19.84372],[84.37223,19.84712],[84.35947,19.85843],[84.35927,19.85971],[84.36025,19.86237],[84.34659,19.861],[84.34443,19.86146],[84.34212,19.8637],[84.34358,19.86485],[84.34225,19.86692],[84.34152,19.86669],[84.34116,19.86497],[84.33922,19.86646],[84.34013,19.86853],[84.33941,19.87003],[84.33657,19.86839],[84.33529,19.87039],[84.33308,19.87029],[84.33244,19.87132],[84.33072,19.87198],[84.32938,19.87193],[84.32903,19.87039],[84.32605,19.87142],[84.32651,19.87358],[84.32456,19.87835],[84.32456,19.88076],[84.3221,19.88061],[84.32014,19.88266],[84.3205,19.88441],[84.31846,19.88649],[84.31786,19.8896],[84.31568,19.89035],[84.31605,19.8923],[84.3129,19.89495],[84.31163,19.89967],[84.30939,19.90145],[84.30921,19.90306],[84.3074,19.9041],[84.30655,19.906],[84.2932,19.8957],[84.28044,19.88132],[84.27625,19.87856],[84.24994,19.87058],[84.23321,19.86839],[84.21975,19.86452],[84.18774,19.85979],[84.2029,19.8359],[84.20096,19.83275],[84.19643,19.82918],[84.19133,19.82336],[84.18559,19.82138],[84.18097,19.82089],[84.17733,19.82207],[84.17569,19.82156],[84.17336,19.80838],[84.16779,19.80437],[84.17576,19.79349],[84.17599,19.79216],[84.16157,19.78473],[84.15173,19.7848],[84.13307,19.77942],[84.13294,19.77878],[84.14038,19.76866],[84.14704,19.76051],[84.15131,19.75649],[84.15285,19.75167],[84.15266,19.75005],[84.1581,19.7426],[84.15781,19.74027],[84.16195,19.73778],[84.15742,19.72802],[84.15531,19.72511],[84.16858,19.73419],[84.17158,19.73406],[84.18054,19.73677],[84.18459,19.73727],[84.19178,19.73681],[84.20374,19.73389],[84.20196,19.72836],[84.19127,19.70482],[84.1936,19.70288],[84.19884,19.69532],[84.20378,19.69168],[84.20124,19.68602],[84.20606,19.68594],[84.20712,19.68471],[84.20893,19.68441],[84.21261,19.68226],[84.21971,19.67381],[84.22364,19.67626],[84.22533,19.67296],[84.22524,19.6714],[84.22837,19.66654],[84.22972,19.66624],[84.23158,19.66696],[84.23508,19.66523],[84.24122,19.66434],[84.24214,19.66025],[84.24625,19.6526],[84.24924,19.64368],[84.24303,19.63836],[84.24088,19.63899],[84.23911,19.63827],[84.23843,19.6332],[84.23682,19.63071],[84.23255,19.63029],[84.23112,19.62817],[84.22845,19.62767],[84.22736,19.62196],[84.22871,19.61955],[84.23251,19.61753],[84.23513,19.6122],[84.23859,19.6081],[84.2356,19.60523],[84.23576,19.60007],[84.23496,19.59838],[84.23547,19.59179],[84.23708,19.5885],[84.23843,19.58305],[84.23843,19.58022],[84.24122,19.57709],[84.2435,19.57629],[84.24671,19.57629],[84.24971,19.57253],[84.25276,19.56658],[84.24793,19.56849],[84.24107,19.56909],[84.23679,19.57223],[84.23314,19.57272],[84.22417,19.58042],[84.22229,19.58102],[84.21939,19.58365],[84.21569,19.58522],[84.21379,19.58708],[84.21299,19.58895],[84.21111,19.58987],[84.20952,19.59289],[84.20611,19.59263],[84.19835,19.59392],[84.19224,19.59084],[84.18624,19.59132],[84.18375,19.58918],[84.17915,19.58769],[84.17902,19.58916],[84.17625,19.59069],[84.16809,19.59167],[84.16588,19.5895],[84.16637,19.58636],[84.16281,19.58189],[84.16139,19.58098],[84.15992,19.5811],[84.158,19.58406],[84.15591,19.58392],[84.15572,19.5825],[84.15437,19.58379],[84.15511,19.58589],[84.15196,19.5904],[84.1501,19.58969],[84.14163,19.60762],[84.141,19.61265],[84.14143,19.61391],[84.13917,19.61749],[84.13879,19.62084],[84.13953,19.62232],[84.13875,19.62299],[84.13793,19.62611],[84.13812,19.628],[84.13533,19.63058],[84.13484,19.63325],[84.13295,19.63469],[84.13075,19.6345],[84.1293,19.63637],[84.12808,19.63661],[84.11883,19.63213],[84.1141,19.63195],[84.11015,19.63094],[84.10312,19.63141],[84.09825,19.63275],[84.092,19.63202],[84.09081,19.62697],[84.09483,19.62042],[84.08492,19.62074],[84.08033,19.62716],[84.07759,19.62612],[84.07627,19.6263],[84.07294,19.62804],[84.06837,19.63196],[84.05895,19.63354],[84.05096,19.62785],[84.04417,19.62654],[84.04067,19.62901],[84.03719,19.63399],[84.03353,19.6354],[84.02824,19.63621],[84.02639,19.63206],[84.02443,19.63077],[84.02435,19.62919],[84.01371,19.62388],[84.01111,19.61759],[84.0063,19.62592],[84.00386,19.6274],[83.99355,19.62665],[83.985,19.62086],[83.98048,19.62244],[83.96882,19.62278],[83.96656,19.6239],[83.96551,19.63046],[83.96148,19.63117],[83.95844,19.63467],[83.95568,19.63543],[83.94655,19.63387],[83.94211,19.63403],[83.9421,19.63754],[83.93844,19.64514],[83.93658,19.65618],[83.93592,19.65713],[83.93078,19.65917],[83.9258,19.66247],[83.92779,19.66452],[83.9377,19.67058],[83.9342,19.67228],[83.93388,19.67509],[83.93224,19.67785],[83.92867,19.67839],[83.92684,19.67567],[83.92371,19.6754],[83.91832,19.67999],[83.9072,19.67107],[83.9043,19.67237],[83.89796,19.67107],[83.88864,19.67214],[83.87433,19.67094],[83.86922,19.67492],[83.86482,19.67956],[83.86068,19.68065],[83.85968,19.68254],[83.8557,19.68506],[83.8517,19.69294],[83.85231,19.69677],[83.85131,19.69897],[83.84436,19.70153],[83.84547,19.70269],[83.8465,19.70577],[83.84637,19.70822],[83.83883,19.71058],[83.83421,19.70608],[83.83212,19.70929],[83.83056,19.71009],[83.82717,19.71085],[83.82311,19.71063],[83.81924,19.71402],[83.8183,19.71861],[83.81615,19.72008],[83.81373,19.71861],[83.80499,19.71812],[83.80298,19.71678],[83.79964,19.71241],[83.795,19.71161],[83.79312,19.71009],[83.7906,19.71179],[83.78793,19.7109],[83.78499,19.71148],[83.78178,19.71023],[83.7795,19.71237],[83.77839,19.71143],[83.77736,19.7117],[83.77513,19.71473],[83.77294,19.71442],[83.7704,19.71531],[83.76822,19.71522],[83.76646,19.71107],[83.76659,19.70354],[83.76868,19.69872],[83.76672,19.69618],[83.76717,19.69328],[83.76547,19.69083],[83.76605,19.68753],[83.76396,19.68294],[83.76436,19.68097],[83.76365,19.67879],[83.76476,19.67602],[83.76298,19.67473],[83.76022,19.67406],[83.75745,19.67045],[83.75156,19.66817],[83.75005,19.66425],[83.74826,19.66291],[83.74679,19.65975],[83.74349,19.65837],[83.74345,19.65431],[83.73167,19.65368],[83.72997,19.6565],[83.73042,19.65966],[83.72825,19.66059],[83.72753,19.66421],[83.72567,19.66687],[83.72411,19.67126],[83.72093,19.67311],[83.71992,19.672],[83.71843,19.67182],[83.71491,19.67382],[83.70433,19.6833],[83.70212,19.68675],[83.69675,19.6903],[83.69345,19.68963],[83.67113,19.67661],[83.66967,19.6739],[83.66906,19.67011],[83.66578,19.66754],[83.66467,19.66389],[83.65705,19.663],[83.65134,19.65661],[83.64984,19.6569],[83.63702,19.67094],[83.63709,19.67773],[83.63889,19.68028],[83.64191,19.68932],[83.64516,19.69396],[83.64561,19.69696],[83.64352,19.70403],[83.63354,19.71668],[83.63384,19.72948],[83.63249,19.7312],[83.627,19.74391],[83.62019,19.74429],[83.61351,19.74688],[83.6096,19.74997],[83.61024,19.75953],[83.6206,19.76771],[83.62162,19.77232],[83.62286,19.77419],[83.62347,19.77891],[83.61971,19.78676],[83.6196,19.79049],[83.6175,19.79952],[83.61854,19.80159],[83.62196,19.80405],[83.62099,19.81377],[83.61808,19.81583],[83.60885,19.81551],[83.60655,19.82287],[83.60622,19.8269],[83.60237,19.83318],[83.60033,19.83248],[83.59961,19.82796],[83.59868,19.82678],[83.5879,19.82224],[83.58738,19.8245],[83.57823,19.8286],[83.56725,19.83211],[83.56216,19.83583],[83.55863,19.83749],[83.55385,19.83945],[83.55022,19.83953],[83.54617,19.84169],[83.54275,19.84483],[83.5416,19.84777],[83.54159,19.85121],[83.5366,19.85699],[83.5353,19.8561],[83.53546,19.85325],[83.53318,19.85246],[83.53038,19.85344],[83.52923,19.85609],[83.5302,19.86375],[83.53092,19.86463],[83.5293,19.86837],[83.53007,19.87387],[83.52892,19.87681],[83.53134,19.8781],[83.533,19.88007],[83.53816,19.88931],[83.54073,19.89659],[83.54456,19.90092],[83.54996,19.90309],[83.55554,19.90929],[83.55822,19.91833],[83.56152,19.92315],[83.56177,19.92904],[83.55369,19.93041],[83.55139,19.93561],[83.54532,19.93805],[83.54328,19.94079],[83.53873,19.94245],[83.53576,19.94682],[83.5327,19.94744],[83.51688,19.95425],[83.51314,19.95461],[83.508,19.95791],[83.49925,19.95761],[83.49802,19.95817],[83.49726,19.96041]]]}},{"type":"Feature","properties":{"DISTRICT":"KENDRAPARA","CODE":17},"geometry":{"type":"MultiPolygon","coordinates":[[[[86.79711,20.37998],[86.79826,20.38628],[86.79827,20.39168],[86.79748,20.39493],[86.80026,20.39157],[86.79939,20.38948],[86.80065,20.38624],[86.80164,20.3865],[86.80133,20.38902],[86.80281,20.39016],[86.80457,20.39005],[86.8039,20.39071],[86.80133,20.3908],[86.80228,20.39434],[86.79909,20.3955],[86.79883,20.39659],[86.80028,20.39859],[86.7982,20.3999],[86.79958,20.40035],[86.80531,20.398],[86.80725,20.3956],[86.8091,20.3845],[86.80914,20.3734],[86.80433,20.36687],[86.8016,20.36454],[86.80003,20.36466],[86.7975,20.36918],[86.79958,20.37528],[86.79711,20.37998]]],[[[86.78133,20.35838],[86.78308,20.36217],[86.78439,20.36353],[86.78618,20.36382],[86.78543,20.3615],[86.78358,20.35931],[86.7821,20.358],[86.78133,20.35838]]],[[[86.79195,20.38286],[86.79217,20.38545],[86.79319,20.38623],[86.7943,20.38213],[86.79282,20.38139],[86.79195,20.38286]]],[[[86.78839,20.40407],[86.79063,20.40512],[86.79268,20.41082],[86.79104,20.41479],[86.79322,20.42572],[86.79332,20.4282],[86.79197,20.43229],[86.79897,20.43833],[86.80082,20.4388],[86.80186,20.44285],[86.8011,20.44496],[86.80107,20.45364],[86.79932,20.45755],[86.79751,20.45938],[86.80151,20.46826],[86.7985,20.47494],[86.79786,20.47883],[86.79812,20.48384],[86.79515,20.49288],[86.79742,20.4914],[86.79997,20.48804],[86.80309,20.47015],[86.80841,20.46199],[86.81008,20.45285],[86.80861,20.44164],[86.80344,20.42928],[86.79687,20.41699],[86.79362,20.40688],[86.79305,20.39882],[86.79481,20.39059],[86.7958,20.38867],[86.7923,20.38683],[86.79018,20.3836],[86.7892,20.38329],[86.78871,20.3839],[86.78873,20.38718],[86.7906,20.395],[86.78839,20.40407]]],[[[86.24828,20.37073],[86.24854,20.37183],[86.25091,20.37352],[86.25327,20.37867],[86.25804,20.37858],[86.25931,20.37588],[86.26286,20.38251],[86.2634,20.3853],[86.26657,20.38661],[86.27435,20.38766],[86.27455,20.38851],[86.27088,20.39015],[86.27071,20.39112],[86.2735,20.39286],[86.27586,20.39239],[86.27738,20.39459],[86.27772,20.39691],[86.277,20.40075],[86.2757,20.40122],[86.2751,20.40092],[86.27413,20.39704],[86.2721,20.39493],[86.26953,20.39442],[86.26809,20.3959],[86.2691,20.40206],[86.26822,20.40553],[86.26987,20.4059],[86.27307,20.40481],[86.27447,20.40958],[86.27358,20.41385],[86.27616,20.41659],[86.27882,20.42195],[86.27658,20.42415],[86.27422,20.42474],[86.27126,20.42411],[86.27054,20.42478],[86.27253,20.4339],[86.27172,20.43593],[86.26902,20.43715],[86.26915,20.4391],[86.2721,20.44286],[86.2757,20.44298],[86.27743,20.44476],[86.27071,20.44813],[86.26699,20.44797],[86.26615,20.44856],[86.26691,20.4497],[86.27312,20.45046],[86.2735,20.45434],[86.271,20.45472],[86.27045,20.45552],[86.27105,20.46671],[86.2678,20.46697],[86.26775,20.4684],[86.26636,20.4709],[86.26644,20.47415],[86.26717,20.4752],[86.26657,20.47706],[86.26759,20.47976],[86.26907,20.48069],[86.26953,20.48196],[86.26509,20.48458],[86.26501,20.48542],[86.26707,20.49014],[86.27106,20.48842],[86.27342,20.48852],[86.27622,20.49032],[86.27658,20.49223],[86.27843,20.49367],[86.27828,20.49554],[86.27449,20.50124],[86.27119,20.50435],[86.27087,20.50572],[86.27131,20.5076],[86.27412,20.50922],[86.27493,20.51427],[86.27711,20.51607],[86.27805,20.51801],[86.27679,20.52062],[86.26888,20.52306],[86.26196,20.52823],[86.25884,20.53147],[86.25784,20.53141],[86.25479,20.5281],[86.25136,20.52973],[86.25155,20.53309],[86.25043,20.53633],[86.25248,20.53939],[86.25111,20.54082],[86.25828,20.5445],[86.26065,20.54662],[86.26489,20.54799],[86.26539,20.55055],[86.26632,20.55105],[86.26769,20.55416],[86.27306,20.55803],[86.2705,20.55996],[86.26813,20.55928],[86.26775,20.56183],[86.25965,20.56133],[86.25987,20.56217],[86.26258,20.56395],[86.26651,20.56308],[86.26907,20.56383],[86.2715,20.56302],[86.27486,20.5637],[86.27655,20.56564],[86.2816,20.58004],[86.28311,20.58146],[86.28422,20.58029],[86.28739,20.58365],[86.29912,20.58372],[86.30011,20.57948],[86.30142,20.57811],[86.31221,20.57985],[86.31695,20.57954],[86.32025,20.58353],[86.32231,20.58889],[86.31732,20.59195],[86.31577,20.594],[86.32063,20.61127],[86.31907,20.61258],[86.32081,20.61595],[86.31963,20.61801],[86.31863,20.6236],[86.32211,20.62897],[86.32703,20.6242],[86.3298,20.61002],[86.33157,20.60845],[86.33499,20.60724],[86.34699,20.60877],[86.34759,20.60648],[86.3494,20.6065],[86.35265,20.60497],[86.35649,20.6047],[86.3615,20.59872],[86.36683,20.59469],[86.37044,20.59371],[86.38022,20.59339],[86.38717,20.59937],[86.38763,20.60173],[86.39073,20.60317],[86.39291,20.60511],[86.39513,20.61127],[86.39703,20.61401],[86.3962,20.61591],[86.39964,20.62142],[86.40594,20.62531],[86.40765,20.62717],[86.41029,20.62884],[86.4165,20.62791],[86.42461,20.6236],[86.42414,20.62893],[86.42197,20.62907],[86.42294,20.63185],[86.42058,20.63083],[86.4202,20.63194],[86.42118,20.63528],[86.42382,20.63454],[86.42663,20.64129],[86.42878,20.64353],[86.43114,20.64353],[86.43272,20.64496],[86.43443,20.64519],[86.44096,20.64496],[86.44629,20.64816],[86.45319,20.64746],[86.45426,20.64973],[86.45848,20.65418],[86.45709,20.65715],[86.45426,20.65872],[86.45676,20.66368],[86.45714,20.66836],[86.45625,20.67045],[86.45403,20.67267],[86.45348,20.67452],[86.45779,20.67791],[86.45959,20.6805],[86.46149,20.67888],[86.46418,20.67879],[86.46599,20.68101],[86.46719,20.68402],[86.47113,20.68843],[86.4734,20.68755],[86.48344,20.6806],[86.48689,20.6793],[86.49036,20.6792],[86.49444,20.6806],[86.5,20.68444],[86.51051,20.68528],[86.51385,20.6863],[86.51563,20.69003],[86.51491,20.6959],[86.51619,20.69791],[86.51778,20.69865],[86.52034,20.69887],[86.52265,20.69782],[86.52569,20.69194],[86.52891,20.68888],[86.52995,20.68956],[86.52977,20.69267],[86.53069,20.6941],[86.53489,20.69386],[86.54134,20.69198],[86.54347,20.69197],[86.54549,20.693],[86.54807,20.70093],[86.55087,20.70419],[86.55843,20.70542],[86.55753,20.70715],[86.55369,20.70987],[86.55289,20.71351],[86.54972,20.71586],[86.54858,20.72069],[86.54913,20.72178],[86.55173,20.72327],[86.55199,20.72533],[86.55384,20.72863],[86.5563,20.72822],[86.557,20.72896],[86.5592,20.72659],[86.56114,20.72725],[86.55922,20.73116],[86.56219,20.73545],[86.56287,20.73851],[86.56216,20.73972],[86.55951,20.73735],[86.55795,20.73763],[86.55427,20.73557],[86.55363,20.7346],[86.55382,20.73265],[86.5515,20.73102],[86.54977,20.72846],[86.54612,20.72863],[86.54562,20.73067],[86.54775,20.73142],[86.54636,20.73405],[86.54458,20.73417],[86.54252,20.73247],[86.54046,20.73296],[86.54271,20.73531],[86.5451,20.73557],[86.54558,20.73673],[86.54162,20.74031],[86.5442,20.74822],[86.54378,20.75177],[86.54482,20.7525],[86.54675,20.75237],[86.54862,20.75362],[86.5518,20.75385],[86.55545,20.75613],[86.5592,20.7619],[86.56241,20.76184],[86.56313,20.76408],[86.56327,20.76917],[86.56659,20.77377],[86.57135,20.77432],[86.57533,20.77699],[86.57749,20.77593],[86.5815,20.77782],[86.58758,20.77734],[86.58855,20.77941],[86.59022,20.77892],[86.59044,20.77672],[86.59251,20.77672],[86.59612,20.77421],[86.60216,20.77144],[86.60629,20.77113],[86.60744,20.77263],[86.60845,20.7728],[86.60964,20.77126],[86.61114,20.77624],[86.61568,20.77399],[86.61871,20.77501],[86.61889,20.77655],[86.61576,20.77844],[86.61603,20.77998],[86.62162,20.77888],[86.62343,20.78047],[86.62307,20.78514],[86.62602,20.78905],[86.62637,20.79236],[86.62466,20.79478],[86.62024,20.79428],[86.62917,20.79727],[86.63171,20.7959],[86.63384,20.79173],[86.63531,20.79093],[86.63699,20.79218],[86.63842,20.79597],[86.63998,20.79672],[86.6408,20.79578],[86.64133,20.78986],[86.64249,20.788],[86.6441,20.78721],[86.64608,20.78859],[86.64758,20.79301],[86.64902,20.79443],[86.65302,20.79606],[86.65771,20.7963],[86.66347,20.79384],[86.66471,20.7919],[86.66566,20.7877],[86.67285,20.78954],[86.67883,20.78939],[86.68319,20.78422],[86.69241,20.78197],[86.69997,20.77625],[86.70665,20.7762],[86.70949,20.77522],[86.7113,20.77184],[86.711,20.76072],[86.71143,20.75951],[86.71268,20.75875],[86.72154,20.76142],[86.72859,20.76241],[86.73616,20.76861],[86.74992,20.76959],[86.75755,20.76846],[86.76071,20.76619],[86.76263,20.76253],[86.76266,20.75881],[86.76135,20.75504],[86.75682,20.74951],[86.75508,20.74582],[86.75511,20.74135],[86.75919,20.73546],[86.76265,20.73337],[86.76823,20.73267],[86.77036,20.73358],[86.77444,20.73764],[86.77775,20.73968],[86.78288,20.7404],[86.78612,20.73934],[86.78896,20.73741],[86.79488,20.73097],[86.7961,20.7331],[86.79949,20.7469],[86.79852,20.75086],[86.80011,20.75349],[86.80164,20.75462],[86.80435,20.75567],[86.80714,20.75523],[86.81043,20.75288],[86.81339,20.74942],[86.81621,20.74827],[86.82232,20.7432],[86.82381,20.74444],[86.82555,20.74972],[86.82854,20.75041],[86.82935,20.75146],[86.83171,20.75749],[86.83456,20.76122],[86.84898,20.76905],[86.86384,20.77471],[86.86769,20.78011],[86.86769,20.78067],[86.86613,20.78105],[86.86651,20.78204],[86.87322,20.78571],[86.87919,20.7872],[86.88845,20.78726],[86.90157,20.7854],[86.92108,20.78036],[86.93922,20.77955],[86.94575,20.77856],[86.95345,20.77503],[86.95329,20.77349],[86.95127,20.7725],[86.94462,20.77218],[86.94662,20.766],[86.96092,20.76616],[86.96741,20.76713],[86.97594,20.77075],[86.97927,20.77093],[86.98836,20.76961],[87.00782,20.76902],[87.01751,20.76545],[87.02471,20.76945],[87.03571,20.764],[87.04354,20.75812],[87.04185,20.75159],[87.04166,20.74268],[87.0424,20.73978],[87.04724,20.73033],[87.05232,20.72536],[87.05429,20.71916],[87.05792,20.71344],[87.03474,20.69966],[87.03179,20.69726],[87.02816,20.69269],[87.01888,20.68756],[87.00496,20.67761],[86.99902,20.67253],[86.97803,20.65932],[86.96599,20.65261],[86.95638,20.64527],[86.93077,20.62798],[86.92781,20.62767],[86.92413,20.62558],[86.91351,20.61802],[86.90922,20.61598],[86.87852,20.5956],[86.86325,20.58497],[86.85696,20.5793],[86.8419,20.5694],[86.81049,20.54564],[86.79138,20.53349],[86.77724,20.52031],[86.77187,20.51234],[86.76774,20.5033],[86.76135,20.49995],[86.75314,20.48306],[86.74752,20.46765],[86.74564,20.46569],[86.74373,20.46569],[86.74262,20.4708],[86.74097,20.46761],[86.73631,20.46407],[86.73405,20.45716],[86.73038,20.44032],[86.73509,20.42184],[86.73534,20.41449],[86.72927,20.39882],[86.72633,20.3946],[86.72621,20.39307],[86.72799,20.39246],[86.73087,20.39325],[86.73148,20.39313],[86.73154,20.39215],[86.73246,20.39227],[86.73356,20.39521],[86.73582,20.3957],[86.73698,20.39766],[86.74097,20.40054],[86.74323,20.39564],[86.73931,20.38964],[86.74292,20.39056],[86.74439,20.39007],[86.74757,20.39136],[86.74512,20.38371],[86.745,20.38021],[86.74909,20.38731],[86.75294,20.38743],[86.75212,20.38361],[86.74639,20.37822],[86.74812,20.37838],[86.75731,20.38475],[86.76373,20.3935],[86.77793,20.40519],[86.78394,20.38664],[86.78418,20.38254],[86.78259,20.37844],[86.78613,20.38107],[86.78719,20.3799],[86.78728,20.38127],[86.79028,20.3805],[86.78874,20.37833],[86.79141,20.37576],[86.79411,20.37919],[86.79802,20.3769],[86.79893,20.37561],[86.79697,20.37106],[86.79242,20.36563],[86.79176,20.36635],[86.79097,20.37489],[86.7835,20.36571],[86.78073,20.35915],[86.78042,20.35648],[86.78568,20.35915],[86.79314,20.36467],[86.79598,20.36908],[86.7997,20.36385],[86.79881,20.36238],[86.78355,20.34891],[86.77972,20.34443],[86.78412,20.34123],[86.78454,20.3395],[86.77342,20.32833],[86.7299,20.3001],[86.72559,20.29852],[86.71702,20.2969],[86.70446,20.2959],[86.69735,20.29632],[86.69247,20.29865],[86.68642,20.30991],[86.68305,20.31449],[86.67416,20.32126],[86.66426,20.32663],[86.64821,20.33253],[86.62726,20.33385],[86.62115,20.33491],[86.61277,20.3375],[86.60913,20.34118],[86.5942,20.33997],[86.58679,20.33644],[86.57623,20.33503],[86.56968,20.33171],[86.5621,20.32521],[86.55317,20.32293],[86.54576,20.32471],[86.53787,20.3307],[86.53188,20.33714],[86.52788,20.33883],[86.52145,20.3398],[86.52104,20.34057],[86.51562,20.33976],[86.51437,20.3373],[86.49995,20.32835],[86.49696,20.32839],[86.48838,20.33069],[86.47778,20.33657],[86.47549,20.33713],[86.4722,20.33707],[86.4691,20.33589],[86.46463,20.33105],[86.4565,20.33043],[86.45105,20.33198],[86.44379,20.33608],[86.43945,20.33589],[86.43473,20.33459],[86.43554,20.34364],[86.43722,20.34786],[86.43641,20.34761],[86.43368,20.34358],[86.43095,20.34178],[86.42841,20.34091],[86.42574,20.34141],[86.42438,20.34278],[86.42363,20.34507],[86.41885,20.34743],[86.41364,20.35115],[86.41352,20.35438],[86.41501,20.3576],[86.41339,20.35832],[86.40698,20.35721],[86.40305,20.35814],[86.39648,20.3642],[86.39406,20.364],[86.39135,20.36198],[86.39305,20.35567],[86.39127,20.3532],[86.38564,20.35344],[86.38248,20.35449],[86.3818,20.35615],[86.37637,20.35627],[86.37294,20.35773],[86.37039,20.35692],[86.36829,20.35502],[86.36678,20.35534],[86.36493,20.35708],[86.36234,20.35745],[86.36112,20.35571],[86.36295,20.35312],[86.36266,20.35122],[86.36104,20.3502],[86.35703,20.35016],[86.35125,20.35053],[86.35029,20.35487],[86.34788,20.35837],[86.34714,20.36115],[86.34404,20.36411],[86.34219,20.36485],[86.34117,20.36686],[86.33858,20.36882],[86.32963,20.36799],[86.32564,20.36617],[86.32533,20.36571],[86.32745,20.3653],[86.32902,20.36386],[86.32677,20.35688],[86.3217,20.35551],[86.32055,20.35336],[86.31756,20.35326],[86.3145,20.35715],[86.31402,20.36002],[86.31136,20.36117],[86.30861,20.35472],[86.30719,20.35378],[86.30148,20.35399],[86.29819,20.35855],[86.28889,20.36234],[86.28394,20.36096],[86.2798,20.36069],[86.2797,20.35656],[86.27467,20.35739],[86.27294,20.36106],[86.27541,20.36949],[86.26739,20.36944],[86.26453,20.36523],[86.25559,20.36469],[86.25149,20.36369],[86.24985,20.36625],[86.25078,20.36929],[86.24828,20.37073]]]]}},{"type":"Feature","properties":{"DISTRICT":"KEONJHAR","CODE":18},"geometry":{"type":"Polygon","coordinates":[[[85.18634,21.70808],[85.19287,21.72049],[85.19552,21.72299],[85.20002,21.72495],[85.20734,21.73291],[85.21513,21.7389],[85.21681,21.74642],[85.20909,21.74588],[85.20976,21.74713],[85.20855,21.74736],[85.20819,21.74862],[85.20643,21.74981],[85.20678,21.75221],[85.20245,21.76008],[85.20267,21.76155],[85.20462,21.76622],[85.20488,21.76912],[85.21191,21.77415],[85.21148,21.77955],[85.21317,21.78276],[85.21333,21.78568],[85.2169,21.79494],[85.21701,21.79735],[85.21957,21.8014],[85.2233,21.80533],[85.22425,21.80865],[85.22754,21.81289],[85.22882,21.81924],[85.23064,21.81931],[85.23283,21.81825],[85.23359,21.81251],[85.23965,21.80684],[85.24229,21.80472],[85.24551,21.80461],[85.24993,21.80979],[85.25666,21.81556],[85.26498,21.81723],[85.2704,21.81705],[85.2742,21.81823],[85.27602,21.82161],[85.2762,21.82381],[85.28345,21.83452],[85.28408,21.83308],[85.28508,21.83274],[85.28996,21.83434],[85.29359,21.83704],[85.299,21.8322],[85.29953,21.82559],[85.3026,21.8244],[85.30747,21.82413],[85.30964,21.82133],[85.31289,21.81895],[85.31451,21.81878],[85.32609,21.82307],[85.32989,21.82357],[85.33911,21.82321],[85.3443,21.82506],[85.34844,21.82826],[85.35016,21.83645],[85.35222,21.84069],[85.3586,21.84824],[85.36221,21.8549],[85.3621,21.85621],[85.36641,21.85885],[85.36635,21.86442],[85.36509,21.86937],[85.36637,21.87379],[85.36873,21.87623],[85.3683,21.88266],[85.37168,21.8916],[85.37098,21.8968],[85.37006,21.89812],[85.37356,21.89841],[85.3744,21.9005],[85.37625,21.90137],[85.37708,21.90279],[85.37688,21.90648],[85.37816,21.90948],[85.37536,21.91508],[85.37534,21.91687],[85.37894,21.92309],[85.37865,21.93303],[85.37806,21.93542],[85.3749,21.93886],[85.36975,21.94184],[85.36705,21.94178],[85.36332,21.94049],[85.3587,21.94029],[85.35493,21.94097],[85.35079,21.94506],[85.35178,21.94718],[85.35139,21.94816],[85.35052,21.94754],[85.34942,21.94888],[85.34625,21.94728],[85.34488,21.94817],[85.34354,21.948],[85.34335,21.94936],[85.34169,21.95047],[85.33913,21.9511],[85.33768,21.95035],[85.3373,21.95198],[85.33234,21.9515],[85.32854,21.95179],[85.32705,21.95283],[85.32436,21.95267],[85.31907,21.95658],[85.31564,21.9577],[85.31145,21.95767],[85.30463,21.95449],[85.30129,21.95148],[85.28638,21.95321],[85.28035,21.95765],[85.27438,21.95942],[85.27339,21.96309],[85.26908,21.96656],[85.26749,21.97089],[85.2677,21.97302],[85.26675,21.97429],[85.24562,21.98596],[85.24156,21.99023],[85.23314,21.99555],[85.23454,21.99999],[85.24174,22.00833],[85.24302,22.01178],[85.24638,22.01418],[85.25198,22.02469],[85.25408,22.02649],[85.26241,22.04676],[85.26281,22.05049],[85.26517,22.05729],[85.27042,22.06369],[85.27374,22.07149],[85.27571,22.07315],[85.27708,22.08034],[85.27912,22.08356],[85.28394,22.08949],[85.30331,22.10579],[85.30624,22.11101],[85.31152,22.1164],[85.31496,22.11864],[85.32033,22.1192],[85.32195,22.12069],[85.32481,22.1257],[85.32963,22.12717],[85.33743,22.12565],[85.34261,22.12659],[85.34525,22.12628],[85.34673,22.12709],[85.34753,22.12866],[85.35038,22.12878],[85.35315,22.12806],[85.35912,22.12365],[85.36252,22.12241],[85.36593,22.12226],[85.36703,22.12323],[85.36732,22.12691],[85.36683,22.12784],[85.36373,22.12878],[85.36289,22.12994],[85.36393,22.13894],[85.36206,22.14181],[85.36277,22.14382],[85.36546,22.1461],[85.36587,22.15061],[85.36877,22.15183],[85.36741,22.15487],[85.36776,22.15714],[85.37344,22.15959],[85.37616,22.15663],[85.37798,22.15567],[85.38634,22.15499],[85.39452,22.15792],[85.39746,22.16101],[85.40009,22.16197],[85.40354,22.16096],[85.41369,22.16076],[85.42045,22.15751],[85.42346,22.1576],[85.43626,22.15011],[85.44156,22.14889],[85.44473,22.14579],[85.44909,22.14552],[85.45829,22.14059],[85.46347,22.13934],[85.47341,22.13252],[85.47706,22.12799],[85.48664,22.12585],[85.4894,22.12216],[85.49217,22.11998],[85.49623,22.11893],[85.50175,22.11864],[85.51389,22.11477],[85.51797,22.11444],[85.51998,22.1124],[85.5299,22.10737],[85.53577,22.10159],[85.5416,22.10094],[85.54259,22.0926],[85.54408,22.09049],[85.5475,22.09083],[85.55403,22.09355],[85.56157,22.09554],[85.56258,22.09451],[85.56381,22.09096],[85.56672,22.08967],[85.56758,22.08851],[85.57211,22.0913],[85.57438,22.09141],[85.57874,22.08886],[85.58392,22.08757],[85.58669,22.08474],[85.58823,22.08524],[85.59101,22.08415],[85.59328,22.08171],[85.5938,22.07969],[85.60018,22.07732],[85.6012,22.07881],[85.60896,22.0801],[85.61184,22.0851],[85.61376,22.08607],[85.61583,22.08524],[85.61473,22.08188],[85.61636,22.08068],[85.62323,22.08179],[85.62677,22.08086],[85.62981,22.08448],[85.63414,22.08288],[85.63679,22.08542],[85.64243,22.08725],[85.64713,22.09411],[85.65169,22.09533],[85.6543,22.09431],[85.65753,22.09072],[85.65851,22.08398],[85.65922,22.083],[85.66401,22.08183],[85.66501,22.07691],[85.66808,22.07412],[85.67204,22.0726],[85.67462,22.06581],[85.68052,22.06161],[85.67923,22.05644],[85.67683,22.0541],[85.675,22.0507],[85.6751,22.04802],[85.67665,22.04415],[85.67638,22.04181],[85.67497,22.04041],[85.66829,22.03817],[85.66451,22.03311],[85.66605,22.03048],[85.66708,22.02521],[85.67001,22.01843],[85.67111,22.0132],[85.67607,22.01323],[85.68177,22.0092],[85.68653,22.00683],[85.6889,22.00678],[85.69234,22.0089],[85.69423,22.00904],[85.70443,22.0042],[85.70483,21.99925],[85.69969,21.99283],[85.70119,21.99019],[85.70911,21.98421],[85.71865,21.98782],[85.72826,21.98842],[85.73046,21.98939],[85.73385,21.99266],[85.73698,21.9931],[85.74046,21.9924],[85.74841,21.98736],[85.7491,21.98472],[85.74768,21.98039],[85.74962,21.97693],[85.75571,21.97642],[85.76117,21.97284],[85.76497,21.97373],[85.76752,21.97309],[85.76887,21.97111],[85.76856,21.96867],[85.7691,21.96791],[85.77406,21.96468],[85.77801,21.95878],[85.77982,21.95833],[85.78661,21.96044],[85.79586,21.95089],[85.79466,21.94458],[85.79652,21.93144],[85.79455,21.9192],[85.79067,21.91003],[85.79002,21.90339],[85.79016,21.90242],[85.79205,21.90078],[85.79602,21.89863],[85.80246,21.89138],[85.80618,21.88899],[85.80717,21.88706],[85.80671,21.88374],[85.8027,21.87758],[85.80229,21.87561],[85.80499,21.87067],[85.80547,21.86173],[85.81117,21.85096],[85.81067,21.84497],[85.81143,21.8394],[85.80818,21.83376],[85.80757,21.82973],[85.80872,21.82496],[85.81144,21.81932],[85.81092,21.81232],[85.81187,21.81048],[85.81653,21.80975],[85.81966,21.80697],[85.82584,21.80635],[85.82751,21.80254],[85.83034,21.80434],[85.83273,21.80836],[85.83894,21.80879],[85.84095,21.8096],[85.84662,21.80487],[85.84795,21.8026],[85.85719,21.80145],[85.85933,21.79969],[85.86185,21.79961],[85.86272,21.797],[85.86601,21.7952],[85.86828,21.79516],[85.87025,21.79627],[85.87517,21.79486],[85.87723,21.79323],[85.88107,21.79203],[85.88437,21.78993],[85.88752,21.78208],[85.89291,21.78212],[85.89458,21.78105],[85.89646,21.77711],[85.90154,21.7714],[85.90347,21.77033],[85.90359,21.76947],[85.90183,21.76674],[85.90218,21.76605],[85.90685,21.76596],[85.9101,21.76952],[85.91142,21.76982],[85.91313,21.76746],[85.91369,21.76421],[85.91532,21.76404],[85.91829,21.762],[85.91949,21.75952],[85.92165,21.76244],[85.92745,21.76284],[85.934,21.76132],[85.93832,21.76256],[85.94213,21.7582],[85.94282,21.75584],[85.94881,21.75306],[85.94975,21.752],[85.95012,21.7498],[85.95371,21.75083],[85.95348,21.74795],[85.95487,21.7471],[85.95853,21.74822],[85.96045,21.74618],[85.96099,21.74445],[85.96384,21.74401],[85.9653,21.74131],[85.96796,21.73916],[85.9688,21.73962],[85.96965,21.74212],[85.97077,21.74227],[85.97315,21.73881],[85.97466,21.73993],[85.97627,21.74273],[85.97693,21.73981],[85.97885,21.73902],[85.98216,21.74326],[85.98593,21.74583],[85.98957,21.7469],[85.9919,21.74602],[85.99455,21.74832],[85.99609,21.7472],[85.99725,21.74279],[86.001,21.74515],[86.00314,21.74417],[86.00317,21.74492],[86.00135,21.74575],[86.00115,21.74663],[86.00481,21.74886],[86.00722,21.74516],[86.00832,21.74474],[86.00891,21.74553],[86.00837,21.7467],[86.01153,21.74636],[86.01365,21.75031],[86.01623,21.75033],[86.01713,21.74879],[86.01748,21.74632],[86.01695,21.74601],[86.01815,21.74564],[86.01705,21.74468],[86.01875,21.74104],[86.02074,21.74025],[86.02003,21.72911],[86.02421,21.7246],[86.02824,21.72392],[86.02714,21.71562],[86.02762,21.71165],[86.02531,21.70671],[86.02756,21.69891],[86.02652,21.69742],[86.0265,21.69598],[86.0305,21.69249],[86.03374,21.69052],[86.03807,21.69373],[86.0394,21.70086],[86.04107,21.70474],[86.04446,21.70664],[86.05032,21.71423],[86.051,21.71791],[86.05273,21.71287],[86.05338,21.70774],[86.05608,21.70807],[86.05812,21.70467],[86.05826,21.70201],[86.05689,21.6981],[86.05945,21.69268],[86.06684,21.68788],[86.07249,21.68874],[86.07367,21.69185],[86.07371,21.69441],[86.07517,21.69522],[86.0775,21.695],[86.07819,21.69388],[86.08018,21.69477],[86.08114,21.69315],[86.0845,21.69132],[86.08349,21.68514],[86.07931,21.67943],[86.07798,21.67299],[86.07507,21.67066],[86.07363,21.66066],[86.0755,21.65869],[86.07515,21.65358],[86.07563,21.65208],[86.0743,21.64967],[86.07567,21.64572],[86.07504,21.64436],[86.08015,21.63902],[86.08208,21.63529],[86.08095,21.63214],[86.08092,21.6288],[86.07896,21.6271],[86.07841,21.62503],[86.07415,21.62353],[86.07323,21.61719],[86.06815,21.61342],[86.06899,21.611],[86.07069,21.60904],[86.07036,21.60819],[86.06759,21.6071],[86.06483,21.60403],[86.06097,21.60212],[86.05814,21.59711],[86.05273,21.59422],[86.05146,21.59027],[86.05333,21.58948],[86.0536,21.58685],[86.05273,21.58547],[86.05042,21.58533],[86.05131,21.58193],[86.0489,21.57695],[86.04742,21.57597],[86.0433,21.57569],[86.04059,21.57321],[86.03734,21.57163],[86.03491,21.5717],[86.03295,21.57077],[86.02987,21.57108],[86.02837,21.56831],[86.02537,21.56515],[86.02264,21.564],[86.02102,21.5614],[86.01871,21.56079],[86.01929,21.55647],[86.02121,21.55293],[86.02121,21.54931],[86.01878,21.5492],[86.01305,21.54218],[86.00862,21.53355],[86.02099,21.52687],[86.03652,21.52156],[86.0509,21.51435],[86.05805,21.5096],[86.06337,21.50757],[86.07093,21.50257],[86.07854,21.50075],[86.08419,21.49814],[86.08999,21.4978],[86.09232,21.49697],[86.12269,21.47763],[86.12792,21.47278],[86.13156,21.47059],[86.13377,21.46576],[86.1372,21.46307],[86.13729,21.45546],[86.13949,21.45405],[86.13985,21.4521],[86.14233,21.4513],[86.14517,21.44788],[86.14854,21.44685],[86.14833,21.44581],[86.15017,21.44189],[86.1524,21.4414],[86.15617,21.4367],[86.16073,21.42569],[86.16244,21.42366],[86.16485,21.42336],[86.16171,21.41968],[86.15697,21.41215],[86.15266,21.41025],[86.13843,21.40077],[86.13562,21.39369],[86.13174,21.38733],[86.13125,21.38326],[86.12643,21.37944],[86.12514,21.37581],[86.1222,21.37151],[86.12245,21.36781],[86.12547,21.36447],[86.12446,21.36179],[86.12546,21.36008],[86.12526,21.35867],[86.11938,21.35705],[86.1154,21.35457],[86.11259,21.35374],[86.10748,21.35011],[86.10731,21.34897],[86.11104,21.34529],[86.11147,21.33969],[86.11106,21.33687],[86.10693,21.32938],[86.10739,21.32557],[86.10555,21.32569],[86.10439,21.32318],[86.09915,21.32313],[86.09959,21.31985],[86.09811,21.31712],[86.09247,21.31301],[86.09164,21.31164],[86.09167,21.31077],[86.09441,21.31237],[86.09541,21.30858],[86.09925,21.30547],[86.10513,21.30541],[86.10971,21.30443],[86.1081,21.30011],[86.10955,21.2953],[86.11225,21.29518],[86.11147,21.29321],[86.11316,21.28875],[86.11573,21.28701],[86.11548,21.28495],[86.11698,21.28326],[86.1164,21.28155],[86.11665,21.27857],[86.11579,21.27687],[86.11669,21.27373],[86.1194,21.27318],[86.12512,21.27007],[86.12673,21.27],[86.12722,21.26738],[86.12995,21.26794],[86.13183,21.26666],[86.13303,21.26462],[86.13826,21.26564],[86.1384,21.28126],[86.14205,21.27786],[86.14465,21.27809],[86.15186,21.28696],[86.15702,21.29164],[86.15997,21.29285],[86.16232,21.29243],[86.16199,21.2852],[86.16393,21.28308],[86.17746,21.27587],[86.18736,21.27357],[86.18999,21.27078],[86.19145,21.27122],[86.1937,21.27336],[86.19696,21.27382],[86.20168,21.27991],[86.20782,21.28003],[86.2085,21.28103],[86.208,21.28226],[86.20921,21.28673],[86.21083,21.28856],[86.21373,21.28942],[86.215,21.29066],[86.21571,21.29488],[86.21654,21.29579],[86.21793,21.29593],[86.21935,21.29803],[86.21891,21.30129],[86.22071,21.30462],[86.22055,21.30801],[86.22133,21.30972],[86.22065,21.31271],[86.22546,21.31669],[86.22615,21.3192],[86.22594,21.32342],[86.23974,21.33151],[86.25121,21.34456],[86.25204,21.34941],[86.25691,21.35248],[86.2645,21.35916],[86.2666,21.35967],[86.26747,21.36064],[86.26984,21.36608],[86.27047,21.37021],[86.26869,21.37487],[86.26652,21.37814],[86.26913,21.37939],[86.27837,21.37903],[86.28726,21.37417],[86.28756,21.37094],[86.2891,21.36645],[86.29752,21.35495],[86.31546,21.34806],[86.3285,21.34186],[86.34053,21.33298],[86.3462,21.32689],[86.35694,21.32063],[86.35853,21.31553],[86.36091,21.31196],[86.36127,21.30587],[86.36005,21.29799],[86.35535,21.28578],[86.35532,21.28281],[86.35848,21.27426],[86.36291,21.26906],[86.36236,21.26495],[86.372,21.26296],[86.37446,21.25746],[86.37349,21.25376],[86.37344,21.25009],[86.37215,21.247],[86.37204,21.24137],[86.37026,21.23983],[86.36622,21.23813],[86.36649,21.2372],[86.36582,21.23693],[86.35764,21.23673],[86.35215,21.23482],[86.35333,21.23222],[86.35294,21.23117],[86.35404,21.22398],[86.35501,21.22233],[86.35426,21.22114],[86.35549,21.21934],[86.35483,21.21273],[86.35575,21.21025],[86.35243,21.20433],[86.35104,21.19856],[86.35115,21.196],[86.34985,21.19396],[86.35033,21.19157],[86.34684,21.19169],[86.34579,21.19026],[86.34224,21.18902],[86.34402,21.18624],[86.34063,21.17994],[86.34079,21.17913],[86.33207,21.17979],[86.3306,21.17705],[86.32566,21.17529],[86.3275,21.17892],[86.32244,21.18072],[86.32111,21.17865],[86.3223,21.17567],[86.3217,21.17458],[86.32064,21.17402],[86.31912,21.17454],[86.31239,21.16928],[86.30663,21.16908],[86.30668,21.17323],[86.30202,21.17531],[86.30003,21.17409],[86.2931,21.17526],[86.29204,21.17148],[86.28765,21.16985],[86.28442,21.1663],[86.28392,21.16497],[86.28511,21.16151],[86.27586,21.15151],[86.27462,21.14823],[86.2755,21.14537],[86.27326,21.14031],[86.27544,21.13824],[86.28227,21.13796],[86.28674,21.13514],[86.29375,21.12505],[86.2936,21.12154],[86.29008,21.11998],[86.29057,21.11851],[86.29137,21.11825],[86.29339,21.11938],[86.30285,21.11708],[86.31066,21.11241],[86.30511,21.10397],[86.30675,21.10211],[86.3053,21.09935],[86.31007,21.0963],[86.30707,21.09161],[86.30763,21.0906],[86.30735,21.08766],[86.30978,21.08696],[86.31039,21.08559],[86.31262,21.08518],[86.31327,21.08311],[86.31419,21.0824],[86.31767,21.08252],[86.31927,21.08087],[86.31934,21.07812],[86.32018,21.07689],[86.31866,21.07546],[86.32115,21.07595],[86.32008,21.07434],[86.32166,21.07219],[86.32021,21.06901],[86.32113,21.0683],[86.32371,21.06832],[86.32612,21.06362],[86.32457,21.06317],[86.32634,21.05868],[86.32358,21.05697],[86.32269,21.05398],[86.31579,21.05848],[86.31448,21.05734],[86.31321,21.04456],[86.31144,21.0413],[86.3113,21.03893],[86.30521,21.02305],[86.30683,21.02273],[86.306,21.01855],[86.3018,21.01874],[86.29549,21.0213],[86.28877,21.02265],[86.28394,21.02158],[86.26912,21.03476],[86.26023,21.03963],[86.25322,21.04025],[86.24187,21.03878],[86.23585,21.03926],[86.22948,21.04337],[86.22313,21.05061],[86.21552,21.05496],[86.20687,21.05763],[86.20073,21.05751],[86.19865,21.05576],[86.19218,21.05605],[86.17706,21.06209],[86.15807,21.06535],[86.15421,21.06956],[86.13748,21.07557],[86.1327,21.06651],[86.12491,21.06803],[86.12074,21.06812],[86.11866,21.06627],[86.11438,21.05717],[86.11095,21.05614],[86.10909,21.05837],[86.10678,21.05614],[86.10516,21.05676],[86.09938,21.05481],[86.09856,21.05391],[86.09591,21.05382],[86.0917,21.0437],[86.09344,21.04329],[86.09252,21.04139],[86.09305,21.03606],[86.08914,21.02475],[86.09062,21.0229],[86.09079,21.0213],[86.0898,21.01875],[86.08479,21.01768],[86.08511,21.01395],[86.07704,21.01506],[86.05776,21.02366],[86.05743,21.02222],[86.05627,21.02218],[86.05652,21.01987],[86.05419,21.02081],[86.05233,21.02024],[86.05204,21.02189],[86.05043,21.02127],[86.05022,21.02259],[86.04894,21.02259],[86.04766,21.02387],[86.04417,21.03102],[86.04318,21.03135],[86.04285,21.03449],[86.04033,21.03668],[86.03844,21.04065],[86.03873,21.04292],[86.03638,21.04593],[86.03688,21.0482],[86.03485,21.05163],[86.03584,21.05267],[86.0356,21.05589],[86.03651,21.05618],[86.03704,21.05519],[86.03799,21.05556],[86.0387,21.05502],[86.04004,21.05837],[86.03773,21.05936],[86.0357,21.06159],[86.03574,21.06291],[86.03484,21.06316],[86.03508,21.06572],[86.03306,21.0675],[86.0338,21.06944],[86.03273,21.06973],[86.0319,21.06907],[86.02969,21.07101],[86.0304,21.07464],[86.03172,21.07551],[86.03217,21.077],[86.03279,21.0813],[86.0318,21.08262],[86.0345,21.08547],[86.03409,21.08666],[86.03487,21.08766],[86.03537,21.09084],[86.03479,21.09286],[86.03562,21.09443],[86.03735,21.09402],[86.03849,21.09625],[86.04291,21.09827],[86.0446,21.09819],[86.04646,21.09976],[86.04845,21.09964],[86.05026,21.10207],[86.05043,21.10653],[86.05158,21.10827],[86.05181,21.11211],[86.0535,21.11686],[86.06415,21.12298],[86.0729,21.12975],[86.0772,21.13091],[86.07716,21.13909],[86.07811,21.1443],[86.07677,21.14908],[86.07675,21.15479],[86.07887,21.15803],[86.08181,21.16023],[86.08287,21.16355],[86.08418,21.16263],[86.08813,21.16318],[86.09165,21.16565],[86.09197,21.16658],[86.09049,21.16796],[86.08408,21.16926],[86.08177,21.16925],[86.0803,21.16809],[86.07893,21.16598],[86.07942,21.16444],[86.07903,21.16212],[86.07607,21.16165],[86.07195,21.16396],[86.06982,21.1638],[86.06867,21.16271],[86.06712,21.15901],[86.06821,21.15454],[86.06642,21.15191],[86.06017,21.15251],[86.05334,21.15712],[86.05292,21.15959],[86.05111,21.15974],[86.04691,21.15672],[86.04461,21.15672],[86.04198,21.15794],[86.04032,21.16033],[86.03835,21.15971],[86.03478,21.14944],[86.03101,21.14882],[86.02962,21.14789],[86.02987,21.14557],[86.03314,21.1431],[86.03048,21.13871],[86.02654,21.13854],[86.02275,21.13993],[86.0224,21.14409],[86.02126,21.14424],[86.01782,21.14158],[86.01331,21.1401],[86.01305,21.14273],[86.00927,21.14495],[86.00452,21.14109],[86.00074,21.14069],[85.99909,21.14177],[85.99548,21.14168],[85.99467,21.13782],[85.98533,21.13525],[85.98351,21.13602],[85.97856,21.14226],[85.97725,21.14194],[85.97152,21.13684],[85.96774,21.13583],[85.96527,21.13721],[85.96394,21.13975],[85.96182,21.13666],[85.96446,21.13405],[85.96546,21.13204],[85.96481,21.13066],[85.96333,21.12949],[85.96135,21.13288],[85.96053,21.13303],[85.96037,21.13111],[85.95906,21.12971],[85.95151,21.12808],[85.94954,21.12869],[85.94936,21.13085],[85.94624,21.13169],[85.94411,21.12999],[85.94086,21.12937],[85.94044,21.12868],[85.93826,21.13397],[85.93666,21.13457],[85.93153,21.13455],[85.93177,21.13118],[85.93066,21.12266],[85.91901,21.092],[85.90955,21.08945],[85.90311,21.08918],[85.88926,21.08515],[85.8801,21.08656],[85.87681,21.08456],[85.86393,21.08695],[85.85509,21.09291],[85.84949,21.09464],[85.84594,21.09425],[85.8379,21.09515],[85.83016,21.08922],[85.82425,21.08967],[85.81408,21.09298],[85.8122,21.09608],[85.812,21.09965],[85.80863,21.10572],[85.80416,21.10499],[85.79938,21.10291],[85.79556,21.10472],[85.79271,21.1048],[85.79022,21.10399],[85.78621,21.10018],[85.78179,21.10156],[85.78085,21.10066],[85.778,21.10423],[85.7746,21.10392],[85.77389,21.10446],[85.77288,21.10709],[85.7729,21.11329],[85.76812,21.11428],[85.7673,21.11778],[85.76857,21.12501],[85.76453,21.1346],[85.76348,21.14407],[85.75661,21.14733],[85.75314,21.14812],[85.74795,21.14655],[85.74068,21.138],[85.73566,21.13779],[85.7316,21.13943],[85.72905,21.14135],[85.72211,21.15863],[85.72054,21.16086],[85.71201,21.16549],[85.70765,21.1693],[85.70598,21.17421],[85.7095,21.1807],[85.70338,21.18246],[85.69282,21.17912],[85.68521,21.18599],[85.67177,21.16985],[85.66537,21.16577],[85.65759,21.16392],[85.64618,21.16559],[85.64404,21.16531],[85.62782,21.16002],[85.61845,21.14408],[85.60974,21.13601],[85.60297,21.13629],[85.59499,21.13768],[85.59249,21.14204],[85.58749,21.14361],[85.56356,21.1578],[85.55346,21.16123],[85.5479,21.1667],[85.53558,21.15063],[85.53283,21.14555],[85.5155,21.12813],[85.50029,21.1146],[85.47664,21.12027],[85.47512,21.12048],[85.47317,21.11969],[85.46986,21.12347],[85.46812,21.1228],[85.46629,21.12333],[85.46114,21.12762],[85.45506,21.13562],[85.44559,21.14248],[85.44078,21.14832],[85.43261,21.15551],[85.4268,21.15925],[85.42389,21.16378],[85.41796,21.16669],[85.41167,21.17176],[85.40101,21.1778],[85.38716,21.19194],[85.38168,21.19949],[85.38327,21.20225],[85.38201,21.211],[85.38325,21.21428],[85.38056,21.21723],[85.37564,21.228],[85.37235,21.23314],[85.3676,21.23856],[85.35754,21.24751],[85.34226,21.25506],[85.34042,21.25781],[85.32316,21.261],[85.31593,21.26306],[85.30992,21.26719],[85.30839,21.2696],[85.30379,21.27045],[85.29895,21.27516],[85.29693,21.27561],[85.29265,21.26825],[85.28984,21.26566],[85.28886,21.26335],[85.28452,21.26363],[85.28169,21.26489],[85.27747,21.26822],[85.27618,21.27086],[85.27232,21.2739],[85.27353,21.28218],[85.27781,21.28512],[85.2764,21.28961],[85.27835,21.29306],[85.27743,21.29513],[85.27418,21.29771],[85.27332,21.30024],[85.27411,21.30202],[85.27576,21.30335],[85.27735,21.30352],[85.28428,21.29865],[85.28795,21.3044],[85.29315,21.30625],[85.29603,21.30655],[85.29836,21.30804],[85.29897,21.30983],[85.29877,21.31667],[85.30579,21.31678],[85.30905,21.32111],[85.3129,21.32365],[85.31749,21.32924],[85.31872,21.32797],[85.31982,21.32866],[85.32326,21.3243],[85.32289,21.32338],[85.32417,21.32321],[85.32277,21.3212],[85.32491,21.32091],[85.32455,21.3185],[85.32547,21.3185],[85.33072,21.32702],[85.33157,21.33455],[85.33309,21.33927],[85.33272,21.34548],[85.33339,21.34651],[85.33731,21.34709],[85.33798,21.34784],[85.33694,21.3506],[85.33823,21.35106],[85.33908,21.35302],[85.33804,21.35342],[85.33779,21.35566],[85.33895,21.35704],[85.34036,21.35641],[85.3414,21.35687],[85.34219,21.35889],[85.33974,21.35923],[85.34035,21.36113],[85.34195,21.3605],[85.34194,21.36188],[85.34323,21.36246],[85.34305,21.36378],[85.3447,21.36533],[85.34371,21.36671],[85.34274,21.36642],[85.34292,21.36769],[85.342,21.36763],[85.34065,21.36952],[85.33826,21.37032],[85.33703,21.37325],[85.33225,21.37623],[85.33225,21.37715],[85.33347,21.37773],[85.33231,21.37819],[85.33237,21.37968],[85.3312,21.38031],[85.33175,21.38394],[85.33052,21.38451],[85.32917,21.38767],[85.32813,21.38773],[85.32844,21.38968],[85.32372,21.38921],[85.3133,21.39391],[85.30711,21.39557],[85.30962,21.40011],[85.30974,21.4027],[85.30894,21.40667],[85.30642,21.40994],[85.3085,21.41184],[85.305,21.41563],[85.29979,21.41919],[85.28606,21.42296],[85.28429,21.42635],[85.27454,21.42731],[85.27252,21.43069],[85.27006,21.43897],[85.26828,21.44052],[85.26105,21.44327],[85.26049,21.44729],[85.25712,21.45056],[85.25828,21.45166],[85.25944,21.45568],[85.26507,21.45661],[85.26906,21.45386],[85.27169,21.45599],[85.27831,21.4529],[85.28247,21.45227],[85.2889,21.45378],[85.29001,21.45142],[85.29203,21.44959],[85.29332,21.44907],[85.29565,21.44971],[85.29957,21.44793],[85.30086,21.44661],[85.30239,21.44684],[85.30367,21.44828],[85.30572,21.44788],[85.30766,21.44937],[85.31025,21.45351],[85.31123,21.45675],[85.312,21.45682],[85.31051,21.46096],[85.31375,21.46155],[85.31446,21.46342],[85.31543,21.46401],[85.3166,21.46349],[85.32081,21.46485],[85.3223,21.46414],[85.3232,21.46452],[85.32606,21.47022],[85.328,21.47107],[85.32916,21.4699],[85.32994,21.47055],[85.33065,21.47288],[85.32838,21.4732],[85.32858,21.47411],[85.32955,21.47631],[85.33111,21.47553],[85.33201,21.47631],[85.33298,21.48059],[85.33402,21.48046],[85.33441,21.48149],[85.33344,21.48402],[85.33402,21.48499],[85.33205,21.4861],[85.33002,21.4892],[85.33125,21.49122],[85.33038,21.49317],[85.33265,21.49461],[85.33074,21.49714],[85.32988,21.49984],[85.33125,21.50395],[85.32946,21.50646],[85.3306,21.50911],[85.32901,21.51059],[85.32814,21.51288],[85.32862,21.51409],[85.32714,21.51563],[85.32645,21.51798],[85.32284,21.51968],[85.32343,21.52203],[85.32191,21.53063],[85.32258,21.53264],[85.32349,21.53328],[85.32294,21.53431],[85.31944,21.53458],[85.31199,21.5327],[85.3098,21.53096],[85.30466,21.53064],[85.30494,21.53581],[85.30676,21.53909],[85.30301,21.54085],[85.30072,21.54497],[85.30209,21.55313],[85.30409,21.5552],[85.30953,21.5561],[85.30891,21.55856],[85.31072,21.56121],[85.31101,21.56443],[85.31327,21.5657],[85.31454,21.56738],[85.31448,21.56841],[85.3138,21.56909],[85.31117,21.5681],[85.30854,21.56832],[85.30868,21.56648],[85.30513,21.56623],[85.30541,21.57059],[85.30247,21.57224],[85.30038,21.57194],[85.29787,21.57319],[85.29719,21.57514],[85.29609,21.5753],[85.29135,21.58004],[85.29152,21.58199],[85.28839,21.58364],[85.28825,21.58777],[85.28499,21.59102],[85.28527,21.59561],[85.29406,21.59842],[85.29399,21.59962],[85.29073,21.60426],[85.28529,21.60158],[85.28466,21.60531],[85.28104,21.60741],[85.27689,21.61657],[85.26885,21.62215],[85.26748,21.62691],[85.26439,21.6324],[85.26498,21.63568],[85.26783,21.64069],[85.26296,21.64778],[85.26027,21.64908],[85.25989,21.65166],[85.25719,21.65176],[85.2548,21.66484],[85.25493,21.67454],[85.25278,21.67539],[85.25057,21.67773],[85.24825,21.6776],[85.24554,21.67862],[85.24295,21.67825],[85.23872,21.67615],[85.22814,21.67624],[85.2244,21.67466],[85.22171,21.67251],[85.21973,21.67284],[85.21806,21.67449],[85.2116,21.67455],[85.20904,21.67149],[85.20634,21.66285],[85.2039,21.66007],[85.20071,21.65884],[85.19313,21.66004],[85.19286,21.6643],[85.1887,21.67514],[85.18855,21.67826],[85.18897,21.681],[85.19295,21.68296],[85.19466,21.68691],[85.19428,21.69205],[85.19479,21.69569],[85.19148,21.6992],[85.18997,21.70533],[85.18634,21.70808]]]}},{"type":"Feature","properties":{"DISTRICT":"KHURDA","CODE":19},"geometry":{"type":"Polygon","coordinates":[[[84.93713,19.8744],[84.94202,19.89659],[84.94473,19.89675],[84.95039,19.89977],[84.95482,19.90032],[84.96064,19.89954],[84.96499,19.90125],[84.9667,19.90047],[84.97694,19.9035],[85.00014,19.9003],[85.00069,19.90078],[85.00674,19.89884],[85.02125,19.90443],[85.02849,19.90049],[85.03362,19.90508],[85.04403,19.90939],[85.05201,19.91428],[85.05733,19.91279],[85.05843,19.91314],[85.0626,19.91561],[85.06919,19.91728],[85.07561,19.91993],[85.07929,19.91999],[85.08286,19.92097],[85.09097,19.92431],[85.09599,19.92844],[85.10004,19.9296],[85.1038,19.93052],[85.11959,19.93157],[85.12494,19.93312],[85.13378,19.92585],[85.13898,19.92422],[85.14262,19.92204],[85.16055,19.90831],[85.16234,19.90637],[85.16296,19.90443],[85.16499,19.9032],[85.16875,19.90292],[85.17153,19.90367],[85.18388,19.90977],[85.18545,19.90662],[85.18902,19.90737],[85.1935,19.90697],[85.20179,19.9079],[85.20869,19.91112],[85.21159,19.9117],[85.21928,19.91114],[85.22163,19.90845],[85.22363,19.90896],[85.22508,19.91114],[85.23779,19.90692],[85.24124,19.90687],[85.24378,19.90515],[85.24844,19.90556],[85.25961,19.90977],[85.26896,19.91222],[85.26844,19.913],[85.26889,19.9159],[85.27289,19.91616],[85.27534,19.91512],[85.27612,19.91397],[85.28043,19.91429],[85.29063,19.9219],[85.30269,19.92222],[85.30662,19.92667],[85.3121,19.92364],[85.31281,19.92525],[85.31713,19.92512],[85.3192,19.92428],[85.32565,19.92532],[85.32829,19.92435],[85.33055,19.92486],[85.33171,19.9277],[85.33067,19.9297],[85.34267,19.93989],[85.3517,19.94228],[85.35306,19.94324],[85.35583,19.95092],[85.36066,19.95543],[85.36234,19.95621],[85.37176,19.95318],[85.37254,19.95144],[85.37486,19.95002],[85.38066,19.95137],[85.3844,19.95105],[85.38447,19.94125],[85.38505,19.94021],[85.38679,19.93905],[85.39594,19.94021],[85.40157,19.93177],[85.4082,19.92815],[85.41045,19.92777],[85.41045,19.92725],[85.41123,19.92764],[85.41381,19.92693],[85.41768,19.92789],[85.41942,19.92415],[85.42026,19.9237],[85.42194,19.93357],[85.42355,19.93557],[85.42419,19.93822],[85.42722,19.93686],[85.42909,19.93944],[85.43706,19.93896],[85.4408,19.94526],[85.44124,19.94854],[85.44237,19.95062],[85.44815,19.95804],[85.45403,19.9627],[85.45592,19.96628],[85.45677,19.97152],[85.45528,19.97374],[85.45512,19.97666],[85.45244,19.98181],[85.45251,19.98284],[85.45012,19.98406],[85.44631,19.98845],[85.44418,19.98865],[85.4418,19.9902],[85.44167,19.99316],[85.44064,19.99174],[85.43974,19.99588],[85.43277,19.99368],[85.4329,19.99278],[85.42509,19.99271],[85.4211,19.99381],[85.41684,19.99381],[85.41807,19.99794],[85.41772,20.00296],[85.41932,20.00366],[85.42341,20.00206],[85.42655,20.00415],[85.428,20.01009],[85.43129,20.01134],[85.43359,20.01413],[85.43578,20.02102],[85.43733,20.02276],[85.43808,20.02795],[85.43259,20.0281],[85.42755,20.02446],[85.42551,20.02551],[85.42331,20.02451],[85.41708,20.02471],[85.41618,20.02705],[85.41753,20.0293],[85.41738,20.03206],[85.41588,20.03324],[85.41183,20.03204],[85.41119,20.03319],[85.41024,20.03284],[85.40954,20.03105],[85.40865,20.03105],[85.40575,20.03394],[85.4035,20.03369],[85.40186,20.03514],[85.40161,20.03723],[85.39977,20.03683],[85.39912,20.03822],[85.39956,20.04087],[85.39667,20.04117],[85.39647,20.04172],[85.39867,20.04327],[85.39796,20.04611],[85.39562,20.04831],[85.39388,20.04811],[85.39427,20.05085],[85.38979,20.0532],[85.38953,20.05784],[85.39038,20.05878],[85.38859,20.05958],[85.38873,20.06277],[85.3827,20.06946],[85.3828,20.07146],[85.38644,20.07535],[85.38625,20.07744],[85.38699,20.07879],[85.3827,20.08054],[85.38699,20.08952],[85.38674,20.09071],[85.39472,20.08996],[85.39877,20.08772],[85.40236,20.08947],[85.4051,20.09341],[85.40834,20.09954],[85.40714,20.10249],[85.40909,20.10488],[85.41099,20.11057],[85.41029,20.11566],[85.41623,20.12025],[85.41862,20.12339],[85.41832,20.12573],[85.41657,20.12738],[85.41673,20.12838],[85.41433,20.13028],[85.41298,20.12998],[85.41209,20.13067],[85.41183,20.13237],[85.40909,20.13511],[85.40639,20.13546],[85.40535,20.13661],[85.40041,20.13716],[85.39767,20.13501],[85.39732,20.13217],[85.38983,20.13636],[85.39079,20.13866],[85.38953,20.1426],[85.39073,20.14484],[85.39348,20.14465],[85.39352,20.14514],[85.39158,20.14559],[85.39133,20.14704],[85.38998,20.14799],[85.38914,20.14958],[85.38943,20.15073],[85.38804,20.15138],[85.38849,20.15432],[85.38749,20.15562],[85.3849,20.15377],[85.38484,20.15073],[85.38065,20.14963],[85.37926,20.14619],[85.37646,20.14514],[85.37357,20.14509],[85.37108,20.14359],[85.36434,20.14414],[85.36005,20.14365],[85.35766,20.1426],[85.35751,20.14404],[85.35865,20.14514],[85.35905,20.15372],[85.36459,20.15712],[85.36504,20.16001],[85.36349,20.16345],[85.36848,20.16894],[85.37187,20.17044],[85.37197,20.17597],[85.37262,20.17757],[85.36958,20.17882],[85.36808,20.18251],[85.36589,20.18321],[85.36419,20.1849],[85.36409,20.1867],[85.36075,20.1877],[85.3589,20.18745],[85.3578,20.18939],[85.35486,20.18695],[85.35471,20.18585],[85.35147,20.18745],[85.34888,20.1868],[85.34888,20.1855],[85.34763,20.18416],[85.34808,20.18241],[85.34464,20.18101],[85.34414,20.17972],[85.34558,20.17847],[85.34424,20.17632],[85.34403,20.17258],[85.34219,20.17044],[85.33391,20.17273],[85.33341,20.17523],[85.3344,20.18031],[85.33266,20.18121],[85.33106,20.17952],[85.32862,20.17887],[85.32832,20.17582],[85.32523,20.17368],[85.32198,20.17348],[85.32204,20.17098],[85.3175,20.17014],[85.31507,20.16882],[85.31264,20.16356],[85.31438,20.16385],[85.31612,20.15758],[85.31448,20.1545],[85.30733,20.15469],[85.30424,20.15337],[85.30208,20.15362],[85.29769,20.15245],[85.29486,20.15308],[85.29287,20.15437],[85.29108,20.15366],[85.28987,20.15221],[85.28987,20.15092],[85.29058,20.15034],[85.29012,20.14971],[85.28609,20.15],[85.28455,20.14905],[85.28177,20.14905],[85.27882,20.14784],[85.27362,20.14809],[85.26761,20.14251],[85.26786,20.14113],[85.26556,20.14095],[85.26447,20.13836],[85.26139,20.13588],[85.25771,20.13104],[85.25467,20.13235],[85.25111,20.12912],[85.24985,20.12503],[85.24875,20.11686],[85.24509,20.11686],[85.24262,20.11475],[85.23565,20.11756],[85.22691,20.12771],[85.22156,20.12785],[85.21571,20.12975],[85.21578,20.14095],[85.21297,20.14341],[85.2117,20.14996],[85.20966,20.15018],[85.2098,20.15166],[85.20649,20.15194],[85.20599,20.15349],[85.20677,20.15828],[85.2141,20.15933],[85.21416,20.16194],[85.21508,20.16412],[85.21508,20.16497],[85.21416,20.16553],[85.21571,20.1668],[85.21515,20.16933],[85.21668,20.16976],[85.21423,20.17124],[85.21057,20.17159],[85.21015,20.17271],[85.20811,20.17264],[85.20874,20.17405],[85.20839,20.17532],[85.2067,20.17462],[85.20734,20.17264],[85.2048,20.17264],[85.20614,20.17342],[85.20557,20.17483],[85.20641,20.17581],[85.20529,20.17666],[85.20592,20.17877],[85.20522,20.18039],[85.20261,20.18053],[85.20135,20.18884],[85.2029,20.18997],[85.20403,20.19314],[85.20522,20.1942],[85.21346,20.19927],[85.21463,20.20421],[85.21381,20.20652],[85.21586,20.21167],[85.22142,20.21969],[85.22777,20.22405],[85.23008,20.22132],[85.23177,20.22209],[85.23283,20.21476],[85.23382,20.21406],[85.23473,20.21167],[85.23853,20.20997],[85.24058,20.20814],[85.24374,20.20772],[85.25358,20.21182],[85.25649,20.21212],[85.25709,20.2135],[85.25691,20.22535],[85.25928,20.22621],[85.2636,20.22594],[85.27373,20.227],[85.27647,20.22568],[85.27987,20.22563],[85.30118,20.22684],[85.31174,20.22945],[85.31512,20.23273],[85.31671,20.23107],[85.31593,20.229],[85.31799,20.22987],[85.31865,20.23171],[85.31932,20.23171],[85.32187,20.23097],[85.32391,20.22877],[85.32478,20.22901],[85.32808,20.24334],[85.32983,20.24426],[85.3308,20.2457],[85.33603,20.24479],[85.34046,20.24521],[85.34063,20.24825],[85.34341,20.25081],[85.34297,20.25363],[85.34196,20.25414],[85.33979,20.255],[85.33335,20.25471],[85.33256,20.25594],[85.3314,20.25616],[85.33046,20.25319],[85.32938,20.25435],[85.32923,20.25276],[85.32887,20.25638],[85.32735,20.25652],[85.32749,20.25833],[85.33147,20.26216],[85.33176,20.26404],[85.33053,20.26636],[85.33169,20.2678],[85.3298,20.27062],[85.33147,20.27764],[85.33219,20.278],[85.33451,20.27764],[85.33656,20.27624],[85.33608,20.27473],[85.33736,20.27299],[85.33628,20.27084],[85.34163,20.27324],[85.35064,20.27178],[85.35426,20.27243],[85.35787,20.27127],[85.3583,20.2725],[85.36192,20.27446],[85.36524,20.27337],[85.37132,20.27612],[85.37399,20.27627],[85.37544,20.27771],[85.3766,20.27778],[85.37935,20.28256],[85.38228,20.28254],[85.38343,20.28423],[85.38471,20.284],[85.38599,20.28336],[85.38691,20.28069],[85.39764,20.27663],[85.39714,20.27424],[85.39627,20.27388],[85.39598,20.26976],[85.39793,20.26484],[85.39758,20.26086],[85.39808,20.25891],[85.39989,20.25681],[85.40929,20.25609],[85.41182,20.2613],[85.41818,20.26621],[85.42021,20.26997],[85.42188,20.27055],[85.42267,20.27221],[85.4315,20.27287],[85.438,20.26766],[85.44813,20.26368],[85.45283,20.26325],[85.45594,20.2665],[85.45796,20.27127],[85.45702,20.27612],[85.45594,20.27641],[85.4558,20.27735],[85.45702,20.28256],[85.45934,20.28639],[85.46223,20.29601],[85.47185,20.29615],[85.47662,20.29688],[85.47735,20.29803],[85.48197,20.29688],[85.48957,20.29688],[85.4968,20.29565],[85.50049,20.29451],[85.50322,20.29271],[85.5069,20.29235],[85.51012,20.29051],[85.51305,20.29041],[85.51517,20.2917],[85.51701,20.29189],[85.51839,20.29345],[85.52335,20.29299],[85.52602,20.30255],[85.52676,20.30448],[85.52805,20.3055],[85.52961,20.30596],[85.53255,20.3055],[85.53595,20.30154],[85.53973,20.30053],[85.54331,20.30108],[85.54726,20.30071],[85.54809,20.30163],[85.55076,20.30154],[85.55122,20.302],[85.55012,20.30301],[85.54929,20.3066],[85.54965,20.3077],[85.55131,20.30853],[85.55122,20.31074],[85.55241,20.31248],[85.55379,20.31248],[85.55904,20.30963],[85.56188,20.30457],[85.56492,20.3031],[85.56528,20.30007],[85.56667,20.29878],[85.56896,20.29933],[85.57136,20.29786],[85.57375,20.29749],[85.57781,20.29989],[85.58268,20.30148],[85.5872,20.29918],[85.59487,20.29678],[85.59913,20.29654],[85.60368,20.29835],[85.61039,20.29628],[85.61771,20.29595],[85.62015,20.29391],[85.62521,20.2917],[85.62628,20.29423],[85.63514,20.30012],[85.63506,20.30084],[85.63087,20.30313],[85.63181,20.30803],[85.63161,20.31143],[85.63232,20.31305],[85.63922,20.32058],[85.64226,20.32195],[85.64538,20.32517],[85.64915,20.32462],[85.65182,20.32324],[85.6612,20.33088],[85.66681,20.33078],[85.67519,20.3276],[85.67914,20.32433],[85.68042,20.32895],[85.68033,20.33474],[85.6812,20.33651],[85.68437,20.34099],[85.68723,20.34265],[85.68878,20.34467],[85.69164,20.34522],[85.69862,20.35423],[85.69964,20.35865],[85.70139,20.36159],[85.70405,20.3717],[85.70672,20.37676],[85.70635,20.38108],[85.70791,20.38706],[85.70883,20.38899],[85.71277,20.39063],[85.71389,20.39194],[85.71509,20.39561],[85.71527,20.40058],[85.7183,20.40343],[85.73412,20.40977],[85.73596,20.40987],[85.73991,20.40803],[85.74166,20.4049],[85.74451,20.40582],[85.74506,20.40747],[85.74745,20.40812],[85.75191,20.40542],[85.7612,20.4062],[85.76759,20.41261],[85.77184,20.40439],[85.7738,20.40301],[85.77531,20.40653],[85.77641,20.40751],[85.78068,20.40919],[85.78697,20.41042],[85.78825,20.41146],[85.78852,20.41757],[85.78791,20.41785],[85.78548,20.41646],[85.7837,20.41692],[85.7827,20.42141],[85.78123,20.42181],[85.7859,20.42994],[85.78722,20.43363],[85.79533,20.42692],[85.79855,20.43027],[85.80038,20.43085],[85.79977,20.43211],[85.80196,20.43275],[85.8025,20.435],[85.80813,20.43473],[85.80851,20.43148],[85.81035,20.42908],[85.81063,20.42752],[85.81329,20.42679],[85.81541,20.42725],[85.81734,20.42614],[85.8189,20.42403],[85.82037,20.41704],[85.82166,20.41584],[85.82074,20.41189],[85.82661,20.4072],[85.82977,20.40595],[85.83073,20.4051],[85.8305,20.40407],[85.83222,20.4052],[85.83498,20.40371],[85.83723,20.40458],[85.83877,20.40435],[85.84223,20.40909],[85.84798,20.40605],[85.85406,20.40106],[85.85571,20.40055],[85.86624,20.40117],[85.86759,20.4126],[85.86913,20.41343],[85.87455,20.41272],[85.87454,20.4076],[85.87336,20.40112],[85.87095,20.39495],[85.86961,20.39287],[85.86199,20.38894],[85.8609,20.38697],[85.86055,20.38323],[85.86253,20.37702],[85.87,20.37445],[85.86898,20.36771],[85.86984,20.36524],[85.8734,20.36289],[85.87212,20.36063],[85.87213,20.35794],[85.87414,20.3508],[85.87735,20.34851],[85.87864,20.34651],[85.88125,20.34991],[85.88181,20.35432],[85.88465,20.35672],[85.88521,20.358],[85.88879,20.35764],[85.8944,20.35883],[85.89495,20.36104],[85.89357,20.36306],[85.89551,20.36481],[85.89806,20.36977],[85.89937,20.36968],[85.90056,20.36701],[85.89937,20.36186],[85.89937,20.35616],[85.90139,20.35239],[85.90387,20.35092],[85.90958,20.35037],[85.91187,20.34816],[85.91482,20.34816],[85.91711,20.34623],[85.91923,20.34393],[85.9184,20.34118],[85.91859,20.3374],[85.92033,20.33317],[85.92576,20.3306],[85.92833,20.32876],[85.92925,20.3272],[85.92934,20.31956],[85.93091,20.31515],[85.93063,20.31074],[85.92842,20.31],[85.92309,20.31386],[85.92254,20.31515],[85.92061,20.31579],[85.9207,20.32113],[85.92181,20.32361],[85.91748,20.3249],[85.91675,20.32094],[85.91408,20.31883],[85.91289,20.3135],[85.91656,20.30816],[85.92226,20.30651],[85.92226,20.3043],[85.9241,20.30145],[85.92474,20.29382],[85.92953,20.2894],[85.93735,20.28646],[85.94112,20.28048],[85.9413,20.2792],[85.93983,20.27763],[85.9332,20.27386],[85.93293,20.27285],[85.93453,20.27128],[85.93633,20.26706],[85.93808,20.26669],[85.94157,20.27101],[85.94553,20.26724],[85.94976,20.26862],[85.95242,20.26862],[85.95322,20.26732],[85.95255,20.26508],[85.95293,20.26306],[85.95451,20.26215],[85.95293,20.26065],[85.9555,20.2591],[85.95802,20.25537],[85.96175,20.25199],[85.97063,20.24548],[85.97214,20.24213],[85.98431,20.23727],[85.98557,20.23485],[85.99077,20.23115],[85.99137,20.22878],[85.99438,20.22549],[86.00246,20.22323],[86.0046,20.22493],[86.00647,20.22427],[86.00729,20.22279],[86.00718,20.21949],[86.01009,20.20844],[86.01318,20.20811],[86.01575,20.20228],[86.01939,20.18623],[86.02131,20.18398],[86.02373,20.18403],[86.02477,20.1815],[86.03011,20.18156],[86.02906,20.17754],[86.02457,20.17766],[86.02351,20.1732],[86.02455,20.17089],[86.02407,20.16667],[86.0267,20.1682],[86.03033,20.16688],[86.03159,20.1671],[86.03368,20.16869],[86.03621,20.1693],[86.03835,20.17155],[86.03664,20.17282],[86.03709,20.17463],[86.03983,20.17853],[86.04346,20.17612],[86.04346,20.17311],[86.04698,20.16963],[86.04633,20.16814],[86.05578,20.16281],[86.05336,20.15841],[86.04979,20.1583],[86.04731,20.1538],[86.04874,20.15193],[86.05029,20.14566],[86.04643,20.13978],[86.04379,20.14077],[86.03401,20.14165],[86.03379,20.14],[86.03764,20.1367],[86.03796,20.13373],[86.04357,20.13197],[86.04951,20.13274],[86.05853,20.12438],[86.06721,20.12284],[86.0704,20.11944],[86.07337,20.11757],[86.0715,20.11229],[86.07304,20.11031],[86.07403,20.10987],[86.07612,20.11137],[86.07858,20.11052],[86.08121,20.10497],[86.07909,20.10426],[86.07667,20.10481],[86.07403,20.10701],[86.07183,20.10734],[86.06194,20.10437],[86.05907,20.10206],[86.05754,20.10228],[86.05611,20.10349],[86.05413,20.10701],[86.05039,20.10426],[86.0472,20.10437],[86.04369,20.10591],[86.04094,20.10624],[86.03995,20.10558],[86.03313,20.10591],[86.03181,20.1069],[86.0306,20.10525],[86.02884,20.10437],[86.02664,20.10437],[86.02338,20.10059],[86.01774,20.10228],[86.01543,20.10404],[86.01433,20.10877],[86.01455,20.11493],[86.01224,20.11405],[86.01136,20.11207],[86.01004,20.11141],[86.0085,20.11163],[86.00806,20.11273],[86.00674,20.11339],[86.00542,20.11295],[86.00488,20.10954],[86.00367,20.10898],[86.00278,20.10723],[86.00059,20.10811],[85.99648,20.10733],[85.99335,20.10963],[85.99326,20.11183],[85.99224,20.11229],[85.98847,20.11211],[85.98415,20.11303],[85.98038,20.11266],[85.97321,20.11588],[85.97018,20.1157],[85.96484,20.11754],[85.96107,20.12066],[85.95564,20.11193],[85.95242,20.11321],[85.95362,20.11533],[85.95151,20.11652],[85.95114,20.11744],[85.95251,20.11809],[85.9527,20.11983],[85.95166,20.11988],[85.95095,20.11864],[85.94838,20.12002],[85.9458,20.11873],[85.94562,20.11717],[85.94746,20.1156],[85.94562,20.11285],[85.93919,20.11579],[85.93744,20.11579],[85.93449,20.11432],[85.93146,20.11478],[85.93266,20.11303],[85.93164,20.11202],[85.92971,20.11487],[85.92217,20.11744],[85.92162,20.11938],[85.91757,20.11947],[85.91702,20.12103],[85.91224,20.12112],[85.91206,20.12268],[85.90434,20.12691],[85.90405,20.12002],[85.8989,20.11045],[85.89486,20.11202],[85.89045,20.11239],[85.88651,20.11009],[85.87976,20.11318],[85.87947,20.11681],[85.87723,20.11687],[85.87724,20.11929],[85.87306,20.12224],[85.87361,20.12356],[85.87551,20.12719],[85.8774,20.12839],[85.88333,20.12694],[85.88631,20.1286],[85.88734,20.12976],[85.8884,20.135],[85.89175,20.13781],[85.89436,20.13873],[85.89643,20.14161],[85.89928,20.14183],[85.90122,20.14344],[85.90641,20.15127],[85.90703,20.15363],[85.90369,20.15473],[85.89902,20.15341],[85.89836,20.15601],[85.89503,20.1574],[85.8935,20.16789],[85.89029,20.16899],[85.89251,20.17746],[85.88822,20.1819],[85.88157,20.186],[85.88213,20.18898],[85.87592,20.19174],[85.87509,20.19174],[85.87254,20.1893],[85.86535,20.19427],[85.86422,20.20101],[85.86295,20.2009],[85.86172,20.19825],[85.85495,20.20287],[85.84937,20.20104],[85.84821,20.19937],[85.84632,20.19857],[85.84595,20.19557],[85.84855,20.19355],[85.85624,20.19187],[85.85604,20.18628],[85.85694,20.18461],[85.85641,20.17528],[85.84975,20.17529],[85.84665,20.17449],[85.84394,20.17847],[85.84401,20.18043],[85.84492,20.18135],[85.84456,20.18674],[85.84016,20.18775],[85.839,20.19004],[85.8384,20.18948],[85.83833,20.18689],[85.83607,20.18699],[85.83546,20.18067],[85.83076,20.17314],[85.82925,20.16156],[85.82779,20.15828],[85.82349,20.15869],[85.8213,20.15749],[85.81433,20.15877],[85.81136,20.1586],[85.80814,20.15993],[85.80523,20.15787],[85.80375,20.15286],[85.79967,20.14982],[85.78478,20.15647],[85.78194,20.15699],[85.78182,20.15849],[85.78498,20.16021],[85.78693,20.16308],[85.78634,20.16441],[85.78343,20.16591],[85.77877,20.16747],[85.76482,20.16756],[85.76421,20.16733],[85.76351,20.15899],[85.76381,20.15749],[85.76622,20.15426],[85.76621,20.15202],[85.76167,20.15203],[85.75814,20.15111],[85.75716,20.1499],[85.75575,20.14496],[85.7609,20.1442],[85.7601,20.14104],[85.75488,20.13921],[85.75488,20.14041],[85.75428,20.14042],[85.75124,20.13847],[85.75153,20.14545],[85.74989,20.14575],[85.74735,20.14778],[85.74458,20.14782],[85.73986,20.1411],[85.73666,20.13436],[85.73533,20.12964],[85.73231,20.12891],[85.73002,20.12728],[85.72572,20.12763],[85.72424,20.12873],[85.72309,20.12828],[85.71929,20.13148],[85.71703,20.13661],[85.72272,20.14082],[85.71862,20.14482],[85.71617,20.14271],[85.70937,20.14444],[85.70699,20.14227],[85.70757,20.1402],[85.70708,20.13923],[85.70498,20.14258],[85.70685,20.1475],[85.70801,20.14836],[85.70668,20.14911],[85.70454,20.14793],[85.70141,20.15106],[85.69946,20.15061],[85.69685,20.15156],[85.6964,20.15553],[85.69463,20.15571],[85.69449,20.15307],[85.69412,20.15233],[85.69224,20.15263],[85.69215,20.15033],[85.69118,20.15023],[85.68852,20.15192],[85.68691,20.14199],[85.68617,20.14079],[85.68367,20.14018],[85.68271,20.1349],[85.68473,20.13012],[85.68501,20.1277],[85.68452,20.12679],[85.67854,20.12362],[85.67809,20.12104],[85.67922,20.11744],[85.67904,20.11349],[85.67747,20.1111],[85.67802,20.11036],[85.68134,20.11027],[85.68217,20.1088],[85.68548,20.10687],[85.6863,20.10457],[85.68897,20.10319],[85.68685,20.09795],[85.68732,20.09666],[85.6886,20.09767],[85.68897,20.09675],[85.69044,20.0974],[85.69218,20.09583],[85.69338,20.09574],[85.69531,20.09703],[85.69577,20.09445],[85.69231,20.09397],[85.68937,20.09198],[85.68134,20.09188],[85.68005,20.08977],[85.67438,20.08792],[85.67321,20.08633],[85.67324,20.08374],[85.67701,20.07693],[85.68295,20.07486],[85.67931,20.06926],[85.67372,20.06966],[85.66553,20.06456],[85.66079,20.0649],[85.65835,20.06411],[85.65276,20.06514],[85.65213,20.06859],[85.65105,20.06987],[85.64993,20.07355],[85.64904,20.08356],[85.64934,20.08958],[85.65182,20.09611],[85.65154,20.09757],[85.64934,20.09859],[85.64272,20.09896],[85.63573,20.10108],[85.63462,20.10071],[85.63757,20.09537],[85.63711,20.09418],[85.6395,20.09087],[85.64143,20.09078],[85.64188,20.08986],[85.64474,20.08894],[85.64639,20.08691],[85.64603,20.08241],[85.64575,20.08149],[85.63977,20.08149],[85.64088,20.07928],[85.64106,20.07698],[85.63986,20.07441],[85.62727,20.06843],[85.62534,20.06567],[85.62257,20.06641],[85.62148,20.06457],[85.6211,20.0574],[85.6188,20.05215],[85.61822,20.04714],[85.6153,20.03711],[85.61571,20.0359],[85.62009,20.03586],[85.62222,20.03498],[85.62263,20.03405],[85.622,20.03124],[85.62889,20.02682],[85.63092,20.02324],[85.62553,20.01783],[85.62273,20.01096],[85.62057,20.00174],[85.61681,19.99442],[85.61504,19.99386],[85.61376,19.99462],[85.61151,19.99447],[85.60861,19.99651],[85.61121,20.00079],[85.61227,20.00636],[85.61687,20.01896],[85.6154,20.01951],[85.60887,20.01822],[85.60722,20.0151],[85.60437,20.01316],[85.60393,20.00947],[85.59818,20.00654],[85.59692,20.00023],[85.59738,19.99845],[85.59604,19.99783],[85.5932,19.9997],[85.59184,19.99758],[85.58884,20.00192],[85.58809,20.00635],[85.58451,20.00713],[85.58258,20.00875],[85.58244,20.01841],[85.58276,20.0196],[85.58459,20.02043],[85.58239,20.02144],[85.57982,20.02061],[85.57733,20.02218],[85.57577,20.02199],[85.5754,20.0242],[85.57356,20.02438],[85.57163,20.01629],[85.5709,20.01482],[85.56934,20.01381],[85.57016,20.01151],[85.56902,20.00865],[85.56998,20.00675],[85.57224,20.00736],[85.57472,20.00676],[85.57322,20.00247],[85.57317,20.00011],[85.57224,19.9988],[85.56991,19.99927],[85.5691,20.00064],[85.57033,20.00349],[85.56881,20.00358],[85.56749,20.0027],[85.56552,19.99955],[85.56422,19.99256],[85.56422,19.99162],[85.56841,19.98874],[85.56673,19.98584],[85.56934,19.98398],[85.57075,19.97997],[85.5687,19.97652],[85.5659,19.97885],[85.56263,19.97978],[85.56105,19.97745],[85.55909,19.97671],[85.55713,19.97354],[85.55741,19.9726],[85.56273,19.97055],[85.5686,19.97111],[85.56711,19.96738],[85.56757,19.95489],[85.56692,19.95414],[85.56329,19.9506],[85.55331,19.95265],[85.55408,19.9615],[85.55354,19.96202],[85.55142,19.96132],[85.55032,19.95746],[85.54906,19.956],[85.54472,19.95778],[85.54176,19.95659],[85.53468,19.95753],[85.53447,19.95938],[85.53738,19.96387],[85.53442,19.96626],[85.53245,19.97087],[85.5331,19.9755],[85.53084,19.97804],[85.52951,19.97557],[85.52634,19.97605],[85.52403,19.97561],[85.52503,19.97406],[85.52383,19.97318],[85.52316,19.97293],[85.52242,19.97408],[85.52029,19.974],[85.51946,19.97195],[85.52077,19.97149],[85.5203,19.9699],[85.51714,19.96972],[85.51685,19.96748],[85.51871,19.96598],[85.51769,19.96487],[85.5162,19.95946],[85.51508,19.95937],[85.5135,19.95228],[85.50828,19.95172],[85.50567,19.9493],[85.50548,19.94585],[85.50362,19.94678],[85.50203,19.94613],[85.50392,19.9439],[85.5066,19.94491],[85.50771,19.94389],[85.50697,19.94594],[85.50921,19.94696],[85.50977,19.94529],[85.51816,19.9424],[85.52039,19.94053],[85.52077,19.93969],[85.52021,19.93876],[85.5163,19.93606],[85.51219,19.93615],[85.5093,19.93307],[85.50771,19.93307],[85.50753,19.93242],[85.50902,19.93167],[85.50716,19.93084],[85.51126,19.92683],[85.5135,19.92627],[85.51797,19.92813],[85.52254,19.92888],[85.52731,19.93931],[85.52922,19.94188],[85.53699,19.93885],[85.53429,19.9272],[85.55116,19.92049],[85.55723,19.91927],[85.56123,19.91722],[85.56245,19.91713],[85.56477,19.91862],[85.57065,19.91526],[85.56608,19.9134],[85.56487,19.90911],[85.56468,19.90613],[85.57205,19.9038],[85.57205,19.90324],[85.57186,19.90221],[85.5686,19.89932],[85.56981,19.89858],[85.57027,19.89401],[85.56767,19.89093],[85.5686,19.88795],[85.56916,19.88058],[85.56655,19.87378],[85.5672,19.86911],[85.56422,19.86585],[85.56524,19.85793],[85.56459,19.85364],[85.50188,19.86921],[85.50561,19.88396],[85.44118,19.88201],[85.42075,19.86082],[85.39879,19.84314],[85.38874,19.83055],[85.36255,19.82233],[85.36111,19.82067],[85.36,19.81741],[85.35827,19.81741],[85.35997,19.81397],[85.3511,19.80499],[85.35,19.80037],[85.3472,19.80016],[85.34563,19.80096],[85.34534,19.79732],[85.33232,19.78465],[85.31821,19.78227],[85.31834,19.78113],[85.30549,19.78197],[85.30575,19.78113],[85.30443,19.78091],[85.29451,19.78079],[85.28792,19.78155],[85.27124,19.77214],[85.26204,19.77002],[85.25454,19.76697],[85.25259,19.74717],[85.25094,19.74344],[85.23529,19.74306],[85.22495,19.74179],[85.21991,19.73857],[85.21414,19.72835],[85.21338,19.72538],[85.21164,19.72314],[85.20524,19.71856],[85.20444,19.71368],[85.20151,19.70792],[85.20083,19.70419],[85.20142,19.70144],[85.20426,19.69872],[85.21376,19.69491],[85.21478,19.68664],[85.21134,19.68058],[85.21075,19.67825],[85.19689,19.67261],[85.18457,19.67105],[85.18477,19.67702],[85.17854,19.68062],[85.17332,19.68503],[85.1729,19.68774],[85.17094,19.69113],[85.16366,19.69465],[85.16293,19.69652],[85.16323,19.69987],[85.16243,19.70169],[85.157,19.70648],[85.14983,19.71627],[85.14547,19.71881],[85.14517,19.72149],[85.14645,19.72428],[85.14623,19.72707],[85.14454,19.73138],[85.14108,19.73471],[85.13927,19.73862],[85.13582,19.74023],[85.12849,19.74776],[85.11974,19.75209],[85.11702,19.75271],[85.11314,19.75542],[85.10654,19.75838],[85.1032,19.75876],[85.0897,19.76645],[85.08605,19.76924],[85.0845,19.77615],[85.07984,19.77933],[85.07977,19.78755],[85.07852,19.78965],[85.07442,19.79282],[85.07402,19.79392],[85.06712,19.79625],[85.06386,19.7985],[85.0585,19.79951],[85.05268,19.80191],[85.04717,19.80533],[85.03724,19.80571],[85.03134,19.8037],[85.02327,19.80587],[85.01807,19.8054],[85.01055,19.80268],[85.00819,19.80268],[85.0059,19.80365],[85.00613,19.80589],[85.00377,19.80841],[85.00159,19.81374],[84.99783,19.81365],[84.99348,19.81454],[84.99147,19.81726],[84.98625,19.81898],[84.97135,19.85367],[84.95264,19.86493],[84.9542,19.86757],[84.94799,19.87082],[84.94637,19.86865],[84.93713,19.8744]],[[85.72404,20.1385],[85.72433,20.13747],[85.72746,20.1342],[85.72781,20.13453],[85.73269,20.14669],[85.73287,20.14927],[85.7299,20.14794],[85.72554,20.14303],[85.72404,20.1385]]]}},{"type":"Feature","properties":{"DISTRICT":"KORAPUT","CODE":20},"geometry":{"type":"MultiPolygon","coordinates":[[[[83.04358,18.6032],[83.04443,18.60439],[83.04491,18.60759],[83.04676,18.60752],[83.04743,18.60641],[83.04667,18.6023],[83.04358,18.6032]]],[[[83.03599,18.61282],[83.03659,18.61356],[83.04111,18.6139],[83.04215,18.60879],[83.04115,18.60791],[83.03994,18.60796],[83.03832,18.60941],[83.03826,18.61149],[83.03698,18.6117],[83.03599,18.61282]]],[[[83.06287,18.60452],[83.0633,18.60519],[83.06718,18.60572],[83.06912,18.60748],[83.0733,18.60753],[83.07561,18.61196],[83.07526,18.61328],[83.07598,18.61478],[83.07489,18.61552],[83.07449,18.61723],[83.07504,18.61859],[83.07896,18.62164],[83.07967,18.62138],[83.08035,18.6202],[83.08029,18.61744],[83.07819,18.61548],[83.0792,18.61472],[83.07923,18.6138],[83.07806,18.61245],[83.07995,18.61024],[83.07821,18.60916],[83.07912,18.6082],[83.07894,18.60429],[83.07362,18.60575],[83.07023,18.60536],[83.06481,18.60321],[83.06337,18.60335],[83.06287,18.60452]]],[[[83.00748,18.61542],[83.0089,18.61682],[83.01241,18.61782],[83.01289,18.62456],[83.019,18.63105],[83.02069,18.63129],[83.02289,18.63012],[83.02615,18.62576],[83.0265,18.62482],[83.02566,18.62393],[83.02566,18.62224],[83.02338,18.62173],[83.02126,18.61951],[83.01618,18.6175],[83.01637,18.61642],[83.01866,18.61563],[83.02007,18.61304],[83.01412,18.6063],[83.01336,18.60726],[83.01315,18.6131],[83.0093,18.61327],[83.00767,18.61449],[83.00748,18.61542]]],[[[83.08264,18.6905],[83.0843,18.69143],[83.08367,18.69353],[83.08562,18.69383],[83.08696,18.69493],[83.08949,18.69221],[83.08956,18.68882],[83.08871,18.68771],[83.08264,18.6905]]],[[[83.10287,18.68771],[83.10677,18.68854],[83.10783,18.68696],[83.10963,18.68611],[83.10983,18.68518],[83.10583,18.68413],[83.10287,18.68771]]],[[[83.13356,18.69506],[83.13441,18.69617],[83.13559,18.6955],[83.13532,18.69498],[83.13356,18.69506]]],[[[83.11446,18.68444],[83.1159,18.68584],[83.118,18.68613],[83.11928,18.68416],[83.11691,18.68173],[83.11619,18.68184],[83.11594,18.68331],[83.11446,18.68444]]],[[[83.11626,18.6935],[83.11957,18.69697],[83.12053,18.69692],[83.12181,18.6951],[83.12064,18.69247],[83.11787,18.69021],[83.117,18.6904],[83.11626,18.6935]]],[[[83.09771,18.68079],[83.0988,18.68159],[83.10397,18.68206],[83.1078,18.67974],[83.10805,18.6782],[83.10597,18.6769],[83.10285,18.67719],[83.09978,18.67848],[83.09771,18.68079]]],[[[83.10046,18.69288],[83.10136,18.69653],[83.10065,18.69863],[83.10194,18.69857],[83.1048,18.69607],[83.10629,18.69355],[83.10649,18.69109],[83.10256,18.68972],[83.10046,18.69288]]],[[[83.07317,18.67233],[83.07398,18.67414],[83.07385,18.67661],[83.0752,18.67939],[83.07815,18.67711],[83.07751,18.67553],[83.07971,18.6729],[83.07521,18.67125],[83.07317,18.67233]]],[[[83.08491,18.67713],[83.08576,18.67824],[83.09089,18.67771],[83.09302,18.67516],[83.09248,18.67242],[83.08947,18.67163],[83.08823,18.67429],[83.08491,18.67713]]],[[[83.08005,18.63257],[83.08025,18.63349],[83.08324,18.63367],[83.08423,18.63247],[83.08392,18.63126],[83.08276,18.63038],[83.08087,18.63123],[83.08005,18.63257]]],[[[83.02702,18.62395],[83.02739,18.62493],[83.02871,18.62557],[83.03136,18.62369],[83.0355,18.62289],[83.03688,18.62476],[83.03875,18.62529],[83.04045,18.62714],[83.04221,18.62706],[83.04151,18.6241],[83.03976,18.62287],[83.03926,18.62074],[83.03795,18.62026],[83.0369,18.61831],[83.03371,18.61721],[83.03113,18.61886],[83.02921,18.61917],[83.02702,18.62395]]],[[[83.04554,18.63106],[83.04591,18.63197],[83.04945,18.63358],[83.05093,18.63275],[83.05557,18.63386],[83.05666,18.63312],[83.05611,18.63161],[83.05193,18.62995],[83.04636,18.62972],[83.04554,18.63106]]],[[[83.13293,18.66162],[83.13386,18.66265],[83.13461,18.66154],[83.13392,18.66058],[83.13297,18.66085],[83.13293,18.66162]]],[[[83.05135,18.65001],[83.0559,18.65603],[83.05691,18.65853],[83.06579,18.66091],[83.06354,18.65586],[83.0638,18.65308],[83.06033,18.65277],[83.05808,18.6511],[83.05418,18.6502],[83.05219,18.64898],[83.05135,18.65001]]],[[[83.08904,18.65583],[83.09126,18.6585],[83.09222,18.65838],[83.09328,18.65703],[83.09701,18.65587],[83.09727,18.65295],[83.09393,18.65217],[83.08904,18.65583]]],[[[83.02596,18.64573],[83.02644,18.64732],[83.02959,18.64742],[83.03164,18.65009],[83.03581,18.65145],[83.03967,18.64982],[83.04156,18.64721],[83.04414,18.64733],[83.04767,18.64879],[83.04984,18.64524],[83.04759,18.64372],[83.04442,18.64301],[83.04057,18.64495],[83.03522,18.64587],[83.03084,18.64498],[83.02728,18.64283],[83.02596,18.64573]]],[[[83.07592,18.64895],[83.07699,18.65121],[83.07829,18.65131],[83.08167,18.64978],[83.08203,18.64892],[83.07993,18.64694],[83.07665,18.64746],[83.07592,18.64895]]],[[[83.08144,18.64157],[83.08227,18.64376],[83.08356,18.64371],[83.08379,18.64178],[83.0819,18.64109],[83.08144,18.64157]]],[[[83.08306,18.63836],[83.08323,18.64019],[83.08418,18.64],[83.08508,18.63858],[83.08448,18.63783],[83.08306,18.63836]]],[[[83.0854,18.64018],[83.08559,18.64071],[83.08725,18.64017],[83.08782,18.63869],[83.08635,18.63821],[83.0854,18.64018]]],[[[82.09033,18.75903],[82.09075,18.76192],[82.09318,18.76424],[82.09941,18.76269],[82.10323,18.76356],[82.10838,18.76634],[82.11149,18.76452],[82.11331,18.76531],[82.11432,18.76685],[82.12029,18.76882],[82.12303,18.76869],[82.13024,18.76638],[82.13248,18.76488],[82.13494,18.7648],[82.13537,18.76709],[82.13306,18.76936],[82.13522,18.77472],[82.13518,18.77864],[82.13585,18.77958],[82.13778,18.78041],[82.14004,18.77799],[82.14352,18.77792],[82.15013,18.78065],[82.15449,18.78402],[82.15951,18.78457],[82.16165,18.78634],[82.16237,18.78858],[82.16185,18.79375],[82.16656,18.79656],[82.1676,18.79868],[82.16502,18.80084],[82.15918,18.80219],[82.15865,18.80366],[82.16164,18.8062],[82.16335,18.81117],[82.16655,18.8117],[82.16824,18.81286],[82.16754,18.81414],[82.16311,18.81752],[82.16247,18.81887],[82.17077,18.83605],[82.17062,18.83823],[82.1676,18.84266],[82.16917,18.8499],[82.16898,18.85197],[82.16444,18.85377],[82.16376,18.85817],[82.16197,18.86033],[82.16292,18.86203],[82.16673,18.86365],[82.16927,18.87025],[82.16941,18.87287],[82.16356,18.87563],[82.16252,18.87654],[82.16245,18.87796],[82.163,18.87911],[82.16708,18.88199],[82.16862,18.88212],[82.17052,18.88045],[82.17155,18.88052],[82.17562,18.88303],[82.17867,18.88601],[82.17748,18.88916],[82.17702,18.89514],[82.17753,18.90003],[82.17876,18.902],[82.18368,18.90577],[82.19437,18.90655],[82.20089,18.91038],[82.20408,18.91327],[82.21021,18.91634],[82.21458,18.91753],[82.21982,18.92148],[82.22136,18.92149],[82.22412,18.91957],[82.2287,18.91842],[82.2335,18.91832],[82.23565,18.91513],[82.23835,18.91347],[82.24324,18.915],[82.24787,18.91807],[82.24097,18.95947],[82.23717,18.99545],[82.23547,19.00196],[82.23423,19.01822],[82.23174,19.02659],[82.21333,19.05154],[82.20696,19.06072],[82.20428,19.06585],[82.20689,19.07545],[82.21458,19.08153],[82.21812,19.08914],[82.2205,19.09207],[82.22089,19.09383],[82.22066,19.09574],[82.21644,19.0986],[82.21467,19.09692],[82.21139,19.09839],[82.20814,19.09525],[82.20679,19.09628],[82.20718,19.0999],[82.20879,19.10045],[82.20925,19.10192],[82.20879,19.10309],[82.20726,19.10382],[82.20734,19.10566],[82.20535,19.10683],[82.20511,19.108],[82.20865,19.11496],[82.20819,19.11635],[82.21049,19.11916],[82.2178,19.11422],[82.22093,19.11385],[82.22313,19.11506],[82.22784,19.11988],[82.2358,19.12019],[82.23759,19.12222],[82.2308,19.12914],[82.22691,19.13454],[82.22753,19.13862],[82.23069,19.14279],[82.23307,19.14388],[82.23932,19.14291],[82.24732,19.14437],[82.24942,19.14324],[82.25193,19.14042],[82.26035,19.13843],[82.2627,19.13961],[82.2644,19.14794],[82.27509,19.15266],[82.27823,19.15272],[82.28035,19.15085],[82.28174,19.15115],[82.28462,19.15567],[82.28971,19.15181],[82.29123,19.151],[82.29322,19.151],[82.29515,19.15259],[82.29554,19.16091],[82.2968,19.16226],[82.30115,19.16391],[82.30323,19.17118],[82.31156,19.17443],[82.32311,19.17398],[82.32687,19.17299],[82.3327,19.16609],[82.34055,19.16535],[82.34515,19.16641],[82.34888,19.16859],[82.3513,19.17176],[82.35224,19.17832],[82.35519,19.18219],[82.35767,19.18254],[82.36119,19.17675],[82.36851,19.17642],[82.37331,19.16794],[82.37501,19.168],[82.37675,19.16929],[82.3785,19.17205],[82.38164,19.17446],[82.38569,19.17452],[82.39587,19.16395],[82.39799,19.1629],[82.40416,19.16233],[82.4105,19.16445],[82.41237,19.16615],[82.41315,19.16867],[82.41254,19.1833],[82.41304,19.18487],[82.41418,19.18511],[82.4154,19.18419],[82.41895,19.17882],[82.42551,19.17713],[82.43385,19.17094],[82.44352,19.17022],[82.44469,19.17134],[82.44563,19.17508],[82.44678,19.17628],[82.45144,19.17679],[82.4543,19.17487],[82.45732,19.17476],[82.45831,19.17574],[82.4587,19.17911],[82.45979,19.18112],[82.46405,19.18381],[82.46532,19.18352],[82.47196,19.17677],[82.4742,19.17565],[82.47549,19.17595],[82.48094,19.18025],[82.48385,19.1792],[82.4911,19.17925],[82.51921,19.20203],[82.52067,19.20181],[82.52602,19.19666],[82.52733,19.19636],[82.52879,19.1979],[82.53063,19.20222],[82.533,19.2028],[82.54167,19.19589],[82.55022,19.19367],[82.55267,19.19389],[82.55337,19.19601],[82.54823,19.20226],[82.54815,19.20365],[82.54969,19.20468],[82.55161,19.20497],[82.55713,19.20063],[82.56264,19.2001],[82.56855,19.19767],[82.57169,19.19759],[82.57346,19.19927],[82.57376,19.20815],[82.574,19.20932],[82.57538,19.21012],[82.5779,19.2088],[82.57829,19.1989],[82.57928,19.19633],[82.58059,19.19508],[82.58296,19.19375],[82.58604,19.1947],[82.5888,19.19997],[82.59155,19.20114],[82.59309,19.19953],[82.59293,19.19087],[82.59554,19.19035],[82.5996,19.19078],[82.60129,19.18975],[82.60443,19.18534],[82.60604,19.18175],[82.60896,19.17976],[82.61524,19.18187],[82.61755,19.18187],[82.61855,19.17908],[82.61816,19.1606],[82.61739,19.15928],[82.61788,19.15788],[82.62647,19.14987],[82.62831,19.14935],[82.63306,19.1511],[82.63291,19.1522],[82.63015,19.15199],[82.62816,19.15309],[82.62878,19.15573],[82.62601,19.1575],[82.62579,19.15875],[82.62862,19.16057],[82.63599,19.161],[82.6366,19.15718],[82.63959,19.15366],[82.6415,19.15255],[82.64165,19.15094],[82.6396,19.14816],[82.63997,19.14735],[82.64185,19.14822],[82.64292,19.14983],[82.64453,19.1579],[82.64415,19.1601],[82.64207,19.16392],[82.64124,19.17038],[82.63917,19.17332],[82.63985,19.17515],[82.645,19.17587],[82.64853,19.18092],[82.65275,19.18421],[82.65554,19.18788],[82.65669,19.18802],[82.66551,19.18367],[82.66943,19.18308],[82.67088,19.18447],[82.67245,19.18814],[82.68043,19.19626],[82.68235,19.19501],[82.68349,19.18826],[82.68656,19.1862],[82.68887,19.18575],[82.693,19.18919],[82.69507,19.18978],[82.69952,19.18947],[82.70358,19.19027],[82.70795,19.18747],[82.70987,19.18519],[82.70856,19.18094],[82.70911,19.17823],[82.71156,19.1769],[82.71616,19.17682],[82.71838,19.17461],[82.72167,19.17446],[82.72352,19.17299],[82.72666,19.17269],[82.72727,19.17071],[82.72298,19.17101],[82.72267,19.17006],[82.72742,19.16469],[82.72654,19.16302],[82.7239,19.16104],[82.72453,19.15949],[82.72869,19.16028],[82.73397,19.15952],[82.73661,19.15625],[82.73871,19.15658],[82.74007,19.15795],[82.74257,19.15872],[82.74173,19.16701],[82.74756,19.16912],[82.75031,19.17198],[82.75691,19.16934],[82.75996,19.16471],[82.7626,19.16542],[82.76473,19.16903],[82.76656,19.16913],[82.77398,19.16522],[82.78039,19.16481],[82.78404,19.1668],[82.78658,19.17172],[82.7879,19.17137],[82.78968,19.17203],[82.79131,19.16898],[82.79552,19.16827],[82.79461,19.1673],[82.7968,19.16309],[82.79654,19.16121],[82.79375,19.15978],[82.79308,19.15663],[82.7938,19.1546],[82.79852,19.15099],[82.80335,19.15084],[82.80534,19.15109],[82.8066,19.15364],[82.80894,19.15607],[82.81082,19.16019],[82.81128,19.16294],[82.81676,19.16842],[82.81915,19.16944],[82.81976,19.16324],[82.81808,19.16101],[82.81793,19.15882],[82.81667,19.1576],[82.81671,19.15607],[82.81819,19.15409],[82.82215,19.1514],[82.822,19.1482],[82.82433,19.14713],[82.82561,19.14749],[82.82886,19.15038],[82.82957,19.15206],[82.82916,19.15928],[82.82652,19.16339],[82.82698,19.16715],[82.82622,19.16964],[82.82444,19.17091],[82.82784,19.1735],[82.82957,19.17797],[82.8343,19.17899],[82.83759,19.18102],[82.83784,19.18219],[82.83607,19.18367],[82.83521,19.18616],[82.83537,19.18885],[82.84085,19.19322],[82.84288,19.1984],[82.84451,19.19972],[82.84817,19.19825],[82.85249,19.19342],[82.8565,19.19302],[82.85686,19.19947],[82.85793,19.20084],[82.85844,19.20325],[82.86489,19.20579],[82.8667,19.20464],[82.86868,19.20197],[82.87373,19.19906],[82.87407,19.19777],[82.87241,19.19539],[82.87207,19.19312],[82.87289,19.19178],[82.87663,19.18961],[82.87991,19.18244],[82.88059,19.18199],[82.88306,19.18366],[82.88651,19.1834],[82.88571,19.18098],[82.88624,19.18039],[82.88892,19.18043],[82.88979,19.17946],[82.89506,19.17771],[82.89639,19.17365],[82.89767,19.17253],[82.89837,19.1726],[82.89845,19.17348],[82.89998,19.17258],[82.90057,19.17169],[82.89959,19.16634],[82.90112,19.16525],[82.89982,19.16448],[82.89629,19.16474],[82.89402,19.16333],[82.89475,19.16262],[82.89834,19.16308],[82.90008,19.16229],[82.90452,19.15735],[82.9039,19.15548],[82.90458,19.15467],[82.90719,19.15515],[82.90982,19.15718],[82.9164,19.15674],[82.91813,19.15973],[82.92184,19.16182],[82.92893,19.15932],[82.92913,19.15718],[82.9313,19.15841],[82.93836,19.16002],[82.9418,19.15968],[82.94627,19.15845],[82.94863,19.15696],[82.95013,19.15437],[82.95258,19.1536],[82.9565,19.15525],[82.95807,19.15773],[82.96856,19.16018],[82.97514,19.16526],[82.97797,19.17125],[82.97928,19.17197],[82.9828,19.17164],[82.98369,19.16854],[82.98109,19.16269],[82.98301,19.15098],[82.98441,19.14714],[82.98111,19.14019],[82.98125,19.13841],[82.98852,19.13498],[82.99344,19.12963],[82.99606,19.12838],[82.99805,19.12838],[83.00315,19.12284],[83.0072,19.11997],[83.00845,19.11667],[83.00907,19.11667],[83.00854,19.11396],[83.00928,19.11203],[83.01085,19.11191],[83.01085,19.10892],[83.00954,19.10661],[83.00985,19.10406],[83.00885,19.0997],[83.01181,19.09525],[83.0148,19.09425],[83.0224,19.09431],[83.02925,19.08871],[83.03049,19.0864],[83.03,19.08042],[83.03093,19.07824],[83.02987,19.0783],[83.02215,19.07469],[83.02113,19.07285],[83.02137,19.06507],[83.02243,19.06482],[83.02405,19.06052],[83.02529,19.05922],[83.03296,19.05654],[83.03333,19.05467],[83.038,19.05498],[83.04457,19.05401],[83.0503,19.05482],[83.05229,19.05215],[83.05715,19.0514],[83.06039,19.04965],[83.06718,19.04355],[83.0688,19.04405],[83.07092,19.04617],[83.07142,19.05165],[83.07468,19.05753],[83.074,19.06065],[83.07151,19.06183],[83.06989,19.06171],[83.06889,19.06264],[83.07108,19.06719],[83.0754,19.07046],[83.07596,19.07718],[83.07696,19.07949],[83.07664,19.08173],[83.08176,19.08578],[83.08312,19.08621],[83.08468,19.08547],[83.08624,19.0864],[83.0891,19.08665],[83.0939,19.09332],[83.09509,19.09599],[83.09537,19.09897],[83.09817,19.104],[83.10091,19.10587],[83.10091,19.10879],[83.10651,19.1124],[83.10981,19.11334],[83.11134,19.10758],[83.11283,19.10527],[83.11526,19.10434],[83.11594,19.10172],[83.11869,19.09917],[83.11974,19.09605],[83.11931,19.09275],[83.12149,19.09163],[83.12373,19.0892],[83.12859,19.09275],[83.13223,19.09266],[83.13367,19.10325],[83.13485,19.10705],[83.13464,19.11623],[83.1337,19.1214],[83.13631,19.12383],[83.13588,19.13193],[83.13663,19.13399],[83.13843,19.13579],[83.1408,19.13648],[83.14342,19.13455],[83.14815,19.13517],[83.15089,19.13461],[83.15064,19.12875],[83.15189,19.12583],[83.15363,19.12396],[83.15624,19.12446],[83.15998,19.12197],[83.16528,19.12147],[83.16596,19.12259],[83.16447,19.12309],[83.16378,19.12427],[83.16484,19.12508],[83.16528,19.12676],[83.16543,19.12785],[83.16462,19.12872],[83.16674,19.1281],[83.16718,19.12854],[83.16705,19.13084],[83.16967,19.13339],[83.16954,19.13788],[83.1739,19.14018],[83.17851,19.14429],[83.17938,19.14417],[83.1795,19.14317],[83.18038,19.14317],[83.18411,19.14554],[83.19212,19.14762],[83.19262,19.15018],[83.19585,19.14949],[83.19785,19.14713],[83.20258,19.14719],[83.20663,19.15354],[83.20177,19.15715],[83.20097,19.15846],[83.20065,19.16718],[83.20158,19.1688],[83.21613,19.1636],[83.22155,19.16098],[83.22529,19.16454],[83.22659,19.1707],[83.22915,19.17263],[83.23862,19.16989],[83.24892,19.1622],[83.25198,19.16145],[83.25584,19.1627],[83.25901,19.1627],[83.2592,19.15933],[83.25739,19.15192],[83.25266,19.15161],[83.25123,19.148],[83.24297,19.14454],[83.2421,19.13433],[83.24615,19.13003],[83.24677,19.12866],[83.24634,19.12698],[83.2411,19.12729],[83.23466,19.12365],[83.22818,19.12234],[83.22656,19.12271],[83.22339,19.12869],[83.22289,19.13635],[83.22227,19.13685],[83.22071,19.13666],[83.2156,19.13336],[83.21267,19.1338],[83.21018,19.13143],[83.20663,19.13193],[83.20622,19.12262],[83.20161,19.11969],[83.19925,19.11901],[83.19844,19.11427],[83.1947,19.11278],[83.19389,19.11184],[83.19331,19.10814],[83.19199,19.10614],[83.1824,19.09749],[83.18489,19.09468],[83.18944,19.09568],[83.19225,19.09394],[83.19096,19.08425],[83.18885,19.08058],[83.1909,19.07952],[83.19334,19.08027],[83.19501,19.07833],[83.19819,19.07647],[83.19875,19.07516],[83.19853,19.0722],[83.1966,19.0666],[83.19025,19.05862],[83.19595,19.05398],[83.19657,19.0505],[83.19564,19.04601],[83.19402,19.04364],[83.19439,19.04128],[83.19377,19.03679],[83.19038,19.03085],[83.18919,19.02661],[83.18988,19.02088],[83.18813,19.01428],[83.19153,19.00291],[83.19427,19.00216],[83.19582,18.99973],[83.19769,18.99096],[83.19612,18.9845],[83.19233,18.9783],[83.18932,18.97072],[83.18724,18.96755],[83.1862,18.96117],[83.18683,18.9603],[83.20161,18.95939],[83.20275,18.95999],[83.2037,18.96227],[83.21252,18.97394],[83.22057,18.98181],[83.22322,18.98286],[83.23139,18.98407],[83.23354,18.98506],[83.23573,18.98888],[83.23826,18.98909],[83.23918,18.99706],[83.23811,19.0047],[83.23639,19.00826],[83.2383,19.01472],[83.2365,19.02112],[83.23641,19.02532],[83.23955,19.02438],[83.24401,19.02614],[83.24809,19.02902],[83.25217,19.03048],[83.2622,19.03803],[83.26639,19.04968],[83.2701,19.05378],[83.26883,19.05767],[83.26883,19.06233],[83.26767,19.06344],[83.26419,19.06378],[83.26349,19.06466],[83.26442,19.06756],[83.26384,19.06845],[83.26268,19.06734],[83.26174,19.06813],[83.26768,19.0801],[83.27036,19.08387],[83.27058,19.08908],[83.27361,19.09463],[83.27384,19.09874],[83.27652,19.10795],[83.28012,19.11672],[83.28105,19.12149],[83.28386,19.12493],[83.2849,19.12549],[83.28699,19.12482],[83.28618,19.11661],[83.28664,19.11483],[83.28989,19.11339],[83.29245,19.11371],[83.29512,19.11527],[83.29826,19.11992],[83.29965,19.12125],[83.30163,19.12158],[83.30244,19.12025],[83.30151,19.11837],[83.30325,19.11359],[83.30488,19.11292],[83.3079,19.11547],[83.31092,19.11691],[83.31559,19.11363],[83.31989,19.11296],[83.32151,19.1134],[83.32233,19.11284],[83.32535,19.10818],[83.32708,19.10207],[83.32812,19.10051],[83.32987,19.09984],[83.34137,19.10182],[83.3423,19.10016],[83.34079,19.09539],[83.34206,19.09261],[83.34067,19.09028],[83.34008,19.08429],[83.34113,19.08207],[83.34461,19.07952],[83.34635,19.07297],[83.34589,19.06919],[83.3424,19.06441],[83.34286,19.0592],[83.34785,19.05209],[83.3518,19.05098],[83.36016,19.05186],[83.36376,19.04897],[83.36411,19.04719],[83.36388,19.04308],[83.36259,19.04042],[83.36062,19.03819],[83.3576,19.03687],[83.35353,19.02966],[83.34946,19.02467],[83.35051,19.01641],[83.34865,19.01617],[83.34589,19.01736],[83.34445,19.01642],[83.34221,19.00827],[83.3387,19.00562],[83.33899,19.0034],[83.3382,19.00123],[83.33973,18.99926],[83.34034,18.99708],[83.33901,18.99601],[83.33698,18.99739],[83.33416,18.99742],[83.33104,18.99891],[83.32955,19.00107],[83.32823,19.00153],[83.32442,18.99842],[83.32193,18.99848],[83.31906,19.00066],[83.31437,18.99918],[83.31245,18.99775],[83.31299,18.99624],[83.3125,18.99441],[83.31495,18.99139],[83.31461,18.99038],[83.31638,18.99042],[83.31895,18.98602],[83.31758,18.98433],[83.31758,18.98328],[83.32023,18.97928],[83.32014,18.97607],[83.32095,18.97378],[83.32329,18.97019],[83.32915,18.9673],[83.32997,18.96605],[83.33079,18.96605],[83.33224,18.96795],[83.33552,18.96794],[83.33411,18.95806],[83.3345,18.9559],[83.33532,18.954],[83.33996,18.95289],[83.34173,18.95086],[83.34048,18.94641],[83.33712,18.94518],[83.32973,18.94414],[83.32891,18.94342],[83.32683,18.93695],[83.3278,18.93434],[83.32732,18.93205],[83.3297,18.92995],[83.33516,18.92798],[83.33528,18.92484],[83.33671,18.92359],[83.35066,18.92546],[83.35013,18.9278],[83.34734,18.93226],[83.34656,18.94044],[83.34746,18.94188],[83.35204,18.94312],[83.35297,18.94572],[83.35196,18.94998],[83.35245,18.95233],[83.35049,18.95574],[83.35085,18.96025],[83.35181,18.96078],[83.35203,18.96536],[83.35661,18.96666],[83.35907,18.96404],[83.3625,18.96272],[83.36639,18.96206],[83.36866,18.96304],[83.37028,18.95898],[83.36877,18.95715],[83.36848,18.95447],[83.37241,18.94713],[83.37348,18.94177],[83.38863,18.93317],[83.38903,18.93166],[83.38097,18.92409],[83.3755,18.92527],[83.37251,18.92626],[83.37094,18.92849],[83.37068,18.93144],[83.37209,18.94125],[83.36285,18.94009],[83.35535,18.94168],[83.35423,18.93618],[83.35447,18.9299],[83.35896,18.92362],[83.36125,18.91576],[83.3644,18.91444],[83.36206,18.91347],[83.36548,18.91274],[83.37093,18.9073],[83.37434,18.90736],[83.37955,18.90905],[83.38367,18.91303],[83.38441,18.91231],[83.38851,18.91165],[83.39369,18.90791],[83.39419,18.90642],[83.38583,18.90244],[83.38541,18.90106],[83.38116,18.89774],[83.37971,18.89558],[83.38339,18.89249],[83.38338,18.89066],[83.39166,18.88608],[83.39411,18.88398],[83.39492,18.88051],[83.4029,18.87565],[83.40851,18.87616],[83.41362,18.87275],[83.41642,18.87189],[83.41146,18.86478],[83.40735,18.86263],[83.40632,18.8608],[83.40595,18.84582],[83.40854,18.84268],[83.40751,18.8413],[83.40553,18.84222],[83.40018,18.83791],[83.39086,18.83459],[83.38067,18.82944],[83.37782,18.83266],[83.37694,18.83573],[83.37442,18.83757],[83.37251,18.84236],[83.37,18.84262],[83.36694,18.84164],[83.36337,18.83818],[83.36005,18.83308],[83.35355,18.82976],[83.35117,18.82938],[83.34972,18.82644],[83.34527,18.82403],[83.34246,18.82292],[83.33932,18.82286],[83.3304,18.8164],[83.32964,18.81419],[83.32989,18.80987],[83.33015,18.80797],[83.33192,18.806],[83.33179,18.80522],[83.32549,18.80372],[83.32378,18.80392],[83.31824,18.80492],[83.31046,18.80794],[83.30752,18.80671],[83.30527,18.80371],[83.30349,18.80332],[83.29903,18.80005],[83.2954,18.79849],[83.28671,18.79687],[83.28284,18.79376],[83.2773,18.7821],[83.27824,18.77843],[83.28131,18.77727],[83.28294,18.77353],[83.28081,18.77196],[83.27908,18.76837],[83.27374,18.76399],[83.26779,18.76623],[83.26507,18.76833],[83.25576,18.76665],[83.25453,18.76665],[83.25317,18.76789],[83.24992,18.76715],[83.24564,18.7674],[83.24397,18.76767],[83.24123,18.77063],[83.23659,18.77299],[83.23186,18.774],[83.22601,18.77363],[83.22471,18.77228],[83.22469,18.77034],[83.22644,18.76586],[83.23019,18.76007],[83.22987,18.75475],[83.22717,18.74985],[83.22089,18.74576],[83.21734,18.73849],[83.21682,18.7334],[83.21399,18.72943],[83.21329,18.73077],[83.21413,18.73626],[83.20959,18.74529],[83.21012,18.74816],[83.2085,18.75061],[83.20299,18.75063],[83.19982,18.75258],[83.19765,18.75202],[83.19499,18.75265],[83.19299,18.75436],[83.18266,18.76762],[83.17944,18.76995],[83.17655,18.77006],[83.16798,18.76825],[83.16525,18.7659],[83.16244,18.76599],[83.15852,18.76739],[83.15403,18.77217],[83.15379,18.77474],[83.15264,18.77627],[83.14851,18.77806],[83.14147,18.78435],[83.13995,18.78419],[83.11765,18.76744],[83.12182,18.76619],[83.12387,18.76457],[83.12576,18.76029],[83.1249,18.75757],[83.11488,18.75226],[83.11231,18.74997],[83.10907,18.74542],[83.10905,18.74392],[83.10648,18.73891],[83.10538,18.7351],[83.10287,18.73143],[83.09936,18.7303],[83.09667,18.73037],[83.09643,18.72547],[83.09437,18.72218],[83.08987,18.71793],[83.08385,18.71377],[83.07413,18.70406],[83.07296,18.70012],[83.0765,18.70022],[83.07648,18.6994],[83.06474,18.68258],[83.06219,18.67573],[83.05969,18.66419],[83.05749,18.66352],[83.05518,18.66157],[83.04958,18.65866],[83.04598,18.6574],[83.04204,18.65713],[83.03708,18.6552],[83.02676,18.65328],[83.02413,18.64973],[83.01902,18.64914],[83.01539,18.64539],[83.01505,18.64401],[83.01644,18.64056],[83.02123,18.63382],[83.0188,18.63294],[83.0121,18.62737],[83.00788,18.62084],[83.00402,18.62001],[83.00126,18.61806],[83.00232,18.60714],[83.01707,18.60447],[83.01711,18.60107],[83.01512,18.60006],[83.01434,18.5986],[83.01532,18.5943],[83.01678,18.59313],[83.02242,18.59239],[83.02388,18.59143],[83.02488,18.58936],[83.0264,18.58879],[83.02761,18.58916],[83.0303,18.59223],[83.04016,18.59519],[83.04613,18.59905],[83.04907,18.59829],[83.0542,18.60022],[83.05473,18.5997],[83.05519,18.58732],[83.05237,18.58718],[83.04993,18.58552],[83.0429,18.58593],[83.04059,18.58397],[83.03955,18.58025],[83.03365,18.57746],[83.03198,18.57348],[83.03218,18.57167],[83.03445,18.57024],[83.04229,18.55113],[83.04527,18.54595],[83.04723,18.54529],[83.04671,18.54323],[83.05624,18.54314],[83.06147,18.54084],[83.06429,18.54116],[83.06851,18.54477],[83.07243,18.54693],[83.07412,18.54885],[83.07799,18.54984],[83.08022,18.54926],[83.08202,18.55198],[83.08355,18.55278],[83.08626,18.55125],[83.08905,18.55243],[83.09151,18.55245],[83.09251,18.55029],[83.09679,18.54806],[83.09654,18.54312],[83.09522,18.53849],[83.0919,18.53839],[83.0906,18.53755],[83.08688,18.53139],[83.0806,18.52715],[83.07796,18.52168],[83.07747,18.51476],[83.07609,18.5122],[83.06897,18.50556],[83.06578,18.50138],[83.06398,18.50088],[83.06269,18.50132],[83.06178,18.50068],[83.06007,18.4962],[83.05732,18.49449],[83.0582,18.4882],[83.05731,18.48458],[83.04897,18.47762],[83.04324,18.47108],[83.04459,18.46192],[83.04715,18.45623],[83.04899,18.45392],[83.04979,18.4497],[83.05147,18.44632],[83.0541,18.44509],[83.06328,18.446],[83.06456,18.44523],[83.0656,18.44101],[83.06236,18.43555],[83.06532,18.43117],[83.06918,18.42886],[83.0691,18.42479],[83.06816,18.42275],[83.08236,18.42549],[83.08946,18.43025],[83.09106,18.4301],[83.09258,18.42718],[83.09266,18.42456],[83.09425,18.41973],[83.09585,18.41788],[83.10136,18.41489],[83.10231,18.41351],[83.10239,18.41005],[83.10127,18.40775],[83.10048,18.40721],[83.09417,18.40797],[83.08603,18.40521],[83.08499,18.40183],[83.08316,18.39991],[83.07428,18.3971],[83.07095,18.39485],[83.06484,18.38863],[83.06276,18.38449],[83.05689,18.37929],[83.04573,18.37857],[83.04147,18.38219],[83.0351,18.38237],[83.03157,18.38499],[83.02747,18.38631],[83.02503,18.38987],[83.01799,18.38607],[83.0146,18.3875],[83.0135,18.38734],[83.01182,18.38437],[83.00877,18.38217],[83.00622,18.38157],[83.0029,18.38227],[83.00002,18.38536],[82.99827,18.38506],[82.9972,18.38415],[82.99679,18.38073],[82.99389,18.37757],[82.99189,18.37739],[82.99248,18.37933],[82.992,18.38021],[82.99108,18.37946],[82.99096,18.37753],[82.98894,18.37809],[82.98911,18.37691],[82.98773,18.37585],[82.98322,18.36672],[82.98324,18.36583],[82.98417,18.36525],[82.97758,18.36144],[82.96836,18.3576],[82.96741,18.35907],[82.96555,18.35979],[82.96161,18.36553],[82.95407,18.36033],[82.94283,18.35945],[82.93836,18.36104],[82.92791,18.36677],[82.92361,18.37444],[82.91947,18.37451],[82.91455,18.36777],[82.91203,18.37197],[82.90494,18.37259],[82.90259,18.37368],[82.89597,18.38052],[82.89507,18.38571],[82.89166,18.38903],[82.8941,18.39184],[82.89937,18.40298],[82.89735,18.41476],[82.89651,18.416],[82.8964,18.42365],[82.8914,18.42291],[82.88309,18.41989],[82.87833,18.42108],[82.87411,18.41799],[82.87247,18.41757],[82.86385,18.42187],[82.8602,18.42268],[82.85812,18.42463],[82.8556,18.42268],[82.8538,18.41869],[82.85013,18.423],[82.84886,18.42978],[82.84766,18.43241],[82.84062,18.43631],[82.83781,18.43653],[82.83744,18.43838],[82.83618,18.43982],[82.83224,18.44194],[82.82961,18.44289],[82.82515,18.4429],[82.82406,18.44724],[82.81866,18.44981],[82.8161,18.45023],[82.80787,18.44952],[82.80451,18.44855],[82.80318,18.44556],[82.79958,18.4432],[82.79613,18.43846],[82.78368,18.43004],[82.78434,18.42754],[82.78368,18.42548],[82.78456,18.42128],[82.78609,18.41985],[82.78872,18.41883],[82.78928,18.41295],[82.78822,18.41012],[82.79745,18.40827],[82.80126,18.40575],[82.79546,18.40041],[82.79556,18.3981],[82.79353,18.39563],[82.79589,18.38847],[82.79516,18.38687],[82.79566,18.38536],[82.79335,18.38374],[82.79074,18.38357],[82.78987,18.38204],[82.78425,18.38104],[82.78661,18.37957],[82.78833,18.37431],[82.78979,18.37294],[82.791,18.36961],[82.79121,18.36433],[82.79234,18.36282],[82.79228,18.36164],[82.78733,18.35682],[82.78477,18.35322],[82.77946,18.3496],[82.77605,18.34334],[82.77629,18.33941],[82.77377,18.33806],[82.77311,18.33627],[82.77015,18.33669],[82.76714,18.33519],[82.76548,18.33616],[82.76512,18.33761],[82.76119,18.33828],[82.76046,18.33675],[82.76175,18.33327],[82.75832,18.33216],[82.75713,18.32885],[82.75301,18.32971],[82.75,18.32804],[82.74444,18.32865],[82.74037,18.32589],[82.7424,18.32405],[82.74278,18.32186],[82.7377,18.32193],[82.73592,18.31925],[82.73186,18.32054],[82.72631,18.32365],[82.72455,18.32226],[82.71834,18.32222],[82.71401,18.31958],[82.71088,18.31568],[82.71022,18.31429],[82.7113,18.31244],[82.70359,18.30992],[82.69811,18.31063],[82.69646,18.31151],[82.69439,18.30867],[82.69382,18.3067],[82.68876,18.30382],[82.6835,18.30222],[82.68189,18.30256],[82.67982,18.305],[82.67762,18.30552],[82.67566,18.3044],[82.67408,18.30155],[82.67124,18.29879],[82.66853,18.29731],[82.6644,18.29763],[82.66032,18.29556],[82.65871,18.29553],[82.65595,18.29704],[82.65301,18.301],[82.64702,18.30206],[82.64483,18.30163],[82.64339,18.29949],[82.64261,18.29532],[82.64513,18.29016],[82.64563,18.28722],[82.64798,18.28471],[82.653,18.28216],[82.65405,18.28013],[82.651,18.27315],[82.649,18.27141],[82.64473,18.27031],[82.64374,18.26884],[82.64412,18.26309],[82.64874,18.26182],[82.65128,18.25732],[82.65157,18.25513],[82.65054,18.24698],[82.6487,18.24399],[82.64336,18.23837],[82.63928,18.23607],[82.63359,18.2386],[82.6291,18.2441],[82.62586,18.2455],[82.62153,18.24925],[82.61848,18.25523],[82.61434,18.25838],[82.6095,18.26052],[82.60603,18.2637],[82.60261,18.26311],[82.59872,18.26415],[82.59779,18.27336],[82.59438,18.27333],[82.58961,18.2753],[82.58974,18.27939],[82.59368,18.2801],[82.59575,18.2848],[82.5957,18.28639],[82.59319,18.28956],[82.59492,18.29081],[82.59707,18.29113],[82.5974,18.29523],[82.59648,18.29716],[82.59839,18.29944],[82.60017,18.30369],[82.5984,18.30544],[82.59808,18.30886],[82.59727,18.3096],[82.59506,18.30956],[82.59266,18.30787],[82.58719,18.30775],[82.583,18.31493],[82.58369,18.31693],[82.58539,18.31882],[82.58708,18.31887],[82.58986,18.31731],[82.5948,18.32614],[82.59647,18.32791],[82.59796,18.32791],[82.60065,18.32537],[82.60387,18.32463],[82.60615,18.32448],[82.61025,18.32611],[82.61285,18.33235],[82.61018,18.33913],[82.60573,18.34212],[82.60442,18.34396],[82.604,18.35133],[82.60596,18.35199],[82.60986,18.35019],[82.61607,18.35015],[82.62064,18.35594],[82.6226,18.35685],[82.62274,18.35923],[82.6095,18.36364],[82.60766,18.36502],[82.60739,18.3688],[82.60507,18.37119],[82.60561,18.37308],[82.60759,18.37465],[82.6071,18.38064],[82.60606,18.38127],[82.6033,18.37826],[82.60123,18.37876],[82.59819,18.38178],[82.59646,18.38799],[82.59456,18.38804],[82.59197,18.39001],[82.58987,18.39024],[82.587,18.38642],[82.58529,18.38583],[82.57744,18.39512],[82.57406,18.39355],[82.57268,18.39367],[82.56765,18.3959],[82.5643,18.39869],[82.55988,18.39642],[82.55797,18.39301],[82.55605,18.39304],[82.55394,18.39672],[82.54989,18.39685],[82.54229,18.39843],[82.53679,18.40556],[82.54078,18.40815],[82.54868,18.41178],[82.54873,18.41332],[82.54602,18.41233],[82.54513,18.41269],[82.54316,18.42092],[82.5442,18.42166],[82.54612,18.42122],[82.5472,18.42179],[82.54687,18.42544],[82.5474,18.42718],[82.55344,18.42783],[82.55384,18.42859],[82.55228,18.43234],[82.55273,18.43377],[82.55606,18.43531],[82.55929,18.43871],[82.55951,18.43961],[82.5582,18.44144],[82.5584,18.44304],[82.56245,18.44444],[82.56327,18.44656],[82.56212,18.44864],[82.55904,18.44849],[82.55798,18.44941],[82.55699,18.45256],[82.55566,18.4541],[82.55402,18.45435],[82.55196,18.45258],[82.54991,18.45224],[82.54546,18.45654],[82.54404,18.45671],[82.54302,18.45545],[82.54292,18.45358],[82.5458,18.44983],[82.54593,18.44847],[82.54243,18.44333],[82.54114,18.44304],[82.53881,18.44579],[82.53548,18.45692],[82.53398,18.45829],[82.53072,18.45814],[82.52909,18.45906],[82.53,18.46329],[82.52504,18.46294],[82.52114,18.46511],[82.52126,18.46638],[82.52541,18.46886],[82.52646,18.47103],[82.5308,18.47149],[82.53262,18.47247],[82.53564,18.47667],[82.53554,18.47812],[82.5344,18.47935],[82.53035,18.47933],[82.52949,18.48013],[82.53024,18.48252],[82.53421,18.48605],[82.53471,18.48735],[82.53319,18.49158],[82.52946,18.49298],[82.52821,18.4952],[82.53008,18.49849],[82.53138,18.49997],[82.53245,18.50011],[82.53111,18.50311],[82.52924,18.50519],[82.53391,18.5079],[82.53477,18.5097],[82.53444,18.51111],[82.53205,18.5115],[82.52746,18.51619],[82.52422,18.51657],[82.52241,18.51761],[82.52027,18.51709],[82.51396,18.5177],[82.51152,18.51705],[82.50724,18.51341],[82.50605,18.51336],[82.50243,18.51788],[82.49821,18.52041],[82.4942,18.52472],[82.48788,18.5272],[82.48933,18.53089],[82.48914,18.53188],[82.48511,18.53539],[82.48344,18.5382],[82.48328,18.54007],[82.48495,18.54187],[82.48666,18.54254],[82.49355,18.54077],[82.49501,18.54141],[82.49525,18.54276],[82.49338,18.5469],[82.49123,18.54816],[82.48914,18.54877],[82.48463,18.54782],[82.48112,18.54469],[82.47478,18.54132],[82.47215,18.53808],[82.47009,18.53359],[82.46788,18.53322],[82.46586,18.53194],[82.46276,18.52459],[82.45961,18.52352],[82.45746,18.52029],[82.45242,18.51618],[82.44724,18.51392],[82.44578,18.51223],[82.44431,18.50724],[82.43964,18.50531],[82.43868,18.50003],[82.43601,18.49707],[82.43616,18.49637],[82.43949,18.49506],[82.43969,18.49402],[82.43913,18.49269],[82.4362,18.49064],[82.43416,18.48668],[82.43102,18.48318],[82.42153,18.47486],[82.41564,18.47248],[82.41111,18.46844],[82.40414,18.46851],[82.40197,18.46917],[82.39994,18.47304],[82.39895,18.47827],[82.40025,18.48345],[82.39987,18.48608],[82.39491,18.49167],[82.39059,18.49478],[82.38721,18.49607],[82.38657,18.49726],[82.38667,18.50027],[82.3885,18.50249],[82.39105,18.50976],[82.38651,18.51177],[82.38486,18.51745],[82.38507,18.52033],[82.38625,18.52304],[82.39056,18.52802],[82.39473,18.52778],[82.39973,18.5233],[82.40488,18.52467],[82.40351,18.52757],[82.40379,18.53986],[82.40823,18.54426],[82.40903,18.54841],[82.41637,18.56139],[82.41493,18.56272],[82.41169,18.56316],[82.40524,18.56758],[82.40034,18.57182],[82.39907,18.57596],[82.39546,18.57709],[82.38783,18.5829],[82.38687,18.59048],[82.39855,18.59583],[82.40358,18.59661],[82.40786,18.60002],[82.4059,18.60251],[82.40701,18.60529],[82.40378,18.60651],[82.40137,18.60983],[82.40089,18.61162],[82.40155,18.6139],[82.3998,18.61459],[82.3988,18.61818],[82.39748,18.61923],[82.39836,18.62075],[82.39696,18.62185],[82.39495,18.62189],[82.39307,18.62587],[82.39216,18.62534],[82.39098,18.62272],[82.38779,18.62268],[82.38779,18.62054],[82.38532,18.61675],[82.37585,18.616],[82.3738,18.61901],[82.37311,18.62325],[82.36459,18.62224],[82.36057,18.61687],[82.35384,18.61289],[82.3506,18.61223],[82.3446,18.60582],[82.33185,18.59797],[82.33025,18.59563],[82.3296,18.59082],[82.32069,18.58253],[82.31653,18.57648],[82.31483,18.57506],[82.31193,18.57492],[82.30521,18.57736],[82.30002,18.57619],[82.29785,18.57655],[82.29618,18.57794],[82.29154,18.57799],[82.29065,18.57903],[82.29057,18.58349],[82.28631,18.58523],[82.28462,18.58885],[82.28319,18.59001],[82.27584,18.58787],[82.27269,18.5885],[82.2703,18.59036],[82.26841,18.5886],[82.26489,18.59151],[82.2653,18.59569],[82.26074,18.59717],[82.25845,18.59869],[82.25791,18.60378],[82.25599,18.60295],[82.25524,18.6033],[82.25407,18.60645],[82.25315,18.61339],[82.24989,18.61381],[82.24561,18.61127],[82.24417,18.61245],[82.24268,18.61757],[82.24094,18.61765],[82.23766,18.61551],[82.23766,18.6125],[82.23679,18.61162],[82.23491,18.61154],[82.23315,18.61311],[82.23167,18.61206],[82.23001,18.61228],[82.22866,18.6156],[82.22691,18.61372],[82.2273,18.6097],[82.22564,18.60983],[82.22455,18.61106],[82.22495,18.61403],[82.22407,18.61555],[82.22503,18.62062],[82.23401,18.62467],[82.23571,18.62619],[82.23161,18.62947],[82.231,18.63131],[82.23307,18.63688],[82.23652,18.63998],[82.23679,18.64173],[82.23508,18.64343],[82.23141,18.64483],[82.23309,18.65014],[82.23178,18.6573],[82.2296,18.66211],[82.22562,18.6643],[82.22431,18.67076],[82.21763,18.66652],[82.21417,18.66696],[82.21166,18.6634],[82.20992,18.6589],[82.20004,18.65291],[82.19846,18.65309],[82.19768,18.65497],[82.19244,18.65073],[82.18935,18.64939],[82.188,18.64738],[82.18634,18.63996],[82.18468,18.63808],[82.17791,18.6369],[82.17275,18.63782],[82.17088,18.64153],[82.16594,18.64472],[82.16467,18.6601],[82.16218,18.66871],[82.15864,18.67111],[82.15598,18.66709],[82.1496,18.66705],[82.14754,18.66447],[82.14573,18.66615],[82.14565,18.66978],[82.14381,18.6717],[82.13926,18.67301],[82.13738,18.67498],[82.1328,18.67773],[82.13293,18.6793],[82.13566,18.68182],[82.13933,18.68199],[82.14151,18.68291],[82.14217,18.68789],[82.14474,18.69147],[82.14228,18.70491],[82.14057,18.70591],[82.13616,18.70587],[82.13411,18.70713],[82.13452,18.71332],[82.13068,18.72149],[82.12679,18.7221],[82.125,18.72385],[82.12351,18.7235],[82.12212,18.72441],[82.12067,18.72415],[82.11906,18.72551],[82.11678,18.72533],[82.11678,18.72673],[82.11176,18.72516],[82.10949,18.72852],[82.10712,18.7283],[82.10595,18.72887],[82.1049,18.73045],[82.10381,18.73009],[82.10254,18.73184],[82.10009,18.73263],[82.09459,18.73634],[82.09354,18.73923],[82.09499,18.74487],[82.09397,18.74901],[82.09413,18.75156],[82.09164,18.75463],[82.09033,18.75903]],[[82.87054,19.18308],[82.87115,19.18167],[82.87281,19.18155],[82.87464,19.18314],[82.87465,19.18424],[82.87347,19.18523],[82.87165,19.18512],[82.87054,19.18308]]]]}},{"type":"Feature","properties":{"DISTRICT":"MALKANGIRI","CODE":21},"geometry":{"type":"Polygon","coordinates":[[[81.39033,17.82557],[81.39171,17.83032],[81.39945,17.83994],[81.40494,17.8502],[81.40514,17.85231],[81.40417,17.85517],[81.39825,17.86323],[81.39662,17.86632],[81.39639,17.8693],[81.39741,17.88083],[81.40214,17.89177],[81.40635,17.89443],[81.41561,17.89278],[81.4286,17.88385],[81.43752,17.87967],[81.4389,17.87956],[81.44307,17.88171],[81.44711,17.88524],[81.44908,17.88746],[81.45012,17.89011],[81.44987,17.89806],[81.45461,17.90558],[81.45482,17.91307],[81.4511,17.92566],[81.45109,17.93051],[81.45432,17.93527],[81.46152,17.95112],[81.46336,17.95322],[81.46996,17.95669],[81.47435,17.96012],[81.47735,17.96698],[81.48347,17.97421],[81.48451,17.97642],[81.48009,17.98359],[81.4794,17.98679],[81.48216,17.99619],[81.48166,18.0044],[81.48345,18.01091],[81.48475,18.02587],[81.48247,18.0296],[81.4822,18.03613],[81.48137,18.03953],[81.48244,18.05087],[81.48401,18.05448],[81.48649,18.05755],[81.49208,18.06131],[81.49685,18.06791],[81.49802,18.06968],[81.49971,18.07614],[81.50391,18.08137],[81.50745,18.0879],[81.51166,18.09231],[81.5149,18.09743],[81.51585,18.10035],[81.51556,18.11013],[81.51662,18.11323],[81.51709,18.1208],[81.51528,18.13285],[81.51528,18.13742],[81.52042,18.1471],[81.52614,18.14984],[81.52766,18.15231],[81.52757,18.16044],[81.52528,18.16508],[81.52261,18.16865],[81.5209,18.17304],[81.51862,18.17487],[81.51318,18.17725],[81.51176,18.1788],[81.50938,18.18638],[81.51099,18.19269],[81.51509,18.19944],[81.5173,18.21176],[81.52112,18.21641],[81.52169,18.22098],[81.52588,18.22636],[81.5274,18.23212],[81.53159,18.23878],[81.53188,18.24125],[81.52919,18.25027],[81.52648,18.25429],[81.52724,18.25697],[81.53011,18.25924],[81.53442,18.26564],[81.53741,18.26769],[81.5425,18.26898],[81.55124,18.2683],[81.5539,18.26879],[81.5658,18.27385],[81.57554,18.282],[81.57769,18.28548],[81.58273,18.28934],[81.58717,18.2953],[81.59441,18.29937],[81.59713,18.30342],[81.598,18.30655],[81.60018,18.30825],[81.60181,18.30861],[81.60846,18.30769],[81.61664,18.3058],[81.62381,18.30824],[81.6284,18.31231],[81.6335,18.31316],[81.64157,18.3168],[81.64541,18.31696],[81.65395,18.32075],[81.66386,18.32022],[81.66475,18.32224],[81.6639,18.32401],[81.65351,18.33188],[81.65147,18.33486],[81.65166,18.33743],[81.65336,18.3399],[81.66093,18.34522],[81.75199,18.35128],[81.77084,18.41669],[81.80817,18.44938],[81.83532,18.47119],[81.8572,18.49019],[81.85837,18.50681],[81.86977,18.5237],[81.87187,18.52472],[81.88211,18.52465],[81.8905,18.53688],[81.89381,18.53644],[81.89799,18.53427],[81.90215,18.53392],[81.90537,18.53437],[81.91051,18.53678],[81.91013,18.5392],[81.90759,18.544],[81.90279,18.54732],[81.91018,18.55167],[81.90771,18.55768],[81.90737,18.56236],[81.9077,18.56341],[81.9115,18.56451],[81.91243,18.56985],[81.91722,18.57152],[81.91937,18.56946],[81.92265,18.5716],[81.92617,18.56907],[81.9286,18.56539],[81.9309,18.56502],[81.93946,18.56538],[81.94553,18.56836],[81.95264,18.56919],[81.95197,18.5731],[81.95229,18.574],[81.95506,18.57549],[81.95537,18.57767],[81.95439,18.58007],[81.95537,18.58259],[81.95859,18.58287],[81.96189,18.58843],[81.96503,18.58871],[81.96552,18.58953],[81.96529,18.59291],[81.96246,18.59561],[81.95274,18.5993],[81.94757,18.5989],[81.93994,18.60356],[81.93683,18.6069],[81.93661,18.61147],[81.93047,18.61792],[81.91091,18.62703],[81.90334,18.6283],[81.89647,18.62812],[81.89726,18.63152],[81.90047,18.63313],[81.90079,18.63393],[81.89932,18.63545],[81.89903,18.63746],[81.89593,18.64048],[81.8975,18.64325],[81.90024,18.65186],[81.90005,18.65274],[81.89604,18.65422],[81.89536,18.6551],[81.8955,18.65647],[81.89819,18.6578],[81.90074,18.65783],[81.90342,18.65997],[81.90771,18.65604],[81.918,18.64917],[81.92398,18.64167],[81.93059,18.64201],[81.93419,18.64302],[81.93606,18.64272],[81.93816,18.6438],[81.94345,18.6421],[81.94964,18.64243],[81.95055,18.64341],[81.95223,18.64886],[81.95422,18.65147],[81.95469,18.65908],[81.9565,18.66274],[81.9631,18.6688],[81.96741,18.66998],[81.97041,18.67242],[81.96649,18.67866],[81.9639,18.68644],[81.96245,18.68718],[81.96446,18.68817],[81.96736,18.69273],[81.97186,18.69738],[81.97686,18.69826],[81.98972,18.70395],[81.99686,18.70348],[81.99937,18.70601],[82.00011,18.70853],[82.00763,18.71347],[82.00964,18.71138],[82.01109,18.7114],[82.01276,18.71225],[82.01694,18.71681],[82.01995,18.71853],[82.02994,18.71976],[82.03307,18.72226],[82.03645,18.72168],[82.04221,18.72236],[82.04994,18.71999],[82.05465,18.72197],[82.05634,18.72193],[82.05775,18.72132],[82.06039,18.71811],[82.06384,18.71756],[82.0668,18.71871],[82.06853,18.72405],[82.07,18.72499],[82.0758,18.72313],[82.07986,18.71972],[82.08703,18.71734],[82.08848,18.71974],[82.08762,18.72626],[82.08966,18.72765],[82.08926,18.73005],[82.09354,18.73923],[82.09459,18.73634],[82.10009,18.73263],[82.10254,18.73184],[82.10381,18.73009],[82.1049,18.73045],[82.10595,18.72887],[82.10712,18.7283],[82.10949,18.72852],[82.11176,18.72516],[82.11678,18.72673],[82.11678,18.72533],[82.11906,18.72551],[82.11954,18.72463],[82.12115,18.72402],[82.12212,18.72441],[82.12351,18.7235],[82.125,18.72385],[82.12609,18.72241],[82.12933,18.72206],[82.13129,18.72083],[82.13452,18.71332],[82.13411,18.70713],[82.13616,18.70587],[82.14057,18.70591],[82.14228,18.70491],[82.1431,18.69835],[82.14487,18.69217],[82.14405,18.68999],[82.14217,18.68789],[82.14151,18.68291],[82.13933,18.68199],[82.13566,18.68182],[82.13293,18.6793],[82.1328,18.67773],[82.13738,18.67498],[82.13926,18.67301],[82.14381,18.6717],[82.14565,18.66978],[82.14573,18.66615],[82.14754,18.66447],[82.1496,18.66705],[82.15598,18.66709],[82.15864,18.67111],[82.16218,18.66871],[82.16467,18.6601],[82.16594,18.64472],[82.17088,18.64153],[82.17275,18.63782],[82.17791,18.6369],[82.18468,18.63808],[82.18634,18.63996],[82.188,18.64738],[82.18935,18.64939],[82.19244,18.65073],[82.19768,18.65497],[82.19846,18.65309],[82.20004,18.65291],[82.20992,18.6589],[82.21166,18.6634],[82.21417,18.66696],[82.21763,18.66652],[82.22374,18.67067],[82.2247,18.6705],[82.22562,18.6643],[82.2296,18.66211],[82.23178,18.6573],[82.23309,18.65014],[82.23141,18.64483],[82.23508,18.64343],[82.23679,18.64173],[82.23652,18.63998],[82.23307,18.63688],[82.231,18.63131],[82.23161,18.62947],[82.23571,18.62619],[82.23401,18.62467],[82.22503,18.62062],[82.22407,18.61555],[82.22495,18.61403],[82.22455,18.61106],[82.22564,18.60983],[82.2273,18.6097],[82.22691,18.61372],[82.22866,18.6156],[82.23001,18.61228],[82.23167,18.61206],[82.23315,18.61311],[82.23491,18.61154],[82.23679,18.61162],[82.23766,18.6125],[82.23766,18.61551],[82.24094,18.61765],[82.24268,18.61757],[82.24417,18.61245],[82.24561,18.61127],[82.24989,18.61381],[82.25315,18.61339],[82.25407,18.60645],[82.25524,18.6033],[82.25599,18.60295],[82.25791,18.60378],[82.25845,18.59869],[82.26074,18.59717],[82.2653,18.59569],[82.26489,18.59151],[82.26841,18.5886],[82.2703,18.59036],[82.27269,18.5885],[82.27584,18.58787],[82.28319,18.59001],[82.28462,18.58885],[82.28631,18.58523],[82.29057,18.58349],[82.29065,18.57903],[82.29154,18.57799],[82.29618,18.57794],[82.29785,18.57655],[82.30002,18.57619],[82.30521,18.57736],[82.31193,18.57492],[82.31483,18.57506],[82.31653,18.57648],[82.32069,18.58253],[82.3296,18.59082],[82.33025,18.59563],[82.33185,18.59797],[82.3446,18.60582],[82.3506,18.61223],[82.35384,18.61289],[82.36057,18.61687],[82.36327,18.62106],[82.36563,18.62281],[82.36935,18.62237],[82.37311,18.62325],[82.3738,18.61901],[82.37585,18.616],[82.38532,18.61675],[82.38779,18.62054],[82.38779,18.62268],[82.39098,18.62272],[82.39263,18.62587],[82.39447,18.62395],[82.39495,18.62189],[82.39696,18.62185],[82.39836,18.62075],[82.39748,18.61923],[82.3988,18.61818],[82.3998,18.61459],[82.40155,18.6139],[82.40112,18.6104],[82.40378,18.60651],[82.40701,18.60529],[82.4059,18.60251],[82.40778,18.59945],[82.40358,18.59661],[82.39855,18.59583],[82.38687,18.59048],[82.38771,18.58325],[82.39128,18.57977],[82.39546,18.57709],[82.39907,18.57596],[82.40034,18.57182],[82.40524,18.56758],[82.41169,18.56316],[82.41493,18.56272],[82.41637,18.56139],[82.40903,18.54841],[82.40823,18.54426],[82.40379,18.53986],[82.40351,18.52757],[82.40488,18.52467],[82.39973,18.5233],[82.39473,18.52778],[82.39056,18.52802],[82.38567,18.52204],[82.38486,18.51745],[82.38686,18.51127],[82.38966,18.51078],[82.39105,18.50976],[82.3885,18.50249],[82.38667,18.50027],[82.38657,18.49726],[82.38721,18.49607],[82.39059,18.49478],[82.39491,18.49167],[82.39987,18.48608],[82.40025,18.48345],[82.39895,18.47827],[82.39948,18.47447],[82.4012,18.46993],[82.40414,18.46851],[82.41111,18.46844],[82.40582,18.46389],[82.40411,18.46036],[82.39824,18.45281],[82.39744,18.44809],[82.39304,18.44721],[82.38843,18.44421],[82.3876,18.44075],[82.38488,18.43664],[82.38351,18.43136],[82.37782,18.42918],[82.37489,18.42685],[82.37201,18.42561],[82.36899,18.42246],[82.36607,18.42079],[82.36633,18.41958],[82.37239,18.41319],[82.37621,18.40563],[82.38094,18.40303],[82.38184,18.40131],[82.38303,18.38922],[82.38499,18.38654],[82.38721,18.38525],[82.38548,18.38265],[82.38711,18.37498],[82.38618,18.36872],[82.38695,18.36568],[82.38056,18.35996],[82.37632,18.35797],[82.37189,18.35719],[82.37067,18.35372],[82.36595,18.35143],[82.36456,18.34325],[82.35791,18.33825],[82.35362,18.33247],[82.34936,18.32846],[82.34764,18.32823],[82.34567,18.32951],[82.34402,18.32826],[82.33932,18.32689],[82.34119,18.32173],[82.3505,18.31538],[82.35366,18.31644],[82.35833,18.315],[82.36601,18.31806],[82.3685,18.32059],[82.36881,18.32272],[82.3718,18.32535],[82.37605,18.32747],[82.37946,18.32624],[82.38103,18.32761],[82.38573,18.32858],[82.39017,18.32759],[82.39089,18.32641],[82.39398,18.32515],[82.39555,18.31613],[82.39649,18.31444],[82.3941,18.31131],[82.39323,18.30895],[82.394,18.29758],[82.38835,18.29228],[82.3866,18.28888],[82.38022,18.28354],[82.37793,18.27981],[82.3756,18.27987],[82.36747,18.27666],[82.36611,18.27676],[82.36415,18.27893],[82.35973,18.28053],[82.35699,18.27963],[82.3459,18.27905],[82.34205,18.27106],[82.34125,18.26188],[82.33826,18.26054],[82.33753,18.24946],[82.33819,18.23995],[82.333,18.23657],[82.32811,18.23527],[82.3261,18.23073],[82.32762,18.22866],[82.33353,18.22416],[82.33855,18.22329],[82.33083,18.21628],[82.32587,18.20905],[82.31436,18.20432],[82.31284,18.20313],[82.31553,18.19618],[82.31445,18.19291],[82.31448,18.19051],[82.3155,18.18659],[82.3176,18.18301],[82.32263,18.18112],[82.33156,18.17512],[82.33887,18.17143],[82.35196,18.1719],[82.3549,18.17079],[82.36096,18.16203],[82.3661,18.15778],[82.37364,18.14773],[82.37304,18.14557],[82.3705,18.14178],[82.37003,18.13739],[82.36838,18.13539],[82.36543,18.13401],[82.36288,18.13439],[82.36134,18.13551],[82.35681,18.14169],[82.3491,18.14521],[82.34334,18.14945],[82.34183,18.14953],[82.34057,18.14673],[82.34053,18.14311],[82.34302,18.13936],[82.34389,18.136],[82.33598,18.12565],[82.33772,18.12273],[82.33575,18.11814],[82.33771,18.11156],[82.33739,18.10567],[82.34077,18.09813],[82.34866,18.09771],[82.3488,18.09408],[82.35133,18.08629],[82.34897,18.08],[82.34978,18.07843],[82.35308,18.07645],[82.3533,18.07557],[82.35207,18.07277],[82.3486,18.06919],[82.34558,18.05738],[82.34409,18.05676],[82.34172,18.05374],[82.33836,18.05155],[82.33545,18.05084],[82.33405,18.05177],[82.33377,18.05446],[82.33196,18.05726],[82.32934,18.05855],[82.32456,18.0593],[82.32108,18.05654],[82.3241,18.048],[82.32219,18.04423],[82.32107,18.04442],[82.31986,18.04646],[82.31853,18.04678],[82.31319,18.04451],[82.31038,18.04417],[82.30933,18.04507],[82.30943,18.04897],[82.31194,18.05182],[82.31242,18.05335],[82.30815,18.05532],[82.30225,18.05382],[82.30043,18.05494],[82.30179,18.05805],[82.30228,18.06306],[82.30608,18.06505],[82.30682,18.06639],[82.30627,18.06776],[82.3024,18.06839],[82.29785,18.06629],[82.29317,18.06775],[82.28999,18.06247],[82.28541,18.06393],[82.28403,18.06324],[82.27852,18.05767],[82.27386,18.05614],[82.2712,18.05031],[82.27053,18.04442],[82.26853,18.04295],[82.26331,18.0412],[82.26346,18.0404],[82.26655,18.03825],[82.27064,18.03368],[82.27152,18.02891],[82.27519,18.02128],[82.27519,18.01811],[82.27332,18.00879],[82.26986,17.99868],[82.26836,17.99729],[82.26554,17.99675],[82.24986,17.99637],[82.23258,17.99798],[82.22561,18.00004],[82.21892,18.00397],[82.21411,18.00784],[82.2111,18.00894],[82.20703,18.01281],[82.20725,18.01776],[82.19819,18.0156],[82.1961,18.01583],[82.19316,18.01441],[82.18998,18.01392],[82.18851,18.01439],[82.1851,18.01808],[82.18093,18.01971],[82.18604,18.02809],[82.18578,18.02903],[82.17703,18.03929],[82.17035,18.0508],[82.15785,18.04863],[82.15467,18.04721],[82.14975,18.05072],[82.14809,18.05083],[82.14712,18.04836],[82.14112,18.04551],[82.13917,18.04315],[82.13843,18.0442],[82.13866,18.04738],[82.13702,18.05585],[82.1348,18.05902],[82.12683,18.05887],[82.12486,18.06146],[82.12202,18.06286],[82.11787,18.06096],[82.11517,18.0606],[82.11092,18.06223],[82.10847,18.0614],[82.10628,18.05962],[82.10333,18.05961],[82.0978,18.06265],[82.09766,18.06642],[82.08931,18.06768],[82.07809,18.07437],[82.07202,18.06785],[82.06911,18.06148],[82.06852,18.05637],[82.06546,18.05494],[82.0619,18.05457],[82.05294,18.05737],[82.04534,18.05604],[82.04154,18.05662],[82.03966,18.06568],[82.0378,18.06755],[82.03442,18.06841],[82.02795,18.06297],[82.02464,18.06214],[82.02121,18.06224],[82.01044,18.0569],[82.00935,18.05548],[82.00765,18.05054],[82.0078,18.04559],[82.013,18.03438],[82.01253,18.03178],[82.01131,18.02978],[82.00837,18.02859],[82.00346,18.02916],[81.99763,18.02744],[81.99588,18.02487],[81.99471,18.01979],[81.99126,18.01777],[81.98704,18.01791],[81.98386,18.01649],[81.97791,18.00947],[81.97141,18.00555],[81.96734,18.00033],[81.96484,17.99832],[81.95788,17.99732],[81.95298,17.99535],[81.94839,17.99486],[81.93836,17.98917],[81.93279,17.98871],[81.92313,17.99035],[81.92,17.98956],[81.91174,17.98426],[81.90823,17.97772],[81.90547,17.97567],[81.90244,17.97496],[81.89593,17.9754],[81.89107,17.97198],[81.88319,17.96782],[81.87148,17.9635],[81.8547,17.95966],[81.84383,17.95614],[81.83324,17.9573],[81.82842,17.95567],[81.82097,17.95097],[81.81345,17.95116],[81.80698,17.94646],[81.80325,17.94241],[81.79778,17.93448],[81.79625,17.93019],[81.79552,17.92458],[81.79187,17.91993],[81.78676,17.91704],[81.78323,17.91335],[81.78053,17.91159],[81.77846,17.91099],[81.77445,17.91183],[81.77306,17.91143],[81.77045,17.90551],[81.76737,17.90269],[81.74998,17.89102],[81.72678,17.87753],[81.71317,17.87129],[81.71071,17.87131],[81.70945,17.87216],[81.70657,17.87646],[81.70558,17.88206],[81.70312,17.8877],[81.70454,17.89355],[81.70293,17.89929],[81.70145,17.90007],[81.69923,17.89979],[81.69787,17.8988],[81.69247,17.88986],[81.6883,17.88521],[81.68392,17.88466],[81.67686,17.88693],[81.67211,17.88571],[81.66849,17.88288],[81.66463,17.88109],[81.6635,17.87956],[81.65926,17.87141],[81.65582,17.86726],[81.65584,17.86118],[81.65318,17.85342],[81.64737,17.84684],[81.643,17.83992],[81.63242,17.83197],[81.63058,17.83171],[81.62677,17.83295],[81.62416,17.83259],[81.62276,17.83019],[81.62057,17.82306],[81.61892,17.82162],[81.61552,17.82206],[81.60959,17.82502],[81.59577,17.8335],[81.57831,17.83664],[81.57554,17.83643],[81.57273,17.83488],[81.5699,17.83118],[81.56696,17.82556],[81.5659,17.82495],[81.5467,17.82378],[81.53955,17.82109],[81.53221,17.82203],[81.52278,17.81596],[81.50548,17.81518],[81.50257,17.81429],[81.49905,17.81208],[81.495,17.81141],[81.49129,17.81174],[81.48839,17.81328],[81.48734,17.81851],[81.48386,17.82249],[81.48177,17.82978],[81.47944,17.83463],[81.4777,17.83651],[81.47082,17.83513],[81.46307,17.82882],[81.4544,17.82705],[81.44613,17.82405],[81.44312,17.82438],[81.44185,17.82526],[81.43941,17.82946],[81.43802,17.83056],[81.43501,17.83056],[81.42946,17.82525],[81.42889,17.82304],[81.42727,17.82094],[81.41721,17.81253],[81.4157,17.81242],[81.41431,17.81467],[81.41129,17.81721],[81.40284,17.81985],[81.40076,17.81995],[81.39821,17.81896],[81.39359,17.8142],[81.39115,17.81939],[81.39033,17.82557]]]}},{"type":"Feature","properties":{"DISTRICT":"MAYURBHANJ","CODE":22},"geometry":{"type":"Polygon","coordinates":[[[85.66447,22.03281],[85.66829,22.03817],[85.67497,22.04041],[85.67638,22.04181],[85.67665,22.04415],[85.6751,22.04802],[85.675,22.0507],[85.67683,22.0541],[85.67908,22.05616],[85.68813,22.05437],[85.69158,22.05656],[85.69254,22.06045],[85.69492,22.06204],[85.70074,22.06179],[85.71078,22.0587],[85.71213,22.05889],[85.71522,22.06165],[85.7206,22.06095],[85.72444,22.06349],[85.72823,22.06316],[85.73634,22.06582],[85.74194,22.06991],[85.75022,22.07249],[85.75573,22.07634],[85.75898,22.07763],[85.75984,22.08464],[85.76649,22.08885],[85.76915,22.0927],[85.77333,22.09418],[85.77965,22.09508],[85.78405,22.09679],[85.7868,22.09865],[85.79053,22.10377],[85.79285,22.10452],[85.79899,22.10432],[85.80002,22.10502],[85.8,22.1081],[85.80312,22.10953],[85.80795,22.11478],[85.8098,22.11573],[85.812,22.11406],[85.81582,22.11267],[85.81686,22.11051],[85.82292,22.10634],[85.8211,22.10231],[85.81699,22.09908],[85.81529,22.09496],[85.81711,22.09381],[85.81914,22.09586],[85.82124,22.09638],[85.82316,22.09558],[85.82415,22.0943],[85.82745,22.0942],[85.82961,22.09319],[85.83384,22.09357],[85.83528,22.09297],[85.83629,22.09146],[85.83609,22.08671],[85.83834,22.07949],[85.8326,22.07795],[85.82611,22.07431],[85.82327,22.07354],[85.81823,22.07345],[85.8153,22.07389],[85.79564,22.08073],[85.78989,22.07199],[85.77728,22.0556],[85.78067,22.04533],[85.78174,22.04329],[85.7854,22.03975],[85.78557,22.03854],[85.78348,22.03494],[85.78334,22.03148],[85.78085,22.02856],[85.77634,22.02725],[85.76901,22.02236],[85.76729,22.02068],[85.76149,22.01073],[85.76122,22.00754],[85.76598,21.99491],[85.77722,21.98962],[85.784,21.98435],[85.78721,21.986],[85.79234,21.98505],[85.80553,21.98861],[85.80723,21.98849],[85.81206,21.98557],[85.81795,21.98527],[85.82085,21.98304],[85.82307,21.9769],[85.82574,21.97503],[85.83354,21.97606],[85.83762,21.97852],[85.83868,21.98007],[85.85564,21.98293],[85.86764,21.98066],[85.8839,21.97942],[85.89379,21.98055],[85.89451,21.98149],[85.89584,21.98161],[85.89673,21.98382],[85.89809,21.9826],[85.90086,21.98267],[85.90228,21.97895],[85.90445,21.97791],[85.90434,21.9751],[85.90536,21.97414],[85.90564,21.97253],[85.90831,21.9695],[85.91037,21.96975],[85.91367,21.97247],[85.91353,21.97353],[85.91229,21.97332],[85.90884,21.97593],[85.91238,21.97785],[85.9133,21.97771],[85.91419,21.97934],[85.91364,21.98014],[85.91248,21.98021],[85.91348,21.98124],[85.91385,21.98419],[85.91215,21.98567],[85.91225,21.98943],[85.91442,21.99609],[85.91708,22.00001],[85.91694,22.00099],[85.91859,22.00165],[85.91829,22.0038],[85.91914,22.0081],[85.92573,22.01055],[85.93349,22.02225],[85.9392,22.02198],[85.94488,22.02014],[85.9464,22.02187],[85.95356,22.03073],[85.95876,22.04118],[85.96767,22.05285],[85.97087,22.06069],[85.97935,22.07146],[85.98395,22.07611],[85.98557,22.08226],[85.98839,22.0875],[85.99532,22.095],[86.00394,22.10977],[86.00924,22.11579],[86.00942,22.11776],[85.99999,22.12701],[85.99919,22.12844],[85.99908,22.13091],[86.00103,22.13238],[86.00205,22.13534],[86.00564,22.13856],[86.00704,22.14847],[86.01125,22.15457],[86.01552,22.1584],[86.01656,22.1602],[86.01761,22.16215],[86.01944,22.17099],[86.02534,22.17966],[86.03368,22.19006],[86.03288,22.19302],[86.02156,22.20387],[86.01842,22.20636],[86.00493,22.21355],[86.00246,22.21737],[85.99969,22.21926],[85.99411,22.22597],[85.98826,22.23619],[85.98322,22.23819],[85.9765,22.24662],[85.99068,22.25287],[85.99174,22.25395],[85.99245,22.25487],[85.99242,22.25796],[85.98974,22.26258],[85.9905,22.26636],[85.99303,22.26912],[85.99796,22.27238],[85.99982,22.27587],[86.00533,22.27863],[86.00842,22.28164],[86.00954,22.28382],[86.00825,22.28623],[86.00861,22.28754],[86.01056,22.28853],[86.0125,22.29253],[86.01508,22.29405],[86.01712,22.29724],[86.0201,22.29817],[86.02197,22.29978],[86.02439,22.29954],[86.02704,22.30186],[86.02964,22.30005],[86.03113,22.30051],[86.03095,22.30209],[86.0351,22.30329],[86.03541,22.30507],[86.03669,22.30583],[86.03898,22.30526],[86.04617,22.30675],[86.04877,22.30796],[86.04916,22.31054],[86.04858,22.31112],[86.04709,22.31066],[86.04334,22.31204],[86.04216,22.31193],[86.04049,22.31001],[86.03731,22.31098],[86.03528,22.31078],[86.03139,22.30722],[86.02987,22.30866],[86.02772,22.30797],[86.02512,22.3082],[86.01884,22.31393],[86.01576,22.31236],[86.01554,22.31742],[86.01332,22.31737],[86.01437,22.32174],[86.02473,22.33166],[86.02674,22.33201],[86.02905,22.33429],[86.02225,22.33816],[86.0121,22.34058],[86.01109,22.34048],[86.01208,22.33915],[86.01165,22.33847],[86.01058,22.33885],[86.01012,22.33833],[86.01062,22.33694],[86.00719,22.33549],[86.00646,22.3359],[86.00555,22.33486],[86.00253,22.33743],[86.00041,22.34104],[86.00021,22.34436],[86.00658,22.34639],[86.00991,22.35101],[86.01362,22.35232],[86.01366,22.35344],[86.01542,22.35457],[86.0153,22.35567],[86.01682,22.3574],[86.01714,22.35901],[86.02161,22.3604],[86.02167,22.36216],[86.02399,22.36426],[86.02415,22.36908],[86.02292,22.37166],[86.02367,22.37569],[86.02439,22.37608],[86.02692,22.3741],[86.02693,22.37553],[86.02996,22.3798],[86.02796,22.38088],[86.02777,22.38181],[86.02913,22.38574],[86.02818,22.38661],[86.02802,22.38802],[86.02573,22.38859],[86.02542,22.38984],[86.02653,22.39217],[86.02592,22.3937],[86.02706,22.39508],[86.02258,22.39767],[86.02107,22.40196],[86.02185,22.40648],[86.0206,22.41002],[86.0181,22.42571],[86.01373,22.42939],[86.00909,22.42655],[86.00562,22.42542],[86.00262,22.42624],[85.99657,22.42902],[85.98647,22.43508],[85.98152,22.44117],[85.9774,22.44387],[85.97433,22.44698],[85.97153,22.44806],[85.96757,22.45126],[85.97052,22.45874],[85.96983,22.46068],[85.96446,22.46013],[85.96103,22.46176],[85.95924,22.46417],[85.95941,22.46538],[85.96347,22.4684],[85.96416,22.47018],[85.96564,22.47805],[85.96527,22.48456],[85.97243,22.48635],[85.9746,22.49047],[85.97435,22.49431],[85.97343,22.49572],[85.97404,22.49762],[85.97562,22.49912],[85.97472,22.49992],[85.97501,22.50481],[85.97991,22.50815],[85.9812,22.51031],[85.9821,22.51055],[85.98258,22.50993],[85.9837,22.5106],[85.98474,22.51339],[85.98856,22.5152],[85.99357,22.51536],[85.99475,22.51412],[85.99612,22.51437],[85.99843,22.51339],[86.00414,22.51382],[86.00819,22.51832],[86.02308,22.5275],[86.02853,22.52402],[86.03262,22.53018],[86.03423,22.53471],[86.03383,22.53738],[86.02753,22.54419],[86.02747,22.54668],[86.03301,22.55336],[86.033,22.55486],[86.03829,22.5589],[86.0469,22.56731],[86.05123,22.56253],[86.05991,22.55832],[86.06911,22.55589],[86.06824,22.55329],[86.06998,22.55034],[86.07771,22.54384],[86.0808,22.53782],[86.09104,22.5261],[86.09655,22.51656],[86.09867,22.51137],[86.10052,22.5101],[86.10403,22.50084],[86.11329,22.49029],[86.11848,22.48666],[86.12117,22.48568],[86.12322,22.48713],[86.12659,22.48761],[86.14791,22.48365],[86.15301,22.4824],[86.15173,22.47924],[86.15865,22.47945],[86.16277,22.4816],[86.17439,22.48019],[86.20255,22.47102],[86.20991,22.47254],[86.21157,22.47143],[86.21642,22.46529],[86.22441,22.46676],[86.21909,22.46206],[86.22638,22.45224],[86.23491,22.45205],[86.24177,22.45087],[86.25109,22.44709],[86.25449,22.44706],[86.25923,22.4448],[86.2663,22.44444],[86.27054,22.44142],[86.27312,22.44239],[86.27856,22.4465],[86.28341,22.4478],[86.28975,22.43413],[86.29414,22.4268],[86.29826,22.42328],[86.30236,22.42278],[86.30512,22.4209],[86.30939,22.41454],[86.30791,22.41146],[86.30833,22.40896],[86.31757,22.40034],[86.32267,22.39675],[86.32454,22.39192],[86.32247,22.38837],[86.32291,22.38474],[86.33007,22.37725],[86.33718,22.37323],[86.34178,22.37238],[86.35192,22.36359],[86.35497,22.35805],[86.3596,22.35303],[86.35956,22.34874],[86.36813,22.34351],[86.37899,22.34083],[86.41051,22.31997],[86.42338,22.317],[86.42969,22.31662],[86.43044,22.31027],[86.43277,22.30647],[86.43731,22.30556],[86.43954,22.30329],[86.44173,22.30262],[86.44457,22.30574],[86.44691,22.31153],[86.44541,22.3166],[86.44608,22.31834],[86.44527,22.32545],[86.44766,22.32813],[86.45098,22.32706],[86.45441,22.32451],[86.45921,22.32502],[86.46092,22.3241],[86.4622,22.32541],[86.46384,22.32509],[86.46571,22.32775],[86.46455,22.32901],[86.47024,22.32935],[86.47181,22.33101],[86.47176,22.33273],[86.47361,22.33491],[86.47643,22.33496],[86.47675,22.33624],[86.48023,22.33569],[86.48573,22.33727],[86.48566,22.33852],[86.48677,22.33891],[86.48675,22.34244],[86.48956,22.3469],[86.49493,22.34641],[86.49676,22.34486],[86.49926,22.34646],[86.5004,22.34443],[86.50448,22.34262],[86.5047,22.34059],[86.50586,22.33938],[86.50593,22.33558],[86.5097,22.33386],[86.50943,22.32831],[86.51038,22.32697],[86.52393,22.32247],[86.5292,22.32268],[86.52937,22.3206],[86.53053,22.31855],[86.53006,22.31433],[86.52892,22.31394],[86.52606,22.31475],[86.52549,22.31401],[86.52813,22.31008],[86.52786,22.30654],[86.53376,22.30228],[86.535,22.30001],[86.53736,22.30049],[86.54183,22.30388],[86.54195,22.30658],[86.54292,22.30727],[86.54619,22.30629],[86.54762,22.30409],[86.54974,22.30315],[86.55067,22.30058],[86.55641,22.29748],[86.55981,22.29733],[86.56409,22.30073],[86.56824,22.30013],[86.57129,22.30051],[86.57347,22.29907],[86.57315,22.29712],[86.57426,22.29526],[86.57924,22.2946],[86.58029,22.29539],[86.57931,22.29734],[86.57934,22.30024],[86.58488,22.30058],[86.58741,22.29439],[86.58994,22.29332],[86.59061,22.28857],[86.5953,22.28439],[86.59535,22.28276],[86.5964,22.28118],[86.59483,22.27906],[86.59568,22.27761],[86.60257,22.27815],[86.60604,22.28114],[86.61285,22.28252],[86.61523,22.2803],[86.61861,22.28014],[86.62078,22.27789],[86.62421,22.27621],[86.62655,22.27324],[86.62811,22.27272],[86.62978,22.26853],[86.63084,22.26895],[86.63262,22.27176],[86.63538,22.27227],[86.63821,22.27196],[86.64046,22.27021],[86.64204,22.26456],[86.64485,22.2675],[86.64667,22.26766],[86.64712,22.26678],[86.64606,22.26359],[86.64875,22.26456],[86.65152,22.26318],[86.65373,22.25783],[86.65407,22.25524],[86.65672,22.2498],[86.65315,22.24537],[86.6524,22.24303],[86.65318,22.23904],[86.65612,22.23575],[86.65831,22.23489],[86.66087,22.23492],[86.66766,22.24022],[86.67223,22.24161],[86.6741,22.2395],[86.67471,22.23316],[86.67583,22.23006],[86.67973,22.22526],[86.68298,22.22323],[86.69053,22.22067],[86.70075,22.22063],[86.70478,22.21932],[86.71067,22.22196],[86.71597,22.21939],[86.72318,22.21959],[86.72533,22.21874],[86.72731,22.21732],[86.7242,22.21054],[86.72295,22.20433],[86.72143,22.20135],[86.72283,22.18991],[86.72181,22.18785],[86.71835,22.18591],[86.71884,22.18336],[86.7179,22.1816],[86.72025,22.17709],[86.72124,22.17286],[86.72123,22.16703],[86.71978,22.16505],[86.72063,22.16238],[86.72184,22.14673],[86.72736,22.14573],[86.73029,22.14606],[86.73859,22.14923],[86.74585,22.14857],[86.77026,22.14913],[86.78161,22.1524],[86.7888,22.15314],[86.79062,22.15745],[86.79484,22.15716],[86.79992,22.15314],[86.80119,22.15116],[86.80441,22.15031],[86.80522,22.14695],[86.80428,22.14397],[86.80582,22.14109],[86.80589,22.13551],[86.80527,22.13247],[86.80199,22.13049],[86.80964,22.12894],[86.81403,22.12589],[86.81098,22.12381],[86.8089,22.11914],[86.81198,22.11735],[86.81588,22.11759],[86.82027,22.11543],[86.82694,22.1179],[86.82836,22.11773],[86.82994,22.11342],[86.83108,22.11248],[86.83114,22.11113],[86.83344,22.10963],[86.83333,22.10759],[86.83676,22.10352],[86.83611,22.10025],[86.83785,22.09767],[86.84641,22.09613],[86.84937,22.10018],[86.8516,22.09906],[86.85176,22.09998],[86.85088,22.10069],[86.85195,22.10285],[86.86231,22.10169],[86.86627,22.09921],[86.87526,22.09882],[86.8812,22.09711],[86.89639,22.09463],[86.907,22.09174],[86.92213,22.091],[86.92791,22.08957],[86.93,22.09071],[86.93584,22.09027],[86.9465,22.08558],[86.95383,22.08573],[86.9602,22.08795],[86.96815,22.08457],[86.96936,22.08146],[86.97391,22.07764],[86.97444,22.07147],[86.98897,22.06023],[86.99545,22.05302],[87.00007,22.05268],[87.00978,22.04729],[87.01092,22.04773],[87.01252,22.04683],[87.01624,22.04707],[87.02007,22.04395],[87.02129,22.04117],[87.02905,22.03628],[87.02861,22.03143],[87.02579,22.0249],[87.02439,22.0188],[87.0256,22.01669],[87.0252,22.01573],[87.0293,22.0024],[87.03393,21.99613],[87.03455,21.99374],[87.03283,21.98273],[87.02374,21.97215],[87.01809,21.95435],[87.01572,21.94984],[87.01176,21.94702],[87.00974,21.94186],[87.00801,21.93983],[87.00854,21.93754],[87.00794,21.93592],[87.00803,21.9274],[87.00468,21.92527],[87.00509,21.92232],[87.00643,21.92054],[87.00281,21.91306],[87.00291,21.91223],[87.0072,21.90959],[87.00838,21.90516],[87.0119,21.89912],[87.02296,21.89291],[87.02593,21.8894],[87.02748,21.88545],[87.02635,21.88427],[87.02693,21.88356],[87.02651,21.8827],[87.02848,21.88017],[87.02953,21.87481],[87.03329,21.8727],[87.03526,21.86959],[87.03977,21.86742],[87.04697,21.86777],[87.04897,21.86654],[87.05305,21.86695],[87.06414,21.86457],[87.06763,21.8656],[87.07231,21.86504],[87.07721,21.86598],[87.0813,21.86442],[87.08356,21.86606],[87.08706,21.86673],[87.08914,21.86666],[87.09174,21.86535],[87.10019,21.86588],[87.10192,21.86449],[87.1052,21.85853],[87.10677,21.85834],[87.10817,21.85687],[87.11314,21.85614],[87.11547,21.85455],[87.12064,21.85442],[87.1222,21.84948],[87.12376,21.84817],[87.12424,21.84176],[87.13097,21.83908],[87.14684,21.82917],[87.15858,21.82448],[87.17822,21.81326],[87.18076,21.80841],[87.18169,21.80322],[87.18421,21.80172],[87.18565,21.79824],[87.18612,21.79177],[87.18255,21.79193],[87.18236,21.79636],[87.18019,21.80114],[87.17847,21.80749],[87.1758,21.81179],[87.1711,21.80809],[87.17152,21.80615],[87.17343,21.80507],[87.17343,21.8035],[87.17254,21.80315],[87.17188,21.7978],[87.17251,21.79528],[87.17353,21.79451],[87.17366,21.78817],[87.16866,21.78514],[87.1646,21.78807],[87.16393,21.78734],[87.16686,21.78412],[87.16486,21.78],[87.16358,21.77248],[87.16145,21.77047],[87.15376,21.77127],[87.14213,21.77411],[87.13291,21.778],[87.12788,21.77615],[87.12899,21.77127],[87.1245,21.77111],[87.12475,21.77975],[87.12408,21.78243],[87.12009,21.78262],[87.11767,21.78431],[87.11729,21.78354],[87.11614,21.78354],[87.11474,21.78453],[87.11484,21.78597],[87.11588,21.78689],[87.12074,21.78412],[87.12064,21.78514],[87.11914,21.78629],[87.11945,21.78842],[87.11353,21.78782],[87.11088,21.78214],[87.10622,21.78323],[87.10779,21.78071],[87.10384,21.7772],[87.10549,21.77608],[87.1046,21.77073],[87.11496,21.7648],[87.11547,21.76307],[87.1172,21.76269],[87.12086,21.75848],[87.12271,21.7575],[87.12491,21.75453],[87.12462,21.75335],[87.11703,21.7538],[87.11407,21.7522],[87.10912,21.75428],[87.10651,21.75361],[87.10581,21.75163],[87.1005,21.74786],[87.09937,21.74625],[87.09678,21.74673],[87.09521,21.74366],[87.09517,21.74158],[87.09649,21.74023],[87.09623,21.73793],[87.09834,21.73542],[87.09831,21.73228],[87.09196,21.73542],[87.09017,21.73793],[87.08707,21.73746],[87.08765,21.73472],[87.08886,21.7337],[87.08919,21.73137],[87.09116,21.73122],[87.092,21.73191],[87.09196,21.73337],[87.09258,21.73315],[87.0932,21.73085],[87.09554,21.73107],[87.09517,21.7267],[87.09447,21.72582],[87.09379,21.72582],[87.09375,21.72779],[87.08923,21.72896],[87.09021,21.7267],[87.08919,21.72495],[87.09123,21.72152],[87.0897,21.72038],[87.08966,21.71517],[87.08576,21.71776],[87.08489,21.71931],[87.07915,21.71411],[87.08047,21.71042],[87.07686,21.71104],[87.07682,21.71017],[87.07332,21.71174],[87.07266,21.71046],[87.07372,21.71046],[87.07426,21.70864],[87.07197,21.70674],[87.06796,21.70721],[87.06635,21.70608],[87.06165,21.70553],[87.05179,21.71028],[87.04858,21.71301],[87.04595,21.71998],[87.04603,21.72823],[87.04705,21.73118],[87.04526,21.736],[87.04861,21.73885],[87.04552,21.73888],[87.04388,21.7406],[87.03924,21.73972],[87.03935,21.74049],[87.03618,21.74019],[87.03614,21.74085],[87.02785,21.74213],[87.02742,21.74016],[87.02585,21.73826],[87.0268,21.73615],[87.03049,21.73487],[87.03078,21.73282],[87.0322,21.7318],[87.03231,21.72794],[87.03099,21.72662],[87.03377,21.72042],[87.03639,21.71911],[87.03905,21.72082],[87.04052,21.71721],[87.03854,21.71477],[87.03924,21.71199],[87.04128,21.71112],[87.04147,21.70907],[87.04085,21.7082],[87.03854,21.70747],[87.0376,21.70594],[87.03789,21.70375],[87.03924,21.70159],[87.03876,21.69751],[87.03938,21.69638],[87.0442,21.69335],[87.04537,21.6936],[87.0453,21.69003],[87.04779,21.69003],[87.04949,21.68671],[87.05227,21.68634],[87.05424,21.68481],[87.05463,21.68193],[87.0523,21.6774],[87.05037,21.67631],[87.04337,21.67835],[87.04337,21.67452],[87.04176,21.67368],[87.04088,21.67138],[87.03836,21.67131],[87.03493,21.67303],[87.03391,21.66952],[87.03304,21.6604],[87.028,21.6619],[87.0253,21.66368],[87.02567,21.66784],[87.02691,21.66781],[87.0268,21.66989],[87.02757,21.67157],[87.02618,21.67321],[87.02399,21.67321],[87.02165,21.66971],[87.02042,21.66923],[87.01972,21.67109],[87.02121,21.67407],[87.01461,21.67624],[87.01403,21.6747],[87.01202,21.67554],[87.01176,21.67354],[87.00976,21.67354],[87.01035,21.675],[87.00575,21.67567],[87.00573,21.67446],[87.00501,21.67433],[87.00349,21.67595],[86.9996,21.67229],[86.99704,21.67203],[86.99325,21.67319],[86.99358,21.67131],[86.99228,21.67122],[86.99046,21.66911],[86.99059,21.66775],[86.99208,21.66697],[86.99364,21.66286],[86.99361,21.65864],[86.99228,21.65812],[86.9916,21.65245],[86.99613,21.64979],[86.99721,21.65051],[86.99866,21.64983],[86.99986,21.65077],[87.00686,21.65226],[87.00978,21.65112],[87.00929,21.64937],[87.00991,21.64814],[87.01286,21.64918],[87.01425,21.64827],[87.01467,21.63699],[87.01119,21.63188],[87.00781,21.63156],[87.00647,21.62522],[87.00463,21.62517],[87.00195,21.62673],[87.00117,21.62256],[86.99857,21.62158],[86.99951,21.62444],[86.99805,21.62538],[86.99653,21.62491],[86.9998,21.63268],[86.99846,21.63409],[86.99548,21.63485],[86.99297,21.63309],[86.9929,21.63198],[86.99127,21.63169],[86.98952,21.62854],[86.9908,21.62783],[86.98853,21.62772],[86.99496,21.62532],[86.99506,21.62263],[86.99604,21.62144],[86.99616,21.62073],[86.99343,21.6193],[86.99092,21.61884],[86.99104,21.61808],[86.99699,21.61884],[86.99945,21.61714],[87.00102,21.61713],[87.00333,21.61514],[87.00181,21.61419],[87.00095,21.61237],[86.99842,21.61151],[86.99849,21.61062],[87.00114,21.60982],[87.00494,21.6036],[87.00884,21.60134],[87.00864,21.60001],[87.00826,21.5992],[87.00531,21.59972],[87.00294,21.59625],[87.00012,21.59544],[86.99531,21.59213],[86.9949,21.59281],[86.99401,21.59122],[86.99202,21.59155],[86.99229,21.59262],[86.99506,21.59492],[86.99417,21.59553],[86.99017,21.59109],[86.98698,21.59058],[86.98647,21.58927],[86.98075,21.58748],[86.97715,21.58487],[86.97289,21.58527],[86.97186,21.58872],[86.97025,21.58843],[86.97023,21.58773],[86.9668,21.58787],[86.96627,21.58424],[86.96555,21.58432],[86.96555,21.58295],[86.96329,21.5813],[86.96288,21.58004],[86.96042,21.58023],[86.96098,21.58663],[86.96333,21.5868],[86.96288,21.58867],[86.9654,21.59315],[86.96224,21.59283],[86.96139,21.5963],[86.96016,21.5962],[86.95949,21.59431],[86.95912,21.59512],[86.95744,21.59498],[86.95631,21.59369],[86.95673,21.59124],[86.95584,21.59043],[86.95871,21.58454],[86.95809,21.58326],[86.95486,21.58318],[86.95493,21.58159],[86.95555,21.57872],[86.95829,21.578],[86.95866,21.57556],[86.95963,21.57544],[86.95963,21.57294],[86.95383,21.57337],[86.94931,21.57601],[86.94487,21.57634],[86.94476,21.57713],[86.93107,21.58273],[86.93006,21.58436],[86.93034,21.58614],[86.92719,21.58729],[86.92675,21.58894],[86.92316,21.59037],[86.92017,21.58574],[86.91899,21.58132],[86.91564,21.58112],[86.91163,21.57948],[86.91017,21.58401],[86.91238,21.58768],[86.91364,21.59147],[86.90887,21.5937],[86.9069,21.59682],[86.90676,21.59277],[86.90472,21.59233],[86.90363,21.59376],[86.90465,21.59814],[86.90814,21.59723],[86.90862,21.59836],[86.90697,21.59919],[86.90675,21.60097],[86.90514,21.60235],[86.90511,21.60454],[86.90135,21.60882],[86.90192,21.612],[86.90019,21.61233],[86.89899,21.61096],[86.89375,21.61171],[86.89256,21.61317],[86.89164,21.61322],[86.8903,21.61902],[86.89096,21.62301],[86.88693,21.626],[86.8848,21.62509],[86.88424,21.62389],[86.88253,21.62798],[86.88268,21.62982],[86.87968,21.63234],[86.88053,21.63563],[86.87798,21.63738],[86.87476,21.63263],[86.87572,21.62148],[86.88668,21.61528],[86.88908,21.61154],[86.88155,21.61167],[86.87891,21.60683],[86.87809,21.60237],[86.8746,21.60382],[86.86841,21.59085],[86.86695,21.59026],[86.86512,21.59114],[86.86624,21.59638],[86.85966,21.59834],[86.85692,21.60175],[86.85654,21.60333],[86.85534,21.60208],[86.85413,21.60242],[86.85188,21.60133],[86.8493,21.60433],[86.8491,21.60233],[86.84756,21.60229],[86.84677,21.59875],[86.84605,21.59842],[86.84181,21.60058],[86.84019,21.60267],[86.83832,21.60287],[86.83832,21.60504],[86.83636,21.60471],[86.83561,21.6062],[86.83253,21.60795],[86.83182,21.60766],[86.83203,21.60533],[86.8307,21.60458],[86.82624,21.60546],[86.82317,21.60416],[86.81068,21.60822],[86.80175,21.60694],[86.80175,21.60576],[86.79764,21.60499],[86.79697,21.60329],[86.79568,21.60324],[86.79559,21.60083],[86.79877,21.60098],[86.79846,21.59796],[86.79707,21.59693],[86.7904,21.59898],[86.78429,21.60198],[86.7788,21.60129],[86.77785,21.60204],[86.77751,21.60357],[86.77598,21.6036],[86.77392,21.60154],[86.77119,21.60109],[86.7699,21.60159],[86.76787,21.60053],[86.76432,21.6024],[86.76383,21.60329],[86.76184,21.60383],[86.76112,21.605],[86.7559,21.60636],[86.75392,21.60622],[86.75163,21.60458],[86.74857,21.60523],[86.74712,21.60357],[86.74204,21.60474],[86.73823,21.60406],[86.7375,21.59862],[86.73063,21.59894],[86.72883,21.59835],[86.72771,21.59907],[86.72285,21.59808],[86.72285,21.59615],[86.72006,21.59687],[86.71998,21.59597],[86.71679,21.59602],[86.71571,21.5953],[86.7153,21.59363],[86.71377,21.59287],[86.71179,21.58617],[86.70789,21.58747],[86.70285,21.58604],[86.69772,21.58721],[86.69718,21.58487],[86.69566,21.58415],[86.69354,21.58577],[86.69112,21.58595],[86.68977,21.593],[86.68774,21.59346],[86.68546,21.59603],[86.67763,21.58591],[86.67331,21.58231],[86.66855,21.58038],[86.66667,21.57761],[86.65914,21.5779],[86.65099,21.58008],[86.65114,21.57686],[86.65029,21.57479],[86.65208,21.57198],[86.65222,21.57037],[86.65146,21.56547],[86.64873,21.56229],[86.6507,21.55971],[86.65077,21.55805],[86.64534,21.55559],[86.64482,21.55139],[86.6427,21.54809],[86.64087,21.5387],[86.64138,21.53508],[86.63969,21.53271],[86.63799,21.53172],[86.63566,21.53181],[86.63301,21.5345],[86.63096,21.53149],[86.62887,21.53315],[86.62814,21.5321],[86.62933,21.52826],[86.62842,21.5275],[86.62615,21.52777],[86.626,21.52397],[86.62379,21.52517],[86.62214,21.52521],[86.62087,21.52227],[86.61813,21.5223],[86.61491,21.51871],[86.61241,21.51772],[86.60781,21.51952],[86.60123,21.51792],[86.5927,21.52119],[86.59026,21.52077],[86.58421,21.52153],[86.57922,21.51085],[86.5698,21.49468],[86.56807,21.48878],[86.56216,21.4761],[86.56127,21.47186],[86.55151,21.45864],[86.54392,21.44291],[86.53931,21.43722],[86.53211,21.42544],[86.51991,21.41191],[86.51492,21.40798],[86.51019,21.40245],[86.50275,21.39788],[86.49933,21.39234],[86.48975,21.38133],[86.4825,21.37582],[86.47296,21.37163],[86.46648,21.36642],[86.46188,21.36576],[86.45901,21.36444],[86.45918,21.36323],[86.45348,21.36164],[86.45023,21.35835],[86.43871,21.35214],[86.43629,21.33996],[86.43393,21.33771],[86.42548,21.33358],[86.42603,21.33073],[86.41412,21.32611],[86.40636,21.31949],[86.39707,21.31934],[86.39281,21.31731],[86.38802,21.31166],[86.38596,21.31024],[86.38318,21.30949],[86.37951,21.30657],[86.37251,21.30619],[86.36672,21.3026],[86.36147,21.30065],[86.36054,21.30107],[86.36127,21.30587],[86.36091,21.31196],[86.35853,21.31553],[86.35694,21.32063],[86.3462,21.32689],[86.34053,21.33298],[86.3285,21.34186],[86.31546,21.34806],[86.29752,21.35495],[86.2891,21.36645],[86.28756,21.37094],[86.28726,21.37417],[86.27837,21.37903],[86.26902,21.37937],[86.26652,21.37814],[86.26869,21.37487],[86.27047,21.37021],[86.26984,21.36608],[86.26747,21.36064],[86.2666,21.35967],[86.2645,21.35916],[86.25691,21.35248],[86.25204,21.34941],[86.25121,21.34456],[86.23974,21.33151],[86.22594,21.32342],[86.22615,21.3192],[86.22546,21.31669],[86.22065,21.31271],[86.22133,21.30972],[86.22055,21.30801],[86.22071,21.30462],[86.21891,21.30129],[86.21935,21.29803],[86.21793,21.29593],[86.21654,21.29579],[86.21571,21.29488],[86.215,21.29066],[86.21373,21.28942],[86.21083,21.28856],[86.20921,21.28673],[86.208,21.28226],[86.2085,21.28103],[86.20782,21.28003],[86.20168,21.27991],[86.19696,21.27382],[86.1937,21.27336],[86.19145,21.27122],[86.18999,21.27078],[86.18736,21.27357],[86.17746,21.27587],[86.16393,21.28308],[86.16199,21.2852],[86.16232,21.29243],[86.15984,21.29283],[86.15702,21.29164],[86.15186,21.28696],[86.14465,21.27809],[86.14205,21.27786],[86.1384,21.28126],[86.13826,21.26564],[86.13316,21.26459],[86.13183,21.26666],[86.12995,21.26794],[86.12722,21.26738],[86.12673,21.27],[86.12512,21.27007],[86.1194,21.27318],[86.11669,21.27373],[86.11579,21.27687],[86.11665,21.27857],[86.1164,21.28155],[86.11698,21.28326],[86.11548,21.28495],[86.11573,21.28701],[86.11316,21.28875],[86.11147,21.29321],[86.11225,21.29518],[86.10955,21.2953],[86.1081,21.30011],[86.10964,21.30452],[86.10471,21.30545],[86.09925,21.30547],[86.09541,21.30858],[86.09441,21.31237],[86.09277,21.31113],[86.09167,21.31077],[86.09157,21.31139],[86.09247,21.31301],[86.09811,21.31712],[86.09959,21.31985],[86.09915,21.32313],[86.10439,21.32318],[86.10555,21.32569],[86.10739,21.32557],[86.10693,21.32938],[86.11106,21.33687],[86.11147,21.33969],[86.11104,21.34529],[86.10731,21.34897],[86.10748,21.35011],[86.11259,21.35374],[86.1154,21.35457],[86.11938,21.35705],[86.12526,21.35867],[86.12546,21.36008],[86.12446,21.36179],[86.12547,21.36447],[86.12245,21.36781],[86.1222,21.37151],[86.12514,21.37581],[86.12643,21.37944],[86.13125,21.38326],[86.13174,21.38733],[86.13562,21.39369],[86.13843,21.40077],[86.15266,21.41025],[86.15697,21.41215],[86.16171,21.41968],[86.16485,21.42336],[86.16244,21.42366],[86.16073,21.42569],[86.15617,21.4367],[86.1524,21.4414],[86.15017,21.44189],[86.14833,21.44581],[86.14854,21.44685],[86.14517,21.44788],[86.14233,21.4513],[86.13985,21.4521],[86.13949,21.45405],[86.13729,21.45546],[86.1372,21.46307],[86.13377,21.46576],[86.13156,21.47059],[86.12792,21.47278],[86.12269,21.47763],[86.09232,21.49697],[86.08999,21.4978],[86.08419,21.49814],[86.07854,21.50075],[86.07093,21.50257],[86.06337,21.50757],[86.05805,21.5096],[86.0509,21.51435],[86.03652,21.52156],[86.02099,21.52687],[86.00862,21.53355],[86.01305,21.54218],[86.01878,21.5492],[86.02121,21.54931],[86.02121,21.55293],[86.01929,21.55647],[86.01871,21.56079],[86.02102,21.5614],[86.02264,21.564],[86.02537,21.56515],[86.02837,21.56831],[86.02987,21.57108],[86.03295,21.57077],[86.03491,21.5717],[86.03734,21.57163],[86.04059,21.57321],[86.0433,21.57569],[86.04742,21.57597],[86.0489,21.57695],[86.05131,21.58193],[86.05042,21.58533],[86.05273,21.58547],[86.0536,21.58685],[86.05333,21.58948],[86.05146,21.59027],[86.05273,21.59422],[86.05814,21.59711],[86.06097,21.60212],[86.06483,21.60403],[86.06759,21.6071],[86.07036,21.60819],[86.07069,21.60904],[86.06899,21.611],[86.06815,21.61342],[86.07323,21.61719],[86.07415,21.62353],[86.07841,21.62503],[86.07896,21.6271],[86.08092,21.6288],[86.08095,21.63214],[86.08208,21.63529],[86.08015,21.63902],[86.07504,21.64436],[86.07567,21.64572],[86.0743,21.64967],[86.07563,21.65208],[86.07515,21.65358],[86.0755,21.65869],[86.07363,21.66066],[86.07507,21.67066],[86.07798,21.67299],[86.07931,21.67943],[86.08349,21.68514],[86.0845,21.69132],[86.08114,21.69315],[86.08018,21.69477],[86.07819,21.69388],[86.0775,21.695],[86.07517,21.69522],[86.07371,21.69441],[86.07367,21.69185],[86.07249,21.68874],[86.06684,21.68788],[86.05945,21.69268],[86.05689,21.6981],[86.05826,21.70201],[86.05812,21.70467],[86.05608,21.70807],[86.05338,21.70774],[86.05273,21.71287],[86.051,21.71791],[86.05032,21.71423],[86.04446,21.70664],[86.04107,21.70474],[86.0394,21.70086],[86.03807,21.69373],[86.03374,21.69052],[86.0305,21.69249],[86.0265,21.69598],[86.02652,21.69742],[86.02756,21.69891],[86.02531,21.70671],[86.02762,21.71165],[86.02714,21.71562],[86.02824,21.72392],[86.02421,21.7246],[86.02003,21.72911],[86.02074,21.74025],[86.01875,21.74104],[86.01705,21.74468],[86.01815,21.74564],[86.01695,21.74601],[86.01748,21.74632],[86.01713,21.74879],[86.01623,21.75033],[86.01365,21.75031],[86.01153,21.74636],[86.00837,21.7467],[86.00891,21.74553],[86.00832,21.74474],[86.00722,21.74516],[86.00481,21.74886],[86.00115,21.74663],[86.00135,21.74575],[86.00317,21.74492],[86.00314,21.74417],[86.001,21.74515],[85.99725,21.74279],[85.99609,21.7472],[85.99455,21.74832],[85.9919,21.74602],[85.98957,21.7469],[85.98593,21.74583],[85.98216,21.74326],[85.97885,21.73902],[85.97693,21.73981],[85.97627,21.74273],[85.97466,21.73993],[85.97315,21.73881],[85.97077,21.74227],[85.96965,21.74212],[85.9688,21.73962],[85.96796,21.73916],[85.9653,21.74131],[85.96384,21.74401],[85.96099,21.74445],[85.96045,21.74618],[85.95853,21.74822],[85.95487,21.7471],[85.95348,21.74795],[85.95371,21.75083],[85.95012,21.7498],[85.94975,21.752],[85.94881,21.75306],[85.94282,21.75584],[85.94213,21.7582],[85.93832,21.76256],[85.934,21.76132],[85.92745,21.76284],[85.92165,21.76244],[85.91949,21.75952],[85.91829,21.762],[85.91532,21.76404],[85.91369,21.76421],[85.91313,21.76746],[85.91142,21.76982],[85.9101,21.76952],[85.90685,21.76596],[85.90218,21.76605],[85.90183,21.76674],[85.90359,21.76947],[85.90347,21.77033],[85.90154,21.7714],[85.89646,21.77711],[85.89458,21.78105],[85.89291,21.78212],[85.88752,21.78208],[85.88437,21.78993],[85.88107,21.79203],[85.87723,21.79323],[85.87517,21.79486],[85.87025,21.79627],[85.86828,21.79516],[85.86601,21.7952],[85.86272,21.797],[85.86185,21.79961],[85.85933,21.79969],[85.85719,21.80145],[85.84795,21.8026],[85.84662,21.80487],[85.84095,21.8096],[85.83894,21.80879],[85.83273,21.80836],[85.83034,21.80434],[85.82751,21.80254],[85.82584,21.80635],[85.81966,21.80697],[85.81653,21.80975],[85.81187,21.81048],[85.81092,21.81232],[85.81144,21.81932],[85.80872,21.82496],[85.80757,21.82973],[85.80818,21.83376],[85.81143,21.8394],[85.81067,21.84497],[85.81117,21.85096],[85.80547,21.86173],[85.80499,21.87067],[85.80229,21.87561],[85.8027,21.87758],[85.80671,21.88374],[85.80717,21.88706],[85.80618,21.88899],[85.80246,21.89138],[85.79602,21.89863],[85.79205,21.90078],[85.79016,21.90242],[85.79002,21.90339],[85.79067,21.91003],[85.79455,21.9192],[85.79652,21.93144],[85.79466,21.94458],[85.79586,21.95089],[85.78661,21.96044],[85.77982,21.95833],[85.77801,21.95878],[85.77406,21.96468],[85.7691,21.96791],[85.76856,21.96867],[85.76887,21.97111],[85.76752,21.97309],[85.76497,21.97373],[85.76117,21.97284],[85.75571,21.97642],[85.74962,21.97693],[85.74768,21.98039],[85.7491,21.98472],[85.74841,21.98736],[85.74046,21.9924],[85.73698,21.9931],[85.73385,21.99266],[85.73046,21.98939],[85.72826,21.98842],[85.71865,21.98782],[85.71141,21.98479],[85.70911,21.98421],[85.70761,21.98479],[85.70119,21.99019],[85.69969,21.99283],[85.70483,21.99925],[85.70454,22.0041],[85.69485,22.00891],[85.69264,22.00902],[85.6892,22.00688],[85.68668,22.0068],[85.68177,22.0092],[85.67607,22.01323],[85.67111,22.0132],[85.67001,22.01843],[85.66708,22.02521],[85.66605,22.03048],[85.66447,22.03281]]]}},{"type":"Feature","properties":{"DISTRICT":"NAWARANGPUR","CODE":23},"geometry":{"type":"Polygon","coordinates":[[[81.84691,19.95073],[81.84702,19.95787],[81.85596,19.96894],[81.85685,19.97098],[81.85769,19.97955],[81.86151,19.99767],[81.86227,20.00439],[81.86664,20.00841],[81.86784,20.01213],[81.86631,20.02597],[81.87045,20.03183],[81.87029,20.03811],[81.87269,20.04327],[81.8779,20.04992],[81.88446,20.04461],[81.88906,20.04315],[81.89754,20.04744],[81.89953,20.04955],[81.90363,20.05791],[81.91635,20.06896],[81.91869,20.0718],[81.92447,20.08178],[81.92376,20.0844],[81.9241,20.08552],[81.92759,20.09085],[81.93185,20.09389],[81.93571,20.09563],[81.93645,20.09867],[81.93775,20.09932],[81.93918,20.10185],[81.94933,20.10437],[81.95625,20.10027],[81.9607,20.09641],[81.96536,20.09033],[81.97475,20.08369],[81.98053,20.07682],[81.98491,20.07323],[81.98582,20.06715],[81.98707,20.06591],[81.98869,20.0606],[81.9966,20.05296],[82.00398,20.05286],[82.00467,20.05454],[82.00699,20.05486],[82.01082,20.05318],[82.01341,20.05309],[82.01861,20.04862],[82.02097,20.04347],[82.02453,20.03081],[82.02316,20.02284],[82.03455,20.015],[82.03674,20.01678],[82.03815,20.0197],[82.0402,20.02143],[82.04175,20.0217],[82.04134,20.02375],[82.03997,20.02553],[82.04156,20.02598],[82.03997,20.02716],[82.04279,20.03035],[82.04489,20.03409],[82.05054,20.03359],[82.05022,20.03591],[82.0515,20.03605],[82.05527,20.03919],[82.05819,20.03978],[82.05901,20.04101],[82.06033,20.04129],[82.06161,20.04356],[82.06188,20.04598],[82.06434,20.04817],[82.06293,20.05067],[82.06461,20.05113],[82.06593,20.05482],[82.06712,20.05582],[82.06931,20.05509],[82.07341,20.05504],[82.08726,20.04949],[82.08771,20.04858],[82.08675,20.04735],[82.08685,20.04616],[82.08976,20.04425],[82.09003,20.04206],[82.0924,20.03946],[82.09135,20.03828],[82.09204,20.03732],[82.09582,20.03778],[82.09878,20.03969],[82.10033,20.03878],[82.1022,20.03992],[82.10325,20.03969],[82.10393,20.03527],[82.10639,20.03345],[82.10525,20.03063],[82.10707,20.0299],[82.1088,20.02634],[82.11167,20.02621],[82.11887,20.01974],[82.12133,20.01901],[82.12653,20.01532],[82.12912,20.0145],[82.1386,20.01833],[82.14211,20.01764],[82.15094,20.01149],[82.15618,20.00694],[82.1591,20.00717],[82.16374,20.00913],[82.16707,20.00616],[82.17317,20.00443],[82.1734,20.00074],[82.17586,19.99896],[82.17699,19.99584],[82.17963,19.99717],[82.17963,19.99425],[82.18196,19.99087],[82.18707,19.98716],[82.18626,19.98271],[82.18759,19.98285],[82.19117,19.98557],[82.19575,19.98616],[82.20676,19.98484],[82.20974,19.98623],[82.21265,19.9851],[82.21889,19.99637],[82.22399,19.99843],[82.23022,19.99869],[82.23816,20.00199],[82.23946,20.00199],[82.24145,20.00021],[82.24582,20.00021],[82.24744,19.99952],[82.25011,19.99554],[82.2501,19.99167],[82.25209,19.98834],[82.2606,19.98102],[82.2683,19.97612],[82.27071,19.97575],[82.27386,19.96716],[82.27654,19.96232],[82.27775,19.94935],[82.27881,19.94557],[82.28867,19.92698],[82.3022,19.90461],[82.30485,19.89306],[82.30432,19.89002],[82.30478,19.88906],[82.31919,19.87284],[82.32329,19.86632],[82.32619,19.86306],[82.32901,19.85698],[82.33241,19.8466],[82.3341,19.84363],[82.34685,19.8348],[82.35016,19.83594],[82.35587,19.84051],[82.36327,19.85054],[82.36669,19.85083],[82.36701,19.85387],[82.36263,19.85606],[82.36214,19.85694],[82.36316,19.85945],[82.36256,19.86213],[82.3662,19.86213],[82.36793,19.86104],[82.37708,19.85924],[82.38271,19.86698],[82.38567,19.86903],[82.38503,19.87341],[82.38655,19.87433],[82.38892,19.87751],[82.39443,19.88182],[82.39624,19.88705],[82.40324,19.88899],[82.40486,19.88988],[82.40656,19.89249],[82.41285,19.8961],[82.41922,19.89795],[82.41992,19.89908],[82.41957,19.90105],[82.42031,19.90178],[82.42362,19.90188],[82.42657,19.90315],[82.429,19.90326],[82.43207,19.90188],[82.43562,19.90341],[82.43905,19.90316],[82.44676,19.90836],[82.45089,19.90793],[82.45441,19.90667],[82.45901,19.90344],[82.46679,19.89958],[82.46955,19.90055],[82.47372,19.9003],[82.47456,19.90116],[82.4743,19.90383],[82.47505,19.90487],[82.48383,19.90627],[82.48763,19.90549],[82.49219,19.90208],[82.49992,19.90265],[82.5035,19.90186],[82.50637,19.89953],[82.50577,19.89536],[82.50471,19.89395],[82.50493,19.89186],[82.50756,19.88877],[82.51299,19.8873],[82.51542,19.88783],[82.51913,19.88999],[82.52122,19.89009],[82.52555,19.88204],[82.53246,19.8776],[82.53637,19.88613],[82.5434,19.88307],[82.54672,19.87943],[82.54889,19.87568],[82.55132,19.87456],[82.55282,19.8751],[82.55481,19.87859],[82.55633,19.8799],[82.55817,19.87977],[82.55978,19.87899],[82.56298,19.87348],[82.56472,19.87347],[82.57388,19.87636],[82.584,19.86904],[82.58723,19.86868],[82.59605,19.87161],[82.59883,19.87159],[82.60091,19.87025],[82.60495,19.86602],[82.60429,19.86232],[82.60242,19.86125],[82.60188,19.8593],[82.59988,19.8593],[82.59983,19.85858],[82.5973,19.85752],[82.59859,19.85609],[82.59801,19.85409],[82.59663,19.85378],[82.59441,19.85182],[82.59245,19.85253],[82.59151,19.85177],[82.59245,19.84933],[82.59209,19.84799],[82.58929,19.8483],[82.58852,19.84764],[82.58857,19.8463],[82.59026,19.84456],[82.59039,19.84274],[82.58572,19.84319],[82.58425,19.84132],[82.58221,19.84034],[82.57754,19.83433],[82.57758,19.82894],[82.57887,19.82863],[82.58016,19.83032],[82.58092,19.82957],[82.57918,19.82414],[82.58051,19.82227],[82.5798,19.82058],[82.5799,19.81782],[82.57789,19.81466],[82.57793,19.8135],[82.5799,19.81087],[82.57776,19.80847],[82.57749,19.80696],[82.57856,19.80607],[82.58096,19.80598],[82.58604,19.80219],[82.58408,19.79432],[82.58572,19.78737],[82.58327,19.78457],[82.58265,19.78257],[82.58488,19.7807],[82.58475,19.77776],[82.5962,19.77495],[82.59591,19.77154],[82.59802,19.76298],[82.59679,19.75952],[82.6006,19.75699],[82.60179,19.74987],[82.60393,19.74672],[82.59808,19.74561],[82.59681,19.74626],[82.59438,19.74595],[82.59096,19.7437],[82.58797,19.74349],[82.58544,19.73979],[82.5827,19.73729],[82.57983,19.73609],[82.57771,19.73609],[82.57595,19.73421],[82.57358,19.73301],[82.57,19.73292],[82.56963,19.73449],[82.56886,19.73492],[82.5671,19.7335],[82.56661,19.72996],[82.5638,19.72657],[82.56362,19.72494],[82.56486,19.72512],[82.56513,19.7201],[82.56917,19.71896],[82.56898,19.71464],[82.57275,19.7131],[82.57462,19.71353],[82.5749,19.71295],[82.57471,19.71057],[82.5713,19.70851],[82.56976,19.70851],[82.5688,19.70647],[82.57111,19.7033],[82.57012,19.70213],[82.57047,19.70031],[82.56883,19.69908],[82.56877,19.69547],[82.56747,19.69217],[82.5688,19.6907],[82.56726,19.68909],[82.56815,19.68392],[82.5757,19.68114],[82.57887,19.68074],[82.57706,19.67812],[82.5724,19.67473],[82.57092,19.67285],[82.56757,19.6661],[82.56658,19.66163],[82.55882,19.65104],[82.556,19.64474],[82.55463,19.64397],[82.55073,19.6438],[82.54752,19.64191],[82.54705,19.64295],[82.54362,19.6389],[82.54136,19.63829],[82.53938,19.63655],[82.53077,19.63179],[82.52663,19.63095],[82.52649,19.63029],[82.52955,19.62685],[82.53374,19.62667],[82.53487,19.6228],[82.53698,19.62201],[82.5407,19.61791],[82.5423,19.61706],[82.54225,19.61641],[82.54004,19.61539],[82.54002,19.61467],[82.54932,19.61226],[82.54964,19.6116],[82.5496,19.60888],[82.54785,19.60596],[82.54752,19.60389],[82.54329,19.59857],[82.54366,19.59607],[82.54183,19.59405],[82.53891,19.59532],[82.53821,19.59052],[82.53567,19.59109],[82.53543,19.59043],[82.53656,19.58916],[82.53557,19.58751],[82.53331,19.58788],[82.53138,19.58581],[82.53133,19.58191],[82.5319,19.58078],[82.53482,19.5789],[82.53665,19.57621],[82.54819,19.57744],[82.54842,19.58045],[82.55843,19.5804],[82.55981,19.57311],[82.564,19.57292],[82.56493,19.5703],[82.56744,19.56807],[82.56805,19.56638],[82.5695,19.56572],[82.56814,19.56101],[82.56903,19.55932],[82.56809,19.5572],[82.5671,19.55019],[82.5663,19.54929],[82.56786,19.54741],[82.568,19.54393],[82.56941,19.54398],[82.57261,19.54247],[82.57449,19.54454],[82.57741,19.54336],[82.57854,19.54374],[82.5799,19.54595],[82.58546,19.54614],[82.58908,19.54219],[82.58889,19.54092],[82.59021,19.54002],[82.59214,19.54078],[82.59991,19.5404],[82.60117,19.54186],[82.60278,19.54092],[82.60631,19.54082],[82.6095,19.53946],[82.61148,19.53955],[82.61304,19.53781],[82.61497,19.53776],[82.61581,19.53875],[82.6176,19.53885],[82.61883,19.538],[82.61892,19.53649],[82.61831,19.53376],[82.61642,19.53277],[82.61652,19.53004],[82.6152,19.52943],[82.61544,19.52609],[82.61106,19.52576],[82.60894,19.52266],[82.60828,19.51997],[82.61139,19.51974],[82.61703,19.518],[82.61765,19.51941],[82.62452,19.51847],[82.62602,19.51748],[82.62772,19.51329],[82.63327,19.51362],[82.6424,19.51169],[82.64297,19.5115],[82.64325,19.50948],[82.64754,19.5068],[82.64739,19.50566],[82.64494,19.50477],[82.64452,19.50228],[82.64316,19.50152],[82.64029,19.49255],[82.63628,19.49108],[82.63571,19.49017],[82.63705,19.48527],[82.63686,19.48412],[82.63514,19.48298],[82.63548,19.48074],[82.63905,19.48112],[82.64133,19.48236],[82.64394,19.48208],[82.6461,19.4795],[82.64867,19.47922],[82.65025,19.47826],[82.65125,19.47536],[82.65086,19.46934],[82.65204,19.46757],[82.65103,19.46642],[82.65205,19.46306],[82.65158,19.45883],[82.65557,19.45665],[82.6561,19.45507],[82.66111,19.45601],[82.66216,19.45544],[82.6632,19.45301],[82.66258,19.45211],[82.66301,19.44963],[82.66249,19.44811],[82.66354,19.44553],[82.66647,19.44252],[82.67097,19.4421],[82.67345,19.4402],[82.67368,19.44101],[82.67559,19.43991],[82.67549,19.43286],[82.67992,19.43277],[82.68378,19.43682],[82.68468,19.43177],[82.69016,19.42562],[82.6916,19.419],[82.69719,19.41452],[82.70013,19.41512],[82.70251,19.41685],[82.7094,19.41785],[82.70789,19.41343],[82.71268,19.41245],[82.71442,19.40936],[82.71599,19.40838],[82.71545,19.40501],[82.71659,19.40202],[82.70876,19.3993],[82.71231,19.39412],[82.71275,19.39091],[82.71204,19.38987],[82.70779,19.38808],[82.70807,19.38373],[82.70975,19.37808],[82.71572,19.37649],[82.71815,19.37057],[82.71828,19.36853],[82.71432,19.3678],[82.71334,19.36677],[82.71568,19.35536],[82.71787,19.35484],[82.72102,19.35157],[82.7234,19.35144],[82.72661,19.35329],[82.72737,19.34954],[82.72663,19.34705],[82.72783,19.34452],[82.73383,19.3441],[82.73753,19.346],[82.73971,19.34823],[82.74247,19.34817],[82.74743,19.34312],[82.74971,19.33765],[82.75204,19.33615],[82.75597,19.33566],[82.75874,19.33241],[82.7589,19.33102],[82.75772,19.32885],[82.75797,19.32591],[82.76569,19.32773],[82.77511,19.33216],[82.77071,19.33414],[82.77181,19.33655],[82.7746,19.33975],[82.78097,19.34043],[82.78139,19.34262],[82.7878,19.34123],[82.78772,19.33756],[82.79047,19.33743],[82.79084,19.33305],[82.79198,19.33139],[82.79651,19.33108],[82.80029,19.32859],[82.80543,19.32882],[82.80951,19.33002],[82.81183,19.32821],[82.81534,19.32783],[82.81733,19.32561],[82.81937,19.32615],[82.82081,19.32321],[82.8246,19.32147],[82.82674,19.32149],[82.83015,19.32277],[82.83491,19.32103],[82.83839,19.32383],[82.84103,19.3208],[82.84352,19.32337],[82.84564,19.32209],[82.84927,19.32352],[82.8504,19.32118],[82.85036,19.31869],[82.84537,19.31797],[82.84447,19.3158],[82.85085,19.30918],[82.85506,19.30671],[82.85416,19.30611],[82.8473,19.30797],[82.84386,19.30803],[82.84236,19.30725],[82.84158,19.30472],[82.84507,19.30177],[82.84537,19.29955],[82.842,19.30087],[82.8408,19.30057],[82.84001,19.29648],[82.83784,19.29172],[82.83478,19.29166],[82.83357,19.29076],[82.83405,19.28847],[82.83303,19.28414],[82.82803,19.28191],[82.82785,19.28095],[82.83159,19.27601],[82.83176,19.27487],[82.82936,19.26469],[82.82623,19.26102],[82.82701,19.25753],[82.82677,19.255],[82.82358,19.25392],[82.82009,19.25645],[82.81876,19.25632],[82.81696,19.24974],[82.81439,19.24703],[82.81097,19.24565],[82.80563,19.23595],[82.8037,19.23524],[82.80193,19.23628],[82.80045,19.23512],[82.80386,19.23325],[82.80596,19.23298],[82.80756,19.23187],[82.808,19.23044],[82.81213,19.2289],[82.81725,19.23077],[82.8193,19.23083],[82.82332,19.23281],[82.82545,19.23828],[82.82826,19.23723],[82.83026,19.23742],[82.8296,19.23545],[82.83268,19.23437],[82.8345,19.23574],[82.83536,19.23551],[82.83583,19.23475],[82.83463,19.23399],[82.83488,19.2329],[82.83631,19.23437],[82.8387,19.23497],[82.83971,19.2317],[82.84232,19.23131],[82.84325,19.22784],[82.84901,19.22371],[82.84987,19.22173],[82.84898,19.21992],[82.84805,19.20986],[82.84723,19.20821],[82.84761,19.20712],[82.85127,19.20429],[82.85604,19.20528],[82.85767,19.20305],[82.85844,19.20325],[82.85793,19.20084],[82.85686,19.19947],[82.8565,19.19302],[82.85249,19.19342],[82.84817,19.19825],[82.84451,19.19972],[82.84329,19.19911],[82.84085,19.19322],[82.83623,19.18981],[82.83495,19.18768],[82.83607,19.18367],[82.83784,19.18219],[82.83759,19.18102],[82.8343,19.17899],[82.82957,19.17797],[82.82784,19.1735],[82.82444,19.17091],[82.82622,19.16964],[82.82698,19.16715],[82.82652,19.16339],[82.82916,19.15928],[82.82957,19.15206],[82.82886,19.15038],[82.82561,19.14749],[82.82276,19.14764],[82.822,19.1482],[82.82215,19.1514],[82.81707,19.15531],[82.81667,19.1576],[82.81793,19.15882],[82.81808,19.16101],[82.81976,19.16324],[82.81915,19.16944],[82.81676,19.16842],[82.81128,19.16294],[82.81026,19.15857],[82.80534,19.15109],[82.79939,19.15084],[82.79726,19.15166],[82.79573,19.15359],[82.7938,19.1546],[82.79308,19.15663],[82.79375,19.15978],[82.79548,19.16029],[82.79684,19.16212],[82.79461,19.1673],[82.79552,19.16827],[82.79131,19.16898],[82.78968,19.17203],[82.7879,19.17137],[82.78658,19.17172],[82.78404,19.1668],[82.78039,19.16481],[82.77398,19.16522],[82.76656,19.16913],[82.76473,19.16903],[82.7626,19.16542],[82.75996,19.16471],[82.75691,19.16934],[82.75031,19.17198],[82.74756,19.16912],[82.74173,19.16701],[82.74257,19.15872],[82.74007,19.15795],[82.73871,19.15658],[82.73661,19.15625],[82.73397,19.15952],[82.72869,19.16028],[82.72453,19.15949],[82.7239,19.16104],[82.72654,19.16302],[82.72742,19.16469],[82.72267,19.17006],[82.72298,19.17101],[82.72727,19.17071],[82.72666,19.17269],[82.72352,19.17299],[82.72167,19.17446],[82.71838,19.17461],[82.71616,19.17682],[82.71156,19.1769],[82.70911,19.17823],[82.70856,19.18094],[82.70987,19.18519],[82.70795,19.18747],[82.70358,19.19027],[82.69952,19.18947],[82.69507,19.18978],[82.693,19.18919],[82.68887,19.18575],[82.68656,19.1862],[82.68349,19.18826],[82.68235,19.19501],[82.68043,19.19626],[82.67245,19.18814],[82.67088,19.18447],[82.66943,19.18308],[82.66551,19.18367],[82.65669,19.18802],[82.65554,19.18788],[82.65275,19.18421],[82.64853,19.18092],[82.645,19.17587],[82.63985,19.17515],[82.63917,19.17332],[82.64124,19.17038],[82.64207,19.16392],[82.64415,19.1601],[82.64453,19.1579],[82.64292,19.14983],[82.64185,19.14822],[82.63997,19.14735],[82.6396,19.14816],[82.64165,19.15094],[82.6415,19.15255],[82.63959,19.15366],[82.6366,19.15718],[82.63599,19.161],[82.6323,19.16108],[82.62862,19.16057],[82.62579,19.15875],[82.62601,19.1575],[82.62878,19.15573],[82.62816,19.15309],[82.63015,19.15199],[82.63291,19.1522],[82.63306,19.1511],[82.62831,19.14935],[82.62647,19.14987],[82.61865,19.15671],[82.61739,19.15928],[82.61816,19.1606],[82.61855,19.17908],[82.61755,19.18187],[82.61524,19.18187],[82.60896,19.17976],[82.60604,19.18175],[82.60443,19.18534],[82.60129,19.18975],[82.5996,19.19078],[82.59554,19.19035],[82.59293,19.19087],[82.59309,19.19953],[82.59155,19.20114],[82.5888,19.19997],[82.58604,19.1947],[82.58296,19.19375],[82.58059,19.19508],[82.57928,19.19633],[82.57829,19.1989],[82.5779,19.2088],[82.57538,19.21012],[82.574,19.20932],[82.57376,19.20815],[82.57346,19.19927],[82.57169,19.19759],[82.56855,19.19767],[82.56264,19.2001],[82.55713,19.20063],[82.55161,19.20497],[82.54969,19.20468],[82.54815,19.20365],[82.54823,19.20226],[82.55337,19.19601],[82.55267,19.19389],[82.55022,19.19367],[82.54167,19.19589],[82.533,19.2028],[82.53063,19.20222],[82.52879,19.1979],[82.52733,19.19636],[82.52602,19.19666],[82.52067,19.20181],[82.51921,19.20203],[82.4911,19.17925],[82.48385,19.1792],[82.48094,19.18025],[82.47549,19.17595],[82.4742,19.17565],[82.47196,19.17677],[82.46532,19.18352],[82.46405,19.18381],[82.45979,19.18112],[82.4587,19.17911],[82.45831,19.17574],[82.45732,19.17476],[82.4543,19.17487],[82.45144,19.17679],[82.44678,19.17628],[82.44563,19.17508],[82.44469,19.17134],[82.44352,19.17022],[82.43385,19.17094],[82.42551,19.17713],[82.41895,19.17882],[82.4154,19.18419],[82.41418,19.18511],[82.41304,19.18487],[82.41254,19.1833],[82.41315,19.16867],[82.41237,19.16615],[82.4105,19.16445],[82.40416,19.16233],[82.39799,19.1629],[82.39587,19.16395],[82.38569,19.17452],[82.38164,19.17446],[82.3785,19.17205],[82.37675,19.16929],[82.37501,19.168],[82.37331,19.16794],[82.36851,19.17642],[82.36119,19.17675],[82.35767,19.18254],[82.35519,19.18219],[82.35224,19.17832],[82.3513,19.17176],[82.34888,19.16859],[82.34515,19.16641],[82.34055,19.16535],[82.3327,19.16609],[82.32687,19.17299],[82.32311,19.17398],[82.31156,19.17443],[82.30323,19.17118],[82.30115,19.16391],[82.2968,19.16226],[82.29554,19.16091],[82.29515,19.15259],[82.29322,19.151],[82.29123,19.151],[82.28971,19.15181],[82.28462,19.15567],[82.28174,19.15115],[82.28035,19.15085],[82.27823,19.15272],[82.27509,19.15266],[82.2644,19.14794],[82.2627,19.13961],[82.26035,19.13843],[82.25193,19.14042],[82.24942,19.14324],[82.24732,19.14437],[82.23932,19.14291],[82.23307,19.14388],[82.23069,19.14279],[82.22753,19.13862],[82.22691,19.13454],[82.2308,19.12914],[82.23759,19.12222],[82.2358,19.12019],[82.22784,19.11988],[82.22313,19.11506],[82.22093,19.11385],[82.2178,19.11422],[82.21556,19.11543],[82.20997,19.11961],[82.20615,19.12357],[82.20227,19.12143],[82.19978,19.1208],[82.19746,19.12127],[82.1915,19.12805],[82.18656,19.12916],[82.18286,19.13105],[82.18224,19.12709],[82.17885,19.12315],[82.17709,19.11801],[82.17564,19.11724],[82.17132,19.11874],[82.16987,19.12166],[82.16931,19.1272],[82.16648,19.13125],[82.16619,19.13368],[82.16816,19.13547],[82.17399,19.13682],[82.17593,19.13792],[82.1721,19.14326],[82.17016,19.14418],[82.17175,19.14932],[82.17244,19.14982],[82.17628,19.14863],[82.17905,19.14867],[82.1812,19.15017],[82.17828,19.15151],[82.17698,19.15495],[82.17097,19.1562],[82.17027,19.15726],[82.17036,19.16014],[82.17251,19.16175],[82.17535,19.16202],[82.17847,19.15934],[82.17784,19.15509],[82.18056,19.15482],[82.18533,19.16046],[82.18757,19.16493],[82.18741,19.16647],[82.18618,19.16749],[82.18073,19.16846],[82.1785,19.17066],[82.17835,19.17183],[82.17897,19.17227],[82.1835,19.17277],[82.18388,19.17373],[82.1835,19.17702],[82.18051,19.17931],[82.17767,19.18005],[82.17706,19.18144],[82.1806,19.18576],[82.18252,19.18979],[82.18221,19.19096],[82.16893,19.19486],[82.16389,19.20082],[82.16751,19.21055],[82.17027,19.21189],[82.16154,19.22143],[82.15946,19.22824],[82.1597,19.26189],[82.16192,19.27246],[82.16695,19.28568],[82.1686,19.28782],[82.17506,19.29195],[82.17791,19.29673],[82.18072,19.31667],[82.18303,19.32249],[82.19558,19.32492],[82.19537,19.32555],[82.1918,19.32631],[82.18991,19.32824],[82.18937,19.32908],[82.18987,19.33265],[82.18937,19.33495],[82.18668,19.33735],[82.18177,19.33877],[82.18021,19.34263],[82.17046,19.34498],[82.16637,19.34809],[82.15571,19.34893],[82.15388,19.3518],[82.1516,19.35249],[82.15044,19.35193],[82.15004,19.36337],[82.14898,19.36412],[82.15,19.36513],[82.14964,19.36623],[82.15028,19.36746],[82.14975,19.36813],[82.15067,19.36848],[82.14973,19.37084],[82.15096,19.37118],[82.15113,19.3722],[82.15305,19.37239],[82.15573,19.376],[82.16177,19.3759],[82.166,19.37246],[82.17289,19.37146],[82.17374,19.37173],[82.17516,19.37405],[82.17496,19.37559],[82.17574,19.37602],[82.17742,19.37547],[82.17853,19.37743],[82.18006,19.3774],[82.1807,19.37871],[82.18015,19.3815],[82.18346,19.38232],[82.18394,19.38333],[82.18291,19.38542],[82.1841,19.38796],[82.18262,19.39091],[82.18633,19.39948],[82.18399,19.40193],[82.18454,19.40265],[82.18403,19.404],[82.18434,19.40853],[82.1852,19.40918],[82.18571,19.41151],[82.18711,19.4128],[82.19129,19.41441],[82.19176,19.41879],[82.19063,19.41998],[82.19203,19.42105],[82.19093,19.42356],[82.19204,19.42537],[82.19128,19.42597],[82.18843,19.4256],[82.18753,19.42635],[82.18559,19.42916],[82.18428,19.42933],[82.17981,19.43607],[82.17474,19.43645],[82.16573,19.43522],[82.1605,19.43524],[82.13773,19.43126],[82.13696,19.43069],[82.13709,19.42988],[82.13601,19.42946],[82.12949,19.42936],[82.12762,19.42844],[82.11578,19.44623],[82.11506,19.44815],[82.11503,19.45883],[82.11356,19.46034],[82.10458,19.46511],[82.10809,19.47185],[82.10952,19.47836],[82.10954,19.49138],[82.1086,19.49417],[82.10113,19.49709],[82.0988,19.49991],[82.09945,19.50021],[82.10069,19.50653],[82.10185,19.51538],[82.10122,19.51609],[82.09552,19.51677],[82.0873,19.52009],[82.07833,19.52259],[82.07613,19.52138],[82.07331,19.51709],[82.07053,19.51477],[82.06766,19.50968],[82.05617,19.50841],[82.05289,19.50718],[82.04227,19.50833],[82.03117,19.50663],[82.03143,19.50839],[82.03304,19.509],[82.03407,19.51092],[82.03343,19.51171],[82.03371,19.51303],[82.03485,19.5132],[82.03596,19.51213],[82.03648,19.51258],[82.0364,19.51585],[82.03878,19.51902],[82.03837,19.52032],[82.03934,19.52435],[82.03914,19.52667],[82.04143,19.52723],[82.04231,19.52864],[82.0451,19.52775],[82.04628,19.52996],[82.04831,19.53175],[82.04962,19.53135],[82.04989,19.53332],[82.04916,19.53461],[82.05058,19.53608],[82.04925,19.53722],[82.04906,19.53838],[82.05195,19.54303],[82.0522,19.54879],[82.0515,19.54907],[82.0517,19.55046],[82.0506,19.55138],[82.05006,19.55456],[82.04772,19.55596],[82.04797,19.55844],[82.04718,19.5593],[82.05148,19.56573],[82.05022,19.57015],[82.0519,19.57055],[82.05209,19.5726],[82.05099,19.57335],[82.05074,19.57714],[82.0478,19.57838],[82.04823,19.57963],[82.04652,19.5804],[82.04697,19.58077],[82.04631,19.58272],[82.04489,19.58422],[82.04573,19.58759],[82.04253,19.58991],[82.04294,19.59188],[82.04184,19.59623],[82.04278,19.59851],[82.04392,19.59897],[82.04427,19.60065],[82.0454,19.60104],[82.04604,19.60361],[82.04786,19.60438],[82.04882,19.60614],[82.0503,19.6053],[82.05357,19.60646],[82.05383,19.60863],[82.05256,19.60999],[82.05344,19.61161],[82.05265,19.6159],[82.05371,19.61665],[82.05421,19.61819],[82.05678,19.61999],[82.05818,19.62214],[82.05804,19.62461],[82.05927,19.62522],[82.05937,19.6269],[82.06052,19.62727],[82.06118,19.62866],[82.05954,19.62958],[82.05965,19.63169],[82.05832,19.63232],[82.05997,19.63374],[82.05972,19.63818],[82.05899,19.63955],[82.05685,19.6395],[82.05715,19.64257],[82.05552,19.64348],[82.0554,19.64493],[82.0541,19.64517],[82.05502,19.6484],[82.05614,19.64959],[82.05579,19.65162],[82.05768,19.65283],[82.05771,19.65473],[82.0567,19.65507],[82.05659,19.65623],[82.05482,19.65641],[82.05472,19.65787],[82.05363,19.65813],[82.05375,19.65959],[82.05536,19.66305],[82.05739,19.66499],[82.05374,19.67924],[82.0511,19.68361],[82.04659,19.6986],[82.04601,19.70643],[82.04732,19.70996],[82.05208,19.71633],[82.05249,19.71843],[82.05096,19.72743],[82.05241,19.73416],[82.05148,19.74097],[82.05289,19.74625],[82.05721,19.74896],[82.05811,19.75032],[82.05815,19.75217],[82.06601,19.75816],[82.06548,19.76091],[82.06269,19.76511],[82.06423,19.76705],[82.06826,19.78308],[82.06711,19.78878],[82.06188,19.79303],[82.06137,19.79588],[82.0562,19.7916],[82.05231,19.79298],[82.05075,19.79574],[82.03469,19.79657],[82.01198,19.8033],[82.00828,19.80282],[82.00549,19.80155],[81.99768,19.79528],[81.99419,19.79823],[81.98859,19.79954],[81.98866,19.80314],[81.98047,19.81392],[81.96703,19.83622],[81.97021,19.85858],[81.9594,19.86261],[81.95959,19.86372],[81.95517,19.86629],[81.94382,19.87159],[81.90643,19.88356],[81.88963,19.89186],[81.87804,19.89854],[81.87147,19.90097],[81.85522,19.9173],[81.85416,19.92174],[81.85647,19.93043],[81.85885,19.94514],[81.85839,19.94611],[81.84691,19.95073]]]}},{"type":"Feature","properties":{"DISTRICT":"NAYAGARH","CODE":24},"geometry":{"type":"Polygon","coordinates":[[[84.48711,20.34677],[84.48762,20.34789],[84.49241,20.34978],[84.49599,20.34923],[84.49772,20.35425],[84.49757,20.35747],[84.50087,20.35767],[84.50456,20.35934],[84.5203,20.3686],[84.52113,20.37866],[84.522,20.38023],[84.51948,20.37955],[84.51517,20.38202],[84.51353,20.38549],[84.51353,20.38761],[84.51453,20.38997],[84.51418,20.39185],[84.51194,20.39472],[84.5155,20.40164],[84.52032,20.4046],[84.52437,20.40255],[84.52619,20.40511],[84.53276,20.40977],[84.54165,20.40937],[84.54209,20.41262],[84.54449,20.41788],[84.54754,20.41714],[84.5573,20.41235],[84.56374,20.41059],[84.56668,20.41077],[84.58302,20.41903],[84.58669,20.42163],[84.59269,20.42317],[84.59576,20.42008],[84.59783,20.41913],[84.60597,20.41932],[84.61063,20.42592],[84.61599,20.42745],[84.62014,20.43345],[84.62207,20.4313],[84.62605,20.42978],[84.63133,20.43072],[84.63691,20.42505],[84.64084,20.42521],[84.64695,20.42385],[84.64824,20.42292],[84.65657,20.4229],[84.65858,20.42412],[84.66525,20.42394],[84.66925,20.42572],[84.6734,20.42896],[84.67555,20.43314],[84.67831,20.43325],[84.68031,20.43227],[84.68242,20.43223],[84.68327,20.43669],[84.69133,20.44024],[84.69148,20.4432],[84.69041,20.44438],[84.68826,20.44462],[84.68766,20.44735],[84.69302,20.44958],[84.69133,20.45248],[84.69199,20.45477],[84.6907,20.45619],[84.69019,20.45815],[84.68231,20.45944],[84.68393,20.46223],[84.6868,20.46246],[84.68819,20.46328],[84.68893,20.46652],[84.6925,20.46745],[84.69424,20.46905],[84.69457,20.47108],[84.69348,20.47325],[84.6947,20.47485],[84.69488,20.47769],[84.69619,20.47978],[84.69706,20.48369],[84.69726,20.48775],[84.69608,20.49042],[84.6981,20.49169],[84.70006,20.49486],[84.69881,20.49713],[84.70594,20.49999],[84.71298,20.50521],[84.71238,20.5095],[84.71485,20.51301],[84.71365,20.51978],[84.71452,20.52303],[84.72666,20.52698],[84.72962,20.52947],[84.7337,20.53133],[84.73433,20.53409],[84.7365,20.53511],[84.73699,20.53733],[84.7425,20.54004],[84.75605,20.53653],[84.76556,20.53173],[84.76862,20.53129],[84.77582,20.53911],[84.78007,20.54797],[84.78662,20.54827],[84.78834,20.54945],[84.78851,20.55284],[84.78963,20.55538],[84.78952,20.55814],[84.79318,20.56065],[84.79208,20.56816],[84.79252,20.57207],[84.7911,20.57815],[84.79195,20.58067],[84.80353,20.57642],[84.8238,20.55981],[84.84583,20.53192],[84.85007,20.52808],[84.85934,20.51679],[84.87068,20.50797],[84.87597,20.50211],[84.88819,20.49606],[84.89473,20.49411],[84.91762,20.49537],[84.92405,20.49493],[84.9369,20.49222],[84.95296,20.48705],[84.97868,20.47269],[84.99216,20.46714],[84.99977,20.46012],[85.01073,20.45159],[85.01525,20.44872],[85.02777,20.44463],[85.03429,20.44167],[85.03873,20.43837],[85.04247,20.43411],[85.04959,20.4295],[85.06159,20.42411],[85.07159,20.42124],[85.07533,20.41663],[85.08064,20.4162],[85.09473,20.41185],[85.10177,20.41202],[85.11081,20.40828],[85.11507,20.40724],[85.11733,20.40611],[85.12046,20.40315],[85.12533,20.39689],[85.13481,20.39115],[85.13898,20.38646],[85.14672,20.38637],[85.16116,20.37759],[85.16872,20.37872],[85.18768,20.3762],[85.1905,20.37665],[85.1962,20.37994],[85.19802,20.38029],[85.20567,20.3782],[85.21263,20.37402],[85.24063,20.36863],[85.25202,20.36724],[85.26337,20.36364],[85.26799,20.35981],[85.27225,20.35811],[85.27622,20.35761],[85.28744,20.35846],[85.29446,20.35718],[85.311,20.35818],[85.31668,20.35768],[85.32137,20.35811],[85.33507,20.35676],[85.33975,20.35704],[85.3438,20.35796],[85.34884,20.36158],[85.3553,20.36194],[85.36971,20.36613],[85.37049,20.3547],[85.37581,20.35541],[85.37447,20.35299],[85.37503,20.35023],[85.36949,20.34959],[85.36835,20.34789],[85.36594,20.34654],[85.36325,20.34632],[85.35913,20.34327],[85.35856,20.33873],[85.35928,20.33539],[85.35863,20.33511],[85.35636,20.33624],[85.35316,20.33355],[85.35629,20.33142],[85.35643,20.32851],[85.35487,20.32815],[85.35387,20.32964],[85.35228,20.32957],[85.35225,20.32859],[85.35365,20.32722],[85.35146,20.32188],[85.35267,20.32072],[85.352,20.3194],[85.35032,20.3186],[85.35027,20.3173],[85.35102,20.31628],[85.35323,20.31705],[85.3541,20.31618],[85.35306,20.31512],[85.35336,20.3144],[85.35544,20.31378],[85.3549,20.3125],[85.35609,20.3103],[85.35455,20.30515],[85.35715,20.30106],[85.35331,20.29855],[85.35189,20.29614],[85.35189,20.29195],[85.35082,20.2906],[85.34927,20.29053],[85.34827,20.28947],[85.3482,20.28748],[85.34884,20.28677],[85.34586,20.2867],[85.34557,20.2862],[85.34671,20.28478],[85.34521,20.28443],[85.34579,20.28329],[85.34046,20.28414],[85.33855,20.28365],[85.3384,20.28265],[85.33585,20.28279],[85.33585,20.28144],[85.33443,20.28038],[85.33443,20.27764],[85.33147,20.27764],[85.3298,20.27062],[85.33169,20.2678],[85.33053,20.26636],[85.33176,20.26404],[85.33147,20.26216],[85.32749,20.25833],[85.32735,20.25652],[85.32887,20.25638],[85.32923,20.25276],[85.32938,20.25435],[85.33046,20.25319],[85.3314,20.25616],[85.33256,20.25594],[85.33335,20.25471],[85.33979,20.255],[85.34297,20.25363],[85.34341,20.25081],[85.34063,20.24825],[85.34046,20.24521],[85.33603,20.24479],[85.3308,20.2457],[85.32983,20.24426],[85.32808,20.24334],[85.32562,20.23391],[85.32539,20.23017],[85.32391,20.22877],[85.32187,20.23097],[85.31932,20.23171],[85.31865,20.23171],[85.31799,20.22987],[85.31593,20.229],[85.31671,20.23107],[85.31512,20.23273],[85.31174,20.22945],[85.30118,20.22684],[85.27987,20.22563],[85.27647,20.22568],[85.27373,20.227],[85.26991,20.22699],[85.2636,20.22594],[85.25928,20.22621],[85.25691,20.22535],[85.25709,20.2135],[85.25649,20.21212],[85.25358,20.21182],[85.24374,20.20772],[85.24058,20.20814],[85.23853,20.20997],[85.23473,20.21167],[85.23382,20.21406],[85.23283,20.21476],[85.23177,20.22209],[85.23008,20.22132],[85.22777,20.22405],[85.22142,20.21969],[85.21586,20.21167],[85.21381,20.20652],[85.21463,20.20421],[85.21346,20.19927],[85.20522,20.1942],[85.20403,20.19314],[85.2029,20.18997],[85.20135,20.18884],[85.20261,20.18053],[85.20522,20.18039],[85.20592,20.17877],[85.20529,20.17666],[85.20641,20.17581],[85.20557,20.17483],[85.20614,20.17342],[85.2048,20.17264],[85.20734,20.17264],[85.2067,20.17462],[85.20839,20.17532],[85.20874,20.17405],[85.20811,20.17264],[85.21015,20.17271],[85.21057,20.17159],[85.21423,20.17124],[85.21668,20.16976],[85.21515,20.16933],[85.21571,20.1668],[85.21416,20.16553],[85.21508,20.16497],[85.21508,20.16412],[85.21416,20.16194],[85.2141,20.15933],[85.20677,20.15828],[85.20599,20.15349],[85.20649,20.15194],[85.2098,20.15166],[85.20966,20.15018],[85.2117,20.14996],[85.21297,20.14341],[85.21578,20.14095],[85.21571,20.12975],[85.22156,20.12785],[85.22691,20.12771],[85.22945,20.12538],[85.23424,20.11855],[85.24262,20.11475],[85.24509,20.11686],[85.24875,20.11686],[85.24985,20.12503],[85.25111,20.12912],[85.25467,20.13235],[85.25771,20.13104],[85.26139,20.13588],[85.26447,20.13836],[85.26556,20.14095],[85.26786,20.14113],[85.26761,20.14251],[85.27362,20.14809],[85.27882,20.14784],[85.28177,20.14905],[85.28455,20.14905],[85.28609,20.15],[85.29012,20.14971],[85.29058,20.15034],[85.28987,20.15092],[85.28987,20.15221],[85.29108,20.15366],[85.29287,20.15437],[85.29486,20.15308],[85.29769,20.15245],[85.30208,20.15362],[85.30424,20.15337],[85.30733,20.15469],[85.31448,20.1545],[85.31612,20.15758],[85.31438,20.16385],[85.31264,20.16356],[85.31507,20.16882],[85.3175,20.17014],[85.32204,20.17098],[85.32198,20.17348],[85.32523,20.17368],[85.32832,20.17582],[85.32862,20.17887],[85.33106,20.17952],[85.33266,20.18121],[85.33391,20.18096],[85.3344,20.18031],[85.33341,20.17523],[85.33391,20.17273],[85.34219,20.17044],[85.34403,20.17258],[85.34424,20.17632],[85.34558,20.17847],[85.34414,20.17972],[85.34464,20.18101],[85.34808,20.18241],[85.34763,20.18416],[85.34888,20.1855],[85.34888,20.1868],[85.35147,20.18745],[85.35471,20.18585],[85.35486,20.18695],[85.3578,20.18939],[85.3589,20.18745],[85.36075,20.1877],[85.36409,20.1867],[85.36419,20.1849],[85.36589,20.18321],[85.36808,20.18251],[85.36958,20.17882],[85.37262,20.17757],[85.37197,20.17597],[85.37187,20.17044],[85.36848,20.16894],[85.36349,20.16345],[85.36504,20.16001],[85.36459,20.15712],[85.35905,20.15372],[85.35865,20.14514],[85.35751,20.14404],[85.35766,20.1426],[85.36005,20.14365],[85.36434,20.14414],[85.37108,20.14359],[85.37357,20.14509],[85.37646,20.14514],[85.37926,20.14619],[85.38065,20.14963],[85.38484,20.15073],[85.3849,20.15377],[85.38749,20.15562],[85.38849,20.15432],[85.38804,20.15138],[85.38943,20.15073],[85.38914,20.14958],[85.38998,20.14799],[85.39133,20.14704],[85.39158,20.14559],[85.39352,20.14514],[85.39348,20.14465],[85.39073,20.14484],[85.38953,20.1426],[85.39079,20.13866],[85.38983,20.13636],[85.39732,20.13217],[85.39767,20.13501],[85.40041,20.13716],[85.40535,20.13661],[85.40639,20.13546],[85.40909,20.13511],[85.41183,20.13237],[85.41209,20.13067],[85.41298,20.12998],[85.41433,20.13028],[85.4167,20.1284],[85.41657,20.12738],[85.41832,20.12573],[85.41812,20.12234],[85.41029,20.11566],[85.41099,20.11057],[85.40909,20.10488],[85.40714,20.10249],[85.40834,20.09954],[85.40236,20.08947],[85.39877,20.08772],[85.39472,20.08996],[85.38674,20.09071],[85.38699,20.08952],[85.3827,20.08054],[85.38699,20.07879],[85.38625,20.07744],[85.38644,20.07535],[85.3828,20.07146],[85.3827,20.06946],[85.38873,20.06277],[85.38859,20.05958],[85.39038,20.05878],[85.38953,20.05784],[85.38979,20.0532],[85.39427,20.05085],[85.39388,20.04811],[85.39562,20.04831],[85.39796,20.04611],[85.39867,20.04327],[85.39647,20.04172],[85.39667,20.04117],[85.39956,20.04087],[85.39912,20.03822],[85.39977,20.03683],[85.40161,20.03723],[85.40186,20.03514],[85.4035,20.03369],[85.40575,20.03394],[85.40865,20.03105],[85.40954,20.03105],[85.41024,20.03284],[85.41119,20.03319],[85.41183,20.03204],[85.41588,20.03324],[85.41738,20.03206],[85.41753,20.0293],[85.41618,20.02705],[85.41708,20.02471],[85.42331,20.02451],[85.42551,20.02551],[85.42755,20.02446],[85.43259,20.0281],[85.43808,20.02795],[85.43733,20.02276],[85.43578,20.02102],[85.43359,20.01413],[85.43129,20.01134],[85.428,20.01009],[85.42655,20.00415],[85.42341,20.00206],[85.41932,20.00366],[85.41772,20.00296],[85.41807,19.99794],[85.41684,19.99381],[85.4211,19.99381],[85.42509,19.99271],[85.4329,19.99278],[85.43277,19.99368],[85.43974,19.99588],[85.44064,19.99174],[85.44167,19.99316],[85.4418,19.9902],[85.44418,19.98865],[85.44631,19.98845],[85.45012,19.98406],[85.45251,19.98284],[85.45244,19.98181],[85.45512,19.97666],[85.45528,19.97374],[85.45676,19.97226],[85.45592,19.96628],[85.45332,19.96171],[85.44815,19.95804],[85.44171,19.94969],[85.4408,19.94526],[85.43706,19.93896],[85.42909,19.93944],[85.42722,19.93686],[85.42419,19.93822],[85.42355,19.93557],[85.42194,19.93357],[85.42026,19.9237],[85.41942,19.92415],[85.41768,19.92789],[85.41381,19.92693],[85.41123,19.92764],[85.41045,19.92725],[85.41045,19.92777],[85.4082,19.92815],[85.40157,19.93177],[85.39594,19.94021],[85.38827,19.93905],[85.38679,19.93905],[85.38505,19.94021],[85.38447,19.94125],[85.3844,19.95105],[85.38066,19.95137],[85.37486,19.95002],[85.37254,19.95144],[85.37176,19.95318],[85.36234,19.95621],[85.36066,19.95543],[85.35583,19.95092],[85.35306,19.94324],[85.3517,19.94228],[85.34267,19.93989],[85.33067,19.9297],[85.33171,19.9277],[85.33055,19.92486],[85.32829,19.92435],[85.32565,19.92532],[85.3192,19.92428],[85.31713,19.92512],[85.31281,19.92525],[85.3121,19.92364],[85.30662,19.92667],[85.30269,19.92222],[85.29063,19.9219],[85.28043,19.91429],[85.27612,19.91397],[85.27534,19.91512],[85.27289,19.91616],[85.26889,19.9159],[85.26844,19.913],[85.26896,19.91222],[85.25961,19.90977],[85.24844,19.90556],[85.24378,19.90515],[85.24124,19.90687],[85.23779,19.90692],[85.22508,19.91114],[85.22363,19.90896],[85.22163,19.90845],[85.21928,19.91114],[85.21159,19.9117],[85.20869,19.91112],[85.20179,19.9079],[85.1935,19.90697],[85.18902,19.90737],[85.18545,19.90662],[85.18388,19.90977],[85.17153,19.90367],[85.16875,19.90292],[85.16499,19.9032],[85.16296,19.90443],[85.16234,19.90637],[85.16055,19.90831],[85.14262,19.92204],[85.13898,19.92422],[85.13378,19.92585],[85.12494,19.93312],[85.11959,19.93157],[85.1038,19.93052],[85.10004,19.9296],[85.09599,19.92844],[85.09097,19.92431],[85.08286,19.92097],[85.07929,19.91999],[85.07561,19.91993],[85.06919,19.91728],[85.0626,19.91561],[85.05843,19.91314],[85.05733,19.91279],[85.05201,19.91428],[85.04403,19.90939],[85.03362,19.90508],[85.02849,19.90049],[85.02125,19.90443],[85.00674,19.89884],[85.00069,19.90078],[85.00014,19.9003],[84.97694,19.9035],[84.9667,19.90047],[84.96499,19.90125],[84.96064,19.89954],[84.95482,19.90032],[84.95039,19.89977],[84.94473,19.89675],[84.94201,19.89656],[84.93678,19.89919],[84.93346,19.90407],[84.93003,19.90763],[84.92599,19.90523],[84.92389,19.90489],[84.91807,19.90493],[84.90983,19.90685],[84.90883,19.9125],[84.90906,19.91481],[84.91264,19.91891],[84.91513,19.92514],[84.91789,19.92551],[84.91757,19.92895],[84.91956,19.93026],[84.91911,19.93276],[84.9229,19.9405],[84.92183,19.94332],[84.91948,19.94613],[84.91868,19.95051],[84.9138,19.95951],[84.91312,19.96908],[84.91071,19.97337],[84.91042,19.97631],[84.90707,19.98118],[84.90328,19.99081],[84.90099,19.99285],[84.89283,19.99502],[84.88606,19.99946],[84.88303,19.99949],[84.87538,19.99773],[84.86459,19.99967],[84.86201,20.00507],[84.86311,20.01834],[84.85966,20.02329],[84.85912,20.02952],[84.85262,20.03429],[84.84608,20.04356],[84.83704,20.05311],[84.82471,20.05897],[84.81385,20.06587],[84.80669,20.08253],[84.80061,20.08973],[84.80037,20.09164],[84.80383,20.09626],[84.80481,20.09909],[84.80705,20.10002],[84.80845,20.10216],[84.8082,20.10516],[84.80651,20.10891],[84.80821,20.11278],[84.80961,20.11399],[84.81641,20.114],[84.82188,20.11534],[84.8243,20.11864],[84.82431,20.13779],[84.82613,20.15032],[84.8282,20.15829],[84.82553,20.17213],[84.82559,20.17854],[84.82925,20.19239],[84.83173,20.19863],[84.83186,20.20238],[84.83356,20.20803],[84.83356,20.21605],[84.82828,20.21801],[84.82506,20.22251],[84.81959,20.22164],[84.81618,20.22308],[84.80598,20.22417],[84.79838,20.22745],[84.79097,20.22918],[84.78587,20.2312],[84.78446,20.23183],[84.77559,20.24285],[84.7672,20.24568],[84.7652,20.24545],[84.76155,20.24209],[84.75936,20.24157],[84.74982,20.24157],[84.74267,20.24333],[84.73787,20.24318],[84.73526,20.24578],[84.73457,20.24878],[84.73299,20.25067],[84.73026,20.25787],[84.72093,20.2644],[84.71677,20.26965],[84.70876,20.2766],[84.69791,20.28023],[84.68541,20.27492],[84.67417,20.273],[84.66904,20.25604],[84.66721,20.24308],[84.66334,20.24071],[84.66235,20.23785],[84.65979,20.23482],[84.6582,20.2302],[84.65326,20.22582],[84.65061,20.20708],[84.65128,20.20282],[84.65006,20.20301],[84.64973,20.20094],[84.63947,20.19593],[84.63797,20.19296],[84.63619,20.19235],[84.63602,20.18925],[84.63116,20.1897],[84.62715,20.18658],[84.62254,20.1876],[84.62078,20.18463],[84.61797,20.18419],[84.61353,20.18056],[84.60446,20.17663],[84.59969,20.17535],[84.58721,20.18559],[84.57626,20.20565],[84.56992,20.21171],[84.56475,20.2182],[84.55996,20.22624],[84.55681,20.22553],[84.55061,20.23211],[84.54417,20.25068],[84.54929,20.25825],[84.54639,20.27473],[84.55398,20.28334],[84.55226,20.29443],[84.54614,20.31424],[84.5451,20.32246],[84.53899,20.32147],[84.53049,20.32138],[84.5231,20.32491],[84.52118,20.32166],[84.51929,20.32063],[84.51763,20.31806],[84.51694,20.31818],[84.5161,20.32053],[84.51116,20.32641],[84.51267,20.32815],[84.51357,20.33718],[84.51102,20.33694],[84.5097,20.3328],[84.50609,20.33059],[84.50346,20.33064],[84.50087,20.33252],[84.4948,20.33306],[84.4888,20.33721],[84.48822,20.34566],[84.48711,20.34677]]]}},{"type":"Feature","properties":{"DISTRICT":"NUAPADA","CODE":25},"geometry":{"type":"Polygon","coordinates":[[[82.33343,20.56246],[82.33376,20.5632],[82.33626,20.56325],[82.3349,20.56834],[82.33722,20.56936],[82.33948,20.56868],[82.34395,20.56948],[82.34627,20.5727],[82.34898,20.57451],[82.3521,20.5813],[82.35096,20.58356],[82.34904,20.5843],[82.3483,20.58922],[82.34576,20.59154],[82.34593,20.59312],[82.34508,20.59403],[82.34746,20.59499],[82.34604,20.59697],[82.34627,20.5985],[82.34927,20.60172],[82.35442,20.60268],[82.35696,20.60789],[82.36335,20.60822],[82.36522,20.60964],[82.36533,20.61241],[82.36709,20.61298],[82.36782,20.61507],[82.36623,20.61694],[82.36686,20.61977],[82.36635,20.62124],[82.36827,20.62163],[82.36878,20.62333],[82.37297,20.62565],[82.37868,20.63125],[82.37682,20.63413],[82.37672,20.63815],[82.37164,20.64611],[82.37045,20.64958],[82.3718,20.6532],[82.3705,20.65797],[82.37066,20.66002],[82.37473,20.66565],[82.37494,20.66787],[82.36936,20.67951],[82.36314,20.68168],[82.35626,20.69494],[82.35442,20.70295],[82.35226,20.70528],[82.35236,20.71627],[82.35605,20.71892],[82.34804,20.73023],[82.34949,20.73164],[82.3521,20.73213],[82.35464,20.7338],[82.35534,20.7351],[82.3437,20.76634],[82.34576,20.77148],[82.34603,20.79146],[82.34852,20.79611],[82.3476,20.7992],[82.34425,20.80347],[82.34544,20.80872],[82.34311,20.81316],[82.34309,20.82028],[82.34171,20.82482],[82.34418,20.82996],[82.34412,20.83479],[82.34195,20.84586],[82.3466,20.85481],[82.34811,20.8729],[82.34963,20.87931],[82.35181,20.88252],[82.35271,20.88941],[82.35707,20.8885],[82.36523,20.88826],[82.36201,20.87937],[82.36259,20.8766],[82.36179,20.8733],[82.36693,20.87049],[82.37429,20.86821],[82.37694,20.86811],[82.38197,20.87016],[82.38615,20.8739],[82.38972,20.87498],[82.38998,20.87384],[82.39345,20.87287],[82.39713,20.86989],[82.4072,20.86903],[82.40929,20.86418],[82.40858,20.86227],[82.40846,20.85815],[82.40987,20.85661],[82.4122,20.85574],[82.41438,20.85158],[82.41367,20.84756],[82.41223,20.84577],[82.41256,20.84243],[82.4146,20.84157],[82.41503,20.83956],[82.41751,20.83863],[82.41984,20.83633],[82.42085,20.83379],[82.42068,20.83195],[82.42204,20.83074],[82.42962,20.83055],[82.43571,20.83315],[82.44038,20.83382],[82.4412,20.83503],[82.44529,20.83326],[82.44486,20.83057],[82.44563,20.82958],[82.44868,20.82925],[82.45071,20.83036],[82.45731,20.82656],[82.4609,20.82653],[82.46559,20.82815],[82.46873,20.83122],[82.47052,20.83424],[82.46674,20.84003],[82.46664,20.84154],[82.47416,20.84835],[82.48408,20.85176],[82.48588,20.85717],[82.48828,20.85987],[82.48869,20.86298],[82.48798,20.86839],[82.49239,20.87841],[82.49259,20.88021],[82.49119,20.89494],[82.48918,20.90405],[82.48908,20.90606],[82.49009,20.90906],[82.50336,20.91721],[82.51057,20.92042],[82.51741,20.92068],[82.51969,20.92146],[82.52374,20.92866],[82.52912,20.93332],[82.53146,20.93409],[82.5398,20.93369],[82.54333,20.93462],[82.55063,20.93851],[82.55753,20.94364],[82.56068,20.9468],[82.56406,20.95193],[82.56696,20.95706],[82.57007,20.96535],[82.57411,20.97261],[82.57597,20.97453],[82.58266,20.97883],[82.58717,20.98842],[82.59028,20.99236],[82.59863,20.99853],[82.60759,21.00765],[82.61283,21.01153],[82.61438,21.01371],[82.61521,21.0219],[82.62003,21.02542],[82.62423,21.03164],[82.63014,21.03745],[82.63091,21.04128],[82.62885,21.04605],[82.62636,21.05009],[82.62019,21.05331],[82.61889,21.05984],[82.6135,21.06704],[82.61257,21.07176],[82.61314,21.07497],[82.61407,21.07627],[82.61677,21.07798],[82.62091,21.07891],[82.62765,21.07819],[82.63091,21.07855],[82.63516,21.0842],[82.63683,21.08886],[82.63908,21.09007],[82.63907,21.08863],[82.63991,21.08932],[82.63993,21.08747],[82.64077,21.08718],[82.64165,21.08856],[82.64191,21.08732],[82.64296,21.08655],[82.6434,21.08302],[82.64514,21.08262],[82.64655,21.08092],[82.64838,21.08025],[82.64885,21.07892],[82.65115,21.07936],[82.65363,21.0781],[82.65677,21.07821],[82.66715,21.06991],[82.67406,21.0591],[82.67384,21.05623],[82.67706,21.05223],[82.68111,21.03936],[82.68172,21.03435],[82.68632,21.03064],[82.68815,21.02746],[82.68978,21.02674],[82.69395,21.02151],[82.69129,21.01593],[82.69052,20.98993],[82.68874,20.9722],[82.69616,20.95594],[82.69941,20.9467],[82.69968,20.94003],[82.70084,20.93652],[82.69822,20.92989],[82.69698,20.92336],[82.69616,20.91486],[82.69699,20.91046],[82.69561,20.90031],[82.69364,20.89641],[82.68893,20.88992],[82.6851,20.88692],[82.68434,20.88535],[82.68507,20.86898],[82.68839,20.86276],[82.68862,20.861],[82.6885,20.85589],[82.687,20.84794],[82.68982,20.83701],[82.68978,20.83173],[82.68645,20.82507],[82.68596,20.8195],[82.68659,20.80728],[82.68705,20.8052],[82.69041,20.80062],[82.68996,20.7975],[82.69098,20.79175],[82.69129,20.77474],[82.69603,20.7704],[82.69978,20.75999],[82.69834,20.75617],[82.69839,20.75345],[82.69537,20.75201],[82.69397,20.75053],[82.69321,20.74697],[82.69187,20.74453],[82.69005,20.7427],[82.68798,20.74264],[82.68764,20.74203],[82.68667,20.73908],[82.68701,20.73215],[82.70154,20.72855],[82.69974,20.71463],[82.6966,20.70959],[82.69517,20.70485],[82.69581,20.69621],[82.69498,20.68356],[82.6971,20.68242],[82.70226,20.68315],[82.70738,20.68211],[82.72071,20.67736],[82.72386,20.67167],[82.72722,20.66987],[82.72578,20.666],[82.72665,20.66051],[82.72557,20.657],[82.73171,20.65488],[82.73197,20.65375],[82.7328,20.65349],[82.73216,20.64887],[82.72903,20.6385],[82.73331,20.63375],[82.73936,20.63375],[82.74283,20.63142],[82.74365,20.63013],[82.74162,20.62327],[82.73834,20.61712],[82.73776,20.61396],[82.73191,20.60477],[82.73261,20.60132],[82.72852,20.59108],[82.7291,20.58798],[82.7308,20.58482],[82.727,20.5826],[82.72348,20.57932],[82.71822,20.57675],[82.71442,20.57171],[82.71219,20.57014],[82.71354,20.56469],[82.71219,20.56025],[82.71243,20.55556],[82.71008,20.55445],[82.70997,20.55346],[82.70991,20.54743],[82.71131,20.54375],[82.70898,20.54294],[82.70716,20.54024],[82.70587,20.53216],[82.71072,20.52683],[82.70874,20.51455],[82.70704,20.5108],[82.70721,20.50372],[82.70277,20.5015],[82.70177,20.49974],[82.70084,20.49611],[82.7016,20.4922],[82.69768,20.48219],[82.69165,20.4785],[82.68878,20.47569],[82.68954,20.47078],[82.69089,20.46832],[82.68487,20.46054],[82.6858,20.45363],[82.68662,20.4527],[82.69265,20.45352],[82.69756,20.45024],[82.69949,20.44626],[82.69978,20.4438],[82.70119,20.44217],[82.70136,20.44018],[82.69604,20.43122],[82.69774,20.42631],[82.69943,20.42473],[82.70458,20.42274],[82.70686,20.4187],[82.71072,20.41507],[82.71284,20.40817],[82.71418,20.40759],[82.71407,20.4022],[82.7171,20.39723],[82.72477,20.3929],[82.72594,20.38751],[82.73138,20.38289],[82.73097,20.38102],[82.72869,20.38014],[82.72723,20.37745],[82.72523,20.37031],[82.71898,20.36873],[82.71629,20.36686],[82.71436,20.3606],[82.71681,20.35598],[82.72079,20.35469],[82.7281,20.35475],[82.73507,20.35598],[82.7449,20.36147],[82.74682,20.36173],[82.75005,20.36142],[82.75438,20.35802],[82.7624,20.35563],[82.76579,20.35282],[82.77392,20.35369],[82.77854,20.35638],[82.78007,20.36019],[82.78188,20.36253],[82.78352,20.36955],[82.78919,20.37019],[82.79329,20.36973],[82.7978,20.37107],[82.79932,20.3737],[82.80013,20.37897],[82.80254,20.38049],[82.80517,20.384],[82.81161,20.38078],[82.81541,20.38248],[82.81646,20.38196],[82.81722,20.37821],[82.81453,20.3709],[82.81488,20.36434],[82.81394,20.36118],[82.80997,20.36001],[82.80756,20.3575],[82.80383,20.35633],[82.79973,20.35065],[82.79241,20.34655],[82.792,20.34381],[82.79423,20.33953],[82.79592,20.33801],[82.79405,20.33216],[82.79546,20.33076],[82.79382,20.32865],[82.79002,20.32613],[82.79025,20.32397],[82.79978,20.32098],[82.8047,20.32034],[82.80798,20.32116],[82.81084,20.3245],[82.81354,20.32619],[82.81389,20.32765],[82.81231,20.33351],[82.8092,20.33819],[82.80898,20.33982],[82.80985,20.34193],[82.81236,20.34334],[82.81424,20.34585],[82.81394,20.35112],[82.81623,20.35773],[82.81821,20.35761],[82.82091,20.35141],[82.82284,20.35012],[82.82424,20.34363],[82.83098,20.34007],[82.83518,20.33982],[82.83659,20.33549],[82.83752,20.33503],[82.84116,20.33561],[82.84396,20.33795],[82.84818,20.33982],[82.85192,20.33994],[82.85414,20.33725],[82.85344,20.33035],[82.85555,20.32426],[82.85216,20.31806],[82.85122,20.31174],[82.85192,20.30554],[82.85356,20.30121],[82.85344,20.29863],[82.85098,20.29395],[82.84771,20.2943],[82.84724,20.29301],[82.84841,20.29196],[82.84853,20.29067],[82.84631,20.29021],[82.84092,20.29266],[82.8387,20.29454],[82.8387,20.29653],[82.84267,20.29968],[82.8435,20.30249],[82.84267,20.3046],[82.83694,20.3053],[82.83588,20.30659],[82.83612,20.30916],[82.83916,20.31502],[82.83788,20.31899],[82.83624,20.32063],[82.8325,20.31946],[82.82617,20.31923],[82.82185,20.31993],[82.81857,20.31747],[82.8174,20.31502],[82.82056,20.31291],[82.82102,20.30951],[82.81998,20.30207],[82.81555,20.29551],[82.81242,20.29513],[82.81235,20.29444],[82.81357,20.2907],[82.81616,20.28666],[82.8215,20.28231],[82.82326,20.27995],[82.82402,20.28254],[82.83089,20.27949],[82.83691,20.27964],[82.84218,20.28117],[82.84676,20.28963],[82.84782,20.28963],[82.85202,20.28475],[82.85797,20.27941],[82.86171,20.26988],[82.86194,20.26698],[82.85988,20.26362],[82.85904,20.26057],[82.86057,20.25591],[82.86041,20.25454],[82.85378,20.2518],[82.85423,20.24485],[82.85316,20.24234],[82.85339,20.23982],[82.855,20.23806],[82.85416,20.23577],[82.8553,20.23532],[82.85599,20.23623],[82.85706,20.23623],[82.86133,20.23562],[82.8614,20.23455],[82.86255,20.23433],[82.86285,20.23356],[82.86217,20.23173],[82.86285,20.23082],[82.85866,20.22731],[82.85843,20.22304],[82.85675,20.22204],[82.8569,20.21846],[82.85622,20.21632],[82.85316,20.20991],[82.84996,20.2058],[82.84889,20.19481],[82.84714,20.19267],[82.84363,20.19191],[82.83943,20.18825],[82.83394,20.18756],[82.82906,20.18573],[82.81845,20.18825],[82.81387,20.18405],[82.81433,20.18146],[82.81273,20.17986],[82.81219,20.17803],[82.81143,20.17383],[82.81235,20.1707],[82.81464,20.17024],[82.81654,20.16735],[82.8244,20.16506],[82.82483,20.16427],[82.82256,20.1598],[82.82046,20.1492],[82.81835,20.13695],[82.81776,20.12746],[82.82087,20.12156],[82.82073,20.11745],[82.82211,20.11203],[82.81841,20.10978],[82.81583,20.10151],[82.81283,20.09892],[82.80927,20.09888],[82.78991,20.10182],[82.78777,20.0983],[82.78705,20.09557],[82.78356,20.09177],[82.77987,20.08397],[82.77366,20.08018],[82.76755,20.07324],[82.76461,20.06717],[82.76082,20.06213],[82.75702,20.05429],[82.75219,20.05422],[82.74184,20.05177],[82.7456,20.04653],[82.7487,20.04527],[82.74966,20.04247],[82.74966,20.03789],[82.74744,20.03398],[82.74612,20.0297],[82.74649,20.02512],[82.74176,20.02055],[82.73062,20.02269],[82.72914,20.01878],[82.72649,20.01523],[82.72272,20.00756],[82.71851,20.00475],[82.71755,19.99553],[82.70907,19.99854],[82.70554,19.99834],[82.70171,19.99694],[82.69611,19.99891],[82.67984,19.99999],[82.67667,20.00121],[82.67076,20.00032],[82.66685,20.00202],[82.65592,20.0049],[82.64626,20.00298],[82.64523,20.00313],[82.64478,20.00571],[82.64382,20.00608],[82.63976,20.0046],[82.63519,20.00409],[82.63275,20.00224],[82.63109,19.99968],[82.62316,19.99176],[82.60539,19.98943],[82.59177,19.99295],[82.58521,20.00276],[82.57562,20.00674],[82.56472,20.01283],[82.55812,20.01409],[82.55196,20.01743],[82.5364,20.01753],[82.53582,20.01539],[82.53514,20.01515],[82.51089,20.01767],[82.49472,20.02384],[82.48052,20.03666],[82.46993,20.03451],[82.46755,20.0382],[82.46241,20.04065],[82.45811,20.03942],[82.45036,20.03958],[82.43654,20.04518],[82.43102,20.04917],[82.42157,20.05009],[82.41812,20.05155],[82.4106,20.05109],[82.40491,20.05316],[82.39985,20.05669],[82.39931,20.06253],[82.39709,20.06667],[82.39693,20.06844],[82.40285,20.08156],[82.40115,20.08908],[82.40277,20.0963],[82.3997,20.10121],[82.40015,20.12205],[82.39931,20.12462],[82.39578,20.12942],[82.39628,20.13453],[82.39548,20.13729],[82.39264,20.13878],[82.39117,20.14186],[82.38753,20.145],[82.38753,20.14684],[82.38884,20.14903],[82.39283,20.1498],[82.39613,20.15214],[82.39486,20.15471],[82.39494,20.15709],[82.39287,20.15893],[82.3924,20.16254],[82.39149,20.164],[82.39846,20.17146],[82.40642,20.17606],[82.40623,20.17833],[82.40809,20.17875],[82.40898,20.18036],[82.41239,20.1806],[82.41353,20.18132],[82.41467,20.18461],[82.41467,20.1873],[82.4158,20.1891],[82.41518,20.19146],[82.41635,20.19253],[82.41574,20.19956],[82.42142,20.20434],[82.42303,20.20781],[82.42238,20.21313],[82.42423,20.22006],[82.41813,20.22311],[82.41544,20.23501],[82.41359,20.2374],[82.41299,20.23979],[82.41395,20.24517],[82.42369,20.24547],[82.42375,20.24655],[82.41941,20.25155],[82.41772,20.25449],[82.41698,20.25755],[82.41331,20.25958],[82.41313,20.26343],[82.41692,20.27095],[82.41891,20.27293],[82.42213,20.27367],[82.42456,20.27339],[82.42971,20.27554],[82.43401,20.27859],[82.43707,20.28272],[82.43774,20.28736],[82.4395,20.29109],[82.43876,20.29324],[82.43429,20.29658],[82.43203,20.29941],[82.43186,20.30207],[82.43333,20.31016],[82.4322,20.31259],[82.42247,20.32317],[82.41879,20.3239],[82.41551,20.32679],[82.41138,20.32656],[82.41019,20.32713],[82.41013,20.33177],[82.40714,20.33476],[82.40374,20.33584],[82.40182,20.33844],[82.40148,20.34054],[82.40748,20.35134],[82.40617,20.35711],[82.40759,20.35818],[82.40861,20.3609],[82.41116,20.3635],[82.41053,20.36537],[82.41138,20.3665],[82.41172,20.37024],[82.41947,20.3794],[82.41992,20.38172],[82.41896,20.38721],[82.42264,20.39173],[82.42015,20.40208],[82.41795,20.40701],[82.43384,20.416],[82.43163,20.42748],[82.44,20.43405],[82.43571,20.44491],[82.42761,20.44462],[82.42892,20.4681],[82.4262,20.4711],[82.42479,20.475],[82.41924,20.47993],[82.41727,20.48004],[82.41783,20.47845],[82.41579,20.47704],[82.41647,20.47579],[82.4146,20.47438],[82.41483,20.47223],[82.4128,20.47087],[82.40952,20.46618],[82.40997,20.46369],[82.40935,20.46244],[82.40488,20.45865],[82.40335,20.46035],[82.3982,20.4586],[82.39696,20.45877],[82.39639,20.46058],[82.39882,20.4629],[82.39939,20.4698],[82.39775,20.47608],[82.39373,20.47715],[82.39339,20.47896],[82.39542,20.48145],[82.39401,20.48332],[82.39429,20.48485],[82.39214,20.4853],[82.39164,20.48739],[82.39272,20.4909],[82.39153,20.49169],[82.39,20.49458],[82.39096,20.49718],[82.38994,20.49978],[82.38988,20.51132],[82.39136,20.51585],[82.39113,20.51703],[82.38422,20.51884],[82.3771,20.52179],[82.36709,20.52382],[82.35883,20.52801],[82.35628,20.53135],[82.35481,20.5361],[82.34995,20.54549],[82.34604,20.54724],[82.3435,20.55052],[82.33784,20.55363],[82.33343,20.56246]]]}},{"type":"Feature","properties":{"DISTRICT":"PURI","CODE":26},"geometry":{"type":"MultiPolygon","coordinates":[[[[85.13713,19.52058],[85.17604,19.55703],[85.18204,19.62476],[85.18452,19.6711],[85.19689,19.67261],[85.20931,19.67731],[85.21075,19.67825],[85.21134,19.68058],[85.21478,19.68664],[85.21376,19.69491],[85.20426,19.69872],[85.20227,19.7002],[85.20091,19.70313],[85.20151,19.70792],[85.20444,19.71368],[85.20524,19.71856],[85.21164,19.72314],[85.21338,19.72538],[85.21414,19.72835],[85.21991,19.73857],[85.22368,19.7412],[85.23529,19.74306],[85.25094,19.74344],[85.25259,19.74717],[85.25454,19.76697],[85.26204,19.77002],[85.27124,19.77214],[85.28792,19.78155],[85.29451,19.78079],[85.30443,19.78091],[85.30575,19.78113],[85.30549,19.78197],[85.31834,19.78113],[85.31821,19.78227],[85.33232,19.78465],[85.34534,19.79732],[85.34563,19.80096],[85.3472,19.80016],[85.35,19.80037],[85.3511,19.80499],[85.35997,19.81397],[85.35827,19.81741],[85.36,19.81741],[85.36111,19.82067],[85.36255,19.82233],[85.38874,19.83055],[85.39879,19.84314],[85.42075,19.86082],[85.44118,19.88201],[85.50561,19.88396],[85.50188,19.86921],[85.56459,19.85364],[85.56524,19.85793],[85.56422,19.86585],[85.5672,19.86911],[85.56655,19.87378],[85.56916,19.88058],[85.5686,19.88795],[85.56767,19.89093],[85.57027,19.89401],[85.56981,19.89858],[85.5686,19.89932],[85.57186,19.90221],[85.57205,19.90324],[85.57205,19.9038],[85.56468,19.90613],[85.56487,19.90911],[85.56608,19.9134],[85.57065,19.91526],[85.56477,19.91862],[85.56245,19.91713],[85.56123,19.91722],[85.55723,19.91927],[85.55116,19.92049],[85.53429,19.9272],[85.53699,19.93885],[85.52922,19.94188],[85.52731,19.93931],[85.52254,19.92888],[85.51797,19.92813],[85.5135,19.92627],[85.51126,19.92683],[85.50716,19.93084],[85.50902,19.93167],[85.50753,19.93242],[85.50771,19.93307],[85.5093,19.93307],[85.51219,19.93615],[85.5163,19.93606],[85.52021,19.93876],[85.52077,19.93969],[85.52039,19.94053],[85.51816,19.9424],[85.50977,19.94529],[85.50921,19.94696],[85.50697,19.94594],[85.50771,19.94389],[85.5066,19.94491],[85.50392,19.9439],[85.50203,19.94613],[85.50362,19.94678],[85.50548,19.94585],[85.50567,19.9493],[85.50828,19.95172],[85.5135,19.95228],[85.51508,19.95937],[85.5162,19.95946],[85.51769,19.96487],[85.51871,19.96598],[85.51685,19.96748],[85.51714,19.96972],[85.5203,19.9699],[85.52077,19.97149],[85.51946,19.97195],[85.52029,19.974],[85.52242,19.97408],[85.52316,19.97293],[85.52383,19.97318],[85.52503,19.97406],[85.52403,19.97561],[85.52634,19.97605],[85.52951,19.97557],[85.53084,19.97804],[85.5331,19.9755],[85.53245,19.97087],[85.53442,19.96626],[85.53738,19.96387],[85.53447,19.95938],[85.53468,19.95753],[85.54176,19.95659],[85.54472,19.95778],[85.54906,19.956],[85.55032,19.95746],[85.55142,19.96132],[85.55354,19.96202],[85.55408,19.9615],[85.55331,19.95265],[85.56329,19.9506],[85.56692,19.95414],[85.56757,19.95489],[85.56711,19.96738],[85.5686,19.97111],[85.56273,19.97055],[85.55741,19.9726],[85.55713,19.97354],[85.55909,19.97671],[85.56105,19.97745],[85.56263,19.97978],[85.5659,19.97885],[85.5687,19.97652],[85.57075,19.97997],[85.56934,19.98398],[85.56673,19.98584],[85.56841,19.98874],[85.56422,19.99162],[85.56422,19.99256],[85.56552,19.99955],[85.56749,20.0027],[85.56881,20.00358],[85.57033,20.00349],[85.5691,20.00064],[85.56991,19.99927],[85.57224,19.9988],[85.57317,20.00011],[85.57322,20.00247],[85.57472,20.00676],[85.57224,20.00736],[85.56998,20.00675],[85.56902,20.00865],[85.57016,20.01151],[85.56934,20.01381],[85.5709,20.01482],[85.57163,20.01629],[85.57356,20.02438],[85.5754,20.0242],[85.57577,20.02199],[85.57733,20.02218],[85.57982,20.02061],[85.58239,20.02144],[85.58459,20.02043],[85.58276,20.0196],[85.58244,20.01841],[85.58258,20.00875],[85.58451,20.00713],[85.58809,20.00635],[85.58884,20.00192],[85.59184,19.99758],[85.5932,19.9997],[85.59604,19.99783],[85.59738,19.99845],[85.59692,20.00023],[85.59818,20.00654],[85.60393,20.00947],[85.60437,20.01316],[85.60722,20.0151],[85.60887,20.01822],[85.6154,20.01951],[85.61687,20.01896],[85.61227,20.00636],[85.61121,20.00079],[85.60861,19.99651],[85.61151,19.99447],[85.61376,19.99462],[85.61504,19.99386],[85.61681,19.99442],[85.62057,20.00174],[85.62273,20.01096],[85.62553,20.01783],[85.63092,20.02324],[85.62889,20.02682],[85.622,20.03124],[85.62263,20.03405],[85.62222,20.03498],[85.62009,20.03586],[85.61571,20.0359],[85.6153,20.03711],[85.61822,20.04714],[85.6188,20.05215],[85.6211,20.0574],[85.62148,20.06457],[85.62257,20.06641],[85.62534,20.06567],[85.62727,20.06843],[85.63986,20.07441],[85.64106,20.07698],[85.64088,20.07928],[85.63977,20.08149],[85.64575,20.08149],[85.64603,20.08241],[85.64639,20.08691],[85.64474,20.08894],[85.64188,20.08986],[85.64143,20.09078],[85.6395,20.09087],[85.63711,20.09418],[85.63757,20.09537],[85.63462,20.10071],[85.63573,20.10108],[85.64272,20.09896],[85.64934,20.09859],[85.65154,20.09757],[85.65182,20.09611],[85.64934,20.08958],[85.64904,20.08356],[85.64993,20.07355],[85.65105,20.06987],[85.65213,20.06859],[85.65276,20.06514],[85.65835,20.06411],[85.66079,20.0649],[85.66553,20.06456],[85.67372,20.06966],[85.67931,20.06926],[85.68295,20.07486],[85.67701,20.07693],[85.67324,20.08374],[85.67321,20.08633],[85.67438,20.08792],[85.68005,20.08977],[85.68134,20.09188],[85.68937,20.09198],[85.69231,20.09397],[85.69577,20.09445],[85.69531,20.09703],[85.69338,20.09574],[85.69218,20.09583],[85.69044,20.0974],[85.68897,20.09675],[85.6886,20.09767],[85.68732,20.09666],[85.68685,20.09795],[85.68897,20.10319],[85.6863,20.10457],[85.68548,20.10687],[85.68217,20.1088],[85.68134,20.11027],[85.67802,20.11036],[85.67747,20.1111],[85.67904,20.11349],[85.67922,20.11744],[85.67809,20.12104],[85.67854,20.12362],[85.68452,20.12679],[85.68501,20.1277],[85.68473,20.13012],[85.68271,20.1349],[85.68367,20.14018],[85.68617,20.14079],[85.68691,20.14199],[85.68852,20.15192],[85.69118,20.15023],[85.69215,20.15033],[85.69224,20.15263],[85.69412,20.15233],[85.69449,20.15307],[85.69463,20.15571],[85.6964,20.15553],[85.69685,20.15156],[85.69946,20.15061],[85.70141,20.15106],[85.70454,20.14793],[85.70668,20.14911],[85.70801,20.14836],[85.70685,20.1475],[85.70498,20.14258],[85.70708,20.13923],[85.70757,20.1402],[85.70699,20.14227],[85.70937,20.14444],[85.71617,20.14271],[85.71862,20.14482],[85.72272,20.14082],[85.71703,20.13661],[85.71929,20.13148],[85.72309,20.12828],[85.72424,20.12873],[85.72572,20.12763],[85.73002,20.12728],[85.73231,20.12891],[85.73533,20.12964],[85.73666,20.13436],[85.73986,20.1411],[85.74458,20.14782],[85.74735,20.14778],[85.74989,20.14575],[85.75153,20.14545],[85.75124,20.13847],[85.75428,20.14042],[85.75488,20.14041],[85.75488,20.13921],[85.7601,20.14104],[85.7609,20.1442],[85.75575,20.14496],[85.75716,20.1499],[85.75814,20.15111],[85.76167,20.15203],[85.76621,20.15202],[85.76622,20.15426],[85.76381,20.15749],[85.76351,20.15899],[85.76421,20.16733],[85.76482,20.16756],[85.77877,20.16747],[85.78343,20.16591],[85.78634,20.16441],[85.78693,20.16308],[85.78498,20.16021],[85.78182,20.15849],[85.78194,20.15699],[85.78478,20.15647],[85.79967,20.14982],[85.80375,20.15286],[85.80523,20.15787],[85.80814,20.15993],[85.81136,20.1586],[85.81433,20.15877],[85.8213,20.15749],[85.82349,20.15869],[85.82779,20.15828],[85.82925,20.16156],[85.83076,20.17314],[85.83546,20.18067],[85.83607,20.18699],[85.83833,20.18689],[85.8384,20.18948],[85.83907,20.19005],[85.84016,20.18775],[85.84456,20.18674],[85.84492,20.18135],[85.84401,20.18043],[85.84394,20.17847],[85.84665,20.17449],[85.84975,20.17529],[85.85641,20.17528],[85.85694,20.18461],[85.85604,20.18628],[85.85624,20.19187],[85.84994,20.19309],[85.84613,20.19505],[85.84624,20.19834],[85.84821,20.19937],[85.84937,20.20104],[85.85435,20.20282],[85.85592,20.2027],[85.86172,20.19825],[85.86295,20.2009],[85.86422,20.20101],[85.86535,20.19427],[85.86613,20.19341],[85.87254,20.1893],[85.87509,20.19174],[85.87592,20.19174],[85.88213,20.18898],[85.88139,20.18666],[85.88199,20.18554],[85.88822,20.1819],[85.89208,20.17826],[85.89256,20.17688],[85.89029,20.16899],[85.8935,20.16789],[85.89503,20.1574],[85.89836,20.15601],[85.89902,20.15341],[85.90369,20.15473],[85.90703,20.15363],[85.9072,20.15294],[85.90122,20.14344],[85.89928,20.14183],[85.89643,20.14161],[85.89436,20.13873],[85.89175,20.13781],[85.8884,20.135],[85.88734,20.12976],[85.88631,20.1286],[85.88333,20.12694],[85.88115,20.12706],[85.87855,20.12845],[85.87551,20.12719],[85.87306,20.12224],[85.87724,20.11929],[85.87723,20.11687],[85.87947,20.11681],[85.87976,20.11318],[85.88303,20.11161],[85.88651,20.11009],[85.89045,20.11239],[85.89486,20.11202],[85.8989,20.11045],[85.90405,20.12002],[85.90434,20.12691],[85.91206,20.12268],[85.91224,20.12112],[85.91702,20.12103],[85.91757,20.11947],[85.92162,20.11938],[85.92217,20.11744],[85.92971,20.11487],[85.93164,20.11202],[85.93266,20.11303],[85.93146,20.11478],[85.93449,20.11432],[85.93744,20.11579],[85.93919,20.11579],[85.94562,20.11285],[85.94746,20.1156],[85.94562,20.11717],[85.9458,20.11873],[85.94838,20.12002],[85.95095,20.11864],[85.95166,20.11988],[85.9527,20.11983],[85.95251,20.11809],[85.95114,20.11744],[85.95151,20.11652],[85.95362,20.11533],[85.95242,20.11321],[85.95564,20.11193],[85.96107,20.12066],[85.96484,20.11754],[85.97018,20.1157],[85.97321,20.11588],[85.98038,20.11266],[85.98415,20.11303],[85.98847,20.11211],[85.99224,20.11229],[85.99326,20.11183],[85.99335,20.10963],[85.99648,20.10733],[86.00059,20.10811],[86.00278,20.10723],[86.00367,20.10898],[86.00488,20.10954],[86.00542,20.11295],[86.00674,20.11339],[86.00806,20.11273],[86.0085,20.11163],[86.01004,20.11141],[86.01136,20.11207],[86.01224,20.11405],[86.01455,20.11493],[86.01433,20.10877],[86.01543,20.10404],[86.01774,20.10228],[86.02338,20.10059],[86.02664,20.10437],[86.02884,20.10437],[86.0306,20.10525],[86.03181,20.1069],[86.03313,20.10591],[86.03995,20.10558],[86.04094,20.10624],[86.04369,20.10591],[86.0472,20.10437],[86.05039,20.10426],[86.05413,20.10701],[86.05611,20.10349],[86.05754,20.10228],[86.05907,20.10206],[86.06194,20.10437],[86.07183,20.10734],[86.07403,20.10701],[86.07667,20.10481],[86.07909,20.10426],[86.08123,20.10484],[86.08744,20.10027],[86.09034,20.0918],[86.09195,20.08969],[86.08992,20.08454],[86.08381,20.08435],[86.07787,20.08256],[86.07883,20.07906],[86.07755,20.07667],[86.08003,20.07474],[86.07732,20.07249],[86.08022,20.07101],[86.08137,20.06862],[86.08693,20.0643],[86.08923,20.05754],[86.0913,20.05754],[86.09309,20.06145],[86.09875,20.06462],[86.11039,20.066],[86.11227,20.066],[86.11858,20.06205],[86.12405,20.06053],[86.12598,20.05924],[86.12925,20.05602],[86.12363,20.0522],[86.11862,20.04673],[86.12046,20.04204],[86.12538,20.0384],[86.13918,20.03886],[86.14346,20.04277],[86.14576,20.04346],[86.14742,20.04346],[86.15335,20.04029],[86.15498,20.042],[86.16249,20.0444],[86.16932,20.0405],[86.17097,20.04027],[86.1703,20.04523],[86.17429,20.0484],[86.17753,20.04914],[86.18438,20.04918],[86.18744,20.05041],[86.19044,20.04948],[86.19376,20.05071],[86.19662,20.04889],[86.19912,20.05145],[86.20113,20.0506],[86.20251,20.05164],[86.20314,20.05127],[86.20325,20.04654],[86.20876,20.04464],[86.20895,20.04308],[86.20821,20.04189],[86.20515,20.04222],[86.20467,20.04148],[86.20724,20.03775],[86.20861,20.03868],[86.20954,20.04174],[86.21152,20.04125],[86.21353,20.04207],[86.21487,20.04111],[86.21334,20.03984],[86.21342,20.03913],[86.22094,20.03578],[86.22142,20.03459],[86.22291,20.03466],[86.22328,20.03545],[86.2263,20.0366],[86.23021,20.0417],[86.23214,20.04218],[86.23289,20.042],[86.23318,20.0407],[86.24089,20.03876],[86.24491,20.03586],[86.24856,20.04099],[86.25167,20.04769],[86.25468,20.05069],[86.2558,20.05285],[86.26241,20.05224],[86.26739,20.05055],[86.27358,20.05402],[86.27705,20.05477],[86.2801,20.05416],[86.27762,20.04666],[86.27147,20.04361],[86.2711,20.04253],[86.27166,20.0414],[86.27564,20.04182],[86.28123,20.03999],[86.28991,20.03507],[86.28986,20.03427],[86.29424,20.03236],[86.29676,20.02893],[86.31052,20.02408],[86.31305,20.02512],[86.31454,20.02486],[86.31673,20.02324],[86.31854,20.02059],[86.32487,20.01794],[86.33386,19.99939],[86.33774,19.98854],[86.34019,19.98406],[86.34435,19.97891],[86.35195,19.97338],[86.35682,19.97206],[86.3623,19.9723],[86.37595,19.97556],[86.38034,19.96568],[86.38119,19.96162],[86.38383,19.95875],[86.37845,19.9569],[86.37769,19.95185],[86.37463,19.94868],[86.37075,19.95133],[86.36868,19.9518],[86.35975,19.9493],[86.35328,19.94878],[86.3503,19.94783],[86.33094,19.94769],[86.3273,19.9467],[86.29996,19.93631],[86.28838,19.93112],[86.26562,19.91888],[86.26246,19.91794],[86.25802,19.9144],[86.25297,19.91237],[86.24471,19.90618],[86.23599,19.90336],[86.23199,19.90075],[86.2098,19.89286],[86.14722,19.8735],[86.13344,19.86934],[86.04493,19.84653],[85.9397,19.82602],[85.93401,19.82387],[85.9271,19.82281],[85.92105,19.82066],[85.91553,19.82104],[85.91051,19.81786],[85.90657,19.81641],[85.87198,19.80732],[85.79017,19.7826],[85.74734,19.76638],[85.68062,19.74381],[85.67281,19.7383],[85.66647,19.73549],[85.65846,19.73377],[85.6158,19.71442],[85.59393,19.70262],[85.52566,19.66949],[85.50031,19.6564],[85.42802,19.62559],[85.37769,19.60019],[85.36996,19.5952],[85.36094,19.59113],[85.34791,19.58381],[85.29237,19.5498],[85.28752,19.54568],[85.28314,19.54331],[85.27073,19.53435],[85.26472,19.52874],[85.24719,19.51546],[85.2,19.48402],[85.17469,19.46631],[85.15139,19.49341],[85.13713,19.52058]]],[[[85.72404,20.1385],[85.72554,20.14303],[85.7299,20.14794],[85.73287,20.14927],[85.73269,20.14669],[85.72781,20.13453],[85.72746,20.1342],[85.72433,20.13747],[85.72404,20.1385]]]]}},{"type":"Feature","properties":{"DISTRICT":"RAYAGADA","CODE":27},"geometry":{"type":"MultiPolygon","coordinates":[[[[82.87054,19.18308],[82.87165,19.18512],[82.87347,19.18523],[82.87465,19.18424],[82.87464,19.18314],[82.87281,19.18155],[82.87115,19.18167],[82.87054,19.18308]]],[[[82.87207,19.19312],[82.87241,19.19539],[82.87407,19.19794],[82.87827,19.19795],[82.88209,19.19653],[82.88406,19.19851],[82.88857,19.19983],[82.89107,19.20159],[82.89523,19.20704],[82.89599,19.20939],[82.89502,19.21085],[82.88479,19.21563],[82.88472,19.21875],[82.88988,19.2199],[82.89668,19.21594],[82.90954,19.22676],[82.90958,19.23061],[82.91519,19.23366],[82.92018,19.23747],[82.91135,19.25566],[82.90424,19.26306],[82.90429,19.26404],[82.90824,19.26717],[82.90896,19.26856],[82.90799,19.27056],[82.90485,19.27272],[82.90347,19.27534],[82.903,19.2796],[82.90362,19.28366],[82.90663,19.28902],[82.91215,19.29316],[82.91389,19.29547],[82.91698,19.29645],[82.92027,19.29881],[82.92432,19.29753],[82.92694,19.29814],[82.93213,19.29645],[82.93506,19.29835],[82.93793,19.30349],[82.94096,19.30518],[82.94102,19.30652],[82.9386,19.31001],[82.93871,19.3114],[82.9407,19.31345],[82.93922,19.31674],[82.93988,19.321],[82.94142,19.32454],[82.94492,19.32958],[82.95021,19.33523],[82.95072,19.34011],[82.95345,19.34499],[82.95242,19.35095],[82.95467,19.35619],[82.9482,19.36081],[82.94815,19.36214],[82.95067,19.36877],[82.9518,19.37483],[82.95565,19.38017],[82.95879,19.38896],[82.95873,19.39065],[82.95371,19.3968],[82.94589,19.40252],[82.93952,19.40277],[82.93803,19.40622],[82.93675,19.40673],[82.93793,19.41444],[82.93634,19.41598],[82.93608,19.41993],[82.93726,19.42384],[82.93485,19.42594],[82.93449,19.42892],[82.93264,19.43103],[82.931,19.42902],[82.92915,19.42866],[82.92458,19.4319],[82.9235,19.43365],[82.92298,19.43791],[82.92489,19.44012],[82.92709,19.43971],[82.92796,19.44294],[82.93027,19.44428],[82.93146,19.44418],[82.93105,19.44192],[82.93172,19.44187],[82.93644,19.45008],[82.93793,19.44988],[82.93958,19.44854],[82.94035,19.44469],[82.95062,19.44587],[82.9726,19.44664],[82.97651,19.44983],[82.98057,19.44859],[82.99407,19.46138],[82.99937,19.46693],[82.99685,19.47823],[82.99813,19.48198],[82.99905,19.49225],[83.00041,19.49343],[83.00079,19.49673],[83.00408,19.49823],[83.00725,19.49831],[83.00977,19.49984],[83.01321,19.50033],[83.02305,19.50613],[83.02676,19.50667],[83.0295,19.51296],[83.02805,19.51806],[83.02589,19.52167],[83.026,19.52328],[83.02858,19.5279],[83.02971,19.53231],[83.03564,19.53613],[83.03763,19.54327],[83.03716,19.54811],[83.03871,19.54916],[83.04199,19.54951],[83.04462,19.55416],[83.05106,19.55553],[83.0545,19.5548],[83.0591,19.55771],[83.06203,19.55698],[83.0708,19.55953],[83.07333,19.55846],[83.07724,19.55803],[83.07939,19.55714],[83.07837,19.55217],[83.0838,19.54808],[83.08768,19.54365],[83.08931,19.5357],[83.09485,19.53827],[83.09727,19.53691],[83.10213,19.53605],[83.10335,19.54112],[83.10773,19.53787],[83.10894,19.53607],[83.108,19.53252],[83.10442,19.52868],[83.10375,19.52419],[83.10424,19.52282],[83.11037,19.52371],[83.1107,19.51884],[83.11565,19.51358],[83.10885,19.5075],[83.11812,19.50027],[83.12534,19.49686],[83.12682,19.49698],[83.12762,19.49823],[83.12851,19.50288],[83.13044,19.50544],[83.13387,19.5069],[83.13745,19.50682],[83.14143,19.50166],[83.14635,19.49818],[83.14983,19.49349],[83.15446,19.49092],[83.16017,19.48327],[83.16125,19.48053],[83.15823,19.47876],[83.15543,19.4743],[83.15183,19.47276],[83.15052,19.46991],[83.15046,19.46608],[83.15149,19.46442],[83.15514,19.463],[83.15452,19.45717],[83.15572,19.45489],[83.15737,19.45374],[83.1592,19.45003],[83.16228,19.44895],[83.16245,19.44615],[83.16486,19.44432],[83.16611,19.44112],[83.16708,19.43404],[83.17062,19.4289],[83.17136,19.42633],[83.17564,19.42611],[83.17862,19.42365],[83.1821,19.42342],[83.18353,19.42256],[83.18427,19.42085],[83.18547,19.42245],[83.18747,19.42291],[83.18764,19.42359],[83.18598,19.42879],[83.18701,19.43444],[83.18507,19.4353],[83.18524,19.43718],[83.18718,19.44027],[83.1865,19.44255],[83.18741,19.44661],[83.18439,19.45112],[83.18513,19.4514],[83.18639,19.45043],[83.18684,19.45089],[83.18627,19.45854],[83.18701,19.46054],[83.18855,19.46123],[83.1877,19.46265],[83.18821,19.46322],[83.19392,19.46437],[83.19672,19.45991],[83.19678,19.457],[83.19906,19.4578],[83.20049,19.45723],[83.20443,19.45083],[83.20615,19.44581],[83.20666,19.44135],[83.20306,19.4413],[83.20351,19.43878],[83.20415,19.43821],[83.21031,19.43935],[83.21174,19.43747],[83.21516,19.43707],[83.21523,19.43536],[83.21351,19.43473],[83.21339,19.43404],[83.21465,19.43187],[83.21854,19.42959],[83.21791,19.43164],[83.21893,19.4385],[83.22099,19.43998],[83.22105,19.44244],[83.21996,19.44386],[83.21636,19.44158],[83.21585,19.44244],[83.21374,19.44261],[83.21357,19.44455],[83.21151,19.44883],[83.21025,19.44735],[83.20934,19.44746],[83.20831,19.44929],[83.20638,19.45015],[83.20626,19.45352],[83.20432,19.45751],[83.203,19.45877],[83.20317,19.45929],[83.20626,19.459],[83.2066,19.46265],[83.20877,19.46539],[83.20774,19.46648],[83.20786,19.46882],[83.21043,19.46814],[83.21048,19.46956],[83.20848,19.47066],[83.20815,19.47211],[83.20686,19.47284],[83.20797,19.47402],[83.21174,19.47516],[83.2142,19.47773],[83.21603,19.4811],[83.21585,19.48481],[83.21665,19.4859],[83.21928,19.48624],[83.22208,19.48887],[83.22144,19.49496],[83.22445,19.49555],[83.22623,19.49709],[83.23025,19.5057],[83.23489,19.50517],[83.23761,19.5068],[83.24742,19.50464],[83.24731,19.51344],[83.25086,19.5157],[83.25534,19.51992],[83.25574,19.5223],[83.25926,19.52697],[83.25861,19.53138],[83.25578,19.53372],[83.25256,19.53446],[83.25033,19.53888],[83.25275,19.54195],[83.25723,19.54463],[83.25802,19.54627],[83.26576,19.54712],[83.26437,19.55391],[83.26769,19.55838],[83.26527,19.56175],[83.25752,19.56404],[83.25564,19.56667],[83.25509,19.5692],[83.25742,19.57327],[83.2604,19.57615],[83.26412,19.57456],[83.26899,19.57406],[83.27151,19.57674],[83.26923,19.58235],[83.27117,19.58518],[83.27122,19.58637],[83.26799,19.5893],[83.26759,19.59228],[83.26799,19.59967],[83.26943,19.60111],[83.27296,19.60121],[83.27673,19.59947],[83.27817,19.59709],[83.28011,19.59754],[83.28149,19.59625],[83.28189,19.59451],[83.28338,19.59431],[83.28546,19.59143],[83.28695,19.59148],[83.28794,19.58836],[83.29003,19.58801],[83.28859,19.59416],[83.28973,19.59595],[83.29301,19.59436],[83.29693,19.59362],[83.30184,19.59034],[83.30353,19.59138],[83.30547,19.58999],[83.30769,19.59168],[83.32145,19.59139],[83.33517,19.5951],[83.34641,19.59931],[83.34987,19.60074],[83.35363,19.60401],[83.35682,19.60465],[83.35953,19.60629],[83.36372,19.60549],[83.36566,19.60423],[83.36694,19.59733],[83.3716,19.59639],[83.37254,19.59559],[83.37486,19.59653],[83.37571,19.59762],[83.37719,19.60198],[83.37657,19.60878],[83.37367,19.6161],[83.3716,19.619],[83.37412,19.62196],[83.37479,19.62775],[83.37595,19.63094],[83.37551,19.63326],[83.37872,19.63579],[83.3801,19.63856],[83.37917,19.64458],[83.38008,19.65301],[83.38587,19.66701],[83.39451,19.67206],[83.39791,19.67754],[83.40404,19.68183],[83.40917,19.68351],[83.41515,19.68354],[83.41821,19.68427],[83.42072,19.68729],[83.42403,19.6938],[83.42707,19.69402],[83.42982,19.69546],[83.43359,19.70987],[83.43496,19.71235],[83.44838,19.71861],[83.44461,19.72553],[83.44634,19.73128],[83.44872,19.73276],[83.45382,19.73296],[83.456,19.73648],[83.45652,19.74109],[83.45557,19.7483],[83.45621,19.75337],[83.45626,19.77465],[83.45423,19.77514],[83.45421,19.7774],[83.45258,19.77884],[83.45318,19.77967],[83.4558,19.77926],[83.45621,19.77975],[83.45567,19.78198],[83.45307,19.7817],[83.45269,19.78376],[83.4547,19.78525],[83.45418,19.78747],[83.45827,19.78878],[83.45768,19.79259],[83.45881,19.79289],[83.4609,19.79179],[83.46139,19.79578],[83.45811,19.79562],[83.45688,19.79637],[83.45634,19.79531],[83.45474,19.79557],[83.45462,19.79472],[83.44885,19.79575],[83.4481,19.7984],[83.44128,19.80036],[83.44016,19.80154],[83.43845,19.8011],[83.43941,19.8125],[83.4356,19.815],[83.43534,19.81937],[83.43336,19.82527],[83.43519,19.82769],[83.44046,19.82988],[83.44094,19.83204],[83.43625,19.83885],[83.43026,19.84309],[83.42561,19.84395],[83.42377,19.84903],[83.42749,19.86182],[83.431,19.86582],[83.43208,19.86995],[83.42578,19.87529],[83.42638,19.87683],[83.42571,19.87743],[83.42718,19.87957],[83.42728,19.88145],[83.42484,19.88246],[83.42494,19.88354],[83.4239,19.88383],[83.42388,19.88669],[83.4221,19.88703],[83.4222,19.89081],[83.42027,19.89098],[83.41891,19.89261],[83.41734,19.89302],[83.41712,19.89487],[83.41467,19.89622],[83.41417,19.89961],[83.41094,19.8999],[83.4127,19.90064],[83.41198,19.90166],[83.41494,19.90538],[83.41438,19.90603],[83.4129,19.90582],[83.41277,19.90642],[83.41407,19.90726],[83.41241,19.90757],[83.41241,19.90981],[83.41056,19.90846],[83.40971,19.91034],[83.40789,19.91063],[83.40993,19.91229],[83.4081,19.91373],[83.40767,19.917],[83.40601,19.91965],[83.4115,19.92396],[83.4203,19.93362],[83.42551,19.9277],[83.43348,19.93148],[83.43768,19.9313],[83.43962,19.92942],[83.44378,19.93242],[83.44423,19.94129],[83.44337,19.94646],[83.44745,19.94976],[83.44539,19.9541],[83.44647,19.96177],[83.44804,19.96619],[83.4479,19.97252],[83.45332,19.97282],[83.45568,19.9714],[83.45831,19.9714],[83.45943,19.96863],[83.46665,19.96855],[83.47028,19.96604],[83.47456,19.96586],[83.47534,19.9626],[83.48148,19.96469],[83.48313,19.96237],[83.49252,19.96039],[83.49726,19.96041],[83.49802,19.95817],[83.50002,19.95741],[83.508,19.95791],[83.51314,19.95461],[83.51688,19.95425],[83.5327,19.94744],[83.53576,19.94682],[83.53873,19.94245],[83.54328,19.94079],[83.54532,19.93805],[83.55139,19.93561],[83.55369,19.93041],[83.56177,19.92904],[83.56152,19.92315],[83.55822,19.91833],[83.55554,19.90929],[83.54996,19.90309],[83.54456,19.90092],[83.54073,19.89659],[83.53816,19.88931],[83.533,19.88007],[83.53134,19.8781],[83.52892,19.87681],[83.53007,19.87387],[83.5293,19.86837],[83.53092,19.86463],[83.5302,19.86375],[83.52934,19.8553],[83.53111,19.85295],[83.53453,19.85276],[83.53557,19.85365],[83.53556,19.85669],[83.5366,19.85699],[83.54159,19.85121],[83.5416,19.84777],[83.54275,19.84483],[83.54617,19.84169],[83.55022,19.83953],[83.55385,19.83945],[83.55863,19.83749],[83.56216,19.83583],[83.56725,19.83211],[83.57823,19.8286],[83.58738,19.8245],[83.5879,19.82224],[83.59868,19.82678],[83.59961,19.82796],[83.60033,19.83248],[83.60237,19.83318],[83.60622,19.8269],[83.60655,19.82287],[83.60885,19.81551],[83.61808,19.81583],[83.62099,19.81377],[83.62196,19.80405],[83.61854,19.80159],[83.6175,19.79952],[83.6196,19.79049],[83.61971,19.78676],[83.62347,19.77891],[83.62286,19.77419],[83.62162,19.77232],[83.6206,19.76771],[83.61024,19.75953],[83.6096,19.74997],[83.61351,19.74688],[83.62019,19.74429],[83.627,19.74391],[83.63249,19.7312],[83.63384,19.72948],[83.63354,19.71668],[83.64352,19.70403],[83.64561,19.69696],[83.64516,19.69396],[83.64191,19.68932],[83.63889,19.68028],[83.63709,19.67773],[83.63702,19.67094],[83.64984,19.6569],[83.65134,19.65661],[83.65705,19.663],[83.66467,19.66389],[83.66578,19.66754],[83.66906,19.67011],[83.66967,19.6739],[83.67113,19.67661],[83.69345,19.68963],[83.69675,19.6903],[83.70212,19.68675],[83.70433,19.6833],[83.71491,19.67382],[83.71843,19.67182],[83.71992,19.672],[83.72093,19.67311],[83.72411,19.67126],[83.72567,19.66687],[83.72753,19.66421],[83.72825,19.66059],[83.73042,19.65966],[83.72997,19.6565],[83.73167,19.65368],[83.74345,19.65431],[83.74349,19.65837],[83.74679,19.65975],[83.74826,19.66291],[83.75005,19.66425],[83.75156,19.66817],[83.75745,19.67045],[83.76022,19.67406],[83.76298,19.67473],[83.76476,19.67602],[83.76365,19.67879],[83.76436,19.68097],[83.76396,19.68294],[83.76605,19.68753],[83.76547,19.69083],[83.76717,19.69328],[83.76672,19.69618],[83.76868,19.69872],[83.76659,19.70354],[83.76646,19.71107],[83.76822,19.71522],[83.7704,19.71531],[83.77294,19.71442],[83.77513,19.71473],[83.77736,19.7117],[83.77839,19.71143],[83.7795,19.71237],[83.78178,19.71023],[83.78499,19.71148],[83.78793,19.7109],[83.7906,19.71179],[83.79312,19.71009],[83.795,19.71161],[83.79964,19.71241],[83.80298,19.71678],[83.80499,19.71812],[83.81373,19.71861],[83.81615,19.72008],[83.8183,19.71861],[83.81924,19.71402],[83.82311,19.71063],[83.82717,19.71085],[83.83056,19.71009],[83.83212,19.70929],[83.83421,19.70608],[83.83883,19.71058],[83.84637,19.70822],[83.8465,19.70577],[83.84547,19.70269],[83.84436,19.70153],[83.85131,19.69897],[83.85231,19.69677],[83.8517,19.69294],[83.8557,19.68506],[83.85968,19.68254],[83.86068,19.68065],[83.86482,19.67956],[83.86922,19.67492],[83.87433,19.67094],[83.88864,19.67214],[83.89796,19.67107],[83.9043,19.67237],[83.9072,19.67107],[83.91832,19.67999],[83.92371,19.6754],[83.92684,19.67567],[83.92867,19.67839],[83.93224,19.67785],[83.93388,19.67509],[83.93451,19.67188],[83.9377,19.67099],[83.93539,19.66884],[83.92779,19.66452],[83.9258,19.66247],[83.93078,19.65917],[83.93592,19.65713],[83.93658,19.65618],[83.93844,19.64514],[83.9421,19.63754],[83.94211,19.63403],[83.9354,19.63284],[83.93177,19.63011],[83.9282,19.62979],[83.92696,19.62709],[83.92744,19.62244],[83.93305,19.5988],[83.93333,19.59534],[83.93434,19.59379],[83.93648,19.59321],[83.93674,19.59226],[83.93356,19.57285],[83.93483,19.56984],[83.9376,19.56795],[83.93849,19.56509],[83.94152,19.56212],[83.94057,19.55519],[83.94357,19.54939],[83.94672,19.5463],[83.94798,19.54572],[83.95285,19.54706],[83.95649,19.5472],[83.96289,19.54474],[83.96411,19.54312],[83.96826,19.54148],[83.97303,19.54067],[83.97697,19.53222],[83.97798,19.53092],[83.98061,19.53058],[83.9734,19.52428],[83.96809,19.51123],[83.96673,19.50967],[83.96198,19.50701],[83.96056,19.50499],[83.96021,19.50176],[83.96084,19.50019],[83.96211,19.5001],[83.9666,19.49657],[83.97069,19.49174],[83.97705,19.48905],[83.97856,19.48576],[83.9757,19.48176],[83.97267,19.47198],[83.97028,19.46922],[83.9703,19.46786],[83.9723,19.46406],[83.97061,19.45864],[83.96726,19.45842],[83.96384,19.45078],[83.96529,19.44782],[83.95772,19.44134],[83.95647,19.43923],[83.95692,19.43727],[83.95272,19.43315],[83.94893,19.42576],[83.9441,19.41897],[83.94952,19.40342],[83.94968,19.39612],[83.95722,19.39692],[83.96369,19.39539],[83.96554,19.39449],[83.96702,19.39266],[83.96745,19.38872],[83.96986,19.3852],[83.97549,19.38354],[83.97878,19.38336],[83.9854,19.37963],[83.98967,19.37899],[83.98917,19.38037],[83.99355,19.38473],[83.99495,19.38451],[83.99554,19.3858],[83.99741,19.38671],[84.00456,19.3835],[84.0165,19.37644],[84.0176,19.37502],[84.02047,19.36436],[84.02377,19.36115],[84.0308,19.34547],[84.03015,19.34074],[84.02659,19.33697],[84.02846,19.33111],[84.02857,19.32764],[84.02737,19.32461],[84.01794,19.31643],[84.01801,19.30732],[84.01625,19.30564],[84.01625,19.30449],[84.01686,19.30261],[84.02158,19.29574],[84.02181,19.28978],[84.01617,19.2858],[84.01419,19.28307],[84.01299,19.27798],[84.01376,19.27316],[84.01289,19.27065],[84.00488,19.26855],[84.00334,19.26382],[84.00445,19.25776],[84.0005,19.25639],[83.99767,19.24431],[83.99435,19.24204],[83.99402,19.23632],[83.99597,19.23545],[83.99007,19.22802],[83.99033,19.22051],[83.98668,19.21408],[83.98562,19.21323],[83.98201,19.21252],[83.98185,19.21167],[83.98558,19.20535],[83.98602,19.2032],[83.98961,19.19911],[83.99622,19.19579],[83.99928,19.1922],[83.99882,19.19034],[83.99791,19.18962],[83.99354,19.1885],[83.99021,19.18579],[83.9914,19.18277],[83.9907,19.17834],[83.99373,19.16802],[83.98876,19.16704],[83.98611,19.16361],[83.98805,19.16145],[83.99061,19.16059],[83.99104,19.15557],[83.99463,19.15312],[83.99596,19.14882],[83.99761,19.14838],[83.99928,19.14938],[84.00379,19.14643],[84.00589,19.14584],[84.0079,19.14656],[84.01286,19.14156],[84.01917,19.14027],[84.02268,19.14185],[84.02753,19.14191],[84.03201,19.13704],[84.0352,19.13095],[84.0332,19.12773],[84.0237,19.12552],[84.02264,19.12317],[84.01791,19.12745],[84.01594,19.12833],[84.01711,19.12545],[84.01772,19.1152],[84.01648,19.10577],[84.01788,19.10211],[84.01559,19.0999],[84.01649,19.09619],[84.02174,19.08797],[84.01997,19.07944],[84.02381,19.07411],[84.0309,19.07447],[84.03151,19.06934],[84.03345,19.06477],[84.03302,19.06026],[84.03394,19.05771],[84.0267,19.05863],[84.02175,19.05483],[84.01224,19.05679],[84.00546,19.06892],[84.00014,19.06729],[83.98544,19.07098],[83.97913,19.07115],[83.97,19.06388],[83.96683,19.06232],[83.96334,19.05603],[83.96339,19.05216],[83.96669,19.05029],[83.96545,19.0425],[83.9716,19.03818],[83.97398,19.0353],[83.97819,19.03285],[83.97968,19.02998],[83.98746,19.02144],[83.98525,19.01765],[83.98372,19.01207],[83.97495,19.0048],[83.96983,19.00496],[83.96239,18.99805],[83.9526,18.99673],[83.94019,19.00801],[83.93335,19.00933],[83.93268,19.00991],[83.93276,19.0122],[83.93209,19.01342],[83.92886,19.01429],[83.92209,19.0136],[83.91898,19.01204],[83.91886,19.01268],[83.90971,19.01866],[83.89814,19.0061],[83.89835,19.00467],[83.89713,19.00152],[83.89517,18.99949],[83.89599,18.9961],[83.8928,18.99241],[83.87817,18.99434],[83.87088,18.9921],[83.86709,18.98894],[83.85946,18.99062],[83.85783,18.99863],[83.85312,19.00467],[83.84719,19.00784],[83.84615,19.00985],[83.84267,19.00815],[83.84161,19.00686],[83.83932,19.00752],[83.83449,19.0031],[83.82582,19.0153],[83.82095,19.01954],[83.82009,19.02685],[83.81921,19.03043],[83.81816,19.03144],[83.80898,19.03234],[83.80747,19.03048],[83.80235,19.02849],[83.80083,19.02658],[83.79929,19.01928],[83.79656,19.01696],[83.78761,19.01809],[83.78516,19.01712],[83.78254,19.01755],[83.77986,19.01687],[83.77937,19.01627],[83.7798,19.01493],[83.7823,19.01346],[83.78339,19.0109],[83.78364,19.00883],[83.78303,19.00779],[83.78017,19.007],[83.7734,19.00724],[83.77047,19.00572],[83.76804,19.00554],[83.76572,19.00371],[83.76572,18.99956],[83.76382,18.9995],[83.76237,19.00176],[83.76084,19.002],[83.75578,18.99934],[83.75465,18.99808],[83.74982,18.99611],[83.74697,18.98684],[83.74779,18.98155],[83.75033,18.97346],[83.757,18.97037],[83.75742,18.96935],[83.75702,18.96754],[83.75808,18.96],[83.7607,18.95454],[83.76148,18.94952],[83.76413,18.94904],[83.76857,18.95259],[83.77116,18.95379],[83.77218,18.95298],[83.77303,18.9507],[83.77291,18.94738],[83.77515,18.94261],[83.7792,18.94355],[83.78084,18.936],[83.78349,18.9347],[83.78444,18.93318],[83.78697,18.93248],[83.78771,18.92449],[83.79008,18.91907],[83.79025,18.91461],[83.78339,18.91078],[83.77945,18.91],[83.77444,18.91292],[83.77128,18.91318],[83.76835,18.92225],[83.7662,18.92327],[83.76508,18.92566],[83.75658,18.92438],[83.75546,18.92492],[83.75348,18.92834],[83.75314,18.93051],[83.74993,18.93458],[83.74879,18.94348],[83.7438,18.94718],[83.74245,18.94928],[83.74205,18.95493],[83.7405,18.96041],[83.73575,18.97077],[83.73528,18.97648],[83.73444,18.97879],[83.73464,18.98689],[83.72088,18.99229],[83.71622,18.99266],[83.71436,18.99894],[83.71127,19.00174],[83.7107,19.00477],[83.71351,19.00687],[83.71968,19.00941],[83.72374,19.00833],[83.72571,19.00893],[83.72698,19.01268],[83.72945,19.01514],[83.73172,19.02041],[83.72833,19.02031],[83.72654,19.01924],[83.72592,19.01998],[83.7246,19.0196],[83.72427,19.02112],[83.7206,19.02102],[83.71699,19.02311],[83.7121,19.02364],[83.70641,19.0224],[83.70195,19.02427],[83.69984,19.02876],[83.70017,19.03148],[83.69466,19.03749],[83.69383,19.04331],[83.69228,19.04741],[83.69054,19.04926],[83.68964,19.05302],[83.68694,19.05756],[83.68218,19.06064],[83.68013,19.06316],[83.67828,19.06426],[83.67726,19.06949],[83.67606,19.07147],[83.66928,19.07458],[83.6661,19.07493],[83.66491,19.07793],[83.66288,19.08001],[83.66238,19.08313],[83.66573,19.09114],[83.66459,19.0937],[83.66464,19.09729],[83.65986,19.10064],[83.65744,19.10764],[83.65294,19.10821],[83.65244,19.1159],[83.649,19.11727],[83.65152,19.12207],[83.65623,19.12133],[83.65693,19.1283],[83.65462,19.13058],[83.65216,19.13044],[83.64873,19.12877],[83.64314,19.1309],[83.63893,19.13047],[83.63792,19.1333],[83.6337,19.13972],[83.63671,19.14798],[83.63666,19.15048],[83.63911,19.15231],[83.63523,19.15891],[83.63081,19.1599],[83.62809,19.16181],[83.62967,19.1556],[83.62941,19.14931],[83.62442,19.14652],[83.62289,19.1407],[83.62076,19.1402],[83.61802,19.13608],[83.6101,19.13873],[83.60658,19.13493],[83.60445,19.13494],[83.60284,19.13313],[83.60036,19.12728],[83.59962,19.11822],[83.60551,19.11042],[83.61002,19.10258],[83.61189,19.0982],[83.61237,19.0952],[83.60555,19.09187],[83.60457,19.0918],[83.60282,19.0937],[83.59485,19.09178],[83.58756,19.08596],[83.58648,19.08395],[83.58646,19.08203],[83.58807,19.07554],[83.58861,19.06828],[83.58795,19.06653],[83.58562,19.064],[83.58617,19.05704],[83.58103,19.05991],[83.5763,19.06053],[83.57146,19.05902],[83.56846,19.05919],[83.56708,19.05846],[83.56597,19.05603],[83.56517,19.05611],[83.56519,19.05815],[83.56437,19.05938],[83.56359,19.05917],[83.5629,19.05991],[83.56312,19.06198],[83.56182,19.06405],[83.56367,19.06546],[83.56532,19.0692],[83.56774,19.07015],[83.56837,19.07218],[83.56648,19.07848],[83.56237,19.08621],[83.55621,19.08574],[83.55338,19.08136],[83.55058,19.07934],[83.55038,19.07691],[83.55492,19.06865],[83.55592,19.06466],[83.55724,19.06239],[83.55721,19.05694],[83.55882,19.05491],[83.55342,19.0535],[83.54872,19.04285],[83.54681,19.04157],[83.54354,19.0411],[83.54285,19.03526],[83.54166,19.03232],[83.54314,19.02882],[83.54015,19.02056],[83.53967,19.01208],[83.53848,19.00901],[83.536,19.01264],[83.52785,19.01208],[83.52634,19.01359],[83.52407,19.01135],[83.5175,19.01586],[83.51427,19.01591],[83.50903,19.01793],[83.50538,19.01801],[83.50257,19.0197],[83.49997,19.02651],[83.49751,19.03071],[83.49938,19.03351],[83.49862,19.03445],[83.50114,19.03523],[83.50523,19.0352],[83.50706,19.03453],[83.50978,19.03495],[83.51171,19.03327],[83.51511,19.02799],[83.51627,19.02757],[83.51828,19.02952],[83.51939,19.03554],[83.52086,19.03821],[83.51616,19.04603],[83.51467,19.04736],[83.51665,19.04924],[83.51712,19.05334],[83.51838,19.05581],[83.51466,19.05999],[83.51379,19.06398],[83.51226,19.06669],[83.51361,19.06803],[83.51342,19.06931],[83.5127,19.06951],[83.50726,19.06528],[83.50364,19.06519],[83.50223,19.05957],[83.49099,19.0724],[83.48791,19.07325],[83.48302,19.07746],[83.48479,19.0805],[83.48425,19.08457],[83.48804,19.08669],[83.48483,19.09186],[83.4807,19.09198],[83.47565,19.09428],[83.47229,19.09218],[83.46993,19.09209],[83.47061,19.09103],[83.46928,19.08664],[83.47047,19.08672],[83.47173,19.08487],[83.47235,19.08628],[83.47474,19.08478],[83.47562,19.08628],[83.47719,19.0843],[83.47861,19.08445],[83.48033,19.07841],[83.47496,19.07619],[83.47207,19.07941],[83.46821,19.07897],[83.46818,19.07796],[83.46514,19.07507],[83.46703,19.0733],[83.46719,19.07011],[83.46557,19.06793],[83.46463,19.06289],[83.46619,19.06182],[83.47002,19.06215],[83.47131,19.06],[83.47145,19.05734],[83.47003,19.05368],[83.47279,19.04793],[83.47233,19.04312],[83.47302,19.04179],[83.47771,19.0391],[83.48531,19.033],[83.48465,19.02911],[83.48259,19.02506],[83.48133,19.01869],[83.4818,19.01645],[83.48465,19.01392],[83.48286,19.01069],[83.48322,19.00881],[83.48148,19.00714],[83.47973,19.00659],[83.4745,19.00627],[83.46696,19.0106],[83.46475,19.01116],[83.45428,19.01141],[83.45369,19.00876],[83.45214,19.00879],[83.45313,19.00285],[83.4576,18.99786],[83.45811,18.99034],[83.46659,18.99169],[83.46892,18.99149],[83.46946,18.99077],[83.46959,18.98946],[83.46619,18.9796],[83.46687,18.97809],[83.47023,18.97894],[83.47179,18.96717],[83.46788,18.96357],[83.46567,18.95762],[83.46254,18.95403],[83.4576,18.95452],[83.44666,18.95787],[83.44553,18.9596],[83.44553,18.96142],[83.44853,18.96586],[83.44508,18.9666],[83.44434,18.96842],[83.44167,18.97101],[83.4406,18.97408],[83.43766,18.97507],[83.43289,18.97836],[83.43077,18.97882],[83.42853,18.98131],[83.42799,18.98346],[83.42506,18.98412],[83.4222,18.98733],[83.42001,18.98799],[83.4168,18.98773],[83.41998,18.99591],[83.42176,18.99791],[83.42107,19.00018],[83.41959,19.00072],[83.41782,18.99993],[83.41693,19.0021],[83.41609,19.00235],[83.41481,19.00205],[83.41397,18.99978],[83.41289,18.99968],[83.41141,19.00314],[83.40968,19.00274],[83.40791,19.00388],[83.40598,19.00343],[83.40578,19.0057],[83.40391,19.00511],[83.40263,19.00807],[83.40041,19.00743],[83.39819,19.00856],[83.39637,19.0053],[83.39503,19.00491],[83.39445,19.00383],[83.38887,19.00215],[83.38823,19.00106],[83.38621,19.00027],[83.384,19.00097],[83.37936,19.00062],[83.37768,19.0018],[83.37423,19.00131],[83.37029,19.00328],[83.36871,19.00486],[83.3688,19.00659],[83.36787,19.00738],[83.36876,19.00831],[83.36728,19.00885],[83.36876,19.01058],[83.36802,19.01181],[83.3692,19.01354],[83.369,19.01512],[83.36038,19.01822],[83.3569,19.017],[83.35311,19.01734],[83.35051,19.01641],[83.34946,19.02467],[83.35353,19.02966],[83.3576,19.03687],[83.36062,19.03819],[83.36259,19.04042],[83.36388,19.04308],[83.36411,19.04719],[83.36376,19.04897],[83.36016,19.05186],[83.3518,19.05098],[83.34785,19.05209],[83.34286,19.0592],[83.3424,19.06441],[83.34589,19.06919],[83.34635,19.07297],[83.34461,19.07952],[83.34113,19.08207],[83.34008,19.08429],[83.34067,19.09028],[83.34206,19.09261],[83.34079,19.09539],[83.3423,19.10016],[83.34137,19.10182],[83.32987,19.09984],[83.32812,19.10051],[83.32708,19.10207],[83.32535,19.10818],[83.32233,19.11284],[83.32151,19.1134],[83.31989,19.11296],[83.31559,19.11363],[83.31092,19.11691],[83.3079,19.11547],[83.30488,19.11292],[83.30325,19.11359],[83.30151,19.11837],[83.30244,19.12025],[83.30163,19.12158],[83.29965,19.12125],[83.29826,19.11992],[83.29512,19.11527],[83.29245,19.11371],[83.28989,19.11339],[83.28664,19.11483],[83.28618,19.11661],[83.28699,19.12482],[83.2849,19.12549],[83.28105,19.12149],[83.28012,19.11672],[83.27652,19.10795],[83.27384,19.09874],[83.27361,19.09463],[83.27058,19.08908],[83.27036,19.08387],[83.26768,19.0801],[83.26174,19.06813],[83.26268,19.06734],[83.26384,19.06845],[83.26442,19.06756],[83.26349,19.06466],[83.26419,19.06378],[83.26767,19.06344],[83.26883,19.06233],[83.26883,19.05767],[83.2701,19.05378],[83.26639,19.04968],[83.2622,19.03803],[83.25217,19.03048],[83.24809,19.02902],[83.24401,19.02614],[83.23955,19.02438],[83.23641,19.02532],[83.2365,19.02112],[83.2383,19.01472],[83.23639,19.00826],[83.23811,19.0047],[83.23918,18.99706],[83.23826,18.98909],[83.23573,18.98888],[83.23354,18.98506],[83.23139,18.98407],[83.22322,18.98286],[83.22057,18.98181],[83.21252,18.97394],[83.2037,18.96227],[83.20275,18.95999],[83.20161,18.95939],[83.18683,18.9603],[83.1862,18.96117],[83.18724,18.96755],[83.18932,18.97072],[83.19233,18.9783],[83.19612,18.9845],[83.19769,18.99096],[83.19582,18.99973],[83.19427,19.00216],[83.19153,19.00291],[83.18813,19.01428],[83.18988,19.02088],[83.18919,19.02661],[83.19038,19.03085],[83.19377,19.03679],[83.19439,19.04128],[83.19402,19.04364],[83.19564,19.04601],[83.19657,19.0505],[83.19595,19.05398],[83.19025,19.05862],[83.1966,19.0666],[83.19853,19.0722],[83.19875,19.07516],[83.19819,19.07647],[83.19501,19.07833],[83.19334,19.08027],[83.1909,19.07952],[83.18885,19.08058],[83.19096,19.08425],[83.19225,19.09394],[83.18944,19.09568],[83.18489,19.09468],[83.1824,19.09749],[83.19199,19.10614],[83.19331,19.10814],[83.19389,19.11184],[83.1947,19.11278],[83.19844,19.11427],[83.19925,19.11901],[83.20161,19.11969],[83.20622,19.12262],[83.20663,19.13193],[83.21018,19.13143],[83.21267,19.1338],[83.2156,19.13336],[83.22071,19.13666],[83.22227,19.13685],[83.22289,19.13635],[83.22339,19.12869],[83.22656,19.12271],[83.22818,19.12234],[83.23466,19.12365],[83.2411,19.12729],[83.24634,19.12698],[83.24677,19.12866],[83.24615,19.13003],[83.2421,19.13433],[83.24297,19.14454],[83.25123,19.148],[83.25266,19.15161],[83.25739,19.15192],[83.2592,19.15933],[83.25901,19.1627],[83.25584,19.1627],[83.25198,19.16145],[83.24892,19.1622],[83.23862,19.16989],[83.22915,19.17263],[83.22659,19.1707],[83.22529,19.16454],[83.22155,19.16098],[83.21613,19.1636],[83.20158,19.1688],[83.20065,19.16718],[83.20097,19.15846],[83.20177,19.15715],[83.20663,19.15354],[83.20258,19.14719],[83.19785,19.14713],[83.19585,19.14949],[83.19262,19.15018],[83.19212,19.14762],[83.18411,19.14554],[83.18038,19.14317],[83.1795,19.14317],[83.17938,19.14417],[83.17851,19.14429],[83.1739,19.14018],[83.16954,19.13788],[83.16967,19.13339],[83.16705,19.13084],[83.16718,19.12854],[83.16674,19.1281],[83.16462,19.12872],[83.16543,19.12785],[83.16528,19.12676],[83.16484,19.12508],[83.16378,19.12427],[83.16447,19.12309],[83.16596,19.12259],[83.16528,19.12147],[83.15998,19.12197],[83.15624,19.12446],[83.15363,19.12396],[83.15189,19.12583],[83.15064,19.12875],[83.15089,19.13461],[83.14815,19.13517],[83.14342,19.13455],[83.1408,19.13648],[83.13843,19.13579],[83.13663,19.13399],[83.13588,19.13193],[83.13631,19.12383],[83.1337,19.1214],[83.13464,19.11623],[83.13485,19.10705],[83.13367,19.10325],[83.13223,19.09266],[83.12859,19.09275],[83.12373,19.0892],[83.12149,19.09163],[83.11931,19.09275],[83.11974,19.09605],[83.11869,19.09917],[83.11594,19.10172],[83.11526,19.10434],[83.11283,19.10527],[83.11134,19.10758],[83.10981,19.11334],[83.10651,19.1124],[83.10091,19.10879],[83.10091,19.10587],[83.09817,19.104],[83.09537,19.09897],[83.09509,19.09599],[83.0939,19.09332],[83.0891,19.08665],[83.08624,19.0864],[83.08468,19.08547],[83.08312,19.08621],[83.08176,19.08578],[83.07664,19.08173],[83.07696,19.07949],[83.07596,19.07718],[83.0754,19.07046],[83.07108,19.06719],[83.06889,19.06264],[83.06989,19.06171],[83.07151,19.06183],[83.074,19.06065],[83.07468,19.05753],[83.07142,19.05165],[83.07092,19.04617],[83.0688,19.04405],[83.06718,19.04355],[83.06039,19.04965],[83.05715,19.0514],[83.05229,19.05215],[83.0503,19.05482],[83.04457,19.05401],[83.038,19.05498],[83.03333,19.05467],[83.03296,19.05654],[83.02529,19.05922],[83.02405,19.06052],[83.02243,19.06482],[83.02137,19.06507],[83.02113,19.07285],[83.02215,19.07469],[83.02987,19.0783],[83.03093,19.07824],[83.03,19.08042],[83.03049,19.0864],[83.02925,19.08871],[83.0224,19.09431],[83.0148,19.09425],[83.01181,19.09525],[83.00885,19.0997],[83.00985,19.10406],[83.00954,19.10661],[83.01085,19.10892],[83.01085,19.11191],[83.00928,19.11203],[83.00854,19.11396],[83.00907,19.11667],[83.00845,19.11667],[83.0072,19.11997],[83.00315,19.12284],[82.99805,19.12838],[82.99606,19.12838],[82.99344,19.12963],[82.98852,19.13498],[82.98125,19.13841],[82.98111,19.14019],[82.98441,19.14714],[82.98301,19.15098],[82.98109,19.16269],[82.98369,19.16854],[82.9828,19.17164],[82.97928,19.17197],[82.97797,19.17125],[82.97514,19.16526],[82.96856,19.16018],[82.95807,19.15773],[82.9565,19.15525],[82.95258,19.1536],[82.95013,19.15437],[82.94863,19.15696],[82.94627,19.15845],[82.9418,19.15968],[82.93836,19.16002],[82.9313,19.15841],[82.92913,19.15718],[82.92893,19.15932],[82.92184,19.16182],[82.91813,19.15973],[82.9164,19.15674],[82.90982,19.15718],[82.90719,19.15515],[82.90458,19.15467],[82.9039,19.15548],[82.90452,19.15735],[82.90008,19.16229],[82.89834,19.16308],[82.89475,19.16262],[82.89402,19.16333],[82.89629,19.16474],[82.89982,19.16448],[82.90112,19.16525],[82.89959,19.16634],[82.90057,19.17169],[82.89998,19.17258],[82.89845,19.17348],[82.89837,19.1726],[82.89767,19.17253],[82.89639,19.17365],[82.89506,19.17771],[82.88979,19.17946],[82.88892,19.18043],[82.88624,19.18039],[82.88571,19.18098],[82.88651,19.1834],[82.88306,19.18366],[82.88059,19.18199],[82.87991,19.18244],[82.87663,19.18961],[82.87289,19.19178],[82.87207,19.19312]]]]}},{"type":"Feature","properties":{"DISTRICT":"SAMBALPUR","CODE":28},"geometry":{"type":"Polygon","coordinates":[[[83.8007,21.56295],[83.80862,21.58123],[83.80936,21.58812],[83.81142,21.59362],[83.81448,21.59512],[83.81867,21.59494],[83.8293,21.59139],[83.837,21.5899],[83.84687,21.58455],[83.84976,21.58419],[83.85307,21.58488],[83.85573,21.58429],[83.87459,21.5759],[83.89087,21.57407],[83.89997,21.57382],[83.90733,21.57475],[83.9185,21.57793],[83.92364,21.57868],[83.94939,21.57893],[83.95336,21.57853],[83.95695,21.57722],[83.96116,21.5737],[83.96626,21.57186],[83.97268,21.57156],[83.9771,21.57402],[83.97912,21.57856],[83.98028,21.58587],[83.98013,21.60787],[83.97969,21.61497],[83.97777,21.62528],[83.97874,21.63199],[83.97515,21.6496],[83.9752,21.66243],[83.97086,21.68008],[83.96809,21.68803],[83.9703,21.70376],[83.96892,21.7079],[83.96603,21.71168],[83.95961,21.71392],[83.94866,21.7194],[83.94511,21.72275],[83.94274,21.72635],[83.94858,21.73318],[83.95468,21.73405],[83.95414,21.73957],[83.95512,21.74431],[83.95591,21.74544],[83.95908,21.74568],[83.96097,21.74674],[83.96428,21.74955],[83.96949,21.75873],[83.9688,21.76389],[83.9703,21.76433],[83.97242,21.76383],[83.97584,21.75916],[83.98176,21.75748],[83.98497,21.75411],[83.98701,21.7504],[83.98885,21.74951],[83.99047,21.74981],[83.99348,21.75333],[83.99734,21.76229],[84.00371,21.77264],[84.01301,21.78279],[84.01382,21.78879],[84.0206,21.78724],[84.02405,21.78443],[84.02685,21.776],[84.02901,21.77173],[84.03284,21.7691],[84.03379,21.76769],[84.03416,21.76553],[84.03274,21.75891],[84.03442,21.7586],[84.03872,21.75866],[84.04158,21.76178],[84.04774,21.76576],[84.05672,21.77409],[84.05899,21.77501],[84.06323,21.77507],[84.07404,21.77182],[84.0885,21.77243],[84.09255,21.77526],[84.09814,21.78189],[84.10275,21.78268],[84.11361,21.78932],[84.11693,21.78876],[84.12181,21.78502],[84.13084,21.78465],[84.13636,21.78195],[84.14109,21.78103],[84.14529,21.77673],[84.14996,21.77851],[84.15211,21.7782],[84.1569,21.77409],[84.15905,21.76905],[84.16101,21.7666],[84.16525,21.76543],[84.17069,21.76034],[84.1796,21.75784],[84.18672,21.75319],[84.19199,21.75166],[84.19648,21.75254],[84.19996,21.75418],[84.20421,21.76064],[84.20533,21.76043],[84.20713,21.75786],[84.2122,21.75799],[84.21423,21.75913],[84.21709,21.76334],[84.22041,21.76528],[84.22543,21.76531],[84.23283,21.76216],[84.23742,21.76254],[84.24073,21.76393],[84.24271,21.76543],[84.24454,21.76823],[84.24604,21.76893],[84.24754,21.76872],[84.25292,21.76508],[84.25355,21.7662],[84.25436,21.7662],[84.25491,21.76489],[84.2579,21.76588],[84.25934,21.76458],[84.26027,21.76651],[84.26139,21.76682],[84.26176,21.76526],[84.26425,21.76514],[84.26363,21.76364],[84.26425,21.76283],[84.26942,21.75854],[84.27091,21.75854],[84.27409,21.76034],[84.27789,21.75961],[84.27956,21.76171],[84.28336,21.76134],[84.28542,21.76209],[84.28579,21.76489],[84.2889,21.76694],[84.28872,21.7736],[84.29115,21.77466],[84.2927,21.77628],[84.29282,21.78076],[84.29177,21.78213],[84.29301,21.78705],[84.29264,21.7906],[84.29662,21.79321],[84.29644,21.79471],[84.29513,21.79496],[84.29538,21.79614],[84.29731,21.79595],[84.2983,21.7967],[84.30074,21.8033],[84.30553,21.8061],[84.312,21.8117],[84.31482,21.82757],[84.31779,21.82994],[84.32208,21.83175],[84.32862,21.83741],[84.32925,21.83907],[84.32919,21.84756],[84.32526,21.85366],[84.32719,21.86293],[84.32837,21.86611],[84.33086,21.86935],[84.33055,21.87128],[84.33179,21.87507],[84.3364,21.87925],[84.33727,21.88286],[84.33995,21.88622],[84.34363,21.89288],[84.34525,21.89761],[84.34817,21.90172],[84.35134,21.91056],[84.35128,21.91398],[84.35041,21.91585],[84.35116,21.91884],[84.35508,21.92338],[84.35638,21.92662],[84.3595,21.92836],[84.36442,21.9372],[84.36412,21.94078],[84.3651,21.94305],[84.37027,21.94946],[84.37307,21.95102],[84.37431,21.9527],[84.3754,21.96303],[84.37238,21.97119],[84.37201,21.97449],[84.37376,21.97686],[84.3783,21.97891],[84.37967,21.98128],[84.39088,21.99142],[84.39043,21.99715],[84.39125,22.00008],[84.38963,22.00282],[84.39019,22.00722],[84.38963,22.01504],[84.39111,22.02388],[84.39068,22.02518],[84.38572,22.02744],[84.37741,22.02809],[84.36964,22.02981],[84.35972,22.03542],[84.35703,22.03629],[84.35249,22.03435],[84.34657,22.03456],[84.34441,22.03618],[84.34322,22.03467],[84.3416,22.03424],[84.34117,22.03316],[84.33966,22.03337],[84.33707,22.03521],[84.33459,22.03294],[84.33125,22.03575],[84.32682,22.03736],[84.31302,22.03823],[84.31053,22.0379],[84.30266,22.03424],[84.29668,22.03425],[84.29437,22.02882],[84.29346,22.0231],[84.29179,22.02061],[84.29011,22.01951],[84.283,22.01715],[84.27267,22.01698],[84.27009,22.01579],[84.26917,22.03424],[84.2682,22.03933],[84.26894,22.04543],[84.27098,22.04874],[84.27141,22.05348],[84.27343,22.06096],[84.27155,22.06201],[84.26924,22.06481],[84.2677,22.07298],[84.26882,22.08011],[84.27064,22.08249],[84.2728,22.08913],[84.27168,22.09556],[84.26931,22.10213],[84.26945,22.10695],[84.27106,22.10911],[84.27294,22.11023],[84.27791,22.10821],[84.27979,22.10981],[84.28021,22.11247],[84.27847,22.11491],[84.27833,22.11778],[84.27916,22.12176],[84.28056,22.1233],[84.28608,22.12107],[84.28895,22.12078],[84.29733,22.11799],[84.30027,22.11792],[84.30544,22.12155],[84.31341,22.12344],[84.31771,22.12597],[84.32117,22.12631],[84.32431,22.1277],[84.3327,22.1277],[84.34101,22.12952],[84.34499,22.13225],[84.35213,22.14021],[84.35988,22.14392],[84.36505,22.14979],[84.37225,22.14832],[84.37393,22.14895],[84.38679,22.1472],[84.39751,22.15536],[84.4009,22.15943],[84.40898,22.16364],[84.41357,22.16819],[84.42073,22.17249],[84.44261,22.17967],[84.45785,22.18569],[84.47897,22.18969],[84.4847,22.16139],[84.48847,22.15762],[84.49162,22.14406],[84.49609,22.14049],[84.49825,22.13756],[84.49951,22.12561],[84.49895,22.1247],[84.50064,22.12219],[84.50031,22.11869],[84.50289,22.1084],[84.5009,22.10156],[84.50005,22.10077],[84.5006,22.0901],[84.50179,22.08873],[84.50628,22.08778],[84.51224,22.08811],[84.51535,22.08554],[84.51589,22.08426],[84.51467,22.08158],[84.51489,22.07831],[84.5141,22.07438],[84.51107,22.0719],[84.50996,22.06908],[84.51288,22.06175],[84.51231,22.05722],[84.5134,22.05373],[84.52888,22.04695],[84.52895,22.0427],[84.52656,22.03757],[84.52554,22.0321],[84.52273,22.02935],[84.5153,22.02645],[84.51327,22.02355],[84.5129,22.02159],[84.50968,22.01843],[84.50819,22.01204],[84.51033,22.00432],[84.51074,21.99982],[84.50936,21.99673],[84.50885,21.99291],[84.50406,21.98346],[84.50308,21.97364],[84.50199,21.97139],[84.50204,21.96789],[84.503,21.96688],[84.50374,21.96375],[84.50199,21.96071],[84.50774,21.9585],[84.50964,21.95937],[84.51051,21.9631],[84.51147,21.96407],[84.51613,21.96559],[84.51608,21.97098],[84.51714,21.9731],[84.52074,21.97273],[84.52106,21.9713],[84.52216,21.97112],[84.52571,21.9743],[84.52834,21.97282],[84.52944,21.96895],[84.52811,21.95955],[84.52908,21.9579],[84.52419,21.95836],[84.52032,21.95707],[84.52097,21.95311],[84.51904,21.95016],[84.51857,21.94799],[84.52077,21.94409],[84.52261,21.934],[84.52714,21.92971],[84.52714,21.92565],[84.5229,21.92316],[84.51443,21.92206],[84.5107,21.91879],[84.50797,21.91953],[84.49837,21.91856],[84.49657,21.91974],[84.49464,21.91475],[84.49404,21.91075],[84.49541,21.90505],[84.49719,21.90466],[84.50108,21.90537],[84.5025,21.90434],[84.50896,21.90324],[84.51393,21.89917],[84.51781,21.89762],[84.51929,21.89472],[84.52821,21.88787],[84.52905,21.88084],[84.53149,21.87709],[84.52937,21.87432],[84.52627,21.87283],[84.5262,21.87135],[84.53402,21.8665],[84.53763,21.86515],[84.54041,21.8623],[84.53589,21.85553],[84.5302,21.85352],[84.5295,21.8523],[84.52943,21.84695],[84.52769,21.83648],[84.52472,21.83054],[84.52491,21.82395],[84.52834,21.82034],[84.52814,21.81769],[84.52711,21.81627],[84.5273,21.81343],[84.52988,21.81246],[84.53292,21.80917],[84.53905,21.80568],[84.54964,21.79799],[84.55668,21.79406],[84.55997,21.79328],[84.56462,21.79076],[84.56876,21.78631],[84.56902,21.78463],[84.56721,21.78108],[84.56721,21.77778],[84.56624,21.77572],[84.56462,21.77481],[84.56204,21.77481],[84.56113,21.77255],[84.55746,21.77217],[84.55617,21.77064],[84.55585,21.769],[84.56091,21.76805],[84.57127,21.76751],[84.57331,21.76473],[84.57565,21.76383],[84.57734,21.76223],[84.58603,21.76039],[84.58775,21.75823],[84.58963,21.75733],[84.59303,21.75917],[84.59792,21.75988],[84.59808,21.7616],[84.60066,21.76129],[84.60265,21.76207],[84.60379,21.76152],[84.60567,21.7632],[84.60724,21.76203],[84.61025,21.76391],[84.61107,21.7659],[84.61608,21.76489],[84.61721,21.76363],[84.62081,21.76293],[84.62312,21.76324],[84.6266,21.76136],[84.62923,21.76082],[84.63447,21.76254],[84.64179,21.76735],[84.65501,21.76503],[84.65453,21.76173],[84.6504,21.75576],[84.65005,21.7531],[84.6515,21.74833],[84.64894,21.74362],[84.64545,21.74114],[84.64234,21.74014],[84.63484,21.7404],[84.63342,21.73955],[84.63258,21.73797],[84.63294,21.73602],[84.63669,21.73496],[84.63943,21.73317],[84.63912,21.72857],[84.64017,21.72372],[84.63885,21.71385],[84.63278,21.69933],[84.63131,21.69759],[84.62629,21.69606],[84.61795,21.69775],[84.59525,21.69669],[84.58301,21.7016],[84.57018,21.7025],[84.56226,21.70012],[84.56078,21.69316],[84.56136,21.68877],[84.5583,21.68434],[84.55244,21.68508],[84.54733,21.68408],[84.54669,21.68371],[84.54595,21.68007],[84.54437,21.67885],[84.5355,21.67816],[84.5279,21.68043],[84.51318,21.68635],[84.509,21.68693],[84.50478,21.68476],[84.50198,21.67896],[84.49528,21.67321],[84.49488,21.67229],[84.49564,21.6699],[84.49385,21.6666],[84.49635,21.65944],[84.49374,21.65332],[84.48941,21.65022],[84.48702,21.64583],[84.48897,21.64389],[84.48718,21.64124],[84.48775,21.63848],[84.49301,21.63497],[84.50019,21.62744],[84.50084,21.62547],[84.50315,21.62388],[84.51093,21.62364],[84.51266,21.62081],[84.5144,21.62066],[84.51888,21.62176],[84.52359,21.62608],[84.5265,21.62474],[84.52752,21.62349],[84.52681,21.62231],[84.52728,21.62081],[84.53648,21.61138],[84.53397,21.60651],[84.53443,21.60557],[84.54214,21.60321],[84.5452,21.60054],[84.54795,21.59433],[84.55267,21.5915],[84.55864,21.59103],[84.56006,21.58993],[84.56053,21.5878],[84.56202,21.58623],[84.56799,21.58254],[84.57192,21.5812],[84.57216,21.58049],[84.5687,21.57664],[84.5584,21.58034],[84.55212,21.5801],[84.54685,21.58301],[84.5452,21.58285],[84.53514,21.57727],[84.53569,21.5757],[84.54009,21.57067],[84.53648,21.56784],[84.53074,21.57287],[84.51888,21.57884],[84.5129,21.58097],[84.51235,21.57963],[84.51227,21.57185],[84.50622,21.57507],[84.49899,21.57719],[84.49388,21.57963],[84.49121,21.57798],[84.49113,21.57696],[84.49443,21.5757],[84.49797,21.57256],[84.49977,21.5687],[84.50292,21.55747],[84.50607,21.55094],[84.50543,21.54756],[84.49675,21.53343],[84.50269,21.52857],[84.50471,21.52531],[84.50491,21.52283],[84.50347,21.52166],[84.49653,21.52381],[84.49026,21.52449],[84.4846,21.52343],[84.47698,21.52548],[84.46928,21.52351],[84.46346,21.52344],[84.46103,21.5195],[84.46048,21.5166],[84.45938,21.51605],[84.44892,21.51864],[84.44547,21.51872],[84.44389,21.51738],[84.44209,21.51337],[84.44232,21.51133],[84.44468,21.50779],[84.44743,21.50528],[84.44877,21.50001],[84.44846,21.49365],[84.44641,21.49003],[84.44066,21.48898],[84.43537,21.48365],[84.43194,21.48263],[84.42947,21.48254],[84.42495,21.4845],[84.42307,21.48382],[84.42078,21.48453],[84.40947,21.47557],[84.40994,21.46999],[84.41167,21.4659],[84.4116,21.46439],[84.4138,21.46252],[84.41489,21.45741],[84.41458,21.45584],[84.41647,21.45435],[84.41042,21.45003],[84.41002,21.44814],[84.41167,21.44256],[84.41088,21.4413],[84.40271,21.43722],[84.39674,21.43674],[84.39478,21.43494],[84.39509,21.43116],[84.39438,21.42606],[84.39973,21.41937],[84.39964,21.41639],[84.39729,21.41434],[84.39705,21.40955],[84.39973,21.40814],[84.40051,21.40696],[84.39737,21.40169],[84.39705,21.39933],[84.39799,21.39721],[84.39626,21.39509],[84.39619,21.3936],[84.40137,21.38424],[84.4053,21.38369],[84.40405,21.38204],[84.40381,21.37945],[84.41796,21.38291],[84.42645,21.38299],[84.42912,21.38534],[84.43698,21.38912],[84.44028,21.39022],[84.4479,21.39084],[84.45081,21.39313],[84.45222,21.39336],[84.46613,21.39305],[84.46928,21.3943],[84.47353,21.3947],[84.48115,21.39313],[84.485,21.38967],[84.49081,21.39092],[84.49412,21.38094],[84.49176,21.37348],[84.48775,21.37127],[84.48775,21.36986],[84.48885,21.36884],[84.50036,21.36422],[84.50369,21.36431],[84.50549,21.36781],[84.50525,21.36998],[84.50169,21.37485],[84.50471,21.37562],[84.51402,21.37198],[84.51665,21.37407],[84.51833,21.37838],[84.52094,21.38116],[84.53139,21.38071],[84.53587,21.38251],[84.54353,21.37731],[84.54829,21.37284],[84.54517,21.36556],[84.54645,21.36141],[84.55168,21.35704],[84.55289,21.35358],[84.55282,21.35045],[84.55514,21.34357],[84.55826,21.34144],[84.55895,21.3376],[84.55795,21.33511],[84.56014,21.33304],[84.56197,21.3293],[84.56446,21.32757],[84.5655,21.32513],[84.56784,21.3229],[84.56786,21.32108],[84.56638,21.31833],[84.56451,21.31689],[84.5657,21.3152],[84.56502,21.30963],[84.56531,21.30877],[84.56721,21.30915],[84.56776,21.30827],[84.56642,21.3015],[84.56682,21.29987],[84.56933,21.29775],[84.57127,21.2946],[84.57128,21.29395],[84.56963,21.29407],[84.57023,21.29178],[84.56779,21.29147],[84.56925,21.28962],[84.567,21.28656],[84.56876,21.28603],[84.56741,21.28476],[84.5687,21.28283],[84.56765,21.28017],[84.57,21.28015],[84.56781,21.27804],[84.56789,21.27549],[84.56835,21.27493],[84.57043,21.27515],[84.56775,21.27204],[84.57108,21.26876],[84.57176,21.26665],[84.57095,21.26498],[84.56638,21.26075],[84.56576,21.25859],[84.56351,21.25837],[84.56241,21.25743],[84.56458,21.25487],[84.5651,21.24994],[84.56609,21.24891],[84.56747,21.24916],[84.57172,21.25206],[84.57927,21.25288],[84.58165,21.25718],[84.58562,21.25692],[84.59006,21.25815],[84.59458,21.25716],[84.60555,21.26111],[84.6058,21.2651],[84.60818,21.27101],[84.60917,21.27243],[84.61447,21.27536],[84.62711,21.27493],[84.63152,21.27559],[84.63061,21.27819],[84.62874,21.27945],[84.63203,21.28151],[84.63435,21.2847],[84.63508,21.28916],[84.64513,21.29066],[84.64709,21.29569],[84.6468,21.29782],[84.64886,21.29993],[84.6534,21.30219],[84.65787,21.30149],[84.66156,21.3029],[84.66866,21.30281],[84.66836,21.30387],[84.66293,21.3075],[84.66041,21.31265],[84.66264,21.31386],[84.67038,21.31637],[84.67976,21.31721],[84.68504,21.32047],[84.69048,21.32185],[84.69545,21.32154],[84.69835,21.32227],[84.70173,21.32011],[84.70703,21.32021],[84.71074,21.31879],[84.71745,21.31318],[84.7208,21.30925],[84.72753,21.30722],[84.73031,21.3036],[84.73504,21.30019],[84.73617,21.29768],[84.73563,21.29528],[84.73611,21.29415],[84.74178,21.28846],[84.75019,21.28256],[84.74989,21.28177],[84.75304,21.28081],[84.75544,21.27693],[84.75862,21.27521],[84.76102,21.27143],[84.76107,21.26952],[84.75621,21.26264],[84.75631,21.25926],[84.75481,21.25697],[84.76625,21.25286],[84.77206,21.25199],[84.77222,21.24958],[84.77021,21.24998],[84.76649,21.24341],[84.76438,21.24216],[84.76163,21.24233],[84.75999,21.24132],[84.76035,21.2368],[84.75928,21.23441],[84.75953,21.23194],[84.75913,21.23093],[84.75672,21.22947],[84.75586,21.22654],[84.75398,21.22908],[84.75135,21.23109],[84.7463,21.23331],[84.74176,21.23242],[84.7398,21.22805],[84.73563,21.22969],[84.73674,21.22716],[84.736,21.22664],[84.73183,21.22802],[84.73193,21.22915],[84.72478,21.22755],[84.72153,21.22299],[84.72115,21.22003],[84.72338,21.21934],[84.72346,21.21663],[84.71975,21.21347],[84.72031,21.21174],[84.71844,21.20816],[84.72623,21.20435],[84.72399,21.19902],[84.72649,21.19885],[84.73307,21.19557],[84.73956,21.19586],[84.73984,21.19184],[84.74141,21.19072],[84.74224,21.18819],[84.74381,21.1868],[84.74794,21.17845],[84.7423,21.1766],[84.741,21.17546],[84.74128,21.17397],[84.74554,21.16951],[84.7405,21.16797],[84.73336,21.16834],[84.73287,21.16453],[84.72807,21.1612],[84.72573,21.1532],[84.72524,21.14779],[84.72069,21.14828],[84.70837,21.15222],[84.70518,21.15259],[84.69816,21.15099],[84.6957,21.15222],[84.69373,21.15234],[84.68954,21.15148],[84.68266,21.14631],[84.68266,21.1361],[84.67947,21.12437],[84.67489,21.1206],[84.67183,21.11528],[84.6706,21.10853],[84.67054,21.0978],[84.66949,21.09261],[84.67139,21.07889],[84.67561,21.07678],[84.67707,21.07471],[84.68257,21.07209],[84.68245,21.0707],[84.68172,21.07024],[84.68239,21.06747],[84.68141,21.06614],[84.68098,21.06331],[84.68147,21.06239],[84.67732,21.06157],[84.67542,21.0634],[84.67107,21.06442],[84.66588,21.0705],[84.66313,21.07089],[84.66246,21.07319],[84.65812,21.07594],[84.65402,21.08082],[84.65029,21.08121],[84.64748,21.08281],[84.64577,21.08262],[84.64363,21.08106],[84.64234,21.08237],[84.63904,21.07999],[84.63684,21.08217],[84.63562,21.08228],[84.63115,21.07869],[84.62718,21.08022],[84.62626,21.07993],[84.62492,21.07802],[84.62149,21.07783],[84.62112,21.07483],[84.61843,21.07239],[84.61531,21.07226],[84.61598,21.07071],[84.61427,21.06989],[84.61275,21.07219],[84.61201,21.07224],[84.60902,21.06813],[84.60822,21.0683],[84.6076,21.0702],[84.60687,21.07037],[84.60583,21.06869],[84.6029,21.06954],[84.60284,21.06764],[84.60223,21.06729],[84.59782,21.06796],[84.59935,21.06572],[84.59733,21.0645],[84.59653,21.06311],[84.59256,21.06228],[84.58858,21.06411],[84.58743,21.06047],[84.58479,21.06155],[84.58039,21.06124],[84.57189,21.06218],[84.56743,21.06561],[84.56462,21.06669],[84.56267,21.06968],[84.55851,21.07041],[84.55441,21.06993],[84.55209,21.07228],[84.54793,21.07405],[84.54408,21.07703],[84.53406,21.08683],[84.52923,21.08692],[84.5247,21.08569],[84.51474,21.08731],[84.51302,21.08707],[84.5115,21.08574],[84.50868,21.08711],[84.50569,21.0868],[84.50459,21.08657],[84.50104,21.08194],[84.49789,21.07914],[84.49026,21.07751],[84.48693,21.07997],[84.48363,21.08011],[84.47602,21.07697],[84.47307,21.07283],[84.46881,21.07076],[84.46751,21.06618],[84.4657,21.06396],[84.46352,21.06249],[84.46189,21.06011],[84.45636,21.05704],[84.45592,21.05177],[84.45264,21.04995],[84.4517,21.04062],[84.44939,21.03904],[84.44682,21.03913],[84.44543,21.03761],[84.44305,21.03828],[84.44066,21.03247],[84.43881,21.03338],[84.43719,21.03632],[84.43437,21.03705],[84.43227,21.03946],[84.43135,21.03945],[84.42856,21.03746],[84.42581,21.0372],[84.42473,21.0358],[84.41608,21.03271],[84.41348,21.03009],[84.41109,21.02972],[84.42065,21.02303],[84.42621,21.02279],[84.43137,21.01983],[84.43506,21.0187],[84.43602,21.01455],[84.42937,21.00748],[84.41711,21.00379],[84.41584,21.00279],[84.41363,20.99881],[84.41196,20.99308],[84.41032,20.99111],[84.41064,20.98973],[84.40929,20.98262],[84.40967,20.98094],[84.40763,20.97597],[84.40526,20.97486],[84.40102,20.97108],[84.39888,20.97043],[84.39754,20.97077],[84.39712,20.96978],[84.39431,20.97029],[84.38538,20.96539],[84.38171,20.96467],[84.38065,20.96068],[84.37701,20.95795],[84.37769,20.95524],[84.37624,20.95378],[84.3718,20.95156],[84.36766,20.95067],[84.36698,20.95142],[84.36709,20.95448],[84.36205,20.95815],[84.36121,20.95676],[84.35901,20.95773],[84.35675,20.95742],[84.35538,20.95205],[84.35466,20.95146],[84.34745,20.95258],[84.34402,20.95475],[84.33953,20.95034],[84.33613,20.94864],[84.33472,20.94875],[84.33379,20.951],[84.33111,20.95092],[84.32832,20.94912],[84.32499,20.94442],[84.32347,20.94331],[84.32011,20.9441],[84.31908,20.94375],[84.31772,20.93774],[84.31546,20.93703],[84.31536,20.93385],[84.31337,20.93118],[84.31123,20.93117],[84.3111,20.93342],[84.31011,20.93434],[84.30553,20.93559],[84.30363,20.9354],[84.2998,20.93365],[84.29928,20.9296],[84.29564,20.92704],[84.29401,20.92501],[84.28632,20.9241],[84.28143,20.92166],[84.26188,20.92234],[84.25413,20.92161],[84.23959,20.9225],[84.22699,20.93157],[84.22597,20.9341],[84.22214,20.93758],[84.21638,20.94638],[84.21141,20.96104],[84.20131,20.96617],[84.19411,20.97306],[84.19427,20.97565],[84.1925,20.97368],[84.17225,20.97073],[84.17101,20.97208],[84.16743,20.97296],[84.1651,20.97446],[84.16283,20.97368],[84.16138,20.97425],[84.16142,20.97482],[84.15971,20.97503],[84.1608,20.97353],[84.15826,20.97363],[84.15826,20.97658],[84.15453,20.98518],[84.15557,20.98787],[84.15749,20.98938],[84.15852,20.9944],[84.1577,20.9957],[84.1549,20.99565],[84.15247,20.99787],[84.15034,20.9987],[84.15091,21.00191],[84.14899,21.00176],[84.14682,21.00264],[84.14651,21.00585],[84.14454,21.00844],[84.14309,21.00911],[84.14133,21.01253],[84.14345,21.01978],[84.14428,21.02051],[84.14355,21.02149],[84.14345,21.02502],[84.14246,21.02595],[84.14397,21.02781],[84.14433,21.03289],[84.13972,21.0345],[84.11522,21.03719],[84.10434,21.04071],[84.09792,21.0417],[84.09258,21.04403],[84.09004,21.04631],[84.0818,21.0474],[84.07606,21.04708],[84.07507,21.04879],[84.04979,21.0474],[84.04591,21.04361],[84.04456,21.04361],[84.03772,21.04786],[84.03477,21.05107],[84.03342,21.05128],[84.03114,21.05315],[84.02747,21.05221],[84.01892,21.05159],[84.01711,21.0532],[84.01783,21.05496],[84.01731,21.05574],[84.01306,21.05817],[84.01089,21.05838],[84.01063,21.06061],[84.00958,21.06161],[84.00623,21.06226],[84.00172,21.06527],[83.99757,21.07112],[83.99731,21.07532],[83.98923,21.07837],[83.99022,21.08221],[83.99224,21.08433],[83.9912,21.08723],[83.99131,21.09024],[83.99265,21.09267],[83.99323,21.09573],[83.99281,21.09733],[83.99384,21.09795],[83.99421,21.09941],[83.99364,21.10225],[83.99224,21.10453],[83.99333,21.10754],[83.99297,21.1107],[83.9912,21.11184],[83.99027,21.11344],[83.98737,21.11443],[83.98675,21.11583],[83.98566,21.11577],[83.98426,21.11733],[83.98566,21.12137],[83.98485,21.1231],[83.98623,21.12271],[83.98524,21.12437],[83.98602,21.131],[83.98323,21.13344],[83.98006,21.13396],[83.9694,21.13831],[83.9666,21.14131],[83.96359,21.14271],[83.95728,21.14499],[83.95028,21.14463],[83.95007,21.14603],[83.95178,21.14991],[83.95142,21.15079],[83.94743,21.15147],[83.93752,21.15638],[83.92404,21.16173],[83.92114,21.16406],[83.92117,21.16577],[83.91971,21.16793],[83.91606,21.16961],[83.91501,21.17126],[83.90993,21.17209],[83.90794,21.1748],[83.90453,21.1754],[83.90176,21.17739],[83.90088,21.17651],[83.89945,21.1772],[83.89265,21.17584],[83.89868,21.18835],[83.90586,21.20909],[83.90773,21.21668],[83.91462,21.23167],[83.91396,21.24437],[83.90996,21.25566],[83.90791,21.25829],[83.90436,21.25984],[83.89972,21.26406],[83.89828,21.26811],[83.89109,21.27971],[83.89056,21.28448],[83.89228,21.29409],[83.88856,21.29629],[83.8859,21.29307],[83.88326,21.29312],[83.88004,21.2921],[83.87754,21.29323],[83.87805,21.29557],[83.87744,21.29894],[83.87423,21.30404],[83.8752,21.30847],[83.87209,21.30955],[83.8728,21.31409],[83.87586,21.31776],[83.87841,21.32403],[83.87759,21.32913],[83.87866,21.33362],[83.87729,21.3351],[83.87703,21.33754],[83.87927,21.34218],[83.87923,21.34448],[83.88106,21.34621],[83.88249,21.34937],[83.88058,21.35802],[83.88067,21.35916],[83.88326,21.3626],[83.88096,21.36651],[83.87972,21.37296],[83.8814,21.37643],[83.87988,21.38328],[83.88099,21.3876],[83.87893,21.38931],[83.87702,21.38966],[83.87478,21.39419],[83.87039,21.39701],[83.86659,21.39824],[83.86105,21.3989],[83.85968,21.40001],[83.8538,21.40018],[83.85171,21.40881],[83.84962,21.41032],[83.84785,21.41364],[83.85017,21.41992],[83.85362,21.42046],[83.86017,21.42295],[83.86682,21.42118],[83.87282,21.42386],[83.87476,21.42406],[83.87639,21.4232],[83.88062,21.42492],[83.88293,21.42683],[83.88328,21.43166],[83.88623,21.43545],[83.88713,21.43854],[83.87963,21.44993],[83.87486,21.45573],[83.87496,21.4617],[83.87337,21.46639],[83.87163,21.47646],[83.86401,21.48743],[83.86384,21.48903],[83.86469,21.49127],[83.85935,21.50137],[83.85821,21.50693],[83.84892,21.52056],[83.84757,21.52661],[83.82255,21.53318],[83.81699,21.53569],[83.81574,21.53697],[83.80629,21.55518],[83.8007,21.56295]]]}},{"type":"Feature","properties":{"DISTRICT":"SONEPUR","CODE":29},"geometry":{"type":"Polygon","coordinates":[[[83.44747,21.02179],[83.4482,21.02364],[83.4499,21.02429],[83.45082,21.02656],[83.45071,21.0338],[83.45202,21.03569],[83.45193,21.03708],[83.45371,21.04131],[83.45509,21.0417],[83.45494,21.04297],[83.45644,21.04339],[83.45849,21.0474],[83.45787,21.05033],[83.45572,21.05177],[83.45806,21.05222],[83.45889,21.05332],[83.45938,21.05838],[83.46026,21.0596],[83.46413,21.06102],[83.46867,21.05796],[83.47475,21.05566],[83.47608,21.05181],[83.48337,21.04992],[83.48999,21.04082],[83.49491,21.03998],[83.49792,21.04064],[83.4989,21.04198],[83.4992,21.04454],[83.4951,21.05291],[83.49533,21.05744],[83.49433,21.06127],[83.49555,21.06244],[83.50329,21.06427],[83.50607,21.06402],[83.50607,21.06277],[83.50945,21.06082],[83.51149,21.06152],[83.51436,21.06122],[83.51588,21.06314],[83.5171,21.0632],[83.51817,21.06503],[83.52322,21.0646],[83.52536,21.06527],[83.5285,21.06966],[83.53146,21.07104],[83.53298,21.07055],[83.53518,21.07131],[83.54124,21.07133],[83.54368,21.07246],[83.54545,21.0743],[83.54981,21.076],[83.55816,21.08286],[83.5649,21.08565],[83.58141,21.09668],[83.58579,21.10172],[83.59019,21.10276],[83.5966,21.10688],[83.59725,21.10884],[83.60359,21.11712],[83.60626,21.12739],[83.60863,21.12757],[83.60936,21.12862],[83.61507,21.12682],[83.6162,21.12793],[83.62173,21.1279],[83.62618,21.12667],[83.63342,21.12814],[83.63814,21.12796],[83.63934,21.12676],[83.64243,21.12769],[83.6451,21.12974],[83.65063,21.12967],[83.65932,21.12697],[83.66383,21.12739],[83.67058,21.12463],[83.67274,21.12508],[83.67608,21.12454],[83.678,21.1252],[83.67794,21.12415],[83.68005,21.1243],[83.68232,21.12264],[83.68412,21.12031],[83.68406,21.11703],[83.68746,21.11532],[83.68975,21.11527],[83.69093,21.11661],[83.69358,21.11604],[83.69403,21.11708],[83.69671,21.11692],[83.70088,21.11815],[83.7058,21.12091],[83.70988,21.12128],[83.71161,21.12019],[83.71272,21.12073],[83.71494,21.11844],[83.71671,21.11878],[83.71798,21.12055],[83.71943,21.12041],[83.71964,21.12155],[83.72154,21.12271],[83.72272,21.12189],[83.72322,21.12307],[83.72483,21.12327],[83.72476,21.12701],[83.72637,21.12608],[83.72658,21.12735],[83.72848,21.12769],[83.72852,21.12926],[83.7298,21.12962],[83.72973,21.13075],[83.73585,21.13123],[83.73717,21.13055],[83.73968,21.13069],[83.74138,21.13459],[83.74471,21.13695],[83.74699,21.13726],[83.74866,21.13878],[83.75385,21.13831],[83.75807,21.14057],[83.76402,21.14207],[83.76651,21.14497],[83.76687,21.14697],[83.7681,21.14815],[83.76791,21.1506],[83.76955,21.15413],[83.77263,21.15323],[83.78076,21.15314],[83.78502,21.15187],[83.78812,21.14773],[83.78876,21.14543],[83.78841,21.14175],[83.7868,21.13681],[83.78726,21.13382],[83.7891,21.13048],[83.79152,21.12835],[83.79155,21.12644],[83.79627,21.1193],[83.80166,21.1129],[83.81036,21.10913],[83.81473,21.10863],[83.82365,21.10143],[83.83659,21.09787],[83.84201,21.09315],[83.84817,21.09811],[83.8534,21.10587],[83.85892,21.11604],[83.86329,21.13301],[83.86533,21.1364],[83.8672,21.14279],[83.87518,21.15862],[83.88672,21.17468],[83.89945,21.1772],[83.90088,21.17651],[83.90176,21.17739],[83.90453,21.1754],[83.90794,21.1748],[83.90993,21.17209],[83.91557,21.17099],[83.91606,21.16961],[83.92052,21.16721],[83.92114,21.16406],[83.92635,21.16048],[83.93752,21.15638],[83.94743,21.15147],[83.95142,21.15079],[83.95178,21.14991],[83.95007,21.14603],[83.95028,21.14463],[83.95728,21.14499],[83.96359,21.14271],[83.9666,21.14131],[83.9694,21.13831],[83.98006,21.13396],[83.98323,21.13344],[83.98628,21.13074],[83.98524,21.12774],[83.98576,21.12567],[83.98524,21.12437],[83.98623,21.12271],[83.98485,21.1231],[83.98566,21.12137],[83.98426,21.11733],[83.98566,21.11577],[83.98675,21.11583],[83.98737,21.11443],[83.99027,21.11344],[83.9912,21.11184],[83.99297,21.1107],[83.99333,21.10754],[83.99224,21.10453],[83.99364,21.10225],[83.99421,21.09941],[83.99384,21.09795],[83.99281,21.09733],[83.99323,21.09573],[83.99265,21.09267],[83.99131,21.09024],[83.9912,21.08723],[83.99224,21.08433],[83.99022,21.08221],[83.98923,21.07837],[83.99731,21.07532],[83.99757,21.07112],[84.00172,21.06527],[84.00623,21.06226],[84.00958,21.06161],[84.01063,21.06061],[84.01089,21.05838],[84.01306,21.05817],[84.01731,21.05574],[84.01783,21.05496],[84.01711,21.0532],[84.01892,21.05159],[84.02747,21.05221],[84.03114,21.05315],[84.03342,21.05128],[84.03477,21.05107],[84.03772,21.04786],[84.04456,21.04361],[84.04591,21.04361],[84.04979,21.0474],[84.07507,21.04879],[84.07606,21.04708],[84.0818,21.0474],[84.09004,21.04631],[84.09258,21.04403],[84.09792,21.0417],[84.10434,21.04071],[84.11522,21.03719],[84.13972,21.0345],[84.14381,21.0332],[84.14459,21.03258],[84.14397,21.02781],[84.14246,21.02595],[84.14345,21.02502],[84.14355,21.02149],[84.14428,21.02051],[84.14345,21.01978],[84.14133,21.01253],[84.14309,21.00911],[84.14454,21.00844],[84.14651,21.00585],[84.14682,21.00264],[84.14899,21.00176],[84.15091,21.00191],[84.15034,20.9987],[84.15247,20.99787],[84.1549,20.99565],[84.1577,20.9957],[84.15852,20.9944],[84.15749,20.98938],[84.15557,20.98787],[84.15453,20.98518],[84.15826,20.97658],[84.15826,20.97363],[84.1608,20.97353],[84.15971,20.97503],[84.16142,20.97482],[84.16138,20.97425],[84.16283,20.97368],[84.1651,20.97446],[84.16743,20.97296],[84.17101,20.97208],[84.17225,20.97073],[84.1925,20.97368],[84.19427,20.97565],[84.19411,20.97306],[84.20131,20.96617],[84.21141,20.96104],[84.21638,20.94638],[84.22214,20.93758],[84.22597,20.9341],[84.22699,20.93157],[84.23959,20.9225],[84.25413,20.92161],[84.26188,20.92234],[84.28137,20.92165],[84.27105,20.91299],[84.27035,20.91107],[84.27278,20.90953],[84.27284,20.90742],[84.26996,20.90351],[84.26407,20.89948],[84.2642,20.89826],[84.27009,20.88821],[84.26983,20.88475],[84.26829,20.88065],[84.26112,20.88347],[84.2494,20.89064],[84.23799,20.89401],[84.22638,20.8952],[84.22116,20.89495],[84.20505,20.89228],[84.19279,20.88769],[84.18684,20.88298],[84.16614,20.87081],[84.15763,20.86742],[84.14943,20.86302],[84.11948,20.84162],[84.10367,20.83514],[84.08977,20.83247],[84.07625,20.83147],[84.06725,20.82929],[84.0479,20.82106],[84.04331,20.81985],[84.03979,20.81917],[84.03634,20.81992],[84.02166,20.83566],[84.01817,20.83832],[84.01409,20.83967],[83.99794,20.84114],[83.95979,20.83942],[83.94804,20.84024],[83.93838,20.84182],[83.91842,20.8302],[83.89908,20.81685],[83.89207,20.81651],[83.88303,20.815],[83.86646,20.81553],[83.8616,20.81698],[83.84885,20.82411],[83.84583,20.82519],[83.84014,20.82509],[83.8341,20.82356],[83.83125,20.82203],[83.82461,20.81746],[83.81739,20.8104],[83.81341,20.80899],[83.80478,20.80773],[83.79681,20.80561],[83.78992,20.80284],[83.77747,20.7946],[83.77177,20.78787],[83.76797,20.7852],[83.76355,20.7791],[83.76259,20.77375],[83.7629,20.77059],[83.7659,20.75996],[83.76427,20.75012],[83.76508,20.7492],[83.76344,20.74606],[83.76199,20.73984],[83.76078,20.72974],[83.76034,20.71718],[83.7579,20.712],[83.75536,20.70927],[83.7484,20.70669],[83.74496,20.70346],[83.74396,20.69976],[83.74384,20.6894],[83.73655,20.66991],[83.73378,20.6644],[83.72263,20.64739],[83.71724,20.6378],[83.71783,20.63484],[83.71931,20.63318],[83.73104,20.62708],[83.73412,20.62352],[83.73543,20.61552],[83.73519,20.61156],[83.73412,20.60907],[83.73175,20.60628],[83.72298,20.59982],[83.71309,20.59023],[83.7112,20.58804],[83.70895,20.58205],[83.69952,20.57429],[83.69467,20.56896],[83.69159,20.56404],[83.68555,20.55812],[83.67506,20.55522],[83.67005,20.55237],[83.65782,20.54213],[83.65131,20.53798],[83.6471,20.53615],[83.63454,20.53459],[83.6199,20.52837],[83.61361,20.52734],[83.60557,20.52707],[83.60464,20.52719],[83.60455,20.53052],[83.6014,20.5294],[83.59948,20.52987],[83.59602,20.53972],[83.59846,20.5605],[83.60146,20.56316],[83.60503,20.56482],[83.60893,20.56932],[83.59988,20.57746],[83.60349,20.58092],[83.60328,20.58864],[83.59985,20.59472],[83.59935,20.59687],[83.59704,20.59987],[83.59722,20.60473],[83.59771,20.60547],[83.60316,20.60688],[83.60395,20.60782],[83.60442,20.6108],[83.60735,20.61074],[83.6088,20.61281],[83.61031,20.61785],[83.61217,20.61804],[83.61362,20.62083],[83.61897,20.62422],[83.62082,20.6272],[83.62466,20.63093],[83.62571,20.63991],[83.62918,20.64303],[83.63115,20.66045],[83.63839,20.66393],[83.64146,20.66951],[83.64331,20.66991],[83.64265,20.67302],[83.63905,20.67805],[83.64633,20.6814],[83.65295,20.68625],[83.65485,20.68679],[83.65485,20.69254],[83.65691,20.69429],[83.65922,20.70012],[83.66118,20.70187],[83.66403,20.70178],[83.66509,20.70386],[83.66715,20.70372],[83.66963,20.70767],[83.66804,20.72079],[83.66982,20.72275],[83.67088,20.72654],[83.67426,20.73125],[83.67357,20.73359],[83.67473,20.7345],[83.67541,20.73707],[83.67989,20.74],[83.68003,20.74411],[83.67632,20.74334],[83.67418,20.74454],[83.6713,20.74389],[83.66618,20.74457],[83.66442,20.74359],[83.66198,20.74415],[83.66102,20.74336],[83.65636,20.74383],[83.65558,20.74874],[83.65267,20.75133],[83.65201,20.75438],[83.65234,20.75512],[83.65679,20.75628],[83.65786,20.75875],[83.65894,20.76394],[83.65745,20.77061],[83.6563,20.77226],[83.65135,20.77383],[83.64048,20.76929],[83.63949,20.76913],[83.63792,20.7702],[83.6371,20.77201],[83.63693,20.78048],[83.63808,20.78248],[83.63718,20.78709],[83.63693,20.79566],[83.63026,20.79599],[83.62952,20.79797],[83.62762,20.79846],[83.62029,20.79599],[83.61906,20.79689],[83.61848,20.79994],[83.61691,20.8006],[83.61576,20.80225],[83.60892,20.79838],[83.6048,20.79813],[83.59937,20.79945],[83.59796,20.79879],[83.59533,20.79912],[83.59509,20.8034],[83.59648,20.80431],[83.5992,20.80349],[83.59928,20.80571],[83.59698,20.81222],[83.59591,20.81972],[83.61376,20.81824],[83.62299,20.8146],[83.62216,20.81728],[83.6226,20.81964],[83.62567,20.82431],[83.62845,20.82696],[83.62312,20.82638],[83.61945,20.83025],[83.61616,20.8321],[83.60546,20.83223],[83.59818,20.83676],[83.59154,20.83743],[83.58566,20.84142],[83.58164,20.84308],[83.57576,20.8448],[83.57168,20.84445],[83.57562,20.85437],[83.57562,20.85822],[83.57673,20.86356],[83.57641,20.86762],[83.57925,20.87193],[83.58136,20.87271],[83.59499,20.88287],[83.59591,20.88727],[83.60574,20.89296],[83.61839,20.89884],[83.6209,20.90072],[83.62198,20.90269],[83.62184,20.90937],[83.61705,20.91352],[83.61456,20.91304],[83.61478,20.9155],[83.61798,20.92303],[83.6174,20.92591],[83.61105,20.92952],[83.61319,20.93172],[83.61552,20.93137],[83.61723,20.93491],[83.61955,20.9492],[83.62611,20.95205],[83.62753,20.95945],[83.62941,20.96095],[83.63283,20.96201],[83.63568,20.97004],[83.63758,20.97297],[83.63799,20.97738],[83.64135,20.97805],[83.64129,20.98048],[83.63505,20.98205],[83.62119,20.98338],[83.59728,20.98029],[83.58739,20.97809],[83.58118,20.97547],[83.57275,20.97347],[83.55448,20.97723],[83.54563,20.98023],[83.5292,20.98421],[83.52303,20.98308],[83.51627,20.98008],[83.50861,20.97993],[83.50576,20.98098],[83.50004,20.98556],[83.49734,20.99098],[83.49371,20.99416],[83.48428,20.99573],[83.47668,20.9947],[83.46993,20.99492],[83.46322,21.00171],[83.4554,21.01164],[83.44832,21.01547],[83.44894,21.01717],[83.44817,21.02121],[83.44747,21.02179]]]}},{"type":"Feature","properties":{"DISTRICT":"SUNDARGARH","CODE":30},"geometry":{"type":"Polygon","coordinates":[[[83.53844,22.03089],[83.53864,22.04278],[83.53957,22.0457],[83.54439,22.05507],[83.5491,22.05864],[83.54958,22.05813],[83.5481,22.05686],[83.5481,22.05585],[83.55226,22.05242],[83.55579,22.05212],[83.55632,22.05307],[83.55903,22.05289],[83.56078,22.05385],[83.56363,22.05323],[83.57177,22.05321],[83.58421,22.05408],[83.58464,22.05042],[83.58533,22.04953],[83.58926,22.04772],[83.59029,22.04838],[83.59248,22.05381],[83.59599,22.05445],[83.59888,22.057],[83.60346,22.05727],[83.60586,22.06335],[83.60902,22.06602],[83.59871,22.07173],[83.57828,22.09011],[83.5715,22.09344],[83.56485,22.09562],[83.5641,22.09631],[83.56409,22.09783],[83.56501,22.10238],[83.56608,22.10517],[83.57782,22.11901],[83.58562,22.12562],[83.58771,22.1291],[83.59299,22.13457],[83.59581,22.13958],[83.61066,22.15274],[83.61207,22.1566],[83.61594,22.17755],[83.61915,22.18313],[83.62817,22.2029],[83.63479,22.20958],[83.6492,22.22165],[83.65041,22.22248],[83.65746,22.22005],[83.66671,22.22875],[83.66689,22.23153],[83.6675,22.2321],[83.67879,22.23588],[83.69256,22.24226],[83.69444,22.24391],[83.70404,22.24572],[83.70728,22.24611],[83.71214,22.24253],[83.71566,22.24179],[83.72446,22.24196],[83.72913,22.24053],[83.73145,22.24158],[83.73497,22.24135],[83.74573,22.23904],[83.75648,22.23932],[83.76031,22.24011],[83.76081,22.24383],[83.75991,22.24693],[83.76138,22.24845],[83.76186,22.25056],[83.76453,22.25115],[83.76804,22.25493],[83.77435,22.25494],[83.77737,22.25634],[83.77879,22.26065],[83.77727,22.26098],[83.7769,22.26421],[83.77883,22.26546],[83.77879,22.2692],[83.78111,22.27256],[83.78185,22.27315],[83.78831,22.27358],[83.7939,22.27565],[83.79639,22.27799],[83.79678,22.2802],[83.79807,22.28162],[83.79713,22.2852],[83.7998,22.28747],[83.80235,22.28769],[83.80483,22.28936],[83.81053,22.28827],[83.81355,22.28968],[83.81856,22.29021],[83.82063,22.28892],[83.8221,22.29034],[83.82835,22.29226],[83.82874,22.29315],[83.82758,22.29499],[83.82749,22.29796],[83.82521,22.30037],[83.82527,22.30155],[83.82729,22.30238],[83.82792,22.3054],[83.82595,22.30712],[83.8258,22.30924],[83.82419,22.31087],[83.82489,22.31248],[83.82626,22.31314],[83.8266,22.31457],[83.83047,22.31733],[83.83218,22.32207],[83.83309,22.32257],[83.83871,22.32156],[83.84317,22.32261],[83.84538,22.32411],[83.84855,22.32374],[83.85387,22.32576],[83.85507,22.3271],[83.85493,22.3299],[83.85698,22.33353],[83.85659,22.3369],[83.8616,22.33777],[83.86282,22.3403],[83.86619,22.34111],[83.86666,22.34263],[83.86757,22.34271],[83.87171,22.34028],[83.87322,22.3378],[83.87502,22.33659],[83.88153,22.33473],[83.88516,22.33604],[83.88988,22.33548],[83.89616,22.33701],[83.90008,22.33722],[83.90396,22.339],[83.90453,22.34566],[83.9073,22.34775],[83.90852,22.35053],[83.9149,22.35258],[83.91617,22.35376],[83.92513,22.35738],[83.93037,22.35579],[83.93533,22.35319],[83.94644,22.35425],[83.95046,22.35589],[83.95616,22.36049],[83.95844,22.36106],[83.97223,22.35809],[83.97515,22.35933],[83.9792,22.36285],[83.98203,22.36349],[83.98495,22.36635],[83.98941,22.36714],[83.9918,22.36873],[83.99489,22.3686],[83.99963,22.37128],[84.0081,22.37322],[84.01186,22.37094],[84.01261,22.37113],[84.00906,22.37857],[84.00871,22.38175],[84.01553,22.39372],[84.01572,22.39697],[84.02241,22.40811],[84.02357,22.40893],[84.02582,22.409],[84.02704,22.41505],[84.03011,22.41652],[84.03263,22.41964],[84.03352,22.42135],[84.0327,22.42619],[84.03693,22.4269],[84.03898,22.42906],[84.04116,22.42925],[84.04321,22.43167],[84.04409,22.43454],[84.04628,22.43639],[84.04914,22.43709],[84.04962,22.43779],[84.04845,22.44822],[84.04728,22.45242],[84.04878,22.45491],[84.04871,22.4593],[84.04781,22.46217],[84.04964,22.46878],[84.04807,22.46916],[84.04678,22.47114],[84.04314,22.47267],[84.029,22.47489],[84.02099,22.48812],[84.01259,22.49143],[84.00411,22.4934],[84.00011,22.49726],[84.00011,22.49995],[83.9918,22.49996],[83.98798,22.50092],[83.98597,22.50224],[83.98235,22.50197],[83.98236,22.50619],[83.98056,22.50807],[83.98036,22.50919],[83.97735,22.51127],[83.97837,22.51445],[83.9824,22.51499],[83.98341,22.51574],[83.98262,22.5193],[83.98404,22.52248],[83.98949,22.52564],[83.99725,22.52809],[83.99948,22.53071],[84.00411,22.53106],[84.00512,22.53181],[84.00613,22.53143],[84.00611,22.52749],[84.00852,22.5258],[84.01536,22.52296],[84.02594,22.52553],[84.02795,22.52534],[84.02915,22.52383],[84.03014,22.52008],[84.03205,22.51876],[84.03658,22.51762],[84.03899,22.51555],[84.04201,22.51535],[84.04886,22.51682],[84.05168,22.51662],[84.05408,22.51286],[84.05549,22.51248],[84.05993,22.51396],[84.06074,22.51545],[84.06215,22.51601],[84.06316,22.51544],[84.06375,22.51282],[84.06697,22.51205],[84.06755,22.50718],[84.07459,22.50565],[84.07792,22.50577],[84.07771,22.5024],[84.07266,22.50092],[84.07346,22.50035],[84.07548,22.50053],[84.0833,22.49369],[84.08924,22.49051],[84.09197,22.49006],[84.09273,22.48885],[84.10292,22.48504],[84.1049,22.48364],[84.10626,22.48408],[84.10845,22.48269],[84.11037,22.48332],[84.11125,22.48224],[84.10928,22.4823],[84.10873,22.4802],[84.11591,22.47524],[84.11761,22.47588],[84.11748,22.47473],[84.12726,22.47448],[84.1293,22.47671],[84.13122,22.47715],[84.13409,22.47582],[84.13777,22.47614],[84.13942,22.47334],[84.1431,22.47347],[84.14495,22.47124],[84.14585,22.46246],[84.14545,22.4566],[84.1413,22.44731],[84.14267,22.44381],[84.14294,22.44094],[84.14331,22.42516],[84.14366,22.42369],[84.14872,22.41949],[84.15659,22.41039],[84.15851,22.40727],[84.16835,22.39938],[84.17519,22.39652],[84.18359,22.39105],[84.18726,22.38975],[84.19352,22.38436],[84.1964,22.37979],[84.20132,22.37533],[84.24538,22.37821],[84.25383,22.37759],[84.25798,22.37393],[84.26299,22.36493],[84.27117,22.35405],[84.28072,22.34877],[84.2924,22.34638],[84.29386,22.34163],[84.29769,22.34052],[84.30888,22.34216],[84.31573,22.34393],[84.31919,22.34181],[84.3271,22.34477],[84.32929,22.34485],[84.33231,22.34374],[84.34188,22.34704],[84.34679,22.34627],[84.3497,22.34737],[84.35914,22.34846],[84.36087,22.34676],[84.36407,22.34777],[84.36801,22.34768],[84.36783,22.34955],[84.36947,22.35065],[84.3697,22.35269],[84.37189,22.35345],[84.37699,22.35183],[84.37891,22.35234],[84.381,22.35191],[84.3821,22.35038],[84.38374,22.35047],[84.3854,22.3486],[84.39069,22.34817],[84.39452,22.34935],[84.39723,22.3485],[84.39915,22.34688],[84.40207,22.3473],[84.4027,22.34594],[84.41183,22.35035],[84.41566,22.35051],[84.41857,22.35229],[84.42708,22.35364],[84.42899,22.35134],[84.43164,22.35202],[84.43282,22.3527],[84.43214,22.35337],[84.43291,22.35481],[84.43238,22.35741],[84.43667,22.35995],[84.43571,22.36224],[84.43307,22.36352],[84.43466,22.36479],[84.43334,22.36632],[84.4332,22.36902],[84.44991,22.37712],[84.44931,22.37874],[84.45261,22.38202],[84.45521,22.38202],[84.45585,22.38083],[84.4603,22.38013],[84.4636,22.37853],[84.47411,22.38334],[84.47844,22.38613],[84.48669,22.38799],[84.48752,22.38884],[84.48784,22.39087],[84.48683,22.39206],[84.48127,22.39356],[84.481,22.39509],[84.48268,22.39644],[84.48273,22.39746],[84.48036,22.39874],[84.47917,22.40476],[84.47919,22.406],[84.48293,22.40727],[84.48383,22.41083],[84.49086,22.41006],[84.49995,22.41537],[84.50197,22.41546],[84.51221,22.42033],[84.51381,22.42052],[84.51944,22.41883],[84.52686,22.41946],[84.53194,22.42208],[84.53274,22.4237],[84.5322,22.42507],[84.53529,22.42501],[84.53756,22.42657],[84.53823,22.42476],[84.5405,22.42451],[84.54292,22.42595],[84.54492,22.42489],[84.5472,22.42532],[84.54988,22.42115],[84.55176,22.42052],[84.55919,22.42302],[84.56548,22.42377],[84.57337,22.42688],[84.59666,22.42954],[84.59787,22.43265],[84.60034,22.43427],[84.60223,22.43041],[84.60506,22.42828],[84.61279,22.43041],[84.62445,22.43103],[84.63114,22.43403],[84.63355,22.43228],[84.63978,22.43128],[84.65465,22.42567],[84.6706,22.41751],[84.67662,22.42138],[84.67735,22.42125],[84.6785,22.41888],[84.68633,22.41938],[84.68848,22.41801],[84.70113,22.41586],[84.71806,22.41673],[84.72007,22.4191],[84.72128,22.41935],[84.73788,22.41961],[84.7522,22.41834],[84.75458,22.43006],[84.7614,22.44616],[84.76454,22.4468],[84.77946,22.44645],[84.78233,22.44696],[84.7935,22.44647],[84.79733,22.44533],[84.79815,22.44763],[84.7991,22.44789],[84.80089,22.44649],[84.80349,22.44687],[84.80554,22.44611],[84.80746,22.44643],[84.81443,22.45144],[84.81924,22.44428],[84.81993,22.4366],[84.82801,22.43316],[84.83814,22.43152],[84.84074,22.42909],[84.84416,22.43051],[84.84485,22.43332],[84.84854,22.43499],[84.85141,22.43487],[84.85231,22.43391],[84.85532,22.43411],[84.85737,22.43514],[84.86394,22.43566],[84.87023,22.43823],[84.8753,22.43837],[84.87509,22.44067],[84.87687,22.44125],[84.87933,22.4442],[84.88452,22.44677],[84.88699,22.44197],[84.88728,22.43583],[84.88906,22.43357],[84.89167,22.42769],[84.89153,22.42679],[84.88853,22.42513],[84.88812,22.41988],[84.90167,22.42202],[84.9118,22.42216],[84.91905,22.42614],[84.92834,22.43448],[84.92875,22.43896],[84.92642,22.43934],[84.92546,22.44241],[84.93305,22.44468],[84.94277,22.44464],[84.94592,22.44787],[84.94714,22.45094],[84.94878,22.45273],[84.95576,22.45505],[84.95808,22.45685],[84.95946,22.4564],[84.96152,22.45295],[84.96153,22.44246],[84.96399,22.44432],[84.96632,22.44739],[84.96946,22.44945],[84.97398,22.45009],[84.9752,22.45125],[84.97794,22.45177],[84.98759,22.45686],[84.99361,22.45828],[84.99702,22.46084],[85.0029,22.46276],[85.00769,22.46316],[85.02267,22.47099],[85.02931,22.47221],[85.03558,22.47226],[85.03558,22.47331],[85.03757,22.47351],[85.03916,22.47551],[85.03769,22.47624],[85.03875,22.47761],[85.03913,22.48084],[85.03766,22.48195],[85.04071,22.48345],[85.04126,22.48067],[85.04472,22.47907],[85.04551,22.48137],[85.05296,22.48166],[85.05945,22.48567],[85.06104,22.48568],[85.06584,22.48459],[85.06913,22.48293],[85.07074,22.48034],[85.07355,22.47849],[85.07541,22.47819],[85.07673,22.47932],[85.07819,22.47945],[85.07981,22.4758],[85.07837,22.47151],[85.07899,22.46869],[85.077,22.46818],[85.07555,22.46544],[85.07822,22.46409],[85.07863,22.4626],[85.0667,22.45409],[85.06209,22.4481],[85.06484,22.44291],[85.06831,22.44156],[85.06938,22.44021],[85.06915,22.43492],[85.06796,22.4338],[85.06851,22.42995],[85.07018,22.42748],[85.07655,22.42032],[85.07954,22.41972],[85.07989,22.41766],[85.08321,22.41731],[85.08408,22.41651],[85.08435,22.41576],[85.08244,22.41203],[85.08273,22.40906],[85.08588,22.4056],[85.08871,22.39941],[85.08805,22.39753],[85.08901,22.39233],[85.08823,22.3891],[85.09017,22.387],[85.08947,22.38303],[85.07999,22.36516],[85.07987,22.36317],[85.08136,22.35975],[85.08123,22.3587],[85.07885,22.35627],[85.07873,22.3544],[85.08021,22.35144],[85.08607,22.34849],[85.08491,22.34439],[85.09638,22.34547],[85.09639,22.34411],[85.09759,22.34356],[85.09554,22.33075],[85.09161,22.31906],[85.0943,22.31547],[85.09644,22.314],[85.09847,22.3145],[85.10046,22.31625],[85.10112,22.31787],[85.10588,22.32038],[85.11587,22.3187],[85.11746,22.31908],[85.12027,22.31637],[85.11789,22.31449],[85.11578,22.31038],[85.11726,22.30779],[85.11621,22.30567],[85.11822,22.30345],[85.11927,22.29387],[85.11887,22.29337],[85.11342,22.29346],[85.11221,22.29519],[85.10969,22.29518],[85.10637,22.29479],[85.10185,22.2929],[85.09762,22.28977],[85.09353,22.28825],[85.08559,22.28169],[85.07471,22.27555],[85.07326,22.27405],[85.07228,22.2707],[85.07562,22.26828],[85.07423,22.26617],[85.07617,22.26444],[85.07506,22.26171],[85.07873,22.25962],[85.08008,22.2569],[85.07856,22.25453],[85.07911,22.25205],[85.0759,22.24746],[85.07368,22.24823],[85.07283,22.24765],[85.07249,22.24535],[85.07307,22.24353],[85.07235,22.24191],[85.07486,22.2379],[85.07462,22.23675],[85.07321,22.23215],[85.06831,22.22152],[85.06552,22.21816],[85.06111,22.20802],[85.06152,22.20516],[85.05801,22.20085],[85.05466,22.1945],[85.05196,22.19401],[85.0565,22.18309],[85.05354,22.1795],[85.04633,22.17655],[85.04488,22.17482],[85.04467,22.17241],[85.03202,22.16179],[85.03133,22.15834],[85.032,22.15456],[85.03365,22.14985],[85.03677,22.14588],[85.03674,22.14381],[85.03604,22.14071],[85.03639,22.13745],[85.03519,22.13563],[85.03439,22.13126],[85.03113,22.12687],[85.03059,22.12159],[85.02591,22.11676],[85.00381,22.10696],[84.99653,22.10239],[84.9947,22.09908],[84.98679,22.09492],[84.98617,22.09421],[84.98705,22.08781],[84.9865,22.08525],[84.98845,22.08369],[84.98901,22.08203],[84.99107,22.08179],[84.99288,22.08034],[84.99781,22.08089],[84.99871,22.08271],[85.00868,22.0867],[85.00952,22.08843],[85.01198,22.08823],[85.01416,22.09009],[85.01617,22.09584],[85.0156,22.09721],[85.01711,22.09998],[85.02204,22.10343],[85.02354,22.1066],[85.0264,22.10864],[85.02786,22.109],[85.02874,22.10792],[85.03083,22.1076],[85.03725,22.11044],[85.04053,22.11346],[85.04456,22.115],[85.0518,22.11531],[85.055,22.11438],[85.06101,22.1145],[85.06809,22.11215],[85.07279,22.11258],[85.07874,22.10903],[85.08971,22.10532],[85.09539,22.10504],[85.09808,22.10576],[85.10066,22.10528],[85.10242,22.10278],[85.10246,22.09934],[85.10421,22.09729],[85.10284,22.09427],[85.10303,22.09324],[85.10564,22.09075],[85.10616,22.08915],[85.10787,22.08923],[85.1106,22.08725],[85.11417,22.08638],[85.1157,22.08215],[85.11483,22.07836],[85.12154,22.07313],[85.12403,22.07018],[85.12883,22.07414],[85.13091,22.07427],[85.13477,22.07598],[85.13803,22.07579],[85.14719,22.07899],[85.15114,22.07789],[85.15522,22.07828],[85.1609,22.07583],[85.16289,22.07401],[85.16252,22.06885],[85.16322,22.06726],[85.16745,22.06284],[85.16928,22.05394],[85.16991,22.0528],[85.17262,22.05226],[85.17386,22.05124],[85.1762,22.05093],[85.17586,22.05356],[85.17411,22.05583],[85.17308,22.06373],[85.16977,22.06851],[85.1713,22.06986],[85.17315,22.06965],[85.174,22.07023],[85.17562,22.073],[85.17911,22.0735],[85.18231,22.07274],[85.18369,22.07126],[85.18532,22.06349],[85.1894,22.05752],[85.19913,22.05556],[85.2032,22.05378],[85.2083,22.05025],[85.21285,22.04882],[85.21642,22.04874],[85.21792,22.04647],[85.21785,22.04246],[85.2217,22.03883],[85.21944,22.03287],[85.2207,22.03105],[85.22048,22.02876],[85.22264,22.02294],[85.22329,22.01726],[85.22428,22.01635],[85.22823,22.01536],[85.23171,22.01105],[85.23888,22.00871],[85.24207,22.00878],[85.23454,21.99999],[85.23317,21.99543],[85.24142,21.99034],[85.24578,21.98586],[85.26675,21.97429],[85.2677,21.97302],[85.26749,21.97089],[85.26908,21.96656],[85.27339,21.96309],[85.27438,21.95942],[85.28035,21.95765],[85.28654,21.95315],[85.30111,21.95145],[85.30463,21.95449],[85.31145,21.95767],[85.31602,21.95763],[85.31923,21.95649],[85.32436,21.95267],[85.32705,21.95283],[85.32854,21.95179],[85.33234,21.9515],[85.3373,21.95198],[85.33768,21.95035],[85.33913,21.9511],[85.34169,21.95047],[85.34335,21.94936],[85.34354,21.948],[85.34488,21.94817],[85.34625,21.94728],[85.34942,21.94888],[85.35052,21.94754],[85.35139,21.94816],[85.35178,21.94718],[85.35079,21.94506],[85.35493,21.94097],[85.35928,21.94029],[85.36427,21.94058],[85.36761,21.94187],[85.37103,21.94152],[85.3749,21.93886],[85.37836,21.93461],[85.37897,21.92327],[85.3756,21.91811],[85.37533,21.91525],[85.37816,21.90948],[85.37688,21.90648],[85.37708,21.90279],[85.37625,21.90137],[85.3744,21.9005],[85.37356,21.89841],[85.37006,21.89812],[85.37098,21.8968],[85.37168,21.8916],[85.3683,21.88266],[85.36873,21.87623],[85.36637,21.87379],[85.36509,21.86937],[85.36635,21.86442],[85.36641,21.85885],[85.3621,21.85621],[85.36221,21.8549],[85.3586,21.84824],[85.35231,21.84084],[85.35016,21.83645],[85.34871,21.82873],[85.34578,21.82591],[85.33784,21.82287],[85.32989,21.82357],[85.32609,21.82307],[85.31451,21.81878],[85.31289,21.81895],[85.30964,21.82133],[85.30747,21.82413],[85.3026,21.8244],[85.29953,21.82559],[85.299,21.8322],[85.29359,21.83704],[85.28996,21.83434],[85.28508,21.83274],[85.28408,21.83308],[85.28345,21.83452],[85.2762,21.82381],[85.27602,21.82161],[85.2742,21.81823],[85.2704,21.81705],[85.26498,21.81723],[85.25666,21.81556],[85.24993,21.80979],[85.24664,21.80556],[85.24403,21.80442],[85.24105,21.80563],[85.23408,21.81183],[85.23283,21.81825],[85.23064,21.81931],[85.22882,21.81924],[85.22754,21.81289],[85.22425,21.80865],[85.2233,21.80533],[85.21957,21.8014],[85.21701,21.79735],[85.2169,21.79494],[85.21333,21.78568],[85.21317,21.78276],[85.21148,21.77955],[85.21191,21.77415],[85.20488,21.76912],[85.20462,21.76622],[85.20267,21.76155],[85.20245,21.76008],[85.20678,21.75221],[85.20643,21.74981],[85.20819,21.74862],[85.20855,21.74736],[85.20976,21.74713],[85.20909,21.74588],[85.21681,21.74642],[85.21513,21.7389],[85.20734,21.73291],[85.20002,21.72495],[85.19552,21.72299],[85.19287,21.72049],[85.18634,21.70838],[85.18997,21.70533],[85.19148,21.6992],[85.19479,21.69569],[85.19428,21.69205],[85.19466,21.68691],[85.19295,21.68296],[85.18897,21.681],[85.18855,21.67826],[85.1887,21.67514],[85.19286,21.6643],[85.19304,21.65969],[85.19075,21.65652],[85.18478,21.65527],[85.18223,21.65345],[85.18504,21.65163],[85.18623,21.64924],[85.18431,21.64555],[85.18238,21.64498],[85.18311,21.64337],[85.1854,21.64238],[85.18732,21.64285],[85.18831,21.64404],[85.19086,21.64373],[85.19376,21.64493],[85.19418,21.64451],[85.19366,21.64399],[85.19647,21.64014],[85.19485,21.63677],[85.19179,21.635],[85.19096,21.62871],[85.19003,21.62762],[85.18851,21.62621],[85.18545,21.6259],[85.18343,21.62492],[85.17885,21.61915],[85.17683,21.62045],[85.17521,21.6205],[85.17339,21.62206],[85.17017,21.62263],[85.16804,21.6218],[85.1618,21.61182],[85.15604,21.60814],[85.1511,21.60392],[85.15011,21.59955],[85.15042,21.59711],[85.14626,21.59431],[85.13712,21.59784],[85.13275,21.59851],[85.12813,21.59711],[85.12392,21.59815],[85.12205,21.59649],[85.11789,21.59472],[85.1077,21.59332],[85.10651,21.59373],[85.10464,21.59607],[85.10032,21.59685],[85.09866,21.59789],[85.09663,21.6008],[85.08884,21.60262],[85.0853,21.60137],[85.07943,21.60283],[85.07844,21.60246],[85.07761,21.60033],[85.07439,21.60013],[85.06836,21.59763],[85.06716,21.59088],[85.06254,21.5916],[85.05869,21.59114],[85.05656,21.58947],[85.05334,21.58848],[85.04591,21.59295],[85.04502,21.59638],[85.04025,21.59955],[85.04008,21.60246],[85.03733,21.60751],[85.03936,21.61016],[85.03946,21.61437],[85.04149,21.61738],[85.03951,21.62253],[85.03681,21.62393],[85.03484,21.62616],[85.03245,21.62621],[85.03151,21.62705],[85.03177,21.62991],[85.03016,21.6325],[85.03156,21.63749],[85.03167,21.64181],[85.02979,21.65075],[85.02824,21.65251],[85.03224,21.6562],[85.03297,21.65818],[85.0314,21.66506],[85.02834,21.67148],[85.02434,21.67465],[85.01426,21.67637],[85.01025,21.67632],[85.00208,21.67979],[85.00012,21.68138],[84.99093,21.6782],[84.98594,21.68173],[84.98345,21.68017],[84.98418,21.67778],[84.98314,21.67352],[84.98241,21.67332],[84.98137,21.67519],[84.97774,21.67197],[84.9741,21.67477],[84.96922,21.68111],[84.96693,21.68256],[84.95841,21.6837],[84.95842,21.68194],[84.95592,21.67778],[84.95592,21.66407],[84.95343,21.66314],[84.94938,21.66324],[84.94637,21.66013],[84.94377,21.65867],[84.94065,21.65971],[84.92944,21.66677],[84.92632,21.66709],[84.92154,21.66906],[84.91635,21.66958],[84.91323,21.66854],[84.90596,21.66813],[84.90337,21.66283],[84.90263,21.65805],[84.88757,21.65846],[84.88383,21.65711],[84.88041,21.65763],[84.87823,21.6567],[84.87428,21.65639],[84.87127,21.65369],[84.86244,21.6514],[84.85839,21.6515],[84.85683,21.65971],[84.85631,21.65992],[84.84415,21.65909],[84.83751,21.6593],[84.83523,21.66002],[84.82941,21.65971],[84.8184,21.66262],[84.81518,21.66241],[84.7917,21.66792],[84.78745,21.65514],[84.78432,21.65109],[84.78506,21.64725],[84.78443,21.64299],[84.78641,21.63966],[84.78776,21.63883],[84.79409,21.63842],[84.79513,21.6379],[84.79523,21.63613],[84.79368,21.6352],[84.79233,21.6327],[84.79035,21.63177],[84.78941,21.62969],[84.78641,21.63032],[84.78526,21.62969],[84.78412,21.62689],[84.78069,21.62523],[84.75888,21.62419],[84.75472,21.62709],[84.75441,21.62824],[84.75545,21.6407],[84.75161,21.65317],[84.75088,21.66355],[84.74901,21.66511],[84.74787,21.66875],[84.74434,21.66844],[84.74319,21.66916],[84.74403,21.67332],[84.74599,21.67519],[84.74704,21.67789],[84.7486,21.67913],[84.74891,21.68184],[84.74333,21.6859],[84.73336,21.69109],[84.73215,21.69249],[84.72435,21.70455],[84.7206,21.71627],[84.71574,21.71299],[84.7156,21.71109],[84.71492,21.71058],[84.70953,21.71022],[84.70507,21.70681],[84.6992,21.70744],[84.69395,21.70897],[84.6891,21.71531],[84.68225,21.73079],[84.67821,21.73396],[84.67727,21.73548],[84.67734,21.73788],[84.68032,21.7456],[84.68034,21.74888],[84.6745,21.75483],[84.66891,21.75882],[84.66429,21.76336],[84.66198,21.76414],[84.65729,21.76395],[84.65396,21.76536],[84.64179,21.76735],[84.63447,21.76254],[84.62923,21.76082],[84.6266,21.76136],[84.62312,21.76324],[84.62081,21.76293],[84.61721,21.76363],[84.61608,21.76489],[84.61107,21.7659],[84.61025,21.76391],[84.60724,21.76203],[84.60567,21.7632],[84.60379,21.76152],[84.60265,21.76207],[84.60066,21.76129],[84.59808,21.7616],[84.59792,21.75988],[84.59303,21.75917],[84.58963,21.75733],[84.58775,21.75823],[84.58603,21.76039],[84.57734,21.76223],[84.57565,21.76383],[84.57331,21.76473],[84.57127,21.76751],[84.56091,21.76805],[84.55585,21.769],[84.55617,21.77064],[84.55746,21.77217],[84.56113,21.77255],[84.56204,21.77481],[84.56462,21.77481],[84.56624,21.77572],[84.56721,21.77778],[84.56721,21.78108],[84.56902,21.78463],[84.56876,21.78631],[84.56462,21.79076],[84.55997,21.79328],[84.55668,21.79406],[84.54964,21.79799],[84.53905,21.80568],[84.53292,21.80917],[84.52988,21.81246],[84.52769,21.81291],[84.52711,21.81627],[84.52814,21.81769],[84.52834,21.82034],[84.52478,21.82453],[84.52485,21.83144],[84.52769,21.83648],[84.52943,21.84695],[84.5295,21.8523],[84.5302,21.85352],[84.53589,21.85553],[84.54041,21.8623],[84.53763,21.86515],[84.53402,21.8665],[84.5262,21.87135],[84.52627,21.87283],[84.52937,21.87432],[84.53149,21.87709],[84.52905,21.88084],[84.52821,21.88787],[84.51929,21.89472],[84.51781,21.89762],[84.51393,21.89917],[84.50993,21.90273],[84.5025,21.90434],[84.50108,21.90537],[84.49583,21.90477],[84.49448,21.90705],[84.49421,21.91259],[84.49657,21.91974],[84.49837,21.91856],[84.50797,21.91953],[84.5107,21.91879],[84.51443,21.92206],[84.5229,21.92316],[84.52714,21.92565],[84.52714,21.92971],[84.52261,21.934],[84.52077,21.94409],[84.51857,21.94799],[84.51904,21.95016],[84.52097,21.95311],[84.52032,21.95707],[84.52419,21.95836],[84.52908,21.9579],[84.52811,21.95955],[84.52944,21.96895],[84.52834,21.97282],[84.52571,21.9743],[84.52216,21.97112],[84.52106,21.9713],[84.52074,21.97273],[84.51714,21.9731],[84.51608,21.97098],[84.51613,21.96559],[84.51147,21.96407],[84.51051,21.9631],[84.50964,21.95937],[84.50774,21.9585],[84.50199,21.96071],[84.50374,21.96375],[84.503,21.96688],[84.50204,21.96789],[84.50199,21.97139],[84.50308,21.97364],[84.50406,21.98346],[84.50885,21.99291],[84.50936,21.99673],[84.51074,21.99982],[84.51033,22.00432],[84.50819,22.01204],[84.50968,22.01843],[84.5129,22.02159],[84.51327,22.02355],[84.5153,22.02645],[84.52273,22.02935],[84.52554,22.0321],[84.52656,22.03757],[84.52895,22.0427],[84.5291,22.04509],[84.52851,22.04746],[84.5134,22.05373],[84.51231,22.05722],[84.51288,22.06175],[84.50996,22.06908],[84.51107,22.0719],[84.5141,22.07438],[84.51489,22.07831],[84.51467,22.08158],[84.51589,22.08426],[84.51535,22.08554],[84.51224,22.08811],[84.50628,22.08778],[84.50179,22.08873],[84.5006,22.0901],[84.50005,22.10077],[84.5009,22.10156],[84.50289,22.1084],[84.50031,22.11869],[84.50064,22.12219],[84.49895,22.1247],[84.49951,22.12561],[84.49825,22.13756],[84.49609,22.14049],[84.49162,22.14406],[84.48847,22.15762],[84.4847,22.16139],[84.47897,22.18969],[84.45785,22.18569],[84.44261,22.17967],[84.42073,22.17249],[84.41357,22.16819],[84.40898,22.16364],[84.4009,22.15943],[84.39751,22.15536],[84.38679,22.1472],[84.37393,22.14895],[84.37225,22.14832],[84.36505,22.14979],[84.35988,22.14392],[84.35213,22.14021],[84.34499,22.13225],[84.34101,22.12952],[84.3327,22.1277],[84.32431,22.1277],[84.32117,22.12631],[84.31771,22.12597],[84.31341,22.12344],[84.30544,22.12155],[84.30027,22.11792],[84.29733,22.11799],[84.28895,22.12078],[84.28608,22.12107],[84.28161,22.12309],[84.27972,22.12288],[84.27847,22.11981],[84.27833,22.11575],[84.28021,22.11247],[84.27979,22.10981],[84.27791,22.10821],[84.27294,22.11023],[84.27106,22.10911],[84.26945,22.10695],[84.26931,22.10213],[84.27168,22.09556],[84.2728,22.08913],[84.27064,22.08249],[84.26882,22.08011],[84.2677,22.07298],[84.26924,22.06481],[84.27155,22.06201],[84.27343,22.06096],[84.27141,22.05348],[84.27098,22.04874],[84.26894,22.04543],[84.2682,22.03933],[84.26917,22.03424],[84.26973,22.02078],[84.27029,22.01994],[84.27009,22.01018],[84.26955,22.00889],[84.26382,22.00857],[84.26134,22.00619],[84.25919,22.00264],[84.25896,21.99934],[84.25737,21.99832],[84.25616,21.99608],[84.25407,21.99505],[84.25107,21.99008],[84.24951,21.98928],[84.24724,21.98447],[84.24553,21.98375],[84.24587,21.98253],[84.24037,21.97806],[84.23787,21.97752],[84.23145,21.97388],[84.22975,21.97612],[84.22508,21.97491],[84.21761,21.97787],[84.20937,21.97733],[84.20471,21.97616],[84.20403,21.97661],[84.20414,21.97851],[84.20183,21.98166],[84.20262,21.9847],[84.20198,21.98534],[84.1967,21.98648],[84.19018,21.98963],[84.18858,21.98917],[84.18517,21.99035],[84.18502,21.99259],[84.18308,21.99187],[84.18195,21.99399],[84.18012,21.9941],[84.1791,21.99327],[84.17568,21.99479],[84.17641,21.9974],[84.172,21.99786],[84.17181,21.9993],[84.16962,22.00093],[84.1687,22.00074],[84.16848,21.99949],[84.16958,21.99778],[84.16749,21.99888],[84.16597,21.99858],[84.16206,21.99961],[84.15918,21.99759],[84.15679,21.9974],[84.15607,21.99843],[84.15337,21.9987],[84.15266,21.99752],[84.15178,21.99873],[84.15034,21.99786],[84.14845,21.99911],[84.14723,21.99866],[84.14681,21.99744],[84.14548,21.99821],[84.14408,21.9979],[84.14404,21.99892],[84.14165,21.99722],[84.13995,21.99782],[84.13869,21.99714],[84.13729,21.99972],[84.13016,22.0042],[84.12743,22.00366],[84.12648,22.00431],[84.12633,22.00587],[84.12249,22.0067],[84.12151,22.00776],[84.12048,22.0119],[84.11908,22.01194],[84.11297,22.00355],[84.10979,21.99255],[84.1088,21.9913],[84.10675,21.99209],[84.10652,21.99562],[84.10493,21.99691],[84.09708,21.99536],[84.09579,21.99615],[84.09502,21.99835],[84.09222,21.9987],[84.0896,21.99759],[84.09093,21.99493],[84.08945,21.98985],[84.0885,21.98883],[84.0811,21.98993],[84.07169,21.98868],[84.07063,21.98409],[84.07325,21.98371],[84.07533,21.9801],[84.08304,21.97969],[84.08604,21.97821],[84.08637,21.97108],[84.08952,21.96265],[84.08891,21.95901],[84.08535,21.95791],[84.08125,21.95457],[84.08046,21.95309],[84.07989,21.9466],[84.0789,21.9444],[84.07894,21.93947],[84.07993,21.93757],[84.07985,21.93613],[84.07677,21.93624],[84.07412,21.93534],[84.06858,21.93609],[84.06706,21.93469],[84.06369,21.93329],[84.06194,21.93624],[84.05936,21.93632],[84.05606,21.93526],[84.05416,21.93928],[84.04984,21.94345],[84.05012,21.94698],[84.04756,21.94767],[84.03648,21.94808],[84.0355,21.94858],[84.03542,21.95006],[84.03429,21.95078],[84.0292,21.95173],[84.01941,21.94144],[84.01209,21.92885],[84.00556,21.92171],[83.99825,21.91794],[83.98259,21.90645],[83.97857,21.90427],[83.97563,21.9084],[83.97142,21.91162],[83.97005,21.91397],[83.96998,21.91701],[83.96703,21.92077],[83.96381,21.93456],[83.9612,21.94134],[83.94969,21.94286],[83.93561,21.94353],[83.93053,21.94181],[83.92857,21.94182],[83.923,21.94241],[83.91846,21.94426],[83.90897,21.94324],[83.8979,21.94494],[83.89556,21.94104],[83.89108,21.9368],[83.87885,21.9223],[83.86687,21.92377],[83.85401,21.92294],[83.86558,21.91196],[83.86635,21.90994],[83.86481,21.90967],[83.86396,21.90834],[83.86224,21.90903],[83.86084,21.9086],[83.86016,21.90639],[83.85707,21.90654],[83.856,21.90574],[83.85652,21.90396],[83.8545,21.90223],[83.85153,21.90236],[83.84935,21.9036],[83.84815,21.90331],[83.84796,21.90127],[83.84655,21.90017],[83.84539,21.90023],[83.84481,21.89743],[83.84258,21.89557],[83.8414,21.89576],[83.84042,21.89335],[83.83931,21.89256],[83.83699,21.89491],[83.83515,21.89446],[83.83295,21.89503],[83.83089,21.87667],[83.82655,21.87875],[83.82301,21.88312],[83.82068,21.88456],[83.81927,21.88445],[83.81823,21.88347],[83.8159,21.87963],[83.81409,21.86678],[83.81144,21.85938],[83.81162,21.85708],[83.81394,21.85662],[83.81474,21.85455],[83.81297,21.85466],[83.8096,21.85646],[83.8071,21.86065],[83.80556,21.86158],[83.80128,21.86694],[83.80088,21.86877],[83.79443,21.86488],[83.78995,21.85955],[83.78124,21.85343],[83.76909,21.83874],[83.75975,21.8354],[83.75353,21.82937],[83.75011,21.82483],[83.73991,21.81603],[83.7299,21.80232],[83.73109,21.79337],[83.72849,21.79256],[83.72663,21.79021],[83.72331,21.78977],[83.72253,21.78621],[83.72065,21.78525],[83.71486,21.78674],[83.71297,21.7883],[83.70503,21.78888],[83.70385,21.79035],[83.6981,21.78909],[83.69525,21.78974],[83.69164,21.78936],[83.69006,21.79112],[83.68891,21.80089],[83.67494,21.8081],[83.67022,21.80739],[83.66416,21.809],[83.65157,21.81304],[83.63939,21.81817],[83.63853,21.81874],[83.63866,21.82028],[83.63717,21.82407],[83.63318,21.82916],[83.62846,21.83916],[83.63004,21.84498],[83.62634,21.84759],[83.62498,21.84795],[83.62125,21.8461],[83.61626,21.84636],[83.61112,21.84532],[83.61109,21.84122],[83.61208,21.83722],[83.61002,21.8343],[83.6096,21.8324],[83.60832,21.83218],[83.60602,21.83311],[83.60294,21.83121],[83.5988,21.83171],[83.59705,21.82861],[83.59394,21.8272],[83.59172,21.82506],[83.5864,21.82668],[83.58116,21.82956],[83.58008,21.8366],[83.58334,21.83734],[83.58556,21.84047],[83.58966,21.84322],[83.59286,21.84941],[83.59287,21.8506],[83.58629,21.86123],[83.57642,21.87351],[83.57809,21.87673],[83.57914,21.88177],[83.58304,21.88208],[83.57993,21.88738],[83.58076,21.88848],[83.58375,21.88897],[83.58596,21.89165],[83.58914,21.89316],[83.58957,21.89494],[83.58762,21.89896],[83.58778,21.90075],[83.59387,21.90274],[83.59631,21.90238],[83.59922,21.90497],[83.6012,21.90423],[83.60268,21.90631],[83.60542,21.90786],[83.60744,21.91099],[83.6081,21.91346],[83.60442,21.91665],[83.60284,21.92058],[83.59852,21.92326],[83.59781,21.92463],[83.59618,21.92524],[83.59279,21.92893],[83.55875,21.93489],[83.56103,21.94362],[83.56379,21.94734],[83.55832,21.95224],[83.55651,21.95251],[83.5444,21.96136],[83.54074,21.96614],[83.54004,21.9681],[83.54063,21.9721],[83.53928,21.97705],[83.54041,21.98016],[83.5456,21.98702],[83.54545,21.99321],[83.5491,21.99642],[83.55104,21.99938],[83.55297,21.9999],[83.55471,22.00175],[83.55692,22.00618],[83.54263,22.01966],[83.53989,22.02571],[83.53847,22.02646],[83.53844,22.03089]]]}}]}