{"type":"FeatureCollection","features":[{"type":"Feature","properties":{"LCODE":"050180012001200003","LOCATION":"MAHANTIPADA","V_TYPE":"VILLAGE","BLOCK":"BONTH","DISTRICT":"BHADRAK"},"geometry":{"type":"Polygon","coordinates":[[[86.35215,21.23458],[86.35229,21.2351],[86.35285,21.23549],[86.35764,21.23673],[86.3635,21.23658],[86.36649,21.2372],[86.36854,21.23664],[86.37055,21.23531],[86.37177,21.23124],[86.37379,21.2302],[86.37457,21.2286],[86.37469,21.22694],[86.37524,21.22511],[86.37675,21.22371],[86.37581,21.22063],[86.37538,21.2178],[86.37504,21.2152],[86.37511,21.21344],[86.37469,21.21108],[86.37489,21.21009],[86.37164,21.20999],[86.36942,21.20892],[86.36749,21.21164],[86.367,21.21187],[86.36447,21.21182],[86.36366,21.21229],[86.36236,21.21383],[86.35918,21.21606],[86.35641,21.21914],[86.35545,21.21965],[86.35426,21.22114],[86.35441,21.22175],[86.35501,21.22233],[86.35404,21.22398],[86.35407,21.22647],[86.3531,21.22973],[86.35294,21.23117],[86.35333,21.23222],[86.35215,21.23458]],[[86.36564,21.21618],[86.36572,21.21549],[86.36653,21.21411],[86.36803,21.21321],[86.37029,21.21329],[86.37169,21.21449],[86.37233,21.21661],[86.37267,21.21936],[86.3718,21.22073],[86.37132,21.22264],[86.37035,21.22395],[86.36823,21.22419],[86.36765,21.22397],[86.36691,21.22305],[86.3663,21.21808],[86.36564,21.21618]]]}},{"type":"Feature","properties":{"LCODE":"050210013001300003","LOCATION":"BACHHADA","V_TYPE":"VILLAGE","BLOCK":"BASUDEVPUR","DISTRICT":"BHADRAK"},"geometry":{"type":"Polygon","coordinates":[[[86.78748,21.22258],[86.78891,21.22364],[86.78964,21.22577],[86.78997,21.22606],[86.79074,21.22599],[86.79159,21.22284],[86.79232,21.22199],[86.79283,21.22188],[86.79356,21.22247],[86.79426,21.22496],[86.79492,21.22566],[86.79744,21.22524],[86.79783,21.22496],[86.79835,21.22375],[86.79922,21.22385],[86.79958,21.22445],[86.80151,21.22457],[86.80219,21.22527],[86.80309,21.22732],[86.80351,21.22986],[86.80472,21.22943],[86.80521,21.22777],[86.80532,21.22593],[86.80587,21.22506],[86.80666,21.22506],[86.81116,21.22795],[86.81136,21.22726],[86.81067,21.22608],[86.81052,21.22521],[86.81079,21.22442],[86.81158,21.22397],[86.81264,21.22388],[86.81336,21.22448],[86.81435,21.22481],[86.81644,21.22412],[86.81819,21.22469],[86.81871,21.22421],[86.81777,21.22231],[86.81774,21.22061],[86.81799,21.22061],[86.81464,21.21717],[86.80982,21.21068],[86.80835,21.20319],[86.80884,21.20189],[86.80786,21.20112],[86.80524,21.20059],[86.8046,21.20059],[86.80206,21.20174],[86.79888,21.20228],[86.79668,21.20404],[86.79308,21.20558],[86.7935,21.20642],[86.79374,21.20978],[86.79677,21.21398],[86.79668,21.21452],[86.79432,21.21529],[86.7926,21.21544],[86.79203,21.21789],[86.79236,21.21934],[86.7922,21.22011],[86.78951,21.22187],[86.78775,21.22187],[86.78748,21.22258]]]}},{"type":"Feature","properties":{"LCODE":"050210013001300001","LOCATION":"RADHAMOHANPUR","V_TYPE":"VILLAGE","BLOCK":"BASUDEVPUR","DISTRICT":"BHADRAK"},"geometry":{"type":"Polygon","coordinates":[[[86.76984,21.20815],[86.77141,21.21163],[86.7726,21.21319],[86.77291,21.21413],[86.77254,21.21713],[86.77285,21.22038],[86.77216,21.22394],[86.77241,21.22513],[86.77309,21.22525],[86.77444,21.22364],[86.77573,21.22331],[86.77858,21.22371],[86.77884,21.22353],[86.77913,21.22144],[86.77961,21.22104],[86.78092,21.22126],[86.7836,21.22265],[86.78466,21.2228],[86.78525,21.22218],[86.78572,21.22078],[86.78704,21.21943],[86.78752,21.21928],[86.78836,21.21957],[86.78814,21.22119],[86.78775,21.22187],[86.78951,21.22187],[86.7922,21.22011],[86.79236,21.21934],[86.79203,21.21789],[86.7926,21.21544],[86.79081,21.21567],[86.79015,21.21782],[86.78934,21.21766],[86.78836,21.21698],[86.78689,21.21522],[86.78484,21.21499],[86.78338,21.214],[86.78166,21.21362],[86.77962,21.21225],[86.77433,21.2064],[86.77129,21.2079],[86.76984,21.20815]]]}},{"type":"Feature","properties":{"LCODE":"050180012001200004","LOCATION":"KUNDI","V_TYPE":"VILLAGE","BLOCK":"BONTH","DISTRICT":"BHADRAK"},"geometry":{"type":"Polygon","coordinates":[[[86.36564,21.21618],[86.3663,21.21808],[86.36691,21.22305],[86.36765,21.22397],[86.36823,21.22419],[86.37035,21.22395],[86.37132,21.22264],[86.3718,21.22073],[86.37267,21.21936],[86.37233,21.21661],[86.37169,21.21449],[86.37029,21.21329],[86.36803,21.21321],[86.36653,21.21411],[86.36572,21.21549],[86.36564,21.21618]]]}},{"type":"Feature","properties":{"LCODE":"050180012001200005","LOCATION":"HALADIPAHANI","V_TYPE":"VILLAGE","BLOCK":"BONTH","DISTRICT":"BHADRAK"},"geometry":{"type":"Polygon","coordinates":[[[86.37469,21.21108],[86.37581,21.22063],[86.37675,21.22371],[86.37958,21.22257],[86.38536,21.2209],[86.38398,21.21974],[86.38142,21.21578],[86.38024,21.21028],[86.3786,21.20929],[86.37543,21.20893],[86.37469,21.21108]]]}},{"type":"Feature","properties":{"LCODE":"050180012001200012","LOCATION":"BADASANDADO","V_TYPE":"VILLAGE","BLOCK":"BONTH","DISTRICT":"BHADRAK"},"geometry":{"type":"Polygon","coordinates":[[[86.42015,21.2096],[86.42059,21.21206],[86.42169,21.21451],[86.4238,21.2212],[86.42422,21.22148],[86.42599,21.22159],[86.43639,21.21986],[86.436,21.21827],[86.43895,21.21609],[86.43807,21.20976],[86.43972,21.20958],[86.44039,21.20809],[86.43938,21.20602],[86.43894,21.2065],[86.43503,21.20858],[86.43241,21.20913],[86.43135,21.20891],[86.42849,21.20916],[86.42393,21.20683],[86.42393,21.20712],[86.42064,21.20885],[86.42015,21.2096]]]}},{"type":"Feature","properties":{"LCODE":"050210013001300004","LOCATION":"MULADIHA","V_TYPE":"VILLAGE","BLOCK":"BASUDEVPUR","DISTRICT":"BHADRAK"},"geometry":{"type":"Polygon","coordinates":[[[86.80835,21.20319],[86.80982,21.21068],[86.81464,21.21717],[86.81799,21.22061],[86.82022,21.22122],[86.82357,21.22131],[86.82539,21.22086],[86.82617,21.22025],[86.82639,21.21977],[86.82121,21.2198],[86.81904,21.21669],[86.81907,21.21617],[86.8196,21.2161],[86.81946,21.21472],[86.82036,21.2112],[86.82092,21.21036],[86.82264,21.20898],[86.8228,21.20783],[86.82084,21.20179],[86.81945,21.19912],[86.81912,21.19943],[86.81561,21.19981],[86.8117,21.20119],[86.81031,21.20127],[86.80925,21.20166],[86.80859,21.20227],[86.80835,21.20319]]]}},{"type":"Feature","properties":{"LCODE":"050180012001200008","LOCATION":"KANDABA","V_TYPE":"VILLAGE","BLOCK":"BONTH","DISTRICT":"BHADRAK"},"geometry":{"type":"Polygon","coordinates":[[[86.3806,21.21118],[86.38142,21.21578],[86.38398,21.21974],[86.38536,21.2209],[86.39462,21.21914],[86.39523,21.21913],[86.39626,21.2197],[86.39835,21.21935],[86.39738,21.21806],[86.39424,21.21218],[86.39268,21.21166],[86.3916,21.20891],[86.39087,21.20869],[86.38825,21.2087],[86.38408,21.20903],[86.3806,21.21118]]]}},{"type":"Feature","properties":{"LCODE":"050180012001200002","LOCATION":"PATAKANA","V_TYPE":"VILLAGE","BLOCK":"BONTH","DISTRICT":"BHADRAK"},"geometry":{"type":"Polygon","coordinates":[[[86.35284,21.20535],[86.35575,21.21025],[86.35539,21.21178],[86.35483,21.21273],[86.35551,21.21667],[86.35552,21.21968],[86.35641,21.21914],[86.35844,21.21668],[86.36081,21.2149],[86.3599,21.21399],[86.35972,21.21009],[86.3593,21.2091],[86.35725,21.20743],[86.35284,21.20535]]]}},{"type":"Feature","properties":{"LCODE":"050180012001200009","LOCATION":"SAHUPADA","V_TYPE":"VILLAGE","BLOCK":"BONTH","DISTRICT":"BHADRAK"},"geometry":{"type":"Polygon","coordinates":[[[86.39103,21.20874],[86.3916,21.20891],[86.39201,21.20952],[86.39268,21.21166],[86.39424,21.21218],[86.3949,21.2131],[86.39738,21.21806],[86.39835,21.21935],[86.39987,21.219],[86.40263,21.21933],[86.40403,21.21916],[86.40826,21.21943],[86.40947,21.21804],[86.40858,21.21692],[86.40849,21.2163],[86.40752,21.21692],[86.40694,21.21693],[86.40637,21.21655],[86.4052,21.21342],[86.40477,21.20868],[86.40443,21.20792],[86.40395,21.20746],[86.40083,21.20641],[86.40017,21.20496],[86.40031,21.20256],[86.39737,21.20146],[86.39617,21.20028],[86.39595,21.20104],[86.39223,21.20461],[86.39297,21.20546],[86.39339,21.20661],[86.39209,21.20837],[86.39103,21.20874]]]}},{"type":"Feature","properties":{"LCODE":"050180012001200011","LOCATION":"TULIPADA","V_TYPE":"VILLAGE","BLOCK":"BONTH","DISTRICT":"BHADRAK"},"geometry":{"type":"Polygon","coordinates":[[[86.40247,21.2023],[86.40327,21.20349],[86.40557,21.20577],[86.40591,21.20722],[86.40771,21.20943],[86.40797,21.21019],[86.40799,21.21302],[86.40873,21.21478],[86.40858,21.21692],[86.40947,21.21804],[86.4102,21.21679],[86.41001,21.21438],[86.41264,21.21369],[86.41282,21.21243],[86.41373,21.21111],[86.41391,21.20842],[86.41544,21.2079],[86.4158,21.20721],[86.41432,21.2058],[86.41285,21.20627],[86.41048,21.20773],[86.40926,21.20789],[86.40828,21.20706],[86.40678,21.20378],[86.40447,21.20027],[86.40414,21.20011],[86.40374,21.20104],[86.40247,21.2023]]]}},{"type":"Feature","properties":{"LCODE":"050210013001300002","LOCATION":"JAGANNATHPUR","V_TYPE":"VILLAGE","BLOCK":"BASUDEVPUR","DISTRICT":"BHADRAK"},"geometry":{"type":"Polygon","coordinates":[[[86.77433,21.2064],[86.77962,21.21225],[86.78166,21.21362],[86.78338,21.214],[86.78484,21.21499],[86.78689,21.21522],[86.78836,21.21698],[86.78934,21.21766],[86.79015,21.21782],[86.79081,21.21567],[86.79432,21.21529],[86.79668,21.21452],[86.79677,21.21398],[86.79374,21.20978],[86.7935,21.20642],[86.79137,21.20183],[86.78941,21.19946],[86.78516,21.20069],[86.78076,21.20276],[86.77733,21.20514],[86.77433,21.2064]]]}},{"type":"Feature","properties":{"LCODE":"050180012001200010","LOCATION":"MARKANDAPUR","V_TYPE":"VILLAGE","BLOCK":"BONTH","DISTRICT":"BHADRAK"},"geometry":{"type":"Polygon","coordinates":[[[86.40016,21.20359],[86.40034,21.20573],[86.40083,21.20641],[86.40395,21.20746],[86.40443,21.20792],[86.40477,21.20868],[86.4052,21.21342],[86.40637,21.21655],[86.40694,21.21693],[86.40809,21.21662],[86.40849,21.2163],[86.40873,21.21478],[86.40799,21.21302],[86.40797,21.21019],[86.40771,21.20943],[86.40591,21.20722],[86.40557,21.20577],[86.40327,21.20349],[86.40247,21.2023],[86.40031,21.20256],[86.40016,21.20359]]]}},{"type":"Feature","properties":{"LCODE":"050210013001300005","LOCATION":"MOHANPUR","V_TYPE":"VILLAGE","BLOCK":"BASUDEVPUR","DISTRICT":"BHADRAK"},"geometry":{"type":"Polygon","coordinates":[[[86.81599,21.1923],[86.81741,21.19591],[86.81921,21.19851],[86.82084,21.20179],[86.8228,21.20783],[86.82264,21.20898],[86.82092,21.21036],[86.82036,21.2112],[86.81946,21.21472],[86.8196,21.2161],[86.82161,21.21587],[86.82269,21.21502],[86.82176,21.21436],[86.82224,21.21339],[86.82294,21.21282],[86.82514,21.214],[86.82747,21.21375],[86.82819,21.21324],[86.82859,21.21231],[86.82974,21.21099],[86.82884,21.20775],[86.82974,21.2053],[86.83056,21.20446],[86.83121,21.20308],[86.8317,21.20094],[86.83088,21.19849],[86.82851,21.19605],[86.82793,21.1949],[86.82549,21.19193],[86.82304,21.18512],[86.8223,21.18245],[86.8237,21.17604],[86.82025,21.17717],[86.81756,21.17893],[86.81699,21.18047],[86.81724,21.18368],[86.81928,21.18895],[86.81994,21.1914],[86.81928,21.19247],[86.81822,21.19262],[86.81599,21.1923]]]}},{"type":"Feature","properties":{"LCODE":"050180012001200001","LOCATION":"RAUTURAPUR","V_TYPE":"VILLAGE","BLOCK":"BONTH","DISTRICT":"BHADRAK"},"geometry":{"type":"Polygon","coordinates":[[[86.34985,21.19372],[86.35005,21.19453],[86.35115,21.196],[86.35104,21.19856],[86.35271,21.20511],[86.35725,21.20743],[86.3593,21.2091],[86.35972,21.21009],[86.3599,21.21399],[86.36031,21.2146],[86.36081,21.2149],[86.36163,21.21444],[86.36366,21.21229],[86.36447,21.21182],[86.367,21.21187],[86.36784,21.21134],[86.36806,21.21058],[86.3708,21.20679],[86.36861,21.20568],[86.36671,21.20363],[86.3653,21.2005],[86.36398,21.19829],[86.36275,21.19684],[86.36175,21.19224],[86.35953,21.19189],[86.35722,21.1909],[86.35593,21.19138],[86.35217,21.19185],[86.35036,21.19246],[86.34985,21.19372]]]}},{"type":"Feature","properties":{"LCODE":"050180012001200007","LOCATION":"BERHAMPUR","V_TYPE":"VILLAGE","BLOCK":"BONTH","DISTRICT":"BHADRAK"},"geometry":{"type":"Polygon","coordinates":[[[86.37962,21.20978],[86.38024,21.21028],[86.3806,21.21118],[86.38408,21.20903],[86.38781,21.20873],[86.3852,21.20505],[86.38307,21.20376],[86.38197,21.20341],[86.38113,21.20813],[86.37962,21.20978]]]}},{"type":"Feature","properties":{"LCODE":"05021001300130CST","LOCATION":"SEA COAST","V_TYPE":"SAND","BLOCK":"BASUDEVPUR","DISTRICT":"BHADRAK"},"geometry":{"type":"Polygon","coordinates":[[[86.81513,21.1384],[86.81664,21.13917],[86.81958,21.14001],[86.82276,21.14001],[86.82464,21.14108],[86.82603,21.1423],[86.82726,21.14436],[86.82742,21.14536],[86.82635,21.14719],[86.82619,21.14803],[86.8275,21.15178],[86.82775,21.15331],[86.82767,21.15904],[86.82629,21.1647],[86.8258,21.16853],[86.82539,21.16998],[86.82425,21.1722],[86.82384,21.17556],[86.82319,21.17755],[86.8223,21.18245],[86.82549,21.19193],[86.82793,21.1949],[86.82851,21.19605],[86.83088,21.19849],[86.8317,21.20094],[86.83121,21.20308],[86.83056,21.20446],[86.82974,21.2053],[86.82884,21.20775],[86.82974,21.21099],[86.83133,21.20832],[86.83319,21.20747],[86.83488,21.20565],[86.83686,21.20549],[86.8392,21.20477],[86.84202,21.20323],[86.84348,21.20295],[86.84512,21.20344],[86.84824,21.20561],[86.85722,21.20959],[86.85808,21.20753],[86.85863,21.20485],[86.85808,21.20329],[86.85476,21.19794],[86.85162,21.19415],[86.8471,21.18687],[86.84489,21.18171],[86.84387,21.17433],[86.84425,21.16049],[86.84378,21.15265],[86.84387,21.14454],[86.84314,21.13993],[86.84415,21.12407],[86.84443,21.12158],[86.84517,21.11927],[86.84608,21.11374],[86.8483,21.10488],[86.85023,21.09474],[86.8531,21.08662],[86.86324,21.0668],[86.86859,21.05278],[86.87108,21.04771],[86.87357,21.04365],[86.87643,21.03987],[86.88113,21.0323],[86.88639,21.02493],[86.88897,21.02188],[86.89349,21.01524],[86.89487,21.01414],[86.89616,21.01257],[86.9017,21.0015],[86.90262,21.00021],[86.90308,20.99911],[86.90336,20.99625],[86.9052,20.99366],[86.90659,20.99053],[86.90862,20.98417],[86.9099,20.98232],[86.9111,20.97974],[86.9124,20.9755],[86.91373,20.97282],[86.90661,20.97116],[86.89442,20.96751],[86.89118,20.97044],[86.88994,20.97204],[86.88883,20.97502],[86.88813,20.978],[86.88449,20.98708],[86.88374,20.98822],[86.88272,20.99074],[86.8797,20.99623],[86.8776,20.99887],[86.87676,21.00072],[86.8735,21.0039],[86.87122,21.00764],[86.86608,21.0211],[86.86226,21.03218],[86.85721,21.04426],[86.85387,21.05321],[86.84834,21.06346],[86.84369,21.07477],[86.84068,21.08089],[86.83864,21.088],[86.8375,21.08946],[86.83669,21.09114],[86.83627,21.09244],[86.83604,21.09496],[86.8353,21.09672],[86.83416,21.10108],[86.83229,21.10605],[86.82944,21.11569],[86.82814,21.12593],[86.82741,21.12838],[86.82325,21.13397],[86.82007,21.13657],[86.81513,21.1384]]]}},{"type":"Feature","properties":{"LCODE":"050180012001200006","LOCATION":"BADAHATRILOCHANPUR","V_TYPE":"VILLAGE","BLOCK":"BONTH","DISTRICT":"BHADRAK"},"geometry":{"type":"Polygon","coordinates":[[[86.36942,21.20892],[86.37053,21.20962],[86.3728,21.21013],[86.37489,21.21009],[86.37543,21.20893],[86.37746,21.209],[86.37962,21.20978],[86.38113,21.20813],[86.38147,21.20625],[86.37955,21.20649],[86.37631,21.20508],[86.37373,21.20527],[86.3708,21.20679],[86.36942,21.20892]]]}},{"type":"Feature","properties":{"LCODE":"050180012001200014","LOCATION":"SANASANDADO","V_TYPE":"VILLAGE","BLOCK":"BONTH","DISTRICT":"BHADRAK"},"geometry":{"type":"Polygon","coordinates":[[[86.42117,21.20324],[86.42344,21.20644],[86.42759,21.20878],[86.42849,21.20916],[86.43135,21.20891],[86.43241,21.20913],[86.43503,21.20858],[86.43894,21.2065],[86.43938,21.20602],[86.43879,21.20427],[86.44006,21.20329],[86.4416,21.20302],[86.43924,21.20275],[86.43703,21.20131],[86.43465,21.20132],[86.43236,21.20004],[86.42999,21.19959],[86.42622,21.20038],[86.42524,21.19977],[86.42407,21.19745],[86.4227,21.19834],[86.42197,21.19949],[86.42117,21.20324]]]}},{"type":"Feature","properties":{"LCODE":"050180012001200028","LOCATION":"TIKARA","V_TYPE":"VILLAGE","BLOCK":"BONTH","DISTRICT":"BHADRAK"},"geometry":{"type":"Polygon","coordinates":[[[86.38197,21.20341],[86.38307,21.20376],[86.3852,21.20505],[86.38781,21.20873],[86.39103,21.20874],[86.39209,21.20837],[86.39339,21.20661],[86.39297,21.20546],[86.39198,21.20432],[86.38624,21.20076],[86.38534,21.20061],[86.3833,21.20147],[86.38197,21.20341]]]}},{"type":"Feature","properties":{"LCODE":"050210013001300006","LOCATION":"PADHUAN","V_TYPE":"VILLAGE","BLOCK":"BASUDEVPUR","DISTRICT":"BHADRAK"},"geometry":{"type":"Polygon","coordinates":[[[86.76796,21.20374],[86.7691,21.20538],[86.76984,21.20815],[86.77129,21.2079],[86.77357,21.20659],[86.77733,21.20514],[86.78076,21.20276],[86.78516,21.20069],[86.78892,21.19954],[86.78941,21.19946],[86.79137,21.20183],[86.79308,21.20558],[86.79668,21.20404],[86.79888,21.20228],[86.80206,21.20174],[86.8046,21.20059],[86.80786,21.20112],[86.80884,21.20189],[86.81561,21.19981],[86.81912,21.19943],[86.81937,21.19897],[86.81741,21.19591],[86.81618,21.19247],[86.81348,21.19079],[86.81291,21.18858],[86.81104,21.18682],[86.8085,21.18896],[86.80418,21.19386],[86.80255,21.19432],[86.80182,21.19417],[86.80043,21.1931],[86.79814,21.1928],[86.79553,21.19334],[86.79367,21.19334],[86.79292,21.19426],[86.78985,21.19487],[86.78941,21.19533],[86.78443,21.19763],[86.78174,21.19855],[86.77569,21.1998],[86.77496,21.20047],[86.76796,21.20374]]]}},{"type":"Feature","properties":{"LCODE":"050180012001200021","LOCATION":"GOPINATHPUR","V_TYPE":"VILLAGE","BLOCK":"BONTH","DISTRICT":"BHADRAK"},"geometry":{"type":"Polygon","coordinates":[[[86.40254,21.19249],[86.40257,21.19547],[86.40414,21.20011],[86.40562,21.2018],[86.40861,21.20744],[86.40926,21.20789],[86.40992,21.20789],[86.41122,21.20742],[86.41351,21.20596],[86.41467,21.20589],[86.41456,21.20503],[86.41521,21.20344],[86.4129,21.2],[86.41345,21.1977],[86.4122,21.19419],[86.41196,21.19366],[86.409,21.19176],[86.40702,21.18902],[86.40718,21.18818],[86.40921,21.18671],[86.41044,21.18633],[86.40944,21.18358],[86.40804,21.18229],[86.40674,21.18245],[86.40608,21.18306],[86.40558,21.18381],[86.40399,21.18904],[86.40254,21.19249]]]}},{"type":"Feature","properties":{"LCODE":"050180012001200019","LOCATION":"PANICHATRA","V_TYPE":"VILLAGE","BLOCK":"BONTH","DISTRICT":"BHADRAK"},"geometry":{"type":"Polygon","coordinates":[[[86.41456,21.20503],[86.41457,21.20572],[86.4158,21.20721],[86.41592,21.20687],[86.41647,21.20681],[86.41824,21.20749],[86.41989,21.20622],[86.42008,21.20321],[86.41895,21.20211],[86.41651,21.20265],[86.41512,21.2035],[86.41456,21.20503]]]}},{"type":"Feature","properties":{"LCODE":"050180012001200031","LOCATION":"PURUSANDHA","V_TYPE":"VILLAGE","BLOCK":"BONTH","DISTRICT":"BHADRAK"},"geometry":{"type":"Polygon","coordinates":[[[86.36175,21.19224],[86.36275,21.19684],[86.36398,21.19829],[86.3653,21.2005],[86.36671,21.20363],[86.36861,21.20568],[86.3708,21.20679],[86.37373,21.20527],[86.37482,21.20514],[86.37631,21.20508],[86.37955,21.20649],[86.38147,21.20625],[86.38184,21.20377],[86.38248,21.20243],[86.38199,21.20147],[86.38215,21.20056],[86.38353,21.19887],[86.38369,21.19795],[86.38342,21.19512],[86.38348,21.19053],[86.38265,21.18839],[86.38223,21.18534],[86.38131,21.18351],[86.38115,21.18202],[86.3809,21.18213],[86.38057,21.18183],[86.38023,21.18114],[86.38031,21.18038],[86.37933,21.17962],[86.37811,21.18031],[86.37729,21.18055],[86.3768,21.1804],[86.37433,21.17743],[86.3735,21.17575],[86.37301,21.17591],[86.37187,21.17706],[86.36892,21.1774],[86.36861,21.1783],[86.36625,21.18066],[86.36707,21.18091],[86.36732,21.18144],[86.36439,21.18307],[86.36349,21.18445],[86.36349,21.18476],[86.36432,21.18536],[86.36407,21.18597],[86.36441,21.18697],[86.36646,21.18887],[86.36639,21.18963],[86.36573,21.19002],[86.36385,21.19018],[86.36345,21.19095],[86.36346,21.19225],[86.36175,21.19224]]]}},{"type":"Feature","properties":{"LCODE":"050180012001200027","LOCATION":"SRIRAMPUR","V_TYPE":"VILLAGE","BLOCK":"BONTH","DISTRICT":"BHADRAK"},"geometry":{"type":"Polygon","coordinates":[[[86.38541,21.19992],[86.38559,21.20065],[86.38715,21.20129],[86.39223,21.20461],[86.39595,21.20104],[86.39617,21.20028],[86.39465,21.19872],[86.39194,21.19668],[86.39046,21.19653],[86.3868,21.19755],[86.3855,21.19916],[86.38541,21.19992]]]}},{"type":"Feature","properties":{"LCODE":"050210013001300008","LOCATION":"DAMODARPUR","V_TYPE":"VILLAGE","BLOCK":"BASUDEVPUR","DISTRICT":"BHADRAK"},"geometry":{"type":"Polygon","coordinates":[[[86.76582,21.19039],[86.76606,21.19092],[86.76745,21.19184],[86.76917,21.19184],[86.76949,21.19214],[86.76819,21.1936],[86.7681,21.19964],[86.76649,21.20222],[86.76785,21.20363],[86.76852,21.20354],[86.77554,21.20009],[86.77578,21.19871],[86.77504,21.19703],[86.77504,21.19642],[86.77561,21.19558],[86.77578,21.19451],[86.77512,21.19084],[86.77457,21.18977],[86.77226,21.19031],[86.77104,21.18878],[86.76704,21.18779],[86.76582,21.19039]]]}},{"type":"Feature","properties":{"LCODE":"050180012001200020","LOCATION":"RAJPUR","V_TYPE":"VILLAGE","BLOCK":"BONTH","DISTRICT":"BHADRAK"},"geometry":{"type":"Polygon","coordinates":[[[86.40702,21.18902],[86.409,21.19176],[86.41196,21.19366],[86.41337,21.19709],[86.41338,21.19823],[86.41289,21.19931],[86.4129,21.2],[86.41521,21.20344],[86.41651,21.20265],[86.41895,21.20211],[86.41854,21.20088],[86.41827,21.19653],[86.41702,21.19386],[86.41694,21.19317],[86.41736,21.19226],[86.41659,21.1885],[86.41642,21.18889],[86.41471,21.19005],[86.41349,21.19036],[86.41184,21.18915],[86.41028,21.18633],[86.40921,21.18671],[86.40718,21.18818],[86.40702,21.18902]]]}},{"type":"Feature","properties":{"LCODE":"050180012001200018","LOCATION":"BALIKANA","V_TYPE":"VILLAGE","BLOCK":"BONTH","DISTRICT":"BHADRAK"},"geometry":{"type":"Polygon","coordinates":[[[86.41694,21.19317],[86.41844,21.19736],[86.41871,21.20172],[86.42008,21.20321],[86.42037,21.20273],[86.42117,21.20324],[86.42197,21.19949],[86.4227,21.19834],[86.42407,21.19745],[86.42326,21.19596],[86.4203,21.19376],[86.41736,21.19226],[86.41694,21.19317]]]}},{"type":"Feature","properties":{"LCODE":"050180012001200015","LOCATION":"TELNATI","V_TYPE":"VILLAGE","BLOCK":"BONTH","DISTRICT":"BHADRAK"},"geometry":{"type":"Polygon","coordinates":[[[86.42674,21.19128],[86.427,21.19434],[86.42833,21.19662],[86.42908,21.19891],[86.43015,21.19967],[86.43236,21.20004],[86.43465,21.20132],[86.43703,21.20131],[86.43924,21.20275],[86.4416,21.20302],[86.44614,21.20143],[86.43987,21.19885],[86.43913,21.19816],[86.43905,21.1974],[86.43985,21.19587],[86.44368,21.19198],[86.44162,21.19253],[86.43978,21.19005],[86.43726,21.19168],[86.43546,21.19129],[86.43393,21.19051],[86.43304,21.19073],[86.43238,21.19159],[86.43178,21.19152],[86.43005,21.19066],[86.42921,21.18985],[86.42771,21.18954],[86.42714,21.18965],[86.42722,21.19028],[86.42674,21.19128]]]}},{"type":"Feature","properties":{"LCODE":"050180012001200025","LOCATION":"HARIPUR","V_TYPE":"VILLAGE","BLOCK":"BONTH","DISTRICT":"BHADRAK"},"geometry":{"type":"Polygon","coordinates":[[[86.39833,21.19878],[86.39842,21.20016],[86.39997,21.20254],[86.4026,21.20227],[86.40414,21.20035],[86.40414,21.19959],[86.4024,21.19539],[86.40125,21.19548],[86.39995,21.19632],[86.39833,21.19878]]]}},{"type":"Feature","properties":{"LCODE":"050180012001200026","LOCATION":"GHANTAGADIA","V_TYPE":"VILLAGE","BLOCK":"BONTH","DISTRICT":"BHADRAK"},"geometry":{"type":"Polygon","coordinates":[[[86.38737,21.18584],[86.38738,21.18676],[86.38779,21.18775],[86.3892,21.18897],[86.38954,21.19157],[86.39011,21.19256],[86.39234,21.19499],[86.39165,21.19665],[86.39465,21.19872],[86.39737,21.20146],[86.39997,21.20254],[86.39842,21.20016],[86.39834,21.19947],[86.39857,21.19824],[86.3998,21.1966],[86.39839,21.19503],[86.39731,21.19259],[86.39318,21.18581],[86.39268,21.18398],[86.39301,21.18306],[86.39283,21.18199],[86.39159,21.18047],[86.39118,21.17955],[86.3914,21.17893],[86.38898,21.17995],[86.38819,21.18096],[86.38882,21.18178],[86.38891,21.18262],[86.38737,21.18584]]]}},{"type":"Feature","properties":{"LCODE":"050180012001200029","LOCATION":"KUANSMADHIA","V_TYPE":"VILLAGE","BLOCK":"BONTH","DISTRICT":"BHADRAK"},"geometry":{"type":"Polygon","coordinates":[[[86.38115,21.18202],[86.38131,21.18351],[86.38223,21.18534],[86.38265,21.18839],[86.38348,21.19053],[86.38342,21.19512],[86.38369,21.19795],[86.38353,21.19887],[86.38215,21.20056],[86.38199,21.20147],[86.38248,21.20243],[86.3833,21.20147],[86.38559,21.20065],[86.3855,21.19916],[86.3868,21.19755],[86.39046,21.19653],[86.39165,21.19665],[86.39234,21.19499],[86.39011,21.19256],[86.38929,21.19065],[86.3892,21.18897],[86.38779,21.18775],[86.38738,21.18676],[86.38737,21.18584],[86.38891,21.18262],[86.38841,21.1811],[86.38604,21.18019],[86.38326,21.1799],[86.38211,21.18021],[86.38162,21.18068],[86.38115,21.18202]]]}},{"type":"Feature","properties":{"LCODE":"050210013001300009","LOCATION":"ARTUNG","V_TYPE":"VILLAGE","BLOCK":"BASUDEVPUR","DISTRICT":"BHADRAK"},"geometry":{"type":"Polygon","coordinates":[[[86.75991,21.19645],[86.76247,21.19707],[86.76649,21.20222],[86.7681,21.19964],[86.76819,21.1936],[86.76949,21.19214],[86.76917,21.19184],[86.76745,21.19184],[86.76606,21.19092],[86.76582,21.19039],[86.7663,21.18901],[86.76704,21.18779],[86.76753,21.18779],[86.76949,21.18855],[86.77104,21.18878],[86.77226,21.19031],[86.77457,21.18977],[86.77602,21.18533],[86.7765,21.18456],[86.7765,21.18081],[86.77879,21.17928],[86.77904,21.17882],[86.77854,21.17783],[86.77585,21.17737],[86.77477,21.17581],[86.77348,21.17595],[86.77266,21.17826],[86.77322,21.18001],[86.7726,21.18114],[86.77154,21.18164],[86.76923,21.1817],[86.76653,21.18264],[86.76391,21.18576],[86.7621,21.18695],[86.76185,21.18751],[86.76222,21.18832],[86.76385,21.18988],[86.76529,21.19232],[86.76016,21.19545],[86.75991,21.19645]]]}},{"type":"Feature","properties":{"LCODE":"050180012001200013","LOCATION":"PAHADPUR","V_TYPE":"VILLAGE","BLOCK":"BONTH","DISTRICT":"BHADRAK"},"geometry":{"type":"Polygon","coordinates":[[[86.43905,21.1974],[86.43913,21.19816],[86.43987,21.19885],[86.44614,21.20143],[86.44727,21.20074],[86.44787,21.19571],[86.44854,21.19411],[86.44737,21.19417],[86.44578,21.19229],[86.44505,21.19194],[86.44368,21.19198],[86.43985,21.19587],[86.43905,21.1974]]]}},{"type":"Feature","properties":{"LCODE":"050180012001200017","LOCATION":"CHAKARAPADHI","V_TYPE":"VILLAGE","BLOCK":"BONTH","DISTRICT":"BHADRAK"},"geometry":{"type":"Polygon","coordinates":[[[86.413,21.17767],[86.41317,21.17836],[86.41423,21.17866],[86.41497,21.17942],[86.41605,21.18163],[86.41681,21.18522],[86.41682,21.18797],[86.41659,21.1885],[86.41743,21.1924],[86.4203,21.19376],[86.42326,21.19596],[86.42565,21.20015],[86.42622,21.20038],[86.4277,21.20022],[86.42999,21.19959],[86.42908,21.19891],[86.42833,21.19662],[86.427,21.19434],[86.42674,21.19128],[86.42722,21.19028],[86.42615,21.1848],[86.42555,21.18494],[86.42425,21.18441],[86.42244,21.18305],[86.42186,21.1819],[86.41889,21.17825],[86.41602,21.17628],[86.41528,21.17598],[86.413,21.17767]]]}},{"type":"Feature","properties":{"LCODE":"050210013001300007","LOCATION":"JIREIGADI","V_TYPE":"VILLAGE","BLOCK":"BASUDEVPUR","DISTRICT":"BHADRAK"},"geometry":{"type":"Polygon","coordinates":[[[86.77504,21.19642],[86.77504,21.19703],[86.77578,21.19871],[86.77569,21.1998],[86.77708,21.19963],[86.78174,21.19855],[86.78443,21.19763],[86.78941,21.19533],[86.78998,21.19457],[86.78835,21.19319],[86.78574,21.19289],[86.78108,21.19435],[86.77667,21.19405],[86.77627,21.19428],[86.77504,21.19642]]]}},{"type":"Feature","properties":{"LCODE":"050180012001200024","LOCATION":"NARAJPUR","V_TYPE":"VILLAGE","BLOCK":"BONTH","DISTRICT":"BHADRAK"},"geometry":{"type":"Polygon","coordinates":[[[86.39118,21.17955],[86.39283,21.18199],[86.39301,21.18306],[86.39268,21.18398],[86.39318,21.18581],[86.39731,21.19259],[86.39839,21.19503],[86.3998,21.1966],[86.40125,21.19548],[86.40257,21.19547],[86.40254,21.19249],[86.40399,21.18904],[86.40558,21.18381],[86.40486,21.1836],[86.4038,21.1843],[86.40186,21.18752],[86.40047,21.18852],[86.39941,21.18868],[86.39859,21.18807],[86.39777,21.18678],[86.39577,21.1822],[86.39454,21.18014],[86.39388,21.17816],[86.39346,21.17778],[86.39207,21.17756],[86.39118,21.17955]]]}},{"type":"Feature","properties":{"LCODE":"050210013001300011","LOCATION":"SANKHARU","V_TYPE":"VILLAGE","BLOCK":"BASUDEVPUR","DISTRICT":"BHADRAK"},"geometry":{"type":"Polygon","coordinates":[[[86.77457,21.18977],[86.77512,21.19084],[86.7758,21.19499],[86.77667,21.19405],[86.78108,21.19435],[86.78574,21.19289],[86.78835,21.19319],[86.78982,21.19426],[86.78985,21.19487],[86.79055,21.19487],[86.79292,21.19426],[86.79373,21.19326],[86.79422,21.1912],[86.79365,21.18951],[86.79153,21.18715],[86.78989,21.18378],[86.78858,21.17744],[86.78744,21.1756],[86.78075,21.17783],[86.77899,21.17869],[86.77879,21.17928],[86.7765,21.18081],[86.77642,21.18464],[86.78206,21.18479],[86.78271,21.18723],[86.78361,21.18792],[86.78418,21.18891],[86.7841,21.19021],[86.78369,21.19083],[86.78304,21.1909],[86.77969,21.189],[86.77457,21.18977]]]}},{"type":"Feature","properties":{"LCODE":"050210013001300014","LOCATION":"KUMARPUR","V_TYPE":"VILLAGE","BLOCK":"BASUDEVPUR","DISTRICT":"BHADRAK"},"geometry":{"type":"Polygon","coordinates":[[[86.79168,21.18731],[86.79365,21.18951],[86.79414,21.19066],[86.79414,21.19173],[86.79367,21.19334],[86.7992,21.19287],[86.80043,21.1931],[86.80182,21.19417],[86.80337,21.19417],[86.80476,21.1934],[86.80777,21.18973],[86.81071,21.1869],[86.81062,21.18407],[86.8134,21.18177],[86.8134,21.181],[86.81217,21.18085],[86.81078,21.18124],[86.80972,21.18101],[86.80898,21.17879],[86.80491,21.17987],[86.80238,21.17979],[86.79968,21.17727],[86.79781,21.17758],[86.79691,21.17744],[86.7956,21.17904],[86.79618,21.18087],[86.79626,21.18209],[86.79585,21.18393],[86.79168,21.18731]]]}},{"type":"Feature","properties":{"LCODE":"050210013001300015","LOCATION":"KANTIPUR","V_TYPE":"VILLAGE","BLOCK":"BASUDEVPUR","DISTRICT":"BHADRAK"},"geometry":{"type":"Polygon","coordinates":[[[86.80653,21.16617],[86.80891,21.17436],[86.80932,21.17695],[86.80898,21.17879],[86.80972,21.18101],[86.81078,21.18124],[86.81217,21.18085],[86.8134,21.181],[86.8134,21.18177],[86.81062,21.18407],[86.81071,21.1869],[86.81128,21.18697],[86.81291,21.18858],[86.81324,21.19033],[86.8139,21.1911],[86.81599,21.1923],[86.81822,21.19262],[86.81928,21.19247],[86.81994,21.1914],[86.81928,21.18895],[86.81724,21.18368],[86.81699,21.18047],[86.81756,21.17893],[86.81862,21.17809],[86.82025,21.17717],[86.8237,21.17604],[86.82425,21.1722],[86.82539,21.16998],[86.8258,21.16853],[86.82629,21.1647],[86.82767,21.15904],[86.82775,21.15468],[86.82522,21.15469],[86.82261,21.15423],[86.81589,21.15513],[86.81225,21.16105],[86.8098,21.1635],[86.80653,21.16617]]]}},{"type":"Feature","properties":{"LCODE":"050180012001200038","LOCATION":"PANDADO","V_TYPE":"VILLAGE","BLOCK":"BONTH","DISTRICT":"BHADRAK"},"geometry":{"type":"Polygon","coordinates":[[[86.34444,21.18969],[86.34609,21.19045],[86.34639,21.1915],[86.34684,21.19169],[86.34998,21.19138],[86.35033,21.19157],[86.35036,21.19246],[86.35323,21.19162],[86.35593,21.19138],[86.35715,21.19099],[86.35772,21.19029],[86.35804,21.18914],[86.3581,21.1854],[86.35752,21.18418],[86.35547,21.18281],[86.353,21.1803],[86.35178,21.17962],[86.35079,21.17978],[86.34998,21.18047],[86.34958,21.18154],[86.3495,21.18269],[86.35008,21.18445],[86.34977,21.18621],[86.34928,21.18705],[86.347,21.18883],[86.34444,21.18969]]]}},{"type":"Feature","properties":{"LCODE":"050180012001200037","LOCATION":"NUAPOKHARI","V_TYPE":"VILLAGE","BLOCK":"BONTH","DISTRICT":"BHADRAK"},"geometry":{"type":"Polygon","coordinates":[[[86.35493,21.18221],[86.35752,21.18418],[86.3581,21.1854],[86.35804,21.18914],[86.35772,21.19029],[86.35722,21.1909],[86.35953,21.19189],[86.36321,21.19233],[86.36346,21.19225],[86.36345,21.19095],[86.36385,21.19018],[86.36573,21.19002],[86.36639,21.18963],[86.36646,21.18887],[86.36613,21.18833],[86.36441,21.18697],[86.36407,21.18597],[86.36432,21.18536],[86.36407,21.18506],[86.36169,21.18476],[86.35965,21.18416],[86.35569,21.18092],[86.35493,21.18221]]]}},{"type":"Feature","properties":{"LCODE":"050180012001200016","LOCATION":"ITUA","V_TYPE":"VILLAGE","BLOCK":"BONTH","DISTRICT":"BHADRAK"},"geometry":{"type":"Polygon","coordinates":[[[86.42615,21.1848],[86.42714,21.18965],[86.42861,21.1896],[86.43178,21.19152],[86.43238,21.19159],[86.43304,21.19073],[86.43393,21.19051],[86.43546,21.19129],[86.43726,21.19168],[86.43978,21.19005],[86.43825,21.18859],[86.43616,21.18546],[86.43444,21.18375],[86.42978,21.18056],[86.42922,21.17987],[86.42855,21.18034],[86.42719,21.18394],[86.42615,21.1848]]]}},{"type":"Feature","properties":{"LCODE":"050210013001300010","LOCATION":"AMAJIA","V_TYPE":"VILLAGE","BLOCK":"BASUDEVPUR","DISTRICT":"BHADRAK"},"geometry":{"type":"Polygon","coordinates":[[[86.77455,21.18969],[86.77512,21.18984],[86.77724,21.18923],[86.77969,21.189],[86.78304,21.1909],[86.78369,21.19083],[86.7841,21.19021],[86.78418,21.18891],[86.78361,21.18792],[86.78271,21.18723],[86.78206,21.18479],[86.77642,21.18464],[86.77455,21.18969]]]}},{"type":"Feature","properties":{"LCODE":"050180012001200022","LOCATION":"CHARIGAN","V_TYPE":"VILLAGE","BLOCK":"BONTH","DISTRICT":"BHADRAK"},"geometry":{"type":"Polygon","coordinates":[[[86.39857,21.16995],[86.39874,21.17248],[86.39982,21.174],[86.39999,21.17476],[86.40009,21.17797],[86.40223,21.18133],[86.40281,21.18193],[86.40404,21.18208],[86.40493,21.18123],[86.40549,21.17978],[86.40623,21.18],[86.40705,21.18092],[86.40723,21.18239],[86.40804,21.18229],[86.40944,21.18358],[86.41093,21.18785],[86.41184,21.18915],[86.41349,21.19036],[86.41471,21.19005],[86.41642,21.18889],[86.41682,21.18797],[86.4169,21.18659],[86.41664,21.184],[86.41605,21.18163],[86.41497,21.17942],[86.41423,21.17866],[86.41251,21.17813],[86.41112,21.17715],[86.40955,21.17509],[86.40807,21.1738],[86.40472,21.17275],[86.40331,21.17008],[86.40134,21.16825],[86.40158,21.1678],[86.40125,21.16772],[86.40002,21.16849],[86.39896,21.16873],[86.39857,21.16995]]]}},{"type":"Feature","properties":{"LCODE":"050180012001200039","LOCATION":"OLDANGA","V_TYPE":"VILLAGE","BLOCK":"BONTH","DISTRICT":"BHADRAK"},"geometry":{"type":"Polygon","coordinates":[[[86.33669,21.17923],[86.34079,21.17913],[86.34063,21.17994],[86.34402,21.18624],[86.34392,21.1868],[86.34213,21.18883],[86.34238,21.18916],[86.34444,21.18969],[86.347,21.18883],[86.34928,21.18705],[86.34977,21.18621],[86.35008,21.18445],[86.3495,21.18269],[86.34958,21.18154],[86.34998,21.18047],[86.35079,21.17978],[86.35178,21.17962],[86.353,21.1803],[86.35493,21.18221],[86.35569,21.18092],[86.35342,21.17761],[86.35225,21.17717],[86.3515,21.17549],[86.35069,21.17488],[86.34692,21.17544],[86.34538,21.17545],[86.34365,21.17492],[86.34299,21.17439],[86.34267,21.17378],[86.34274,21.17324],[86.34484,21.17232],[86.34331,21.17202],[86.34151,21.1721],[86.34029,21.17303],[86.33809,21.17403],[86.33728,21.17534],[86.33669,21.17923]]]}},{"type":"Feature","properties":{"LCODE":"050180012001200023","LOCATION":"BADAMAHISIGOTHA","V_TYPE":"VILLAGE","BLOCK":"BONTH","DISTRICT":"BHADRAK"},"geometry":{"type":"Polygon","coordinates":[[[86.39378,21.17807],[86.39777,21.18678],[86.39859,21.18807],[86.39941,21.18868],[86.40047,21.18852],[86.40186,21.18752],[86.4038,21.1843],[86.40486,21.1836],[86.40558,21.18381],[86.40674,21.18245],[86.40723,21.18239],[86.40705,21.18092],[86.40623,21.18],[86.40549,21.17978],[86.40493,21.18123],[86.40404,21.18208],[86.40281,21.18193],[86.40223,21.18133],[86.40009,21.17797],[86.39999,21.17476],[86.39982,21.174],[86.39919,21.17312],[86.39606,21.17494],[86.39549,21.17601],[86.39591,21.17708],[86.39567,21.17754],[86.3946,21.17731],[86.39378,21.17807]]]}},{"type":"Feature","properties":{"LCODE":"050210013001300013","LOCATION":"ANATIRA","V_TYPE":"VILLAGE","BLOCK":"BASUDEVPUR","DISTRICT":"BHADRAK"},"geometry":{"type":"Polygon","coordinates":[[[86.78924,21.18027],[86.78989,21.18378],[86.79168,21.18731],[86.79585,21.18393],[86.79626,21.18209],[86.79565,21.17888],[86.79114,21.17908],[86.78924,21.18027]]]}},{"type":"Feature","properties":{"LCODE":"050180012001200055","LOCATION":"ANIJO","V_TYPE":"VILLAGE","BLOCK":"BONTH","DISTRICT":"BHADRAK"},"geometry":{"type":"Polygon","coordinates":[[[86.41692,21.16862],[86.41901,21.17076],[86.41935,21.17244],[86.42026,21.17396],[86.42371,21.17662],[86.42355,21.17769],[86.42224,21.17838],[86.42216,21.17923],[86.42316,21.18098],[86.42308,21.18144],[86.42186,21.1819],[86.42244,21.18305],[86.42425,21.18441],[86.42555,21.18494],[86.42654,21.18471],[86.42719,21.18394],[86.42855,21.18034],[86.42922,21.17987],[86.42911,21.17948],[86.42947,21.17856],[86.43063,21.17747],[86.43264,21.17632],[86.43426,21.17609],[86.43326,21.17427],[86.42774,21.1688],[86.42527,21.16537],[86.42445,21.16492],[86.42323,21.165],[86.422,21.16638],[86.41923,21.16701],[86.41692,21.16862]]]}},{"type":"Feature","properties":{"LCODE":"050180012001200036","LOCATION":"DHANGHAR","V_TYPE":"VILLAGE","BLOCK":"BONTH","DISTRICT":"BHADRAK"},"geometry":{"type":"Polygon","coordinates":[[[86.35342,21.17761],[86.35521,21.18052],[86.35965,21.18416],[86.36169,21.18476],[86.36382,21.18492],[86.36349,21.18445],[86.36439,21.18307],[86.36732,21.18144],[86.36707,21.18091],[86.36658,21.18068],[86.36437,21.1807],[86.36355,21.1804],[86.36256,21.17856],[86.3623,21.17665],[86.35911,21.17545],[86.35706,21.17431],[86.35583,21.17455],[86.35413,21.17723],[86.35342,21.17761]]]}},{"type":"Feature","properties":{"LCODE":"050210013001300033","LOCATION":"DIKHITABINDHA","V_TYPE":"VILLAGE","BLOCK":"BASUDEVPUR","DISTRICT":"BHADRAK"},"geometry":{"type":"Polygon","coordinates":[[[86.70059,21.17997],[86.70141,21.182],[86.70233,21.18315],[86.70901,21.18323],[86.70927,21.18314],[86.70911,21.18222],[86.70816,21.18014],[86.70964,21.17847],[86.71024,21.17657],[86.70992,21.17633],[86.7086,21.17662],[86.70753,21.17791],[86.70614,21.17874],[86.70425,21.17782],[86.70148,21.17968],[86.70059,21.17997]]]}},{"type":"Feature","properties":{"LCODE":"050210013001300032","LOCATION":"RATANGA","V_TYPE":"VILLAGE","BLOCK":"BASUDEVPUR","DISTRICT":"BHADRAK"},"geometry":{"type":"Polygon","coordinates":[[[86.69913,21.16952],[86.70156,21.17248],[86.70341,21.17526],[86.70425,21.17782],[86.70614,21.17874],[86.70753,21.17791],[86.7086,21.17662],[86.70992,21.17633],[86.71024,21.17657],[86.70964,21.17847],[86.70816,21.18014],[86.70815,21.18052],[86.70879,21.18122],[86.70927,21.18314],[86.71365,21.1812],[86.71862,21.18032],[86.72072,21.17901],[86.72574,21.17827],[86.72572,21.17768],[86.7282,21.17313],[86.72569,21.1727],[86.7243,21.17299],[86.72324,21.17359],[86.71948,21.17347],[86.71489,21.16943],[86.71383,21.16919],[86.70983,21.16929],[86.70627,21.16756],[86.70415,21.16754],[86.69913,21.16952]]]}},{"type":"Feature","properties":{"LCODE":"050180012001200030","LOCATION":"APATIRASADANGI","V_TYPE":"VILLAGE","BLOCK":"BONTH","DISTRICT":"BHADRAK"},"geometry":{"type":"Polygon","coordinates":[[[86.37272,21.17492],[86.37622,21.17994],[86.37729,21.18055],[86.37933,21.17962],[86.38031,21.18038],[86.38023,21.18114],[86.3809,21.18213],[86.38123,21.18198],[86.38162,21.18068],[86.38211,21.18021],[86.38326,21.1799],[86.38604,21.18019],[86.38819,21.18096],[86.38898,21.17995],[86.3914,21.17893],[86.39199,21.17733],[86.39157,21.17626],[86.38992,21.17451],[86.38893,21.17283],[86.38785,21.16894],[86.38374,21.16398],[86.38178,21.16561],[86.38007,21.16661],[86.37827,21.16624],[86.37492,21.16771],[86.37444,21.16879],[86.37585,21.17176],[86.37585,21.17245],[86.37545,21.17322],[86.37272,21.17492]]]}},{"type":"Feature","properties":{"LCODE":"050180012001200052","LOCATION":"RAJNAGARMANGALPUR","V_TYPE":"VILLAGE","BLOCK":"BONTH","DISTRICT":"BHADRAK"},"geometry":{"type":"Polygon","coordinates":[[[86.40508,21.1667],[86.40509,21.16732],[86.40658,21.17037],[86.40888,21.17288],[86.41069,21.17409],[86.41233,21.17446],[86.41396,21.17445],[86.41495,21.17616],[86.41528,21.17598],[86.41602,21.17628],[86.41889,21.17825],[86.42186,21.1819],[86.42308,21.18144],[86.42316,21.18098],[86.42216,21.17923],[86.42224,21.17838],[86.42355,21.17769],[86.42371,21.17662],[86.42026,21.17396],[86.41935,21.17244],[86.41901,21.17076],[86.41692,21.16862],[86.41597,21.16871],[86.41474,21.16788],[86.41416,21.16719],[86.41341,21.16536],[86.4126,21.16567],[86.41087,21.16446],[86.40924,21.16454],[86.40834,21.16363],[86.40768,21.16348],[86.40694,21.16364],[86.40696,21.16524],[86.40656,21.16586],[86.40508,21.1667]]]}},{"type":"Feature","properties":{"LCODE":"050210013001300030","LOCATION":"SUAN","V_TYPE":"VILLAGE","BLOCK":"BASUDEVPUR","DISTRICT":"BHADRAK"},"geometry":{"type":"Polygon","coordinates":[[[86.73248,21.1703],[86.73272,21.17141],[86.73274,21.17617],[86.73325,21.17617],[86.73582,21.17952],[86.73923,21.18172],[86.74171,21.17996],[86.74531,21.18086],[86.74921,21.17857],[86.75051,21.1784],[86.7526,21.17711],[86.75841,21.17478],[86.75797,21.17342],[86.7565,21.17189],[86.74856,21.17167],[86.74657,21.17135],[86.74548,21.16804],[86.74507,21.16765],[86.74158,21.16631],[86.74094,21.16577],[86.74088,21.16293],[86.74056,21.16247],[86.73916,21.16414],[86.73843,21.16413],[86.73786,21.16366],[86.73698,21.16189],[86.7366,21.1602],[86.73587,21.15935],[86.73439,21.16063],[86.73437,21.16247],[86.73655,21.16433],[86.73711,21.16564],[86.73628,21.16647],[86.73382,21.16775],[86.73291,21.16896],[86.73248,21.1703]]]}},{"type":"Feature","properties":{"LCODE":"050180012001200056","LOCATION":"NARIPUR","V_TYPE":"VILLAGE","BLOCK":"BONTH","DISTRICT":"BHADRAK"},"geometry":{"type":"Polygon","coordinates":[[[86.42703,21.16778],[86.42774,21.1688],[86.43326,21.17427],[86.43426,21.17609],[86.43503,21.17631],[86.43791,21.17939],[86.44085,21.18081],[86.44244,21.18092],[86.44292,21.18069],[86.44366,21.17908],[86.44321,21.17496],[86.44382,21.17187],[86.4435,21.1701],[86.44276,21.1685],[86.44105,21.16719],[86.43522,21.16378],[86.43239,21.16594],[86.42822,21.16704],[86.42725,21.16742],[86.42703,21.16778]]]}},{"type":"Feature","properties":{"LCODE":"050170012001200010","LOCATION":"BELGADIA","V_TYPE":"VILLAGE","BLOCK":"BONTH","DISTRICT":"BHADRAK"},"geometry":{"type":"Polygon","coordinates":[[[86.31861,21.16994],[86.32091,21.17245],[86.32116,21.17321],[86.321,21.17404],[86.3222,21.17519],[86.32224,21.17595],[86.32127,21.17765],[86.32111,21.17865],[86.32126,21.17922],[86.32244,21.18072],[86.32325,21.18065],[86.3275,21.17892],[86.32755,21.17854],[86.3254,21.17571],[86.32541,21.17533],[86.32566,21.17529],[86.32685,21.1757],[86.32509,21.1738],[86.32467,21.1725],[86.32328,21.17251],[86.32262,21.17221],[86.32104,21.16899],[86.31918,21.16871],[86.31861,21.16994]]]}},{"type":"Feature","properties":{"LCODE":"050180012001200034","LOCATION":"NIRMALPUR","V_TYPE":"VILLAGE","BLOCK":"BONTH","DISTRICT":"BHADRAK"},"geometry":{"type":"Polygon","coordinates":[[[86.35542,21.17325],[86.35583,21.17455],[86.35706,21.17431],[86.35911,21.17545],[86.3623,21.17665],[86.36256,21.17856],[86.36298,21.17948],[86.36355,21.1804],[86.36437,21.1807],[86.36625,21.18066],[86.36885,21.17784],[86.36892,21.1774],[86.36811,21.17685],[86.36492,21.17656],[86.36434,21.17611],[86.3654,21.17488],[86.36515,21.17411],[86.36425,21.17351],[86.36408,21.17259],[86.36269,21.17252],[86.36162,21.17123],[86.35988,21.16689],[86.35662,21.16858],[86.35679,21.1698],[86.35638,21.17087],[86.35696,21.17148],[86.35542,21.17325]]]}},{"type":"Feature","properties":{"LCODE":"050210013001300017","LOCATION":"UHAR","V_TYPE":"VILLAGE","BLOCK":"BASUDEVPUR","DISTRICT":"BHADRAK"},"geometry":{"type":"Polygon","coordinates":[[[86.78719,21.1756],[86.78825,21.17667],[86.78924,21.18027],[86.7912,21.17904],[86.79234,21.17621],[86.79365,21.17583],[86.79691,21.17598],[86.79691,21.17744],[86.79781,21.17758],[86.79968,21.17727],[86.80099,21.17842],[86.80123,21.17444],[86.80222,21.17329],[86.80376,21.17275],[86.8067,21.17283],[86.80846,21.17252],[86.80662,21.16625],[86.80401,21.16664],[86.79951,21.16802],[86.79772,21.16932],[86.78867,21.17407],[86.78719,21.1756]]]}},{"type":"Feature","properties":{"LCODE":"050210013001300034","LOCATION":"MADHUSUDANPUR","V_TYPE":"VILLAGE","BLOCK":"BASUDEVPUR","DISTRICT":"BHADRAK"},"geometry":{"type":"Polygon","coordinates":[[[86.69472,21.1711],[86.69582,21.1722],[86.69621,21.17317],[86.69716,21.17423],[86.69936,21.176],[86.70016,21.17743],[86.70059,21.17997],[86.70148,21.17968],[86.70435,21.17772],[86.70341,21.17526],[86.70156,21.17248],[86.69913,21.16952],[86.69472,21.1711]]]}},{"type":"Feature","properties":{"LCODE":"050210013001300016","LOCATION":"BHATPARA","V_TYPE":"VILLAGE","BLOCK":"BASUDEVPUR","DISTRICT":"BHADRAK"},"geometry":{"type":"Polygon","coordinates":[[[86.80099,21.17559],[86.80099,21.17854],[86.80238,21.17979],[86.80491,21.17987],[86.80898,21.17879],[86.80915,21.17849],[86.80932,21.17695],[86.80846,21.17252],[86.8067,21.17283],[86.80458,21.17268],[86.80286,21.17291],[86.80164,21.17383],[86.80099,21.17559]]]}},{"type":"Feature","properties":{"LCODE":"050180012001200040","LOCATION":"KALAPAHAD","V_TYPE":"VILLAGE","BLOCK":"BONTH","DISTRICT":"BHADRAK"},"geometry":{"type":"Polygon","coordinates":[[[86.32861,21.17634],[86.33089,21.17728],[86.33207,21.17979],[86.33669,21.17923],[86.33728,21.17534],[86.33809,21.17403],[86.33874,21.17357],[86.34029,21.17303],[86.34151,21.1721],[86.34692,21.17222],[86.34682,21.17184],[86.34551,21.17101],[86.34502,21.17032],[86.34484,21.16765],[86.34459,21.16734],[86.34255,21.16766],[86.33897,21.16671],[86.33733,21.16861],[86.33545,21.16938],[86.33145,21.1717],[86.32861,21.17634]]]}},{"type":"Feature","properties":{"LCODE":"050210013001300012","LOCATION":"DAMADARPUR-II","V_TYPE":"VILLAGE","BLOCK":"BASUDEVPUR","DISTRICT":"BHADRAK"},"geometry":{"type":"Polygon","coordinates":[[[86.79114,21.17908],[86.79565,21.17888],[86.79683,21.17781],[86.79707,21.17636],[86.79691,21.17598],[86.79365,21.17583],[86.79234,21.17621],[86.79114,21.17908]]]}},{"type":"Feature","properties":{"LCODE":"050210013001300018","LOCATION":"DAMODARPUR-III","V_TYPE":"VILLAGE","BLOCK":"BASUDEVPUR","DISTRICT":"BHADRAK"},"geometry":{"type":"Polygon","coordinates":[[[86.77281,21.17273],[86.77328,21.17351],[86.77541,21.17483],[86.77566,21.17526],[86.77477,21.17581],[86.77544,21.17699],[86.77642,21.1776],[86.77854,21.17783],[86.77899,21.17869],[86.78165,21.17744],[86.78719,21.1756],[86.78768,21.17484],[86.78899,21.17396],[86.78622,21.17186],[86.78507,21.16956],[86.78458,21.1691],[86.78384,21.17048],[86.78246,21.17163],[86.78033,21.17255],[86.77789,21.17278],[86.77585,21.17194],[86.77428,21.17183],[86.77281,21.17273]]]}},{"type":"Feature","properties":{"LCODE":"050210013001300031","LOCATION":"BARANDUASAMILSUAN","V_TYPE":"VILLAGE","BLOCK":"BASUDEVPUR","DISTRICT":"BHADRAK"},"geometry":{"type":"Polygon","coordinates":[[[86.72571,21.17821],[86.72821,21.17789],[86.73274,21.17617],[86.73264,21.17049],[86.73151,21.1694],[86.73087,21.16955],[86.73158,21.17055],[86.73141,21.17093],[86.72995,21.17076],[86.72881,21.17151],[86.72755,21.17456],[86.72572,21.17768],[86.72571,21.17821]]]}},{"type":"Feature","properties":{"LCODE":"050180012001200051","LOCATION":"JASOBANTHPUR","V_TYPE":"VILLAGE","BLOCK":"BONTH","DISTRICT":"BHADRAK"},"geometry":{"type":"Polygon","coordinates":[[[86.40134,21.16825],[86.40331,21.17008],[86.40472,21.17275],[86.40807,21.1738],[86.40955,21.17509],[86.41112,21.17715],[86.41251,21.17813],[86.41312,21.17819],[86.413,21.17767],[86.41495,21.17616],[86.41396,21.17445],[86.41233,21.17446],[86.41069,21.17409],[86.40888,21.17288],[86.40658,21.17037],[86.40508,21.16692],[86.40394,21.16648],[86.40321,21.16656],[86.40247,21.16687],[86.40134,21.16825]]]}},{"type":"Feature","properties":{"LCODE":"050180012001200050","LOCATION":"BISALKANA","V_TYPE":"VILLAGE","BLOCK":"BONTH","DISTRICT":"BHADRAK"},"geometry":{"type":"Polygon","coordinates":[[[86.38374,21.16398],[86.38785,21.16894],[86.38893,21.17283],[86.38992,21.17451],[86.39157,21.17626],[86.39199,21.17733],[86.39185,21.17772],[86.39281,21.17763],[86.39378,21.17807],[86.3946,21.17731],[86.39567,21.17754],[86.39591,21.17708],[86.39549,21.17601],[86.39606,21.17494],[86.39919,21.17312],[86.39874,21.17248],[86.39857,21.17079],[86.39896,21.16873],[86.40002,21.16849],[86.40125,21.16772],[86.40158,21.1678],[86.40223,21.16741],[86.40247,21.16687],[86.40382,21.1665],[86.40082,21.16352],[86.39868,21.16231],[86.3977,21.16139],[86.39291,21.15537],[86.39178,21.15584],[86.39056,21.15822],[86.39008,21.15845],[86.38918,21.15815],[86.38876,21.15831],[86.38698,21.15969],[86.38568,21.16176],[86.38454,21.16131],[86.3843,21.16277],[86.38374,21.16398]]]}},{"type":"Feature","properties":{"LCODE":"050180012001200035","LOCATION":"GIRIDHARINAGAR","V_TYPE":"VILLAGE","BLOCK":"BONTH","DISTRICT":"BHADRAK"},"geometry":{"type":"Polygon","coordinates":[[[86.34267,21.17378],[86.34365,21.17492],[86.34538,21.17545],[86.35069,21.17488],[86.3515,21.17549],[86.35225,21.17717],[86.35315,21.1777],[86.35413,21.17723],[86.35583,21.17455],[86.35542,21.17325],[86.35558,21.17287],[86.35476,21.17287],[86.35329,21.17234],[86.34864,21.17428],[86.34749,21.17352],[86.34692,21.17222],[86.34396,21.17255],[86.34274,21.17324],[86.34267,21.17378]]]}},{"type":"Feature","properties":{"LCODE":"050180012001200033","LOCATION":"RAINTIRA","V_TYPE":"VILLAGE","BLOCK":"BONTH","DISTRICT":"BHADRAK"},"geometry":{"type":"Polygon","coordinates":[[[86.35988,21.16689],[86.36162,21.17123],[86.36269,21.17252],[86.36408,21.17259],[86.36425,21.17351],[86.36515,21.17411],[86.3654,21.17488],[86.36434,21.17611],[86.36492,21.17656],[86.36811,21.17685],[86.36877,21.17738],[86.36942,21.17746],[86.37187,21.17706],[86.37321,21.17584],[86.37243,21.17438],[86.37046,21.17271],[86.36823,21.16966],[86.36658,21.16715],[86.366,21.1657],[86.36477,21.16405],[86.36354,21.16433],[86.36102,21.16634],[86.35988,21.16689]]]}},{"type":"Feature","properties":{"LCODE":"050170012001200011","LOCATION":"ADHALPANKA","V_TYPE":"VILLAGE","BLOCK":"BONTH","DISTRICT":"BHADRAK"},"geometry":{"type":"Polygon","coordinates":[[[86.32089,21.16862],[86.32262,21.17221],[86.32328,21.17251],[86.32467,21.1725],[86.32509,21.1738],[86.32685,21.1757],[86.32861,21.17634],[86.33122,21.17207],[86.32956,21.16987],[86.32915,21.16873],[86.32905,21.16529],[86.32871,21.1643],[86.32536,21.16309],[86.3243,21.16348],[86.32397,21.16369],[86.32481,21.16677],[86.32473,21.16753],[86.32407,21.16799],[86.32138,21.16816],[86.32089,21.16862]]]}},{"type":"Feature","properties":{"LCODE":"050170012001200003","LOCATION":"MANDHARPUR","V_TYPE":"VILLAGE","BLOCK":"BONTH","DISTRICT":"BHADRAK"},"geometry":{"type":"Polygon","coordinates":[[[86.28796,21.16999],[86.29204,21.17148],[86.29265,21.17445],[86.2931,21.17526],[86.29749,21.17474],[86.30003,21.17409],[86.30109,21.17422],[86.30136,21.17521],[86.30202,21.17531],[86.30647,21.17337],[86.30678,21.17299],[86.30632,21.16992],[86.30544,21.16978],[86.30447,21.17055],[86.30365,21.17078],[86.30193,21.17041],[86.30128,21.16995],[86.29913,21.16661],[86.29539,21.16907],[86.29408,21.16908],[86.29343,21.16939],[86.29137,21.16879],[86.29089,21.16886],[86.29008,21.16956],[86.28796,21.16999]]]}},{"type":"Feature","properties":{"LCODE":"050180012001200032","LOCATION":"MUNDULI(MANDULI)","V_TYPE":"VILLAGE","BLOCK":"BONTH","DISTRICT":"BHADRAK"},"geometry":{"type":"Polygon","coordinates":[[[86.36476,21.16364],[86.36477,21.16417],[86.366,21.1657],[86.36658,21.16715],[86.36823,21.16966],[86.37046,21.17271],[86.37243,21.17438],[86.37272,21.17492],[86.37545,21.17322],[86.37585,21.17245],[86.37585,21.17176],[86.37444,21.16879],[86.37492,21.16718],[86.37385,21.16535],[86.36977,21.16743],[86.36896,21.16752],[86.36772,21.16653],[86.36788,21.16561],[86.36845,21.16484],[86.36749,21.16289],[86.36574,21.16287],[86.36476,21.16364]]]}},{"type":"Feature","properties":{"LCODE":"050210013001300029","LOCATION":"SUDARSANPUR","V_TYPE":"VILLAGE","BLOCK":"BASUDEVPUR","DISTRICT":"BHADRAK"},"geometry":{"type":"Polygon","coordinates":[[[86.74069,21.16265],[86.74094,21.16577],[86.74158,21.16631],[86.74507,21.16765],[86.74548,21.16804],[86.74657,21.17135],[86.74856,21.17167],[86.7565,21.17189],[86.75797,21.17342],[86.75841,21.17478],[86.76366,21.17274],[86.76725,21.17169],[86.76711,21.17073],[86.76736,21.17012],[86.76842,21.16889],[86.77242,21.16743],[86.77397,21.16636],[86.77495,21.16544],[86.77552,21.16422],[86.77601,21.16062],[86.77568,21.15978],[86.77511,21.15948],[86.77421,21.15971],[86.77339,21.16024],[86.77225,21.16246],[86.77127,21.16361],[86.76891,21.16468],[86.76744,21.16453],[86.76662,21.16362],[86.75857,21.14859],[86.75323,21.15116],[86.75023,21.15133],[86.74908,21.15209],[86.7466,21.1552],[86.74422,21.15662],[86.74437,21.15731],[86.74412,21.15792],[86.74204,21.16142],[86.74069,21.16265]],[[86.75259,21.16363],[86.75356,21.16133],[86.75478,21.15973],[86.75674,21.15835],[86.75821,21.15789],[86.75887,21.15796],[86.76001,21.15949],[86.76067,21.1627],[86.7614,21.16477],[86.76148,21.16699],[86.76107,21.16966],[86.76026,21.17012],[86.75952,21.17012],[86.75658,21.16929],[86.75332,21.16661],[86.75259,21.16363]]]}},{"type":"Feature","properties":{"LCODE":"050170012001200009","LOCATION":"TAIGUNA","V_TYPE":"VILLAGE","BLOCK":"BONTH","DISTRICT":"BHADRAK"},"geometry":{"type":"Polygon","coordinates":[[[86.31255,21.16934],[86.3144,21.17043],[86.31912,21.17454],[86.321,21.17404],[86.32116,21.17321],[86.32091,21.17245],[86.31861,21.16994],[86.31877,21.16932],[86.31918,21.16871],[86.32104,21.16899],[86.32089,21.16862],[86.32138,21.16816],[86.32449,21.16784],[86.32481,21.16677],[86.32397,21.16369],[86.32339,21.16364],[86.32282,21.1631],[86.32191,21.15967],[86.32133,21.1589],[86.31994,21.15883],[86.31717,21.16053],[86.31668,21.16058],[86.31718,21.16199],[86.31678,21.16436],[86.31532,21.16643],[86.31255,21.16934]]]}},{"type":"Feature","properties":{"LCODE":"050180012001200042","LOCATION":"ADIA","V_TYPE":"VILLAGE","BLOCK":"BONTH","DISTRICT":"BHADRAK"},"geometry":{"type":"Polygon","coordinates":[[[86.33897,21.16671],[86.34255,21.16766],[86.34459,21.16734],[86.34484,21.16765],[86.34502,21.17032],[86.34551,21.17101],[86.34682,21.17184],[86.34749,21.17352],[86.34864,21.17428],[86.35329,21.17234],[86.35476,21.17287],[86.35558,21.17287],[86.35696,21.17148],[86.35638,21.17087],[86.35679,21.1698],[86.35662,21.16858],[86.35465,21.16782],[86.35342,21.16684],[86.35154,21.16708],[86.34991,21.16777],[86.34885,21.16747],[86.34818,21.16633],[86.34826,21.16549],[86.34883,21.16472],[86.35176,21.16348],[86.35192,21.16279],[86.35043,21.1602],[86.34614,21.15581],[86.34372,21.15779],[86.34217,21.1581],[86.34152,21.15941],[86.34079,21.16002],[86.33977,21.16035],[86.34047,21.16071],[86.34088,21.16132],[86.34097,21.16216],[86.33935,21.1647],[86.33927,21.16615],[86.33897,21.16671]]]}},{"type":"Feature","properties":{"LCODE":"050210013001300022","LOCATION":"NUAGAN","V_TYPE":"VILLAGE","BLOCK":"BASUDEVPUR","DISTRICT":"BHADRAK"},"geometry":{"type":"Polygon","coordinates":[[[86.78423,21.16516],[86.78458,21.1691],[86.78507,21.16956],[86.78622,21.17186],[86.78899,21.17396],[86.79772,21.16932],[86.79951,21.16802],[86.80401,21.16664],[86.80653,21.16617],[86.8098,21.1635],[86.81225,21.16105],[86.81589,21.15513],[86.81248,21.15562],[86.81004,21.15562],[86.80555,21.15708],[86.80423,21.15723],[86.80473,21.15792],[86.80482,21.15891],[86.80457,21.16029],[86.80384,21.16136],[86.79829,21.16351],[86.79682,21.16381],[86.79491,21.16364],[86.79356,21.16428],[86.79089,21.16389],[86.78423,21.16516]]]}},{"type":"Feature","properties":{"LCODE":"050210013001300035","LOCATION":"BARANDUA","V_TYPE":"VILLAGE","BLOCK":"BASUDEVPUR","DISTRICT":"BHADRAK"},"geometry":{"type":"Polygon","coordinates":[[[86.69293,21.16746],[86.69472,21.1711],[86.70415,21.16754],[86.70627,21.16756],[86.70983,21.16929],[86.71383,21.16919],[86.71489,21.16943],[86.71948,21.17347],[86.72258,21.17366],[86.72569,21.1727],[86.7282,21.17313],[86.72881,21.17151],[86.72929,21.17106],[86.73061,21.17069],[86.73141,21.17093],[86.73158,21.17055],[86.73087,21.16955],[86.73111,21.16932],[86.73257,21.17026],[86.73291,21.16896],[86.73382,21.16775],[86.73628,21.16647],[86.73711,21.16564],[86.73655,21.16433],[86.73437,21.16247],[86.73439,21.16063],[86.7348,21.16026],[86.73456,21.16018],[86.72388,21.16004],[86.72349,21.15978],[86.71833,21.16089],[86.71377,21.16023],[86.7107,21.15797],[86.7085,21.15809],[86.7063,21.15784],[86.70238,21.15825],[86.70058,21.15884],[86.6986,21.16088],[86.69677,21.164],[86.69496,21.16528],[86.69293,21.16746]]]}},{"type":"Feature","properties":{"LCODE":"050210013001300019","LOCATION":"ISWARPUR","V_TYPE":"VILLAGE","BLOCK":"BASUDEVPUR","DISTRICT":"BHADRAK"},"geometry":{"type":"Polygon","coordinates":[[[86.77423,21.17197],[86.77585,21.17194],[86.77863,21.17286],[86.78156,21.17217],[86.78246,21.17163],[86.78384,21.17048],[86.78458,21.1691],[86.78423,21.16516],[86.78099,21.16582],[86.77585,21.16797],[86.7753,21.16842],[86.77544,21.16973],[86.77423,21.17197]]]}},{"type":"Feature","properties":{"LCODE":"050210013001300020","LOCATION":"BAINCHA","V_TYPE":"VILLAGE","BLOCK":"BASUDEVPUR","DISTRICT":"BHADRAK"},"geometry":{"type":"Polygon","coordinates":[[[86.76711,21.17073],[86.76725,21.17169],[86.76985,21.17083],[86.7711,21.17233],[86.77266,21.17195],[86.77281,21.17273],[86.77428,21.17183],[86.77544,21.16973],[86.77544,21.16888],[86.77519,21.16804],[86.77462,21.16743],[86.77344,21.16677],[86.77242,21.16743],[86.76842,21.16889],[86.76777,21.16943],[86.76711,21.17073]]]}},{"type":"Feature","properties":{"LCODE":"050170012001200012","LOCATION":"BADHIGADIA","V_TYPE":"VILLAGE","BLOCK":"BONTH","DISTRICT":"BHADRAK"},"geometry":{"type":"Polygon","coordinates":[[[86.32844,21.16417],[86.32871,21.1643],[86.32905,21.16529],[86.32915,21.16873],[86.32956,21.16987],[86.33122,21.17207],[86.33145,21.1717],[86.33545,21.16938],[86.33215,21.16366],[86.33146,21.16187],[86.32993,21.16253],[86.32844,21.16417]]]}},{"type":"Feature","properties":{"LCODE":"050170012001200004","LOCATION":"GOBINDPUR","V_TYPE":"VILLAGE","BLOCK":"BONTH","DISTRICT":"BHADRAK"},"geometry":{"type":"Polygon","coordinates":[[[86.29913,21.16661],[86.30128,21.16995],[86.30193,21.17041],[86.30365,21.17078],[86.30447,21.17055],[86.30544,21.16978],[86.30632,21.16992],[86.3064,21.1694],[86.30569,21.16886],[86.30544,21.16794],[86.30772,21.16655],[86.30779,21.16571],[86.30721,21.16426],[86.30753,21.16257],[86.30727,21.16013],[86.30512,21.16068],[86.30466,21.16175],[86.30199,21.16467],[86.29946,21.16614],[86.29913,21.16661]]]}},{"type":"Feature","properties":{"LCODE":"050210013001300028","LOCATION":"JAGANNATHI","V_TYPE":"VILLAGE","BLOCK":"BASUDEVPUR","DISTRICT":"BHADRAK"},"geometry":{"type":"Polygon","coordinates":[[[86.75259,21.16363],[86.75332,21.16661],[86.75658,21.16929],[86.75952,21.17012],[86.76026,21.17012],[86.76107,21.16966],[86.76148,21.16699],[86.7614,21.16477],[86.76067,21.1627],[86.76001,21.15949],[86.75887,21.15796],[86.75821,21.15789],[86.75674,21.15835],[86.75478,21.15973],[86.75356,21.16133],[86.75259,21.16363]]]}},{"type":"Feature","properties":{"LCODE":"050170012001200001","LOCATION":"SILANDI","V_TYPE":"VILLAGE","BLOCK":"BONTH","DISTRICT":"BHADRAK"},"geometry":{"type":"Polygon","coordinates":[[[86.28001,21.1555],[86.28526,21.1618],[86.2851,21.16275],[86.28392,21.1653],[86.28442,21.1663],[86.28765,21.16985],[86.29008,21.16956],[86.29089,21.16886],[86.29137,21.16879],[86.29343,21.16939],[86.29408,21.16908],[86.29539,21.16907],[86.29913,21.16661],[86.29724,21.16409],[86.29601,21.16203],[86.29575,21.16111],[86.29654,21.15544],[86.29646,21.15483],[86.29563,21.15369],[86.29572,21.15346],[86.2971,21.15337],[86.29824,21.15199],[86.29737,21.15057],[86.29692,21.15039],[86.29487,21.14811],[86.29347,21.14781],[86.29267,21.14972],[86.29095,21.15088],[86.28982,21.15119],[86.28752,21.15105],[86.28484,21.15237],[86.28001,21.1555]]]}},{"type":"Feature","properties":{"LCODE":"050210013001300046","LOCATION":"HARISARANBINDHA","V_TYPE":"VILLAGE","BLOCK":"BASUDEVPUR","DISTRICT":"BHADRAK"},"geometry":{"type":"Polygon","coordinates":[[[86.67146,21.16381],[86.67301,21.1668],[86.67601,21.16969],[86.67721,21.16977],[86.67812,21.16928],[86.68114,21.16955],[86.68123,21.16879],[86.68011,21.16663],[86.67616,21.16224],[86.6755,21.16374],[86.67411,21.1638],[86.67297,21.1634],[86.67146,21.16381]]]}},{"type":"Feature","properties":{"LCODE":"050210013001300045","LOCATION":"SANGRAMPUR","V_TYPE":"VILLAGE","BLOCK":"BASUDEVPUR","DISTRICT":"BHADRAK"},"geometry":{"type":"Polygon","coordinates":[[[86.67616,21.16224],[86.68011,21.16663],[86.68123,21.16879],[86.68114,21.16955],[86.68272,21.16908],[86.6859,21.16931],[86.68788,21.16737],[86.68417,21.16729],[86.68136,21.16427],[86.67855,21.16037],[86.67683,21.16123],[86.67625,21.16175],[86.67616,21.16224]]]}},{"type":"Feature","properties":{"LCODE":"050170012001200008","LOCATION":"KARANDIGADIA","V_TYPE":"VILLAGE","BLOCK":"BONTH","DISTRICT":"BHADRAK"},"geometry":{"type":"Polygon","coordinates":[[[86.30544,21.16794],[86.30569,21.16886],[86.3064,21.1694],[86.30663,21.16908],[86.30734,21.16895],[86.31255,21.16934],[86.31622,21.16536],[86.31678,21.16436],[86.31718,21.16199],[86.31569,21.1587],[86.31409,21.15711],[86.31339,21.15711],[86.3098,21.15851],[86.3073,21.16026],[86.30753,21.16257],[86.30721,21.16426],[86.30779,21.16571],[86.30772,21.16655],[86.30544,21.16794]]]}},{"type":"Feature","properties":{"LCODE":"050180012001200041","LOCATION":"BAHADALPUR","V_TYPE":"VILLAGE","BLOCK":"BONTH","DISTRICT":"BHADRAK"},"geometry":{"type":"Polygon","coordinates":[[[86.33146,21.16187],[86.33215,21.16366],[86.33545,21.16938],[86.33733,21.16861],[86.33887,21.16692],[86.33927,21.16615],[86.33935,21.1647],[86.34097,21.16216],[86.34088,21.16132],[86.34047,21.16071],[86.33977,21.16035],[86.33784,21.16027],[86.33662,21.15951],[86.3336,21.16098],[86.33197,21.16137],[86.33146,21.16187]]]}},{"type":"Feature","properties":{"LCODE":"050180012001200054","LOCATION":"PATPUR","V_TYPE":"VILLAGE","BLOCK":"BONTH","DISTRICT":"BHADRAK"},"geometry":{"type":"Polygon","coordinates":[[[86.41079,21.16369],[86.41087,21.16446],[86.41145,21.16506],[86.4126,21.16567],[86.41341,21.16536],[86.41416,21.16719],[86.41474,21.16788],[86.41597,21.16871],[86.41654,21.16878],[86.41777,21.16824],[86.41923,21.16701],[86.422,21.16638],[86.42258,21.16592],[86.42305,21.16513],[86.42257,21.16485],[86.42305,21.16324],[86.42303,21.16087],[86.42196,21.15851],[86.42105,21.15752],[86.41412,21.16031],[86.41234,21.16254],[86.41079,21.16369]]]}},{"type":"Feature","properties":{"LCODE":"050180012001200043","LOCATION":"PADI","V_TYPE":"VILLAGE","BLOCK":"BONTH","DISTRICT":"BHADRAK"},"geometry":{"type":"Polygon","coordinates":[[[86.34614,21.15581],[86.35043,21.1602],[86.35192,21.16279],[86.35176,21.16348],[86.34883,21.16472],[86.34826,21.16549],[86.34818,21.16633],[86.34885,21.16747],[86.34991,21.16777],[86.35154,21.16708],[86.35342,21.16684],[86.35465,21.16782],[86.35662,21.16858],[86.35882,21.16757],[86.3602,21.16649],[86.35886,21.16161],[86.35877,21.16023],[86.35705,21.1581],[86.35688,21.15695],[86.35728,21.15504],[86.35686,21.1545],[86.35465,21.15413],[86.35366,21.15269],[86.35219,21.15178],[86.35162,21.15201],[86.3513,21.15277],[86.35146,21.15407],[86.35114,21.15461],[86.34983,21.15469],[86.34853,21.15424],[86.34779,21.15448],[86.34614,21.15581]]]}},{"type":"Feature","properties":{"LCODE":"050210013001300024","LOCATION":"ERAM","V_TYPE":"VILLAGE","BLOCK":"BASUDEVPUR","DISTRICT":"BHADRAK"},"geometry":{"type":"Polygon","coordinates":[[[86.76701,21.16405],[86.76801,21.16476],[86.77021,21.16422],[86.77127,21.16361],[86.77225,21.16246],[86.77339,21.16024],[86.77511,21.15948],[86.77568,21.15978],[86.77601,21.16062],[86.77576,21.16338],[86.77495,21.16544],[86.77344,21.16677],[86.77462,21.16743],[86.7753,21.16842],[86.77715,21.16728],[86.7774,21.16605],[86.77837,21.1649],[86.77952,21.16398],[86.78221,21.16276],[86.78506,21.16222],[86.78784,21.16252],[86.79135,21.16405],[86.79356,21.16428],[86.79491,21.16364],[86.79453,21.16313],[86.79396,21.16084],[86.79453,21.15961],[86.79601,21.159],[86.80555,21.15708],[86.81004,21.15562],[86.81248,21.15562],[86.82261,21.15423],[86.82522,21.15469],[86.82775,21.15468],[86.8275,21.15178],[86.82685,21.1501],[86.82317,21.15087],[86.81599,21.1511],[86.80791,21.15272],[86.79893,21.15341],[86.79445,21.15326],[86.79053,21.15464],[86.78955,21.15442],[86.78873,21.15266],[86.78743,21.15212],[86.78564,21.15281],[86.78147,21.15549],[86.77911,21.15657],[86.77445,21.15864],[86.77348,21.15894],[86.77271,21.15877],[86.76964,21.16216],[86.76701,21.16405]]]}},{"type":"Feature","properties":{"LCODE":"050180012001200057","LOCATION":"BIRIDIHI","V_TYPE":"VILLAGE","BLOCK":"BONTH","DISTRICT":"BHADRAK"},"geometry":{"type":"Polygon","coordinates":[[[86.42105,21.15752],[86.42196,21.15851],[86.42303,21.16087],[86.42305,21.16324],[86.42257,21.16485],[86.42305,21.16513],[86.42445,21.16492],[86.42527,21.16537],[86.42703,21.16778],[86.42725,21.16742],[86.42822,21.16704],[86.43239,21.16594],[86.43522,21.16378],[86.43333,21.16333],[86.43168,21.16236],[86.4315,21.16191],[86.43121,21.16197],[86.43055,21.15945],[86.43067,21.15425],[86.43034,21.15349],[86.42977,21.15304],[86.42887,21.15289],[86.42805,21.1532],[86.42626,21.15466],[86.42464,21.15528],[86.42243,21.15568],[86.42113,21.15668],[86.42105,21.15752]]]}},{"type":"Feature","properties":{"LCODE":"050180012001200046","LOCATION":"BHAGARAM","V_TYPE":"VILLAGE","BLOCK":"BONTH","DISTRICT":"BHADRAK"},"geometry":{"type":"Polygon","coordinates":[[[86.3736,21.16546],[86.37385,21.16535],[86.3745,21.16626],[86.37492,21.16771],[86.37827,21.16624],[86.38007,21.16661],[86.38178,21.16561],[86.38357,21.16422],[86.38406,21.16353],[86.38477,21.16047],[86.38574,21.15901],[86.38533,21.15733],[86.38226,21.15494],[86.38107,21.15598],[86.37813,21.15645],[86.37361,21.1579],[86.37514,21.16351],[86.3749,21.16412],[86.3736,21.16546]]]}},{"type":"Feature","properties":{"LCODE":"050180012001200045","LOCATION":"JAGANNATHPUR","V_TYPE":"VILLAGE","BLOCK":"BONTH","DISTRICT":"BHADRAK"},"geometry":{"type":"Polygon","coordinates":[[[86.36749,21.16289],[86.36845,21.16484],[86.36788,21.16561],[86.36772,21.16653],[86.36896,21.16752],[86.36977,21.16743],[86.3736,21.16546],[86.3749,21.16412],[86.37514,21.16351],[86.37398,21.15984],[86.3738,21.15808],[86.3725,21.15778],[86.37045,21.15818],[86.36957,21.16055],[86.36749,21.16289]]]}},{"type":"Feature","properties":{"LCODE":"050210013001300044","LOCATION":"NACHHIBINDHA","V_TYPE":"VILLAGE","BLOCK":"BASUDEVPUR","DISTRICT":"BHADRAK"},"geometry":{"type":"Polygon","coordinates":[[[86.67855,21.16037],[86.68136,21.16427],[86.68417,21.16729],[86.68788,21.16737],[86.68843,21.16685],[86.6903,21.16608],[86.69204,21.16646],[86.69307,21.16734],[86.69186,21.16532],[86.68925,21.16567],[86.68697,21.16533],[86.68423,21.16339],[86.68172,21.1609],[86.68157,21.16014],[86.68198,21.15604],[86.68089,21.15545],[86.67999,21.15528],[86.67957,21.1572],[86.67954,21.15957],[86.67921,21.16011],[86.67855,21.16037]]]}},{"type":"Feature","properties":{"LCODE":"050210013001300043","LOCATION":"CHANDANPUR","V_TYPE":"VILLAGE","BLOCK":"BASUDEVPUR","DISTRICT":"BHADRAK"},"geometry":{"type":"Polygon","coordinates":[[[86.68157,21.16014],[86.68172,21.1609],[86.68423,21.16339],[86.68697,21.16533],[86.68925,21.16567],[86.69186,21.16532],[86.69307,21.16734],[86.69496,21.16528],[86.69677,21.164],[86.69717,21.16298],[86.69415,21.1583],[86.69041,21.15772],[86.68853,21.15686],[86.68797,21.157],[86.68612,21.15475],[86.68531,21.15429],[86.68391,21.15488],[86.68317,21.15625],[86.68198,21.15604],[86.68157,21.16014]]]}},{"type":"Feature","properties":{"LCODE":"050210013001300021","LOCATION":"SADEIPARA","V_TYPE":"VILLAGE","BLOCK":"BASUDEVPUR","DISTRICT":"BHADRAK"},"geometry":{"type":"Polygon","coordinates":[[[86.77707,21.16689],[86.77715,21.16728],[86.7778,21.1672],[86.78099,21.16582],[86.79089,21.16389],[86.78784,21.16252],[86.78506,21.16222],[86.78221,21.16276],[86.77952,21.16398],[86.77837,21.1649],[86.7774,21.16605],[86.77707,21.16689]]]}},{"type":"Feature","properties":{"LCODE":"050180012001200053","LOCATION":"BADBARCHHIKAYAN","V_TYPE":"VILLAGE","BLOCK":"BONTH","DISTRICT":"BHADRAK"},"geometry":{"type":"Polygon","coordinates":[[[86.39291,21.15537],[86.3977,21.16139],[86.39868,21.16231],[86.40082,21.16352],[86.40382,21.1665],[86.40508,21.16692],[86.40656,21.16586],[86.40696,21.16524],[86.40694,21.16364],[86.40834,21.16363],[86.40924,21.16454],[86.41087,21.16446],[86.41079,21.16369],[86.41128,21.163],[86.4107,21.16178],[86.41077,21.16056],[86.41003,21.1601],[86.40881,21.16011],[86.40815,21.15965],[86.40683,21.15783],[86.40723,21.15683],[86.40829,21.15644],[86.40829,21.15591],[86.40607,21.15309],[86.40589,21.15149],[86.40653,21.14957],[86.40612,21.14934],[86.40562,21.14828],[86.40539,21.14682],[86.40317,21.14752],[86.40097,21.14891],[86.40009,21.15075],[86.39911,21.1516],[86.39518,21.15283],[86.39528,21.15361],[86.39471,21.1546],[86.39291,21.15537]]]}},{"type":"Feature","properties":{"LCODE":"050180012001200044","LOCATION":"KUANRADA","V_TYPE":"VILLAGE","BLOCK":"BONTH","DISTRICT":"BHADRAK"},"geometry":{"type":"Polygon","coordinates":[[[86.3526,21.15193],[86.35366,21.15269],[86.35465,21.15413],[86.35686,21.1545],[86.35728,21.15504],[86.35688,21.15695],[86.35705,21.1581],[86.35877,21.16023],[86.35886,21.16161],[86.36012,21.16596],[86.3602,21.16649],[86.35988,21.16689],[86.36102,21.16634],[86.36354,21.16433],[86.36477,21.16405],[86.36517,21.1631],[86.36615,21.16279],[86.36749,21.16289],[86.36957,21.16055],[86.37029,21.15894],[86.37045,21.15749],[86.3702,21.15642],[86.3688,21.1539],[86.36671,21.14826],[86.36509,21.14911],[86.36419,21.14926],[86.35822,21.14952],[86.35612,21.14988],[86.3526,21.15193]]]}},{"type":"Feature","properties":{"LCODE":"050170012001200002","LOCATION":"BARAPADI","V_TYPE":"VILLAGE","BLOCK":"BONTH","DISTRICT":"BHADRAK"},"geometry":{"type":"Polygon","coordinates":[[[86.29563,21.15369],[86.29646,21.15483],[86.29654,21.15544],[86.29575,21.16111],[86.29601,21.16203],[86.29724,21.16409],[86.29913,21.16661],[86.29946,21.16614],[86.30199,21.16467],[86.30466,21.16175],[86.30512,21.16068],[86.30376,21.15931],[86.29873,21.15229],[86.29824,21.15199],[86.2971,21.15337],[86.29572,21.15346],[86.29563,21.15369]]]}},{"type":"Feature","properties":{"LCODE":"050170012001200013","LOCATION":"ANADHUA","V_TYPE":"VILLAGE","BLOCK":"BONTH","DISTRICT":"BHADRAK"},"geometry":{"type":"Polygon","coordinates":[[[86.32533,21.15804],[86.32568,21.16148],[86.32536,21.16309],[86.32618,21.16347],[86.32844,21.16417],[86.32993,21.16253],[86.33155,21.16183],[86.33197,21.16137],[86.3338,21.16075],[86.33129,21.15732],[86.33088,21.15617],[86.33079,21.15465],[86.33046,21.15434],[86.32989,21.15427],[86.32834,21.15481],[86.32613,21.15597],[86.32533,21.15804]]]}},{"type":"Feature","properties":{"LCODE":"05021001300130TOWN","LOCATION":"BASUDEBPUR","V_TYPE":"TOWN","BLOCK":"BASUDEVPUR","DISTRICT":"BHADRAK"},"geometry":{"type":"Polygon","coordinates":[[[86.71239,21.12476],[86.71368,21.12631],[86.71374,21.12822],[86.71542,21.13084],[86.7159,21.13116],[86.72187,21.12932],[86.72566,21.12569],[86.72804,21.12465],[86.73162,21.12492],[86.73259,21.12555],[86.7325,21.12662],[86.73167,21.12776],[86.72888,21.12948],[86.72266,21.13193],[86.7179,21.13455],[86.71478,21.13719],[86.7146,21.1378],[86.71686,21.142],[86.71893,21.14467],[86.7207,21.14592],[86.72348,21.14565],[86.72445,21.14596],[86.72631,21.14744],[86.72896,21.15107],[86.73032,21.15239],[86.73163,21.15294],[86.73432,21.15925],[86.73492,21.16012],[86.73563,21.15935],[86.73627,21.15958],[86.73786,21.16366],[86.73843,21.16413],[86.73916,21.16414],[86.73991,21.163],[86.74056,21.16247],[86.74069,21.16265],[86.74204,21.16142],[86.74437,21.15731],[86.74426,21.1568],[86.74348,21.15631],[86.73869,21.15479],[86.73855,21.15318],[86.74005,21.14998],[86.74079,21.14938],[86.74445,21.15042],[86.74576,21.15044],[86.74641,21.15014],[86.74814,21.1484],[86.74973,21.14467],[86.75274,21.14351],[86.756,21.14152],[86.75665,21.14022],[86.75665,21.13915],[86.75535,21.13318],[86.75526,21.13165],[86.75551,21.13104],[86.75935,21.13058],[86.76669,21.12797],[86.77607,21.12292],[86.77909,21.12222],[86.78284,21.12184],[86.78432,21.12138],[86.81075,21.11952],[86.81769,21.12021],[86.81908,21.12059],[86.82079,21.12059],[86.82201,21.11952],[86.82234,21.11844],[86.82404,21.10873],[86.82274,21.10774],[86.81638,21.10553],[86.81368,21.10492],[86.81033,21.10461],[86.80895,21.10461],[86.80683,21.10515],[86.80169,21.10783],[86.79997,21.10783],[86.79932,21.10753],[86.79801,21.10623],[86.79222,21.09889],[86.79009,21.09675],[86.78813,21.09185],[86.7874,21.09086],[86.78373,21.08711],[86.78242,21.0862],[86.7803,21.08551],[86.77932,21.0849],[86.77687,21.08138],[86.77434,21.0784],[86.77026,21.07542],[86.76793,21.07303],[86.76749,21.0733],[86.76749,21.0742],[86.76797,21.07626],[86.76985,21.08024],[86.77018,21.08162],[86.76969,21.08276],[86.76749,21.08368],[86.76292,21.08468],[86.7608,21.08468],[86.75664,21.08529],[86.75468,21.0843],[86.75223,21.08093],[86.75132,21.07924],[86.75094,21.07951],[86.74742,21.0834],[86.74618,21.08522],[86.74506,21.08965],[86.74266,21.09329],[86.74069,21.09465],[86.73912,21.09677],[86.73689,21.09888],[86.73148,21.10195],[86.73048,21.10324],[86.73087,21.10493],[86.73183,21.10686],[86.7319,21.10747],[86.73132,21.10838],[86.72453,21.11159],[86.72076,21.11238],[86.71406,21.11444],[86.71348,21.11512],[86.71289,21.11673],[86.71302,21.11948],[86.71242,21.12239],[86.71239,21.12476]]]}},{"type":"Feature","properties":{"LCODE":"050210013001300027","LOCATION":"OLAGADA","V_TYPE":"VILLAGE","BLOCK":"BASUDEVPUR","DISTRICT":"BHADRAK"},"geometry":{"type":"Polygon","coordinates":[[[86.76169,21.15415],[86.76418,21.15918],[86.76701,21.16405],[86.76964,21.16216],[86.77271,21.15877],[86.77184,21.1581],[86.76939,21.15489],[86.76858,21.15443],[86.76547,21.15413],[86.76352,21.15505],[86.76286,21.15505],[86.76169,21.15415]]]}},{"type":"Feature","properties":{"LCODE":"050210013001300023","LOCATION":"TILADA","V_TYPE":"VILLAGE","BLOCK":"BASUDEVPUR","DISTRICT":"BHADRAK"},"geometry":{"type":"Polygon","coordinates":[[[86.79396,21.16084],[86.79453,21.16313],[86.79491,21.16364],[86.79682,21.16381],[86.79829,21.16351],[86.80384,21.16136],[86.80457,21.16029],[86.80473,21.15792],[86.80423,21.15723],[86.80359,21.15731],[86.80139,21.158],[86.79976,21.15808],[86.79601,21.159],[86.79453,21.15961],[86.79396,21.16084]]]}},{"type":"Feature","properties":{"LCODE":"050210013001300047","LOCATION":"NAICHHANPUR","V_TYPE":"VILLAGE","BLOCK":"BASUDEVPUR","DISTRICT":"BHADRAK"},"geometry":{"type":"Polygon","coordinates":[[[86.66438,21.15008],[86.66573,21.15362],[86.66658,21.15785],[86.66944,21.16037],[86.67146,21.16381],[86.67297,21.1634],[86.67411,21.1638],[86.6755,21.16374],[86.67616,21.16224],[86.674,21.15889],[86.6721,21.15405],[86.66956,21.14957],[86.66891,21.14887],[86.66724,21.14876],[86.66444,21.14985],[86.66438,21.15008]]]}},{"type":"Feature","properties":{"LCODE":"050170012001200014","LOCATION":"PANPADI","V_TYPE":"VILLAGE","BLOCK":"BONTH","DISTRICT":"BHADRAK"},"geometry":{"type":"Polygon","coordinates":[[[86.31404,21.15726],[86.31569,21.1587],[86.31668,21.16058],[86.31717,21.16053],[86.31994,21.15883],[86.32133,21.1589],[86.32191,21.15967],[86.32282,21.1631],[86.32339,21.16364],[86.32397,21.16369],[86.32544,21.16301],[86.32568,21.16148],[86.32533,21.15804],[86.32591,21.15634],[86.32351,21.15354],[86.32086,21.15151],[86.31942,21.15246],[86.31958,21.15318],[86.31876,21.15379],[86.31525,21.15511],[86.31404,21.15726]]]}},{"type":"Feature","properties":{"LCODE":"050180012001200059","LOCATION":"JAYASINGPUR","V_TYPE":"VILLAGE","BLOCK":"BONTH","DISTRICT":"BHADRAK"},"geometry":{"type":"Polygon","coordinates":[[[86.40582,21.15225],[86.40607,21.15309],[86.40829,21.15591],[86.40829,21.15644],[86.40723,21.15683],[86.40683,21.15783],[86.40815,21.15965],[86.40881,21.16011],[86.41003,21.1601],[86.41077,21.16056],[86.4107,21.16178],[86.41111,21.16231],[86.41111,21.16324],[86.41234,21.16254],[86.41412,21.16031],[86.41547,21.15992],[86.41321,21.15871],[86.41272,21.15818],[86.41255,21.15772],[86.41303,21.15603],[86.41196,21.1539],[86.41195,21.15298],[86.41203,21.15237],[86.41273,21.15127],[86.41152,21.15023],[86.40931,21.1494],[86.4071,21.14934],[86.40613,21.15041],[86.40582,21.15225]]]}},{"type":"Feature","properties":{"LCODE":"050210013001300042","LOCATION":"BISHNUBINDHA","V_TYPE":"VILLAGE","BLOCK":"BASUDEVPUR","DISTRICT":"BHADRAK"},"geometry":{"type":"Polygon","coordinates":[[[86.68784,21.15439],[86.68862,21.15693],[86.69041,21.15772],[86.69415,21.1583],[86.69717,21.16298],[86.6986,21.16088],[86.70071,21.15879],[86.7001,21.15776],[86.69862,21.15231],[86.69653,21.14983],[86.69556,21.14821],[86.69507,21.14935],[86.6945,21.14965],[86.69205,21.14977],[86.69048,21.15144],[86.68966,21.1515],[86.6886,21.1521],[86.68802,21.15279],[86.68784,21.15439]]]}},{"type":"Feature","properties":{"LCODE":"050210013001300048","LOCATION":"GOBINDBINDHA","V_TYPE":"VILLAGE","BLOCK":"BASUDEVPUR","DISTRICT":"BHADRAK"},"geometry":{"type":"Polygon","coordinates":[[[86.66891,21.14887],[86.67147,21.15273],[86.67337,21.15766],[86.67616,21.16224],[86.67625,21.16175],[86.67683,21.16123],[86.67921,21.16011],[86.67971,21.15881],[86.67957,21.1572],[86.68018,21.15346],[86.67995,21.15223],[86.67785,21.15075],[86.67574,21.1498],[86.67503,21.14872],[86.67365,21.14755],[86.6721,21.14746],[86.66956,21.14881],[86.66891,21.14887]]]}},{"type":"Feature","properties":{"LCODE":"050190011001100006","LOCATION":"KUDIAMAL","V_TYPE":"VILLAGE","BLOCK":"BHADRAK","DISTRICT":"BHADRAK"},"geometry":{"type":"Polygon","coordinates":[[[86.43053,21.15816],[86.43055,21.15945],[86.43121,21.16197],[86.43204,21.16122],[86.43461,21.16035],[86.43876,21.15959],[86.44572,21.15688],[86.44872,21.15624],[86.44951,21.15573],[86.45029,21.15406],[86.45066,21.15355],[86.45104,21.15349],[86.45078,21.15208],[86.45158,21.15078],[86.45093,21.15025],[86.44953,21.14987],[86.44881,21.14899],[86.44257,21.14861],[86.43909,21.14899],[86.4399,21.15069],[86.43933,21.15253],[86.43819,21.15345],[86.43681,21.15384],[86.43313,21.15371],[86.43141,21.15387],[86.43067,21.15425],[86.43053,21.15816]]]}},{"type":"Feature","properties":{"LCODE":"050180012001200049","LOCATION":"ERANDEI","V_TYPE":"VILLAGE","BLOCK":"BONTH","DISTRICT":"BHADRAK"},"geometry":{"type":"Polygon","coordinates":[[[86.38155,21.15338],[86.38213,21.15483],[86.38533,21.15733],[86.38574,21.15901],[86.38477,21.16047],[86.3847,21.16124],[86.38527,21.16177],[86.38568,21.16176],[86.38698,21.15969],[86.38779,21.159],[86.38918,21.15815],[86.38975,21.15845],[86.39056,21.15822],[86.39178,21.15584],[86.39471,21.1546],[86.39536,21.15299],[86.39379,21.1514],[86.39301,21.14941],[86.38293,21.15207],[86.38184,21.15281],[86.38155,21.15338]]]}},{"type":"Feature","properties":{"LCODE":"050190011001100010","LOCATION":"BANTIA","V_TYPE":"VILLAGE","BLOCK":"BHADRAK","DISTRICT":"BHADRAK"},"geometry":{"type":"Polygon","coordinates":[[[86.45237,21.1536],[86.45341,21.1548],[86.45753,21.16153],[86.45833,21.16147],[86.464,21.15871],[86.46761,21.15732],[86.47581,21.15315],[86.47423,21.15142],[86.47164,21.14395],[86.47024,21.14105],[86.46454,21.13244],[86.46191,21.12963],[86.46202,21.12926],[86.45953,21.12964],[86.45856,21.13018],[86.4575,21.13141],[86.45677,21.13149],[86.4554,21.13102],[86.45506,21.13135],[86.45393,21.13548],[86.45261,21.1376],[86.45428,21.13961],[86.45487,21.14136],[86.45701,21.1428],[86.45759,21.14417],[86.45727,21.1457],[86.45786,21.14891],[86.45738,21.15098],[86.45706,21.15136],[86.45282,21.15314],[86.45237,21.1536]]]}},{"type":"Feature","properties":{"LCODE":"050210013001300037","LOCATION":"KAMARGARIA","V_TYPE":"VILLAGE","BLOCK":"BASUDEVPUR","DISTRICT":"BHADRAK"},"geometry":{"type":"Polygon","coordinates":[[[86.71551,21.15795],[86.71587,21.16063],[86.71833,21.16089],[86.72349,21.15978],[86.72173,21.15627],[86.72092,21.15511],[86.71996,21.15434],[86.71881,21.15439],[86.71578,21.15573],[86.71551,21.15795]]]}},{"type":"Feature","properties":{"LCODE":"050170012001200016","LOCATION":"NALITAGADIA","V_TYPE":"VILLAGE","BLOCK":"BONTH","DISTRICT":"BHADRAK"},"geometry":{"type":"Polygon","coordinates":[[[86.32784,21.15336],[86.32826,21.15485],[86.32989,21.15427],[86.33079,21.15465],[86.33088,21.15617],[86.33129,21.15732],[86.33385,21.16082],[86.33662,21.15951],[86.33784,21.16027],[86.339,21.16049],[86.33989,21.16033],[86.34152,21.15941],[86.3423,21.15807],[86.34086,21.15711],[86.33857,21.1572],[86.33668,21.1553],[86.33618,21.15423],[86.3373,21.15071],[86.33624,21.14941],[86.33475,21.14967],[86.33379,21.15096],[86.33102,21.1512],[86.33063,21.15095],[86.33012,21.15235],[86.32816,21.1529],[86.32784,21.15336]]]}},{"type":"Feature","properties":{"LCODE":"050170012001200005","LOCATION":"SANBACHHIKAYAN","V_TYPE":"VILLAGE","BLOCK":"BONTH","DISTRICT":"BHADRAK"},"geometry":{"type":"Polygon","coordinates":[[[86.29733,21.15046],[86.29791,21.15161],[86.29914,21.15267],[86.30096,21.15557],[86.30499,21.16075],[86.30654,21.16013],[86.30769,21.16013],[86.31004,21.15843],[86.30848,21.15599],[86.30805,21.15278],[86.30446,21.1528],[86.30413,21.15257],[86.30347,21.15158],[86.30196,21.14793],[86.29969,21.14816],[86.29823,21.14916],[86.29733,21.15046]]]}},{"type":"Feature","properties":{"LCODE":"050210013001300038","LOCATION":"NARASINGPUR","V_TYPE":"VILLAGE","BLOCK":"BASUDEVPUR","DISTRICT":"BHADRAK"},"geometry":{"type":"Polygon","coordinates":[[[86.70705,21.14965],[86.7072,21.15057],[86.70815,21.15258],[86.70869,21.1558],[86.70862,21.15808],[86.71021,21.15788],[86.71119,21.15813],[86.71377,21.16023],[86.71587,21.16063],[86.71551,21.15795],[86.71578,21.15573],[86.71881,21.15439],[86.71996,21.15434],[86.71851,21.1527],[86.71745,21.152],[86.71722,21.15123],[86.71757,21.14909],[86.71849,21.14704],[86.71969,21.14534],[86.7182,21.1439],[86.71686,21.142],[86.71553,21.14202],[86.71332,21.14299],[86.70872,21.14585],[86.70729,21.14796],[86.70705,21.14965]]]}},{"type":"Feature","properties":{"LCODE":"050210013001300036","LOCATION":"KALIDASPUR","V_TYPE":"VILLAGE","BLOCK":"BASUDEVPUR","DISTRICT":"BHADRAK"},"geometry":{"type":"Polygon","coordinates":[[[86.71722,21.15123],[86.71745,21.152],[86.72092,21.15511],[86.72221,21.15711],[86.72331,21.15965],[86.72388,21.16004],[86.73492,21.16012],[86.73432,21.15925],[86.73163,21.15294],[86.73032,21.15239],[86.72896,21.15107],[86.72631,21.14744],[86.72445,21.14596],[86.72348,21.14565],[86.7207,21.14592],[86.71969,21.14534],[86.71849,21.14704],[86.71757,21.14909],[86.71722,21.15123]]]}},{"type":"Feature","properties":{"LCODE":"050180012001200058","LOCATION":"KUSUNNAGAR","V_TYPE":"VILLAGE","BLOCK":"BONTH","DISTRICT":"BHADRAK"},"geometry":{"type":"Polygon","coordinates":[[[86.41195,21.15298],[86.41196,21.1539],[86.41303,21.15603],[86.41255,21.15772],[86.41272,21.15818],[86.41321,21.15871],[86.41547,21.15992],[86.41787,21.15861],[86.42105,21.15752],[86.42113,21.15668],[86.42243,21.15568],[86.42464,21.15528],[86.42626,21.15466],[86.42805,21.1532],[86.42919,21.1528],[86.42723,21.15198],[86.4242,21.15169],[86.42207,21.15033],[86.4221,21.14949],[86.41969,21.14942],[86.41798,21.14981],[86.41496,21.15159],[86.41407,21.15182],[86.41273,21.15127],[86.41203,21.15237],[86.41195,21.15298]]]}},{"type":"Feature","properties":{"LCODE":"050190011001100016","LOCATION":"RAMBHILA","V_TYPE":"VILLAGE","BLOCK":"BHADRAK","DISTRICT":"BHADRAK"},"geometry":{"type":"Polygon","coordinates":[[[86.51165,21.13717],[86.51292,21.13642],[86.51402,21.13676],[86.51443,21.1372],[86.51524,21.137],[86.5164,21.1364],[86.51665,21.13541],[86.5178,21.13489],[86.52041,21.13469],[86.52099,21.13439],[86.52181,21.13333],[86.5228,21.13318],[86.52361,21.1335],[86.52496,21.13551],[86.52698,21.13745],[86.52744,21.13945],[86.52863,21.14192],[86.52894,21.14331],[86.52885,21.1443],[86.5281,21.14536],[86.52481,21.14766],[86.52859,21.15249],[86.53214,21.15877],[86.53307,21.15959],[86.53405,21.15937],[86.53399,21.15795],[86.53432,21.1573],[86.53514,21.15719],[86.5358,21.15724],[86.53683,21.15882],[86.53864,21.15894],[86.54109,21.1585],[86.5429,21.15952],[86.54182,21.15611],[86.54167,21.15466],[86.54218,21.15305],[86.54383,21.15154],[86.54728,21.14974],[86.55512,21.14142],[86.55187,21.14091],[86.54996,21.13713],[86.54859,21.13611],[86.5473,21.13429],[86.54286,21.13198],[86.54132,21.1315],[86.53936,21.13155],[86.53822,21.13116],[86.53742,21.13022],[86.53645,21.13006],[86.5349,21.13004],[86.53097,21.13129],[86.52844,21.13134],[86.52657,21.13177],[86.52341,21.1299],[86.52225,21.13065],[86.51884,21.13053],[86.51614,21.1308],[86.51276,21.12999],[86.51277,21.13314],[86.51165,21.13717]]]}},{"type":"Feature","properties":{"LCODE":"050190011001100017","LOCATION":"JAGADALPUR","V_TYPE":"VILLAGE","BLOCK":"BHADRAK","DISTRICT":"BHADRAK"},"geometry":{"type":"Polygon","coordinates":[[[86.54167,21.15466],[86.54221,21.1575],[86.5429,21.15952],[86.54327,21.15959],[86.5567,21.1585],[86.55887,21.1586],[86.56055,21.15821],[86.56158,21.15671],[86.56237,21.15654],[86.56273,21.15556],[86.56248,21.15447],[86.56271,21.15361],[86.56459,21.15097],[86.5647,21.14953],[86.5637,21.14426],[86.56406,21.142],[86.56141,21.14133],[86.55512,21.14142],[86.54728,21.14974],[86.54383,21.15154],[86.54218,21.15305],[86.54167,21.15466]]]}},{"type":"Feature","properties":{"LCODE":"050210013001300025","LOCATION":"ADHUAN","V_TYPE":"VILLAGE","BLOCK":"BASUDEVPUR","DISTRICT":"BHADRAK"},"geometry":{"type":"Polygon","coordinates":[[[86.75857,21.14859],[86.76169,21.15415],[86.76286,21.15505],[86.76352,21.15505],[86.76547,21.15413],[86.76858,21.15443],[86.76997,21.1555],[86.77184,21.1581],[86.77282,21.15887],[86.77348,21.15894],[86.78147,21.15549],[86.78564,21.15281],[86.78743,21.15212],[86.78873,21.15266],[86.78955,21.15442],[86.79053,21.15464],[86.79445,21.15326],[86.79893,21.15341],[86.80791,21.15272],[86.81599,21.1511],[86.82317,21.15087],[86.82695,21.15009],[86.82619,21.14803],[86.82635,21.14719],[86.82742,21.14536],[86.82726,21.14436],[86.82603,21.1423],[86.82366,21.14047],[86.82276,21.14001],[86.81852,21.13978],[86.81513,21.1384],[86.81297,21.13902],[86.81166,21.14155],[86.81101,21.14201],[86.80987,21.14224],[86.80563,21.14132],[86.80473,21.14178],[86.80367,21.14293],[86.80269,21.14324],[86.80195,21.14309],[86.80024,21.14362],[86.79803,21.14362],[86.79673,21.14294],[86.79306,21.14386],[86.79249,21.14378],[86.79183,21.14302],[86.7915,21.1421],[86.7915,21.14072],[86.79102,21.13988],[86.78881,21.14004],[86.78636,21.14073],[86.78539,21.14073],[86.784,21.14012],[86.77934,21.1402],[86.7747,21.14112],[86.76923,21.14158],[86.76808,21.14181],[86.76735,21.1425],[86.76727,21.1435],[86.76898,21.14594],[86.76849,21.14717],[86.76751,21.14747],[86.76433,21.14679],[86.76335,21.14687],[86.76082,21.14756],[86.75857,21.14859]]]}},{"type":"Feature","properties":{"LCODE":"050210013001300041","LOCATION":"MAKHALPUR","V_TYPE":"VILLAGE","BLOCK":"BASUDEVPUR","DISTRICT":"BHADRAK"},"geometry":{"type":"Polygon","coordinates":[[[86.69779,21.15121],[86.69894,21.153],[86.7001,21.15776],[86.70071,21.15879],[86.70238,21.15825],[86.70508,21.1579],[86.70862,21.15808],[86.70869,21.1558],[86.70815,21.15258],[86.7072,21.15057],[86.70705,21.14965],[86.70729,21.14796],[86.70355,21.14846],[86.70126,21.14912],[86.69905,21.15009],[86.69779,21.15121]]]}},{"type":"Feature","properties":{"LCODE":"050170012001200007","LOCATION":"RAMACHANDRAPUR","V_TYPE":"VILLAGE","BLOCK":"BONTH","DISTRICT":"BHADRAK"},"geometry":{"type":"Polygon","coordinates":[[[86.30736,21.14574],[86.30761,21.14689],[86.30737,21.14857],[86.30788,21.15079],[86.30823,21.15507],[86.30898,21.15706],[86.31004,21.15843],[86.31339,21.15711],[86.31409,21.15711],[86.31525,21.15511],[86.31876,21.15379],[86.31958,21.15318],[86.31933,21.15226],[86.31606,21.15143],[86.31548,21.15083],[86.31457,21.14823],[86.31063,21.14542],[86.30795,21.14426],[86.30769,21.14551],[86.30736,21.14574]]]}},{"type":"Feature","properties":{"LCODE":"050180012001200047","LOCATION":"BANKTIRA","V_TYPE":"VILLAGE","BLOCK":"BONTH","DISTRICT":"BHADRAK"},"geometry":{"type":"Polygon","coordinates":[[[86.36589,21.14627],[86.3688,21.1539],[86.3702,21.15642],[86.37045,21.15818],[86.37151,21.15787],[86.37361,21.1579],[86.37813,21.15645],[86.38107,21.15598],[86.38226,21.15494],[86.38171,21.15422],[86.38155,21.15338],[86.38184,21.15281],[86.38014,21.1517],[86.37775,21.14888],[86.37685,21.14736],[86.37585,21.14438],[86.37486,21.14385],[86.37166,21.14104],[86.37183,21.14165],[86.36947,21.14281],[86.36703,21.14481],[86.36589,21.14627]]]}},{"type":"Feature","properties":{"LCODE":"050170012001200017","LOCATION":"JIRNA","V_TYPE":"VILLAGE","BLOCK":"BONTH","DISTRICT":"BHADRAK"},"geometry":{"type":"Polygon","coordinates":[[[86.33475,21.14967],[86.33624,21.14941],[86.3373,21.15071],[86.33618,21.15423],[86.33733,21.15606],[86.33857,21.1572],[86.34086,21.15711],[86.3423,21.15807],[86.34372,21.15779],[86.34445,21.15732],[86.34779,21.15448],[86.34853,21.15424],[86.34983,21.15469],[86.35114,21.15461],[86.35146,21.15407],[86.3513,21.15277],[86.35162,21.15201],[86.352,21.15185],[86.34915,21.14927],[86.34635,21.14615],[86.34559,21.14494],[86.34521,21.14569],[86.34514,21.14822],[86.34498,21.14875],[86.34473,21.1486],[86.34407,21.14677],[86.34209,21.14319],[86.34159,21.14281],[86.33881,21.14198],[86.33784,21.14076],[86.33733,21.14122],[86.33559,21.14145],[86.33703,21.14451],[86.33736,21.14566],[86.33728,21.1465],[86.33672,21.14734],[86.33574,21.14804],[86.33475,21.14967]]]}},{"type":"Feature","properties":{"LCODE":"050210013001300049","LOCATION":"TULAMTULA","V_TYPE":"VILLAGE","BLOCK":"BASUDEVPUR","DISTRICT":"BHADRAK"},"geometry":{"type":"Polygon","coordinates":[[[86.66724,21.14876],[86.66956,21.14881],[86.6721,21.14746],[86.67365,21.14755],[86.67503,21.14872],[86.67574,21.1498],[86.67785,21.15075],[86.67995,21.15223],[86.68018,21.15346],[86.67984,21.15521],[86.68235,21.15624],[86.68317,21.15625],[86.68391,21.15488],[86.68531,21.15429],[86.68612,21.15475],[86.68797,21.157],[86.68838,21.157],[86.68784,21.15439],[86.68802,21.15279],[86.6886,21.1521],[86.68966,21.1515],[86.69048,21.15144],[86.69205,21.14977],[86.6945,21.14965],[86.69507,21.14935],[86.69549,21.14851],[86.69567,21.1466],[86.69473,21.14383],[86.6945,21.14222],[86.69492,21.14116],[86.69558,21.14055],[86.69559,21.13963],[86.69462,21.13901],[86.69208,21.14013],[86.6898,21.13956],[86.68989,21.13902],[86.69047,21.13834],[86.69129,21.13782],[86.6913,21.13744],[86.69081,21.13712],[86.68835,21.13778],[86.6873,21.13777],[86.68637,21.13825],[86.68549,21.1381],[86.68542,21.1366],[86.68021,21.13745],[86.66849,21.14381],[86.66907,21.14482],[86.66935,21.14748],[86.66915,21.14791],[86.66724,21.14876]]]}},{"type":"Feature","properties":{"LCODE":"050210013001300026","LOCATION":"CHUDAMANI","V_TYPE":"VILLAGE","BLOCK":"BASUDEVPUR","DISTRICT":"BHADRAK"},"geometry":{"type":"Polygon","coordinates":[[[86.73854,21.15395],[86.73869,21.15479],[86.73959,21.15526],[86.74236,21.15583],[86.74426,21.1568],[86.74454,21.15632],[86.7466,21.1552],[86.7485,21.15262],[86.75012,21.15136],[86.75323,21.15116],[86.76213,21.1471],[86.76433,21.14679],[86.76678,21.1474],[86.76801,21.1474],[86.7689,21.14663],[86.76898,21.14594],[86.76727,21.1435],[86.76735,21.1425],[86.76808,21.14181],[86.76923,21.14158],[86.7747,21.14112],[86.77934,21.1402],[86.784,21.14012],[86.78539,21.14073],[86.78636,21.14073],[86.78881,21.14004],[86.79102,21.13988],[86.7915,21.14072],[86.7915,21.1421],[86.79183,21.14302],[86.79249,21.14378],[86.79306,21.14386],[86.79673,21.14294],[86.79803,21.14362],[86.79893,21.1437],[86.80024,21.14362],[86.80195,21.14309],[86.80269,21.14324],[86.80367,21.14293],[86.80473,21.14178],[86.80563,21.14132],[86.80987,21.14224],[86.81101,21.14201],[86.81166,21.14155],[86.81297,21.13902],[86.81574,21.13833],[86.82007,21.13657],[86.82325,21.13397],[86.82741,21.12838],[86.82814,21.12593],[86.82944,21.11569],[86.83024,21.11304],[86.82359,21.11196],[86.82201,21.11952],[86.82079,21.12059],[86.81908,21.12059],[86.81769,21.12021],[86.81075,21.11952],[86.78432,21.12138],[86.78284,21.12184],[86.77909,21.12222],[86.77607,21.12292],[86.76669,21.12797],[86.75935,21.13058],[86.75551,21.13104],[86.75526,21.13165],[86.75535,21.13318],[86.75665,21.13915],[86.75665,21.14022],[86.756,21.14152],[86.75274,21.14351],[86.74973,21.14467],[86.74814,21.1484],[86.74641,21.15014],[86.74576,21.15044],[86.74445,21.15042],[86.74079,21.14938],[86.74005,21.14998],[86.73855,21.15318],[86.73854,21.15395]]]}},{"type":"Feature","properties":{"LCODE":"050170012001200015","LOCATION":"NARSINGPUR","V_TYPE":"VILLAGE","BLOCK":"BONTH","DISTRICT":"BHADRAK"},"geometry":{"type":"Polygon","coordinates":[[[86.32014,21.15004],[86.32022,21.15026],[86.32153,21.15018],[86.32185,21.15048],[86.32086,21.15151],[86.32351,21.15354],[86.32591,21.15634],[86.32613,21.15597],[86.32826,21.15485],[86.32784,21.15336],[86.32816,21.1529],[86.33012,21.15235],[86.33063,21.15095],[86.3301,21.14883],[86.32867,21.14721],[86.32601,21.14779],[86.32404,21.14749],[86.32233,21.14669],[86.32152,21.14865],[86.32144,21.14957],[86.32014,21.15004]]]}},{"type":"Feature","properties":{"LCODE":"050170012001200053","LOCATION":"BASANTIA","V_TYPE":"VILLAGE","BLOCK":"BONTH","DISTRICT":"BHADRAK"},"geometry":{"type":"Polygon","coordinates":[[[86.27326,21.14031],[86.2755,21.14537],[86.2755,21.14589],[86.27468,21.14724],[86.27462,21.14823],[86.27576,21.15037],[86.27586,21.15151],[86.28001,21.1555],[86.28529,21.15213],[86.28277,21.14725],[86.28169,21.14611],[86.28225,21.14266],[86.28339,21.14105],[86.28396,21.14089],[86.28429,21.14112],[86.28511,21.14272],[86.286,21.14269],[86.28624,21.1392],[86.28525,21.13813],[86.28461,21.13665],[86.28181,21.13805],[86.28046,21.13774],[86.27727,21.13778],[86.27544,21.13824],[86.27428,21.13875],[86.27326,21.14031]]]}},{"type":"Feature","properties":{"LCODE":"050190011001100005","LOCATION":"ERADEI","V_TYPE":"VILLAGE","BLOCK":"BHADRAK","DISTRICT":"BHADRAK"},"geometry":{"type":"Polygon","coordinates":[[[86.42408,21.1488],[86.42467,21.14894],[86.42624,21.1503],[86.42723,21.15198],[86.42977,21.15304],[86.43034,21.15349],[86.43067,21.15425],[86.43141,21.15387],[86.43681,21.15384],[86.43819,21.15345],[86.43933,21.15253],[86.4399,21.15069],[86.43909,21.14899],[86.43526,21.14499],[86.43324,21.14545],[86.42924,21.14716],[86.42408,21.1488]]]}},{"type":"Feature","properties":{"LCODE":"050190011001100009","LOCATION":"JAYRAMPUR","V_TYPE":"VILLAGE","BLOCK":"BHADRAK","DISTRICT":"BHADRAK"},"geometry":{"type":"Polygon","coordinates":[[[86.44837,21.14721],[86.44837,21.14797],[86.44904,21.14949],[86.45126,21.1504],[86.45158,21.15078],[86.45078,21.15208],[86.45104,21.15349],[86.45237,21.1536],[86.45282,21.15314],[86.45657,21.15175],[86.45738,21.15098],[86.45786,21.14891],[86.45727,21.1457],[86.45759,21.14417],[86.45701,21.1428],[86.45487,21.14136],[86.45428,21.13961],[86.45261,21.1376],[86.45134,21.13916],[86.44978,21.14011],[86.45063,21.1423],[86.45064,21.14352],[86.44901,21.14483],[86.44837,21.14721]]]}},{"type":"Feature","properties":{"LCODE":"050190011001100011","LOCATION":"AMBROLI","V_TYPE":"VILLAGE","BLOCK":"BHADRAK","DISTRICT":"BHADRAK"},"geometry":{"type":"Polygon","coordinates":[[[86.45966,21.12253],[86.46064,21.12398],[86.46065,21.12513],[86.46114,21.12597],[86.46295,21.12764],[86.46288,21.1284],[86.46191,21.12963],[86.46454,21.13244],[86.47024,21.14105],[86.47248,21.14616],[86.47373,21.15028],[86.47423,21.15142],[86.4753,21.15279],[86.47581,21.15315],[86.48267,21.14938],[86.48384,21.14984],[86.48501,21.15132],[86.48987,21.14726],[86.48825,21.14561],[86.48463,21.14319],[86.48138,21.14435],[86.48056,21.14443],[86.4799,21.14413],[86.47941,21.14352],[86.47857,21.1407],[86.47881,21.13909],[86.47864,21.13856],[86.47666,21.13613],[86.47657,21.1349],[86.4773,21.13436],[86.4809,21.13427],[86.48187,21.13342],[86.4817,21.13182],[86.4807,21.12915],[86.48044,21.12648],[86.4814,21.12341],[86.48368,21.12132],[86.48301,21.12027],[86.4816,21.11638],[86.48077,21.1131],[86.47619,21.11419],[86.47146,21.1159],[86.46811,21.11645],[86.46746,21.11676],[86.466,21.11952],[86.46316,21.12122],[86.4598,21.12137],[86.45966,21.12253]]]}},{"type":"Feature","properties":{"LCODE":"050180012001200061","LOCATION":"KADABARANG","V_TYPE":"VILLAGE","BLOCK":"BONTH","DISTRICT":"BHADRAK"},"geometry":{"type":"Polygon","coordinates":[[[86.3904,21.14354],[86.39255,21.14781],[86.39379,21.1514],[86.39518,21.15283],[86.39911,21.1516],[86.40009,21.15075],[86.40097,21.14891],[86.40317,21.14752],[86.40539,21.14682],[86.40446,21.14545],[86.40453,21.14255],[86.40485,21.14109],[86.40427,21.14018],[86.40263,21.1395],[86.40009,21.13943],[86.39634,21.14007],[86.39405,21.14016],[86.39234,21.14093],[86.39112,21.14216],[86.3904,21.14354]]]}},{"type":"Feature","properties":{"LCODE":"050180012001200048","LOCATION":"BANTALA","V_TYPE":"VILLAGE","BLOCK":"BONTH","DISTRICT":"BHADRAK"},"geometry":{"type":"Polygon","coordinates":[[[86.37585,21.14438],[86.37685,21.14736],[86.37775,21.14888],[86.38014,21.1517],[86.38184,21.15281],[86.38293,21.15207],[86.38496,21.15145],[86.39301,21.14941],[86.39205,21.14667],[86.3904,21.14354],[86.39141,21.14188],[86.3894,21.1401],[86.38686,21.14012],[86.38621,21.13997],[86.38569,21.13938],[86.38425,21.1409],[86.3834,21.14108],[86.37757,21.14468],[86.37585,21.14438]]]}},{"type":"Feature","properties":{"LCODE":"050170012001200006","LOCATION":"SAHADAGADIA","V_TYPE":"VILLAGE","BLOCK":"BONTH","DISTRICT":"BHADRAK"},"geometry":{"type":"Polygon","coordinates":[[[86.30196,21.14793],[86.30347,21.15158],[86.30413,21.15257],[86.30446,21.1528],[86.30805,21.15278],[86.30737,21.14857],[86.30761,21.14689],[86.3074,21.14601],[86.30442,21.14561],[86.30279,21.14607],[86.30304,21.14722],[86.30271,21.14776],[86.30196,21.14793]]]}},{"type":"Feature","properties":{"LCODE":"050170012001200047","LOCATION":"NIMPADA","V_TYPE":"VILLAGE","BLOCK":"BONTH","DISTRICT":"BHADRAK"},"geometry":{"type":"Polygon","coordinates":[[[86.30795,21.14426],[86.31063,21.14542],[86.31457,21.14823],[86.31548,21.15083],[86.31606,21.15143],[86.31942,21.15246],[86.32104,21.15141],[86.32185,21.15048],[86.32153,21.15018],[86.32022,21.15026],[86.32014,21.15004],[86.32144,21.14957],[86.32152,21.14865],[86.32224,21.14735],[86.32224,21.14582],[86.32141,21.14467],[86.32166,21.14452],[86.32248,21.14528],[86.32281,21.14512],[86.32288,21.14466],[86.32313,21.14489],[86.32346,21.14474],[86.32294,21.14322],[86.32108,21.1433],[86.31813,21.14217],[86.31575,21.14057],[86.31438,21.13895],[86.31338,21.13974],[86.3115,21.14052],[86.30795,21.14426]]]}},{"type":"Feature","properties":{"LCODE":"050170012001200052","LOCATION":"KATINA","V_TYPE":"VILLAGE","BLOCK":"BONTH","DISTRICT":"BHADRAK"},"geometry":{"type":"Polygon","coordinates":[[[86.28169,21.14534],[86.28169,21.14611],[86.28277,21.14725],[86.28529,21.15213],[86.28752,21.15105],[86.28982,21.15119],[86.29095,21.15088],[86.29267,21.14972],[86.29331,21.14827],[86.2934,21.14765],[86.29224,21.14628],[86.29147,21.14588],[86.28962,21.14576],[86.28905,21.14546],[86.28896,21.14477],[86.28806,21.14386],[86.286,21.14269],[86.28511,21.14272],[86.28396,21.14089],[86.28339,21.14105],[86.28225,21.14266],[86.28169,21.14534]]]}},{"type":"Feature","properties":{"LCODE":"050190011001100004","LOCATION":"JHADSARA","V_TYPE":"VILLAGE","BLOCK":"BHADRAK","DISTRICT":"BHADRAK"},"geometry":{"type":"Polygon","coordinates":[[[86.42207,21.15033],[86.4242,21.15169],[86.42723,21.15198],[86.42624,21.1503],[86.42467,21.14894],[86.42212,21.14907],[86.42207,21.15033]]]}},{"type":"Feature","properties":{"LCODE":"050170012001200018","LOCATION":"GOHIRA","V_TYPE":"VILLAGE","BLOCK":"BONTH","DISTRICT":"BHADRAK"},"geometry":{"type":"Polygon","coordinates":[[[86.34559,21.14494],[86.34635,21.14615],[86.34915,21.14927],[86.352,21.15185],[86.3526,21.15193],[86.35612,21.14988],[86.35493,21.14625],[86.35475,21.14335],[86.35409,21.14152],[86.35121,21.13771],[86.34898,21.13561],[86.34781,21.13584],[86.3481,21.1368],[86.34802,21.13788],[86.3486,21.13894],[86.34844,21.13963],[86.34747,21.14109],[86.34699,21.14331],[86.34559,21.14494]]]}},{"type":"Feature","properties":{"LCODE":"050170012001200021","LOCATION":"ROUTARAGADIA","V_TYPE":"VILLAGE","BLOCK":"BONTH","DISTRICT":"BHADRAK"},"geometry":{"type":"Polygon","coordinates":[[[86.40539,21.14682],[86.40562,21.14828],[86.40647,21.14978],[86.40768,21.14926],[86.40931,21.1494],[86.41152,21.15023],[86.413,21.15152],[86.41407,21.15182],[86.41888,21.1495],[86.4221,21.14949],[86.42214,21.14857],[86.42172,21.14765],[86.41984,21.14667],[86.41174,21.14549],[86.41026,21.1445],[86.40684,21.14529],[86.40539,21.14682]]]}},{"type":"Feature","properties":{"LCODE":"050210013001300040","LOCATION":"BANAPUR","V_TYPE":"VILLAGE","BLOCK":"BASUDEVPUR","DISTRICT":"BHADRAK"},"geometry":{"type":"Polygon","coordinates":[[[86.6945,21.14222],[86.69473,21.14383],[86.69567,21.1466],[86.69556,21.14821],[86.69653,21.14983],[86.69779,21.15121],[86.69905,21.15009],[86.70126,21.14912],[86.70355,21.14846],[86.70729,21.14796],[86.70872,21.14585],[86.70994,21.14501],[86.70718,21.14514],[86.7067,21.14391],[86.70728,21.14315],[86.70377,21.14341],[86.70028,21.14298],[86.6972,21.14095],[86.69664,21.13991],[86.69565,21.14019],[86.6945,21.14222]]]}},{"type":"Feature","properties":{"LCODE":"050170012001200040","LOCATION":"NIMGADIA","V_TYPE":"VILLAGE","BLOCK":"BONTH","DISTRICT":"BHADRAK"},"geometry":{"type":"Polygon","coordinates":[[[86.32821,21.14663],[86.3301,21.14883],[86.33044,21.15082],[86.33102,21.1512],[86.33379,21.15096],[86.33444,21.15034],[86.33574,21.14804],[86.33672,21.14734],[86.33728,21.1465],[86.33736,21.14566],[86.33661,21.14329],[86.33545,21.14123],[86.33553,21.14018],[86.33407,21.1417],[86.33229,21.14193],[86.33178,21.14263],[86.33023,21.14317],[86.32986,21.14419],[86.33057,21.14562],[86.33025,21.146],[86.32821,21.14663]]]}},{"type":"Feature","properties":{"LCODE":"050170012001200051","LOCATION":"BALIPUR","V_TYPE":"VILLAGE","BLOCK":"BONTH","DISTRICT":"BHADRAK"},"geometry":{"type":"Polygon","coordinates":[[[86.29147,21.14588],[86.2929,21.14689],[86.29337,21.14787],[86.29413,21.1478],[86.29487,21.14811],[86.29692,21.15039],[86.29737,21.15057],[86.29781,21.14962],[86.29887,21.14862],[86.29969,21.14816],[86.30271,21.14776],[86.30304,21.14722],[86.30163,21.14417],[86.29919,21.14116],[86.29655,21.14282],[86.29517,21.14336],[86.29435,21.14313],[86.29147,21.14588]]]}},{"type":"Feature","properties":{"LCODE":"050170012001200019","LOCATION":"SARAMARA","V_TYPE":"VILLAGE","BLOCK":"BONTH","DISTRICT":"BHADRAK"},"geometry":{"type":"Polygon","coordinates":[[[86.34898,21.13561],[86.35121,21.13771],[86.35409,21.14152],[86.35475,21.14335],[86.35493,21.14625],[86.35612,21.14988],[86.35822,21.14952],[86.36419,21.14926],[86.36509,21.14911],[86.36671,21.14826],[86.36589,21.14627],[86.36646,21.14543],[86.36947,21.14281],[86.37183,21.14165],[86.37166,21.14043],[86.37198,21.1392],[86.37099,21.13745],[86.37106,21.13645],[86.37179,21.1357],[86.36991,21.13508],[86.36918,21.13509],[86.36803,21.13571],[86.36729,21.1354],[86.36376,21.13206],[86.36285,21.1295],[86.36008,21.13062],[86.35461,21.13226],[86.35201,21.13418],[86.34898,21.13561]]]}},{"type":"Feature","properties":{"LCODE":"050190011001100003","LOCATION":"SIRAPUR","V_TYPE":"VILLAGE","BLOCK":"BHADRAK","DISTRICT":"BHADRAK"},"geometry":{"type":"Polygon","coordinates":[[[86.42154,21.14757],[86.42214,21.14857],[86.42212,21.14907],[86.42408,21.1488],[86.42924,21.14716],[86.43324,21.14545],[86.43526,21.14499],[86.43503,21.14384],[86.43543,21.14307],[86.43965,21.139],[86.44014,21.13808],[86.44032,21.13652],[86.43971,21.13571],[86.43824,21.1348],[86.43439,21.13329],[86.43409,21.13296],[86.43243,21.13437],[86.42836,21.13684],[86.42593,21.13945],[86.42389,21.14099],[86.42251,21.14245],[86.42252,21.14283],[86.42325,21.14306],[86.42358,21.14351],[86.42375,21.14489],[86.42197,21.14673],[86.42154,21.14757]]]}},{"type":"Feature","properties":{"LCODE":"050190011001100007","LOCATION":"NALAGARA","V_TYPE":"VILLAGE","BLOCK":"BHADRAK","DISTRICT":"BHADRAK"},"geometry":{"type":"Polygon","coordinates":[[[86.43503,21.14384],[86.43536,21.14521],[86.43909,21.14899],[86.44257,21.14861],[86.44881,21.14899],[86.44837,21.14797],[86.44868,21.14544],[86.44901,21.14483],[86.45039,21.14391],[86.45071,21.14299],[86.44978,21.14011],[86.44857,21.14002],[86.44627,21.13827],[86.44398,21.13867],[86.44032,21.13652],[86.44014,21.13808],[86.43965,21.139],[86.43616,21.14223],[86.43503,21.14384]]]}},{"type":"Feature","properties":{"LCODE":"050170012001200036","LOCATION":"BARUNGADIA","V_TYPE":"VILLAGE","BLOCK":"BONTH","DISTRICT":"BHADRAK"},"geometry":{"type":"Polygon","coordinates":[[[86.33926,21.13609],[86.33965,21.13722],[86.34058,21.13692],[86.34229,21.13691],[86.34369,21.13805],[86.34477,21.14195],[86.3443,21.14493],[86.3437,21.1461],[86.34498,21.14875],[86.34521,21.14569],[86.34699,21.14331],[86.34747,21.14109],[86.34844,21.13963],[86.3486,21.13894],[86.34802,21.13788],[86.3481,21.1368],[86.34781,21.13584],[86.34425,21.1353],[86.34351,21.13461],[86.34271,21.13288],[86.34005,21.13322],[86.33926,21.13609]]]}},{"type":"Feature","properties":{"LCODE":"050170012001200046","LOCATION":"DOLAPADI","V_TYPE":"VILLAGE","BLOCK":"BONTH","DISTRICT":"BHADRAK"},"geometry":{"type":"Polygon","coordinates":[[[86.32141,21.14467],[86.32224,21.14582],[86.32233,21.14669],[86.32404,21.14749],[86.32601,21.14779],[86.32867,21.14721],[86.32821,21.14663],[86.33025,21.146],[86.33057,21.14562],[86.32967,21.14394],[86.32736,21.14181],[86.32605,21.14105],[86.3261,21.14075],[86.32491,21.14175],[86.32458,21.1416],[86.32385,21.14198],[86.32294,21.14322],[86.32346,21.14474],[86.32313,21.14489],[86.32288,21.14466],[86.32281,21.14512],[86.32248,21.14528],[86.32166,21.14452],[86.32141,21.14467]]]}},{"type":"Feature","properties":{"LCODE":"050190011001100044","LOCATION":"EREI","V_TYPE":"VILLAGE","BLOCK":"BHADRAK","DISTRICT":"BHADRAK"},"geometry":{"type":"Polygon","coordinates":[[[86.51443,21.1372],[86.51563,21.14048],[86.51912,21.14288],[86.52121,21.14568],[86.52367,21.14671],[86.52481,21.14766],[86.52711,21.14627],[86.52885,21.1443],[86.52894,21.14331],[86.52863,21.14192],[86.52769,21.14007],[86.52464,21.14157],[86.52235,21.14192],[86.52171,21.14145],[86.52116,21.14037],[86.51963,21.13859],[86.51776,21.13788],[86.51645,21.1362],[86.51524,21.137],[86.51443,21.1372]]]}},{"type":"Feature","properties":{"LCODE":"050190011001100001","LOCATION":"JIRAGAMBHIR","V_TYPE":"VILLAGE","BLOCK":"BHADRAK","DISTRICT":"BHADRAK"},"geometry":{"type":"Polygon","coordinates":[[[86.41411,21.14571],[86.41984,21.14667],[86.42154,21.14757],[86.42188,21.14687],[86.42179,21.14498],[86.42252,21.14344],[86.42243,21.14306],[86.41932,21.14209],[86.41859,21.14255],[86.41628,21.14293],[86.41663,21.14386],[86.41525,21.14463],[86.41411,21.14571]]]}},{"type":"Feature","properties":{"LCODE":"050190011001100012","LOCATION":"BANDHGAN","V_TYPE":"VILLAGE","BLOCK":"BHADRAK","DISTRICT":"BHADRAK"},"geometry":{"type":"Polygon","coordinates":[[[86.47649,21.13528],[86.47666,21.13613],[86.47864,21.13856],[86.47881,21.13909],[86.47857,21.1407],[86.47941,21.14352],[86.4799,21.14413],[86.48056,21.14443],[86.48138,21.14435],[86.48463,21.14319],[86.48825,21.14561],[86.48987,21.14726],[86.49744,21.14259],[86.49915,21.14195],[86.50041,21.14205],[86.49882,21.13662],[86.49822,21.13326],[86.49639,21.12922],[86.49564,21.12686],[86.49366,21.12411],[86.49101,21.12115],[86.48866,21.12231],[86.48752,21.12247],[86.48482,21.1221],[86.48409,21.12187],[86.48368,21.12132],[86.4814,21.12341],[86.4806,21.12571],[86.48045,21.12732],[86.4807,21.12915],[86.48195,21.13281],[86.48187,21.13342],[86.4809,21.13427],[86.4773,21.13436],[86.47673,21.13467],[86.47649,21.13528]]]}},{"type":"Feature","properties":{"LCODE":"050190011001100002","LOCATION":"ROUTARA","V_TYPE":"VILLAGE","BLOCK":"BHADRAK","DISTRICT":"BHADRAK"},"geometry":{"type":"Polygon","coordinates":[[[86.42179,21.14498],[86.42188,21.14687],[86.42326,21.14558],[86.42375,21.14489],[86.42383,21.1442],[86.42325,21.14306],[86.42202,21.14284],[86.42252,21.14344],[86.42179,21.14498]]]}},{"type":"Feature","properties":{"LCODE":"050180012001200060","LOCATION":"BHARSINGPUR","V_TYPE":"VILLAGE","BLOCK":"BONTH","DISTRICT":"BHADRAK"},"geometry":{"type":"Polygon","coordinates":[[[86.40412,21.14012],[86.40485,21.14109],[86.40453,21.14255],[86.40446,21.14545],[86.40539,21.14682],[86.40684,21.14529],[86.41008,21.1445],[86.41001,21.14382],[86.41058,21.14335],[86.41328,21.14219],[86.41463,21.14086],[86.41364,21.13981],[86.41187,21.14029],[86.40867,21.13847],[86.40769,21.1384],[86.40516,21.1391],[86.40412,21.14012]]]}},{"type":"Feature","properties":{"LCODE":"050170012001200050","LOCATION":"BARAKANA","V_TYPE":"VILLAGE","BLOCK":"BONTH","DISTRICT":"BHADRAK"},"geometry":{"type":"Polygon","coordinates":[[[86.29641,21.13042],[86.29691,21.13126],[86.29919,21.14116],[86.30163,21.14417],[86.30265,21.1462],[86.30442,21.14561],[86.3074,21.14601],[86.30795,21.14426],[86.3048,21.14094],[86.30439,21.14002],[86.30449,21.13921],[86.30184,21.13766],[86.29861,21.13026],[86.29765,21.12895],[86.29649,21.12988],[86.29641,21.13042]]]}},{"type":"Feature","properties":{"LCODE":"050170012001200037","LOCATION":"BADABARGADIA","V_TYPE":"VILLAGE","BLOCK":"BONTH","DISTRICT":"BHADRAK"},"geometry":{"type":"Polygon","coordinates":[[[86.33784,21.14076],[86.33881,21.14198],[86.34159,21.14281],[86.34209,21.14319],[86.3437,21.1461],[86.34406,21.1457],[86.34477,21.14195],[86.34418,21.1392],[86.34303,21.13729],[86.34229,21.13691],[86.34058,21.13692],[86.33965,21.13722],[86.33961,21.13853],[86.3383,21.13946],[86.33784,21.14076]]]}},{"type":"Feature","properties":{"LCODE":"050170012001200054","LOCATION":"APANDA","V_TYPE":"VILLAGE","BLOCK":"BONTH","DISTRICT":"BHADRAK"},"geometry":{"type":"Polygon","coordinates":[[[86.28461,21.13665],[86.28525,21.13813],[86.28624,21.1392],[86.28625,21.14111],[86.28593,21.14264],[86.28864,21.14431],[86.28905,21.14546],[86.28962,21.14576],[86.29147,21.14588],[86.29435,21.14313],[86.29517,21.14336],[86.29655,21.14282],[86.29919,21.14116],[86.29646,21.13007],[86.29371,21.13028],[86.29125,21.12922],[86.29076,21.12871],[86.28674,21.13514],[86.28557,21.13623],[86.28461,21.13665]]]}},{"type":"Feature","properties":{"LCODE":"050170012001200022","LOCATION":"KANDARAGADIA","V_TYPE":"VILLAGE","BLOCK":"BONTH","DISTRICT":"BHADRAK"},"geometry":{"type":"Polygon","coordinates":[[[86.41001,21.14382],[86.41008,21.1445],[86.41174,21.14549],[86.41403,21.14586],[86.41451,21.14582],[86.41411,21.14571],[86.41525,21.14463],[86.41663,21.14386],[86.41614,21.14256],[86.41463,21.14086],[86.41328,21.14219],[86.41001,21.14382]]]}},{"type":"Feature","properties":{"LCODE":"050210013001300039","LOCATION":"JAYPUR","V_TYPE":"VILLAGE","BLOCK":"BASUDEVPUR","DISTRICT":"BHADRAK"},"geometry":{"type":"Polygon","coordinates":[[[86.69664,21.13991],[86.6972,21.14095],[86.69801,21.14158],[86.70101,21.14322],[86.70476,21.14342],[86.70728,21.14315],[86.7067,21.14391],[86.70718,21.14514],[86.70994,21.14501],[86.71406,21.14262],[86.71553,21.14202],[86.71686,21.142],[86.7146,21.1378],[86.71478,21.13719],[86.71453,21.13665],[86.71226,21.13297],[86.71105,21.13439],[86.7072,21.13633],[86.70541,21.13669],[86.70271,21.13658],[86.69664,21.13991]]]}},{"type":"Feature","properties":{"LCODE":"050170012001200020","LOCATION":"ERJHATIA","V_TYPE":"VILLAGE","BLOCK":"BONTH","DISTRICT":"BHADRAK"},"geometry":{"type":"Polygon","coordinates":[[[86.37099,21.13745],[86.37198,21.1392],[86.37166,21.14104],[86.37486,21.14385],[86.37585,21.14438],[86.37757,21.14468],[86.3834,21.14108],[86.38302,21.1409],[86.3817,21.138],[86.37972,21.13541],[86.37775,21.1342],[86.37611,21.1339],[86.37463,21.13273],[86.37464,21.13322],[86.37415,21.13376],[86.37106,21.13645],[86.37099,21.13745]]]}},{"type":"Feature","properties":{"LCODE":"050170012001200048","LOCATION":"DHANIOJHA","V_TYPE":"VILLAGE","BLOCK":"BONTH","DISTRICT":"BHADRAK"},"geometry":{"type":"Polygon","coordinates":[[[86.30438,21.13948],[86.3048,21.14094],[86.30546,21.14185],[86.30795,21.14426],[86.3115,21.14052],[86.31338,21.13974],[86.31438,21.13895],[86.3141,21.13752],[86.31434,21.1366],[86.31376,21.13461],[86.31269,21.13416],[86.31049,21.13501],[86.30911,21.13595],[86.30943,21.13624],[86.3092,21.13693],[86.30592,21.13741],[86.30503,21.13818],[86.30438,21.13948]]]}},{"type":"Feature","properties":{"LCODE":"050170012001200041","LOCATION":"BANGARPADI","V_TYPE":"VILLAGE","BLOCK":"BONTH","DISTRICT":"BHADRAK"},"geometry":{"type":"Polygon","coordinates":[[[86.32365,21.13479],[86.32365,21.13563],[86.32496,21.13593],[86.32538,21.13662],[86.32417,21.13915],[86.32466,21.14014],[86.32629,21.14021],[86.32605,21.14105],[86.32736,21.14181],[86.32986,21.14419],[86.33023,21.14317],[86.33178,21.14263],[86.33229,21.14193],[86.33202,21.14018],[86.33127,21.13896],[86.33011,21.13575],[86.32851,21.13302],[86.32822,21.13324],[86.32666,21.13302],[86.32617,21.1334],[86.32494,21.1331],[86.32446,21.13326],[86.32389,21.1338],[86.32365,21.13479]]]}},{"type":"Feature","properties":{"LCODE":"050210013001300062","LOCATION":"ARUHA","V_TYPE":"VILLAGE","BLOCK":"BASUDEVPUR","DISTRICT":"BHADRAK"},"geometry":{"type":"Polygon","coordinates":[[[86.65712,21.1279],[86.66041,21.13379],[86.6609,21.13411],[86.66167,21.13408],[86.66255,21.13462],[86.66429,21.13785],[86.66638,21.13814],[86.66652,21.13934],[86.66849,21.14381],[86.68053,21.13738],[86.6787,21.13375],[86.67702,21.13121],[86.67664,21.12913],[86.67577,21.12683],[86.67432,21.12581],[86.6704,21.12576],[86.66914,21.12299],[86.6687,21.12252],[86.66743,21.12197],[86.66426,21.1217],[86.66115,21.12203],[86.66172,21.1229],[86.66158,21.12396],[86.65735,21.12682],[86.65712,21.1279]]]}},{"type":"Feature","properties":{"LCODE":"050170012001200045","LOCATION":"RAGHUNATHPUR","V_TYPE":"VILLAGE","BLOCK":"BONTH","DISTRICT":"BHADRAK"},"geometry":{"type":"Polygon","coordinates":[[[86.3141,21.13752],[86.31427,21.13874],[86.31477,21.13966],[86.31682,21.14148],[86.32108,21.1433],[86.32294,21.14322],[86.32385,21.14198],[86.32458,21.1416],[86.32491,21.14175],[86.3261,21.14075],[86.32629,21.14021],[86.32507,21.14029],[86.32425,21.13968],[86.32417,21.13915],[86.32538,21.13662],[86.32496,21.13593],[86.32365,21.13563],[86.32365,21.13533],[86.32235,21.13656],[86.32145,21.13679],[86.31981,21.1355],[86.31824,21.1348],[86.31679,21.13536],[86.31474,21.13537],[86.3141,21.13752]]]}},{"type":"Feature","properties":{"LCODE":"050170011001100023","LOCATION":"KURUSINGA","V_TYPE":"VILLAGE","BLOCK":"BHADRAK","DISTRICT":"BHADRAK"},"geometry":{"type":"Polygon","coordinates":[[[86.41002,21.1366],[86.41185,21.13723],[86.41383,21.14013],[86.41515,21.14134],[86.41628,21.14293],[86.41859,21.14255],[86.41916,21.14209],[86.41882,21.14018],[86.41478,21.13485],[86.41363,21.13386],[86.41216,21.13433],[86.41002,21.1366]]]}},{"type":"Feature","properties":{"LCODE":"050190011001100033","LOCATION":"KAUPUR","V_TYPE":"VILLAGE","BLOCK":"BHADRAK","DISTRICT":"BHADRAK"},"geometry":{"type":"Polygon","coordinates":[[[86.40418,21.11296],[86.40453,21.11678],[86.40585,21.11685],[86.40617,21.11738],[86.4062,21.12166],[86.40687,21.12449],[86.40787,21.1267],[86.41142,21.13219],[86.41478,21.13485],[86.41882,21.14018],[86.41916,21.14209],[86.42022,21.14254],[86.42252,21.14283],[86.42251,21.14245],[86.42332,21.14153],[86.42593,21.13945],[86.42836,21.13684],[86.43243,21.13437],[86.43409,21.13296],[86.43307,21.13139],[86.43336,21.12733],[86.43481,21.12358],[86.43391,21.12313],[86.4331,21.12321],[86.43179,21.12428],[86.43114,21.12459],[86.43049,21.12452],[86.42999,21.12345],[86.43023,21.12238],[86.42981,21.1207],[86.42768,21.11949],[86.42653,21.11843],[86.42334,21.11814],[86.41981,21.1154],[86.41528,21.11061],[86.41462,21.10954],[86.41543,21.10717],[86.41779,21.10616],[86.41959,21.10585],[86.4204,21.106],[86.42352,21.10866],[86.42573,21.10857],[86.42638,21.1081],[86.42662,21.10658],[86.42619,21.10482],[86.42627,21.1039],[86.43009,21.10282],[86.42805,21.10038],[86.42608,21.09901],[86.42518,21.09886],[86.4229,21.09941],[86.42168,21.10018],[86.41827,21.10394],[86.41679,21.10403],[86.41565,21.10342],[86.41442,21.10327],[86.40977,21.1049],[86.40562,21.10699],[86.40489,21.10791],[86.40418,21.11296]]]}},{"type":"Feature","properties":{"LCODE":"050190011001100028","LOCATION":"PANCHAPARA","V_TYPE":"VILLAGE","BLOCK":"BHADRAK","DISTRICT":"BHADRAK"},"geometry":{"type":"Polygon","coordinates":[[[86.49101,21.12115],[86.49366,21.12411],[86.49564,21.12686],[86.49639,21.12922],[86.49822,21.13326],[86.49882,21.13662],[86.50041,21.14205],[86.50298,21.14094],[86.50154,21.13806],[86.50163,21.13699],[86.5024,21.13431],[86.50398,21.13211],[86.5057,21.13182],[86.50691,21.13214],[86.5078,21.13338],[86.50858,21.13546],[86.50884,21.13851],[86.51165,21.13717],[86.51277,21.13314],[86.51282,21.12938],[86.51589,21.12497],[86.5164,21.1239],[86.51641,21.12268],[86.51628,21.12197],[86.51593,21.12206],[86.51503,21.12251],[86.51428,21.12349],[86.51354,21.12387],[86.51248,21.12393],[86.51167,21.12338],[86.51104,21.12223],[86.50915,21.11737],[86.50916,21.11599],[86.5099,21.11523],[86.5127,21.11357],[86.51183,21.1115],[86.50965,21.10994],[86.50885,21.10863],[86.50281,21.10985],[86.50174,21.11038],[86.50124,21.11114],[86.5017,21.11306],[86.50104,21.11405],[86.49599,21.1173],[86.49101,21.12115]]]}},{"type":"Feature","properties":{"LCODE":"050190011001100015","LOCATION":"NURPUR","V_TYPE":"VILLAGE","BLOCK":"BHADRAK","DISTRICT":"BHADRAK"},"geometry":{"type":"Polygon","coordinates":[[[86.51645,21.1362],[86.51776,21.13788],[86.51963,21.13859],[86.52116,21.14037],[86.52171,21.14145],[86.52235,21.14192],[86.52464,21.14157],[86.52769,21.14007],[86.52698,21.13745],[86.52496,21.13551],[86.52361,21.1335],[86.5228,21.13318],[86.52181,21.13333],[86.52099,21.13439],[86.52041,21.13469],[86.5178,21.13489],[86.51665,21.13541],[86.51645,21.1362]]]}},{"type":"Feature","properties":{"LCODE":"050190011001100019","LOCATION":"TAGIRA","V_TYPE":"VILLAGE","BLOCK":"BHADRAK","DISTRICT":"BHADRAK"},"geometry":{"type":"Polygon","coordinates":[[[86.55512,21.14142],[86.56141,21.14133],[86.56406,21.142],[86.56944,21.13702],[86.57206,21.13517],[86.57623,21.13051],[86.57623,21.12988],[86.57554,21.12888],[86.5729,21.12837],[86.57031,21.12688],[86.56698,21.12586],[86.56499,21.12812],[86.5636,21.12925],[86.56097,21.1309],[86.56007,21.13104],[86.55925,21.13157],[86.55849,21.13355],[86.55786,21.13439],[86.55807,21.13447],[86.55762,21.13753],[86.55612,21.14027],[86.55512,21.14142]]]}},{"type":"Feature","properties":{"LCODE":"050170012001200039","LOCATION":"SALKANIA","V_TYPE":"VILLAGE","BLOCK":"BONTH","DISTRICT":"BHADRAK"},"geometry":{"type":"Polygon","coordinates":[[[86.32829,21.13025],[86.32878,21.13186],[86.32851,21.13302],[86.33011,21.13575],[86.33127,21.13896],[86.33202,21.14018],[86.33229,21.14193],[86.33407,21.1417],[86.33675,21.13901],[86.33715,21.13816],[86.33714,21.13702],[86.3364,21.13365],[86.33531,21.13106],[86.33383,21.12954],[86.33374,21.12755],[86.33189,21.12656],[86.33096,21.1268],[86.33064,21.12718],[86.33089,21.12886],[86.33048,21.1294],[86.32893,21.12971],[86.32829,21.13025]]]}},{"type":"Feature","properties":{"LCODE":"050180012001200062","LOCATION":"KUSUNPUR","V_TYPE":"VILLAGE","BLOCK":"BONTH","DISTRICT":"BHADRAK"},"geometry":{"type":"Polygon","coordinates":[[[86.38487,21.13577],[86.38562,21.1376],[86.38569,21.13938],[86.38621,21.13997],[86.3894,21.1401],[86.39141,21.14188],[86.39234,21.14093],[86.39405,21.14016],[86.39765,21.13978],[86.39902,21.13814],[86.39902,21.13753],[86.39877,21.13692],[86.39729,21.13578],[86.39589,21.13319],[86.39613,21.1325],[86.39825,21.13149],[86.39922,21.12988],[86.39792,21.1302],[86.39546,21.12983],[86.39065,21.13138],[86.38666,21.13377],[86.38512,21.13508],[86.38487,21.13577]]]}},{"type":"Feature","properties":{"LCODE":"050170012001200038","LOCATION":"PODAPATNA","V_TYPE":"VILLAGE","BLOCK":"BONTH","DISTRICT":"BHADRAK"},"geometry":{"type":"Polygon","coordinates":[[[86.33138,21.12567],[86.3317,21.12641],[86.33374,21.12755],[86.33383,21.12954],[86.33531,21.13106],[86.3364,21.13365],[86.33714,21.13702],[86.33715,21.13816],[86.33675,21.13901],[86.33553,21.14018],[86.33545,21.14123],[86.33559,21.14145],[86.33758,21.14114],[86.3383,21.13946],[86.33961,21.13853],[86.33968,21.13738],[86.33926,21.13609],[86.34023,21.1321],[86.33947,21.12928],[86.33724,21.12478],[86.33601,21.12448],[86.33291,21.12449],[86.33193,21.12488],[86.33138,21.12567]]]}},{"type":"Feature","properties":{"LCODE":"050190011001100018","LOCATION":"SARASATIA","V_TYPE":"VILLAGE","BLOCK":"BHADRAK","DISTRICT":"BHADRAK"},"geometry":{"type":"Polygon","coordinates":[[[86.5473,21.13429],[86.54859,21.13611],[86.54996,21.13713],[86.55187,21.14091],[86.55512,21.14142],[86.55612,21.14027],[86.55762,21.13753],[86.55807,21.13447],[86.55563,21.13383],[86.55508,21.13259],[86.55419,21.13181],[86.55232,21.13148],[86.55109,21.13193],[86.54912,21.13351],[86.54786,21.1338],[86.5473,21.13429]]]}},{"type":"Feature","properties":{"LCODE":"050170012001200029","LOCATION":"PARABANDHA","V_TYPE":"VILLAGE","BLOCK":"BONTH","DISTRICT":"BHADRAK"},"geometry":{"type":"Polygon","coordinates":[[[86.37422,21.13177],[86.37463,21.13273],[86.37611,21.1339],[86.37775,21.1342],[86.37972,21.13541],[86.3817,21.138],[86.38302,21.1409],[86.38351,21.14113],[86.38425,21.1409],[86.38547,21.13974],[86.38579,21.13921],[86.38562,21.1376],[86.38487,21.13577],[86.38396,21.13478],[86.3833,21.13333],[86.38469,21.1321],[86.38493,21.13133],[86.38475,21.1298],[86.38434,21.12912],[86.38245,21.12768],[86.38089,21.12538],[86.37941,21.12594],[86.37926,21.12647],[86.37763,21.12824],[86.37683,21.13069],[86.37634,21.13115],[86.37422,21.13177]]]}},{"type":"Feature","properties":{"LCODE":"050190011001100013","LOCATION":"KALIDASPUR","V_TYPE":"VILLAGE","BLOCK":"BHADRAK","DISTRICT":"BHADRAK"},"geometry":{"type":"Polygon","coordinates":[[[86.50154,21.13806],[86.50298,21.14094],[86.50884,21.13851],[86.50858,21.13546],[86.5078,21.13338],[86.50691,21.13214],[86.5057,21.13182],[86.50398,21.13211],[86.5024,21.13431],[86.50154,21.13806]]]}},{"type":"Feature","properties":{"LCODE":"050180012001200064","LOCATION":"NIMBAGADIA","V_TYPE":"VILLAGE","BLOCK":"BONTH","DISTRICT":"BHADRAK"},"geometry":{"type":"Polygon","coordinates":[[[86.40491,21.13727],[86.40508,21.13796],[86.40593,21.13874],[86.40867,21.13847],[86.41187,21.14029],[86.41364,21.13981],[86.41185,21.13723],[86.40874,21.13633],[86.40755,21.1356],[86.40523,21.13666],[86.40491,21.13727]]]}},{"type":"Feature","properties":{"LCODE":"050210013001300053","LOCATION":"CHHATIRIA","V_TYPE":"VILLAGE","BLOCK":"BASUDEVPUR","DISTRICT":"BHADRAK"},"geometry":{"type":"Polygon","coordinates":[[[86.69087,21.13214],[86.69142,21.13359],[86.69232,21.13354],[86.69369,21.13501],[86.69472,21.13771],[86.69478,21.1391],[86.69559,21.13963],[86.69565,21.14019],[86.69656,21.13995],[86.70105,21.13742],[86.69868,21.13263],[86.69961,21.13034],[86.70066,21.13097],[86.70116,21.13074],[86.70166,21.12922],[86.70248,21.12846],[86.70243,21.12593],[86.70194,21.12585],[86.70096,21.12676],[86.69925,21.12643],[86.69874,21.127],[86.69891,21.12734],[86.69865,21.12841],[86.69791,21.12917],[86.69546,21.13006],[86.69365,21.13126],[86.69094,21.13162],[86.69087,21.13214]]]}},{"type":"Feature","properties":{"LCODE":"050190011001100008","LOCATION":"TIGIRIA","V_TYPE":"VILLAGE","BLOCK":"BHADRAK","DISTRICT":"BHADRAK"},"geometry":{"type":"Polygon","coordinates":[[[86.43914,21.13535],[86.44024,21.13647],[86.44398,21.13867],[86.44627,21.13827],[86.44857,21.14002],[86.44963,21.14017],[86.45134,21.13916],[86.45321,21.13678],[86.45393,21.13548],[86.45449,21.13288],[86.4554,21.13102],[86.45404,21.12861],[86.45218,21.12938],[86.4494,21.12992],[86.44533,21.13125],[86.44215,21.13302],[86.43914,21.13535]]]}},{"type":"Feature","properties":{"LCODE":"050210013001300050","LOCATION":"SALAMAGARIA","V_TYPE":"VILLAGE","BLOCK":"BASUDEVPUR","DISTRICT":"BHADRAK"},"geometry":{"type":"Polygon","coordinates":[[[86.68529,21.13705],[86.68549,21.1381],[86.68637,21.13825],[86.6873,21.13777],[86.68835,21.13778],[86.69081,21.13712],[86.6913,21.13744],[86.69129,21.13782],[86.69047,21.13834],[86.68989,21.13902],[86.6898,21.13956],[86.69054,21.13988],[86.69208,21.14013],[86.69478,21.1391],[86.69424,21.13602],[86.69305,21.13409],[86.69232,21.13354],[86.69142,21.13359],[86.68781,21.13586],[86.68542,21.1366],[86.68529,21.13705]]]}},{"type":"Feature","properties":{"LCODE":"050180012001200063","LOCATION":"SUANPADA","V_TYPE":"VILLAGE","BLOCK":"BONTH","DISTRICT":"BHADRAK"},"geometry":{"type":"Polygon","coordinates":[[[86.39589,21.13319],[86.39729,21.13578],[86.39877,21.13692],[86.39902,21.13753],[86.39902,21.13814],[86.39765,21.13978],[86.40132,21.13943],[86.40263,21.1395],[86.40412,21.14012],[86.40593,21.13874],[86.40508,21.13796],[86.40491,21.13727],[86.40523,21.13666],[86.40755,21.1356],[86.40602,21.13226],[86.40356,21.13238],[86.40242,21.13216],[86.40144,21.13155],[86.39948,21.12949],[86.39825,21.13149],[86.39613,21.1325],[86.39589,21.13319]]]}},{"type":"Feature","properties":{"LCODE":"050170012001200049","LOCATION":"RAMAPUR","V_TYPE":"VILLAGE","BLOCK":"BONTH","DISTRICT":"BHADRAK"},"geometry":{"type":"Polygon","coordinates":[[[86.29765,21.12895],[86.29911,21.1311],[86.30184,21.13766],[86.30449,21.13921],[86.30503,21.13818],[86.30592,21.13741],[86.3092,21.13693],[86.30943,21.13624],[86.30845,21.13548],[86.30836,21.13487],[86.30877,21.13426],[86.30811,21.13334],[86.30508,21.13344],[86.30451,21.1326],[86.30434,21.13114],[86.30385,21.13054],[86.30229,21.13016],[86.30172,21.1297],[86.30113,21.12776],[86.2986,21.12819],[86.29765,21.12895]]]}},{"type":"Feature","properties":{"LCODE":"050210013001300057","LOCATION":"ARANDUA","V_TYPE":"VILLAGE","BLOCK":"BASUDEVPUR","DISTRICT":"BHADRAK"},"geometry":{"type":"Polygon","coordinates":[[[86.69453,21.12603],[86.69551,21.12554],[86.69682,21.12548],[86.69755,21.1258],[86.69874,21.127],[86.69925,21.12643],[86.70096,21.12676],[86.70194,21.12585],[86.70243,21.12593],[86.70248,21.12846],[86.70166,21.12922],[86.70116,21.13074],[86.70066,21.13097],[86.69961,21.13034],[86.69868,21.13263],[86.70105,21.13742],[86.7029,21.13656],[86.70243,21.13336],[86.70252,21.13229],[86.70343,21.13161],[86.7041,21.12948],[86.70451,21.12902],[86.70509,21.12895],[86.70605,21.13019],[86.70646,21.13012],[86.7077,21.12883],[86.70844,21.12869],[86.71183,21.13095],[86.71281,21.13089],[86.71332,21.13117],[86.71371,21.1309],[86.71537,21.13077],[86.71374,21.12822],[86.71368,21.12631],[86.71239,21.12476],[86.71242,21.12239],[86.71302,21.11948],[86.71289,21.11673],[86.7134,21.11529],[86.7125,21.11519],[86.71119,21.11578],[86.71021,21.11669],[86.70865,21.11698],[86.70776,21.11658],[86.70631,21.11473],[86.70566,21.1148],[86.70279,21.11621],[86.70005,21.11699],[86.70016,21.11871],[86.69947,21.12123],[86.69661,21.12316],[86.69651,21.12402],[86.69479,21.12454],[86.69453,21.12603]]]}},{"type":"Feature","properties":{"LCODE":"050210013001300051","LOCATION":"HATAPADA","V_TYPE":"VILLAGE","BLOCK":"BASUDEVPUR","DISTRICT":"BHADRAK"},"geometry":{"type":"Polygon","coordinates":[[[86.67864,21.13366],[86.68053,21.13738],[86.68584,21.13652],[86.68781,21.13586],[86.69142,21.13359],[86.69087,21.13214],[86.69094,21.13162],[86.68757,21.12785],[86.68725,21.12819],[86.68496,21.12901],[86.67864,21.13366]]]}},{"type":"Feature","properties":{"LCODE":"050210013001300055","LOCATION":"KALASIA","V_TYPE":"VILLAGE","BLOCK":"BASUDEVPUR","DISTRICT":"BHADRAK"},"geometry":{"type":"Polygon","coordinates":[[[86.71226,21.13297],[86.71478,21.13719],[86.7179,21.13455],[86.7218,21.13247],[86.72065,21.1298],[86.7159,21.13116],[86.71537,21.13077],[86.71371,21.1309],[86.71338,21.13105],[86.71226,21.13297]]]}},{"type":"Feature","properties":{"LCODE":"050170012001200042","LOCATION":"GABHARPUR","V_TYPE":"VILLAGE","BLOCK":"BONTH","DISTRICT":"BHADRAK"},"geometry":{"type":"Polygon","coordinates":[[[86.31824,21.1348],[86.31981,21.1355],[86.32145,21.13679],[86.32235,21.13656],[86.32365,21.13533],[86.32389,21.1338],[86.32446,21.13326],[86.32494,21.1331],[86.32617,21.1334],[86.32666,21.13302],[86.32822,21.13324],[86.32862,21.13293],[86.3287,21.13219],[86.3259,21.12828],[86.32533,21.12782],[86.32361,21.12783],[86.32247,21.1286],[86.32206,21.12858],[86.31995,21.13022],[86.31915,21.13359],[86.31824,21.1348]]]}},{"type":"Feature","properties":{"LCODE":"050210013001300054","LOCATION":"BADCHANDRABHANUPUR","V_TYPE":"VILLAGE","BLOCK":"BASUDEVPUR","DISTRICT":"BHADRAK"},"geometry":{"type":"Polygon","coordinates":[[[86.70243,21.13336],[86.7029,21.13656],[86.70638,21.13663],[86.71105,21.13439],[86.71288,21.13219],[86.71332,21.13117],[86.71102,21.13056],[86.709,21.12885],[86.70844,21.12869],[86.7077,21.12883],[86.70646,21.13012],[86.70605,21.13019],[86.70509,21.12895],[86.70451,21.12902],[86.7041,21.12948],[86.70343,21.13161],[86.70252,21.13229],[86.70243,21.13336]]]}},{"type":"Feature","properties":{"LCODE":"050170011001100024","LOCATION":"MITUANI","V_TYPE":"VILLAGE","BLOCK":"BHADRAK","DISTRICT":"BHADRAK"},"geometry":{"type":"Polygon","coordinates":[[[86.40555,21.12793],[86.40601,21.13038],[86.40602,21.13237],[86.40784,21.13595],[86.41002,21.1366],[86.41216,21.13433],[86.41352,21.13387],[86.41142,21.13219],[86.40787,21.1267],[86.40689,21.12755],[86.40555,21.12793]]]}},{"type":"Feature","properties":{"LCODE":"050170012001200044","LOCATION":"AJANGADIA","V_TYPE":"VILLAGE","BLOCK":"BONTH","DISTRICT":"BHADRAK"},"geometry":{"type":"Polygon","coordinates":[[[86.30113,21.12776],[86.30172,21.1297],[86.30229,21.13016],[86.30385,21.13054],[86.30434,21.13114],[86.30451,21.1326],[86.30508,21.13344],[86.30811,21.13334],[86.30877,21.13426],[86.30836,21.13487],[86.30845,21.13548],[86.30911,21.13595],[86.31204,21.13432],[86.31326,21.13424],[86.31376,21.13461],[86.3143,21.13637],[86.31474,21.13537],[86.3144,21.13247],[86.31242,21.12966],[86.31104,21.13034],[86.30973,21.13027],[86.30817,21.12906],[86.30523,21.12923],[86.30238,21.12727],[86.30113,21.12776]]]}},{"type":"Feature","properties":{"LCODE":"050170012001200035","LOCATION":"DHOBATALIA","V_TYPE":"VILLAGE","BLOCK":"BONTH","DISTRICT":"BHADRAK"},"geometry":{"type":"Polygon","coordinates":[[[86.34218,21.13102],[86.34293,21.1337],[86.34351,21.13461],[86.34474,21.13552],[86.34801,21.13589],[86.34891,21.13565],[86.35201,21.13418],[86.35413,21.13264],[86.35338,21.13096],[86.34977,21.1267],[86.34528,21.12932],[86.34242,21.13033],[86.34218,21.13102]]]}},{"type":"Feature","properties":{"LCODE":"050170012001200028","LOCATION":"ORANGARAJENDRAPUR-1","V_TYPE":"VILLAGE","BLOCK":"BONTH","DISTRICT":"BHADRAK"},"geometry":{"type":"Polygon","coordinates":[[[86.38089,21.12538],[86.38245,21.12768],[86.38434,21.12912],[86.38475,21.1298],[86.38493,21.13133],[86.38469,21.1321],[86.3833,21.13333],[86.38396,21.13478],[86.38487,21.13577],[86.38512,21.13508],[86.38666,21.13377],[86.39065,21.13138],[86.39546,21.12983],[86.39792,21.1302],[86.39948,21.12949],[86.39954,21.12866],[86.3969,21.12462],[86.39624,21.12416],[86.39281,21.12418],[86.39223,21.1238],[86.39199,21.12304],[86.39305,21.1214],[86.39153,21.11871],[86.39098,21.11922],[86.38772,21.11947],[86.38552,21.12108],[86.38206,21.1219],[86.38218,21.12255],[86.38097,21.12455],[86.38089,21.12538]]]}},{"type":"Feature","properties":{"LCODE":"050170012001200032","LOCATION":"TOTASAHI","V_TYPE":"VILLAGE","BLOCK":"BONTH","DISTRICT":"BHADRAK"},"geometry":{"type":"Polygon","coordinates":[[[86.36285,21.1295],[86.36335,21.13129],[86.36417,21.13259],[86.36729,21.1354],[86.36803,21.13571],[86.36918,21.13509],[86.36991,21.13508],[86.37179,21.1357],[86.37464,21.13322],[86.37463,21.13254],[86.37365,21.13101],[86.37102,21.12819],[86.37028,21.12782],[86.36604,21.12868],[86.36505,21.12922],[86.36285,21.1295]]]}},{"type":"Feature","properties":{"LCODE":"050170012001200043","LOCATION":"PURUSOTTAMPUR","V_TYPE":"VILLAGE","BLOCK":"BONTH","DISTRICT":"BHADRAK"},"geometry":{"type":"Polygon","coordinates":[[[86.31242,21.12966],[86.3144,21.13247],[86.31474,21.13537],[86.31679,21.13536],[86.31818,21.1349],[86.31915,21.13359],[86.31995,21.13022],[86.32206,21.12858],[86.32099,21.12746],[86.31878,21.12663],[86.31788,21.12633],[86.31609,21.12634],[86.31405,21.12773],[86.31242,21.12966]]]}},{"type":"Feature","properties":{"LCODE":"050190011001100032","LOCATION":"DAISING","V_TYPE":"VILLAGE","BLOCK":"BHADRAK","DISTRICT":"BHADRAK"},"geometry":{"type":"Polygon","coordinates":[[[86.41462,21.10954],[86.41528,21.11061],[86.41981,21.1154],[86.42334,21.11814],[86.42653,21.11843],[86.42768,21.11949],[86.42981,21.1207],[86.43023,21.12238],[86.42999,21.12345],[86.43049,21.12452],[86.43114,21.12459],[86.43179,21.12428],[86.4331,21.12321],[86.43391,21.12313],[86.43481,21.12358],[86.43336,21.12733],[86.43307,21.13139],[86.43439,21.13329],[86.43914,21.13535],[86.44215,21.13302],[86.44533,21.13125],[86.4494,21.12992],[86.45218,21.12938],[86.45404,21.12861],[86.45428,21.12684],[86.4538,21.12631],[86.45116,21.12487],[86.44952,21.12282],[86.4464,21.1144],[86.44204,21.11597],[86.44081,21.11529],[86.43802,21.11286],[86.43694,21.1108],[86.43521,21.10921],[86.43347,21.10555],[86.43101,21.10319],[86.43009,21.10282],[86.42953,21.10289],[86.42627,21.1039],[86.42662,21.10734],[86.42638,21.1081],[86.42573,21.10857],[86.42352,21.10866],[86.4204,21.106],[86.41959,21.10585],[86.41779,21.10616],[86.41543,21.10717],[86.41462,21.10954]]]}},{"type":"Feature","properties":{"LCODE":"050190011001100022","LOCATION":"RANJ","V_TYPE":"VILLAGE","BLOCK":"BHADRAK","DISTRICT":"BHADRAK"},"geometry":{"type":"Polygon","coordinates":[[[86.53947,21.11491],[86.54009,21.11868],[86.54073,21.11992],[86.54652,21.12627],[86.54916,21.13045],[86.54905,21.13244],[86.54786,21.1338],[86.54912,21.13351],[86.55109,21.13193],[86.55232,21.13148],[86.55468,21.13205],[86.55563,21.13383],[86.55786,21.13439],[86.55849,21.13355],[86.55925,21.13157],[86.56007,21.13104],[86.56097,21.1309],[86.5636,21.12925],[86.56689,21.126],[86.56537,21.12467],[86.5653,21.12337],[86.56721,21.12109],[86.56951,21.11936],[86.57295,21.11779],[86.57525,21.11726],[86.57469,21.11536],[86.57143,21.10896],[86.56956,21.10878],[86.56386,21.10196],[86.56191,21.10156],[86.56101,21.10185],[86.55978,21.10299],[86.55952,21.1036],[86.56161,21.10608],[86.56216,21.10754],[86.56198,21.10869],[86.5518,21.11438],[86.55097,21.11568],[86.55063,21.11705],[86.54932,21.11803],[86.5471,21.11877],[86.5445,21.11851],[86.54224,21.11702],[86.54119,21.11586],[86.54052,21.11441],[86.53947,21.11491]]]}},{"type":"Feature","properties":{"LCODE":"050190011001100025","LOCATION":"SUSILADEIPUR","V_TYPE":"VILLAGE","BLOCK":"BHADRAK","DISTRICT":"BHADRAK"},"geometry":{"type":"Polygon","coordinates":[[[86.51276,21.12999],[86.51614,21.1308],[86.51884,21.13053],[86.52225,21.13065],[86.52341,21.1299],[86.52657,21.13177],[86.52844,21.13134],[86.53097,21.13129],[86.5349,21.13004],[86.53645,21.13006],[86.53742,21.13022],[86.53822,21.13116],[86.53936,21.13155],[86.54132,21.1315],[86.54286,21.13198],[86.54723,21.13433],[86.54905,21.13244],[86.54914,21.13137],[86.54916,21.13045],[86.5486,21.12929],[86.54652,21.12627],[86.54073,21.11992],[86.54009,21.11868],[86.53965,21.1153],[86.53854,21.11322],[86.53378,21.10887],[86.53191,21.1083],[86.52764,21.11124],[86.52116,21.11469],[86.51984,21.11582],[86.51785,21.1184],[86.51595,21.12002],[86.5164,21.1239],[86.51539,21.12589],[86.51332,21.12839],[86.51276,21.12999]]]}},{"type":"Feature","properties":{"LCODE":"050210013001300061","LOCATION":"BHAGAPUR","V_TYPE":"VILLAGE","BLOCK":"BASUDEVPUR","DISTRICT":"BHADRAK"},"geometry":{"type":"Polygon","coordinates":[[[86.6687,21.12252],[86.6704,21.12576],[86.67432,21.12581],[86.67577,21.12683],[86.67664,21.12913],[86.67702,21.13121],[86.67864,21.13366],[86.67994,21.13266],[86.67987,21.13111],[86.68124,21.12795],[86.68134,21.12702],[86.67968,21.12749],[86.67822,21.1264],[86.67768,21.12424],[86.67677,21.12246],[86.67674,21.12093],[86.67432,21.12221],[86.67207,21.12265],[86.67103,21.12156],[86.67063,21.1204],[86.67078,21.12171],[86.67036,21.12224],[86.66914,21.12276],[86.6687,21.12252]]]}},{"type":"Feature","properties":{"LCODE":"050170012001200034","LOCATION":"TILLO","V_TYPE":"VILLAGE","BLOCK":"BONTH","DISTRICT":"BHADRAK"},"geometry":{"type":"Polygon","coordinates":[[[86.32739,21.11702],[86.3279,21.12092],[86.32964,21.12367],[86.33138,21.12567],[86.33193,21.12488],[86.33291,21.12449],[86.33601,21.12448],[86.33724,21.12478],[86.33947,21.12928],[86.34023,21.1321],[86.34005,21.13322],[86.34271,21.13288],[86.34218,21.13102],[86.34242,21.13033],[86.34528,21.12932],[86.34853,21.12755],[86.35212,21.12485],[86.35342,21.12316],[86.35553,21.12177],[86.3658,21.11728],[86.3661,21.11685],[86.36532,21.11087],[86.36503,21.11071],[86.36203,21.10979],[86.36118,21.1102],[86.35473,21.11],[86.35089,21.11017],[86.3508,21.10941],[86.35234,21.10749],[86.35275,21.10641],[86.35285,21.10525],[86.35217,21.10443],[86.35182,21.10145],[86.34996,21.09874],[86.34895,21.09909],[86.34567,21.09843],[86.3425,21.10035],[86.33827,21.10404],[86.33542,21.10574],[86.33461,21.10674],[86.33349,21.11095],[86.33195,21.11432],[86.33131,21.11494],[86.32739,21.11702]]]}},{"type":"Feature","properties":{"LCODE":"050210013001300060","LOCATION":"KANTHISAHI","V_TYPE":"VILLAGE","BLOCK":"BASUDEVPUR","DISTRICT":"BHADRAK"},"geometry":{"type":"Polygon","coordinates":[[[86.67987,21.13111],[86.67994,21.13266],[86.68496,21.12901],[86.68725,21.12819],[86.68774,21.12766],[86.68802,21.12476],[86.68771,21.12391],[86.68512,21.12196],[86.68538,21.12097],[86.68703,21.11923],[86.68703,21.11847],[86.68639,21.118],[86.68533,21.11791],[86.68435,21.1182],[86.68246,21.11894],[86.68198,21.1194],[86.68163,21.12138],[86.68255,21.12568],[86.68213,21.1266],[86.68134,21.12702],[86.68124,21.12795],[86.67987,21.13111]]]}},{"type":"Feature","properties":{"LCODE":"050170012001200033","LOCATION":"DEBATAGADIA","V_TYPE":"VILLAGE","BLOCK":"BONTH","DISTRICT":"BHADRAK"},"geometry":{"type":"Polygon","coordinates":[[[86.34977,21.1267],[86.35338,21.13096],[86.35413,21.13264],[86.35567,21.13179],[86.36008,21.13062],[86.36293,21.12948],[86.36266,21.12579],[86.36282,21.12464],[86.36476,21.12073],[86.36508,21.1192],[86.36597,21.11889],[86.36621,21.11698],[86.35553,21.12177],[86.35342,21.12316],[86.35212,21.12485],[86.34977,21.1267]]]}},{"type":"Feature","properties":{"LCODE":"050210013001300056","LOCATION":"SAMIAN","V_TYPE":"VILLAGE","BLOCK":"BASUDEVPUR","DISTRICT":"BHADRAK"},"geometry":{"type":"Polygon","coordinates":[[[86.72065,21.1298],[86.7218,21.13247],[86.72888,21.12948],[86.73167,21.12776],[86.7325,21.12662],[86.73259,21.12555],[86.73162,21.12492],[86.72804,21.12465],[86.72566,21.12569],[86.72187,21.12932],[86.72065,21.1298]]]}},{"type":"Feature","properties":{"LCODE":"050170012001200025","LOCATION":"RANIPUR","V_TYPE":"VILLAGE","BLOCK":"BONTH","DISTRICT":"BHADRAK"},"geometry":{"type":"Polygon","coordinates":[[[86.39931,21.1283],[86.39971,21.12988],[86.40242,21.13216],[86.40356,21.13238],[86.40602,21.13226],[86.40601,21.13038],[86.40555,21.12793],[86.39931,21.1283]]]}},{"type":"Feature","properties":{"LCODE":"050170012001200058","LOCATION":"BANT","V_TYPE":"VILLAGE","BLOCK":"BONTH","DISTRICT":"BHADRAK"},"geometry":{"type":"Polygon","coordinates":[[[86.30238,21.12727],[86.30523,21.12923],[86.30817,21.12906],[86.30973,21.13027],[86.31104,21.13034],[86.31267,21.12949],[86.31405,21.12773],[86.3156,21.12657],[86.31788,21.12633],[86.32099,21.12746],[86.32214,21.12868],[86.32361,21.12783],[86.32533,21.12782],[86.3287,21.13219],[86.32829,21.13025],[86.32893,21.12971],[86.33048,21.1294],[86.33089,21.12886],[86.33064,21.12718],[86.33096,21.1268],[86.33189,21.12656],[86.3279,21.12092],[86.32742,21.11692],[86.32462,21.11742],[86.32363,21.11681],[86.32215,21.11483],[86.32131,21.11155],[86.3209,21.11109],[86.31828,21.1098],[86.31696,21.10755],[86.31005,21.11118],[86.31066,21.11241],[86.30632,21.11479],[86.30723,21.11548],[86.30957,21.11551],[86.31071,21.11612],[86.31179,21.11879],[86.31229,21.12139],[86.31214,21.12223],[86.30505,21.12548],[86.30238,21.12727]]]}},{"type":"Feature","properties":{"LCODE":"050170012001200031","LOCATION":"MANGULI","V_TYPE":"VILLAGE","BLOCK":"BONTH","DISTRICT":"BHADRAK"},"geometry":{"type":"Polygon","coordinates":[[[86.36266,21.12579],[86.36293,21.12948],[86.36505,21.12922],[86.36604,21.12868],[86.37028,21.12782],[86.37102,21.12819],[86.37422,21.13177],[86.37634,21.13115],[86.37683,21.13069],[86.37763,21.12824],[86.37926,21.12647],[86.37941,21.12594],[86.37762,21.12487],[86.37712,21.12426],[86.37686,21.12212],[86.37645,21.12136],[86.37563,21.12083],[86.37276,21.12031],[86.37285,21.12069],[86.37097,21.12078],[86.36901,21.12124],[86.36761,21.12011],[86.36557,21.11905],[86.36508,21.1192],[86.36476,21.12073],[86.36282,21.12464],[86.36266,21.12579]]]}},{"type":"Feature","properties":{"LCODE":"050210013001300052","LOCATION":"SANCHANDRABHANUPUR","V_TYPE":"VILLAGE","BLOCK":"BASUDEVPUR","DISTRICT":"BHADRAK"},"geometry":{"type":"Polygon","coordinates":[[[86.68905,21.12973],[86.69094,21.13162],[86.69292,21.13148],[86.69546,21.13006],[86.69791,21.12917],[86.69865,21.12841],[86.69891,21.12734],[86.69852,21.12658],[86.69755,21.1258],[86.69617,21.1254],[86.69551,21.12554],[86.6919,21.12749],[86.69035,21.12739],[86.68987,21.12769],[86.68905,21.12973]]]}},{"type":"Feature","properties":{"LCODE":"050190011001100031","LOCATION":"CHAREYA","V_TYPE":"VILLAGE","BLOCK":"BHADRAK","DISTRICT":"BHADRAK"},"geometry":{"type":"Polygon","coordinates":[[[86.44489,21.10832],[86.44782,21.11281],[86.4464,21.1144],[86.44952,21.12282],[86.45116,21.12487],[86.4538,21.12631],[86.45428,21.12684],[86.45397,21.1283],[86.45414,21.12906],[86.45554,21.13119],[86.4575,21.13141],[86.45856,21.13018],[86.45953,21.12964],[86.46182,21.1294],[86.46239,21.12902],[86.46288,21.1284],[86.46295,21.12764],[86.46114,21.12597],[86.46065,21.12513],[86.46064,21.12398],[86.45966,21.12253],[86.4598,21.12137],[86.45931,21.1207],[86.4571,21.11941],[86.45651,21.1169],[86.45486,21.1156],[86.45445,21.11469],[86.45428,21.11362],[86.45485,21.11262],[86.45599,21.11178],[86.45671,21.11055],[86.45767,21.10726],[86.4575,21.10608],[86.45538,21.10712],[86.45392,21.10735],[86.45097,21.10576],[86.44998,21.10546],[86.44884,21.10555],[86.44623,21.10693],[86.44489,21.10832]]]}},{"type":"Feature","properties":{"LCODE":"050170012001200055","LOCATION":"CHAINPUR","V_TYPE":"VILLAGE","BLOCK":"BONTH","DISTRICT":"BHADRAK"},"geometry":{"type":"Polygon","coordinates":[[[86.29076,21.12871],[86.29125,21.12922],[86.29371,21.13028],[86.29633,21.13012],[86.2986,21.12819],[86.30187,21.12756],[86.30497,21.12553],[86.30382,21.12472],[86.30274,21.12228],[86.30282,21.1212],[86.30371,21.11982],[86.30354,21.11845],[86.30325,21.11811],[86.29913,21.11977],[86.29823,21.12039],[86.298,21.12161],[86.29874,21.12444],[86.29826,21.12506],[86.29736,21.12544],[86.29704,21.12598],[86.29713,21.12674],[86.29664,21.12698],[86.29598,21.12667],[86.2945,21.12538],[86.2937,21.12517],[86.29076,21.12871]]]}},{"type":"Feature","properties":{"LCODE":"050210013001300059","LOCATION":"BARAANANDAPUR","V_TYPE":"VILLAGE","BLOCK":"BASUDEVPUR","DISTRICT":"BHADRAK"},"geometry":{"type":"Polygon","coordinates":[[[86.68512,21.12196],[86.68771,21.12391],[86.68802,21.12476],[86.68801,21.12598],[86.68757,21.12785],[86.68905,21.12973],[86.68987,21.12769],[86.69035,21.12739],[86.6919,21.12749],[86.69453,21.12603],[86.69479,21.12454],[86.69651,21.12402],[86.69667,21.12364],[86.69661,21.12316],[86.6945,21.1217],[86.69315,21.11793],[86.68703,21.11876],[86.68703,21.11923],[86.68538,21.12097],[86.68512,21.12196]]]}},{"type":"Feature","properties":{"LCODE":"050190011001100020","LOCATION":"CHURANGPUR","V_TYPE":"VILLAGE","BLOCK":"BHADRAK","DISTRICT":"BHADRAK"},"geometry":{"type":"Polygon","coordinates":[[[86.5653,21.12337],[86.56537,21.12467],[86.56609,21.12552],[86.57031,21.12688],[86.5729,21.12837],[86.57554,21.12888],[86.57525,21.12834],[86.57549,21.12753],[86.5773,21.12529],[86.58192,21.12424],[86.58314,21.1235],[86.58291,21.12143],[86.58151,21.11826],[86.57719,21.11823],[86.57613,21.11737],[86.57484,21.1172],[86.57295,21.11779],[86.56852,21.11996],[86.5653,21.12337]]]}},{"type":"Feature","properties":{"LCODE":"050170012001200027","LOCATION":"BODAKMUATIB","V_TYPE":"VILLAGE","BLOCK":"BONTH","DISTRICT":"BHADRAK"},"geometry":{"type":"Polygon","coordinates":[[[86.39199,21.12304],[86.39223,21.1238],[86.39281,21.12418],[86.39624,21.12416],[86.3969,21.12462],[86.39931,21.1283],[86.40555,21.12793],[86.40499,21.12488],[86.40425,21.12351],[86.40408,21.12213],[86.40496,21.12014],[86.40453,21.11678],[86.40282,21.11679],[86.3998,21.11826],[86.39874,21.11849],[86.39876,21.12056],[86.39843,21.12094],[86.39352,21.12089],[86.39199,21.12304]]]}},{"type":"Feature","properties":{"LCODE":"050170011001100026","LOCATION":"JAMUGADIA","V_TYPE":"VILLAGE","BLOCK":"BHADRAK","DISTRICT":"BHADRAK"},"geometry":{"type":"Polygon","coordinates":[[[86.40408,21.12213],[86.40425,21.12351],[86.40499,21.12488],[86.40555,21.12793],[86.40746,21.12724],[86.40787,21.1267],[86.40687,21.12449],[86.4062,21.12166],[86.40617,21.11738],[86.40585,21.11685],[86.40453,21.11678],[86.40496,21.12014],[86.40408,21.12213]]]}},{"type":"Feature","properties":{"LCODE":"050210013001300065","LOCATION":"BRAHMANGAN","V_TYPE":"VILLAGE","BLOCK":"BASUDEVPUR","DISTRICT":"BHADRAK"},"geometry":{"type":"Polygon","coordinates":[[[86.66618,21.10109],[86.66759,21.10244],[86.66937,21.10346],[86.67083,21.10386],[86.67163,21.10517],[86.67062,21.10822],[86.66946,21.10982],[86.66961,21.11089],[86.6708,21.11351],[86.67082,21.11528],[86.67323,21.11515],[86.67654,21.11665],[86.67776,21.11735],[86.67832,21.11805],[86.67831,21.11881],[86.67789,21.11965],[86.67678,21.12052],[86.67666,21.12198],[86.67768,21.12424],[86.67822,21.1264],[86.67911,21.12725],[86.68017,21.12749],[86.68114,21.12712],[86.68213,21.1266],[86.68255,21.12568],[86.68163,21.12138],[86.68172,21.12008],[86.68246,21.11894],[86.68533,21.11791],[86.68639,21.118],[86.68703,21.11847],[86.68703,21.11876],[86.69013,21.11851],[86.69153,21.11812],[86.68989,21.11505],[86.68802,21.11316],[86.68807,21.11176],[86.68949,21.1114],[86.68812,21.10967],[86.68808,21.10839],[86.68628,21.10634],[86.68413,21.10075],[86.68358,21.10096],[86.67652,21.09796],[86.67488,21.09894],[86.67243,21.09936],[86.67,21.09872],[86.66772,21.09869],[86.66714,21.09891],[86.66639,21.10013],[86.66618,21.10109]]]}},{"type":"Feature","properties":{"LCODE":"050170012001200056","LOCATION":"KOTAGADIA","V_TYPE":"VILLAGE","BLOCK":"BONTH","DISTRICT":"BHADRAK"},"geometry":{"type":"Polygon","coordinates":[[[86.29005,21.1196],[86.29008,21.11998],[86.29078,21.12045],[86.29345,21.1213],[86.29369,21.12211],[86.2937,21.12517],[86.2945,21.12538],[86.29664,21.12698],[86.29713,21.12674],[86.29704,21.12598],[86.29736,21.12544],[86.29826,21.12506],[86.29874,21.12444],[86.298,21.12161],[86.29823,21.12039],[86.29913,21.11977],[86.30325,21.11811],[86.30345,21.11761],[86.30386,21.1176],[86.30509,21.11867],[86.30632,21.11874],[86.30688,21.11782],[86.30622,21.11644],[86.30723,21.11548],[86.30632,21.11479],[86.30285,21.11708],[86.29339,21.11938],[86.29243,21.11916],[86.29118,21.11821],[86.29057,21.11851],[86.29005,21.1196]]]}},{"type":"Feature","properties":{"LCODE":"050170012001200030","LOCATION":"DOLAPADI","V_TYPE":"VILLAGE","BLOCK":"BONTH","DISTRICT":"BHADRAK"},"geometry":{"type":"Polygon","coordinates":[[[86.37168,21.11603],[86.3721,21.11817],[86.37295,21.12031],[86.37563,21.12083],[86.37645,21.12136],[86.37686,21.12212],[86.37712,21.12426],[86.37827,21.12533],[86.37941,21.12594],[86.38089,21.12538],[86.38097,21.12455],[86.38218,21.12255],[86.38201,21.12164],[86.37714,21.11478],[86.37746,21.11434],[86.37617,21.11486],[86.3747,21.11647],[86.37373,21.1164],[86.37217,21.11565],[86.37184,21.11565],[86.37168,21.11603]]]}},{"type":"Feature","properties":{"LCODE":"050170012001200057","LOCATION":"SRIBANTAPUR","V_TYPE":"VILLAGE","BLOCK":"BONTH","DISTRICT":"BHADRAK"},"geometry":{"type":"Polygon","coordinates":[[[86.30274,21.12228],[86.30382,21.12472],[86.30497,21.12553],[86.31214,21.12223],[86.31229,21.12139],[86.31179,21.11879],[86.31071,21.11612],[86.30957,21.11551],[86.30687,21.11567],[86.30622,21.11644],[86.30688,21.11782],[86.30632,21.11874],[86.30509,21.11867],[86.30386,21.1176],[86.30345,21.11761],[86.30325,21.11811],[86.30379,21.11906],[86.30371,21.11982],[86.30282,21.1212],[86.30274,21.12228]]]}},{"type":"Feature","properties":{"LCODE":"050190011001100027","LOCATION":"SRIRAMPUR","V_TYPE":"VILLAGE","BLOCK":"BHADRAK","DISTRICT":"BHADRAK"},"geometry":{"type":"Polygon","coordinates":[[[86.50915,21.11737],[86.51104,21.12223],[86.51167,21.12338],[86.51248,21.12393],[86.51354,21.12387],[86.51428,21.12349],[86.51503,21.12251],[86.51628,21.12197],[86.5158,21.11914],[86.51517,21.11745],[86.5127,21.11357],[86.5099,21.11523],[86.50916,21.11599],[86.50915,21.11737]]]}},{"type":"Feature","properties":{"LCODE":"050210013001300058","LOCATION":"BACHHIPUR","V_TYPE":"VILLAGE","BLOCK":"BASUDEVPUR","DISTRICT":"BHADRAK"},"geometry":{"type":"Polygon","coordinates":[[[86.68989,21.11505],[86.69153,21.11812],[86.69315,21.11793],[86.6945,21.1217],[86.69661,21.12316],[86.69947,21.12123],[86.69998,21.11985],[86.70025,21.11741],[86.69913,21.11548],[86.69729,21.11316],[86.69674,21.11086],[86.69585,21.11092],[86.69421,21.11182],[86.69244,21.11217],[86.69157,21.11416],[86.68989,21.11505]]]}},{"type":"Feature","properties":{"LCODE":"050210013001300063","LOCATION":"BAIKUNTHAPUR","V_TYPE":"VILLAGE","BLOCK":"BASUDEVPUR","DISTRICT":"BHADRAK"},"geometry":{"type":"Polygon","coordinates":[[[86.65427,21.10504],[86.65632,21.11459],[86.65718,21.11459],[86.65764,21.11645],[86.65869,21.11887],[86.66115,21.12203],[86.66605,21.12172],[86.66743,21.12197],[86.66914,21.12276],[86.67036,21.12224],[86.67078,21.12171],[86.67087,21.11443],[86.6708,21.11351],[86.66961,21.11089],[86.66946,21.10982],[86.67062,21.10822],[86.67146,21.10609],[86.67163,21.10517],[86.67123,21.10425],[86.66759,21.10244],[86.66618,21.10109],[86.66523,21.10188],[86.66393,21.10201],[86.66336,21.10185],[86.66255,21.10108],[86.66069,21.10036],[86.65881,21.10088],[86.65474,21.10136],[86.65427,21.10504]]]}},{"type":"Feature","properties":{"LCODE":"050210013001300064","LOCATION":"BANIAN","V_TYPE":"VILLAGE","BLOCK":"BASUDEVPUR","DISTRICT":"BHADRAK"},"geometry":{"type":"Polygon","coordinates":[[[86.67063,21.1204],[86.67103,21.12156],[86.67207,21.12265],[86.67432,21.12221],[86.67674,21.12093],[86.67707,21.12018],[86.67789,21.11965],[86.67831,21.11881],[86.67832,21.11805],[86.67776,21.11735],[86.67654,21.11665],[86.67323,21.11515],[86.67082,21.11528],[86.67063,21.1204]]]}},{"type":"Feature","properties":{"LCODE":"050190011001100029","LOCATION":"TALANGA","V_TYPE":"VILLAGE","BLOCK":"BHADRAK","DISTRICT":"BHADRAK"},"geometry":{"type":"Polygon","coordinates":[[[86.48058,21.11035],[86.48093,21.11394],[86.48301,21.12027],[86.48409,21.12187],[86.48752,21.12247],[86.48988,21.12184],[86.4981,21.11584],[86.5003,21.11471],[86.5017,21.11306],[86.50124,21.11114],[86.50174,21.11038],[86.50281,21.10985],[86.50845,21.10871],[86.5071,21.10592],[86.50534,21.10059],[86.50455,21.10044],[86.50248,21.0975],[86.50127,21.09641],[86.50014,21.09589],[86.49916,21.0942],[86.49404,21.09661],[86.49088,21.09868],[86.48721,21.10054],[86.48386,21.1017],[86.48194,21.10197],[86.48308,21.10568],[86.4831,21.10942],[86.48278,21.10981],[86.4809,21.10989],[86.48058,21.11035]]]}},{"type":"Feature","properties":{"LCODE":"050170012001200078","LOCATION":"GANDAKURA","V_TYPE":"VILLAGE","BLOCK":"BONTH","DISTRICT":"BHADRAK"},"geometry":{"type":"Polygon","coordinates":[[[86.37714,21.11478],[86.38152,21.12072],[86.38206,21.1219],[86.38552,21.12108],[86.38772,21.11947],[86.39098,21.11922],[86.39153,21.11871],[86.38999,21.11693],[86.38857,21.11174],[86.38808,21.11128],[86.38709,21.11129],[86.38522,21.11206],[86.37828,21.11355],[86.37714,21.11478]]]}},{"type":"Feature","properties":{"LCODE":"050170012001200080","LOCATION":"BODAKPATANA","V_TYPE":"VILLAGE","BLOCK":"BONTH","DISTRICT":"BHADRAK"},"geometry":{"type":"Polygon","coordinates":[[[86.39153,21.11871],[86.39305,21.1214],[86.39352,21.12089],[86.39442,21.12081],[86.39753,21.1211],[86.39843,21.12094],[86.39876,21.12056],[86.39874,21.11849],[86.3998,21.11826],[86.40282,21.11679],[86.40453,21.11678],[86.40418,21.11296],[86.40451,21.11055],[86.40311,21.11105],[86.40099,21.11236],[86.39757,21.11345],[86.39676,21.1143],[86.39595,21.11614],[86.39538,21.11667],[86.39342,21.11745],[86.39153,21.11871]]]}},{"type":"Feature","properties":{"LCODE":"050190011001100030","LOCATION":"JALANGA","V_TYPE":"VILLAGE","BLOCK":"BHADRAK","DISTRICT":"BHADRAK"},"geometry":{"type":"Polygon","coordinates":[[[86.45428,21.11362],[86.45486,21.1156],[86.45651,21.1169],[86.4571,21.11941],[86.45931,21.1207],[86.4598,21.12137],[86.46316,21.12122],[86.466,21.11952],[86.46746,21.11676],[86.46811,21.11645],[86.47146,21.1159],[86.47619,21.11419],[86.48077,21.1131],[86.48058,21.11035],[86.4809,21.10989],[86.48278,21.10981],[86.4831,21.10942],[86.48325,21.10827],[86.48308,21.10568],[86.48194,21.10197],[86.48051,21.10172],[86.47853,21.09806],[86.47688,21.09654],[86.47164,21.09543],[86.47019,21.09718],[86.46702,21.09903],[86.46368,21.10218],[86.4575,21.10596],[86.45767,21.10726],[86.45671,21.11055],[86.45599,21.11178],[86.45485,21.11262],[86.45428,21.11362]]]}},{"type":"Feature","properties":{"LCODE":"050170012001200076","LOCATION":"MAHULGADIA","V_TYPE":"VILLAGE","BLOCK":"BONTH","DISTRICT":"BHADRAK"},"geometry":{"type":"Polygon","coordinates":[[[86.3652,21.11094],[86.36629,21.11744],[86.36597,21.11889],[86.36557,21.11905],[86.36761,21.12011],[86.36901,21.12124],[86.37097,21.12078],[86.37285,21.12069],[86.37295,21.12031],[86.37177,21.11657],[86.37184,21.11565],[86.37274,21.1158],[86.37373,21.1164],[86.3747,21.11647],[86.37617,21.11486],[86.37878,21.1134],[86.37868,21.11179],[86.37843,21.1111],[86.37785,21.11057],[86.37114,21.10777],[86.36926,21.10801],[86.36775,21.10887],[86.36731,21.11001],[86.3652,21.11094]]]}},{"type":"Feature","properties":{"LCODE":"050190011001100026","LOCATION":"THURUDA","V_TYPE":"VILLAGE","BLOCK":"BHADRAK","DISTRICT":"BHADRAK"},"geometry":{"type":"Polygon","coordinates":[[[86.51005,21.11025],[86.51183,21.1115],[86.51302,21.11428],[86.51517,21.11745],[86.51595,21.12002],[86.51785,21.1184],[86.51984,21.11582],[86.52116,21.11469],[86.52641,21.11191],[86.52455,21.11082],[86.51912,21.10853],[86.51741,21.10812],[86.51635,21.10818],[86.5125,21.10998],[86.51005,21.11025]]]}},{"type":"Feature","properties":{"LCODE":"050190011001100023","LOCATION":"ASURA","V_TYPE":"VILLAGE","BLOCK":"BHADRAK","DISTRICT":"BHADRAK"},"geometry":{"type":"Polygon","coordinates":[[[86.53725,21.10004],[86.53844,21.10149],[86.53979,21.10472],[86.54075,21.10566],[86.54164,21.10613],[86.54441,21.10647],[86.54456,21.1077],[86.54422,21.10869],[86.54315,21.10921],[86.54273,21.10982],[86.54464,21.11368],[86.54052,21.11441],[86.54119,21.11586],[86.54224,21.11702],[86.5445,21.11851],[86.5471,21.11877],[86.54932,21.11803],[86.55063,21.11705],[86.55097,21.11568],[86.5518,21.11438],[86.56198,21.10869],[86.56216,21.10754],[86.56161,21.10608],[86.55968,21.10379],[86.55837,21.10442],[86.55688,21.10563],[86.55402,21.10652],[86.55231,21.10626],[86.55199,21.10572],[86.55202,21.10434],[86.55139,21.10181],[86.55034,21.10126],[86.54978,21.10056],[86.54899,21.09856],[86.54689,21.097],[86.54593,21.0956],[86.54189,21.09364],[86.54123,21.09347],[86.54082,21.0939],[86.53963,21.09721],[86.53799,21.09872],[86.53725,21.10004]]]}},{"type":"Feature","properties":{"LCODE":"050170012001200079","LOCATION":"GOPALPUR","V_TYPE":"VILLAGE","BLOCK":"BONTH","DISTRICT":"BHADRAK"},"geometry":{"type":"Polygon","coordinates":[[[86.38794,21.11128],[86.38857,21.11174],[86.38999,21.11693],[86.39153,21.11871],[86.39342,21.11745],[86.39538,21.11667],[86.39595,21.11614],[86.39676,21.1143],[86.39778,21.11338],[86.3951,21.11094],[86.39411,21.10888],[86.39344,21.10621],[86.39238,21.10713],[86.38947,21.10838],[86.38961,21.10875],[86.38794,21.11128]]]}},{"type":"Feature","properties":{"LCODE":"050190011001100021","LOCATION":"BAHADALPUR","V_TYPE":"VILLAGE","BLOCK":"BHADRAK","DISTRICT":"BHADRAK"},"geometry":{"type":"Polygon","coordinates":[[[86.57201,21.10988],[86.57469,21.11536],[86.57525,21.11726],[86.57613,21.11737],[86.57719,21.11823],[86.58012,21.11842],[86.58151,21.11826],[86.58134,21.11759],[86.58713,21.11774],[86.58743,21.11757],[86.58772,21.11527],[86.58875,21.11321],[86.59311,21.10912],[86.59328,21.10726],[86.58749,21.10824],[86.58537,21.10829],[86.58039,21.10953],[86.57623,21.10948],[86.57452,21.10915],[86.57201,21.10988]]]}},{"type":"Feature","properties":{"LCODE":"050170012001200062","LOCATION":"CHANDIPUR","V_TYPE":"VILLAGE","BLOCK":"BONTH","DISTRICT":"BHADRAK"},"geometry":{"type":"Polygon","coordinates":[[[86.31696,21.10755],[86.31828,21.1098],[86.3209,21.11109],[86.32131,21.11155],[86.32215,21.11483],[86.32281,21.11598],[86.32462,21.11742],[86.32742,21.11692],[86.33131,21.11494],[86.33195,21.11432],[86.33284,21.11279],[86.33412,21.10811],[86.33498,21.10628],[86.33167,21.10698],[86.32776,21.10945],[86.32604,21.10969],[86.324,21.10916],[86.32244,21.10771],[86.32072,21.10765],[86.31843,21.10659],[86.31742,21.10659],[86.31696,21.10755]]]}},{"type":"Feature","properties":{"LCODE":"050210013001300079","LOCATION":"KIAPADA","V_TYPE":"VILLAGE","BLOCK":"BASUDEVPUR","DISTRICT":"BHADRAK"},"geometry":{"type":"Polygon","coordinates":[[[86.69509,21.10586],[86.69611,21.10863],[86.69729,21.11316],[86.70005,21.11699],[86.70279,21.11621],[86.70566,21.1148],[86.70631,21.11473],[86.70776,21.11658],[86.70865,21.11698],[86.71021,21.11669],[86.71134,21.11569],[86.70902,21.11331],[86.70367,21.11018],[86.70222,21.10886],[86.69992,21.10423],[86.69861,21.10225],[86.69677,21.10182],[86.69619,21.10227],[86.69569,21.10295],[86.69509,21.10586]]]}},{"type":"Feature","properties":{"LCODE":"050190011001100037","LOCATION":"KUSUNNAGAR","V_TYPE":"VILLAGE","BLOCK":"BHADRAK","DISTRICT":"BHADRAK"},"geometry":{"type":"Polygon","coordinates":[[[86.4194,21.08395],[86.41978,21.0849],[86.42093,21.08589],[86.42307,21.08702],[86.42333,21.09107],[86.42508,21.09634],[86.42518,21.09886],[86.42608,21.09901],[86.42805,21.10038],[86.43009,21.10282],[86.43101,21.10319],[86.43257,21.10456],[86.43405,21.10654],[86.43521,21.10921],[86.43694,21.1108],[86.43802,21.11286],[86.43876,21.1137],[86.44081,21.11529],[86.44204,21.11597],[86.4464,21.1144],[86.44782,21.11281],[86.44543,21.10885],[86.43991,21.10284],[86.43876,21.10093],[86.4353,21.09667],[86.43217,21.09424],[86.43102,21.09264],[86.42928,21.08913],[86.42486,21.08663],[86.42239,21.08412],[86.42075,21.08375],[86.4194,21.08395]]]}},{"type":"Feature","properties":{"LCODE":"050210013001300080","LOCATION":"BAGDABINAYAKPUR","V_TYPE":"VILLAGE","BLOCK":"BASUDEVPUR","DISTRICT":"BHADRAK"},"geometry":{"type":"Polygon","coordinates":[[[86.69861,21.10225],[86.69992,21.10423],[86.70222,21.10886],[86.70367,21.11018],[86.70902,21.11331],[86.71134,21.11569],[86.7125,21.11519],[86.7134,21.11529],[86.71406,21.11444],[86.71529,21.11392],[86.72532,21.11128],[86.72471,21.10991],[86.72456,21.10822],[86.7251,21.10409],[86.72478,21.10302],[86.72414,21.10224],[86.72236,21.10146],[86.71888,21.09927],[86.71671,21.09725],[86.71408,21.09829],[86.70846,21.09875],[86.7051,21.10001],[86.70225,21.09997],[86.69861,21.10225]]]}},{"type":"Feature","properties":{"LCODE":"050210013001300066","LOCATION":"GARUDAPUR","V_TYPE":"VILLAGE","BLOCK":"BASUDEVPUR","DISTRICT":"BHADRAK"},"geometry":{"type":"Polygon","coordinates":[[[86.68793,21.11274],[86.68841,21.11378],[86.68989,21.11505],[86.69157,21.11416],[86.69244,21.11217],[86.69183,21.11232],[86.68949,21.1114],[86.68867,21.11146],[86.68807,21.11176],[86.68793,21.11274]]]}},{"type":"Feature","properties":{"LCODE":"050190011001100024","LOCATION":"TISALPUR","V_TYPE":"VILLAGE","BLOCK":"BHADRAK","DISTRICT":"BHADRAK"},"geometry":{"type":"Polygon","coordinates":[[[86.53153,21.10631],[86.53163,21.10842],[86.53378,21.10887],[86.53854,21.11322],[86.53947,21.11491],[86.54146,21.1141],[86.54464,21.11368],[86.54273,21.10982],[86.54315,21.10921],[86.54422,21.10869],[86.54456,21.1077],[86.54441,21.10647],[86.54164,21.10613],[86.54075,21.10566],[86.53979,21.10472],[86.53844,21.10149],[86.53725,21.10004],[86.5341,21.10335],[86.53179,21.10508],[86.53153,21.10631]]]}},{"type":"Feature","properties":{"LCODE":"050170012001200077","LOCATION":"CHHUALSING","V_TYPE":"VILLAGE","BLOCK":"BONTH","DISTRICT":"BHADRAK"},"geometry":{"type":"Polygon","coordinates":[[[86.3736,21.10876],[86.37785,21.11057],[86.37843,21.1111],[86.37868,21.11179],[86.37878,21.1134],[86.38106,21.11308],[86.38522,21.11206],[86.38709,21.11129],[86.38794,21.11128],[86.38961,21.10875],[86.38937,21.10814],[86.38666,21.1067],[86.38451,21.10304],[86.3825,21.10081],[86.38263,21.10236],[86.3819,21.10359],[86.38092,21.1039],[86.38003,21.10482],[86.37791,21.10522],[86.37538,21.10645],[86.374,21.10768],[86.3736,21.10876]]]}},{"type":"Feature","properties":{"LCODE":"050170012001200081","LOCATION":"BINAYAKPUR","V_TYPE":"VILLAGE","BLOCK":"BONTH","DISTRICT":"BHADRAK"},"geometry":{"type":"Polygon","coordinates":[[[86.39342,21.10614],[86.39411,21.10888],[86.3951,21.11094],[86.39778,21.11338],[86.40099,21.11236],[86.40311,21.11105],[86.40451,21.11055],[86.40499,21.10778],[86.40079,21.10495],[86.39939,21.10465],[86.39719,21.10474],[86.39342,21.10614]]]}},{"type":"Feature","properties":{"LCODE":"050220013001300004","LOCATION":"KISMATKRUSHNAPUR","V_TYPE":"VILLAGE","BLOCK":"BASUDEVPUR","DISTRICT":"BHADRAK"},"geometry":{"type":"Polygon","coordinates":[[[86.76793,21.07303],[86.77026,21.07542],[86.77434,21.0784],[86.77687,21.08138],[86.77932,21.0849],[86.7803,21.08551],[86.78242,21.0862],[86.78373,21.08711],[86.7874,21.09086],[86.78813,21.09185],[86.79009,21.09675],[86.79222,21.09889],[86.79801,21.10623],[86.79932,21.10753],[86.79997,21.10783],[86.80169,21.10783],[86.80683,21.10515],[86.80895,21.10461],[86.81368,21.10492],[86.8185,21.10621],[86.82274,21.10774],[86.82372,21.10835],[86.82404,21.10873],[86.82359,21.11196],[86.83024,21.11304],[86.83592,21.09524],[86.82575,21.09076],[86.81089,21.08182],[86.80649,21.07884],[86.80576,21.07816],[86.80567,21.0777],[86.80917,21.07448],[86.8095,21.07364],[86.80934,21.07303],[86.80828,21.07242],[86.80453,21.07265],[86.8011,21.07235],[86.80257,21.06669],[86.80215,21.06363],[86.80158,21.06317],[86.79971,21.06363],[86.79791,21.06317],[86.79546,21.06363],[86.79522,21.0644],[86.79522,21.07089],[86.79482,21.07189],[86.79245,21.07327],[86.78731,21.07411],[86.78658,21.07404],[86.78511,21.07312],[86.78282,21.07304],[86.78201,21.0735],[86.78087,21.07511],[86.78005,21.07572],[86.77834,21.07679],[86.7776,21.07679],[86.77695,21.07656],[86.77605,21.07519],[86.77156,21.07029],[86.77067,21.06953],[86.76848,21.06847],[86.76822,21.07236],[86.76793,21.07303]]]}},{"type":"Feature","properties":{"LCODE":"050210013001300067","LOCATION":"AYATPUR","V_TYPE":"VILLAGE","BLOCK":"BASUDEVPUR","DISTRICT":"BHADRAK"},"geometry":{"type":"Polygon","coordinates":[[[86.68797,21.10891],[86.68812,21.10967],[86.68916,21.11122],[86.69183,21.11232],[86.69421,21.11182],[86.69585,21.11092],[86.69674,21.11086],[86.69528,21.1068],[86.69328,21.10775],[86.69124,21.1078],[86.68954,21.10709],[86.6883,21.10776],[86.68797,21.10891]]]}},{"type":"Feature","properties":{"LCODE":"050190011001100043","LOCATION":"CHARAMPA","V_TYPE":"VILLAGE","BLOCK":"BHADRAK","DISTRICT":"BHADRAK"},"geometry":{"type":"Polygon","coordinates":[[[86.50534,21.10059],[86.50764,21.10723],[86.50845,21.10871],[86.50885,21.10863],[86.51005,21.11025],[86.5125,21.10998],[86.51635,21.10818],[86.51741,21.10812],[86.51912,21.10853],[86.52455,21.11082],[86.52641,21.11191],[86.53163,21.10842],[86.53166,21.1054],[86.52982,21.10061],[86.52901,21.0996],[86.5275,21.09636],[86.5272,21.09506],[86.52731,21.09268],[86.52693,21.09061],[86.52719,21.08923],[86.52696,21.08808],[86.52551,21.08698],[86.52372,21.0865],[86.5237,21.08811],[86.52435,21.08904],[86.52496,21.09158],[86.52478,21.0928],[86.5242,21.09387],[86.52362,21.09432],[86.51888,21.09572],[86.51445,21.09773],[86.51339,21.09772],[86.51186,21.09678],[86.51071,21.09684],[86.50918,21.0959],[86.50852,21.09628],[86.50644,21.09985],[86.50534,21.10059]]]}},{"type":"Feature","properties":{"LCODE":"050210013001300081","LOCATION":"KHARIDABINAYAKPUR","V_TYPE":"VILLAGE","BLOCK":"BASUDEVPUR","DISTRICT":"BHADRAK"},"geometry":{"type":"Polygon","coordinates":[[[86.71684,21.0974],[86.71888,21.09927],[86.72236,21.10146],[86.72414,21.10224],[86.72478,21.10302],[86.7251,21.10409],[86.72456,21.10822],[86.72471,21.10991],[86.72532,21.11128],[86.73108,21.10861],[86.7319,21.10747],[86.73048,21.10324],[86.73148,21.10195],[86.73689,21.09888],[86.73912,21.09677],[86.74069,21.09465],[86.74266,21.09329],[86.74506,21.08965],[86.74618,21.08522],[86.74742,21.0834],[86.75044,21.08007],[86.74884,21.08005],[86.74565,21.08093],[86.74475,21.08153],[86.74211,21.08441],[86.74061,21.08737],[86.73789,21.08979],[86.73691,21.09031],[86.73592,21.09076],[86.7334,21.09118],[86.72907,21.09136],[86.72433,21.09283],[86.72007,21.09476],[86.71684,21.0974]]]}},{"type":"Feature","properties":{"LCODE":"050170012001200059","LOCATION":"KUMBHAKARA","V_TYPE":"VILLAGE","BLOCK":"BONTH","DISTRICT":"BHADRAK"},"geometry":{"type":"Polygon","coordinates":[[[86.30511,21.10397],[86.30721,21.10768],[86.31005,21.11118],[86.31712,21.10744],[86.31792,21.10483],[86.31595,21.10109],[86.31511,21.09819],[86.31293,21.09559],[86.31007,21.09611],[86.30901,21.09714],[86.30545,21.09916],[86.3053,21.09959],[86.30675,21.10211],[86.30578,21.10291],[86.30511,21.10397]]]}},{"type":"Feature","properties":{"LCODE":"050170012001200073","LOCATION":"KANTIGADIA","V_TYPE":"VILLAGE","BLOCK":"BONTH","DISTRICT":"BHADRAK"},"geometry":{"type":"Polygon","coordinates":[[[86.36124,21.10454],[86.36203,21.10979],[86.36532,21.11087],[86.36666,21.11047],[86.36731,21.11001],[86.36787,21.10848],[86.36795,21.10726],[86.3686,21.10633],[86.36922,21.1009],[86.36832,21.10037],[86.36636,21.10107],[86.36256,21.1007],[86.36155,21.10239],[86.36124,21.10454]]]}},{"type":"Feature","properties":{"LCODE":"050170012001200072","LOCATION":"TIRKONA","V_TYPE":"VILLAGE","BLOCK":"BONTH","DISTRICT":"BHADRAK"},"geometry":{"type":"Polygon","coordinates":[[[86.35072,21.10994],[86.35089,21.11017],[86.35473,21.11],[86.36118,21.1102],[86.36216,21.10973],[86.36124,21.10454],[86.36155,21.10239],[86.36256,21.1007],[86.35982,21.10003],[86.35744,21.10026],[86.35712,21.10081],[86.35722,21.10188],[86.35796,21.10348],[86.35502,21.10411],[86.35364,21.10549],[86.35285,21.10525],[86.35234,21.10749],[86.3508,21.10941],[86.35072,21.10994]]]}},{"type":"Feature","properties":{"LCODE":"050190011001100050","LOCATION":"BALANTA","V_TYPE":"VILLAGE","BLOCK":"BHADRAK","DISTRICT":"BHADRAK"},"geometry":{"type":"Polygon","coordinates":[[[86.56956,21.10878],[86.57143,21.10896],[86.57201,21.10988],[86.57452,21.10915],[86.57623,21.10948],[86.58039,21.10953],[86.58537,21.10829],[86.59133,21.10768],[86.59328,21.10726],[86.59328,21.10688],[86.59125,21.09957],[86.58982,21.09869],[86.58809,21.09974],[86.58482,21.10116],[86.57693,21.10581],[86.56956,21.10878]]]}},{"type":"Feature","properties":{"LCODE":"050170012001200063","LOCATION":"MALTIRA","V_TYPE":"VILLAGE","BLOCK":"BONTH","DISTRICT":"BHADRAK"},"geometry":{"type":"Polygon","coordinates":[[[86.32242,21.10486],[86.32244,21.10771],[86.324,21.10916],[86.32604,21.10969],[86.32776,21.10945],[86.33167,21.10698],[86.3343,21.10633],[86.33312,21.10475],[86.33312,21.10361],[86.33254,21.103],[86.32936,21.10363],[86.3278,21.1034],[86.32716,21.1041],[86.32511,21.10411],[86.32242,21.10486]]]}},{"type":"Feature","properties":{"LCODE":"050170012001200075","LOCATION":"BRAHMAPUR","V_TYPE":"VILLAGE","BLOCK":"BONTH","DISTRICT":"BHADRAK"},"geometry":{"type":"Polygon","coordinates":[[[86.36775,21.10887],[86.36959,21.10786],[86.37057,21.1077],[86.3736,21.10876],[86.374,21.10768],[86.37538,21.10645],[86.37791,21.10522],[86.38003,21.10482],[86.38113,21.10382],[86.37912,21.10276],[86.37683,21.10239],[86.37609,21.10163],[86.37527,21.10163],[86.37454,21.10217],[86.37258,21.10287],[86.3716,21.10288],[86.36922,21.10133],[86.36882,21.10282],[86.3686,21.10633],[86.36795,21.10726],[86.36775,21.10887]]]}},{"type":"Feature","properties":{"LCODE":"050190011001100049","LOCATION":"CHANDIGAN","V_TYPE":"VILLAGE","BLOCK":"BHADRAK","DISTRICT":"BHADRAK"},"geometry":{"type":"Polygon","coordinates":[[[86.56247,21.09566],[86.56262,21.09681],[86.56333,21.09835],[86.56324,21.09943],[86.56258,21.10034],[86.56248,21.1016],[86.56386,21.10196],[86.56499,21.10305],[86.56956,21.10878],[86.57693,21.10581],[86.58482,21.10116],[86.58809,21.09974],[86.58982,21.09869],[86.58707,21.09659],[86.5838,21.09095],[86.58162,21.08939],[86.57922,21.08817],[86.57655,21.09032],[86.57525,21.09077],[86.57375,21.09084],[86.57295,21.09143],[86.57196,21.09264],[86.57095,21.09531],[86.56742,21.09718],[86.56604,21.09724],[86.56306,21.09418],[86.56247,21.09566]]]}},{"type":"Feature","properties":{"LCODE":"050210013001300068","LOCATION":"NARENDRAPUR","V_TYPE":"VILLAGE","BLOCK":"BASUDEVPUR","DISTRICT":"BHADRAK"},"geometry":{"type":"Polygon","coordinates":[[[86.68413,21.10075],[86.68628,21.10634],[86.68808,21.10839],[86.6883,21.10776],[86.68954,21.10709],[86.69124,21.1078],[86.69328,21.10775],[86.69528,21.1068],[86.69509,21.10586],[86.69535,21.10425],[86.69478,21.1044],[86.69405,21.10401],[86.69309,21.10246],[86.69318,21.10193],[86.69376,21.1017],[86.69392,21.10132],[86.69313,21.09963],[86.6933,21.09909],[86.69404,21.09864],[86.69541,21.09837],[86.69545,21.09636],[86.69412,21.09114],[86.69447,21.08938],[86.69579,21.08729],[86.69573,21.08611],[86.69107,21.08743],[86.68848,21.08934],[86.68797,21.09497],[86.68413,21.10075]]]}},{"type":"Feature","properties":{"LCODE":"050170012001200082","LOCATION":"HATADIHI","V_TYPE":"VILLAGE","BLOCK":"BONTH","DISTRICT":"BHADRAK"},"geometry":{"type":"Polygon","coordinates":[[[86.3825,21.10081],[86.38451,21.10304],[86.38666,21.1067],[86.38947,21.10838],[86.39238,21.10713],[86.39344,21.10621],[86.39269,21.10453],[86.38876,21.10233],[86.38769,21.10119],[86.38727,21.09875],[86.38669,21.09806],[86.38473,21.09759],[86.38392,21.0996],[86.3825,21.10081]]]}},{"type":"Feature","properties":{"LCODE":"050190011001100039","LOCATION":"OLANG","V_TYPE":"VILLAGE","BLOCK":"BHADRAK","DISTRICT":"BHADRAK"},"geometry":{"type":"Polygon","coordinates":[[[86.43204,21.09404],[86.4353,21.09667],[86.43876,21.10093],[86.43991,21.10284],[86.44489,21.10832],[86.44623,21.10693],[86.44884,21.10555],[86.44998,21.10546],[86.45097,21.10576],[86.45392,21.10735],[86.45538,21.10712],[86.461,21.10403],[86.46368,21.10218],[86.46675,21.09926],[86.46585,21.09575],[86.46661,21.09311],[86.46567,21.09239],[86.4631,21.08721],[86.46357,21.08422],[86.46462,21.08292],[86.46437,21.08246],[86.46323,21.08224],[86.46078,21.0824],[86.4553,21.08212],[86.45194,21.081],[86.44995,21.07981],[86.4495,21.08185],[86.44913,21.08835],[86.44881,21.08911],[86.44868,21.09401],[86.44827,21.09454],[86.44754,21.09477],[86.44305,21.09449],[86.43896,21.09505],[86.43204,21.09404]]]}},{"type":"Feature","properties":{"LCODE":"050170012001200061","LOCATION":"KHAJURIGADIA","V_TYPE":"VILLAGE","BLOCK":"BONTH","DISTRICT":"BHADRAK"},"geometry":{"type":"Polygon","coordinates":[[[86.31293,21.09559],[86.31511,21.09819],[86.31595,21.10109],[86.31792,21.10483],[86.31742,21.10659],[86.31843,21.10659],[86.32137,21.1078],[86.32244,21.10771],[86.32242,21.10486],[86.32037,21.10313],[86.32077,21.10183],[86.32134,21.10137],[86.32289,21.10129],[86.32298,21.1009],[86.32043,21.09824],[86.32018,21.09694],[86.32041,21.0964],[86.32107,21.09594],[86.32065,21.09464],[86.31824,21.09287],[86.31534,21.09482],[86.31293,21.09559]]]}},{"type":"Feature","properties":{"LCODE":"050190012001200035","LOCATION":"GANIJANG","V_TYPE":"VILLAGE","BLOCK":"BONTH","DISTRICT":"BHADRAK"},"geometry":{"type":"Polygon","coordinates":[[[86.39234,21.10048],[86.39293,21.10254],[86.39342,21.10614],[86.39629,21.10489],[86.39939,21.10465],[86.40079,21.10495],[86.40499,21.10778],[86.40562,21.10699],[86.40977,21.1049],[86.41442,21.10327],[86.41543,21.10339],[86.41683,21.09715],[86.41748,21.09599],[86.41975,21.094],[86.42361,21.09225],[86.42333,21.09107],[86.42332,21.08878],[86.41843,21.09026],[86.41402,21.09242],[86.41248,21.09281],[86.41158,21.0935],[86.40897,21.09405],[86.40645,21.09551],[86.40401,21.09744],[86.39887,21.09915],[86.39234,21.10048]]]}},{"type":"Feature","properties":{"LCODE":"050190011001100045","LOCATION":"KORABARUAN","V_TYPE":"VILLAGE","BLOCK":"BHADRAK","DISTRICT":"BHADRAK"},"geometry":{"type":"Polygon","coordinates":[[[86.5409,21.09385],[86.54123,21.09347],[86.54189,21.09364],[86.54407,21.09489],[86.54552,21.09537],[86.54689,21.097],[86.54899,21.09856],[86.54978,21.10056],[86.55034,21.10126],[86.55139,21.10181],[86.55202,21.10434],[86.55199,21.10572],[86.55231,21.10626],[86.55296,21.1065],[86.55402,21.10652],[86.55688,21.10563],[86.55837,21.10442],[86.55968,21.10379],[86.55978,21.10299],[86.56101,21.10185],[86.56248,21.1016],[86.56258,21.10034],[86.56324,21.09943],[86.56333,21.09835],[86.56247,21.0962],[86.56264,21.09497],[86.56306,21.09444],[86.56299,21.09337],[86.56187,21.09159],[86.55553,21.08354],[86.55491,21.082],[86.55442,21.08176],[86.54984,21.08206],[86.54977,21.08239],[86.54829,21.08344],[86.5464,21.08449],[86.54386,21.08569],[86.54259,21.08595],[86.54243,21.0892],[86.5409,21.09385]]]}},{"type":"Feature","properties":{"LCODE":"050170012001200064","LOCATION":"PADHANPADA","V_TYPE":"VILLAGE","BLOCK":"BONTH","DISTRICT":"BHADRAK"},"geometry":{"type":"Polygon","coordinates":[[[86.31341,21.08302],[86.31438,21.08419],[86.31471,21.08503],[86.31522,21.08893],[86.31573,21.09069],[86.31671,21.09183],[86.32065,21.09464],[86.32106,21.09548],[86.32107,21.09594],[86.32041,21.0964],[86.32018,21.09694],[86.32043,21.09824],[86.32298,21.1009],[86.32289,21.10129],[86.32134,21.10137],[86.32077,21.10183],[86.32037,21.10313],[86.32242,21.10486],[86.32511,21.10411],[86.32716,21.1041],[86.3278,21.1034],[86.32936,21.10363],[86.33254,21.103],[86.33312,21.10361],[86.33312,21.10475],[86.33353,21.10544],[86.3343,21.10633],[86.33498,21.10628],[86.33542,21.10574],[86.33827,21.10404],[86.3425,21.10035],[86.34567,21.09843],[86.34468,21.09605],[86.34411,21.09552],[86.34263,21.09514],[86.34068,21.09546],[86.33936,21.09508],[86.33805,21.09364],[86.33517,21.09143],[86.33297,21.09083],[86.32954,21.09062],[86.32621,21.08792],[86.32454,21.08858],[86.32291,21.08828],[86.31921,21.08509],[86.31728,21.08256],[86.31474,21.08231],[86.31341,21.08302]]]}},{"type":"Feature","properties":{"LCODE":"050170012001200068","LOCATION":"PADIAPADA","V_TYPE":"VILLAGE","BLOCK":"BONTH","DISTRICT":"BHADRAK"},"geometry":{"type":"Polygon","coordinates":[[[86.34996,21.09874],[86.35182,21.10145],[86.35241,21.10496],[86.35323,21.10549],[86.35413,21.10518],[86.35502,21.10411],[86.35796,21.10348],[86.35722,21.10188],[86.35712,21.10081],[86.3585,21.09759],[86.35833,21.0969],[86.35792,21.0966],[86.35457,21.09631],[86.35399,21.0957],[86.35359,21.09419],[86.35236,21.09479],[86.35041,21.09839],[86.34996,21.09874]]]}},{"type":"Feature","properties":{"LCODE":"050170012001200083","LOCATION":"BAGADAKASIPUR","V_TYPE":"VILLAGE","BLOCK":"BONTH","DISTRICT":"BHADRAK"},"geometry":{"type":"Polygon","coordinates":[[[86.38473,21.09759],[86.38669,21.09806],[86.38727,21.09875],[86.38769,21.10119],[86.38876,21.10233],[86.39269,21.10453],[86.39317,21.1054],[86.39293,21.10254],[86.39234,21.10048],[86.39298,21.0981],[86.39478,21.09733],[86.39747,21.09678],[86.40139,21.09646],[86.40188,21.09623],[86.40228,21.095],[86.40137,21.0937],[86.39565,21.0922],[86.39417,21.09084],[86.39309,21.08931],[86.39203,21.08962],[86.39261,21.09031],[86.39286,21.09115],[86.3922,21.09161],[86.38943,21.09231],[86.38886,21.093],[86.38756,21.09354],[86.38715,21.09408],[86.38733,21.09553],[86.3857,21.09623],[86.38473,21.09759]]]}},{"type":"Feature","properties":{"LCODE":"050190011001100044","LOCATION":"EREI","V_TYPE":"VILLAGE","BLOCK":"BHADRAK","DISTRICT":"BHADRAK"},"geometry":{"type":"Polygon","coordinates":[[[86.52294,21.08569],[86.52356,21.08642],[86.52608,21.08722],[86.52696,21.08808],[86.52719,21.08923],[86.52693,21.09061],[86.52731,21.09268],[86.5272,21.09506],[86.5275,21.09636],[86.52901,21.0996],[86.52982,21.10061],[86.53166,21.1054],[86.53666,21.10077],[86.53799,21.09872],[86.53963,21.09721],[86.54243,21.0892],[86.54271,21.08652],[86.54256,21.08575],[86.53999,21.08227],[86.53784,21.0784],[86.53402,21.07797],[86.5328,21.0775],[86.53216,21.07672],[86.53032,21.0675],[86.52952,21.06672],[86.52375,21.06549],[86.52339,21.06809],[86.5246,21.06865],[86.52525,21.06958],[86.52628,21.07189],[86.52658,21.0732],[86.52656,21.07511],[86.52601,21.07955],[86.52425,21.08398],[86.52294,21.08569]]]}},{"type":"Feature","properties":{"LCODE":"050210013001300078","LOCATION":"TAMBAKHANDI","V_TYPE":"VILLAGE","BLOCK":"BASUDEVPUR","DISTRICT":"BHADRAK"},"geometry":{"type":"Polygon","coordinates":[[[86.69309,21.10246],[86.69405,21.10401],[86.69478,21.1044],[86.69535,21.10425],[86.69569,21.10295],[86.69619,21.10227],[86.69677,21.10182],[86.69808,21.10211],[86.69832,21.10138],[86.69801,21.09954],[86.69753,21.099],[86.69541,21.09837],[86.69404,21.09864],[86.6933,21.09909],[86.69313,21.09963],[86.69392,21.10132],[86.69376,21.1017],[86.69318,21.10193],[86.69309,21.10246]]]}},{"type":"Feature","properties":{"LCODE":"050190012001200034","LOCATION":"ARANJI","V_TYPE":"VILLAGE","BLOCK":"BONTH","DISTRICT":"BHADRAK"},"geometry":{"type":"Polygon","coordinates":[[[86.41543,21.10339],[86.41679,21.10403],[86.41827,21.10394],[86.42168,21.10018],[86.4229,21.09941],[86.42518,21.09886],[86.42508,21.09634],[86.42361,21.09225],[86.41975,21.094],[86.41748,21.09599],[86.41683,21.09715],[86.41543,21.10339]]]}},{"type":"Feature","properties":{"LCODE":"050170012001200074","LOCATION":"PALASA","V_TYPE":"VILLAGE","BLOCK":"BONTH","DISTRICT":"BHADRAK"},"geometry":{"type":"Polygon","coordinates":[[[86.3656,21.09599],[86.36825,21.1004],[86.3716,21.10288],[86.37258,21.10287],[86.37454,21.10217],[86.37527,21.10163],[86.37609,21.10163],[86.37683,21.10239],[86.37912,21.10276],[86.38113,21.10382],[86.38223,21.10328],[86.38263,21.10236],[86.38254,21.1006],[86.38398,21.0995],[86.38317,21.09716],[86.38218,21.09533],[86.38127,21.09449],[86.37939,21.0932],[86.37694,21.09283],[86.37513,21.09139],[86.37423,21.09116],[86.37268,21.09216],[86.37064,21.09279],[86.37024,21.09348],[86.3656,21.09599]]]}},{"type":"Feature","properties":{"LCODE":"050210013001300077","LOCATION":"KAMARGAN","V_TYPE":"VILLAGE","BLOCK":"BASUDEVPUR","DISTRICT":"BHADRAK"},"geometry":{"type":"Polygon","coordinates":[[[86.69534,21.09601],[86.69541,21.09837],[86.69778,21.09923],[86.69825,21.10054],[86.69808,21.10211],[86.69847,21.1023],[86.69913,21.10208],[86.70225,21.09997],[86.703,21.09907],[86.70439,21.09809],[86.70742,21.09652],[86.71471,21.0912],[86.71409,21.09101],[86.71362,21.08917],[86.71413,21.0878],[86.71511,21.08681],[86.71512,21.08645],[86.71439,21.08619],[86.71079,21.08676],[86.70917,21.08659],[86.70787,21.0858],[86.70631,21.08335],[86.70535,21.08562],[86.7027,21.08926],[86.70055,21.09153],[86.69702,21.09401],[86.69534,21.09601]]]}},{"type":"Feature","properties":{"LCODE":"050190011001100042","LOCATION":"BAGAMARA","V_TYPE":"VILLAGE","BLOCK":"BHADRAK","DISTRICT":"BHADRAK"},"geometry":{"type":"Polygon","coordinates":[[[86.46478,21.09063],[86.46567,21.09239],[86.46641,21.09308],[86.46886,21.09276],[86.46984,21.09359],[86.47034,21.09466],[86.47116,21.09527],[86.47688,21.09654],[86.47853,21.09806],[86.48051,21.10172],[86.48264,21.10201],[86.48721,21.10054],[86.49088,21.09868],[86.49404,21.09661],[86.49902,21.09429],[86.49967,21.09303],[86.50092,21.09173],[86.50015,21.0877],[86.49888,21.08642],[86.49666,21.0849],[86.49534,21.08201],[86.49435,21.08117],[86.49216,21.07757],[86.49232,21.08385],[86.49184,21.08538],[86.49088,21.08669],[86.48933,21.08723],[86.4854,21.08794],[86.4841,21.08772],[86.48279,21.08673],[86.48205,21.08658],[86.47625,21.08691],[86.47147,21.08661],[86.46761,21.08925],[86.46478,21.09063]]]}},{"type":"Feature","properties":{"LCODE":"050210013001300071","LOCATION":"BAULAPUR","V_TYPE":"VILLAGE","BLOCK":"BASUDEVPUR","DISTRICT":"BHADRAK"},"geometry":{"type":"Polygon","coordinates":[[[86.65474,21.10136],[86.65881,21.10088],[86.66069,21.10036],[86.66255,21.10108],[86.66336,21.10185],[86.66523,21.10188],[86.66618,21.10109],[86.66639,21.10013],[86.66714,21.09891],[86.66682,21.09876],[86.66653,21.09746],[86.66318,21.09813],[86.66,21.09964],[86.65749,21.0999],[86.65684,21.10041],[86.65546,21.10033],[86.65474,21.10136]]]}},{"type":"Feature","properties":{"LCODE":"050170012001200071","LOCATION":"GOHIRAPADI","V_TYPE":"VILLAGE","BLOCK":"BONTH","DISTRICT":"BHADRAK"},"geometry":{"type":"Polygon","coordinates":[[[86.35718,21.09607],[86.35833,21.0969],[86.3585,21.09759],[86.35744,21.10026],[86.35982,21.10003],[86.36497,21.10107],[86.36636,21.10107],[86.36825,21.1004],[86.366,21.09641],[86.36354,21.09366],[86.3606,21.09452],[86.35774,21.09484],[86.35734,21.09515],[86.35718,21.09607]]]}},{"type":"Feature","properties":{"LCODE":"050210013001300069","LOCATION":"BHUISAHI","V_TYPE":"VILLAGE","BLOCK":"BASUDEVPUR","DISTRICT":"BHADRAK"},"geometry":{"type":"Polygon","coordinates":[[[86.67516,21.0958],[86.67583,21.09821],[86.67652,21.09796],[86.67717,21.09812],[86.68358,21.10096],[86.68465,21.10013],[86.68672,21.0971],[86.68797,21.09497],[86.68797,21.09435],[86.68675,21.09411],[86.68487,21.09493],[86.68233,21.09551],[86.67966,21.09501],[86.67902,21.0934],[86.67905,21.09148],[86.67791,21.09093],[86.6773,21.09437],[86.67567,21.09466],[86.67517,21.09503],[86.67516,21.0958]]]}},{"type":"Feature","properties":{"LCODE":"05019001100110TOWN","LOCATION":"BHADRAK TOWN","V_TYPE":"TOWN","BLOCK":"BHADRAK","DISTRICT":"BHADRAK"},"geometry":{"type":"Polygon","coordinates":[[[86.47085,21.05587],[86.47123,21.0569],[86.47272,21.05911],[86.47362,21.05995],[86.47502,21.06254],[86.47733,21.06498],[86.47855,21.06505],[86.48304,21.06418],[86.48435,21.06425],[86.48476,21.06471],[86.48724,21.06821],[86.48923,21.07294],[86.49294,21.07858],[86.49328,21.07965],[86.49435,21.08117],[86.49534,21.08201],[86.49666,21.0849],[86.49888,21.08642],[86.50015,21.0877],[86.50092,21.09173],[86.49942,21.09345],[86.49916,21.0942],[86.49967,21.09528],[86.50014,21.09589],[86.50127,21.09641],[86.50248,21.0975],[86.50455,21.10044],[86.50545,21.10061],[86.50644,21.09985],[86.50852,21.09628],[86.50918,21.0959],[86.51071,21.09684],[86.51186,21.09678],[86.51339,21.09772],[86.51445,21.09773],[86.51888,21.09572],[86.52362,21.09432],[86.5242,21.09387],[86.52478,21.0928],[86.52496,21.09158],[86.52435,21.08904],[86.5237,21.08811],[86.52372,21.0865],[86.5218,21.0841],[86.52115,21.08379],[86.51949,21.07939],[86.51849,21.07562],[86.51777,21.07431],[86.51771,21.07301],[86.51805,21.07148],[86.5188,21.07018],[86.52003,21.06966],[86.52247,21.06977],[86.52348,21.06787],[86.52363,21.06572],[86.52264,21.06333],[86.52234,21.06087],[86.52367,21.05874],[86.52515,21.05754],[86.52621,21.0574],[86.52768,21.05757],[86.52881,21.05835],[86.53194,21.06207],[86.53463,21.06211],[86.5384,21.06032],[86.53889,21.05963],[86.53842,21.05871],[86.53608,21.05707],[86.53568,21.05645],[86.53593,21.05576],[86.53658,21.05562],[86.53683,21.05508],[86.53654,21.05324],[86.53671,21.05263],[86.53974,21.05091],[86.54098,21.04954],[86.54385,21.04812],[86.54533,21.04646],[86.54543,21.04526],[86.54504,21.04431],[86.54407,21.04368],[86.54367,21.04306],[86.54387,21.04015],[86.5434,21.03884],[86.54194,21.03805],[86.54002,21.03573],[86.53844,21.03172],[86.53772,21.03033],[86.53699,21.02986],[86.53513,21.02953],[86.53262,21.03402],[86.5313,21.03531],[86.52991,21.03605],[86.5291,21.03574],[86.52855,21.0345],[86.52867,21.03098],[86.52812,21.02975],[86.52667,21.02819],[86.52562,21.02795],[86.52472,21.02832],[86.5232,21.03229],[86.52229,21.03319],[86.52155,21.03341],[86.52074,21.0331],[86.51842,21.02985],[86.51512,21.02735],[86.51488,21.02681],[86.51514,21.02574],[86.51671,21.02377],[86.51681,21.02269],[86.51282,21.01635],[86.51201,21.01604],[86.5107,21.01648],[86.50828,21.01491],[86.50539,21.01173],[86.50491,21.01027],[86.50292,21.00717],[86.50203,21.0067],[86.50146,21.00677],[86.5,21.00726],[86.49843,21.00841],[86.50124,21.01144],[86.50755,21.02058],[86.51019,21.02483],[86.51073,21.02683],[86.51025,21.03258],[86.50965,21.03456],[86.51002,21.03733],[86.51111,21.04148],[86.51124,21.04371],[86.51014,21.04691],[86.50923,21.0479],[86.50661,21.04932],[86.50555,21.04931],[86.50458,21.04845],[86.50426,21.04783],[86.50452,21.0463],[86.50668,21.04311],[86.50662,21.04211],[86.50511,21.03926],[86.50488,21.03841],[86.50505,21.03793],[86.50286,21.03692],[86.49999,21.03636],[86.49878,21.03668],[86.49634,21.03807],[86.49562,21.03975],[86.49532,21.04273],[86.49527,21.04846],[86.49596,21.05427],[86.49337,21.05711],[86.49092,21.0578],[86.48937,21.05774],[86.48822,21.05736],[86.4874,21.05629],[86.48608,21.05546],[86.48437,21.05501],[86.48021,21.05602],[86.47309,21.05468],[86.47089,21.05499],[86.47085,21.05587]]]}},{"type":"Feature","properties":{"LCODE":"050190012001200036","LOCATION":"HASINPUR","V_TYPE":"VILLAGE","BLOCK":"BONTH","DISTRICT":"BHADRAK"},"geometry":{"type":"Polygon","coordinates":[[[86.39234,21.10048],[86.39887,21.09915],[86.40401,21.09744],[86.40645,21.09551],[86.40897,21.09405],[86.41158,21.0935],[86.41248,21.09281],[86.41402,21.09242],[86.41843,21.09026],[86.42332,21.08878],[86.42307,21.08702],[86.42093,21.08589],[86.41978,21.0849],[86.41853,21.08108],[86.41844,21.07917],[86.4189,21.07873],[86.41769,21.0781],[86.41655,21.07788],[86.41386,21.07782],[86.41026,21.07845],[86.40855,21.07907],[86.40578,21.08122],[86.40321,21.0862],[86.4019,21.08713],[86.40084,21.08744],[86.40068,21.0879],[86.40102,21.08927],[86.40077,21.08965],[86.40037,21.08989],[86.39898,21.08974],[86.39832,21.08883],[86.39799,21.08883],[86.39767,21.08944],[86.39669,21.0896],[86.39644,21.08929],[86.39643,21.08807],[86.39586,21.08777],[86.3944,21.08923],[86.39328,21.08931],[86.39417,21.09084],[86.39565,21.0922],[86.40137,21.0937],[86.40228,21.095],[86.40188,21.09623],[86.40065,21.09669],[86.39747,21.09678],[86.3938,21.09764],[86.39298,21.0981],[86.39234,21.10048]]]}},{"type":"Feature","properties":{"LCODE":"050210013001300082","LOCATION":"BELASAUNLIA","V_TYPE":"VILLAGE","BLOCK":"BASUDEVPUR","DISTRICT":"BHADRAK"},"geometry":{"type":"Polygon","coordinates":[[[86.70225,21.09997],[86.7051,21.10001],[86.70846,21.09875],[86.71408,21.09829],[86.71605,21.09739],[86.71684,21.0974],[86.72007,21.09476],[86.72433,21.09283],[86.72907,21.09136],[86.7334,21.09118],[86.73592,21.09076],[86.73789,21.08979],[86.74061,21.08737],[86.74211,21.08441],[86.74401,21.08221],[86.74584,21.08087],[86.74397,21.07919],[86.74264,21.07663],[86.74168,21.07554],[86.74139,21.07437],[86.74014,21.07265],[86.73463,21.06197],[86.73344,21.06097],[86.72785,21.06332],[86.7253,21.06536],[86.72373,21.06733],[86.72314,21.06877],[86.72224,21.0693],[86.72118,21.06951],[86.71403,21.06812],[86.71321,21.06841],[86.71263,21.06902],[86.7123,21.06993],[86.71271,21.07112],[86.71449,21.07058],[86.71619,21.07113],[86.71772,21.07284],[86.71819,21.07422],[86.72072,21.0741],[86.72194,21.0745],[86.7229,21.07581],[86.72305,21.07658],[86.7219,21.07787],[86.72001,21.07922],[86.71747,21.08049],[86.71458,21.08359],[86.71423,21.08512],[86.7146,21.08541],[86.71703,21.08378],[86.72136,21.08223],[86.7297,21.07965],[86.73223,21.07915],[86.73729,21.07726],[86.73874,21.07763],[86.74007,21.07843],[86.74056,21.0794],[86.74023,21.08195],[86.7394,21.08275],[86.7347,21.08454],[86.72955,21.08593],[86.72725,21.08705],[86.72112,21.08873],[86.71923,21.08993],[86.71661,21.09097],[86.71471,21.0912],[86.70742,21.09652],[86.703,21.09907],[86.70225,21.09997]]]}},{"type":"Feature","properties":{"LCODE":"050190011001100051","LOCATION":"PAGAR","V_TYPE":"VILLAGE","BLOCK":"BHADRAK","DISTRICT":"BHADRAK"},"geometry":{"type":"Polygon","coordinates":[[[86.57922,21.08817],[86.58162,21.08939],[86.5838,21.09095],[86.58707,21.09659],[86.59125,21.09957],[86.59185,21.09841],[86.59663,21.0957],[86.59859,21.09375],[86.59909,21.09306],[86.59894,21.09207],[86.59937,21.09054],[86.60445,21.08777],[86.60569,21.08679],[86.60677,21.0855],[86.60703,21.08405],[86.60524,21.08356],[86.60443,21.08279],[86.60034,21.08404],[86.59856,21.08378],[86.59661,21.08292],[86.59079,21.07916],[86.58593,21.08324],[86.57922,21.08817]]]}},{"type":"Feature","properties":{"LCODE":"050190012001200082","LOCATION":"KANTIA","V_TYPE":"VILLAGE","BLOCK":"BONTH","DISTRICT":"BHADRAK"},"geometry":{"type":"Polygon","coordinates":[[[86.37848,21.09114],[86.37916,21.0931],[86.38218,21.09533],[86.38317,21.09716],[86.38398,21.0995],[86.3844,21.098],[86.38513,21.0973],[86.3857,21.09623],[86.38733,21.09553],[86.38715,21.09408],[86.38756,21.09354],[86.38886,21.093],[86.38943,21.09231],[86.3922,21.09161],[86.39286,21.09115],[86.39261,21.09031],[86.39203,21.08962],[86.3944,21.08923],[86.39586,21.08777],[86.39643,21.08807],[86.39644,21.08929],[86.39669,21.0896],[86.39767,21.08944],[86.39799,21.08883],[86.39832,21.08883],[86.39898,21.08974],[86.40037,21.08989],[86.40077,21.08965],[86.40102,21.08927],[86.40068,21.0879],[86.40084,21.08744],[86.40272,21.08666],[86.40238,21.08575],[86.40254,21.08445],[86.40367,21.08299],[86.40375,21.08154],[86.40308,21.07993],[86.40356,21.07837],[86.4012,21.07872],[86.40079,21.07926],[86.40014,21.07949],[86.39924,21.07934],[86.39777,21.07855],[86.39696,21.07966],[86.39467,21.0802],[86.38863,21.08069],[86.38667,21.07994],[86.38454,21.08079],[86.38328,21.08081],[86.38324,21.08118],[86.3819,21.08164],[86.38425,21.08706],[86.3841,21.08859],[86.37946,21.09037],[86.37848,21.09114]]]}},{"type":"Feature","properties":{"LCODE":"050210013001300070","LOCATION":"MANMATHPUR","V_TYPE":"VILLAGE","BLOCK":"BASUDEVPUR","DISTRICT":"BHADRAK"},"geometry":{"type":"Polygon","coordinates":[[[86.66381,21.08332],[86.66704,21.09513],[86.66721,21.09633],[86.66653,21.09746],[86.66682,21.09876],[86.67,21.09872],[86.67243,21.09936],[86.67488,21.09894],[86.67587,21.09834],[86.67517,21.09503],[86.67567,21.09466],[86.6773,21.09437],[86.67791,21.09093],[86.67612,21.09022],[86.67448,21.08898],[86.67503,21.09335],[86.67453,21.09403],[86.67274,21.09424],[86.67112,21.09322],[86.67057,21.0916],[86.67067,21.09007],[86.6699,21.08616],[86.67031,21.0857],[86.67316,21.08593],[86.67181,21.08335],[86.67155,21.08097],[86.66621,21.0819],[86.66399,21.08271],[86.66381,21.08332]]]}},{"type":"Feature","properties":{"LCODE":"050190011001100040","LOCATION":"KUAPADA","V_TYPE":"VILLAGE","BLOCK":"BHADRAK","DISTRICT":"BHADRAK"},"geometry":{"type":"Polygon","coordinates":[[[86.46585,21.09575],[86.46675,21.09926],[86.47019,21.09718],[86.47164,21.09543],[86.47034,21.09466],[86.46984,21.09359],[86.46886,21.09276],[86.46661,21.09311],[86.46585,21.09575]]]}},{"type":"Feature","properties":{"LCODE":"050170012001200067","LOCATION":"GHARAPADA","V_TYPE":"VILLAGE","BLOCK":"BONTH","DISTRICT":"BHADRAK"},"geometry":{"type":"Polygon","coordinates":[[[86.34486,21.09661],[86.34551,21.09834],[86.34624,21.09872],[86.34895,21.09909],[86.3496,21.09901],[86.35041,21.09839],[86.35236,21.09479],[86.35398,21.09394],[86.35461,21.08927],[86.35419,21.08751],[86.35303,21.08705],[86.34888,21.08831],[86.34807,21.08846],[86.34742,21.08817],[86.34701,21.08885],[86.34629,21.09237],[86.34491,21.09322],[86.34499,21.09383],[86.34573,21.09467],[86.34573,21.09513],[86.34486,21.09661]]]}},{"type":"Feature","properties":{"LCODE":"050190011001100052","LOCATION":"ERARA","V_TYPE":"VILLAGE","BLOCK":"BHADRAK","DISTRICT":"BHADRAK"},"geometry":{"type":"Polygon","coordinates":[[[86.59663,21.0957],[86.59792,21.09598],[86.6003,21.09824],[86.60164,21.09788],[86.60387,21.09828],[86.60452,21.09784],[86.60468,21.09703],[86.60593,21.09731],[86.6069,21.09675],[86.60719,21.09687],[86.60722,21.09804],[86.60751,21.0982],[86.6107,21.09768],[86.61163,21.09828],[86.61216,21.09828],[86.61346,21.09788],[86.61584,21.09792],[86.61717,21.09739],[86.61749,21.09842],[86.61779,21.09855],[86.61929,21.09822],[86.61978,21.09661],[86.62066,21.09695],[86.62128,21.09687],[86.62156,21.09561],[86.62185,21.09538],[86.62241,21.09532],[86.62342,21.09602],[86.62383,21.09599],[86.62391,21.09507],[86.6244,21.0947],[86.62456,21.09365],[86.62572,21.09437],[86.6268,21.09426],[86.62691,21.09284],[86.62825,21.09261],[86.62851,21.0921],[86.63039,21.09222],[86.63055,21.09287],[86.63099,21.0929],[86.63132,21.09093],[86.63194,21.09068],[86.63233,21.09145],[86.633,21.08995],[86.63239,21.08564],[86.63045,21.0813],[86.62988,21.0806],[86.62967,21.07846],[86.6271,21.07349],[86.62295,21.07437],[86.62,21.07571],[86.61518,21.07695],[86.61185,21.07652],[86.61095,21.07682],[86.61045,21.0775],[86.61035,21.07888],[86.60993,21.07987],[86.60721,21.08236],[86.60679,21.0832],[86.60678,21.08397],[86.60703,21.08405],[86.60677,21.0855],[86.60445,21.08777],[86.59937,21.09054],[86.59894,21.09207],[86.59909,21.09306],[86.59663,21.0957]]]}},{"type":"Feature","properties":{"LCODE":"050190011001100048","LOCATION":"CHANDANPUR","V_TYPE":"VILLAGE","BLOCK":"BHADRAK","DISTRICT":"BHADRAK"},"geometry":{"type":"Polygon","coordinates":[[[86.56431,21.09545],[86.56604,21.09724],[86.56742,21.09718],[86.57095,21.09531],[86.57193,21.09272],[86.56692,21.09242],[86.56535,21.0934],[86.56431,21.09545]]]}},{"type":"Feature","properties":{"LCODE":"050170012001200066","LOCATION":"NILKO","V_TYPE":"VILLAGE","BLOCK":"BONTH","DISTRICT":"BHADRAK"},"geometry":{"type":"Polygon","coordinates":[[[86.33088,21.09077],[86.33297,21.09083],[86.33517,21.09143],[86.33805,21.09364],[86.33936,21.09508],[86.34068,21.09546],[86.34263,21.09514],[86.34337,21.09529],[86.34411,21.09552],[86.34486,21.09661],[86.34573,21.09513],[86.34573,21.09467],[86.34499,21.09383],[86.34491,21.09322],[86.34629,21.09237],[86.34701,21.08885],[86.34742,21.08817],[86.34684,21.08763],[86.34551,21.08411],[86.34534,21.08223],[86.34507,21.08185],[86.34372,21.08155],[86.34296,21.08167],[86.34305,21.08221],[86.34109,21.08322],[86.33604,21.08424],[86.33507,21.08677],[86.33141,21.08969],[86.33088,21.09077]]]}},{"type":"Feature","properties":{"LCODE":"050170012001200069","LOCATION":"DOLAPADI","V_TYPE":"VILLAGE","BLOCK":"BONTH","DISTRICT":"BHADRAK"},"geometry":{"type":"Polygon","coordinates":[[[86.35359,21.09419],[86.35399,21.0957],[86.35457,21.09631],[86.35742,21.09643],[86.35718,21.09607],[86.35734,21.09515],[86.35774,21.09484],[86.3606,21.09452],[86.3633,21.09366],[86.36378,21.09221],[86.36369,21.09037],[86.36221,21.08824],[86.35917,21.08604],[86.35834,21.08447],[86.35548,21.08552],[86.35412,21.08745],[86.35461,21.08851],[86.35461,21.08927],[86.35398,21.09394],[86.35359,21.09419]]]}},{"type":"Feature","properties":{"LCODE":"050170012001200060","LOCATION":"PADAKANA","V_TYPE":"VILLAGE","BLOCK":"BONTH","DISTRICT":"BHADRAK"},"geometry":{"type":"Polygon","coordinates":[[[86.30707,21.09161],[86.31007,21.09611],[86.31264,21.09568],[86.31534,21.09482],[86.31824,21.09287],[86.31671,21.09183],[86.31573,21.09069],[86.31522,21.08893],[86.31471,21.08503],[86.31438,21.08419],[86.31341,21.08302],[86.31262,21.08518],[86.31039,21.08559],[86.30978,21.08696],[86.30735,21.08766],[86.30763,21.0906],[86.30707,21.09161]]]}},{"type":"Feature","properties":{"LCODE":"050210013001300076","LOCATION":"MIRJAPUR","V_TYPE":"VILLAGE","BLOCK":"BASUDEVPUR","DISTRICT":"BHADRAK"},"geometry":{"type":"Polygon","coordinates":[[[86.69412,21.09114],[86.69534,21.09601],[86.69702,21.09401],[86.69875,21.09296],[86.7013,21.09077],[86.70444,21.08698],[86.70585,21.08478],[86.7067,21.08211],[86.7076,21.07669],[86.70619,21.07644],[86.70382,21.07695],[86.70113,21.07775],[86.6999,21.07843],[86.69849,21.08017],[86.69765,21.08207],[86.69688,21.08551],[86.69447,21.08938],[86.69412,21.09114]]]}},{"type":"Feature","properties":{"LCODE":"050170012001200070","LOCATION":"BINJHAMOHANPUR","V_TYPE":"VILLAGE","BLOCK":"BONTH","DISTRICT":"BHADRAK"},"geometry":{"type":"Polygon","coordinates":[[[86.35834,21.08447],[86.35917,21.08604],[86.36221,21.08824],[86.36311,21.08931],[86.36385,21.09122],[86.3633,21.09366],[86.3656,21.09599],[86.37024,21.09348],[86.37064,21.09279],[86.36834,21.09035],[86.36776,21.08928],[86.36809,21.08844],[86.36996,21.08667],[86.37019,21.08575],[86.37009,21.08308],[86.36993,21.08247],[86.3694,21.08198],[86.36609,21.08195],[86.36469,21.08096],[86.36298,21.08219],[86.36021,21.08183],[86.35906,21.0826],[86.35834,21.08447]]]}},{"type":"Feature","properties":{"LCODE":"050210013001300073","LOCATION":"CHANDIA","V_TYPE":"VILLAGE","BLOCK":"BASUDEVPUR","DISTRICT":"BHADRAK"},"geometry":{"type":"Polygon","coordinates":[[[86.67555,21.08966],[86.67612,21.09022],[86.67864,21.09109],[86.67905,21.09148],[86.67902,21.0934],[86.67966,21.09501],[86.68233,21.09551],[86.68487,21.09493],[86.68675,21.09411],[86.68797,21.09435],[86.68848,21.08934],[86.68515,21.09194],[86.6845,21.09194],[86.6789,21.0898],[86.67555,21.08966]]]}},{"type":"Feature","properties":{"LCODE":"050190011001100046","LOCATION":"KODAGAMBHIR","V_TYPE":"VILLAGE","BLOCK":"BHADRAK","DISTRICT":"BHADRAK"},"geometry":{"type":"Polygon","coordinates":[[[86.55639,21.08468],[86.56187,21.09159],[86.56299,21.09337],[86.56306,21.09418],[86.56431,21.09545],[86.56535,21.0934],[86.56692,21.09242],[86.57193,21.09272],[86.57375,21.09084],[86.57446,21.08807],[86.57521,21.08693],[86.57635,21.08657],[86.57806,21.08674],[86.57846,21.08774],[86.57845,21.08864],[86.58025,21.08727],[86.57785,21.08451],[86.57298,21.0761],[86.57199,21.07487],[86.56727,21.07733],[86.56375,21.07828],[86.56105,21.07955],[86.5593,21.0819],[86.55856,21.0835],[86.55806,21.08403],[86.55639,21.08468]]]}},{"type":"Feature","properties":{"LCODE":"050220013001300005","LOCATION":"SANKRUSHNAPUR","V_TYPE":"VILLAGE","BLOCK":"BASUDEVPUR","DISTRICT":"BHADRAK"},"geometry":{"type":"Polygon","coordinates":[[[86.76848,21.06847],[86.77067,21.06953],[86.77156,21.07029],[86.77605,21.07519],[86.77695,21.07656],[86.77834,21.07679],[86.78087,21.07511],[86.78201,21.0735],[86.78282,21.07304],[86.78511,21.07312],[86.78658,21.07404],[86.78731,21.07411],[86.79245,21.07327],[86.79482,21.07189],[86.79522,21.07089],[86.79522,21.0644],[86.79546,21.06363],[86.79791,21.06317],[86.79971,21.06363],[86.80158,21.06317],[86.80215,21.06363],[86.80257,21.06669],[86.8011,21.07235],[86.80453,21.07265],[86.80828,21.07242],[86.80934,21.07303],[86.8095,21.07364],[86.80917,21.07448],[86.80567,21.0777],[86.80576,21.07816],[86.80649,21.07884],[86.81089,21.08182],[86.82575,21.09076],[86.83592,21.09524],[86.83669,21.09114],[86.8375,21.08946],[86.83864,21.088],[86.84068,21.08089],[86.84296,21.07615],[86.83324,21.07149],[86.82484,21.06538],[86.81929,21.06178],[86.81333,21.05881],[86.81121,21.05735],[86.80729,21.05598],[86.80696,21.05552],[86.80762,21.05277],[86.80557,21.0507],[86.80378,21.0468],[86.79986,21.04543],[86.79864,21.04428],[86.79815,21.04336],[86.79317,21.04612],[86.7935,21.04833],[86.79048,21.05147],[86.78975,21.05185],[86.78812,21.05132],[86.78706,21.04987],[86.78542,21.04887],[86.78339,21.04895],[86.78265,21.04926],[86.78097,21.05121],[86.77931,21.06058],[86.77833,21.06249],[86.77564,21.06494],[86.77368,21.06624],[86.77042,21.06785],[86.76848,21.06847]]]}},{"type":"Feature","properties":{"LCODE":"050190011001100038","LOCATION":"BARAPADA","V_TYPE":"VILLAGE","BLOCK":"BHADRAK","DISTRICT":"BHADRAK"},"geometry":{"type":"Polygon","coordinates":[[[86.41844,21.07917],[86.41853,21.08108],[86.4194,21.08395],[86.42075,21.08375],[86.42239,21.08412],[86.42486,21.08663],[86.42928,21.08913],[86.43102,21.09264],[86.43204,21.09404],[86.43896,21.09505],[86.44305,21.09449],[86.44754,21.09477],[86.44827,21.09454],[86.44868,21.09401],[86.44881,21.08911],[86.44913,21.08835],[86.4495,21.08185],[86.44995,21.07981],[86.44669,21.07727],[86.44637,21.07651],[86.44378,21.07341],[86.44121,21.07585],[86.43877,21.07655],[86.43819,21.07632],[86.43605,21.07412],[86.43482,21.07343],[86.43343,21.07183],[86.43066,21.073],[86.42325,21.07716],[86.42007,21.07794],[86.41844,21.07917]]]}},{"type":"Feature","properties":{"LCODE":"050210013001300072","LOCATION":"BHASAHI","V_TYPE":"VILLAGE","BLOCK":"BASUDEVPUR","DISTRICT":"BHADRAK"},"geometry":{"type":"Polygon","coordinates":[[[86.66989,21.08669],[86.67067,21.09007],[86.67072,21.09245],[86.67112,21.09322],[86.67274,21.09424],[86.67453,21.09403],[86.67503,21.09335],[86.67448,21.08898],[86.67379,21.08789],[86.67324,21.08605],[86.67031,21.0857],[86.6699,21.08616],[86.66989,21.08669]]]}},{"type":"Feature","properties":{"LCODE":"050170012001200084","LOCATION":"ALAMANGA","V_TYPE":"VILLAGE","BLOCK":"BONTH","DISTRICT":"BHADRAK"},"geometry":{"type":"Polygon","coordinates":[[[86.36776,21.08928],[86.36834,21.09035],[86.37064,21.09279],[86.37268,21.09216],[86.37423,21.09116],[86.37513,21.09139],[86.37694,21.09283],[86.37916,21.0931],[86.37848,21.09114],[86.37946,21.09037],[86.3841,21.08859],[86.38425,21.08706],[86.38185,21.08149],[86.38087,21.08142],[86.37974,21.07958],[86.37727,21.08075],[86.37531,21.08014],[86.37204,21.08024],[86.3704,21.07948],[86.37,21.07994],[86.3694,21.08198],[86.36993,21.08247],[86.37027,21.08407],[86.36996,21.08667],[86.36809,21.08844],[86.36776,21.08928]]]}},{"type":"Feature","properties":{"LCODE":"050210013001300074","LOCATION":"ALABAG","V_TYPE":"VILLAGE","BLOCK":"BASUDEVPUR","DISTRICT":"BHADRAK"},"geometry":{"type":"Polygon","coordinates":[[[86.67155,21.08097],[86.67181,21.08335],[86.67324,21.08605],[86.67379,21.08789],[86.67459,21.08913],[86.6758,21.08976],[86.6789,21.0898],[86.6845,21.09194],[86.68515,21.09194],[86.69086,21.0876],[86.68866,21.08441],[86.687,21.07972],[86.68701,21.07857],[86.68654,21.07818],[86.68633,21.07729],[86.68002,21.07756],[86.67512,21.07887],[86.67155,21.08097]]]}},{"type":"Feature","properties":{"LCODE":"050210013001300083","LOCATION":"CHIROL","V_TYPE":"VILLAGE","BLOCK":"BASUDEVPUR","DISTRICT":"BHADRAK"},"geometry":{"type":"Polygon","coordinates":[[[86.71362,21.08917],[86.71409,21.09101],[86.7158,21.09119],[86.71923,21.08993],[86.72112,21.08873],[86.72725,21.08705],[86.72955,21.08593],[86.7347,21.08454],[86.7394,21.08275],[86.74023,21.08195],[86.74056,21.0794],[86.74007,21.07843],[86.73874,21.07763],[86.73729,21.07726],[86.73223,21.07915],[86.72815,21.08009],[86.71964,21.08282],[86.71703,21.08378],[86.7146,21.08541],[86.71511,21.08681],[86.71413,21.0878],[86.71362,21.08917]]]}},{"type":"Feature","properties":{"LCODE":"050190011001100047","LOCATION":"CHATISBIRIJAPUR","V_TYPE":"VILLAGE","BLOCK":"BHADRAK","DISTRICT":"BHADRAK"},"geometry":{"type":"Polygon","coordinates":[[[86.57375,21.09084],[86.57607,21.09055],[86.57796,21.08919],[86.57845,21.08864],[86.57846,21.08774],[86.57806,21.08674],[86.57635,21.08657],[86.57521,21.08693],[86.57446,21.08807],[86.57375,21.09084]]]}},{"type":"Feature","properties":{"LCODE":"050170012001200065","LOCATION":"BHANDARGADIA","V_TYPE":"VILLAGE","BLOCK":"BONTH","DISTRICT":"BHADRAK"},"geometry":{"type":"Polygon","coordinates":[[[86.32568,21.08697],[86.32592,21.08765],[86.32888,21.09024],[86.32954,21.09062],[86.33088,21.09077],[86.33141,21.08969],[86.33507,21.08677],[86.33587,21.08439],[86.33439,21.08256],[86.33324,21.08018],[86.33282,21.08028],[86.33104,21.08212],[86.32892,21.08244],[86.32859,21.08282],[86.32835,21.08435],[86.32624,21.08597],[86.32568,21.08697]]]}},{"type":"Feature","properties":{"LCODE":"050190011001100041","LOCATION":"GOBINDAPUR","V_TYPE":"VILLAGE","BLOCK":"BHADRAK","DISTRICT":"BHADRAK"},"geometry":{"type":"Polygon","coordinates":[[[86.4631,21.08721],[86.46478,21.09063],[86.46761,21.08925],[86.4707,21.08732],[86.47143,21.08671],[86.47215,21.08502],[86.47451,21.08356],[86.47532,21.0818],[86.47549,21.08054],[86.47408,21.08035],[86.47252,21.07906],[86.46934,21.07938],[86.46661,21.07899],[86.46502,21.08185],[86.46437,21.08246],[86.46462,21.08292],[86.46357,21.08422],[86.4631,21.08721]]]}},{"type":"Feature","properties":{"LCODE":"050170012001200100","LOCATION":"OLAM","V_TYPE":"VILLAGE","BLOCK":"BONTH","DISTRICT":"BHADRAK"},"geometry":{"type":"Polygon","coordinates":[[[86.31728,21.08256],[86.31921,21.08509],[86.32167,21.08729],[86.32291,21.08828],[86.32454,21.08858],[86.32621,21.08792],[86.32568,21.08697],[86.32591,21.08635],[86.32835,21.08435],[86.32859,21.08282],[86.32892,21.08244],[86.33104,21.08212],[86.33234,21.08058],[86.33324,21.08018],[86.3315,21.07737],[86.32922,21.07731],[86.32712,21.07672],[86.324,21.07971],[86.32271,21.08262],[86.32165,21.08339],[86.32092,21.08339],[86.32026,21.08302],[86.31976,21.08141],[86.32195,21.07865],[86.32203,21.0778],[86.3217,21.07727],[86.31995,21.07652],[86.32016,21.07699],[86.31929,21.07841],[86.31961,21.07955],[86.31948,21.08059],[86.31802,21.08233],[86.31728,21.08256]]]}},{"type":"Feature","properties":{"LCODE":"050170012001200093","LOCATION":"KUMBHARYA","V_TYPE":"VILLAGE","BLOCK":"BONTH","DISTRICT":"BHADRAK"},"geometry":{"type":"Polygon","coordinates":[[[86.34192,21.07629],[86.34296,21.08167],[86.34372,21.08155],[86.34507,21.08185],[86.34534,21.08223],[86.34551,21.08411],[86.34684,21.08763],[86.34807,21.08846],[86.35303,21.08705],[86.35239,21.08592],[86.34882,21.07591],[86.3484,21.07561],[86.34686,21.07615],[86.34612,21.0757],[86.34578,21.075],[86.34192,21.07629]]]}},{"type":"Feature","properties":{"LCODE":"050190011001100073","LOCATION":"GELTUA","V_TYPE":"VILLAGE","BLOCK":"BHADRAK","DISTRICT":"BHADRAK"},"geometry":{"type":"Polygon","coordinates":[[[86.47147,21.08661],[86.47625,21.08691],[86.48205,21.08658],[86.48279,21.08673],[86.4841,21.08772],[86.4854,21.08794],[86.48933,21.08723],[86.49088,21.08669],[86.49184,21.08538],[86.49232,21.08385],[86.49216,21.07757],[86.48955,21.07339],[86.48834,21.07486],[86.48525,21.07739],[86.48191,21.07871],[86.47938,21.07849],[86.47686,21.08003],[86.47549,21.08054],[86.47532,21.0818],[86.47451,21.08356],[86.47215,21.08502],[86.47147,21.08661]]]}},{"type":"Feature","properties":{"LCODE":"050210013001300075","LOCATION":"KURUDA","V_TYPE":"VILLAGE","BLOCK":"BASUDEVPUR","DISTRICT":"BHADRAK"},"geometry":{"type":"Polygon","coordinates":[[[86.68685,21.0791],[86.68866,21.08441],[86.69086,21.0876],[86.69221,21.08698],[86.69573,21.08611],[86.69584,21.08358],[86.69539,21.08074],[86.69441,21.08019],[86.6928,21.07841],[86.69159,21.07778],[86.68948,21.07776],[86.68686,21.07864],[86.68685,21.0791]]]}},{"type":"Feature","properties":{"LCODE":"050170012001200086","LOCATION":"NALPUR","V_TYPE":"VILLAGE","BLOCK":"BONTH","DISTRICT":"BHADRAK"},"geometry":{"type":"Polygon","coordinates":[[[86.35053,21.0807],[86.35271,21.08676],[86.35321,21.08721],[86.35412,21.08745],[86.35548,21.08552],[86.35851,21.08436],[86.35906,21.0826],[86.36021,21.08183],[86.36298,21.08219],[86.36469,21.08096],[86.36609,21.08195],[86.36951,21.08193],[86.37,21.07994],[86.37106,21.07894],[86.37104,21.07665],[86.37059,21.0759],[86.37006,21.07581],[86.36646,21.07629],[86.36491,21.07714],[86.36279,21.07768],[86.36133,21.07853],[86.36134,21.07968],[86.36053,21.08106],[86.35954,21.08099],[86.35667,21.07932],[86.35179,21.08194],[86.35053,21.0807]]]}},{"type":"Feature","properties":{"LCODE":"050210013001300085","LOCATION":"LUNGA","V_TYPE":"VILLAGE","BLOCK":"BASUDEVPUR","DISTRICT":"BHADRAK"},"geometry":{"type":"Polygon","coordinates":[[[86.69219,21.0781],[86.6928,21.07841],[86.69441,21.08019],[86.69539,21.08074],[86.69584,21.08358],[86.69579,21.08729],[86.69688,21.08551],[86.69765,21.08207],[86.69849,21.08017],[86.6999,21.07843],[86.70267,21.07724],[86.70619,21.07644],[86.70937,21.07679],[86.71055,21.0732],[86.7113,21.07214],[86.71271,21.07112],[86.7123,21.06993],[86.71263,21.06902],[86.71321,21.06841],[86.71403,21.06812],[86.72118,21.06951],[86.72224,21.0693],[86.72314,21.06877],[86.72373,21.06733],[86.7253,21.06536],[86.72785,21.06332],[86.73344,21.06097],[86.72871,21.05277],[86.72527,21.04775],[86.71802,21.04045],[86.71619,21.03675],[86.71465,21.03574],[86.71436,21.03561],[86.71374,21.03733],[86.71061,21.03959],[86.70671,21.04567],[86.70523,21.04748],[86.7048,21.04893],[86.7047,21.05092],[86.70241,21.05878],[86.69923,21.06525],[86.69783,21.06668],[86.69624,21.06996],[86.69467,21.07216],[86.69384,21.07391],[86.69315,21.07673],[86.69219,21.0781]]]}},{"type":"Feature","properties":{"LCODE":"050190011001100063","LOCATION":"PALLI","V_TYPE":"VILLAGE","BLOCK":"BHADRAK","DISTRICT":"BHADRAK"},"geometry":{"type":"Polygon","coordinates":[[[86.57199,21.07487],[86.57298,21.0761],[86.57785,21.08451],[86.58025,21.08727],[86.58593,21.08324],[86.5909,21.07919],[86.59058,21.07625],[86.59103,21.0742],[86.58865,21.07392],[86.58809,21.07353],[86.58737,21.07245],[86.58603,21.06914],[86.5845,21.06812],[86.57725,21.06922],[86.5749,21.07298],[86.57424,21.07366],[86.57199,21.07487]]]}},{"type":"Feature","properties":{"LCODE":"050210013001300090","LOCATION":"SUGO","V_TYPE":"VILLAGE","BLOCK":"BASUDEVPUR","DISTRICT":"BHADRAK"},"geometry":{"type":"Polygon","coordinates":[[[86.64788,21.08342],[86.65015,21.08692],[86.6506,21.08707],[86.65249,21.08615],[86.65366,21.08601],[86.65772,21.08438],[86.66381,21.08332],[86.66399,21.08271],[86.66621,21.0819],[86.66784,21.08146],[86.67142,21.08112],[86.67188,21.08057],[86.67178,21.07952],[86.66929,21.07573],[86.66571,21.06872],[86.66444,21.06026],[86.66211,21.06308],[86.66138,21.06345],[86.66064,21.06344],[86.66,21.06305],[86.65928,21.06166],[86.6589,21.05959],[86.65894,21.05634],[86.65387,21.0573],[86.6519,21.05843],[86.65017,21.06055],[86.64977,21.06166],[86.65057,21.06186],[86.65121,21.06245],[86.65134,21.06426],[86.65118,21.06477],[86.65035,21.06552],[86.6501,21.06738],[86.64883,21.06785],[86.64865,21.06836],[86.64966,21.06955],[86.65041,21.07138],[86.65095,21.07157],[86.65102,21.07255],[86.65059,21.07343],[86.64889,21.07407],[86.64883,21.07443],[86.64975,21.07479],[86.65184,21.07689],[86.65425,21.08014],[86.65424,21.08052],[86.65399,21.08097],[86.65203,21.08133],[86.64982,21.08276],[86.64788,21.08342]],[[86.65675,21.07519],[86.65709,21.07435],[86.65782,21.07405],[86.66289,21.07305],[86.66423,21.07643],[86.66389,21.07827],[86.6642,21.07942],[86.66225,21.07909],[86.65987,21.07975],[86.65914,21.07951],[86.65786,21.07827],[86.65675,21.07519]]]}},{"type":"Feature","properties":{"LCODE":"050210013001300084","LOCATION":"GUAGARIA","V_TYPE":"VILLAGE","BLOCK":"BASUDEVPUR","DISTRICT":"BHADRAK"},"geometry":{"type":"Polygon","coordinates":[[[86.70631,21.08335],[86.70787,21.0858],[86.70917,21.08659],[86.71079,21.08676],[86.71439,21.08619],[86.71512,21.08645],[86.71423,21.08512],[86.71458,21.08359],[86.71747,21.08049],[86.72001,21.07922],[86.72247,21.07734],[86.72305,21.07658],[86.7229,21.07581],[86.72194,21.0745],[86.72129,21.07418],[86.71819,21.07422],[86.71772,21.07284],[86.717,21.07191],[86.71619,21.07113],[86.7153,21.07074],[86.71449,21.07058],[86.71228,21.07124],[86.7113,21.07214],[86.71021,21.07381],[86.70978,21.07603],[86.70937,21.07679],[86.7076,21.07669],[86.70747,21.07852],[86.70631,21.08335]]]}},{"type":"Feature","properties":{"LCODE":"050190012001200080","LOCATION":"RAMAKRUSHUNPUR","V_TYPE":"VILLAGE","BLOCK":"BONTH","DISTRICT":"BHADRAK"},"geometry":{"type":"Polygon","coordinates":[[[86.40238,21.08514],[86.40272,21.08666],[86.40321,21.0862],[86.40578,21.08122],[86.40855,21.07907],[86.41026,21.07845],[86.41386,21.07782],[86.41655,21.07788],[86.41769,21.0781],[86.4189,21.07873],[86.42007,21.07794],[86.42325,21.07716],[86.42953,21.07359],[86.42819,21.07178],[86.42729,21.07156],[86.42207,21.07189],[86.4211,21.07258],[86.4184,21.07336],[86.41685,21.07352],[86.41513,21.07322],[86.41415,21.07239],[86.4138,21.06979],[86.4124,21.06666],[86.411,21.06537],[86.41075,21.06461],[86.41123,21.06346],[86.41238,21.06314],[86.41524,21.06397],[86.41671,21.06396],[86.41849,21.06113],[86.42044,21.05989],[86.42077,21.05928],[86.421,21.05722],[86.42197,21.05614],[86.42204,21.05454],[86.42244,21.05323],[86.42309,21.05239],[86.42521,21.05108],[86.42578,21.05003],[86.42398,21.0507],[86.41875,21.05081],[86.41434,21.0519],[86.41304,21.05198],[86.41092,21.05161],[86.40675,21.04994],[86.40495,21.05056],[86.40488,21.0524],[86.40571,21.05538],[86.40531,21.05685],[86.40556,21.05729],[86.40517,21.05981],[86.406,21.06211],[86.40527,21.06371],[86.40461,21.06774],[86.40546,21.06822],[86.40564,21.06983],[86.40443,21.07312],[86.40446,21.07694],[86.40308,21.0794],[86.40375,21.08154],[86.40367,21.08299],[86.40254,21.08445],[86.40238,21.08514]]]}},{"type":"Feature","properties":{"LCODE":"050190011001100067","LOCATION":"TENTULIGARIA","V_TYPE":"VILLAGE","BLOCK":"BHADRAK","DISTRICT":"BHADRAK"},"geometry":{"type":"Polygon","coordinates":[[[86.53703,21.07832],[86.53784,21.0784],[86.53999,21.08227],[86.54259,21.08595],[86.54501,21.08524],[86.54977,21.08239],[86.54986,21.08193],[86.54787,21.07723],[86.54742,21.07477],[86.54701,21.07395],[86.5444,21.07557],[86.5435,21.07572],[86.54171,21.07546],[86.54123,21.07469],[86.54132,21.07408],[86.54092,21.07384],[86.53888,21.0742],[86.5372,21.07725],[86.53703,21.07832]]]}},{"type":"Feature","properties":{"LCODE":"050190011001100071","LOCATION":"KHORDANGA","V_TYPE":"VILLAGE","BLOCK":"BHADRAK","DISTRICT":"BHADRAK"},"geometry":{"type":"Polygon","coordinates":[[[86.51771,21.07301],[86.51777,21.07431],[86.51849,21.07562],[86.51949,21.07939],[86.52115,21.08379],[86.5218,21.0841],[86.52294,21.08569],[86.52425,21.08398],[86.52601,21.07955],[86.52656,21.07511],[86.52658,21.0732],[86.52628,21.07189],[86.5246,21.06865],[86.52339,21.06809],[86.52247,21.06977],[86.52003,21.06966],[86.5188,21.07018],[86.51805,21.07148],[86.51771,21.07301]]]}},{"type":"Feature","properties":{"LCODE":"050220013001300002","LOCATION":"RAMACHANDRAPUR","V_TYPE":"VILLAGE","BLOCK":"BASUDEVPUR","DISTRICT":"BHADRAK"},"geometry":{"type":"Polygon","coordinates":[[[86.75035,21.07569],[86.75084,21.07795],[86.75223,21.08093],[86.75468,21.0843],[86.75664,21.08529],[86.7608,21.08468],[86.76292,21.08468],[86.76749,21.08368],[86.76969,21.08276],[86.77018,21.08162],[86.76985,21.08024],[86.76797,21.07626],[86.76749,21.0733],[86.7572,21.0752],[86.75035,21.07569]]]}},{"type":"Feature","properties":{"LCODE":"050190011001100065","LOCATION":"SARAGADIA","V_TYPE":"VILLAGE","BLOCK":"BHADRAK","DISTRICT":"BHADRAK"},"geometry":{"type":"Polygon","coordinates":[[[86.54701,21.07395],[86.54742,21.07477],[86.54787,21.07723],[86.54915,21.07985],[86.54984,21.08206],[86.55442,21.08176],[86.55491,21.082],[86.55553,21.08354],[86.55639,21.08468],[86.55806,21.08403],[86.55856,21.0835],[86.5593,21.0819],[86.56105,21.07955],[86.56419,21.07815],[86.56393,21.07728],[86.56305,21.07605],[86.56305,21.07559],[86.56355,21.07513],[86.56339,21.07429],[86.5609,21.07211],[86.56059,21.07103],[86.5615,21.0692],[86.56446,21.06756],[86.56409,21.06433],[86.56322,21.06202],[86.56341,21.06057],[86.56302,21.05803],[86.56173,21.05802],[86.55469,21.06038],[86.55525,21.06084],[86.55636,21.06408],[86.55682,21.06631],[86.55656,21.06753],[86.55506,21.06943],[86.55383,21.07033],[86.54701,21.07395]]]}},{"type":"Feature","properties":{"LCODE":"050170012001200094","LOCATION":"PALASGADIA","V_TYPE":"VILLAGE","BLOCK":"BONTH","DISTRICT":"BHADRAK"},"geometry":{"type":"Polygon","coordinates":[[[86.33324,21.08018],[86.33439,21.08256],[86.33587,21.08439],[86.34109,21.08322],[86.34305,21.08221],[86.34192,21.07629],[86.33609,21.07911],[86.33324,21.08018]]]}},{"type":"Feature","properties":{"LCODE":"050190011001100062","LOCATION":"KHORASAHI","V_TYPE":"VILLAGE","BLOCK":"BHADRAK","DISTRICT":"BHADRAK"},"geometry":{"type":"Polygon","coordinates":[[[86.59057,21.07717],[86.5909,21.07919],[86.59661,21.08292],[86.59856,21.08378],[86.60034,21.08404],[86.60443,21.08279],[86.60355,21.08155],[86.60351,21.07871],[86.60304,21.07702],[86.59804,21.07267],[86.59672,21.07041],[86.59324,21.07207],[86.592,21.07328],[86.59175,21.07396],[86.59103,21.0742],[86.59057,21.07717]]]}},{"type":"Feature","properties":{"LCODE":"050190011001100053","LOCATION":"SABARANG","V_TYPE":"VILLAGE","BLOCK":"BHADRAK","DISTRICT":"BHADRAK"},"geometry":{"type":"Polygon","coordinates":[[[86.59672,21.07041],[86.59804,21.07267],[86.60304,21.07702],[86.60351,21.07871],[86.60355,21.08155],[86.60419,21.08248],[86.60524,21.08356],[86.60678,21.08397],[86.60679,21.0832],[86.60721,21.08236],[86.60993,21.07987],[86.61035,21.07888],[86.61045,21.0775],[86.61095,21.07682],[86.61185,21.07652],[86.61518,21.07695],[86.62,21.07571],[86.62295,21.07437],[86.6271,21.07349],[86.62696,21.07249],[86.62717,21.07195],[86.62861,21.07014],[86.63223,21.068],[86.6349,21.06486],[86.63197,21.06345],[86.63091,21.06321],[86.62865,21.06119],[86.62786,21.05911],[86.62555,21.05509],[86.62556,21.05456],[86.62605,21.05387],[86.62573,21.05356],[86.62051,21.0538],[86.60942,21.05297],[86.60928,21.05366],[86.60805,21.05395],[86.6048,21.05337],[86.60341,21.05373],[86.60267,21.05433],[86.60188,21.05601],[86.60265,21.05602],[86.60337,21.05649],[86.60482,21.05842],[86.60529,21.06035],[86.60525,21.06326],[86.605,21.06379],[86.60046,21.06833],[86.59849,21.06968],[86.59672,21.07041]]]}},{"type":"Feature","properties":{"LCODE":"050210013001300089","LOCATION":"KUSUNBINDHA","V_TYPE":"VILLAGE","BLOCK":"BASUDEVPUR","DISTRICT":"BHADRAK"},"geometry":{"type":"Polygon","coordinates":[[[86.64446,21.08004],[86.64474,21.08055],[86.64638,21.08098],[86.64649,21.08178],[86.64788,21.08342],[86.64982,21.08276],[86.65203,21.08133],[86.65399,21.08097],[86.65424,21.08052],[86.65425,21.08014],[86.65184,21.07689],[86.64975,21.07479],[86.64883,21.07443],[86.6493,21.07608],[86.64919,21.07681],[86.64845,21.07701],[86.64744,21.07616],[86.64692,21.07887],[86.64581,21.07944],[86.64483,21.07941],[86.64446,21.08004]]]}},{"type":"Feature","properties":{"LCODE":"050170012001200101","LOCATION":"MANOHARPUR","V_TYPE":"VILLAGE","BLOCK":"BONTH","DISTRICT":"BHADRAK"},"geometry":{"type":"Polygon","coordinates":[[[86.31866,21.07546],[86.31995,21.07652],[86.3217,21.07727],[86.32203,21.0778],[86.32195,21.07865],[86.31976,21.08141],[86.32026,21.08302],[86.32092,21.08339],[86.32165,21.08339],[86.32271,21.08262],[86.324,21.07971],[86.32693,21.07701],[86.32758,21.07602],[86.32765,21.07533],[86.32724,21.07457],[86.32634,21.07403],[86.32299,21.07466],[86.3203,21.07475],[86.32115,21.07595],[86.32082,21.07609],[86.31866,21.07546]]]}},{"type":"Feature","properties":{"LCODE":"050190011001100077","LOCATION":"SARAMANGA","V_TYPE":"VILLAGE","BLOCK":"BHADRAK","DISTRICT":"BHADRAK"},"geometry":{"type":"Polygon","coordinates":[[[86.43459,21.06243],[86.43525,21.06357],[86.43758,21.06998],[86.43987,21.06974],[86.44068,21.06997],[86.44266,21.07179],[86.44463,21.07469],[86.44637,21.07651],[86.44669,21.07727],[86.45071,21.08031],[86.45358,21.08167],[86.4553,21.08212],[86.46078,21.0824],[86.46323,21.08224],[86.46437,21.08246],[86.46616,21.08001],[86.46696,21.07825],[86.46767,21.07458],[86.46513,21.07405],[86.46095,21.07186],[86.46014,21.07171],[86.45932,21.07194],[86.45859,21.07271],[86.45745,21.07325],[86.45615,21.07333],[86.45303,21.07273],[86.45132,21.07175],[86.44875,21.06641],[86.44743,21.06458],[86.44767,21.06359],[86.44908,21.06218],[86.44789,21.06053],[86.44699,21.05985],[86.44478,21.05924],[86.44364,21.05994],[86.44119,21.06079],[86.4398,21.0608],[86.43839,21.06006],[86.43826,21.06096],[86.43728,21.06157],[86.43483,21.06204],[86.43459,21.06243]]]}},{"type":"Feature","properties":{"LCODE":"050170012001200092","LOCATION":"TAKAPADA(TALAPADA)","V_TYPE":"VILLAGE","BLOCK":"BONTH","DISTRICT":"BHADRAK"},"geometry":{"type":"Polygon","coordinates":[[[86.34861,21.07576],[86.35053,21.0807],[86.35179,21.08194],[86.35667,21.07932],[86.35954,21.08099],[86.36053,21.08106],[86.3615,21.07914],[86.36133,21.07853],[86.35986,21.07854],[86.35838,21.07786],[86.35764,21.07564],[86.3582,21.07495],[86.35811,21.07312],[86.35635,21.07163],[86.34861,21.07576]]]}},{"type":"Feature","properties":{"LCODE":"050190012001200087","LOCATION":"BANADIN","V_TYPE":"VILLAGE","BLOCK":"BONTH","DISTRICT":"BHADRAK"},"geometry":{"type":"Polygon","coordinates":[[[86.37751,21.07505],[86.37997,21.08012],[86.38087,21.08142],[86.3819,21.08164],[86.38324,21.08118],[86.38393,21.07483],[86.38369,21.07414],[86.38221,21.07247],[86.38173,21.07215],[86.37971,21.07217],[86.3791,21.07347],[86.37751,21.07505]]]}},{"type":"Feature","properties":{"LCODE":"050220013001300001","LOCATION":"AJODHYA","V_TYPE":"VILLAGE","BLOCK":"BASUDEVPUR","DISTRICT":"BHADRAK"},"geometry":{"type":"Polygon","coordinates":[[[86.73874,21.06982],[86.74014,21.07265],[86.74139,21.07437],[86.74168,21.07554],[86.74264,21.07663],[86.74397,21.07919],[86.74584,21.08087],[86.74884,21.08005],[86.75044,21.08007],[86.75132,21.07924],[86.75035,21.07569],[86.74891,21.07274],[86.74818,21.06939],[86.74815,21.06508],[86.74771,21.06496],[86.74619,21.06264],[86.74519,21.06286],[86.74225,21.06505],[86.74001,21.06731],[86.73874,21.06982]]]}},{"type":"Feature","properties":{"LCODE":"050190012001200083","LOCATION":"BELAD","V_TYPE":"VILLAGE","BLOCK":"BONTH","DISTRICT":"BHADRAK"},"geometry":{"type":"Polygon","coordinates":[[[86.38328,21.08081],[86.38454,21.08079],[86.38667,21.07994],[86.38863,21.08069],[86.38928,21.08069],[86.39467,21.0802],[86.39696,21.07966],[86.39768,21.07897],[86.39784,21.0782],[86.39773,21.07231],[86.39805,21.07185],[86.40424,21.06899],[86.40537,21.06898],[86.40546,21.06822],[86.40461,21.06774],[86.40138,21.06893],[86.39754,21.06933],[86.39697,21.06918],[86.39615,21.06812],[86.39411,21.06803],[86.39428,21.06935],[86.39274,21.07134],[86.38704,21.07443],[86.38393,21.07494],[86.38328,21.08081]]]}},{"type":"Feature","properties":{"LCODE":"050170012001200085","LOCATION":"KHALAGADIA","V_TYPE":"VILLAGE","BLOCK":"BONTH","DISTRICT":"BHADRAK"},"geometry":{"type":"Polygon","coordinates":[[[86.3704,21.07948],[86.37204,21.08024],[86.37531,21.08014],[86.37727,21.08075],[86.37974,21.07958],[86.37751,21.07505],[86.37609,21.07448],[86.37536,21.07449],[86.37259,21.07603],[86.37059,21.0759],[86.37104,21.07665],[86.37106,21.07894],[86.3704,21.07948]]]}},{"type":"Feature","properties":{"LCODE":"050190011001100074","LOCATION":"OGALPUR","V_TYPE":"VILLAGE","BLOCK":"BHADRAK","DISTRICT":"BHADRAK"},"geometry":{"type":"Polygon","coordinates":[[[86.46661,21.07899],[86.46934,21.07938],[86.47252,21.07906],[86.47408,21.08035],[86.47498,21.08065],[86.47686,21.08003],[86.47938,21.07849],[86.47803,21.07269],[86.47646,21.0688],[86.47581,21.06995],[86.47467,21.07103],[86.47321,21.07141],[86.4705,21.07123],[86.46928,21.07159],[86.46872,21.07205],[86.46759,21.0748],[86.46661,21.07899]]]}},{"type":"Feature","properties":{"LCODE":"050210013001300087","LOCATION":"ERTAL","V_TYPE":"VILLAGE","BLOCK":"BASUDEVPUR","DISTRICT":"BHADRAK"},"geometry":{"type":"Polygon","coordinates":[[[86.66425,21.05865],[86.66504,21.06342],[86.66525,21.0668],[86.66571,21.06872],[86.66929,21.07573],[86.67178,21.07952],[86.67188,21.08057],[86.67512,21.07887],[86.68002,21.07756],[86.68633,21.07729],[86.68657,21.0755],[86.6863,21.07067],[86.68504,21.06629],[86.68523,21.06453],[86.68787,21.06127],[86.68822,21.06013],[86.6885,21.05661],[86.68951,21.05425],[86.69034,21.05311],[86.69688,21.05036],[86.69837,21.04877],[86.69889,21.04579],[86.6985,21.0441],[86.69769,21.04257],[86.69698,21.04186],[86.69617,21.04132],[86.69504,21.04122],[86.69176,21.04248],[86.6902,21.04376],[86.68888,21.0452],[86.68927,21.04689],[86.68834,21.04987],[86.68636,21.05221],[86.68281,21.05561],[86.67991,21.05994],[86.67835,21.06084],[86.67639,21.0612],[86.6759,21.06104],[86.6731,21.05748],[86.67149,21.05495],[86.66901,21.05786],[86.66747,21.05869],[86.66425,21.05865]]]}},{"type":"Feature","properties":{"LCODE":"050170012001200095","LOCATION":"BEGANA","V_TYPE":"VILLAGE","BLOCK":"BONTH","DISTRICT":"BHADRAK"},"geometry":{"type":"Polygon","coordinates":[[[86.3315,21.07737],[86.33324,21.08018],[86.33609,21.07911],[86.34163,21.07641],[86.34578,21.075],[86.34478,21.07053],[86.34355,21.0702],[86.34306,21.06975],[86.34264,21.06837],[86.34328,21.06592],[86.34393,21.06546],[86.34647,21.06461],[86.34736,21.06399],[86.34799,21.06284],[86.34645,21.06262],[86.34525,21.06196],[86.34367,21.06232],[86.34241,21.06297],[86.34254,21.06348],[86.34205,21.06409],[86.3392,21.06495],[86.33797,21.06625],[86.33513,21.06803],[86.33434,21.06819],[86.33489,21.07032],[86.33433,21.07078],[86.33318,21.07087],[86.33197,21.07198],[86.33279,21.07293],[86.33311,21.07393],[86.3328,21.07561],[86.3315,21.07737]]]}},{"type":"Feature","properties":{"LCODE":"050210013001300088","LOCATION":"SUGOPATANA","V_TYPE":"VILLAGE","BLOCK":"BASUDEVPUR","DISTRICT":"BHADRAK"},"geometry":{"type":"Polygon","coordinates":[[[86.65675,21.07519],[86.65786,21.07827],[86.65914,21.07951],[86.65987,21.07975],[86.66225,21.07909],[86.6642,21.07942],[86.66389,21.07827],[86.66423,21.07643],[86.66289,21.07305],[86.65782,21.07405],[86.65709,21.07435],[86.65675,21.07519]]]}},{"type":"Feature","properties":{"LCODE":"050190012001200081","LOCATION":"NARAYANPUR","V_TYPE":"VILLAGE","BLOCK":"BONTH","DISTRICT":"BHADRAK"},"geometry":{"type":"Polygon","coordinates":[[[86.39773,21.07231],[86.39777,21.07855],[86.39924,21.07934],[86.40014,21.07949],[86.40193,21.07849],[86.40381,21.07832],[86.40446,21.07694],[86.40443,21.07312],[86.40564,21.06983],[86.40537,21.06898],[86.40351,21.0693],[86.39846,21.07154],[86.39773,21.07231]]]}},{"type":"Feature","properties":{"LCODE":"050190011001100072","LOCATION":"BAUDPUR","V_TYPE":"VILLAGE","BLOCK":"BHADRAK","DISTRICT":"BHADRAK"},"geometry":{"type":"Polygon","coordinates":[[[86.47646,21.0688],[86.47803,21.07269],[86.47938,21.07849],[86.48191,21.07871],[86.48525,21.07739],[86.48834,21.07486],[86.48955,21.07339],[86.48724,21.06821],[86.48435,21.06425],[86.48125,21.06435],[86.47807,21.06502],[86.47717,21.06651],[86.47646,21.0688]]]}},{"type":"Feature","properties":{"LCODE":"050210013001300086","LOCATION":"URUNIA","V_TYPE":"VILLAGE","BLOCK":"BASUDEVPUR","DISTRICT":"BHADRAK"},"geometry":{"type":"Polygon","coordinates":[[[86.68504,21.06629],[86.6863,21.07067],[86.68657,21.0755],[86.6863,21.07741],[86.68654,21.07818],[86.68701,21.07857],[86.68948,21.07776],[86.69159,21.07778],[86.69219,21.0781],[86.69315,21.07673],[86.69384,21.07391],[86.69467,21.07216],[86.69624,21.06996],[86.69783,21.06668],[86.69923,21.06525],[86.70241,21.05878],[86.7047,21.05092],[86.70473,21.04966],[86.70415,21.04885],[86.70091,21.04735],[86.69971,21.04573],[86.69884,21.04524],[86.69862,21.04778],[86.69787,21.04945],[86.69688,21.05036],[86.69483,21.0514],[86.69034,21.05311],[86.68951,21.05425],[86.6885,21.05661],[86.68822,21.06013],[86.68787,21.06127],[86.68523,21.06453],[86.68504,21.06629]]]}},{"type":"Feature","properties":{"LCODE":"050170012001200087","LOCATION":"BARAPADA(RATAGADIA)","V_TYPE":"VILLAGE","BLOCK":"BONTH","DISTRICT":"BHADRAK"},"geometry":{"type":"Polygon","coordinates":[[[86.35588,21.06976],[86.35654,21.07113],[86.35635,21.07163],[86.35811,21.07312],[86.3582,21.07495],[86.35764,21.07564],[86.35838,21.07786],[86.35888,21.07824],[86.35986,21.07854],[86.36133,21.07853],[86.36279,21.07768],[86.36491,21.07714],[86.3661,21.07648],[86.36522,21.07323],[86.36316,21.07034],[86.36256,21.06677],[86.36005,21.06731],[86.35834,21.06921],[86.35679,21.06976],[86.35588,21.06976]]]}},{"type":"Feature","properties":{"LCODE":"050190011001100069","LOCATION":"PALSINGA","V_TYPE":"VILLAGE","BLOCK":"BHADRAK","DISTRICT":"BHADRAK"},"geometry":{"type":"Polygon","coordinates":[[[86.52903,21.0666],[86.53032,21.0675],[86.53216,21.07672],[86.5328,21.0775],[86.53402,21.07797],[86.53703,21.07832],[86.5372,21.07725],[86.53888,21.0742],[86.53733,21.07364],[86.53565,21.07101],[86.53274,21.06362],[86.53275,21.06219],[86.53194,21.06207],[86.53116,21.06133],[86.53051,21.0655],[86.52904,21.06633],[86.52903,21.0666]]]}},{"type":"Feature","properties":{"LCODE":"050190011001100064","LOCATION":"BANIA","V_TYPE":"VILLAGE","BLOCK":"BHADRAK","DISTRICT":"BHADRAK"},"geometry":{"type":"Polygon","coordinates":[[[86.56059,21.07103],[86.5609,21.07211],[86.56339,21.07429],[86.56355,21.07513],[86.56305,21.07559],[86.56305,21.07605],[86.56393,21.07728],[86.56419,21.07815],[86.56727,21.07733],[86.56997,21.07606],[86.57342,21.07419],[86.5749,21.07298],[86.57689,21.07009],[86.57749,21.06765],[86.57616,21.06273],[86.57522,21.06049],[86.57418,21.05887],[86.57315,21.05633],[86.57214,21.05521],[86.56884,21.05611],[86.56623,21.05646],[86.56302,21.05803],[86.56341,21.06057],[86.56322,21.06202],[86.56409,21.06433],[86.56446,21.06756],[86.5615,21.0692],[86.56059,21.07103]]]}},{"type":"Feature","properties":{"LCODE":"050170012001200099","LOCATION":"SAHADAPALLI","V_TYPE":"VILLAGE","BLOCK":"BONTH","DISTRICT":"BHADRAK"},"geometry":{"type":"Polygon","coordinates":[[[86.3261,21.06761],[86.32764,21.07403],[86.32758,21.07602],[86.32712,21.07672],[86.32922,21.07731],[86.3315,21.07737],[86.3328,21.07561],[86.33311,21.07393],[86.33221,21.07217],[86.33024,21.07027],[86.32999,21.06958],[86.33038,21.06767],[86.33006,21.06721],[86.32891,21.06706],[86.3261,21.06761]]]}},{"type":"Feature","properties":{"LCODE":"050190011001100078","LOCATION":"SUKUNALIA","V_TYPE":"VILLAGE","BLOCK":"BHADRAK","DISTRICT":"BHADRAK"},"geometry":{"type":"Polygon","coordinates":[[[86.43343,21.07183],[86.43482,21.07343],[86.43605,21.07412],[86.43819,21.07632],[86.43877,21.07655],[86.44121,21.07585],[86.44378,21.07341],[86.44159,21.07073],[86.44068,21.06997],[86.43987,21.06974],[86.43758,21.06998],[86.43701,21.07059],[86.43343,21.07183]]]}},{"type":"Feature","properties":{"LCODE":"050170012001200088","LOCATION":"RADHANAGAR","V_TYPE":"VILLAGE","BLOCK":"BONTH","DISTRICT":"BHADRAK"},"geometry":{"type":"Polygon","coordinates":[[[86.36256,21.06677],[86.36316,21.07034],[86.36522,21.07323],[86.3661,21.07648],[86.37059,21.0759],[86.37038,21.07489],[86.37052,21.07199],[86.37018,21.06969],[86.36894,21.06756],[86.366,21.06378],[86.36549,21.06467],[86.36256,21.06677]]]}},{"type":"Feature","properties":{"LCODE":"050170012001200091","LOCATION":"SIALIA","V_TYPE":"VILLAGE","BLOCK":"BONTH","DISTRICT":"BHADRAK"},"geometry":{"type":"Polygon","coordinates":[[[86.34478,21.07053],[86.34578,21.075],[86.34612,21.0757],[86.34686,21.07615],[86.34882,21.07569],[86.35288,21.07329],[86.35582,21.07206],[86.35631,21.07175],[86.35654,21.07113],[86.35605,21.06991],[86.354,21.06832],[86.3531,21.06786],[86.35162,21.06764],[86.35032,21.06765],[86.34779,21.06827],[86.34568,21.0705],[86.34478,21.07053]]]}},{"type":"Feature","properties":{"LCODE":"050220013001300042","LOCATION":"BIDEIPUR","V_TYPE":"VILLAGE","BLOCK":"BASUDEVPUR","DISTRICT":"BHADRAK"},"geometry":{"type":"Polygon","coordinates":[[[86.79815,21.04336],[86.79864,21.04428],[86.79986,21.04543],[86.80378,21.0468],[86.80557,21.0507],[86.80762,21.05277],[86.80696,21.05552],[86.80729,21.05598],[86.81121,21.05735],[86.81333,21.05881],[86.81929,21.06178],[86.82484,21.06538],[86.83324,21.07149],[86.84296,21.07615],[86.84834,21.06346],[86.85387,21.05321],[86.85721,21.04426],[86.86226,21.03218],[86.86991,21.0107],[86.87228,21.00558],[86.86411,21.00329],[86.85571,21.00023],[86.84992,21.00015],[86.84886,21.00084],[86.84633,21.00099],[86.84176,21.00092],[86.83848,21.00038],[86.83744,21.00092],[86.83638,21.00107],[86.83304,21.00107],[86.82822,21.00161],[86.82513,21.0026],[86.82301,21.00245],[86.82235,21.00214],[86.82137,21.00099],[86.81974,21.00291],[86.81795,21.00428],[86.8133,21.00497],[86.80922,21.00658],[86.80376,21.00673],[86.80153,21.00732],[86.80098,21.0078],[86.79927,21.00704],[86.7987,21.00971],[86.79976,21.01147],[86.80017,21.01361],[86.80264,21.01756],[86.80695,21.01782],[86.81208,21.01767],[86.81616,21.01851],[86.81632,21.01904],[86.81477,21.02309],[86.81404,21.02378],[86.81168,21.02944],[86.80965,21.03686],[86.8081,21.04107],[86.80753,21.0416],[86.80459,21.04191],[86.80434,21.04244],[86.80296,21.04305],[86.79815,21.04336]]]}},{"type":"Feature","properties":{"LCODE":"050190012001200088","LOCATION":"RAJANPUR","V_TYPE":"VILLAGE","BLOCK":"BONTH","DISTRICT":"BHADRAK"},"geometry":{"type":"Polygon","coordinates":[[[86.36921,21.06797],[86.37018,21.06969],[86.37043,21.07076],[86.37038,21.07489],[86.37059,21.0759],[86.37259,21.07603],[86.37536,21.07449],[86.37708,21.07471],[86.37751,21.07505],[86.3791,21.07347],[86.37959,21.07263],[86.37975,21.07202],[86.3795,21.07156],[86.37794,21.07057],[86.37868,21.06919],[86.37883,21.06812],[86.37792,21.06614],[86.3766,21.06438],[86.37431,21.06386],[86.37309,21.0644],[86.37236,21.06532],[86.37213,21.06724],[86.36921,21.06797]]]}},{"type":"Feature","properties":{"LCODE":"050190011001100068","LOCATION":"KUNTALA","V_TYPE":"VILLAGE","BLOCK":"BHADRAK","DISTRICT":"BHADRAK"},"geometry":{"type":"Polygon","coordinates":[[[86.53274,21.06362],[86.53565,21.07101],[86.53733,21.07364],[86.53854,21.0742],[86.54092,21.07384],[86.54132,21.07408],[86.54123,21.07469],[86.54171,21.07546],[86.54243,21.0757],[86.5444,21.07557],[86.54701,21.07395],[86.54362,21.06652],[86.54153,21.06388],[86.5396,21.06217],[86.53817,21.06044],[86.53463,21.06211],[86.53275,21.06219],[86.53274,21.06362]]]}},{"type":"Feature","properties":{"LCODE":"050220013001300003","LOCATION":"KHERUALPUR","V_TYPE":"VILLAGE","BLOCK":"BASUDEVPUR","DISTRICT":"BHADRAK"},"geometry":{"type":"Polygon","coordinates":[[[86.74805,21.06656],[86.74818,21.06939],[86.74891,21.07274],[86.75035,21.07569],[86.76038,21.07474],[86.767,21.07351],[86.76789,21.07313],[86.76822,21.07236],[86.76854,21.06739],[86.7692,21.06456],[86.7692,21.06272],[86.76887,21.06211],[86.76642,21.06112],[86.75941,21.05983],[86.75948,21.06196],[86.75842,21.06311],[86.75761,21.06319],[86.75671,21.06273],[86.75508,21.06104],[86.75394,21.06059],[86.75084,21.06311],[86.74934,21.06483],[86.7486,21.0652],[86.74815,21.06508],[86.74805,21.06656]]]}},{"type":"Feature","properties":{"LCODE":"050170012001200102","LOCATION":"TALABANK","V_TYPE":"VILLAGE","BLOCK":"BONTH","DISTRICT":"BHADRAK"},"geometry":{"type":"Polygon","coordinates":[[[86.32008,21.07434],[86.3203,21.07475],[86.32299,21.07466],[86.32634,21.07403],[86.32724,21.07457],[86.32765,21.07533],[86.32764,21.07403],[86.32606,21.06738],[86.32507,21.06608],[86.32465,21.06596],[86.32402,21.06675],[86.32371,21.06832],[86.32315,21.0685],[86.32209,21.06821],[86.32113,21.0683],[86.32032,21.06879],[86.32028,21.07024],[86.32151,21.07155],[86.32166,21.07219],[86.3213,21.07299],[86.32018,21.07393],[86.32008,21.07434]]]}},{"type":"Feature","properties":{"LCODE":"050190012001200086","LOCATION":"TUNDA","V_TYPE":"VILLAGE","BLOCK":"BONTH","DISTRICT":"BHADRAK"},"geometry":{"type":"Polygon","coordinates":[[[86.38087,21.06827],[86.38211,21.07055],[86.38173,21.07215],[86.38369,21.07414],[86.38393,21.07494],[86.38704,21.07443],[86.39274,21.07134],[86.39404,21.06988],[86.39436,21.06874],[86.39328,21.06614],[86.39323,21.06369],[86.39056,21.06333],[86.3895,21.06348],[86.38837,21.06425],[86.38731,21.06449],[86.38674,21.06548],[86.38633,21.06564],[86.38404,21.06519],[86.38095,21.06765],[86.38087,21.06827]]]}},{"type":"Feature","properties":{"LCODE":"050190011001100076","LOCATION":"KORANTA","V_TYPE":"VILLAGE","BLOCK":"BHADRAK","DISTRICT":"BHADRAK"},"geometry":{"type":"Polygon","coordinates":[[[86.44743,21.06458],[86.44875,21.06641],[86.45132,21.07175],[86.45303,21.07273],[86.45615,21.07333],[86.45745,21.07325],[86.45859,21.07271],[86.45932,21.07194],[86.46014,21.07171],[86.46095,21.07186],[86.46513,21.07405],[86.46767,21.07458],[86.46872,21.07205],[86.46928,21.07159],[86.4705,21.07123],[86.46976,21.07021],[86.46787,21.06854],[86.46154,21.061],[86.45973,21.05979],[86.45768,21.05773],[86.45677,21.05728],[86.45255,21.05959],[86.44823,21.06282],[86.44767,21.06359],[86.44743,21.06458]]]}},{"type":"Feature","properties":{"LCODE":"050190011001100061","LOCATION":"ATTO","V_TYPE":"VILLAGE","BLOCK":"BHADRAK","DISTRICT":"BHADRAK"},"geometry":{"type":"Polygon","coordinates":[[[86.57642,21.06365],[86.57749,21.06765],[86.57725,21.06922],[86.5845,21.06812],[86.58603,21.06914],[86.58737,21.07245],[86.58809,21.07353],[86.58865,21.07392],[86.59085,21.07426],[86.59175,21.07396],[86.592,21.07328],[86.59324,21.07207],[86.59849,21.06968],[86.60219,21.06674],[86.605,21.06379],[86.60525,21.06326],[86.60529,21.06035],[86.60482,21.05842],[86.60337,21.05649],[86.60265,21.05602],[86.59914,21.05636],[86.59743,21.05603],[86.59581,21.05532],[86.59148,21.05525],[86.59018,21.05632],[86.58707,21.05789],[86.58255,21.06074],[86.57927,21.062],[86.57642,21.06365]]]}},{"type":"Feature","properties":{"LCODE":"050190011001100066","LOCATION":"BHAGABANPUR","V_TYPE":"VILLAGE","BLOCK":"BHADRAK","DISTRICT":"BHADRAK"},"geometry":{"type":"Polygon","coordinates":[[[86.53817,21.06044],[86.5396,21.06217],[86.54153,21.06388],[86.54362,21.06652],[86.54701,21.07395],[86.55383,21.07033],[86.55506,21.06943],[86.55656,21.06753],[86.55682,21.06631],[86.55636,21.06408],[86.55525,21.06084],[86.55469,21.06038],[86.55306,21.0602],[86.55052,21.06132],[86.54971,21.06138],[86.54729,21.05982],[86.54509,21.05926],[86.54134,21.0599],[86.53883,21.05972],[86.53817,21.06044]]]}},{"type":"Feature","properties":{"LCODE":"050190012001200079","LOCATION":"BALO","V_TYPE":"VILLAGE","BLOCK":"BONTH","DISTRICT":"BHADRAK"},"geometry":{"type":"Polygon","coordinates":[[[86.41075,21.06461],[86.411,21.06537],[86.4124,21.06666],[86.4138,21.06979],[86.41415,21.07239],[86.4144,21.07277],[86.41579,21.07345],[86.41962,21.07313],[86.4211,21.07258],[86.42207,21.07189],[86.42729,21.07156],[86.42819,21.07178],[86.42953,21.07359],[86.43261,21.07215],[86.43701,21.07059],[86.43758,21.06998],[86.43467,21.06231],[86.43204,21.05961],[86.42965,21.05664],[86.42718,21.05298],[86.42577,21.04993],[86.42537,21.05093],[86.42309,21.05239],[86.42244,21.05323],[86.42204,21.05454],[86.42197,21.05614],[86.421,21.05722],[86.42077,21.05928],[86.42044,21.05989],[86.41849,21.06113],[86.41671,21.06396],[86.41524,21.06397],[86.41238,21.06314],[86.41123,21.06346],[86.41075,21.06461]]]}},{"type":"Feature","properties":{"LCODE":"050190012001200089","LOCATION":"ANDHIA","V_TYPE":"VILLAGE","BLOCK":"BONTH","DISTRICT":"BHADRAK"},"geometry":{"type":"Polygon","coordinates":[[[86.36427,21.05654],[86.3649,21.06054],[86.36606,21.06337],[86.366,21.06378],[86.36921,21.06797],[86.37213,21.06724],[86.37236,21.06532],[86.37309,21.0644],[86.37431,21.06386],[86.37546,21.06401],[86.3766,21.06438],[86.37718,21.06507],[86.37883,21.06812],[86.37803,21.07073],[86.3795,21.07156],[86.37971,21.07217],[86.38155,21.07232],[86.38196,21.07193],[86.38211,21.07055],[86.38087,21.06827],[86.38095,21.06765],[86.38306,21.06591],[86.38306,21.06504],[86.38166,21.06276],[86.38197,21.06023],[86.38134,21.05794],[86.37907,21.05382],[86.37907,21.05329],[86.37964,21.0529],[86.38159,21.05197],[86.38234,21.05202],[86.38032,21.04362],[86.3758,21.04332],[86.3765,21.04649],[86.37495,21.04726],[86.37454,21.0478],[86.37472,21.04986],[86.37392,21.05254],[86.37327,21.05323],[86.37107,21.05447],[86.367,21.05548],[86.36427,21.05654]]]}},{"type":"Feature","properties":{"LCODE":"050170012001200098","LOCATION":"BALIGADIA","V_TYPE":"VILLAGE","BLOCK":"BONTH","DISTRICT":"BHADRAK"},"geometry":{"type":"Polygon","coordinates":[[[86.32465,21.06596],[86.32573,21.06669],[86.3261,21.06761],[86.32891,21.06706],[86.33006,21.06721],[86.33038,21.06767],[86.32999,21.06958],[86.33024,21.07027],[86.33197,21.07198],[86.33318,21.07087],[86.33433,21.07078],[86.33489,21.07032],[86.33373,21.0665],[86.33299,21.06543],[86.33111,21.06498],[86.33045,21.06415],[86.33058,21.06249],[86.32922,21.06277],[86.32735,21.06408],[86.32516,21.06509],[86.32465,21.06596]]]}},{"type":"Feature","properties":{"LCODE":"050190011001100075","LOCATION":"RANDIA","V_TYPE":"VILLAGE","BLOCK":"BHADRAK","DISTRICT":"BHADRAK"},"geometry":{"type":"Polygon","coordinates":[[[86.46154,21.061],[86.46787,21.06854],[86.46976,21.07021],[86.4705,21.07123],[86.47321,21.07141],[86.47467,21.07103],[86.47581,21.06995],[86.47662,21.06842],[86.47717,21.06651],[86.47807,21.06502],[86.47733,21.06498],[86.47667,21.06444],[86.47502,21.06254],[86.47362,21.05995],[86.47272,21.05911],[86.47048,21.05546],[86.46515,21.05066],[86.46327,21.05159],[86.46214,21.05259],[86.46199,21.05519],[86.4634,21.05923],[86.46308,21.06008],[86.46154,21.061]]]}},{"type":"Feature","properties":{"LCODE":"050170012001200090","LOCATION":"CHARIPOKHARI","V_TYPE":"VILLAGE","BLOCK":"BONTH","DISTRICT":"BHADRAK"},"geometry":{"type":"Polygon","coordinates":[[[86.34264,21.06837],[86.34273,21.06914],[86.34355,21.0702],[86.34544,21.07058],[86.34779,21.06827],[86.35032,21.06765],[86.3531,21.06786],[86.35588,21.06976],[86.35679,21.06976],[86.35834,21.06921],[86.36005,21.06731],[86.35849,21.06738],[86.35767,21.06677],[86.35601,21.06249],[86.35527,21.06227],[86.35298,21.06243],[86.35004,21.06176],[86.34817,21.06253],[86.34736,21.06399],[86.34647,21.06461],[86.34393,21.06546],[86.34328,21.06592],[86.34264,21.06837]]]}},{"type":"Feature","properties":{"LCODE":"050220013001300017","LOCATION":"JAGANNATHPRASAD","V_TYPE":"VILLAGE","BLOCK":"BASUDEVPUR","DISTRICT":"BHADRAK"},"geometry":{"type":"Polygon","coordinates":[[[86.71436,21.03561],[86.71619,21.03675],[86.71802,21.04045],[86.72527,21.04775],[86.72742,21.05076],[86.73302,21.06056],[86.73463,21.06197],[86.73874,21.06982],[86.74001,21.06731],[86.74225,21.06505],[86.74519,21.06286],[86.74619,21.06264],[86.7453,21.06225],[86.74423,21.06254],[86.73837,21.06239],[86.73611,21.06098],[86.73604,21.05988],[86.73939,21.0588],[86.73948,21.05789],[86.7374,21.05533],[86.7366,21.05295],[86.73536,21.04811],[86.73502,21.04244],[86.73552,21.0413],[86.74052,21.04016],[86.73992,21.03728],[86.73712,21.03673],[86.73452,21.03577],[86.73064,21.03396],[86.72699,21.03163],[86.7261,21.03153],[86.7252,21.03175],[86.72462,21.0325],[86.72192,21.03446],[86.72134,21.0343],[86.72007,21.03198],[86.71484,21.03275],[86.71436,21.03561]]]}},{"type":"Feature","properties":{"LCODE":"050190012001200084","LOCATION":"NAHO","V_TYPE":"VILLAGE","BLOCK":"BONTH","DISTRICT":"BHADRAK"},"geometry":{"type":"Polygon","coordinates":[[[86.39323,21.06369],[86.39328,21.06614],[86.39394,21.06797],[86.39615,21.06812],[86.39697,21.06918],[86.40048,21.06909],[86.40204,21.06878],[86.40358,21.068],[86.40456,21.06792],[86.40527,21.06371],[86.406,21.06211],[86.40517,21.05981],[86.40547,21.05683],[86.40246,21.05715],[86.3943,21.05877],[86.39539,21.063],[86.39384,21.06369],[86.39323,21.06369]]]}},{"type":"Feature","properties":{"LCODE":"050220013001300009","LOCATION":"JAGANNATHPUR","V_TYPE":"VILLAGE","BLOCK":"BASUDEVPUR","DISTRICT":"BHADRAK"},"geometry":{"type":"Polygon","coordinates":[[[86.75775,21.05496],[86.75941,21.05983],[86.76642,21.06112],[86.76887,21.06211],[86.7692,21.06272],[86.7692,21.06456],[86.76849,21.06834],[86.77042,21.06785],[86.77368,21.06624],[86.77564,21.06494],[86.77833,21.06249],[86.77931,21.06058],[86.78097,21.05121],[86.77776,21.05163],[86.7749,21.05048],[86.77016,21.04949],[86.76926,21.04955],[86.76747,21.05048],[86.76609,21.05064],[86.76209,21.05033],[86.76043,21.04979],[86.75834,21.05332],[86.75775,21.05496]]]}},{"type":"Feature","properties":{"LCODE":"050170012001200097","LOCATION":"BAJAPUR","V_TYPE":"VILLAGE","BLOCK":"BONTH","DISTRICT":"BHADRAK"},"geometry":{"type":"Polygon","coordinates":[[[86.33036,21.06338],[86.33045,21.06415],[86.33111,21.06498],[86.33299,21.06543],[86.33373,21.0665],[86.33434,21.06819],[86.33513,21.06803],[86.33797,21.06625],[86.3392,21.06495],[86.34205,21.06409],[86.34254,21.06348],[86.34237,21.06279],[86.34048,21.06249],[86.33967,21.06196],[86.33909,21.06127],[86.33925,21.0599],[86.33891,21.05929],[86.3359,21.05938],[86.33475,21.05984],[86.33207,21.06207],[86.33058,21.06249],[86.33036,21.06338]]]}},{"type":"Feature","properties":{"LCODE":"050170012001200089","LOCATION":"SATHATIRA","V_TYPE":"VILLAGE","BLOCK":"BONTH","DISTRICT":"BHADRAK"},"geometry":{"type":"Polygon","coordinates":[[[86.34525,21.06196],[86.34547,21.06224],[86.34751,21.06284],[86.34799,21.06284],[86.34914,21.06199],[86.35004,21.06176],[86.35298,21.06243],[86.35527,21.06227],[86.35601,21.06249],[86.35767,21.06677],[86.35849,21.06738],[86.36216,21.06698],[86.36305,21.06651],[86.36549,21.06467],[86.36606,21.06337],[86.3654,21.06214],[86.36463,21.05909],[86.35967,21.06064],[86.35771,21.06073],[86.3569,21.06035],[86.35419,21.05776],[86.35344,21.05562],[86.35286,21.05494],[86.35196,21.05425],[86.34983,21.05342],[86.34875,21.05456],[86.34935,21.05511],[86.35181,21.05624],[86.35238,21.057],[86.35247,21.05769],[86.35198,21.05808],[86.35199,21.05938],[86.35175,21.05984],[86.35027,21.05977],[86.34856,21.06085],[86.34525,21.06196]]]}},{"type":"Feature","properties":{"LCODE":"050190011001100070","LOCATION":"HAMIRBINDHA","V_TYPE":"VILLAGE","BLOCK":"BHADRAK","DISTRICT":"BHADRAK"},"geometry":{"type":"Polygon","coordinates":[[[86.52233,21.06195],[86.52363,21.06572],[86.52375,21.06549],[86.52457,21.06558],[86.52903,21.0666],[86.52904,21.06633],[86.53051,21.0655],[86.53116,21.06133],[86.52881,21.05835],[86.52768,21.05757],[86.52515,21.05754],[86.52367,21.05874],[86.52234,21.06087],[86.52233,21.06195]]]}},{"type":"Feature","properties":{"LCODE":"050190012001200085","LOCATION":"RAGHUNATHPUR","V_TYPE":"VILLAGE","BLOCK":"BONTH","DISTRICT":"BHADRAK"},"geometry":{"type":"Polygon","coordinates":[[[86.38123,21.05809],[86.38197,21.06023],[86.38166,21.06276],[86.38306,21.06504],[86.38306,21.06591],[86.38404,21.06519],[86.38633,21.06564],[86.38674,21.06548],[86.38731,21.06449],[86.38837,21.06425],[86.3895,21.06348],[86.39056,21.06333],[86.39384,21.06369],[86.39539,21.063],[86.39538,21.06231],[86.3943,21.05925],[86.39404,21.05604],[86.39378,21.05536],[86.3933,21.05498],[86.38889,21.05584],[86.38587,21.057],[86.38432,21.05678],[86.38359,21.05724],[86.38163,21.05755],[86.38123,21.05809]]]}},{"type":"Feature","properties":{"LCODE":"050220013001300013","LOCATION":"KSHEMPUR","V_TYPE":"VILLAGE","BLOCK":"BASUDEVPUR","DISTRICT":"BHADRAK"},"geometry":{"type":"Polygon","coordinates":[[[86.74619,21.06264],[86.74771,21.06496],[86.7486,21.0652],[86.74934,21.06483],[86.75084,21.06311],[86.75394,21.06059],[86.75508,21.06104],[86.75671,21.06273],[86.75761,21.06319],[86.75842,21.06311],[86.75908,21.06265],[86.75948,21.06196],[86.75957,21.06104],[86.75932,21.05928],[86.75761,21.05462],[86.75687,21.05401],[86.75597,21.05439],[86.75475,21.05439],[86.7532,21.0537],[86.74954,21.05419],[86.74847,21.05594],[86.7477,21.05853],[86.74688,21.05914],[86.74728,21.05983],[86.74711,21.06074],[86.74619,21.06264]]]}},{"type":"Feature","properties":{"LCODE":"050170012001200103","LOCATION":"PARAMANANDAPUR","V_TYPE":"VILLAGE","BLOCK":"BONTH","DISTRICT":"BHADRAK"},"geometry":{"type":"Polygon","coordinates":[[[86.32457,21.06317],[86.32478,21.06346],[86.32607,21.06325],[86.32593,21.06395],[86.32529,21.06454],[86.32516,21.06509],[86.32539,21.06501],[86.32735,21.06408],[86.32922,21.06277],[86.33207,21.06207],[86.33475,21.05984],[86.3359,21.05938],[86.33859,21.05944],[86.33908,21.05921],[86.33997,21.05726],[86.33882,21.05607],[86.33629,21.05662],[86.33579,21.05609],[86.33479,21.05227],[86.3343,21.0515],[86.33323,21.05103],[86.33218,21.05174],[86.32983,21.0555],[86.32893,21.05574],[86.32861,21.05612],[86.32812,21.05788],[86.32629,21.05855],[86.32619,21.05988],[86.32565,21.06018],[86.32529,21.06097],[86.32542,21.06222],[86.32457,21.06317]]]}},{"type":"Feature","properties":{"LCODE":"050190011001100054","LOCATION":"SAMIA","V_TYPE":"VILLAGE","BLOCK":"BHADRAK","DISTRICT":"BHADRAK"},"geometry":{"type":"Polygon","coordinates":[[[86.62555,21.05509],[86.62786,21.05911],[86.62865,21.06119],[86.63091,21.06321],[86.63197,21.06345],[86.6349,21.06486],[86.63583,21.06321],[86.63637,21.06288],[86.63631,21.06167],[86.63699,21.059],[86.63643,21.05794],[86.63441,21.05605],[86.63362,21.05428],[86.63314,21.05404],[86.62663,21.05381],[86.62581,21.0541],[86.62555,21.05509]]]}},{"type":"Feature","properties":{"LCODE":"050190011001100116","LOCATION":"BARANGA","V_TYPE":"VILLAGE","BLOCK":"BHADRAK","DISTRICT":"BHADRAK"},"geometry":{"type":"Polygon","coordinates":[[[86.57214,21.05521],[86.57315,21.05633],[86.57418,21.05887],[86.57522,21.06049],[86.57642,21.06365],[86.57927,21.062],[86.58255,21.06074],[86.58707,21.05789],[86.59018,21.05632],[86.59207,21.05466],[86.59309,21.05117],[86.58472,21.04822],[86.57789,21.04773],[86.57765,21.04857],[86.57683,21.04925],[86.5741,21.05003],[86.57413,21.05028],[86.57265,21.05103],[86.57232,21.05149],[86.57253,21.05425],[86.57214,21.05521]]]}},{"type":"Feature","properties":{"LCODE":"050210013001300092","LOCATION":"KANJIKHIA","V_TYPE":"VILLAGE","BLOCK":"BASUDEVPUR","DISTRICT":"BHADRAK"},"geometry":{"type":"Polygon","coordinates":[[[86.6589,21.05959],[86.65928,21.06166],[86.66,21.06305],[86.66064,21.06344],[86.66138,21.06345],[86.66252,21.0627],[86.66444,21.06026],[86.66413,21.05774],[86.66331,21.05486],[86.6613,21.05594],[86.65894,21.05634],[86.6589,21.05959]]]}},{"type":"Feature","properties":{"LCODE":"050190011001100055","LOCATION":"DHARMASARANABINDHA","V_TYPE":"VILLAGE","BLOCK":"BHADRAK","DISTRICT":"BHADRAK"},"geometry":{"type":"Polygon","coordinates":[[[86.63622,21.06251],[86.63637,21.06288],[86.63815,21.06301],[86.63895,21.06292],[86.64112,21.06175],[86.64532,21.06195],[86.64733,21.06147],[86.64977,21.06166],[86.65034,21.06026],[86.64484,21.05696],[86.64304,21.05663],[86.64011,21.05666],[86.63643,21.05794],[86.63699,21.059],[86.63622,21.06251]]]}},{"type":"Feature","properties":{"LCODE":"050170012001200096","LOCATION":"BALIPUR","V_TYPE":"VILLAGE","BLOCK":"BONTH","DISTRICT":"BHADRAK"},"geometry":{"type":"Polygon","coordinates":[[[86.33891,21.05929],[86.33925,21.0599],[86.33909,21.06127],[86.33967,21.06196],[86.34048,21.06249],[86.34163,21.06256],[86.34241,21.06297],[86.34367,21.06232],[86.34637,21.0617],[86.34846,21.06087],[86.34681,21.05574],[86.34641,21.05604],[86.3438,21.05613],[86.34005,21.05714],[86.33891,21.05929]]]}},{"type":"Feature","properties":{"LCODE":"050220013001300014","LOCATION":"KASHIABHIRAM","V_TYPE":"VILLAGE","BLOCK":"BASUDEVPUR","DISTRICT":"BHADRAK"},"geometry":{"type":"Polygon","coordinates":[[[86.73604,21.05988],[86.73611,21.06098],[86.73837,21.06239],[86.74423,21.06254],[86.7453,21.06225],[86.74619,21.06264],[86.74728,21.05983],[86.74584,21.05743],[86.74491,21.05323],[86.738,21.05623],[86.73917,21.05727],[86.73948,21.05789],[86.73939,21.0588],[86.73604,21.05988]]]}},{"type":"Feature","properties":{"LCODE":"050190012001200101","LOCATION":"KUNDAL","V_TYPE":"VILLAGE","BLOCK":"BONTH","DISTRICT":"BHADRAK"},"geometry":{"type":"Polygon","coordinates":[[[86.42445,21.04772],[86.42552,21.04886],[86.42627,21.05131],[86.42965,21.05664],[86.43451,21.0622],[86.43728,21.06157],[86.43826,21.06096],[86.43848,21.05866],[86.43977,21.05606],[86.44018,21.05453],[86.44009,21.05315],[86.43942,21.0517],[86.43712,21.04942],[86.43638,21.04812],[86.43481,21.04637],[86.43252,21.04539],[86.42805,21.04487],[86.42836,21.04564],[86.42771,21.04679],[86.42486,21.04741],[86.42445,21.04772]]]}},{"type":"Feature","properties":{"LCODE":"050190011001100103","LOCATION":"AMARGADIA","V_TYPE":"VILLAGE","BLOCK":"BHADRAK","DISTRICT":"BHADRAK"},"geometry":{"type":"Polygon","coordinates":[[[86.43298,21.03988],[86.43315,21.04562],[86.43481,21.04637],[86.43638,21.04812],[86.43712,21.04942],[86.43942,21.0517],[86.44009,21.05315],[86.44018,21.05453],[86.43977,21.05606],[86.43848,21.05866],[86.43839,21.06006],[86.4398,21.0608],[86.44119,21.06079],[86.44364,21.05994],[86.44478,21.05924],[86.44559,21.05932],[86.44699,21.05985],[86.44789,21.06053],[86.44908,21.06218],[86.45255,21.05959],[86.45677,21.05728],[86.45768,21.05773],[86.45973,21.05979],[86.46154,21.061],[86.46308,21.06008],[86.4634,21.05923],[86.46315,21.05801],[86.46199,21.05519],[86.46214,21.05259],[86.46327,21.05159],[86.4658,21.05028],[86.46612,21.04951],[86.46336,21.0437],[86.462,21.04434],[86.45808,21.04527],[86.45734,21.04482],[86.45511,21.03917],[86.45348,21.04048],[86.45154,21.04324],[86.44862,21.04654],[86.44797,21.04715],[86.4465,21.04747],[86.44372,21.04664],[86.43962,21.04398],[86.43764,21.042],[86.43338,21.03866],[86.43298,21.03988]]]}},{"type":"Feature","properties":{"LCODE":"050190011001100112","LOCATION":"MALIARURAN","V_TYPE":"VILLAGE","BLOCK":"BHADRAK","DISTRICT":"BHADRAK"},"geometry":{"type":"Polygon","coordinates":[[[86.54375,21.04927],[86.54406,21.05058],[86.54478,21.05181],[86.54649,21.05214],[86.54672,21.05253],[86.54656,21.05283],[86.54541,21.05328],[86.54547,21.05481],[86.54456,21.0558],[86.54452,21.05935],[86.54509,21.05926],[86.54729,21.05982],[86.54971,21.06138],[86.55052,21.06132],[86.55306,21.0602],[86.55469,21.06038],[86.55221,21.05712],[86.55119,21.05397],[86.55031,21.05288],[86.54837,21.05156],[86.54774,21.05009],[86.54659,21.05015],[86.54473,21.04905],[86.54417,21.04897],[86.54375,21.04927]]]}},{"type":"Feature","properties":{"LCODE":"050210013001300094","LOCATION":"RUKUNADEIPUR","V_TYPE":"VILLAGE","BLOCK":"BASUDEVPUR","DISTRICT":"BHADRAK"},"geometry":{"type":"Polygon","coordinates":[[[86.67014,21.05238],[86.67117,21.05454],[86.67534,21.06049],[86.67639,21.0612],[86.67835,21.06084],[86.67991,21.05994],[86.68281,21.05561],[86.68636,21.05221],[86.68834,21.04987],[86.68927,21.04689],[86.6892,21.04589],[86.68888,21.0452],[86.68806,21.04519],[86.68529,21.04584],[86.6825,21.04696],[86.67581,21.04794],[86.67426,21.04853],[86.67106,21.05094],[86.67015,21.05192],[86.67014,21.05238]]]}},{"type":"Feature","properties":{"LCODE":"050170012001200109","LOCATION":"MOHANTIA","V_TYPE":"VILLAGE","BLOCK":"BONTH","DISTRICT":"BHADRAK"},"geometry":{"type":"Polygon","coordinates":[[[86.34681,21.05574],[86.34846,21.06087],[86.35027,21.05977],[86.35175,21.05984],[86.35199,21.05938],[86.35198,21.05808],[86.35247,21.05769],[86.35238,21.057],[86.35181,21.05624],[86.34935,21.05511],[86.34875,21.05456],[86.34715,21.05527],[86.34681,21.05574]]]}},{"type":"Feature","properties":{"LCODE":"050170012001200110","LOCATION":"SENDATIRA","V_TYPE":"VILLAGE","BLOCK":"BONTH","DISTRICT":"BHADRAK"},"geometry":{"type":"Polygon","coordinates":[[[86.34983,21.05342],[86.35196,21.05425],[86.35286,21.05494],[86.35344,21.05562],[86.35419,21.05776],[86.3569,21.06035],[86.35771,21.06073],[86.35967,21.06064],[86.36463,21.05909],[86.36422,21.05626],[86.36305,21.05236],[86.36192,21.05359],[86.35996,21.0536],[86.35815,21.05193],[86.35725,21.0517],[86.35505,21.05248],[86.35358,21.05088],[86.353,21.05096],[86.35162,21.05188],[86.35064,21.05189],[86.34983,21.05342]]]}},{"type":"Feature","properties":{"LCODE":"050190011001100113","LOCATION":"BARAHMAPUR","V_TYPE":"VILLAGE","BLOCK":"BHADRAK","DISTRICT":"BHADRAK"},"geometry":{"type":"Polygon","coordinates":[[[86.54533,21.04646],[86.54783,21.04879],[86.54798,21.04956],[86.54774,21.05009],[86.54805,21.05109],[86.5507,21.05327],[86.55119,21.05397],[86.55221,21.05712],[86.55469,21.06038],[86.56173,21.05802],[86.56302,21.05803],[86.56492,21.05691],[86.56666,21.05641],[86.56641,21.05486],[86.564,21.04949],[86.56261,21.04668],[86.56116,21.04498],[86.5602,21.04305],[86.56001,21.03868],[86.55938,21.03767],[86.55735,21.03703],[86.55727,21.03665],[86.55794,21.03589],[86.55778,21.0352],[86.55721,21.03481],[86.5564,21.03464],[86.555,21.03585],[86.55277,21.03835],[86.55177,21.04064],[86.55127,21.04101],[86.54921,21.04118],[86.5479,21.04281],[86.54757,21.04395],[86.54658,21.04502],[86.54543,21.04526],[86.54533,21.04646]]]}},{"type":"Feature","properties":{"LCODE":"050190011001100057","LOCATION":"SAHARA","V_TYPE":"VILLAGE","BLOCK":"BHADRAK","DISTRICT":"BHADRAK"},"geometry":{"type":"Polygon","coordinates":[[[86.63635,21.05136],[86.63886,21.05243],[86.64749,21.05301],[86.64805,21.0537],[86.64804,21.05462],[86.64647,21.05775],[86.65034,21.06026],[86.6519,21.05843],[86.65387,21.0573],[86.65514,21.057],[86.65718,21.05329],[86.65871,21.0481],[86.6592,21.04749],[86.6607,21.04729],[86.66084,21.04659],[86.66032,21.04207],[86.65906,21.03899],[86.6586,21.03684],[86.65845,21.03492],[86.65887,21.03378],[86.65712,21.03099],[86.65607,21.02983],[86.6526,21.02772],[86.65162,21.02778],[86.64957,21.0289],[86.64729,21.02887],[86.64631,21.02901],[86.6459,21.02947],[86.64231,21.02965],[86.64174,21.03025],[86.64099,21.03147],[86.6406,21.03163],[86.64225,21.04175],[86.64173,21.0442],[86.64082,21.04595],[86.64069,21.04901],[86.63995,21.05015],[86.63921,21.0506],[86.63635,21.05136]]]}},{"type":"Feature","properties":{"LCODE":"050190011001100111","LOCATION":"NACHHIPUR","V_TYPE":"VILLAGE","BLOCK":"BHADRAK","DISTRICT":"BHADRAK"},"geometry":{"type":"Polygon","coordinates":[[[86.53568,21.05645],[86.53608,21.05707],[86.53842,21.05871],[86.53883,21.05972],[86.54134,21.0599],[86.54452,21.05935],[86.54456,21.0558],[86.54547,21.05481],[86.54541,21.05328],[86.54656,21.05283],[86.54672,21.05253],[86.54649,21.05214],[86.54478,21.05181],[86.54406,21.05058],[86.54375,21.04927],[86.54417,21.04897],[86.54473,21.04905],[86.54708,21.05024],[86.54774,21.05009],[86.54798,21.04956],[86.54783,21.04879],[86.54533,21.04646],[86.54385,21.04812],[86.54098,21.04954],[86.53974,21.05091],[86.53671,21.05263],[86.53654,21.05324],[86.53683,21.05508],[86.53658,21.05562],[86.53593,21.05576],[86.53568,21.05645]]]}},{"type":"Feature","properties":{"LCODE":"050220013001300012","LOCATION":"SRIBACHHAPUR","V_TYPE":"VILLAGE","BLOCK":"BASUDEVPUR","DISTRICT":"BHADRAK"},"geometry":{"type":"Polygon","coordinates":[[[86.74468,21.05191],[86.74584,21.05743],[86.74688,21.05914],[86.7477,21.05853],[86.74847,21.05594],[86.74954,21.05419],[86.75198,21.0537],[86.7532,21.0537],[86.75475,21.05439],[86.75597,21.05439],[86.75687,21.05401],[86.75775,21.05496],[86.75834,21.05332],[86.76043,21.04979],[86.75973,21.04911],[86.75923,21.04743],[86.75928,21.04417],[86.75401,21.04475],[86.75304,21.0446],[86.7488,21.04243],[86.74753,21.04536],[86.74604,21.04725],[86.74487,21.04946],[86.74468,21.05191]]]}},{"type":"Feature","properties":{"LCODE":"050210013001300093","LOCATION":"KALYANPUR","V_TYPE":"VILLAGE","BLOCK":"BASUDEVPUR","DISTRICT":"BHADRAK"},"geometry":{"type":"Polygon","coordinates":[[[86.6633,21.05483],[86.66425,21.05865],[86.66568,21.05881],[86.66747,21.05869],[86.66901,21.05786],[86.67149,21.05495],[86.67011,21.05197],[86.66963,21.05209],[86.66753,21.0539],[86.66506,21.05471],[86.6633,21.05483]]]}},{"type":"Feature","properties":{"LCODE":"050190012001200096","LOCATION":"ALAUTI","V_TYPE":"VILLAGE","BLOCK":"BONTH","DISTRICT":"BHADRAK"},"geometry":{"type":"Polygon","coordinates":[[[86.38383,21.05407],[86.38453,21.05683],[86.38497,21.05693],[86.38587,21.057],[86.38889,21.05584],[86.3933,21.05498],[86.39378,21.05536],[86.39404,21.05604],[86.3943,21.05877],[86.40246,21.05715],[86.40531,21.05685],[86.40571,21.05538],[86.40488,21.0524],[86.40495,21.05056],[86.40675,21.04994],[86.40983,21.04695],[86.41227,21.04556],[86.41047,21.04557],[86.40932,21.04511],[86.40874,21.04443],[86.40931,21.04343],[86.41061,21.04282],[86.41175,21.04143],[86.41183,21.04044],[86.41135,21.03967],[86.41035,21.03892],[86.4071,21.0395],[86.40718,21.04161],[86.40556,21.04269],[86.40515,21.0446],[86.40467,21.04514],[86.40214,21.04561],[86.40173,21.0453],[86.40189,21.04446],[86.40163,21.04385],[86.40106,21.04332],[86.39976,21.04355],[86.39935,21.04325],[86.39908,21.03981],[86.39735,21.03737],[86.39721,21.03677],[86.39327,21.03762],[86.39132,21.03855],[86.39031,21.03968],[86.39126,21.04283],[86.39178,21.04703],[86.39276,21.04848],[86.39294,21.04978],[86.3905,21.05155],[86.38919,21.05209],[86.38593,21.05264],[86.38383,21.05407]]]}},{"type":"Feature","properties":{"LCODE":"050270017001700002","LOCATION":"CHHACHINA","V_TYPE":"VILLAGE","BLOCK":"BHANDARIPOKHARI","DISTRICT":"BHADRAK"},"geometry":{"type":"Polygon","coordinates":[[[86.3209,21.05096],[86.32091,21.05203],[86.32157,21.05447],[86.32269,21.05398],[86.32298,21.05564],[86.32393,21.05739],[86.32478,21.05792],[86.32584,21.05812],[86.32629,21.05855],[86.32812,21.05788],[86.32861,21.05612],[86.32893,21.05574],[86.32983,21.0555],[86.33218,21.05174],[86.33332,21.05097],[86.33315,21.05036],[86.33241,21.04991],[86.33233,21.04952],[86.33298,21.04906],[86.33298,21.04868],[86.33241,21.04861],[86.3306,21.04632],[86.3297,21.04571],[86.32944,21.0451],[86.3306,21.04454],[86.33083,21.04364],[86.33041,21.04296],[86.32902,21.04159],[86.3282,21.04105],[86.32755,21.04106],[86.32674,21.04297],[86.32625,21.04343],[86.32217,21.04514],[86.32129,21.04675],[86.3209,21.05096]]]}},{"type":"Feature","properties":{"LCODE":"050270017001700001","LOCATION":"SOLAPUR","V_TYPE":"VILLAGE","BLOCK":"BHANDARIPOKHARI","DISTRICT":"BHADRAK"},"geometry":{"type":"Polygon","coordinates":[[[86.31366,21.04774],[86.31419,21.05658],[86.31509,21.0582],[86.31579,21.05848],[86.32157,21.05447],[86.32091,21.05203],[86.3209,21.05096],[86.32153,21.04598],[86.31989,21.04606],[86.31712,21.04715],[86.31366,21.04774]]]}},{"type":"Feature","properties":{"LCODE":"050190011001100056","LOCATION":"BASUDEBPUR","V_TYPE":"VILLAGE","BLOCK":"BHADRAK","DISTRICT":"BHADRAK"},"geometry":{"type":"Polygon","coordinates":[[[86.63314,21.05404],[86.63362,21.05428],[86.6349,21.05667],[86.63643,21.05794],[86.63831,21.0571],[86.64109,21.0566],[86.6441,21.05679],[86.64647,21.05775],[86.64804,21.05462],[86.64805,21.0537],[86.64749,21.05301],[86.63886,21.05243],[86.63635,21.05136],[86.63413,21.05268],[86.63314,21.05404]]]}},{"type":"Feature","properties":{"LCODE":"050190012001200095","LOCATION":"BARADHARIA","V_TYPE":"VILLAGE","BLOCK":"BONTH","DISTRICT":"BHADRAK"},"geometry":{"type":"Polygon","coordinates":[[[86.37907,21.05329],[86.37907,21.05382],[86.38134,21.05794],[86.38163,21.05755],[86.38453,21.05683],[86.38356,21.05326],[86.38282,21.05227],[86.38209,21.05189],[86.38159,21.05197],[86.37907,21.05329]]]}},{"type":"Feature","properties":{"LCODE":"050190011001100107","LOCATION":"SAMARAIPUR","V_TYPE":"VILLAGE","BLOCK":"BHADRAK","DISTRICT":"BHADRAK"},"geometry":{"type":"Polygon","coordinates":[[[86.47987,21.05495],[86.47997,21.05599],[86.48021,21.05602],[86.48437,21.05501],[86.48608,21.05546],[86.4874,21.05629],[86.48822,21.05736],[86.48937,21.05774],[86.49092,21.0578],[86.49223,21.05749],[86.49337,21.05711],[86.49418,21.05634],[86.49596,21.05427],[86.49604,21.05358],[86.49527,21.04846],[86.49532,21.04273],[86.49586,21.03906],[86.49446,21.03807],[86.49185,21.03839],[86.48874,21.0373],[86.48793,21.03872],[86.48679,21.03918],[86.48184,21.04017],[86.48404,21.04294],[86.48431,21.04569],[86.48367,21.04806],[86.4831,21.04905],[86.48189,21.05005],[86.48108,21.05128],[86.48093,21.05319],[86.48012,21.05411],[86.47987,21.05495]]]}},{"type":"Feature","properties":{"LCODE":"050170012001200104","LOCATION":"PANGIRASASAN(PARADIHI)","V_TYPE":"VILLAGE","BLOCK":"BONTH","DISTRICT":"BHADRAK"},"geometry":{"type":"Polygon","coordinates":[[[86.32944,21.0451],[86.3297,21.04571],[86.3306,21.04632],[86.33241,21.04861],[86.33298,21.04868],[86.33298,21.04906],[86.33233,21.04952],[86.33241,21.04991],[86.33315,21.05036],[86.33323,21.05103],[86.3343,21.0515],[86.33479,21.05227],[86.33579,21.05609],[86.33629,21.05662],[86.33882,21.05607],[86.33997,21.05726],[86.34418,21.05613],[86.3428,21.0533],[86.34164,21.04979],[86.34105,21.04673],[86.3399,21.04467],[86.33851,21.04407],[86.33287,21.04424],[86.33018,21.04464],[86.32944,21.0451]]]}},{"type":"Feature","properties":{"LCODE":"050210013001300091","LOCATION":"KAPAGARIA","V_TYPE":"VILLAGE","BLOCK":"BASUDEVPUR","DISTRICT":"BHADRAK"},"geometry":{"type":"Polygon","coordinates":[[[86.65514,21.057],[86.6613,21.05594],[86.66331,21.05486],[86.66232,21.05274],[86.66108,21.04729],[86.6592,21.04749],[86.65871,21.0481],[86.65718,21.05329],[86.65514,21.057]]]}},{"type":"Feature","properties":{"LCODE":"050190012001200090","LOCATION":"GOVINDPUR","V_TYPE":"VILLAGE","BLOCK":"BONTH","DISTRICT":"BHADRAK"},"geometry":{"type":"Polygon","coordinates":[[[86.36222,21.04701],[86.36256,21.0516],[86.3633,21.05298],[86.36427,21.05654],[86.367,21.05548],[86.37107,21.05447],[86.37327,21.05323],[86.37392,21.05254],[86.37472,21.04986],[86.37454,21.0478],[86.37495,21.04726],[86.37625,21.0468],[86.3765,21.04603],[86.3758,21.04332],[86.37493,21.04329],[86.37223,21.04353],[86.37028,21.04415],[86.3689,21.04507],[86.36767,21.04523],[86.36678,21.04569],[86.36637,21.04631],[86.36564,21.04669],[86.36222,21.04701]]]}},{"type":"Feature","properties":{"LCODE":"050190011001100115","LOCATION":"BHATTIRA","V_TYPE":"VILLAGE","BLOCK":"BHADRAK","DISTRICT":"BHADRAK"},"geometry":{"type":"Polygon","coordinates":[[[86.56395,21.04969],[86.56641,21.05486],[86.56666,21.05641],[86.57195,21.05539],[86.57236,21.05501],[86.57253,21.05425],[86.57232,21.05149],[86.57265,21.05103],[86.57413,21.05028],[86.5735,21.04805],[86.57201,21.0458],[86.56723,21.04766],[86.56403,21.04931],[86.56395,21.04969]]]}},{"type":"Feature","properties":{"LCODE":"050190011001100060","LOCATION":"TORANPADA","V_TYPE":"VILLAGE","BLOCK":"BHADRAK","DISTRICT":"BHADRAK"},"geometry":{"type":"Polygon","coordinates":[[[86.59148,21.05525],[86.59581,21.05532],[86.59743,21.05603],[86.59914,21.05636],[86.60188,21.05601],[86.60267,21.05433],[86.60406,21.05351],[86.60561,21.05345],[86.60805,21.05395],[86.60928,21.05366],[86.60945,21.05281],[86.60899,21.0502],[86.60902,21.04806],[86.60822,21.04667],[86.60517,21.04503],[86.60252,21.04675],[86.59924,21.04808],[86.59676,21.0515],[86.59537,21.05179],[86.59309,21.05117],[86.59207,21.05466],[86.59148,21.05525]]]}},{"type":"Feature","properties":{"LCODE":"050220013001300015","LOCATION":"JAYAKRUSHNAPUR","V_TYPE":"VILLAGE","BLOCK":"BASUDEVPUR","DISTRICT":"BHADRAK"},"geometry":{"type":"Polygon","coordinates":[[[86.73502,21.04244],[86.73536,21.04811],[86.7366,21.05295],[86.73787,21.0561],[86.74491,21.05323],[86.74468,21.05191],[86.7448,21.05005],[86.7443,21.04983],[86.74358,21.04891],[86.74216,21.04414],[86.74052,21.04016],[86.73552,21.0413],[86.73502,21.04244]]]}},{"type":"Feature","properties":{"LCODE":"050170012001200108","LOCATION":"FULAGADIA","V_TYPE":"VILLAGE","BLOCK":"BONTH","DISTRICT":"BHADRAK"},"geometry":{"type":"Polygon","coordinates":[[[86.34161,21.04958],[86.3428,21.0533],[86.34418,21.05613],[86.34641,21.05604],[86.34715,21.05527],[86.34894,21.0545],[86.35064,21.05189],[86.35162,21.05188],[86.353,21.05096],[86.35358,21.05088],[86.35505,21.05248],[86.35725,21.0517],[86.35815,21.05193],[86.35996,21.0536],[86.36192,21.05359],[86.36305,21.05236],[86.36256,21.0516],[86.36222,21.04701],[86.35739,21.04681],[86.35519,21.04712],[86.35413,21.0467],[86.35086,21.04814],[86.34963,21.04784],[86.34808,21.047],[86.34604,21.04808],[86.34417,21.04848],[86.34161,21.04958]]]}},{"type":"Feature","properties":{"LCODE":"050190011001100106","LOCATION":"GELPUR","V_TYPE":"VILLAGE","BLOCK":"BHADRAK","DISTRICT":"BHADRAK"},"geometry":{"type":"Polygon","coordinates":[[[86.46228,21.03942],[86.4633,21.04357],[86.46612,21.04951],[86.4658,21.05028],[86.46515,21.05066],[86.47085,21.05587],[86.47089,21.05499],[86.47309,21.05468],[86.47997,21.05599],[86.47987,21.05495],[86.48012,21.05411],[86.48093,21.05319],[86.48108,21.05128],[86.48189,21.05005],[86.4831,21.04905],[86.48367,21.04806],[86.48431,21.04569],[86.48404,21.04294],[86.48215,21.04042],[86.47968,21.0386],[86.47675,21.03846],[86.47519,21.03809],[86.47033,21.0314],[86.46788,21.03231],[86.46855,21.03445],[86.46806,21.03552],[86.46725,21.03598],[86.46687,21.03866],[86.46442,21.03959],[86.46271,21.03975],[86.46228,21.03942]]]}},{"type":"Feature","properties":{"LCODE":"050210013001300095","LOCATION":"PADMAPUR","V_TYPE":"VILLAGE","BLOCK":"BASUDEVPUR","DISTRICT":"BHADRAK"},"geometry":{"type":"Polygon","coordinates":[[[86.65845,21.03492],[86.65906,21.03899],[86.66048,21.04284],[86.6607,21.04729],[86.66108,21.04729],[86.66232,21.05274],[86.6633,21.05483],[86.66506,21.05471],[86.66753,21.0539],[86.67426,21.04853],[86.67581,21.04794],[86.68087,21.04732],[86.68692,21.0454],[86.68888,21.0452],[86.69176,21.04248],[86.69504,21.04122],[86.69617,21.04132],[86.69769,21.04257],[86.6978,21.04202],[86.69789,21.04073],[86.69686,21.03818],[86.6965,21.03466],[86.6962,21.03411],[86.69601,21.03473],[86.69202,21.03475],[86.68923,21.03617],[86.68678,21.03683],[86.68513,21.0388],[86.68374,21.03908],[86.68244,21.03861],[86.68203,21.03937],[86.68146,21.03936],[86.6813,21.03813],[86.67937,21.03711],[86.67864,21.03588],[86.678,21.03556],[86.67499,21.03522],[86.669,21.0323],[86.66843,21.03222],[86.66597,21.03326],[86.6614,21.03435],[86.66058,21.03441],[86.65887,21.03378],[86.65845,21.03492]]]}},{"type":"Feature","properties":{"LCODE":"050190012001200094","LOCATION":"SARIPAL","V_TYPE":"VILLAGE","BLOCK":"BONTH","DISTRICT":"BHADRAK"},"geometry":{"type":"Polygon","coordinates":[[[86.38032,21.04362],[86.38234,21.05202],[86.38356,21.05326],[86.38383,21.05407],[86.38593,21.05264],[86.38919,21.05209],[86.3905,21.05155],[86.39294,21.04978],[86.39276,21.04848],[86.39178,21.04703],[86.39126,21.04283],[86.39031,21.03968],[86.38937,21.04031],[86.38561,21.04087],[86.38562,21.04247],[86.38522,21.04324],[86.38032,21.04362]]]}},{"type":"Feature","properties":{"LCODE":"050190011001100058","LOCATION":"HARIPUR","V_TYPE":"VILLAGE","BLOCK":"BHADRAK","DISTRICT":"BHADRAK"},"geometry":{"type":"Polygon","coordinates":[[[86.6241,21.0468],[86.6256,21.05065],[86.62763,21.05152],[86.62861,21.05153],[86.63097,21.05087],[86.63203,21.05135],[86.63242,21.05227],[86.63232,21.05403],[86.63314,21.05404],[86.63413,21.05268],[86.63561,21.0517],[86.63995,21.05015],[86.64069,21.04901],[86.64082,21.04595],[86.64173,21.0442],[86.64225,21.04175],[86.6406,21.03163],[86.63788,21.03273],[86.63434,21.03567],[86.63255,21.03611],[86.63075,21.03578],[86.62862,21.03728],[86.62764,21.03765],[86.62643,21.03764],[86.62681,21.03902],[86.6276,21.04041],[86.62775,21.0421],[86.6274,21.04363],[86.6264,21.04522],[86.62452,21.04619],[86.6241,21.0468]]]}},{"type":"Feature","properties":{"LCODE":"050190011001100059","LOCATION":"GORAMAJI","V_TYPE":"VILLAGE","BLOCK":"BHADRAK","DISTRICT":"BHADRAK"},"geometry":{"type":"Polygon","coordinates":[[[86.60517,21.04503],[86.60733,21.04604],[86.60862,21.04729],[86.60902,21.04806],[86.60899,21.0502],[86.60942,21.05297],[86.62051,21.0538],[86.62443,21.05347],[86.62573,21.05356],[86.62605,21.05387],[86.63232,21.05403],[86.63242,21.05227],[86.63203,21.05135],[86.63097,21.05087],[86.62861,21.05153],[86.62763,21.05152],[86.6256,21.05065],[86.6241,21.0468],[86.62452,21.04619],[86.6264,21.04522],[86.6274,21.04363],[86.62775,21.0421],[86.6276,21.04041],[86.62681,21.03902],[86.62643,21.03764],[86.62495,21.03754],[86.62373,21.03791],[86.62226,21.03766],[86.62218,21.03727],[86.62391,21.03576],[86.62384,21.03515],[86.62287,21.03452],[86.62206,21.03451],[86.6214,21.03489],[86.62032,21.03625],[86.61836,21.03692],[86.61842,21.03822],[86.6181,21.03875],[86.61452,21.03832],[86.61442,21.03939],[86.61684,21.04127],[86.61683,21.04188],[86.6165,21.04226],[86.61267,21.04267],[86.6121,21.04235],[86.61154,21.04135],[86.6114,21.04035],[86.60985,21.0401],[86.60861,21.04108],[86.6065,21.04113],[86.60592,21.0415],[86.60575,21.04204],[86.60687,21.04389],[86.60517,21.04503]]]}},{"type":"Feature","properties":{"LCODE":"050190012001200100","LOCATION":"RAMPUR","V_TYPE":"VILLAGE","BLOCK":"BONTH","DISTRICT":"BHADRAK"},"geometry":{"type":"Polygon","coordinates":[[[86.40675,21.04994],[86.41092,21.05161],[86.41304,21.05198],[86.41434,21.0519],[86.41875,21.05081],[86.42398,21.0507],[86.42578,21.05003],[86.42552,21.04886],[86.42445,21.04772],[86.42486,21.04741],[86.42771,21.04679],[86.42836,21.04564],[86.42805,21.04487],[86.42565,21.04343],[86.42434,21.04313],[86.42066,21.0433],[86.41243,21.04548],[86.40983,21.04695],[86.40675,21.04994]]]}},{"type":"Feature","properties":{"LCODE":"050220013001300008","LOCATION":"BHANJASAHI","V_TYPE":"VILLAGE","BLOCK":"BASUDEVPUR","DISTRICT":"BHADRAK"},"geometry":{"type":"Polygon","coordinates":[[[86.76936,21.04954],[86.77147,21.04964],[86.7749,21.05048],[86.77776,21.05163],[86.78118,21.05117],[86.78265,21.04926],[86.78339,21.04895],[86.78542,21.04887],[86.78706,21.04987],[86.78812,21.05132],[86.78975,21.05185],[86.79048,21.05147],[86.7935,21.04833],[86.7935,21.04765],[86.79321,21.04647],[86.79002,21.04515],[86.78607,21.0452],[86.78534,21.04543],[86.78493,21.04612],[86.78322,21.04673],[86.77759,21.04673],[86.77482,21.04765],[86.77302,21.04765],[86.77164,21.04704],[86.77074,21.04704],[86.77031,21.04735],[86.76936,21.04954]]]}},{"type":"Feature","properties":{"LCODE":"050201014001400004","LOCATION":"NAYANANDA","V_TYPE":"VILLAGE","BLOCK":"TIHIDI","DISTRICT":"BHADRAK"},"geometry":{"type":"Polygon","coordinates":[[[86.58352,21.04182],[86.58375,21.04282],[86.58471,21.04421],[86.58477,21.04582],[86.58434,21.0472],[86.58442,21.04804],[86.59537,21.05179],[86.59676,21.0515],[86.59924,21.04808],[86.60367,21.04615],[86.60687,21.04389],[86.60575,21.04204],[86.60624,21.0413],[86.60544,21.04081],[86.60464,21.03934],[86.60486,21.03521],[86.60284,21.03342],[86.60285,21.03257],[86.60246,21.03188],[86.59943,21.03299],[86.59747,21.03312],[86.5973,21.03388],[86.59524,21.03584],[86.58953,21.03623],[86.59,21.03754],[86.58984,21.03792],[86.58878,21.03798],[86.58844,21.0389],[86.58795,21.03927],[86.58746,21.03934],[86.58633,21.03872],[86.58518,21.03924],[86.58361,21.0409],[86.58352,21.04182]]]}},{"type":"Feature","properties":{"LCODE":"050220013001300010","LOCATION":"LAKSHIDASPUR","V_TYPE":"VILLAGE","BLOCK":"BASUDEVPUR","DISTRICT":"BHADRAK"},"geometry":{"type":"Polygon","coordinates":[[[86.75916,21.04605],[86.75973,21.04911],[86.76086,21.05003],[86.76609,21.05064],[86.76747,21.05048],[86.76853,21.05003],[86.76968,21.04903],[86.7709,21.04543],[86.77416,21.04123],[86.77457,21.04031],[86.77441,21.0384],[86.77098,21.03786],[86.76878,21.03855],[86.76796,21.03824],[86.76763,21.03733],[86.76624,21.0361],[86.76396,21.03572],[86.76306,21.03641],[86.76201,21.03848],[86.7598,21.04146],[86.75916,21.04605]]]}},{"type":"Feature","properties":{"LCODE":"050220013001300016","LOCATION":"CHHATRAPUR","V_TYPE":"VILLAGE","BLOCK":"BASUDEVPUR","DISTRICT":"BHADRAK"},"geometry":{"type":"Polygon","coordinates":[[[86.73441,21.03125],[86.73473,21.03179],[86.73562,21.03227],[86.7396,21.03331],[86.73999,21.03454],[86.73988,21.0376],[86.74034,21.03983],[86.74216,21.04414],[86.74358,21.04891],[86.7443,21.04983],[86.7448,21.05005],[86.74604,21.04725],[86.74753,21.04536],[86.7488,21.04243],[86.74765,21.04176],[86.74693,21.04091],[86.74693,21.04015],[86.74825,21.03167],[86.74896,21.03009],[86.74697,21.03012],[86.74477,21.0294],[86.74149,21.02715],[86.73955,21.02844],[86.73933,21.02918],[86.73883,21.02948],[86.73671,21.02952],[86.73442,21.03034],[86.73441,21.03125]]]}},{"type":"Feature","properties":{"LCODE":"050190011001100119","LOCATION":"KEDARPUR","V_TYPE":"VILLAGE","BLOCK":"BHADRAK","DISTRICT":"BHADRAK"},"geometry":{"type":"Polygon","coordinates":[[[86.56335,21.02427],[86.56434,21.02532],[86.56458,21.02601],[86.56464,21.02785],[86.56425,21.03003],[86.56575,21.02963],[86.56631,21.03025],[86.56971,21.03857],[86.57214,21.04619],[86.5735,21.04805],[86.5741,21.05003],[86.57683,21.04925],[86.57765,21.04857],[86.5779,21.0478],[86.57645,21.04066],[86.5744,21.03488],[86.5738,21.03089],[86.57278,21.02758],[86.57281,21.02606],[86.56971,21.02547],[86.56689,21.02267],[86.56608,21.02289],[86.5659,21.02396],[86.56557,21.02419],[86.56335,21.02427]]]}},{"type":"Feature","properties":{"LCODE":"050220013001300018","LOCATION":"DADHIBAMANPUR","V_TYPE":"VILLAGE","BLOCK":"BASUDEVPUR","DISTRICT":"BHADRAK"},"geometry":{"type":"Polygon","coordinates":[[[86.69408,21.0262],[86.69492,21.03065],[86.6965,21.03466],[86.69686,21.03818],[86.69789,21.04073],[86.69769,21.04257],[86.69884,21.04524],[86.69971,21.04573],[86.70091,21.04735],[86.70415,21.04885],[86.70473,21.04966],[86.70523,21.04748],[86.70671,21.04567],[86.71004,21.04035],[86.71061,21.03959],[86.71374,21.03733],[86.71493,21.03291],[86.71453,21.03222],[86.71388,21.03198],[86.71046,21.0314],[86.7099,21.03078],[86.70921,21.0277],[86.70872,21.02686],[86.70656,21.02438],[86.70535,21.02252],[86.70464,21.02197],[86.69943,21.02068],[86.69543,21.02132],[86.69444,21.02314],[86.69408,21.0262]]]}},{"type":"Feature","properties":{"LCODE":"050170012001200107","LOCATION":"CHARIGHARIA","V_TYPE":"VILLAGE","BLOCK":"BONTH","DISTRICT":"BHADRAK"},"geometry":{"type":"Polygon","coordinates":[[[86.34064,21.046],[86.34105,21.04673],[86.34161,21.04958],[86.34417,21.04848],[86.34604,21.04808],[86.34808,21.047],[86.34963,21.04784],[86.35086,21.04814],[86.35413,21.0467],[86.35271,21.04423],[86.3513,21.03988],[86.34755,21.04035],[86.34601,21.0425],[86.34463,21.04342],[86.34334,21.04363],[86.34276,21.04473],[86.34064,21.046]]]}},{"type":"Feature","properties":{"LCODE":"050190011001100128","LOCATION":"TARAGANA","V_TYPE":"VILLAGE","BLOCK":"BHADRAK","DISTRICT":"BHADRAK"},"geometry":{"type":"Polygon","coordinates":[[[86.54977,21.03103],[86.55108,21.03411],[86.55241,21.03421],[86.55273,21.03459],[86.55256,21.03589],[86.55075,21.03717],[86.55058,21.03756],[86.5509,21.0381],[86.55264,21.03863],[86.555,21.03585],[86.5564,21.03464],[86.55778,21.0352],[86.55794,21.03589],[86.55727,21.03665],[86.55735,21.03703],[86.55938,21.03767],[86.56007,21.03895],[86.56165,21.03862],[86.56403,21.03666],[86.56525,21.03691],[86.56598,21.03761],[86.56852,21.04285],[86.5689,21.04462],[86.56824,21.04522],[86.56506,21.04556],[86.56228,21.04625],[86.564,21.04949],[86.56723,21.04766],[86.57201,21.0458],[86.56971,21.03857],[86.56765,21.03379],[86.56727,21.03226],[86.56575,21.02963],[86.56493,21.0297],[86.55854,21.03275],[86.55772,21.0329],[86.55717,21.03182],[86.55711,21.02975],[86.55746,21.02799],[86.55822,21.02639],[86.55798,21.02523],[86.55421,21.02787],[86.55315,21.02778],[86.55167,21.02656],[86.55012,21.02904],[86.54977,21.03103]]]}},{"type":"Feature","properties":{"LCODE":"050190011001100108","LOCATION":"ELAKHA","V_TYPE":"VILLAGE","BLOCK":"BHADRAK","DISTRICT":"BHADRAK"},"geometry":{"type":"Polygon","coordinates":[[[86.50426,21.04783],[86.50555,21.04931],[86.50661,21.04932],[86.50923,21.0479],[86.51014,21.04691],[86.51124,21.04371],[86.51111,21.04148],[86.50996,21.03707],[86.50505,21.03793],[86.50488,21.03841],[86.50511,21.03926],[86.50662,21.04211],[86.50668,21.04311],[86.50452,21.0463],[86.50426,21.04783]]]}},{"type":"Feature","properties":{"LCODE":"050190011001100118","LOCATION":"JITANAGA","V_TYPE":"VILLAGE","BLOCK":"BHADRAK","DISTRICT":"BHADRAK"},"geometry":{"type":"Polygon","coordinates":[[[86.57278,21.02758],[86.5738,21.03089],[86.57471,21.03603],[86.57645,21.04066],[86.57789,21.04773],[86.58472,21.04822],[86.58442,21.04804],[86.58434,21.0472],[86.58477,21.04582],[86.58471,21.04421],[86.58375,21.04282],[86.58352,21.04182],[86.58372,21.04079],[86.58192,21.03919],[86.58008,21.03657],[86.57978,21.03426],[86.58013,21.03281],[86.58062,21.03251],[86.5816,21.03229],[86.58298,21.03254],[86.58324,21.03101],[86.58457,21.02904],[86.58425,21.02816],[86.58102,21.02631],[86.58038,21.02561],[86.58031,21.02507],[86.5817,21.02455],[86.58163,21.02379],[86.58089,21.02332],[86.57785,21.0228],[86.57657,21.02448],[86.57371,21.02498],[86.57281,21.02606],[86.57278,21.02758]]]}},{"type":"Feature","properties":{"LCODE":"050270017001700003","LOCATION":"SANKHULA","V_TYPE":"VILLAGE","BLOCK":"BHANDARIPOKHARI","DISTRICT":"BHADRAK"},"geometry":{"type":"Polygon","coordinates":[[[86.31126,21.04078],[86.31249,21.04273],[86.31321,21.04456],[86.31366,21.04774],[86.31712,21.04715],[86.31989,21.04606],[86.32153,21.04598],[86.32275,21.04483],[86.32625,21.04343],[86.32674,21.04297],[86.32748,21.04117],[86.32516,21.03893],[86.32402,21.03824],[86.32253,21.03595],[86.32204,21.03573],[86.3174,21.03728],[86.31316,21.03791],[86.31135,21.03923],[86.31126,21.04078]]]}},{"type":"Feature","properties":{"LCODE":"050220013001300007","LOCATION":"SENDHAGARH","V_TYPE":"VILLAGE","BLOCK":"BASUDEVPUR","DISTRICT":"BHADRAK"},"geometry":{"type":"Polygon","coordinates":[[[86.77031,21.04735],[86.77106,21.04696],[86.77302,21.04765],[86.77482,21.04765],[86.77759,21.04673],[86.78322,21.04673],[86.78493,21.04612],[86.78534,21.04543],[86.78607,21.0452],[86.79002,21.04515],[86.78925,21.04168],[86.78889,21.03847],[86.78778,21.03786],[86.78713,21.03786],[86.78322,21.03893],[86.7824,21.03885],[86.78256,21.04184],[86.78143,21.04237],[86.7802,21.04207],[86.77946,21.04153],[86.77875,21.04034],[86.7771,21.04283],[86.77587,21.0426],[86.77403,21.04141],[86.7709,21.04543],[86.77031,21.04735]]]}},{"type":"Feature","properties":{"LCODE":"050190011001100102","LOCATION":"BETRA","V_TYPE":"VILLAGE","BLOCK":"BHADRAK","DISTRICT":"BHADRAK"},"geometry":{"type":"Polygon","coordinates":[[[86.43085,21.02698],[86.4312,21.03018],[86.43228,21.03333],[86.43294,21.03323],[86.4331,21.03385],[86.43321,21.03866],[86.43518,21.03995],[86.43962,21.04398],[86.44372,21.04664],[86.4465,21.04747],[86.44797,21.04715],[86.45154,21.04324],[86.45348,21.04048],[86.45511,21.03917],[86.45485,21.03818],[86.45321,21.03666],[86.44821,21.03395],[86.44577,21.03509],[86.44487,21.03502],[86.44413,21.03486],[86.44323,21.03403],[86.44192,21.03335],[86.43823,21.03229],[86.43742,21.03161],[86.43601,21.02894],[86.43533,21.02581],[86.43569,21.02459],[86.43214,21.02468],[86.43169,21.02435],[86.43093,21.02598],[86.43085,21.02698]]]}},{"type":"Feature","properties":{"LCODE":"050170012001200111","LOCATION":"TARAGO","V_TYPE":"VILLAGE","BLOCK":"BONTH","DISTRICT":"BHADRAK"},"geometry":{"type":"Polygon","coordinates":[[[86.34498,21.03294],[86.3494,21.0356],[86.35104,21.03697],[86.35162,21.03873],[86.3513,21.03988],[86.35213,21.04278],[86.35329,21.04545],[86.35437,21.04697],[86.36334,21.04682],[86.36318,21.04617],[86.36105,21.04511],[86.3604,21.0445],[86.35932,21.04259],[86.35964,21.04114],[86.36078,21.04052],[86.36258,21.04097],[86.36358,21.04089],[86.36396,21.03936],[86.36615,21.03614],[86.36662,21.03323],[86.36784,21.03131],[86.3679,21.0294],[86.36757,21.02779],[86.36501,21.02329],[86.36525,21.02199],[86.36581,21.02136],[86.36255,21.02116],[86.35862,21.02003],[86.35813,21.02034],[86.35716,21.02188],[86.35628,21.02387],[86.35571,21.02395],[86.35538,21.02334],[86.35464,21.02296],[86.3539,21.02319],[86.35391,21.0248],[86.35343,21.02587],[86.35172,21.02588],[86.35131,21.02618],[86.35098,21.0268],[86.3496,21.02765],[86.34953,21.02826],[86.34708,21.02995],[86.34652,21.0311],[86.34546,21.03187],[86.34498,21.03294]]]}},{"type":"Feature","properties":{"LCODE":"050190012001200091","LOCATION":"ERENDEI","V_TYPE":"VILLAGE","BLOCK":"BONTH","DISTRICT":"BHADRAK"},"geometry":{"type":"Polygon","coordinates":[[[86.35932,21.04259],[86.3604,21.0445],[86.36105,21.04511],[86.36318,21.04617],[86.36334,21.04682],[86.36564,21.04669],[86.36637,21.04631],[86.36678,21.04569],[86.36611,21.04409],[86.36546,21.04341],[86.36422,21.04112],[86.36381,21.04089],[86.36258,21.04097],[86.36078,21.04052],[86.35964,21.04114],[86.35932,21.04259]]]}},{"type":"Feature","properties":{"LCODE":"050220013001300006","LOCATION":"BALAPURKHASMAHAL","V_TYPE":"VILLAGE","BLOCK":"BASUDEVPUR","DISTRICT":"BHADRAK"},"geometry":{"type":"Polygon","coordinates":[[[86.78889,21.03847],[86.78925,21.04168],[86.79002,21.04515],[86.7908,21.04566],[86.79321,21.04647],[86.79317,21.04612],[86.79382,21.04566],[86.79864,21.04321],[86.7979,21.04244],[86.79496,21.03763],[86.7948,21.03717],[86.79501,21.03659],[86.79317,21.03656],[86.79202,21.03694],[86.78974,21.03832],[86.78889,21.03847]]]}},{"type":"Feature","properties":{"LCODE":"050190011001100114","LOCATION":"PARIBINDHAMARPUR","V_TYPE":"VILLAGE","BLOCK":"BHADRAK","DISTRICT":"BHADRAK"},"geometry":{"type":"Polygon","coordinates":[[[86.56007,21.03895],[86.5602,21.04305],[86.56116,21.04498],[86.56228,21.04625],[86.56865,21.045],[86.5689,21.04462],[86.56852,21.04285],[86.56654,21.03861],[86.56525,21.03691],[86.56403,21.03666],[86.56165,21.03862],[86.56007,21.03895]]]}},{"type":"Feature","properties":{"LCODE":"050170012001200105","LOCATION":"GAVIGADIA","V_TYPE":"VILLAGE","BLOCK":"BONTH","DISTRICT":"BHADRAK"},"geometry":{"type":"Polygon","coordinates":[[[86.3306,21.04454],[86.33851,21.04407],[86.3399,21.04467],[86.34064,21.046],[86.34276,21.04473],[86.34334,21.04363],[86.34275,21.04359],[86.34119,21.04206],[86.34109,21.04],[86.34393,21.03616],[86.34463,21.03366],[86.34351,21.03356],[86.34351,21.03463],[86.34286,21.03448],[86.34254,21.03472],[86.34238,21.03533],[86.34108,21.0364],[86.34083,21.03595],[86.34123,21.03533],[86.34115,21.0348],[86.34058,21.03472],[86.33959,21.03373],[86.33837,21.03466],[86.33772,21.03611],[86.33716,21.03665],[86.33405,21.03697],[86.3339,21.03835],[86.33318,21.04011],[86.33244,21.04073],[86.33196,21.04226],[86.3309,21.04311],[86.3306,21.04454]]]}},{"type":"Feature","properties":{"LCODE":"050190012001200092","LOCATION":"GANDAGARA","V_TYPE":"VILLAGE","BLOCK":"BONTH","DISTRICT":"BHADRAK"},"geometry":{"type":"Polygon","coordinates":[[[86.36358,21.04089],[86.36422,21.04112],[86.36546,21.04341],[86.36611,21.04409],[86.36678,21.04569],[86.36767,21.04523],[86.3689,21.04507],[86.37028,21.04415],[86.37223,21.04353],[86.37493,21.04329],[86.38155,21.04356],[86.38522,21.04324],[86.38562,21.04247],[86.38561,21.04087],[86.3852,21.04033],[86.38437,21.03766],[86.38354,21.03659],[86.38222,21.03362],[86.38235,21.03319],[86.37936,21.03371],[86.3747,21.03327],[86.37283,21.03236],[86.36922,21.03169],[86.36789,21.03075],[86.36784,21.03131],[86.36662,21.03323],[86.36615,21.03614],[86.36396,21.03936],[86.36358,21.04089]]]}},{"type":"Feature","properties":{"LCODE":"050190011001100099","LOCATION":"KALAHANDI","V_TYPE":"VILLAGE","BLOCK":"BHADRAK","DISTRICT":"BHADRAK"},"geometry":{"type":"Polygon","coordinates":[[[86.40874,21.04443],[86.40932,21.04511],[86.41153,21.04564],[86.42066,21.0433],[86.42434,21.04313],[86.42565,21.04343],[86.42819,21.04495],[86.43315,21.04562],[86.43298,21.03988],[86.4332,21.03606],[86.43294,21.03323],[86.43155,21.03362],[86.42642,21.03609],[86.42406,21.03832],[86.42325,21.03871],[86.41558,21.04035],[86.41354,21.04058],[86.41163,21.04008],[86.41175,21.04143],[86.41061,21.04282],[86.40931,21.04343],[86.40874,21.04443]]]}},{"type":"Feature","properties":{"LCODE":"050190012001200097","LOCATION":"PADAJHRA","V_TYPE":"VILLAGE","BLOCK":"BONTH","DISTRICT":"BHADRAK"},"geometry":{"type":"Polygon","coordinates":[[[86.39721,21.03677],[86.39735,21.03737],[86.39908,21.03981],[86.39935,21.04325],[86.39976,21.04355],[86.40106,21.04332],[86.40163,21.04385],[86.40189,21.04446],[86.40173,21.0453],[86.40214,21.04561],[86.40467,21.04514],[86.4054,21.04414],[86.40556,21.04269],[86.40718,21.04161],[86.4071,21.0395],[86.40529,21.03963],[86.40406,21.03895],[86.40266,21.03765],[86.40129,21.03496],[86.40053,21.03575],[86.39721,21.03677]]]}},{"type":"Feature","properties":{"LCODE":"050190011001100110","LOCATION":"KEDARPUR","V_TYPE":"VILLAGE","BLOCK":"BHADRAK","DISTRICT":"BHADRAK"},"geometry":{"type":"Polygon","coordinates":[[[86.54367,21.04306],[86.54407,21.04368],[86.54504,21.04431],[86.54543,21.04526],[86.54658,21.04502],[86.54757,21.04395],[86.5479,21.04281],[86.54921,21.04118],[86.54828,21.03913],[86.54764,21.03844],[86.54649,21.0385],[86.54379,21.03979],[86.54367,21.04306]]]}},{"type":"Feature","properties":{"LCODE":"050190011001100104","LOCATION":"BIRIPADA","V_TYPE":"VILLAGE","BLOCK":"BHADRAK","DISTRICT":"BHADRAK"},"geometry":{"type":"Polygon","coordinates":[[[86.44386,21.03028],[86.44427,21.03074],[86.44697,21.03157],[86.44779,21.0321],[86.44829,21.03293],[86.44821,21.03395],[86.45411,21.03734],[86.45485,21.03818],[86.45734,21.04482],[86.45808,21.04527],[86.462,21.04434],[86.46336,21.0437],[86.46228,21.03942],[86.46089,21.03716],[86.45901,21.03655],[86.45786,21.03549],[86.45521,21.03038],[86.45393,21.02911],[86.45277,21.03185],[86.45155,21.03254],[86.45081,21.03262],[86.44975,21.03224],[86.44695,21.02927],[86.44614,21.02889],[86.44418,21.02951],[86.44386,21.03028]]]}},{"type":"Feature","properties":{"LCODE":"050220013001300011","LOCATION":"JIGNIPUR","V_TYPE":"VILLAGE","BLOCK":"BASUDEVPUR","DISTRICT":"BHADRAK"},"geometry":{"type":"Polygon","coordinates":[[[86.74693,21.04091],[86.74854,21.04231],[86.75304,21.0446],[86.75401,21.04475],[86.75928,21.04417],[86.7598,21.04146],[86.76201,21.03848],[86.76306,21.03641],[86.7638,21.03584],[86.76037,21.03565],[86.75817,21.03496],[86.75645,21.03236],[86.75571,21.0306],[86.75309,21.02859],[86.75246,21.0293],[86.74896,21.03009],[86.74825,21.03167],[86.74693,21.04091]]]}},{"type":"Feature","properties":{"LCODE":"050170012001200106","LOCATION":"SUNAGADIA","V_TYPE":"VILLAGE","BLOCK":"BONTH","DISTRICT":"BHADRAK"},"geometry":{"type":"Polygon","coordinates":[[[86.34102,21.04099],[86.34119,21.04206],[86.34275,21.04359],[86.34463,21.04342],[86.34601,21.0425],[86.34755,21.04035],[86.3513,21.03988],[86.35162,21.03873],[86.35146,21.03796],[86.35104,21.03697],[86.3503,21.03629],[86.34498,21.03294],[86.34393,21.03616],[86.34166,21.039],[86.34109,21.04],[86.34102,21.04099]]]}},{"type":"Feature","properties":{"LCODE":"050270017001700004","LOCATION":"NAMI","V_TYPE":"VILLAGE","BLOCK":"BHANDARIPOKHARI","DISTRICT":"BHADRAK"},"geometry":{"type":"Polygon","coordinates":[[[86.30516,21.02276],[86.30791,21.03126],[86.31135,21.03923],[86.31316,21.03791],[86.3174,21.03728],[86.32204,21.03573],[86.32253,21.03595],[86.32402,21.03824],[86.32516,21.03893],[86.32748,21.04117],[86.3282,21.04105],[86.32902,21.04159],[86.33072,21.04346],[86.33196,21.04226],[86.33244,21.04073],[86.33318,21.04011],[86.3339,21.03835],[86.33405,21.03697],[86.3365,21.03681],[86.33511,21.03582],[86.33217,21.03568],[86.33127,21.03438],[86.32856,21.03325],[86.32758,21.03214],[86.32587,21.03311],[86.32538,21.03311],[86.32431,21.03181],[86.323,21.03082],[86.32267,21.03029],[86.32315,21.0296],[86.32576,21.02829],[86.32608,21.02775],[86.32591,21.02683],[86.32213,21.02211],[86.31951,21.02051],[86.31885,21.01906],[86.3177,21.01838],[86.31738,21.01853],[86.31714,21.02014],[86.31544,21.02237],[86.3134,21.02268],[86.31102,21.02101],[86.3071,21.01995],[86.3063,21.02],[86.30683,21.02273],[86.30541,21.02255],[86.30516,21.02276]]]}},{"type":"Feature","properties":{"LCODE":"050220013001300039","LOCATION":"SRIRAMGARIA","V_TYPE":"VILLAGE","BLOCK":"BASUDEVPUR","DISTRICT":"BHADRAK"},"geometry":{"type":"Polygon","coordinates":[[[86.7948,21.03717],[86.79741,21.04168],[86.79864,21.04321],[86.80019,21.04336],[86.80296,21.04305],[86.80434,21.04244],[86.80466,21.03411],[86.80415,21.03181],[86.80157,21.03296],[86.79659,21.03275],[86.79565,21.03293],[86.7948,21.03717]]]}},{"type":"Feature","properties":{"LCODE":"050220013001300033","LOCATION":"KALIGADI","V_TYPE":"VILLAGE","BLOCK":"BASUDEVPUR","DISTRICT":"BHADRAK"},"geometry":{"type":"Polygon","coordinates":[[[86.77399,21.03205],[86.77457,21.03656],[86.77416,21.03833],[86.77457,21.03886],[86.77457,21.04031],[86.77403,21.04141],[86.77587,21.0426],[86.7771,21.04283],[86.7793,21.03924],[86.77938,21.03863],[86.77881,21.0371],[86.77953,21.03247],[86.7793,21.03144],[86.77702,21.03075],[86.77554,21.0309],[86.77457,21.03136],[86.77399,21.03205]]]}},{"type":"Feature","properties":{"LCODE":"050201014001400005","LOCATION":"HATUARI","V_TYPE":"VILLAGE","BLOCK":"TIHIDI","DISTRICT":"BHADRAK"},"geometry":{"type":"Polygon","coordinates":[[[86.60251,21.03197],[86.60285,21.03257],[86.60284,21.03342],[86.60486,21.03521],[86.60464,21.03934],[86.60544,21.04081],[86.60624,21.0413],[86.60788,21.04122],[86.60861,21.04108],[86.60985,21.0401],[86.61066,21.04011],[86.6114,21.04035],[86.61154,21.04135],[86.6121,21.04235],[86.61267,21.04267],[86.61536,21.04255],[86.6165,21.04226],[86.61683,21.04188],[86.61684,21.04127],[86.61442,21.03939],[86.61434,21.03878],[86.61466,21.0383],[86.6142,21.03702],[86.61292,21.03516],[86.60781,21.03364],[86.60716,21.03332],[86.60588,21.03193],[86.60376,21.03167],[86.60251,21.03197]]]}},{"type":"Feature","properties":{"LCODE":"050220013001300034","LOCATION":"KANSARIPUR","V_TYPE":"VILLAGE","BLOCK":"BASUDEVPUR","DISTRICT":"BHADRAK"},"geometry":{"type":"Polygon","coordinates":[[[86.77875,21.04034],[86.77946,21.04153],[86.78077,21.0423],[86.78207,21.04222],[86.78256,21.04184],[86.7824,21.03817],[86.78354,21.03664],[86.78493,21.03563],[86.78542,21.03472],[86.78615,21.03182],[86.78615,21.0309],[86.78582,21.03021],[86.78493,21.02998],[86.78362,21.03021],[86.78175,21.03113],[86.78076,21.03205],[86.77953,21.03247],[86.77881,21.03625],[86.77881,21.0371],[86.77938,21.03863],[86.77875,21.04034]]]}},{"type":"Feature","properties":{"LCODE":"050220013001300040","LOCATION":"BIRAS","V_TYPE":"VILLAGE","BLOCK":"BASUDEVPUR","DISTRICT":"BHADRAK"},"geometry":{"type":"Polygon","coordinates":[[[86.80303,21.02592],[86.80344,21.02967],[86.80459,21.03296],[86.80434,21.04176],[86.80447,21.04216],[86.80459,21.04191],[86.80753,21.0416],[86.8081,21.04107],[86.8094,21.03762],[86.81168,21.02944],[86.81404,21.02378],[86.81184,21.02363],[86.80662,21.02447],[86.80305,21.02384],[86.80328,21.02439],[86.80303,21.02592]]]}},{"type":"Feature","properties":{"LCODE":"050190011001100109","LOCATION":"BHABANIBINDA","V_TYPE":"VILLAGE","BLOCK":"BHADRAK","DISTRICT":"BHADRAK"},"geometry":{"type":"Polygon","coordinates":[[[86.53849,21.03187],[86.54002,21.03573],[86.54194,21.03805],[86.5434,21.03884],[86.54379,21.03979],[86.54649,21.0385],[86.54764,21.03844],[86.54828,21.03913],[86.54921,21.04118],[86.55127,21.04101],[86.55209,21.04018],[86.55264,21.03863],[86.5509,21.0381],[86.55058,21.03756],[86.55075,21.03717],[86.55256,21.03589],[86.55281,21.03529],[86.55241,21.03421],[86.55108,21.03411],[86.55054,21.03456],[86.54826,21.03484],[86.5472,21.0346],[86.5464,21.03344],[86.54567,21.0332],[86.54372,21.03325],[86.54308,21.03194],[86.54227,21.03131],[86.54153,21.03111],[86.54121,21.03153],[86.53982,21.03212],[86.53849,21.03187]]]}},{"type":"Feature","properties":{"LCODE":"050190012001200093","LOCATION":"PACHHATIRA","V_TYPE":"VILLAGE","BLOCK":"BONTH","DISTRICT":"BHADRAK"},"geometry":{"type":"Polygon","coordinates":[[[86.38222,21.03362],[86.38354,21.03659],[86.38437,21.03766],[86.3852,21.04033],[86.38561,21.04087],[86.38937,21.04031],[86.39031,21.03968],[86.38843,21.03405],[86.3867,21.03222],[86.38393,21.03231],[86.38238,21.03308],[86.38222,21.03362]]]}},{"type":"Feature","properties":{"LCODE":"050190011001100117","LOCATION":"SERPUR","V_TYPE":"VILLAGE","BLOCK":"BHADRAK","DISTRICT":"BHADRAK"},"geometry":{"type":"Polygon","coordinates":[[[86.57978,21.03426],[86.58008,21.03657],[86.58192,21.03919],[86.58372,21.04079],[86.58518,21.03924],[86.58633,21.03872],[86.58746,21.03934],[86.58795,21.03927],[86.58844,21.0389],[86.58878,21.03798],[86.58984,21.03792],[86.59,21.03754],[86.58953,21.03623],[86.59524,21.03584],[86.5973,21.03388],[86.59756,21.03273],[86.59644,21.03165],[86.59538,21.03163],[86.59357,21.03291],[86.59251,21.03313],[86.5913,21.03173],[86.59106,21.03181],[86.59095,21.03364],[86.59045,21.03402],[86.58813,21.03069],[86.58749,21.03045],[86.58658,21.03136],[86.5855,21.03311],[86.58468,21.03364],[86.58362,21.03355],[86.58298,21.03308],[86.58298,21.03254],[86.58103,21.03236],[86.58013,21.03281],[86.57978,21.03426]]]}},{"type":"Feature","properties":{"LCODE":"050190011001100098","LOCATION":"KHANABARI","V_TYPE":"VILLAGE","BLOCK":"BHADRAK","DISTRICT":"BHADRAK"},"geometry":{"type":"Polygon","coordinates":[[[86.41,21.03563],[86.41017,21.03685],[86.41116,21.03937],[86.41163,21.04008],[86.41248,21.04044],[86.41558,21.04035],[86.42062,21.0392],[86.41863,21.03177],[86.41814,21.0307],[86.4174,21.03017],[86.41625,21.0301],[86.41446,21.03072],[86.41122,21.03364],[86.41048,21.03448],[86.41,21.03563]]]}},{"type":"Feature","properties":{"LCODE":"050190011001100141","LOCATION":"BARADADIHI","V_TYPE":"VILLAGE","BLOCK":"BHADRAK","DISTRICT":"BHADRAK"},"geometry":{"type":"Polygon","coordinates":[[[86.47033,21.0314],[86.47519,21.03809],[86.47675,21.03846],[86.47968,21.0386],[86.48184,21.04017],[86.48679,21.03918],[86.48793,21.03872],[86.48858,21.0378],[86.48874,21.0373],[86.48554,21.03498],[86.48251,21.03362],[86.47654,21.03266],[86.47514,21.03167],[86.47235,21.02885],[86.47203,21.02992],[86.47098,21.03115],[86.47033,21.0314]]]}},{"type":"Feature","properties":{"LCODE":"050190011001100105","LOCATION":"KADAPADA","V_TYPE":"VILLAGE","BLOCK":"BHADRAK","DISTRICT":"BHADRAK"},"geometry":{"type":"Polygon","coordinates":[[[86.46031,21.03696],[86.46089,21.03716],[86.46156,21.03853],[86.46271,21.03975],[86.46442,21.03959],[86.46687,21.03866],[86.46725,21.03598],[86.46806,21.03552],[86.46855,21.03445],[86.46788,21.03231],[86.46747,21.03208],[86.46576,21.03278],[86.46381,21.03294],[86.46314,21.03249],[86.46149,21.02982],[86.46084,21.02982],[86.4606,21.03013],[86.46061,21.03135],[86.46152,21.03387],[86.4617,21.03578],[86.46097,21.03678],[86.46031,21.03696]]]}},{"type":"Feature","properties":{"LCODE":"050190012001200150","LOCATION":"AMPOR","V_TYPE":"VILLAGE","BLOCK":"BONTH","DISTRICT":"BHADRAK"},"geometry":{"type":"Polygon","coordinates":[[[86.38333,21.02788],[86.38342,21.03009],[86.3841,21.03231],[86.3867,21.03222],[86.38843,21.03405],[86.39031,21.03968],[86.39132,21.03855],[86.39327,21.03762],[86.39809,21.03668],[86.40053,21.03575],[86.40129,21.03496],[86.39925,21.02765],[86.40375,21.02794],[86.40505,21.02778],[86.40586,21.02701],[86.40586,21.02609],[86.40427,21.02121],[86.40411,21.01975],[86.40434,21.01899],[86.40475,21.01881],[86.4023,21.01862],[86.40108,21.01885],[86.39733,21.02047],[86.39227,21.02088],[86.39064,21.02157],[86.38795,21.02204],[86.38747,21.02266],[86.38461,21.02374],[86.38355,21.02466],[86.38333,21.02788]]]}},{"type":"Feature","properties":{"LCODE":"050190011001100149","LOCATION":"SINGARA","V_TYPE":"VILLAGE","BLOCK":"BHADRAK","DISTRICT":"BHADRAK"},"geometry":{"type":"Polygon","coordinates":[[[86.39925,21.02765],[86.40101,21.03422],[86.40266,21.03765],[86.40406,21.03895],[86.40529,21.03963],[86.41035,21.03892],[86.41135,21.03967],[86.41067,21.03838],[86.41,21.03563],[86.41048,21.03448],[86.41122,21.03364],[86.41364,21.03157],[86.41273,21.0282],[86.41283,21.01849],[86.41255,21.01656],[86.41054,21.0169],[86.40744,21.01821],[86.40434,21.01899],[86.40411,21.01975],[86.40427,21.02121],[86.40586,21.02609],[86.40586,21.02701],[86.40505,21.02778],[86.40375,21.02794],[86.39925,21.02765]]]}},{"type":"Feature","properties":{"LCODE":"050201014001400017","LOCATION":"MADHAPUR","V_TYPE":"VILLAGE","BLOCK":"TIHIDI","DISTRICT":"BHADRAK"},"geometry":{"type":"Polygon","coordinates":[[[86.67592,21.03538],[86.678,21.03556],[86.67864,21.03588],[86.67937,21.03711],[86.6813,21.03813],[86.68146,21.03936],[86.68203,21.03937],[86.68244,21.03861],[86.68374,21.03908],[86.68513,21.0388],[86.68678,21.03683],[86.68923,21.03617],[86.69202,21.03475],[86.69601,21.03473],[86.69627,21.03389],[86.6946,21.0295],[86.69408,21.02528],[86.68864,21.02483],[86.68559,21.02716],[86.68314,21.02751],[86.682,21.02803],[86.6806,21.02909],[86.67592,21.03538]]]}},{"type":"Feature","properties":{"LCODE":"050190011001100148","LOCATION":"ANDHAIPALI","V_TYPE":"VILLAGE","BLOCK":"BHADRAK","DISTRICT":"BHADRAK"},"geometry":{"type":"Polygon","coordinates":[[[86.41255,21.01656],[86.41283,21.01849],[86.41273,21.0282],[86.41364,21.03157],[86.41446,21.03072],[86.41625,21.0301],[86.4174,21.03017],[86.41814,21.0307],[86.41997,21.0362],[86.42062,21.0392],[86.42406,21.03832],[86.42642,21.03609],[86.43228,21.03333],[86.43095,21.02881],[86.43093,21.02598],[86.43169,21.02435],[86.43017,21.02178],[86.42925,21.01903],[86.42938,21.01811],[86.42753,21.01789],[86.42539,21.01523],[86.42424,21.01439],[86.4222,21.01356],[86.41489,21.01405],[86.41444,21.01512],[86.41348,21.01612],[86.41255,21.01656]]]}},{"type":"Feature","properties":{"LCODE":"050190011001100138","LOCATION":"KORAKARA","V_TYPE":"VILLAGE","BLOCK":"BHADRAK","DISTRICT":"BHADRAK"},"geometry":{"type":"Polygon","coordinates":[[[86.49047,21.02732],[86.49089,21.02908],[86.49237,21.03113],[86.49246,21.03205],[86.49158,21.03373],[86.49166,21.0345],[86.49323,21.03655],[86.49413,21.03724],[86.49414,21.03808],[86.49496,21.03823],[86.49586,21.03906],[86.49634,21.03807],[86.49699,21.03761],[86.49999,21.03636],[86.50286,21.03692],[86.50513,21.03795],[86.50996,21.03707],[86.50965,21.03456],[86.51025,21.03258],[86.51073,21.02683],[86.51019,21.02483],[86.50718,21.02006],[86.50583,21.02117],[86.5042,21.02191],[86.50016,21.02169],[86.49878,21.02438],[86.49731,21.02431],[86.49567,21.0234],[86.49502,21.02378],[86.49438,21.02509],[86.49323,21.02555],[86.49202,21.02701],[86.49047,21.02732]]]}},{"type":"Feature","properties":{"LCODE":"050220013001300035","LOCATION":"BALAPUR","V_TYPE":"VILLAGE","BLOCK":"BASUDEVPUR","DISTRICT":"BHADRAK"},"geometry":{"type":"Polygon","coordinates":[[[86.7824,21.03817],[86.7824,21.03885],[86.78272,21.03893],[86.78713,21.03786],[86.78778,21.03786],[86.78909,21.03847],[86.79317,21.03656],[86.79501,21.03659],[86.79565,21.03293],[86.79374,21.03327],[86.79169,21.03289],[86.78811,21.0351],[86.78615,21.03564],[86.78493,21.03563],[86.78354,21.03664],[86.7824,21.03817]]]}},{"type":"Feature","properties":{"LCODE":"050201014001400011","LOCATION":"PALIABINDHA","V_TYPE":"VILLAGE","BLOCK":"TIHIDI","DISTRICT":"BHADRAK"},"geometry":{"type":"Polygon","coordinates":[[[86.60775,21.02741],[86.60835,21.02958],[86.61183,21.03154],[86.61222,21.03247],[86.61198,21.03473],[86.61317,21.03547],[86.6142,21.03702],[86.61466,21.0383],[86.6181,21.03875],[86.61842,21.03822],[86.61836,21.03692],[86.62032,21.03625],[86.6214,21.03489],[86.62206,21.03451],[86.62287,21.03452],[86.62384,21.03515],[86.62391,21.03576],[86.62218,21.03727],[86.62226,21.03766],[86.62275,21.0379],[86.62495,21.03754],[86.62764,21.03765],[86.62862,21.03728],[86.63018,21.03608],[86.63113,21.03582],[86.62908,21.03277],[86.62877,21.03154],[86.62886,21.03047],[86.62765,21.02976],[86.62735,21.02799],[86.62801,21.02762],[86.62809,21.02701],[86.6264,21.02507],[86.62373,21.02412],[86.62212,21.02256],[86.62197,21.02141],[86.62281,21.01935],[86.62257,21.01889],[86.62103,21.01787],[86.62122,21.01711],[86.61724,21.01744],[86.6176,21.01905],[86.61758,21.02066],[86.617,21.02173],[86.61568,21.02255],[86.61111,21.02357],[86.60864,21.02575],[86.60775,21.02741]]]}},{"type":"Feature","properties":{"LCODE":"050220013001300029","LOCATION":"APRATIPUR","V_TYPE":"VILLAGE","BLOCK":"BASUDEVPUR","DISTRICT":"BHADRAK"},"geometry":{"type":"Polygon","coordinates":[[[86.76264,21.02749],[86.7644,21.03572],[86.76624,21.0361],[86.76763,21.03733],[86.76796,21.03824],[86.76878,21.03855],[86.77098,21.03786],[86.77416,21.03833],[86.77457,21.03656],[86.77399,21.03205],[86.77457,21.03136],[86.77538,21.03098],[86.77482,21.02295],[86.77415,21.02302],[86.77309,21.02386],[86.77244,21.02394],[86.76851,21.0219],[86.7682,21.02257],[86.76264,21.02749]]]}},{"type":"Feature","properties":{"LCODE":"050190011001100140","LOCATION":"RAJPUR","V_TYPE":"VILLAGE","BLOCK":"BHADRAK","DISTRICT":"BHADRAK"},"geometry":{"type":"Polygon","coordinates":[[[86.47227,21.02836],[86.47227,21.02885],[86.47514,21.03167],[86.47654,21.03266],[86.48251,21.03362],[86.48554,21.03498],[86.48841,21.03711],[86.48988,21.03779],[86.49251,21.03847],[86.49414,21.03808],[86.49413,21.03724],[86.49323,21.03655],[86.49166,21.03442],[86.49068,21.03412],[86.48797,21.03153],[86.4869,21.03123],[86.48373,21.03193],[86.4807,21.03088],[86.47881,21.02936],[86.47675,21.02633],[86.47593,21.02723],[86.47227,21.02836]]]}},{"type":"Feature","properties":{"LCODE":"050220013001300021","LOCATION":"MAMADILA","V_TYPE":"VILLAGE","BLOCK":"BASUDEVPUR","DISTRICT":"BHADRAK"},"geometry":{"type":"Polygon","coordinates":[[[86.72699,21.03163],[86.73064,21.03396],[86.73452,21.03577],[86.73712,21.03673],[86.73992,21.03728],[86.73999,21.03454],[86.7396,21.03331],[86.73562,21.03227],[86.73473,21.03179],[86.73441,21.03125],[86.73442,21.03034],[86.73671,21.02952],[86.73883,21.02948],[86.73933,21.02918],[86.73955,21.02844],[86.73827,21.02878],[86.73664,21.02868],[86.73247,21.02767],[86.73167,21.02884],[86.72889,21.03019],[86.72749,21.03155],[86.72699,21.03163]]]}},{"type":"Feature","properties":{"LCODE":"050190011001100145","LOCATION":"NALANGA","V_TYPE":"VILLAGE","BLOCK":"BHADRAK","DISTRICT":"BHADRAK"},"geometry":{"type":"Polygon","coordinates":[[[86.45381,21.02894],[86.45521,21.03038],[86.45736,21.03488],[86.4586,21.03633],[86.46031,21.03696],[86.46097,21.03678],[86.4617,21.03578],[86.46152,21.03387],[86.46061,21.03135],[86.4606,21.03013],[86.46084,21.02982],[86.46149,21.02982],[86.46314,21.03249],[86.46381,21.03294],[86.46576,21.03278],[86.46747,21.03208],[86.46788,21.03231],[86.47098,21.03115],[86.47219,21.02954],[86.47226,21.02778],[86.47002,21.02153],[86.47034,21.02061],[86.47033,21.01931],[86.46909,21.01809],[86.46803,21.01771],[86.4659,21.01757],[86.46037,21.01951],[86.4585,21.01909],[86.458,21.01975],[86.45931,21.02043],[86.45924,21.02119],[86.45769,21.02196],[86.45827,21.02326],[86.45624,21.02487],[86.45459,21.02553],[86.45381,21.02894]]]}},{"type":"Feature","properties":{"LCODE":"050270017001700005","LOCATION":"TENTULIA","V_TYPE":"VILLAGE","BLOCK":"BHANDARIPOKHARI","DISTRICT":"BHADRAK"},"geometry":{"type":"Polygon","coordinates":[[[86.32749,21.03195],[86.32856,21.03325],[86.33127,21.03438],[86.33217,21.03568],[86.33511,21.03582],[86.3365,21.03681],[86.33716,21.03665],[86.33772,21.03611],[86.33837,21.03466],[86.33959,21.03373],[86.34023,21.03421],[86.3395,21.03144],[86.33482,21.02649],[86.33416,21.02626],[86.33221,21.02734],[86.32854,21.03034],[86.32781,21.03103],[86.32749,21.03195]]]}},{"type":"Feature","properties":{"LCODE":"050270017001700006","LOCATION":"BADAKANTAPADA","V_TYPE":"VILLAGE","BLOCK":"BHANDARIPOKHARI","DISTRICT":"BHADRAK"},"geometry":{"type":"Polygon","coordinates":[[[86.32267,21.03029],[86.32538,21.03311],[86.32587,21.03311],[86.32758,21.03214],[86.32781,21.03103],[86.32854,21.03034],[86.33221,21.02734],[86.33416,21.02626],[86.33482,21.02649],[86.3395,21.03144],[86.34023,21.03421],[86.34058,21.03472],[86.34115,21.0348],[86.34123,21.03533],[86.34083,21.03595],[86.34108,21.0364],[86.34238,21.03533],[86.34254,21.03472],[86.34286,21.03448],[86.34351,21.03463],[86.34351,21.03356],[86.34463,21.03366],[86.34546,21.03187],[86.34652,21.0311],[86.34708,21.02995],[86.34806,21.02949],[86.34956,21.02799],[86.34657,21.02582],[86.34336,21.02201],[86.34238,21.02171],[86.34026,21.02203],[86.33692,21.02426],[86.33619,21.02403],[86.33562,21.02342],[86.3347,21.02106],[86.33396,21.01999],[86.33323,21.01992],[86.33233,21.02038],[86.33185,21.02176],[86.33047,21.02261],[86.33047,21.02314],[86.33129,21.02459],[86.3304,21.02597],[86.32983,21.0262],[86.32861,21.02575],[86.32663,21.023],[86.32589,21.02255],[86.32442,21.02263],[86.3232,21.02348],[86.32591,21.02683],[86.32608,21.02775],[86.32576,21.02829],[86.32315,21.0296],[86.32267,21.03029]]]}},{"type":"Feature","properties":{"LCODE":"050201014001400012","LOCATION":"BARUNEI","V_TYPE":"VILLAGE","BLOCK":"TIHIDI","DISTRICT":"BHADRAK"},"geometry":{"type":"Polygon","coordinates":[[[86.62734,21.02815],[86.62765,21.02976],[86.62886,21.03047],[86.62885,21.03215],[86.62964,21.03385],[86.63113,21.03582],[86.63255,21.03611],[86.63434,21.03567],[86.63788,21.03273],[86.64099,21.03147],[86.64231,21.02965],[86.6459,21.02947],[86.64631,21.02901],[86.64729,21.02887],[86.64957,21.0289],[86.65162,21.02778],[86.65228,21.02774],[86.65145,21.0215],[86.64937,21.01606],[86.64769,21.01632],[86.6437,21.01626],[86.64167,21.01578],[86.63995,21.01575],[86.63849,21.01612],[86.63667,21.01816],[86.63567,21.02006],[86.63564,21.02274],[86.6353,21.02373],[86.63374,21.02417],[86.63234,21.02569],[86.62923,21.02657],[86.62734,21.02815]]]}},{"type":"Feature","properties":{"LCODE":"050190011001100132","LOCATION":"KHANDATARA","V_TYPE":"VILLAGE","BLOCK":"BHADRAK","DISTRICT":"BHADRAK"},"geometry":{"type":"Polygon","coordinates":[[[86.51732,21.023],[86.51882,21.02456],[86.52068,21.02581],[86.52148,21.02705],[86.52358,21.02792],[86.52393,21.0302],[86.52472,21.02832],[86.52562,21.02795],[86.52667,21.02819],[86.52812,21.02975],[86.52867,21.03098],[86.52855,21.0345],[86.5291,21.03574],[86.52991,21.03605],[86.5313,21.03531],[86.53262,21.03402],[86.53494,21.02978],[86.53269,21.02873],[86.53108,21.02741],[86.53069,21.02602],[86.53111,21.02472],[86.53185,21.0242],[86.53371,21.02522],[86.53413,21.02515],[86.53446,21.02423],[86.53349,21.02345],[86.53326,21.02276],[86.53384,21.02185],[86.53458,21.02163],[86.53568,21.01873],[86.53571,21.01612],[86.53477,21.01281],[86.53554,21.01052],[86.53451,21.00767],[86.53452,21.00683],[86.53528,21.005],[86.53488,21.00423],[86.53008,21.00439],[86.52934,21.00454],[86.52876,21.00514],[86.52875,21.00606],[86.53195,21.01055],[86.53194,21.0117],[86.5316,21.01239],[86.53013,21.01298],[86.52987,21.0142],[86.52864,21.01442],[86.52863,21.01526],[86.53033,21.01651],[86.53023,21.01766],[86.52908,21.01856],[86.5267,21.01945],[86.52042,21.02021],[86.51796,21.02187],[86.51732,21.023]]]}},{"type":"Feature","properties":{"LCODE":"050220013001300028","LOCATION":"BAYALISBINDHA","V_TYPE":"VILLAGE","BLOCK":"BASUDEVPUR","DISTRICT":"BHADRAK"},"geometry":{"type":"Polygon","coordinates":[[[86.75571,21.0306],[86.75645,21.03236],[86.75817,21.03496],[86.76037,21.03565],[86.7644,21.03572],[86.76264,21.02749],[86.75882,21.03029],[86.75703,21.0309],[86.75571,21.0306]]]}},{"type":"Feature","properties":{"LCODE":"050220013001300036","LOCATION":"TAMBAKHANDI","V_TYPE":"VILLAGE","BLOCK":"BASUDEVPUR","DISTRICT":"BHADRAK"},"geometry":{"type":"Polygon","coordinates":[[[86.78493,21.03563],[86.78615,21.03564],[86.78811,21.0351],[86.79169,21.03289],[86.79447,21.03327],[86.79659,21.03275],[86.79667,21.03227],[86.7939,21.026],[86.79308,21.02554],[86.79096,21.02577],[86.7888,21.02678],[86.78851,21.02753],[86.78623,21.02922],[86.7859,21.03013],[86.78615,21.0309],[86.78599,21.03296],[86.78493,21.03563]]]}},{"type":"Feature","properties":{"LCODE":"050201014001400016","LOCATION":"SAYA","V_TYPE":"VILLAGE","BLOCK":"TIHIDI","DISTRICT":"BHADRAK"},"geometry":{"type":"Polygon","coordinates":[[[86.64924,21.01572],[86.65145,21.0215],[86.65228,21.02774],[86.65333,21.02796],[86.65607,21.02983],[86.65712,21.03099],[86.65855,21.03354],[86.65928,21.03409],[86.66058,21.03441],[86.66597,21.03326],[86.66843,21.03222],[86.67499,21.03522],[86.67592,21.03538],[86.6806,21.02909],[86.68314,21.02751],[86.68559,21.02716],[86.68815,21.02501],[86.68774,21.02428],[86.6877,21.02144],[86.68698,21.0196],[86.68497,21.01704],[86.68162,21.01187],[86.6805,21.00963],[86.68035,21.00871],[86.6806,21.00841],[86.67564,21.00765],[86.67394,21.00679],[86.67349,21.00611],[86.67035,21.00796],[86.6653,21.00751],[86.6626,21.0087],[86.66016,21.00905],[86.65868,21.01003],[86.65719,21.01154],[86.65662,21.01153],[86.65606,21.01106],[86.6552,21.00898],[86.65051,21.01229],[86.64959,21.01389],[86.64924,21.01572]]]}},{"type":"Feature","properties":{"LCODE":"050190011001100147","LOCATION":"GOHIRANI","V_TYPE":"VILLAGE","BLOCK":"BHADRAK","DISTRICT":"BHADRAK"},"geometry":{"type":"Polygon","coordinates":[[[86.43533,21.02581],[86.43601,21.02894],[86.43742,21.03161],[86.43823,21.03229],[86.44192,21.03335],[86.44323,21.03403],[86.44413,21.03486],[86.44487,21.03502],[86.44577,21.03509],[86.44797,21.03424],[86.4483,21.03385],[86.44829,21.03293],[86.44779,21.0321],[86.44697,21.03157],[86.44427,21.03074],[86.44386,21.03028],[86.44418,21.02951],[86.44569,21.02891],[86.44278,21.0273],[86.44196,21.02639],[86.44076,21.02309],[86.4377,21.02419],[86.43569,21.02459],[86.43533,21.02581]]]}},{"type":"Feature","properties":{"LCODE":"050190011001100129","LOCATION":"BENTAL","V_TYPE":"VILLAGE","BLOCK":"BHADRAK","DISTRICT":"BHADRAK"},"geometry":{"type":"Polygon","coordinates":[[[86.54053,21.02248],[86.54179,21.02441],[86.54099,21.02946],[86.54153,21.03111],[86.54308,21.03194],[86.54372,21.03325],[86.54567,21.0332],[86.5464,21.03344],[86.5472,21.0346],[86.54964,21.03478],[86.55095,21.03434],[86.55096,21.0338],[86.54984,21.03164],[86.54978,21.03034],[86.55012,21.02904],[86.5517,21.02645],[86.55154,21.02592],[86.55098,21.0256],[86.5483,21.02488],[86.54757,21.02456],[86.54709,21.02394],[86.54655,21.02186],[86.54707,21.01796],[86.54636,21.0178],[86.54578,21.01825],[86.5442,21.02084],[86.5428,21.02158],[86.54092,21.02186],[86.54053,21.02248]]]}},{"type":"Feature","properties":{"LCODE":"050201014001400006","LOCATION":"GOPALAMADHAB","V_TYPE":"VILLAGE","BLOCK":"TIHIDI","DISTRICT":"BHADRAK"},"geometry":{"type":"Polygon","coordinates":[[[86.60516,21.03077],[86.60541,21.03184],[86.60645,21.03231],[86.60716,21.03332],[86.60919,21.03411],[86.61198,21.03473],[86.61222,21.03247],[86.61183,21.03154],[86.60835,21.02958],[86.60778,21.02728],[86.60724,21.02696],[86.60537,21.02671],[86.60516,21.03077]]]}},{"type":"Feature","properties":{"LCODE":"050220013001300019","LOCATION":"MISHRAPUR","V_TYPE":"VILLAGE","BLOCK":"BASUDEVPUR","DISTRICT":"BHADRAK"},"geometry":{"type":"Polygon","coordinates":[[[86.70464,21.02197],[86.70535,21.02252],[86.70656,21.02438],[86.70872,21.02686],[86.70921,21.0277],[86.7099,21.03078],[86.71046,21.0314],[86.71388,21.03198],[86.71453,21.03222],[86.71484,21.03275],[86.72007,21.03198],[86.72134,21.0343],[86.72192,21.03446],[86.72497,21.03205],[86.72276,21.03179],[86.72171,21.03116],[86.72131,21.03024],[86.7228,21.02834],[86.72298,21.02689],[86.72356,21.02575],[86.72495,21.025],[86.72765,21.02443],[86.7263,21.02211],[86.72377,21.02185],[86.72207,21.02121],[86.71857,21.02063],[86.71605,21.0206],[86.71001,21.02197],[86.70464,21.02197]]]}},{"type":"Feature","properties":{"LCODE":"050190011001100139","LOCATION":"TIHIR","V_TYPE":"VILLAGE","BLOCK":"BHADRAK","DISTRICT":"BHADRAK"},"geometry":{"type":"Polygon","coordinates":[[[86.47572,21.01936],[86.4768,21.02257],[86.47698,21.0257],[86.47675,21.02633],[86.47881,21.02936],[86.4807,21.03088],[86.48233,21.03164],[86.48373,21.03193],[86.4869,21.03123],[86.48797,21.03153],[86.49068,21.03412],[86.49166,21.03442],[86.49158,21.03373],[86.49246,21.03205],[86.49237,21.03113],[86.49089,21.02908],[86.49047,21.02732],[86.4894,21.02603],[86.48752,21.02519],[86.48563,21.02375],[86.48497,21.02268],[86.48447,21.02085],[86.48167,21.01842],[86.4806,21.01697],[86.48035,21.01598],[86.47733,21.01622],[86.47572,21.01936]]]}},{"type":"Feature","properties":{"LCODE":"050201014001400002","LOCATION":"RADHANG","V_TYPE":"VILLAGE","BLOCK":"TIHIDI","DISTRICT":"BHADRAK"},"geometry":{"type":"Polygon","coordinates":[[[86.58298,21.03308],[86.58362,21.03355],[86.58468,21.03364],[86.5855,21.03311],[86.58658,21.03136],[86.58749,21.03045],[86.58813,21.03069],[86.59045,21.03402],[86.59095,21.03364],[86.59106,21.03181],[86.5913,21.03173],[86.59251,21.03313],[86.59357,21.03291],[86.59538,21.03163],[86.59676,21.03187],[86.59635,21.03134],[86.59729,21.0279],[86.59698,21.02683],[86.5953,21.02473],[86.59508,21.02361],[86.59254,21.02408],[86.58972,21.0275],[86.58899,21.02779],[86.58736,21.02769],[86.58531,21.02836],[86.58425,21.02816],[86.58457,21.02904],[86.58324,21.03101],[86.58298,21.03308]]]}},{"type":"Feature","properties":{"LCODE":"050190012001200153","LOCATION":"DANDO","V_TYPE":"VILLAGE","BLOCK":"BONTH","DISTRICT":"BHADRAK"},"geometry":{"type":"Polygon","coordinates":[[[86.36501,21.02329],[86.36757,21.02779],[86.36789,21.03075],[86.36922,21.03169],[86.37283,21.03236],[86.37405,21.03312],[86.3761,21.03349],[86.37936,21.03371],[86.38235,21.03319],[86.3841,21.03231],[86.38334,21.02895],[86.38355,21.02466],[86.38461,21.02374],[86.38747,21.02266],[86.38776,21.02214],[86.38697,21.02205],[86.38566,21.02129],[86.38525,21.0206],[86.38499,21.0177],[86.38539,21.01708],[86.38898,21.01642],[86.38889,21.01524],[86.38724,21.01165],[86.38747,21.01126],[86.38846,21.01118],[86.38972,21.0115],[86.38812,21.00989],[86.38648,21.00928],[86.38518,21.00944],[86.3829,21.01029],[86.38241,21.01014],[86.38224,21.00961],[86.38289,21.00861],[86.3828,21.00792],[86.38184,21.00626],[86.37864,21.0074],[86.37733,21.00817],[86.37497,21.00872],[86.37366,21.00949],[86.37229,21.01202],[86.37173,21.0124],[86.36984,21.0118],[86.36871,21.01257],[86.36839,21.01334],[86.36871,21.0141],[86.37158,21.016],[86.37258,21.01921],[86.37225,21.01936],[86.36849,21.01823],[86.36792,21.01854],[86.36908,21.02098],[86.36868,21.02144],[86.36737,21.0216],[86.36581,21.02136],[86.36525,21.02199],[86.36501,21.02329]]]}},{"type":"Feature","properties":{"LCODE":"050190011001100133","LOCATION":"SAIDABAD","V_TYPE":"VILLAGE","BLOCK":"BHADRAK","DISTRICT":"BHADRAK"},"geometry":{"type":"Polygon","coordinates":[[[86.51488,21.02681],[86.51512,21.02735],[86.51842,21.02985],[86.52074,21.0331],[86.52155,21.03341],[86.52229,21.03319],[86.5232,21.03229],[86.52393,21.0302],[86.52358,21.02792],[86.52148,21.02705],[86.52068,21.02581],[86.51882,21.02456],[86.51721,21.02293],[86.51684,21.02287],[86.51671,21.02377],[86.51514,21.02574],[86.51488,21.02681]]]}},{"type":"Feature","properties":{"LCODE":"050201014001400003","LOCATION":"GAJIPUR","V_TYPE":"VILLAGE","BLOCK":"TIHIDI","DISTRICT":"BHADRAK"},"geometry":{"type":"Polygon","coordinates":[[[86.59506,21.02374],[86.5953,21.02473],[86.59698,21.02683],[86.59729,21.0279],[86.59635,21.03134],[86.59724,21.03219],[86.59747,21.03312],[86.59943,21.03299],[86.60376,21.03167],[86.60541,21.03184],[86.60516,21.03077],[86.6052,21.0256],[86.60202,21.02015],[86.59998,21.0215],[86.59506,21.02374]]]}},{"type":"Feature","properties":{"LCODE":"050220013001300038","LOCATION":"GADALAKHAS","V_TYPE":"VILLAGE","BLOCK":"BASUDEVPUR","DISTRICT":"BHADRAK"},"geometry":{"type":"Polygon","coordinates":[[[86.79507,21.02879],[86.79667,21.03227],[86.79659,21.03275],[86.79692,21.03288],[86.80157,21.03296],[86.80415,21.03181],[86.80344,21.02967],[86.80303,21.02692],[86.80328,21.02439],[86.80238,21.02256],[86.80082,21.02102],[86.79781,21.02417],[86.7974,21.02493],[86.79749,21.02577],[86.79871,21.02807],[86.79863,21.02891],[86.79797,21.02929],[86.79724,21.02929],[86.79507,21.02879]]]}},{"type":"Feature","properties":{"LCODE":"050190011001100127","LOCATION":"PARIBINDHA RASALPUR","V_TYPE":"VILLAGE","BLOCK":"BHADRAK","DISTRICT":"BHADRAK"},"geometry":{"type":"Polygon","coordinates":[[[86.5571,21.03105],[86.5574,21.03259],[86.55805,21.0329],[86.56235,21.03087],[86.56139,21.0272],[86.56009,21.02641],[86.55822,21.02616],[86.55721,21.02898],[86.5571,21.03105]]]}},{"type":"Feature","properties":{"LCODE":"050190011001100146","LOCATION":"MULAGAN","V_TYPE":"VILLAGE","BLOCK":"BHADRAK","DISTRICT":"BHADRAK"},"geometry":{"type":"Polygon","coordinates":[[[86.44076,21.02309],[86.44138,21.02525],[86.44278,21.0273],[86.44569,21.02891],[86.44695,21.02927],[86.44893,21.03148],[86.45024,21.03247],[86.45155,21.03254],[86.45277,21.03185],[86.4539,21.02932],[86.45459,21.02553],[86.45288,21.02428],[86.45083,21.02222],[86.44936,21.02131],[86.44609,21.02125],[86.44076,21.02309]]]}},{"type":"Feature","properties":{"LCODE":"050220013001300032","LOCATION":"BINADANDA","V_TYPE":"VILLAGE","BLOCK":"BASUDEVPUR","DISTRICT":"BHADRAK"},"geometry":{"type":"Polygon","coordinates":[[[86.77482,21.02295],[86.77538,21.03098],[86.77702,21.03075],[86.77864,21.03105],[86.7793,21.03144],[86.77953,21.03247],[86.77995,21.03243],[86.78175,21.03113],[86.78362,21.03021],[86.78493,21.02998],[86.7859,21.03039],[86.78623,21.02922],[86.78851,21.02753],[86.7888,21.02678],[86.78835,21.02685],[86.78843,21.02531],[86.79014,21.02103],[86.79112,21.02088],[86.79316,21.02118],[86.79373,21.02095],[86.79574,21.01857],[86.79495,21.01744],[86.7934,21.01759],[86.79308,21.01736],[86.7925,21.01591],[86.79218,21.01575],[86.79108,21.0156],[86.79022,21.01606],[86.78818,21.01606],[86.78484,21.01415],[86.78304,21.01576],[86.78108,21.01522],[86.78027,21.01713],[86.77945,21.01797],[86.77853,21.01826],[86.77888,21.01958],[86.77872,21.02027],[86.77709,21.02073],[86.7757,21.0221],[86.77538,21.02279],[86.77482,21.02295]]]}},{"type":"Feature","properties":{"LCODE":"050190011001100131","LOCATION":"BIJEGANGADHARPUR","V_TYPE":"VILLAGE","BLOCK":"BHADRAK","DISTRICT":"BHADRAK"},"geometry":{"type":"Polygon","coordinates":[[[86.53069,21.02602],[86.53108,21.02741],[86.53269,21.02873],[86.53494,21.02978],[86.53513,21.02953],[86.53699,21.02986],[86.53772,21.03033],[86.53849,21.03187],[86.53982,21.03212],[86.54146,21.0313],[86.54099,21.02946],[86.54179,21.02441],[86.54099,21.02294],[86.54035,21.02239],[86.53444,21.02167],[86.53384,21.02185],[86.53326,21.02314],[86.53446,21.02423],[86.53413,21.02515],[86.53371,21.02522],[86.53185,21.0242],[86.53111,21.02472],[86.53069,21.02602]]]}},{"type":"Feature","properties":{"LCODE":"050220013001300020","LOCATION":"MISHRAPURPATNA","V_TYPE":"VILLAGE","BLOCK":"BASUDEVPUR","DISTRICT":"BHADRAK"},"geometry":{"type":"Polygon","coordinates":[[[86.72131,21.03024],[86.72171,21.03116],[86.72276,21.03179],[86.72406,21.03211],[86.72497,21.03205],[86.7261,21.03153],[86.72749,21.03155],[86.72889,21.03019],[86.73167,21.02884],[86.73247,21.02767],[86.73136,21.02731],[86.73007,21.02645],[86.72765,21.02443],[86.72495,21.025],[86.72356,21.02575],[86.72298,21.02689],[86.7228,21.02834],[86.72131,21.03024]]]}},{"type":"Feature","properties":{"LCODE":"050220013001300027","LOCATION":"PANPUR","V_TYPE":"VILLAGE","BLOCK":"BASUDEVPUR","DISTRICT":"BHADRAK"},"geometry":{"type":"Polygon","coordinates":[[[86.75246,21.02486],[86.75309,21.02859],[86.75499,21.03022],[86.75613,21.03083],[86.75751,21.03083],[86.76045,21.02922],[86.76371,21.0267],[86.76844,21.02226],[86.76811,21.0195],[86.76681,21.01438],[86.7664,21.01507],[86.76338,21.01744],[86.75469,21.01753],[86.75482,21.01805],[86.75441,21.01897],[86.75262,21.02142],[86.75246,21.02486]]]}},{"type":"Feature","properties":{"LCODE":"050190011001100126","LOCATION":"SAHASPUR","V_TYPE":"VILLAGE","BLOCK":"BHADRAK","DISTRICT":"BHADRAK"},"geometry":{"type":"Polygon","coordinates":[[[86.55798,21.02523],[86.55822,21.02616],[86.56009,21.02641],[86.56139,21.0272],[86.56235,21.03087],[86.56425,21.03003],[86.56464,21.02785],[86.56458,21.02601],[86.56434,21.02532],[86.56274,21.02346],[86.5625,21.02254],[86.56263,21.01901],[86.56412,21.01688],[86.56429,21.0162],[86.56338,21.01395],[86.56076,21.01486],[86.56112,21.01569],[86.5607,21.01669],[86.5613,21.02099],[86.56103,21.02305],[86.56053,21.02389],[86.55798,21.02523]]]}},{"type":"Feature","properties":{"LCODE":"050220013001300023","LOCATION":"BALIMED","V_TYPE":"VILLAGE","BLOCK":"BASUDEVPUR","DISTRICT":"BHADRAK"},"geometry":{"type":"Polygon","coordinates":[[[86.73822,21.01373],[86.73855,21.0186],[86.74051,21.02521],[86.74162,21.02737],[86.74477,21.0294],[86.74697,21.03012],[86.74999,21.02991],[86.75287,21.02907],[86.75311,21.0283],[86.75246,21.02578],[86.75262,21.02142],[86.75441,21.01897],[86.75482,21.01782],[86.75469,21.01753],[86.75392,21.01729],[86.75368,21.01652],[86.75375,21.01484],[86.75423,21.01432],[86.75278,21.01408],[86.75213,21.01278],[86.75302,21.00857],[86.75311,21.00696],[86.75261,21.00474],[86.75107,21.00243],[86.75033,21.00181],[86.75,21.0058],[86.74952,21.00642],[86.74401,21.00905],[86.73935,21.01241],[86.73822,21.01373]]]}},{"type":"Feature","properties":{"LCODE":"050220013001300037","LOCATION":"GADALA","V_TYPE":"VILLAGE","BLOCK":"BASUDEVPUR","DISTRICT":"BHADRAK"},"geometry":{"type":"Polygon","coordinates":[[[86.78827,21.02623],[86.78835,21.02685],[86.7886,21.02685],[86.79096,21.02577],[86.79308,21.02554],[86.7939,21.026],[86.79507,21.02879],[86.79724,21.02929],[86.79797,21.02929],[86.79863,21.02891],[86.79871,21.02807],[86.79749,21.02577],[86.7974,21.02493],[86.79781,21.02417],[86.80082,21.02102],[86.80042,21.02034],[86.80017,21.01897],[86.79903,21.01858],[86.79574,21.01857],[86.79373,21.02095],[86.79316,21.02118],[86.79112,21.02088],[86.79014,21.02103],[86.78908,21.02325],[86.78827,21.02623]]]}},{"type":"Feature","properties":{"LCODE":"050220013001300022","LOCATION":"KORBATIABARA","V_TYPE":"VILLAGE","BLOCK":"BASUDEVPUR","DISTRICT":"BHADRAK"},"geometry":{"type":"Polygon","coordinates":[[[86.7263,21.02211],[86.72765,21.02443],[86.73136,21.02731],[86.73664,21.02868],[86.73827,21.02878],[86.73965,21.02842],[86.74149,21.02715],[86.74051,21.02521],[86.73855,21.0186],[86.73822,21.01373],[86.73738,21.01414],[86.73412,21.0141],[86.73262,21.01737],[86.73105,21.01942],[86.72908,21.02062],[86.72826,21.02145],[86.7263,21.02211]]]}},{"type":"Feature","properties":{"LCODE":"050190011001100142","LOCATION":"RANGARAJPUR","V_TYPE":"VILLAGE","BLOCK":"BHADRAK","DISTRICT":"BHADRAK"},"geometry":{"type":"Polygon","coordinates":[[[86.47002,21.02153],[86.47227,21.02836],[86.47593,21.02723],[86.47659,21.02677],[86.47698,21.0257],[86.4768,21.02257],[86.47576,21.01956],[86.47458,21.02051],[86.47263,21.02067],[86.47034,21.02042],[86.47002,21.02153]]]}},{"type":"Feature","properties":{"LCODE":"050201014001400001","LOCATION":"DOLASAHI","V_TYPE":"VILLAGE","BLOCK":"TIHIDI","DISTRICT":"BHADRAK"},"geometry":{"type":"Polygon","coordinates":[[[86.58031,21.02507],[86.58038,21.02561],[86.58102,21.02631],[86.58425,21.02816],[86.58531,21.02836],[86.58736,21.02769],[86.58899,21.02779],[86.58972,21.0275],[86.59254,21.02408],[86.59474,21.02373],[86.59867,21.02217],[86.60202,21.02015],[86.60092,21.01784],[86.60093,21.01692],[86.60201,21.0154],[86.60226,21.01448],[86.60204,21.01319],[86.60008,21.01338],[86.59846,21.01313],[86.59788,21.01343],[86.59763,21.01404],[86.59777,21.0158],[86.59735,21.01656],[86.59669,21.01678],[86.59491,21.0163],[86.59193,21.01442],[86.59029,21.01417],[86.58907,21.01423],[86.5862,21.01641],[86.58538,21.01663],[86.58367,21.01653],[86.58266,21.01509],[86.58158,21.02095],[86.58079,21.02329],[86.58163,21.02379],[86.5817,21.02455],[86.58031,21.02507]]]}},{"type":"Feature","properties":{"LCODE":"050270017001700007","LOCATION":"RANIPARA","V_TYPE":"VILLAGE","BLOCK":"BHANDARIPOKHARI","DISTRICT":"BHADRAK"},"geometry":{"type":"Polygon","coordinates":[[[86.33862,21.01974],[86.34026,21.02203],[86.34238,21.02171],[86.34336,21.02201],[86.34657,21.02582],[86.34956,21.02799],[86.3496,21.02765],[86.35098,21.0268],[86.35172,21.02588],[86.35343,21.02587],[86.35391,21.0248],[86.3539,21.02319],[86.35421,21.02309],[86.35398,21.02181],[86.35291,21.01968],[86.35217,21.01899],[86.34784,21.01916],[86.34686,21.01886],[86.34644,21.01797],[86.34392,21.01864],[86.34342,21.01849],[86.34341,21.01727],[86.34309,21.01704],[86.33894,21.01882],[86.33862,21.01974]]]}},{"type":"Feature","properties":{"LCODE":"050190011001100125","LOCATION":"JAGANNATHPUR","V_TYPE":"VILLAGE","BLOCK":"BHADRAK","DISTRICT":"BHADRAK"},"geometry":{"type":"Polygon","coordinates":[[[86.54655,21.02186],[86.54709,21.02394],[86.54757,21.02456],[86.55098,21.0256],[86.55154,21.02592],[86.55167,21.02656],[86.55258,21.02746],[86.55372,21.02794],[86.55519,21.02734],[86.55881,21.02463],[86.56053,21.02389],[86.56103,21.02305],[86.5613,21.02099],[86.56112,21.01963],[86.5592,21.02004],[86.55692,21.01993],[86.55521,21.01914],[86.55352,21.01782],[86.5519,21.01779],[86.54928,21.01837],[86.54707,21.01796],[86.54655,21.02186]]]}},{"type":"Feature","properties":{"LCODE":"050201014001400013","LOCATION":"SANTARAPUR","V_TYPE":"VILLAGE","BLOCK":"TIHIDI","DISTRICT":"BHADRAK"},"geometry":{"type":"Polygon","coordinates":[[[86.62096,21.01749],[86.62103,21.01787],[86.62257,21.01889],[86.62281,21.01935],[86.62197,21.02141],[86.62212,21.02256],[86.62373,21.02412],[86.6264,21.02507],[86.62777,21.02654],[86.62817,21.02739],[86.62973,21.02634],[86.63234,21.02569],[86.63374,21.02417],[86.6353,21.02373],[86.63564,21.02274],[86.63567,21.02006],[86.63667,21.01816],[86.63849,21.01612],[86.63931,21.01582],[86.64167,21.01578],[86.6437,21.01626],[86.64769,21.01632],[86.64937,21.01606],[86.64942,21.01463],[86.6451,21.01429],[86.63795,21.01266],[86.63413,21.0123],[86.6321,21.01243],[86.63014,21.01271],[86.62808,21.01414],[86.62662,21.01458],[86.62468,21.01435],[86.62138,21.01688],[86.62096,21.01749]]]}},{"type":"Feature","properties":{"LCODE":"050190011001100137","LOCATION":"BILABARI","V_TYPE":"VILLAGE","BLOCK":"BHADRAK","DISTRICT":"BHADRAK"},"geometry":{"type":"Polygon","coordinates":[[[86.48035,21.01598],[86.4806,21.01697],[86.48167,21.01842],[86.48447,21.02085],[86.48497,21.02268],[86.48563,21.02375],[86.48752,21.02519],[86.4894,21.02603],[86.49047,21.02732],[86.49202,21.02701],[86.49323,21.02555],[86.49438,21.02509],[86.49502,21.02378],[86.49567,21.0234],[86.49731,21.02431],[86.49878,21.02438],[86.50016,21.02169],[86.5042,21.02191],[86.50583,21.02117],[86.50718,21.02006],[86.50124,21.01144],[86.49876,21.00864],[86.49695,21.00748],[86.49461,21.0077],[86.49336,21.00749],[86.49262,21.00696],[86.49239,21.00989],[86.49183,21.01089],[86.48523,21.01374],[86.4828,21.01543],[86.48035,21.01598]]]}},{"type":"Feature","properties":{"LCODE":"050201014001400007","LOCATION":"JHIGHARPUR","V_TYPE":"VILLAGE","BLOCK":"TIHIDI","DISTRICT":"BHADRAK"},"geometry":{"type":"Polygon","coordinates":[[[86.60514,21.02594],[86.60537,21.02671],[86.60724,21.02696],[86.60778,21.02728],[86.60864,21.02575],[86.61111,21.02357],[86.61642,21.02218],[86.617,21.02173],[86.61758,21.02066],[86.6176,21.01905],[86.61724,21.01744],[86.61575,21.01727],[86.61289,21.01769],[86.61063,21.01697],[86.61006,21.01658],[86.60942,21.01542],[86.6096,21.01458],[86.61025,21.01398],[86.61034,21.01329],[86.6094,21.01215],[86.60864,21.01258],[86.6083,21.0138],[86.60651,21.01377],[86.6065,21.01446],[86.60738,21.0157],[86.60744,21.017],[86.60823,21.01916],[86.60822,21.02008],[86.60583,21.02196],[86.60514,21.02594]]]}},{"type":"Feature","properties":{"LCODE":"050270017001700013","LOCATION":"SATSOLA","V_TYPE":"VILLAGE","BLOCK":"BHANDARIPOKHARI","DISTRICT":"BHADRAK"},"geometry":{"type":"Polygon","coordinates":[[[86.30592,21.01851],[86.3063,21.02],[86.3071,21.01995],[86.31012,21.02071],[86.31102,21.02101],[86.31266,21.02238],[86.31438,21.02268],[86.31544,21.02237],[86.31609,21.02168],[86.31714,21.02014],[86.31738,21.01853],[86.3177,21.01838],[86.31885,21.01906],[86.31951,21.02051],[86.32213,21.02211],[86.3232,21.02348],[86.32442,21.02263],[86.32589,21.02255],[86.32663,21.023],[86.32861,21.02575],[86.32983,21.0262],[86.3304,21.02597],[86.33105,21.02513],[86.33121,21.02421],[86.33047,21.02314],[86.3307,21.02238],[86.32774,21.01719],[86.32708,21.01543],[86.32732,21.01482],[86.32951,21.01358],[86.33109,21.01327],[86.33121,21.01044],[86.32623,21.00985],[86.32574,21.00947],[86.32491,21.00741],[86.32375,21.00573],[86.32133,21.00424],[86.31821,21.00591],[86.31593,21.00645],[86.31405,21.00638],[86.31331,21.00669],[86.31274,21.00754],[86.31332,21.00876],[86.31342,21.01013],[86.313,21.01067],[86.31113,21.01083],[86.31056,21.01122],[86.31036,21.01179],[86.31123,21.01351],[86.31139,21.01435],[86.31107,21.01504],[86.31042,21.01581],[86.3083,21.01681],[86.30592,21.01851]]]}},{"type":"Feature","properties":{"LCODE":"050190011001100120","LOCATION":"HARSANKARPUR","V_TYPE":"VILLAGE","BLOCK":"BHADRAK","DISTRICT":"BHADRAK"},"geometry":{"type":"Polygon","coordinates":[[[86.5625,21.02254],[86.56274,21.02346],[86.56335,21.02427],[86.56557,21.02419],[86.5659,21.02396],[86.56608,21.02289],[86.56689,21.02267],[86.56907,21.02508],[86.57053,21.02578],[86.57231,21.02612],[86.57288,21.02605],[86.57371,21.02498],[86.57657,21.02448],[86.57785,21.0228],[86.57692,21.02211],[86.57541,21.01922],[86.57313,21.01946],[86.57143,21.01897],[86.57045,21.01842],[86.56659,21.01477],[86.56424,21.0139],[86.56338,21.01395],[86.56429,21.0162],[86.56412,21.01688],[86.56263,21.01901],[86.5625,21.02254]]]}},{"type":"Feature","properties":{"LCODE":"050201014001400008","LOCATION":"HALADHARABINDHA","V_TYPE":"VILLAGE","BLOCK":"TIHIDI","DISTRICT":"BHADRAK"},"geometry":{"type":"Polygon","coordinates":[[[86.60092,21.01784],[86.60179,21.01984],[86.60315,21.02177],[86.6052,21.0256],[86.60583,21.02196],[86.60822,21.02008],[86.60823,21.01916],[86.60744,21.017],[86.60738,21.0157],[86.60635,21.014],[86.60683,21.01362],[86.6083,21.0138],[86.60864,21.01258],[86.6094,21.01215],[86.60928,21.01102],[86.60883,21.01043],[86.6081,21.01004],[86.60638,21.01109],[86.60486,21.01041],[86.60435,21.01068],[86.60342,21.01281],[86.60204,21.01319],[86.60226,21.01448],[86.60201,21.0154],[86.60093,21.01692],[86.60092,21.01784]]]}},{"type":"Feature","properties":{"LCODE":"050260017001700003","LOCATION":"ADAMPUR","V_TYPE":"VILLAGE","BLOCK":"BHANDARIPOKHARI","DISTRICT":"BHADRAK"},"geometry":{"type":"Polygon","coordinates":[[[86.44772,21.02117],[86.44936,21.02131],[86.45083,21.02222],[86.45288,21.02428],[86.45459,21.02553],[86.45624,21.02487],[86.45795,21.02372],[86.45827,21.02326],[86.45769,21.02196],[86.45924,21.02119],[86.45931,21.02043],[86.458,21.01975],[86.45872,21.0186],[86.45762,21.01642],[86.4548,21.01693],[86.45097,21.01833],[86.44894,21.01979],[86.44772,21.02117]]]}},{"type":"Feature","properties":{"LCODE":"050201014001400018","LOCATION":"BIRABARAPUR","V_TYPE":"VILLAGE","BLOCK":"TIHIDI","DISTRICT":"BHADRAK"},"geometry":{"type":"Polygon","coordinates":[[[86.68035,21.00871],[86.6805,21.00963],[86.68162,21.01187],[86.68497,21.01704],[86.68698,21.0196],[86.6877,21.02144],[86.68774,21.02428],[86.68815,21.02501],[86.68864,21.02483],[86.69408,21.02528],[86.69469,21.02246],[86.69576,21.0212],[86.69427,21.01671],[86.69589,21.00991],[86.69601,21.00746],[86.69285,21.00581],[86.69138,21.00557],[86.68992,21.0057],[86.68771,21.00636],[86.68582,21.0074],[86.68403,21.00792],[86.68102,21.00795],[86.68035,21.00871]]]}},{"type":"Feature","properties":{"LCODE":"050260017001700001","LOCATION":"BARAMPUR","V_TYPE":"VILLAGE","BLOCK":"BHANDARIPOKHARI","DISTRICT":"BHADRAK"},"geometry":{"type":"Polygon","coordinates":[[[86.42925,21.01903],[86.43075,21.023],[86.4314,21.02414],[86.43214,21.02468],[86.43569,21.02459],[86.4377,21.02419],[86.44092,21.02304],[86.43989,21.02197],[86.43947,21.02105],[86.43987,21.01929],[86.43978,21.0183],[86.43839,21.0167],[86.43729,21.01311],[86.43582,21.01228],[86.43534,21.01211],[86.43354,21.01343],[86.43127,21.01642],[86.42941,21.01796],[86.42925,21.01903]]]}},{"type":"Feature","properties":{"LCODE":"050220013001300041","LOCATION":"KERASAHI","V_TYPE":"VILLAGE","BLOCK":"BASUDEVPUR","DISTRICT":"BHADRAK"},"geometry":{"type":"Polygon","coordinates":[[[86.80021,21.01913],[86.80067,21.0208],[86.80238,21.02256],[86.80305,21.02384],[86.80662,21.02447],[86.81184,21.02363],[86.81437,21.02363],[86.81632,21.01904],[86.81616,21.01851],[86.81208,21.01767],[86.80695,21.01782],[86.80267,21.01756],[86.80021,21.01913]]]}},{"type":"Feature","properties":{"LCODE":"050270017001700012","LOCATION":"MANTAGARIA","V_TYPE":"VILLAGE","BLOCK":"BHANDARIPOKHARI","DISTRICT":"BHADRAK"},"geometry":{"type":"Polygon","coordinates":[[[86.32708,21.01543],[86.32774,21.01719],[86.3307,21.02238],[86.33185,21.02176],[86.33233,21.02038],[86.33323,21.01992],[86.33396,21.01999],[86.3347,21.02106],[86.33562,21.02342],[86.33619,21.02403],[86.33692,21.02426],[86.34026,21.02203],[86.33862,21.01974],[86.33894,21.01882],[86.33927,21.01866],[86.33804,21.01806],[86.33697,21.01684],[86.33696,21.016],[86.33842,21.01477],[86.3385,21.01416],[86.3371,21.01294],[86.33588,21.01356],[86.33466,21.01478],[86.33295,21.01441],[86.33109,21.01327],[86.33025,21.01327],[86.32732,21.01482],[86.32708,21.01543]]]}},{"type":"Feature","properties":{"LCODE":"050270017001700008","LOCATION":"BAHADALNAGAR","V_TYPE":"VILLAGE","BLOCK":"BHANDARIPOKHARI","DISTRICT":"BHADRAK"},"geometry":{"type":"Polygon","coordinates":[[[86.34644,21.01695],[86.34644,21.0181],[86.34686,21.01886],[86.3489,21.01924],[86.35217,21.01899],[86.35365,21.0209],[86.35421,21.02309],[86.35464,21.02296],[86.35538,21.02334],[86.35571,21.02395],[86.35628,21.02387],[86.35813,21.02034],[86.35862,21.02003],[86.35973,21.0203],[86.35934,21.01842],[86.35712,21.01476],[86.35533,21.01561],[86.35443,21.01562],[86.35345,21.0147],[86.35214,21.01448],[86.35067,21.01464],[86.34692,21.01595],[86.34644,21.01695]]]}},{"type":"Feature","properties":{"LCODE":"050220013001300030","LOCATION":"LAKSHMIPRASAD","V_TYPE":"VILLAGE","BLOCK":"BASUDEVPUR","DISTRICT":"BHADRAK"},"geometry":{"type":"Polygon","coordinates":[[[86.76681,21.01438],[86.76851,21.0219],[86.77212,21.02386],[86.77309,21.02386],[86.77415,21.02302],[86.77522,21.02295],[86.77709,21.02073],[86.77856,21.02035],[86.77888,21.01996],[86.77872,21.01866],[86.7775,21.01599],[86.77602,21.01484],[86.77341,21.01453],[86.77089,21.01331],[86.76983,21.01239],[86.76771,21.01293],[86.76681,21.01438]]]}},{"type":"Feature","properties":{"LCODE":"050201014001400056","LOCATION":"GUAMAL","V_TYPE":"VILLAGE","BLOCK":"TIHIDI","DISTRICT":"BHADRAK"},"geometry":{"type":"Polygon","coordinates":[[[86.57207,21.00695],[86.57359,21.00827],[86.57398,21.00989],[86.57568,21.01137],[86.57687,21.01299],[86.57693,21.01491],[86.57542,21.01788],[86.57541,21.01933],[86.57588,21.02041],[86.57692,21.02211],[86.57764,21.02274],[86.58079,21.02329],[86.58158,21.02095],[86.58266,21.01509],[86.58208,21.01329],[86.58292,21.01123],[86.58384,21.00971],[86.5845,21.00919],[86.5871,21.00884],[86.58823,21.00811],[86.58762,21.00693],[86.5852,21.00498],[86.58521,21.00437],[86.58686,21.0027],[86.58755,21.00097],[86.58567,21.00004],[86.58324,20.99816],[86.58258,20.99808],[86.58201,20.99831],[86.58102,21.00048],[86.58036,21.00101],[86.58009,21.00292],[86.57887,21.00321],[86.57726,21.00255],[86.57675,21.00349],[86.57737,21.00602],[86.57711,21.00694],[86.57621,21.00731],[86.57565,21.00707],[86.57364,21.00475],[86.57281,21.00543],[86.57207,21.00695]]]}},{"type":"Feature","properties":{"LCODE":"050260017001700002","LOCATION":"BISHNUPUR","V_TYPE":"VILLAGE","BLOCK":"BHANDARIPOKHARI","DISTRICT":"BHADRAK"},"geometry":{"type":"Polygon","coordinates":[[[86.43534,21.01211],[86.43729,21.01311],[86.43839,21.0167],[86.43978,21.0183],[86.43987,21.01929],[86.43947,21.02105],[86.43989,21.02197],[86.44092,21.02304],[86.44609,21.02125],[86.44772,21.02117],[86.44894,21.01979],[86.45097,21.01833],[86.4548,21.01693],[86.45762,21.01642],[86.45724,21.01547],[86.45797,21.01516],[86.45755,21.01348],[86.45787,21.01287],[86.45853,21.01271],[86.45942,21.01156],[86.45998,21.01156],[86.46072,21.01232],[86.46114,21.0124],[86.46146,21.01178],[86.4603,21.01049],[86.45931,21.00866],[86.45922,21.00629],[86.45984,21.00147],[86.45918,21.00094],[86.45689,21.00108],[86.45162,21.00264],[86.44763,21.00325],[86.44778,21.00519],[86.4473,21.00642],[86.44665,21.00718],[86.44551,21.0078],[86.44029,21.00935],[86.43687,21.01105],[86.43534,21.01211]]]}},{"type":"Feature","properties":{"LCODE":"050190011001100134","LOCATION":"HARIPUR","V_TYPE":"VILLAGE","BLOCK":"BHADRAK","DISTRICT":"BHADRAK"},"geometry":{"type":"Polygon","coordinates":[[[86.50989,21.01611],[86.5107,21.01648],[86.51201,21.01604],[86.51282,21.01635],[86.51684,21.02287],[86.51732,21.023],[86.51796,21.02187],[86.52042,21.02021],[86.5258,21.01967],[86.52908,21.01856],[86.53023,21.01766],[86.5304,21.01705],[86.53033,21.01651],[86.52863,21.01526],[86.52864,21.01442],[86.52987,21.0142],[86.53013,21.01298],[86.5316,21.01239],[86.53194,21.0117],[86.53195,21.01055],[86.52865,21.00577],[86.52722,21.00474],[86.52706,21.00435],[86.52723,21.00382],[86.52805,21.00344],[86.52872,21.00253],[86.52881,21.00162],[86.52848,21.00146],[86.52734,21.00205],[86.52702,21.0009],[86.52459,21.00033],[86.52348,20.99918],[86.5225,20.99918],[86.52152,20.99971],[86.52146,21.00305],[86.52081,21.00335],[86.51979,21.00456],[86.51971,21.00625],[86.51667,21.00843],[86.51385,21.01192],[86.51189,21.01274],[86.51073,21.01356],[86.51024,21.0144],[86.50989,21.01611]]]}},{"type":"Feature","properties":{"LCODE":"050270017001700015","LOCATION":"BALIPUR","V_TYPE":"VILLAGE","BLOCK":"BHANDARIPOKHARI","DISTRICT":"BHADRAK"},"geometry":{"type":"Polygon","coordinates":[[[86.28394,21.02158],[86.28625,21.0224],[86.28877,21.02265],[86.29115,21.02179],[86.29549,21.0213],[86.30075,21.0191],[86.30022,21.01647],[86.30062,21.01524],[86.30192,21.01355],[86.30365,21.0125],[86.30214,21.00957],[86.30196,21.00831],[86.30017,21.00828],[86.29755,21.00737],[86.29641,21.0073],[86.29157,21.00837],[86.29125,21.01485],[86.29068,21.01745],[86.28742,21.01997],[86.28394,21.02158]]]}},{"type":"Feature","properties":{"LCODE":"050190011001100130","LOCATION":"BHARPADA","V_TYPE":"VILLAGE","BLOCK":"BHADRAK","DISTRICT":"BHADRAK"},"geometry":{"type":"Polygon","coordinates":[[[86.53674,21.01851],[86.53799,21.02205],[86.54053,21.02248],[86.54092,21.02186],[86.5428,21.02158],[86.5442,21.02084],[86.54578,21.01825],[86.54636,21.0178],[86.54707,21.01796],[86.54742,21.01682],[86.54752,21.01574],[86.54644,21.01128],[86.5456,21.00996],[86.54424,21.01125],[86.53957,21.01318],[86.5376,21.01461],[86.53674,21.01851]]]}},{"type":"Feature","properties":{"LCODE":"050190012001200152","LOCATION":"DANDABATITANKI","V_TYPE":"VILLAGE","BLOCK":"BONTH","DISTRICT":"BHADRAK"},"geometry":{"type":"Polygon","coordinates":[[[86.38499,21.0177],[86.38525,21.0206],[86.38615,21.02167],[86.38763,21.0222],[86.39088,21.02148],[86.39023,21.02051],[86.38914,21.01646],[86.38783,21.01646],[86.38539,21.01708],[86.38499,21.0177]]]}},{"type":"Feature","properties":{"LCODE":"050201014001400024","LOCATION":"BAHABALPUR","V_TYPE":"VILLAGE","BLOCK":"TIHIDI","DISTRICT":"BHADRAK"},"geometry":{"type":"Polygon","coordinates":[[[86.71204,21.01511],[86.71211,21.0161],[86.71355,21.01811],[86.7149,21.02095],[86.71605,21.0206],[86.71857,21.02063],[86.72207,21.02121],[86.72377,21.02185],[86.7263,21.02211],[86.72826,21.02145],[86.72908,21.02062],[86.73105,21.01942],[86.73262,21.01737],[86.73412,21.0141],[86.73738,21.01414],[86.73811,21.01385],[86.73935,21.01241],[86.74401,21.00905],[86.742,21.00697],[86.7375,21.01017],[86.73628,21.01],[86.73483,21.00929],[86.73232,21.00742],[86.72575,21.0058],[86.72453,21.00502],[86.72245,21.00208],[86.71968,21.00002],[86.71829,20.99851],[86.71732,20.99821],[86.71455,20.99805],[86.71397,20.99836],[86.71422,21.00289],[86.71362,21.00495],[86.71344,21.00693],[86.71251,21.00953],[86.71272,21.01274],[86.71204,21.01511]]]}},{"type":"Feature","properties":{"LCODE":"050201014001400022","LOCATION":"NANDAKANDARPA","V_TYPE":"VILLAGE","BLOCK":"TIHIDI","DISTRICT":"BHADRAK"},"geometry":{"type":"Polygon","coordinates":[[[86.69427,21.01671],[86.69576,21.0212],[86.69943,21.02068],[86.70333,21.02181],[86.70536,21.02206],[86.71001,21.02197],[86.7149,21.02095],[86.71355,21.01811],[86.7121,21.01593],[86.70885,21.01598],[86.70837,21.01537],[86.70806,21.01436],[86.7084,21.01322],[86.70833,21.012],[86.7068,21.01037],[86.70649,21.00929],[86.70675,21.00807],[86.70824,21.00564],[86.70792,21.00479],[86.70818,21.00388],[86.71062,21.0036],[86.71349,21.00564],[86.71422,21.00289],[86.71397,20.99836],[86.71033,20.99849],[86.7081,20.99956],[86.70683,21.00126],[86.70395,21.00167],[86.70277,21.01368],[86.70218,21.01543],[86.70095,21.01603],[86.69867,21.01608],[86.69453,21.01515],[86.69427,21.01671]]]}},{"type":"Feature","properties":{"LCODE":"050190011001100174","LOCATION":"RAGHUPATIBINDHA","V_TYPE":"VILLAGE","BLOCK":"BHADRAK","DISTRICT":"BHADRAK"},"geometry":{"type":"Polygon","coordinates":[[[86.53444,21.02167],[86.53799,21.02205],[86.53674,21.01851],[86.5376,21.01461],[86.53957,21.01318],[86.54424,21.01125],[86.5471,21.00815],[86.54601,21.00652],[86.54569,21.00552],[86.54565,21.00269],[86.54533,21.00199],[86.54156,20.99824],[86.53784,21.00174],[86.53677,21.0031],[86.53488,21.00423],[86.53528,21.005],[86.53452,21.00683],[86.53451,21.00767],[86.53554,21.01052],[86.53477,21.01281],[86.53571,21.01612],[86.53568,21.01873],[86.53444,21.02167]]]}},{"type":"Feature","properties":{"LCODE":"050270017001700009","LOCATION":"BIMBALBAR","V_TYPE":"VILLAGE","BLOCK":"BHANDARIPOKHARI","DISTRICT":"BHADRAK"},"geometry":{"type":"Polygon","coordinates":[[[86.3526,21.00729],[86.35358,21.0095],[86.35529,21.00972],[86.35603,21.01025],[86.35712,21.01476],[86.35934,21.01842],[86.35973,21.0203],[86.36255,21.02116],[86.36737,21.0216],[86.36868,21.02144],[86.36908,21.02098],[86.36801,21.01907],[86.36792,21.01854],[86.36849,21.01823],[86.37225,21.01936],[86.37258,21.01921],[86.37158,21.016],[86.36871,21.0141],[86.36839,21.01334],[86.36868,21.01265],[86.36714,21.01105],[86.36311,21.00548],[86.3609,21.00162],[86.35511,21.0062],[86.353,21.00736],[86.3526,21.00729]]]}},{"type":"Feature","properties":{"LCODE":"050190012001200155","LOCATION":"TORANGA","V_TYPE":"VILLAGE","BLOCK":"BONTH","DISTRICT":"BHADRAK"},"geometry":{"type":"Polygon","coordinates":[[[86.38724,21.01165],[86.38889,21.01524],[86.38898,21.01642],[86.39023,21.02051],[86.39088,21.02148],[86.39192,21.02114],[86.38979,21.01584],[86.38987,21.01523],[86.39149,21.01346],[86.39256,21.01331],[86.39329,21.01353],[86.39394,21.01422],[86.39404,21.01644],[86.39462,21.01766],[86.39951,21.01733],[86.40131,21.01881],[86.4023,21.01862],[86.40475,21.01881],[86.40663,21.01844],[86.41054,21.0169],[86.41233,21.01666],[86.41348,21.01612],[86.41493,21.0142],[86.41434,21.01191],[86.41451,21.01107],[86.41759,21.00945],[86.41873,21.00838],[86.4193,21.0073],[86.4192,21.006],[86.41763,21.00249],[86.41708,21.00023],[86.41186,20.99366],[86.41068,20.99165],[86.40908,20.99162],[86.40803,20.99381],[86.40683,20.9944],[86.40607,20.99581],[86.40351,20.99706],[86.40467,20.99747],[86.40469,20.99785],[86.40428,20.99795],[86.40422,20.99833],[86.40549,20.99936],[86.4048,21.00088],[86.40466,21.00278],[86.40425,21.00332],[86.40302,21.00317],[86.40173,21.00401],[86.4005,21.00394],[86.39846,21.00464],[86.39642,21.00496],[86.39334,21.00437],[86.39235,21.00696],[86.39122,21.00888],[86.39082,21.01163],[86.39017,21.01171],[86.38846,21.01118],[86.38747,21.01126],[86.38724,21.01165]]]}},{"type":"Feature","properties":{"LCODE":"050190012001200151","LOCATION":"CHAKACINAMALI","V_TYPE":"VILLAGE","BLOCK":"BONTH","DISTRICT":"BHADRAK"},"geometry":{"type":"Polygon","coordinates":[[[86.38979,21.01584],[86.39192,21.02114],[86.39227,21.02088],[86.39733,21.02047],[86.40131,21.01881],[86.39951,21.01733],[86.39462,21.01766],[86.39404,21.01644],[86.39394,21.01422],[86.39329,21.01353],[86.39256,21.01331],[86.39149,21.01346],[86.38987,21.01523],[86.38979,21.01584]]]}},{"type":"Feature","properties":{"LCODE":"050190011001100143","LOCATION":"KANTAPARA","V_TYPE":"VILLAGE","BLOCK":"BHADRAK","DISTRICT":"BHADRAK"},"geometry":{"type":"Polygon","coordinates":[[[86.46387,21.01025],[86.46554,21.01146],[86.46851,21.01565],[86.46909,21.01809],[86.47033,21.01931],[86.47034,21.02042],[86.47263,21.02067],[86.47458,21.02051],[86.47576,21.01956],[86.47733,21.01622],[86.47707,21.01454],[86.47607,21.01011],[86.47324,21.00552],[86.47253,21.00593],[86.47138,21.00601],[86.4691,21.00732],[86.46739,21.00717],[86.46739,21.00816],[86.4665,21.00901],[86.46643,21.01008],[86.46553,21.00955],[86.46387,21.01025]]]}},{"type":"Feature","properties":{"LCODE":"050190011001100124","LOCATION":"CHAKBENTAL","V_TYPE":"VILLAGE","BLOCK":"BHADRAK","DISTRICT":"BHADRAK"},"geometry":{"type":"Polygon","coordinates":[[[86.54707,21.01796],[86.54928,21.01837],[86.55287,21.01773],[86.55352,21.01782],[86.55521,21.01914],[86.55692,21.01993],[86.5592,21.02004],[86.56112,21.01963],[86.56072,21.01679],[86.55875,21.01612],[86.55354,21.01659],[86.55078,21.0154],[86.54932,21.01508],[86.54778,21.01513],[86.54743,21.01523],[86.54742,21.01682],[86.54707,21.01796]]]}},{"type":"Feature","properties":{"LCODE":"050190011001100144","LOCATION":"BIBHUTIPUR","V_TYPE":"VILLAGE","BLOCK":"BHADRAK","DISTRICT":"BHADRAK"},"geometry":{"type":"Polygon","coordinates":[[[86.45724,21.01547],[86.45872,21.0186],[86.4585,21.01909],[86.4593,21.01936],[86.46037,21.01951],[86.4659,21.01757],[86.46803,21.01771],[86.46909,21.01809],[86.46851,21.01565],[86.46735,21.0139],[86.46554,21.01146],[86.46387,21.01025],[86.46357,21.0104],[86.46333,21.01131],[86.46203,21.01125],[86.46114,21.0124],[86.46072,21.01232],[86.45998,21.01156],[86.45942,21.01156],[86.45853,21.01271],[86.45787,21.01287],[86.45755,21.01348],[86.45797,21.01516],[86.45724,21.01547]]]}},{"type":"Feature","properties":{"LCODE":"050190011001100121","LOCATION":"CHAKASRIDHARPUR","V_TYPE":"VILLAGE","BLOCK":"BHADRAK","DISTRICT":"BHADRAK"},"geometry":{"type":"Polygon","coordinates":[[[86.55968,21.01414],[86.55991,21.0146],[86.56076,21.01486],[86.56359,21.01389],[86.56586,21.01446],[86.56796,21.01586],[86.57045,21.01842],[86.57313,21.01946],[86.57541,21.01922],[86.57542,21.01788],[86.57693,21.01491],[86.57687,21.01299],[86.57568,21.01137],[86.57398,21.00989],[86.57359,21.00827],[86.57295,21.0075],[86.56785,21.00521],[86.56602,21.00802],[86.5634,21.00967],[86.56281,21.01081],[86.56032,21.01095],[86.56068,21.01155],[86.55969,21.01307],[86.55968,21.01414]]]}},{"type":"Feature","properties":{"LCODE":"050220013001300043","LOCATION":"BAHUPOKHARI","V_TYPE":"VILLAGE","BLOCK":"BASUDEVPUR","DISTRICT":"BHADRAK"},"geometry":{"type":"Polygon","coordinates":[[[86.79108,21.0156],[86.7925,21.01591],[86.79283,21.01706],[86.7934,21.01759],[86.79495,21.01744],[86.79561,21.01851],[86.79626,21.01874],[86.79903,21.01858],[86.79985,21.01874],[86.80021,21.01913],[86.80267,21.01756],[86.80017,21.01361],[86.79976,21.01147],[86.79861,21.00964],[86.79391,21.01017],[86.79414,21.01086],[86.79397,21.01163],[86.79153,21.01369],[86.79108,21.0156]]]}},{"type":"Feature","properties":{"LCODE":"050270017001700014","LOCATION":"NAMAKANA","V_TYPE":"VILLAGE","BLOCK":"BHANDARIPOKHARI","DISTRICT":"BHADRAK"},"geometry":{"type":"Polygon","coordinates":[[[86.30022,21.01647],[86.30075,21.0191],[86.30282,21.0186],[86.30592,21.01851],[86.3083,21.01681],[86.31042,21.01581],[86.31139,21.01435],[86.31123,21.01351],[86.31036,21.01179],[86.30779,21.01169],[86.30444,21.01224],[86.30305,21.0127],[86.30192,21.01355],[86.30062,21.01524],[86.30022,21.01647]]]}},{"type":"Feature","properties":{"LCODE":"050270017001700011","LOCATION":"SANSASAN","V_TYPE":"VILLAGE","BLOCK":"BHANDARIPOKHARI","DISTRICT":"BHADRAK"},"geometry":{"type":"Polygon","coordinates":[[[86.33109,21.01327],[86.33295,21.01441],[86.33466,21.01478],[86.33588,21.01356],[86.3371,21.01294],[86.3385,21.01416],[86.33842,21.01477],[86.33696,21.016],[86.33697,21.01684],[86.33804,21.01806],[86.33927,21.01866],[86.34309,21.01704],[86.34341,21.01727],[86.34342,21.01849],[86.34392,21.01864],[86.34644,21.01797],[86.34664,21.01653],[86.34504,21.01566],[86.3443,21.01367],[86.34274,21.01245],[86.34241,21.01161],[86.34109,21.00994],[86.34076,21.00879],[86.34002,21.00765],[86.3414,21.00665],[86.34303,21.00626],[86.34352,21.00679],[86.34386,21.00794],[86.34427,21.00839],[86.34484,21.00839],[86.34548,21.00716],[86.3457,21.00227],[86.33781,21.0062],[86.33482,21.00716],[86.33553,21.00759],[86.3361,21.00835],[86.33611,21.00881],[86.33358,21.01028],[86.33121,21.01044],[86.33109,21.01327]]]}},{"type":"Feature","properties":{"LCODE":"050220013001300031","LOCATION":"RAJGHARPOKHARI","V_TYPE":"VILLAGE","BLOCK":"BASUDEVPUR","DISTRICT":"BHADRAK"},"geometry":{"type":"Polygon","coordinates":[[[86.76509,21.00092],[86.76558,21.00199],[86.76852,21.00451],[86.76917,21.00696],[86.77039,21.00895],[86.76991,21.01078],[86.76999,21.01262],[86.77341,21.01453],[86.77602,21.01484],[86.77684,21.0153],[86.7775,21.01599],[86.77853,21.01826],[86.77945,21.01797],[86.78027,21.01713],[86.78108,21.01522],[86.78304,21.01576],[86.78484,21.01415],[86.78818,21.01606],[86.79079,21.01591],[86.79128,21.0153],[86.79153,21.01369],[86.79379,21.01183],[86.79121,21.01128],[86.78785,21.01104],[86.78659,21.00984],[86.78569,21.0074],[86.78597,21.00537],[86.78493,21.00157],[86.78484,20.99632],[86.78347,20.99607],[86.78075,20.99711],[86.77876,20.99887],[86.77994,21.00528],[86.77969,21.00585],[86.77917,21.00606],[86.77841,21.00572],[86.77776,21.00474],[86.77717,21.00339],[86.77633,20.99942],[86.77449,20.99641],[86.77286,20.99678],[86.76761,20.99901],[86.76509,21.00092]]]}},{"type":"Feature","properties":{"LCODE":"050190011001100157","LOCATION":"BAHUDARAD","V_TYPE":"VILLAGE","BLOCK":"BHADRAK","DISTRICT":"BHADRAK"},"geometry":{"type":"Polygon","coordinates":[[[86.41434,21.01191],[86.41489,21.01405],[86.4222,21.01356],[86.42424,21.01439],[86.42539,21.01523],[86.42753,21.01789],[86.42938,21.01811],[86.43127,21.01642],[86.43354,21.01343],[86.43687,21.01105],[86.44029,21.00935],[86.44551,21.0078],[86.44665,21.00718],[86.4473,21.00642],[86.44778,21.00519],[86.44752,21.00267],[86.44702,21.0016],[86.44588,21.00092],[86.44481,20.99916],[86.44544,20.99676],[86.44297,20.99616],[86.4424,20.9942],[86.43964,20.9927],[86.43913,20.99218],[86.43857,20.99044],[86.43816,20.98998],[86.4373,20.98934],[86.43665,20.98929],[86.43523,20.99058],[86.43224,20.99116],[86.43055,20.99191],[86.42893,20.9942],[86.42599,20.99608],[86.42253,20.99522],[86.42126,20.99627],[86.4203,20.99838],[86.41982,20.9987],[86.41756,20.99918],[86.41716,20.99958],[86.41708,21.00023],[86.41763,21.00249],[86.4192,21.006],[86.4193,21.0073],[86.41873,21.00838],[86.41759,21.00945],[86.41451,21.01107],[86.41434,21.01191]]]}},{"type":"Feature","properties":{"LCODE":"050201014001400010","LOCATION":"KANDAPUR","V_TYPE":"VILLAGE","BLOCK":"TIHIDI","DISTRICT":"BHADRAK"},"geometry":{"type":"Polygon","coordinates":[[[86.60922,21.01143],[86.6094,21.01215],[86.61034,21.01329],[86.61025,21.01398],[86.6096,21.01458],[86.60942,21.01542],[86.61006,21.01658],[86.6116,21.01744],[86.61289,21.01769],[86.61575,21.01727],[86.619,21.01746],[86.62122,21.01711],[86.62468,21.01435],[86.62418,21.01385],[86.62376,21.01193],[86.62267,21.01115],[86.62096,21.01067],[86.61818,21.01148],[86.61696,21.01138],[86.61472,21.00898],[86.61382,21.00874],[86.61235,21.00925],[86.61176,21.01093],[86.60996,21.01129],[86.60928,21.01102],[86.60922,21.01143]]]}},{"type":"Feature","properties":{"LCODE":"050220013001300026","LOCATION":"PURUSHOTTAMPUR","V_TYPE":"VILLAGE","BLOCK":"BASUDEVPUR","DISTRICT":"BHADRAK"},"geometry":{"type":"Polygon","coordinates":[[[86.75368,21.0153],[86.75376,21.01691],[86.75392,21.01729],[86.75458,21.01752],[86.76265,21.01759],[86.7642,21.01698],[86.7664,21.01507],[86.76771,21.01293],[86.7695,21.01254],[86.76999,21.01208],[86.76991,21.01078],[86.77039,21.00895],[86.76917,21.00696],[86.76852,21.00451],[86.76558,21.00199],[86.76509,21.00099],[86.76354,21.00115],[86.76183,21.00176],[86.76052,21.00298],[86.76036,21.00352],[86.76036,21.00407],[86.76126,21.00566],[86.76134,21.0075],[86.7602,21.01056],[86.75841,21.01285],[86.75726,21.01385],[86.75423,21.01432],[86.75368,21.0153]]]}},{"type":"Feature","properties":{"LCODE":"050190011001100123","LOCATION":"BASALPUR","V_TYPE":"VILLAGE","BLOCK":"BHADRAK","DISTRICT":"BHADRAK"},"geometry":{"type":"Polygon","coordinates":[[[86.55202,21.01606],[86.55354,21.01659],[86.55875,21.01612],[86.56072,21.01679],[86.56112,21.01569],[86.56105,21.01508],[86.55991,21.0146],[86.55969,21.01322],[86.55766,21.01304],[86.55626,21.01387],[86.55518,21.01508],[86.5542,21.01537],[86.55273,21.01535],[86.55202,21.01606]]]}},{"type":"Feature","properties":{"LCODE":"050201014001400009","LOCATION":"BUDANG","V_TYPE":"VILLAGE","BLOCK":"TIHIDI","DISTRICT":"BHADRAK"},"geometry":{"type":"Polygon","coordinates":[[[86.59136,21.01365],[86.59142,21.01434],[86.59322,21.01505],[86.59572,21.01669],[86.59735,21.01656],[86.59777,21.0158],[86.59763,21.01404],[86.59801,21.01336],[86.5966,21.01195],[86.59514,21.01124],[86.59425,21.01108],[86.59253,21.01136],[86.59179,21.01204],[86.59136,21.01365]]]}},{"type":"Feature","properties":{"LCODE":"050201014001400055","LOCATION":"SRIDHARPUR","V_TYPE":"VILLAGE","BLOCK":"TIHIDI","DISTRICT":"BHADRAK"},"geometry":{"type":"Polygon","coordinates":[[[86.58208,21.01329],[86.58318,21.01614],[86.58432,21.01669],[86.5862,21.01641],[86.58907,21.01423],[86.59142,21.01434],[86.59145,21.0128],[86.59179,21.01204],[86.59253,21.01136],[86.59425,21.01108],[86.59603,21.01156],[86.59801,21.01336],[86.59846,21.01313],[86.60106,21.01339],[86.60342,21.01281],[86.60435,21.01068],[86.60486,21.01041],[86.60436,21.00938],[86.60471,21.00769],[86.60448,21.00608],[86.60496,21.00527],[86.60163,21.00643],[86.59942,21.00778],[86.59852,21.00776],[86.59763,21.00729],[86.59429,21.00755],[86.59265,21.00815],[86.59004,21.00857],[86.58823,21.00811],[86.5871,21.00884],[86.5845,21.00919],[86.58384,21.00971],[86.58292,21.01123],[86.58208,21.01329]]]}},{"type":"Feature","properties":{"LCODE":"050270017001700010","LOCATION":"BADASASAN","V_TYPE":"VILLAGE","BLOCK":"BHANDARIPOKHARI","DISTRICT":"BHADRAK"},"geometry":{"type":"Polygon","coordinates":[[[86.34002,21.00765],[86.34076,21.00879],[86.34109,21.00994],[86.34241,21.01161],[86.34274,21.01245],[86.3443,21.01367],[86.34504,21.01566],[86.34664,21.01653],[86.34692,21.01595],[86.34782,21.01549],[86.35067,21.01464],[86.35214,21.01448],[86.35345,21.0147],[86.35443,21.01562],[86.35533,21.01561],[86.35712,21.01476],[86.35603,21.01025],[86.35529,21.00972],[86.35358,21.0095],[86.3526,21.00729],[86.3521,21.00698],[86.34782,21.00132],[86.3457,21.00227],[86.34548,21.00716],[86.34484,21.00839],[86.34427,21.00839],[86.34386,21.00794],[86.34352,21.00679],[86.34303,21.00626],[86.3414,21.00665],[86.34002,21.00765]]]}},{"type":"Feature","properties":{"LCODE":"050190011001100160","LOCATION":"KALEI","V_TYPE":"VILLAGE","BLOCK":"BHADRAK","DISTRICT":"BHADRAK"},"geometry":{"type":"Polygon","coordinates":[[[86.47324,21.00552],[86.47607,21.01011],[86.47733,21.01622],[86.48051,21.01598],[86.4828,21.01543],[86.48523,21.01374],[86.49183,21.01089],[86.49239,21.00989],[86.49262,21.00696],[86.49236,21.00523],[86.49052,21.00297],[86.48958,21.00386],[86.4864,21.00411],[86.48467,21.00373],[86.48186,21.00225],[86.48157,21.00291],[86.48075,21.00306],[86.48019,21.00414],[86.47929,21.00414],[86.47765,21.00315],[86.47724,21.00315],[86.47708,21.00407],[86.4744,21.0047],[86.47324,21.00552]]]}},{"type":"Feature","properties":{"LCODE":"050190011001100135","LOCATION":"NANGURI","V_TYPE":"VILLAGE","BLOCK":"BHADRAK","DISTRICT":"BHADRAK"},"geometry":{"type":"Polygon","coordinates":[[[86.50115,20.99715],[86.50121,21.00102],[86.50195,21.00537],[86.50167,21.00674],[86.50292,21.00717],[86.50491,21.01027],[86.50539,21.01173],[86.50674,21.01343],[86.50989,21.01611],[86.51024,21.0144],[86.51073,21.01356],[86.51189,21.01274],[86.51385,21.01192],[86.51667,21.00843],[86.51971,21.00625],[86.51974,21.00379],[86.51844,20.99918],[86.5173,20.99733],[86.51446,20.99425],[86.51332,20.99156],[86.50838,20.99162],[86.50694,20.99347],[86.50115,20.99715]]]}},{"type":"Feature","properties":{"LCODE":"050201014001400023","LOCATION":"KANHEIBINDHA","V_TYPE":"VILLAGE","BLOCK":"TIHIDI","DISTRICT":"BHADRAK"},"geometry":{"type":"Polygon","coordinates":[[[86.70649,21.00929],[86.7068,21.01037],[86.70833,21.012],[86.7084,21.01322],[86.70806,21.01436],[86.70885,21.01598],[86.7121,21.01593],[86.71204,21.01511],[86.71281,21.0116],[86.71251,21.00953],[86.71344,21.00693],[86.71349,21.00564],[86.71062,21.0036],[86.70818,21.00388],[86.70792,21.00479],[86.70824,21.00564],[86.70675,21.00807],[86.70649,21.00929]]]}},{"type":"Feature","properties":{"LCODE":"050201014001400021","LOCATION":"DOHARASAHI","V_TYPE":"VILLAGE","BLOCK":"TIHIDI","DISTRICT":"BHADRAK"},"geometry":{"type":"Polygon","coordinates":[[[86.69453,21.01515],[86.69867,21.01608],[86.70095,21.01603],[86.70218,21.01543],[86.70277,21.01368],[86.70395,21.00167],[86.70087,21.00194],[86.69849,21.00359],[86.69643,21.00594],[86.69601,21.00716],[86.69563,21.01129],[86.69453,21.01515]]]}},{"type":"Feature","properties":{"LCODE":"050190011001100122","LOCATION":"GOPALBINDHA","V_TYPE":"VILLAGE","BLOCK":"BHADRAK","DISTRICT":"BHADRAK"},"geometry":{"type":"Polygon","coordinates":[[[86.5456,21.00996],[86.54644,21.01128],[86.54743,21.01523],[86.54932,21.01508],[86.55078,21.0154],[86.55202,21.01606],[86.55273,21.01535],[86.5542,21.01537],[86.55518,21.01508],[86.557,21.01326],[86.55766,21.01304],[86.55969,21.01322],[86.56068,21.01155],[86.56013,21.01062],[86.5604,21.00802],[86.56017,21.00679],[86.55985,21.0064],[86.55888,21.00654],[86.55841,21.005],[86.55761,21.00377],[86.55527,21.00255],[86.5546,21.00365],[86.5518,21.00591],[86.55,21.00642],[86.54729,21.00792],[86.5456,21.00996]]]}},{"type":"Feature","properties":{"LCODE":"050201014001400014","LOCATION":"MAHARAMPUR","V_TYPE":"VILLAGE","BLOCK":"TIHIDI","DISTRICT":"BHADRAK"},"geometry":{"type":"Polygon","coordinates":[[[86.62376,21.01193],[86.62418,21.01385],[86.62458,21.01432],[86.6258,21.01457],[86.62808,21.01414],[86.63014,21.01271],[86.63413,21.0123],[86.63795,21.01266],[86.6451,21.01429],[86.64942,21.01463],[86.65051,21.01229],[86.6552,21.00898],[86.65432,21.00675],[86.65231,21.00435],[86.64978,21.0003],[86.64781,21.00036],[86.64554,21.0007],[86.64487,21.00106],[86.64288,21.00361],[86.64147,21.00474],[86.6347,21.00549],[86.63125,21.00541],[86.62939,21.00726],[86.6253,21.00935],[86.62462,21.01133],[86.62376,21.01193]]]}},{"type":"Feature","properties":{"LCODE":"050220013001300024","LOCATION":"DAMODARPUR","V_TYPE":"VILLAGE","BLOCK":"BASUDEVPUR","DISTRICT":"BHADRAK"},"geometry":{"type":"Polygon","coordinates":[[[86.75033,21.00145],[86.75033,21.00181],[86.75237,21.00421],[86.75302,21.00635],[86.75302,21.00857],[86.75213,21.01193],[86.75213,21.01278],[86.75262,21.01392],[86.75375,21.01438],[86.75726,21.01385],[86.75938,21.0117],[86.76069,21.00971],[86.76134,21.0075],[86.76126,21.00566],[86.76069,21.00451],[86.75881,21.00283],[86.75628,21.00138],[86.75484,20.99988],[86.7537,20.99939],[86.75256,20.99924],[86.75072,21.00015],[86.75033,21.00145]]]}},{"type":"Feature","properties":{"LCODE":"050270017001700034","LOCATION":"PATULI","V_TYPE":"VILLAGE","BLOCK":"BHANDARIPOKHARI","DISTRICT":"BHADRAK"},"geometry":{"type":"Polygon","coordinates":[[[86.3609,21.00162],[86.36311,21.00548],[86.36714,21.01105],[86.36868,21.01265],[86.36984,21.0118],[86.37173,21.0124],[86.37318,21.01072],[86.37366,21.00949],[86.37497,21.00872],[86.37733,21.00817],[86.37864,21.0074],[86.38113,21.00651],[86.38017,21.00434],[86.37992,20.99979],[86.37881,20.99744],[86.37701,20.99552],[86.37465,20.99553],[86.37247,20.99616],[86.36662,20.99877],[86.3649,20.99846],[86.36417,20.99864],[86.36147,21.00006],[86.36143,21.00116],[86.3609,21.00162]]]}},{"type":"Feature","properties":{"LCODE":"050270017001700016","LOCATION":"BIRIDI","V_TYPE":"VILLAGE","BLOCK":"BHANDARIPOKHARI","DISTRICT":"BHADRAK"},"geometry":{"type":"Polygon","coordinates":[[[86.30189,21.0085],[86.30214,21.00957],[86.30365,21.0125],[86.30607,21.01185],[86.31036,21.01179],[86.31056,21.01122],[86.31113,21.01083],[86.313,21.01067],[86.31342,21.01013],[86.31332,21.00876],[86.31274,21.00754],[86.31331,21.00669],[86.31387,21.00645],[86.31126,21.00563],[86.31045,21.00571],[86.30939,21.00518],[86.30898,21.00464],[86.30839,21.00258],[86.30743,21.00151],[86.30577,21.00167],[86.30333,21.00322],[86.30293,21.00414],[86.30278,21.00636],[86.30189,21.0085]]]}},{"type":"Feature","properties":{"LCODE":"050201014001400044","LOCATION":"ACHAK","V_TYPE":"VILLAGE","BLOCK":"TIHIDI","DISTRICT":"BHADRAK"},"geometry":{"type":"Polygon","coordinates":[[[86.61453,21.00893],[86.61696,21.01138],[86.61818,21.01148],[86.62096,21.01067],[86.62186,21.01076],[86.62388,21.01194],[86.62462,21.01133],[86.6253,21.00935],[86.62849,21.00786],[86.63029,21.00651],[86.63154,21.00476],[86.63147,21.00361],[86.63091,21.00276],[86.6281,21.00028],[86.62543,21.00028],[86.62159,21.0008],[86.62009,21.00177],[86.61943,21.00283],[86.61812,21.0032],[86.61777,21.00504],[86.61685,21.00732],[86.61453,21.00893]]]}},{"type":"Feature","properties":{"LCODE":"050220013001300045","LOCATION":"KORABATIASANA","V_TYPE":"VILLAGE","BLOCK":"BASUDEVPUR","DISTRICT":"BHADRAK"},"geometry":{"type":"Polygon","coordinates":[[[86.78569,21.0074],[86.78659,21.00984],[86.78785,21.01104],[86.79121,21.01128],[86.79379,21.01183],[86.79397,21.01163],[86.79405,21.01032],[86.79115,21.00492],[86.78988,21.00541],[86.78597,21.00555],[86.78569,21.0074]]]}},{"type":"Feature","properties":{"LCODE":"050260017001700004","LOCATION":"MIRHASANPUR","V_TYPE":"VILLAGE","BLOCK":"BHANDARIPOKHARI","DISTRICT":"BHADRAK"},"geometry":{"type":"Polygon","coordinates":[[[86.45922,21.00629],[86.45931,21.00866],[86.4603,21.01049],[86.46146,21.01178],[86.46243,21.01109],[86.46309,21.01147],[86.46357,21.0104],[86.46496,21.0097],[86.46553,21.00955],[86.46643,21.01008],[86.4665,21.00901],[86.46739,21.00816],[86.46733,21.00766],[86.466,21.00603],[86.46527,21.00344],[86.46025,21.00178],[86.45988,21.00178],[86.45922,21.00629]]]}},{"type":"Feature","properties":{"LCODE":"050190012001200154","LOCATION":"CHANAMALI","V_TYPE":"VILLAGE","BLOCK":"BONTH","DISTRICT":"BHADRAK"},"geometry":{"type":"Polygon","coordinates":[[[86.38184,21.00626],[86.3828,21.00792],[86.38289,21.00861],[86.38224,21.00961],[86.38241,21.01014],[86.3829,21.01029],[86.38518,21.00944],[86.38648,21.00928],[86.38812,21.00989],[86.38972,21.0115],[86.39082,21.01163],[86.39122,21.00888],[86.39235,21.00696],[86.39334,21.00437],[86.38751,21.00354],[86.38645,21.00362],[86.38184,21.00626]]]}},{"type":"Feature","properties":{"LCODE":"050201014001400015","LOCATION":"SATIBATI","V_TYPE":"VILLAGE","BLOCK":"TIHIDI","DISTRICT":"BHADRAK"},"geometry":{"type":"Polygon","coordinates":[[[86.64974,20.9996],[86.64978,21.0003],[86.65167,21.00342],[86.65432,21.00675],[86.65574,21.0106],[86.65662,21.01153],[86.65719,21.01154],[86.65868,21.01003],[86.66016,21.00905],[86.6626,21.0087],[86.6653,21.00751],[86.67035,21.00796],[86.67349,21.00611],[86.67277,21.00271],[86.67249,20.99817],[86.67265,20.99732],[86.67395,20.99551],[86.67323,20.99494],[86.67286,20.99416],[86.66965,20.99433],[86.66525,20.99402],[86.66329,20.99516],[86.66109,20.99593],[86.65211,20.99746],[86.6508,20.99822],[86.64974,20.9996]]]}},{"type":"Feature","properties":{"LCODE":"050201014001400050","LOCATION":"NANDAPUR","V_TYPE":"VILLAGE","BLOCK":"TIHIDI","DISTRICT":"BHADRAK"},"geometry":{"type":"Polygon","coordinates":[[[86.60436,21.00938],[86.60508,21.01069],[86.60638,21.01109],[86.6081,21.01004],[86.60883,21.01043],[86.60915,21.01097],[86.60996,21.01129],[86.61176,21.01093],[86.61235,21.00925],[86.61382,21.00874],[86.61453,21.00893],[86.61685,21.00732],[86.61777,21.00504],[86.61812,21.0032],[86.61747,21.00296],[86.6164,21.00387],[86.6142,21.00437],[86.61371,21.00437],[86.61209,21.00343],[86.6085,21.00311],[86.6081,21.00352],[86.60548,21.00464],[86.60482,21.00547],[86.60448,21.00608],[86.60471,21.00769],[86.60436,21.00938]]]}},{"type":"Feature","properties":{"LCODE":"050190011001100176","LOCATION":"KASALPUR","V_TYPE":"VILLAGE","BLOCK":"BHADRAK","DISTRICT":"BHADRAK"},"geometry":{"type":"Polygon","coordinates":[[[86.55477,20.99997],[86.55527,21.00159],[86.55527,21.00255],[86.55761,21.00377],[86.55841,21.005],[86.55888,21.00654],[86.55985,21.0064],[86.56017,21.00679],[86.5604,21.00802],[86.56013,21.01016],[86.56032,21.01095],[86.56281,21.01081],[86.5634,21.00967],[86.56602,21.00802],[86.56785,21.00521],[86.56583,21.00357],[86.56454,21.00309],[86.55944,21.00003],[86.55854,20.99986],[86.55641,20.99875],[86.55511,20.9989],[86.55477,20.99997]]]}},{"type":"Feature","properties":{"LCODE":"050270017001700026","LOCATION":"RAJENDRAPUR","V_TYPE":"VILLAGE","BLOCK":"BHANDARIPOKHARI","DISTRICT":"BHADRAK"},"geometry":{"type":"Polygon","coordinates":[[[86.318,21.00005],[86.32031,21.00238],[86.32113,21.00344],[86.32133,21.00424],[86.32375,21.00573],[86.32491,21.00741],[86.32574,21.00947],[86.32623,21.00985],[86.33121,21.01044],[86.33358,21.01028],[86.33611,21.00881],[86.3361,21.00835],[86.33553,21.00759],[86.33389,21.0066],[86.33323,21.00569],[86.33289,21.00454],[86.33199,21.0034],[86.32732,20.99928],[86.32494,20.99515],[86.32478,20.99437],[86.32231,20.99457],[86.32086,20.99501],[86.31805,20.99837],[86.318,21.00005]]]}},{"type":"Feature","properties":{"LCODE":"050220013001300044","LOCATION":"MACHHUAGHAISANA","V_TYPE":"VILLAGE","BLOCK":"BASUDEVPUR","DISTRICT":"BHADRAK"},"geometry":{"type":"Polygon","coordinates":[[[86.79118,21.00494],[86.79391,21.01017],[86.7987,21.00971],[86.79911,21.00719],[86.79967,21.00711],[86.80042,21.00772],[86.80098,21.0078],[86.80196,21.0065],[86.79996,21.00194],[86.7978,21.00199],[86.79649,21.00268],[86.7947,21.00222],[86.7943,21.00436],[86.79397,21.00474],[86.79218,21.00512],[86.79118,21.00494]]]}},{"type":"Feature","properties":{"LCODE":"050201014001400026","LOCATION":"SANANAHUNIPAL","V_TYPE":"VILLAGE","BLOCK":"TIHIDI","DISTRICT":"BHADRAK"},"geometry":{"type":"Polygon","coordinates":[[[86.72826,21.00629],[86.73232,21.00742],[86.73483,21.00929],[86.73628,21.01],[86.7375,21.01017],[86.742,21.00697],[86.73978,21.00407],[86.73864,21.00367],[86.73774,21.00261],[86.73613,21.00234],[86.73461,21.00165],[86.73296,21.00222],[86.72967,21.00463],[86.7286,21.00561],[86.72826,21.00629]]]}},{"type":"Feature","properties":{"LCODE":"050201014001400027","LOCATION":"GOPALDOHARA","V_TYPE":"VILLAGE","BLOCK":"TIHIDI","DISTRICT":"BHADRAK"},"geometry":{"type":"Polygon","coordinates":[[[86.73774,21.00261],[86.73864,21.00367],[86.73978,21.00407],[86.742,21.00697],[86.74401,21.00905],[86.74952,21.00642],[86.75,21.0058],[86.75033,21.00181],[86.74949,21.00088],[86.74657,21.00102],[86.74273,21.0022],[86.74043,21.00324],[86.73872,21.00314],[86.73774,21.00261]]]}},{"type":"Feature","properties":{"LCODE":"050201014001400054","LOCATION":"SADANANDAPUR","V_TYPE":"VILLAGE","BLOCK":"TIHIDI","DISTRICT":"BHADRAK"},"geometry":{"type":"Polygon","coordinates":[[[86.5852,21.00498],[86.58762,21.00693],[86.58823,21.00811],[86.59004,21.00857],[86.59265,21.00815],[86.59429,21.00755],[86.59763,21.00729],[86.59764,21.0066],[86.59797,21.00622],[86.60018,21.00533],[86.60077,21.00381],[86.60029,21.00281],[86.60048,21.00231],[86.599,21.00195],[86.59428,21.00219],[86.59101,21.00276],[86.58995,21.00259],[86.58892,21.00028],[86.58762,21.0008],[86.58686,21.0027],[86.58521,21.00437],[86.5852,21.00498]]]}},{"type":"Feature","properties":{"LCODE":"050190011001100136","LOCATION":"BALAGITPADA","V_TYPE":"VILLAGE","BLOCK":"BHADRAK","DISTRICT":"BHADRAK"},"geometry":{"type":"Polygon","coordinates":[[[86.48907,20.99814],[86.48917,20.99885],[86.48974,20.99967],[86.48989,21.00174],[86.49052,21.00297],[86.49236,21.00523],[86.49262,21.00696],[86.49336,21.00749],[86.49461,21.0077],[86.49695,21.00748],[86.49843,21.00841],[86.5,21.00726],[86.50167,21.00674],[86.50195,21.00537],[86.50121,21.00102],[86.50119,20.99742],[86.50081,20.99471],[86.49802,20.99564],[86.48943,20.99698],[86.48907,20.99814]]]}},{"type":"Feature","properties":{"LCODE":"050201014001400019","LOCATION":"BALICHATURI","V_TYPE":"VILLAGE","BLOCK":"TIHIDI","DISTRICT":"BHADRAK"},"geometry":{"type":"Polygon","coordinates":[[[86.67249,20.99817],[86.67277,21.00271],[86.67354,21.00632],[86.67475,21.00733],[86.6806,21.00841],[86.68102,21.00795],[86.68403,21.00792],[86.68582,21.0074],[86.68771,21.00636],[86.68992,21.0057],[86.69138,21.00557],[86.69323,21.00598],[86.69334,21.00574],[86.69305,21.00252],[86.69041,20.99597],[86.68546,20.99565],[86.6817,20.99641],[86.68008,20.9961],[86.67763,20.99618],[86.6747,20.99587],[86.67395,20.99551],[86.67265,20.99732],[86.67249,20.99817]]]}},{"type":"Feature","properties":{"LCODE":"050270017001700017","LOCATION":"KHAPURIAPADA","V_TYPE":"VILLAGE","BLOCK":"BHANDARIPOKHARI","DISTRICT":"BHADRAK"},"geometry":{"type":"Polygon","coordinates":[[[86.29087,21.0005],[86.29135,21.00365],[86.29157,21.00837],[86.29641,21.0073],[86.29755,21.00737],[86.30017,21.00828],[86.30196,21.00831],[86.30278,21.00636],[86.30293,21.00414],[86.30363,21.00297],[86.30039,20.99994],[86.29945,20.99805],[86.29419,20.99776],[86.29099,20.99799],[86.29118,20.99963],[86.29087,21.0005]]]}},{"type":"Feature","properties":{"LCODE":"050190011001100175","LOCATION":"GUJIDARADA","V_TYPE":"VILLAGE","BLOCK":"BHADRAK","DISTRICT":"BHADRAK"},"geometry":{"type":"Polygon","coordinates":[[[86.53604,20.99557],[86.53922,20.99689],[86.54207,20.99858],[86.54533,21.00199],[86.54565,21.00269],[86.54569,21.00552],[86.54601,21.00652],[86.5471,21.00815],[86.55,21.00642],[86.5518,21.00591],[86.55418,21.00403],[86.55518,21.00289],[86.55535,21.00205],[86.55478,20.99986],[86.55267,20.99867],[86.55177,20.99782],[86.55161,20.99636],[86.55048,20.9949],[86.55016,20.99344],[86.55025,20.99141],[86.54553,20.99036],[86.54505,20.98952],[86.5453,20.98768],[86.54676,20.98655],[86.54506,20.98675],[86.54351,20.98752],[86.54129,20.99082],[86.53941,20.99258],[86.53712,20.99389],[86.53646,20.99458],[86.53604,20.99557]]]}},{"type":"Feature","properties":{"LCODE":"050201014001400051","LOCATION":"CHAKAAGIRIA","V_TYPE":"VILLAGE","BLOCK":"TIHIDI","DISTRICT":"BHADRAK"},"geometry":{"type":"Polygon","coordinates":[[[86.59755,21.00714],[86.59771,21.00745],[86.59893,21.00785],[86.59999,21.00755],[86.60163,21.00643],[86.60496,21.00527],[86.60589,21.00442],[86.6081,21.00352],[86.6086,21.00292],[86.60844,21.0023],[86.60805,21.00153],[86.60564,20.99902],[86.60518,20.99805],[86.6032,20.99795],[86.6019,20.99902],[86.60178,21.00122],[86.6003,21.0025],[86.60077,21.00381],[86.60051,21.00496],[86.60018,21.00533],[86.59846,21.00585],[86.59764,21.0066],[86.59755,21.00714]]]}},{"type":"Feature","properties":{"LCODE":"050260017001700006","LOCATION":"GOPALPUR","V_TYPE":"VILLAGE","BLOCK":"BHANDARIPOKHARI","DISTRICT":"BHADRAK"},"geometry":{"type":"Polygon","coordinates":[[[86.46499,21.00244],[86.466,21.00603],[86.46726,21.0076],[86.46739,21.00717],[86.4691,21.00732],[86.47138,21.00601],[86.47253,21.00593],[86.47392,21.00504],[86.47325,21.00432],[86.47243,21.00425],[86.47161,21.00318],[86.47046,21.00265],[86.46581,21.00229],[86.46499,21.00244]]]}},{"type":"Feature","properties":{"LCODE":"050201014001400020","LOCATION":"SANKARPUR","V_TYPE":"VILLAGE","BLOCK":"TIHIDI","DISTRICT":"BHADRAK"},"geometry":{"type":"Polygon","coordinates":[[[86.69041,20.99597],[86.69305,21.00252],[86.69328,21.00345],[86.69323,21.00598],[86.69601,21.00746],[86.69643,21.00594],[86.69717,21.00488],[86.69972,21.00261],[86.70087,21.00194],[86.70683,21.00126],[86.7081,20.99956],[86.71033,20.99849],[86.7157,20.99807],[86.71517,20.99399],[86.71318,20.99402],[86.71236,20.99475],[86.71154,20.99498],[86.70779,20.99505],[86.70461,20.99475],[86.70242,20.99367],[86.70128,20.99359],[86.69582,20.99435],[86.69312,20.99596],[86.69041,20.99597]]]}},{"type":"Feature","properties":{"LCODE":"050270017001700033","LOCATION":"KOTSIRA","V_TYPE":"VILLAGE","BLOCK":"BHANDARIPOKHARI","DISTRICT":"BHADRAK"},"geometry":{"type":"Polygon","coordinates":[[[86.34135,20.9892],[86.34212,20.99416],[86.34563,20.99816],[86.3484,21.00218],[86.3521,21.00698],[86.3526,21.00729],[86.353,21.00736],[86.35511,21.0062],[86.36143,21.00116],[86.36147,21.00006],[86.36176,20.99987],[86.36137,20.99977],[86.36117,20.99933],[86.36086,20.99762],[86.36098,20.99455],[86.36039,20.99204],[86.36122,20.99048],[86.36156,20.98775],[86.36047,20.98805],[86.35908,20.98796],[86.35833,20.98753],[86.35706,20.98551],[86.35213,20.98754],[86.35163,20.98733],[86.35082,20.98568],[86.34222,20.98855],[86.34135,20.9892]]]}},{"type":"Feature","properties":{"LCODE":"050220013001300051","LOCATION":"GOVINDAPUR","V_TYPE":"VILLAGE","BLOCK":"BASUDEVPUR","DISTRICT":"BHADRAK"},"geometry":{"type":"Polygon","coordinates":[[[86.79996,21.00194],[86.80196,21.0065],[86.80153,21.00732],[86.80376,21.00673],[86.80922,21.00658],[86.8133,21.00497],[86.81795,21.00428],[86.82064,21.00199],[86.82137,21.00099],[86.82137,21.00053],[86.81983,20.99756],[86.81926,20.99706],[86.81445,20.99788],[86.81307,20.9974],[86.81227,20.99639],[86.81014,20.9916],[86.80893,20.99158],[86.80804,20.99172],[86.8081,20.99272],[86.8075,20.99479],[86.80532,20.99829],[86.80523,20.99898],[86.80594,21.00063],[86.80383,21.0013],[86.79996,21.00194]]]}},{"type":"Feature","properties":{"LCODE":"050201014001400057","LOCATION":"ISHANPUR","V_TYPE":"VILLAGE","BLOCK":"TIHIDI","DISTRICT":"BHADRAK"},"geometry":{"type":"Polygon","coordinates":[[[86.56624,21.00365],[86.56629,21.00404],[86.56785,21.00521],[86.56947,21.00607],[86.57207,21.00695],[86.57281,21.00543],[86.57364,21.00475],[86.57565,21.00707],[86.57621,21.00731],[86.57711,21.00694],[86.57737,21.00602],[86.57675,21.00349],[86.57733,21.00242],[86.57687,20.99815],[86.57761,20.99662],[86.57729,20.99576],[86.57485,20.99546],[86.57272,20.99677],[86.57172,20.99681],[86.57207,20.99715],[86.57206,20.99876],[86.56741,21.00137],[86.56625,21.00289],[86.56624,21.00365]]]}},{"type":"Feature","properties":{"LCODE":"050270017001700027","LOCATION":"THAILA","V_TYPE":"VILLAGE","BLOCK":"BHANDARIPOKHARI","DISTRICT":"BHADRAK"},"geometry":{"type":"Polygon","coordinates":[[[86.32453,20.99302],[86.32494,20.99515],[86.32732,20.99928],[86.33199,21.0034],[86.33289,21.00454],[86.33323,21.00569],[86.33389,21.0066],[86.33482,21.00716],[86.33781,21.0062],[86.34782,21.00132],[86.34563,20.99816],[86.34212,20.99416],[86.34135,20.98943],[86.34011,20.98902],[86.33943,20.98836],[86.33914,20.9873],[86.33794,20.98573],[86.33541,20.98522],[86.33388,20.98628],[86.33179,20.9869],[86.3302,20.98811],[86.32976,20.98913],[86.33078,20.99031],[86.33237,20.9914],[86.33258,20.99231],[86.3322,20.99302],[86.33032,20.99302],[86.32799,20.99173],[86.32633,20.99118],[86.32577,20.99128],[86.32497,20.99193],[86.32453,20.99302]]]}},{"type":"Feature","properties":{"LCODE":"050270017001700037","LOCATION":"JURAGADIA","V_TYPE":"VILLAGE","BLOCK":"BHANDARIPOKHARI","DISTRICT":"BHADRAK"},"geometry":{"type":"Polygon","coordinates":[[[86.37494,20.9946],[86.37538,20.99551],[86.37701,20.99552],[86.37752,20.99588],[86.37881,20.99744],[86.37992,20.99979],[86.38017,21.00434],[86.38113,21.00651],[86.38271,21.00593],[86.38455,21.00478],[86.38416,21.00241],[86.38406,20.99932],[86.38734,20.99464],[86.38772,20.99202],[86.38716,20.99043],[86.38666,20.98992],[86.38486,20.98984],[86.38337,20.98944],[86.38312,20.98929],[86.38319,20.98883],[86.37998,20.99041],[86.378,20.99371],[86.37539,20.99367],[86.37494,20.9946]]]}},{"type":"Feature","properties":{"LCODE":"050270017001700025","LOCATION":"AGEIBEHERA","V_TYPE":"VILLAGE","BLOCK":"BHANDARIPOKHARI","DISTRICT":"BHADRAK"},"geometry":{"type":"Polygon","coordinates":[[[86.30701,21.00105],[86.30839,21.00258],[86.30898,21.00464],[86.30939,21.00518],[86.31045,21.00571],[86.31126,21.00563],[86.31387,21.00645],[86.31593,21.00645],[86.31821,21.00591],[86.32133,21.00424],[86.32113,21.00344],[86.32031,21.00238],[86.31801,21.00017],[86.3181,20.99829],[86.31757,20.99453],[86.31697,20.99363],[86.31551,20.994],[86.31159,20.99576],[86.31113,20.99632],[86.31088,20.99848],[86.30743,20.99977],[86.30701,21.00105]]]}},{"type":"Feature","properties":{"LCODE":"050201014001400025","LOCATION":"JAFARABAD","V_TYPE":"VILLAGE","BLOCK":"TIHIDI","DISTRICT":"BHADRAK"},"geometry":{"type":"Polygon","coordinates":[[[86.71743,20.99824],[86.71829,20.99851],[86.71968,21.00002],[86.72245,21.00208],[86.72453,21.00502],[86.72575,21.0058],[86.72826,21.00629],[86.7286,21.00561],[86.72967,21.00463],[86.73296,21.00222],[86.73461,21.00165],[86.73346,20.99883],[86.73338,20.99761],[86.73403,20.99723],[86.73689,20.99715],[86.73713,20.99669],[86.73705,20.996],[86.73665,20.99554],[86.73502,20.99546],[86.73315,20.99339],[86.73056,20.98688],[86.73008,20.98488],[86.73019,20.98438],[86.72869,20.98404],[86.72707,20.98434],[86.72665,20.9848],[86.7237,20.98994],[86.72305,20.99154],[86.72247,20.99223],[86.72101,20.99262],[86.7206,20.993],[86.71993,20.99591],[86.71855,20.99622],[86.71743,20.99824]]]}},{"type":"Feature","properties":{"LCODE":"050220013001300047","LOCATION":"RAMABINDHA","V_TYPE":"VILLAGE","BLOCK":"BASUDEVPUR","DISTRICT":"BHADRAK"},"geometry":{"type":"Polygon","coordinates":[[[86.77449,20.99626],[86.77633,20.99942],[86.77717,21.00339],[86.77776,21.00474],[86.77841,21.00572],[86.77917,21.00606],[86.77969,21.00585],[86.77994,21.00528],[86.77876,20.99887],[86.78075,20.99711],[86.78347,20.99607],[86.78484,20.99632],[86.78596,20.99703],[86.78756,20.99897],[86.78845,20.99891],[86.79088,20.99788],[86.7906,20.99686],[86.78973,20.99608],[86.78901,20.99485],[86.7896,20.99382],[86.7884,20.99217],[86.78809,20.99111],[86.78723,20.99152],[86.78622,20.99294],[86.78521,20.99286],[86.78329,20.99159],[86.78089,20.9932],[86.77909,20.99371],[86.77777,20.99485],[86.77663,20.99537],[86.77525,20.99536],[86.77449,20.99626]]]}},{"type":"Feature","properties":{"LCODE":"050190011001100173","LOCATION":"BISHNUPURBINDHA","V_TYPE":"VILLAGE","BLOCK":"BHADRAK","DISTRICT":"BHADRAK"},"geometry":{"type":"Polygon","coordinates":[[[86.52629,20.99962],[86.52734,21.00205],[86.52848,21.00146],[86.52881,21.00162],[86.52847,21.00291],[86.52699,21.00412],[86.52722,21.00474],[86.52865,21.00577],[86.52893,21.00484],[86.52934,21.00454],[86.53545,21.00408],[86.53677,21.0031],[86.53784,21.00174],[86.54156,20.99824],[86.5376,20.99612],[86.53287,20.9945],[86.53401,20.99565],[86.53426,20.99642],[86.53425,20.99696],[86.53376,20.99757],[86.53335,20.99788],[86.53172,20.99803],[86.52813,20.99788],[86.52691,20.99833],[86.52629,20.99962]]]}},{"type":"Feature","properties":{"LCODE":"050201014001400042","LOCATION":"MIRJAPUR","V_TYPE":"VILLAGE","BLOCK":"TIHIDI","DISTRICT":"BHADRAK"},"geometry":{"type":"Polygon","coordinates":[[[86.63124,21.00324],[86.63155,21.00407],[86.63125,21.00541],[86.63177,21.00553],[86.64074,21.00496],[86.64147,21.00474],[86.64288,21.00361],[86.64487,21.00106],[86.64663,21.0005],[86.64978,21.0003],[86.64974,20.9996],[86.65031,20.99868],[86.65137,20.99776],[86.6526,20.99729],[86.64838,20.99185],[86.63956,20.98213],[86.63953,20.98394],[86.63415,20.98524],[86.63382,20.9857],[86.63291,20.98869],[86.63248,20.99421],[86.63329,20.99744],[86.6335,21.00005],[86.63288,21.00179],[86.63124,21.00324]]]}},{"type":"Feature","properties":{"LCODE":"050220013001300055","LOCATION":"SANAHABELISAHI","V_TYPE":"VILLAGE","BLOCK":"BASUDEVPUR","DISTRICT":"BHADRAK"},"geometry":{"type":"Polygon","coordinates":[[[86.84955,20.99905],[86.84992,21.00015],[86.8562,21.00031],[86.86411,21.00329],[86.87211,21.00558],[86.87447,21.00302],[86.86729,21.00038],[86.86565,20.99927],[86.86395,20.99885],[86.85733,20.9947],[86.85146,20.99265],[86.84955,20.99905]]]}},{"type":"Feature","properties":{"LCODE":"050220013001300046","LOCATION":"RAIPUR","V_TYPE":"VILLAGE","BLOCK":"BASUDEVPUR","DISTRICT":"BHADRAK"},"geometry":{"type":"Polygon","coordinates":[[[86.78476,20.9992],[86.78513,21.0027],[86.78597,21.00555],[86.78988,21.00541],[86.79106,21.00502],[86.79095,21.00329],[86.78777,20.99999],[86.78756,20.99897],[86.78596,20.99703],[86.78499,20.99642],[86.78476,20.9992]]]}},{"type":"Feature","properties":{"LCODE":"050220013001300048","LOCATION":"MACHHUAGHAIBADA","V_TYPE":"VILLAGE","BLOCK":"BASUDEVPUR","DISTRICT":"BHADRAK"},"geometry":{"type":"Polygon","coordinates":[[[86.78756,20.99897],[86.78777,20.99999],[86.79095,21.00329],[86.79103,21.00467],[86.79136,21.00505],[86.79299,21.00505],[86.79397,21.00474],[86.7943,21.00436],[86.7947,21.00222],[86.79649,21.00268],[86.7978,21.00199],[86.79996,21.00194],[86.79887,21.00008],[86.79905,20.99821],[86.79958,20.99655],[86.79851,20.99674],[86.79694,20.99756],[86.79409,20.99806],[86.79088,20.99788],[86.78845,20.99891],[86.78756,20.99897]]]}},{"type":"Feature","properties":{"LCODE":"050260017001700007","LOCATION":"JALAMANDUA","V_TYPE":"VILLAGE","BLOCK":"BHANDARIPOKHARI","DISTRICT":"BHADRAK"},"geometry":{"type":"Polygon","coordinates":[[[86.43816,20.98998],[86.43857,20.99044],[86.43913,20.99218],[86.43964,20.9927],[86.4424,20.9942],[86.44297,20.99616],[86.44544,20.99676],[86.44481,20.99916],[86.44588,21.00092],[86.44702,21.0016],[86.44763,21.00325],[86.45162,21.00264],[86.45689,21.00108],[86.45479,20.99998],[86.45367,20.99857],[86.45397,20.99787],[86.45306,20.99737],[86.45295,20.99676],[86.45318,20.99652],[86.45586,20.99634],[86.45622,20.99502],[86.45747,20.99581],[86.45815,20.99425],[86.45877,20.99354],[86.46,20.99372],[86.46076,20.99438],[86.46231,20.99431],[86.46431,20.99332],[86.46609,20.99317],[86.46749,20.99342],[86.4691,20.99289],[86.46968,20.99302],[86.47095,20.99412],[86.47139,20.99479],[86.47197,20.99699],[86.47099,20.99695],[86.47113,20.99848],[86.47091,20.99903],[86.47027,20.99928],[86.46863,20.99912],[86.46783,21.00002],[86.46775,21.00052],[86.46654,21.00144],[86.46603,21.00235],[86.47046,21.00265],[86.47161,21.00318],[86.47243,21.00425],[86.47325,21.00432],[86.47392,21.00504],[86.4744,21.0047],[86.47708,21.00407],[86.47724,21.00315],[86.47765,21.00315],[86.47929,21.00414],[86.48019,21.00414],[86.48075,21.00306],[86.48181,21.00268],[86.48189,21.00206],[86.47993,21.00138],[86.47968,21.00085],[86.47962,20.9999],[86.48097,20.99962],[86.48189,20.99812],[86.47968,20.99392],[86.47803,20.98978],[86.47725,20.98675],[86.47725,20.98573],[86.47276,20.98677],[86.46915,20.98814],[86.46479,20.98924],[86.46329,20.98838],[86.46188,20.98591],[86.46113,20.98532],[86.45934,20.98945],[86.45792,20.99089],[86.45712,20.991],[86.4557,20.98837],[86.45592,20.98551],[86.45514,20.98487],[86.45419,20.98338],[86.45374,20.9811],[86.44887,20.98106],[86.4483,20.98124],[86.44807,20.98163],[86.44766,20.98356],[86.44605,20.98401],[86.44472,20.9833],[86.44377,20.9841],[86.44317,20.98543],[86.44289,20.98553],[86.44322,20.98658],[86.44263,20.98798],[86.44047,20.98914],[86.43819,20.98969],[86.43816,20.98998]]]}},{"type":"Feature","properties":{"LCODE":"050270017001700038","LOCATION":"NAGUAN","V_TYPE":"VILLAGE","BLOCK":"BHANDARIPOKHARI","DISTRICT":"BHADRAK"},"geometry":{"type":"Polygon","coordinates":[[[86.38312,20.98929],[86.38412,20.98971],[86.38666,20.98992],[86.3876,20.99118],[86.38772,20.99202],[86.38712,20.99519],[86.38525,20.99733],[86.38406,20.99932],[86.38416,21.00241],[86.38455,21.00478],[86.38645,21.00362],[86.38751,21.00354],[86.39642,21.00496],[86.39846,21.00464],[86.4005,21.00394],[86.40173,21.00401],[86.40302,21.00317],[86.40425,21.00332],[86.40466,21.00278],[86.4048,21.00088],[86.40549,20.99936],[86.40422,20.99833],[86.40428,20.99795],[86.40469,20.99785],[86.40467,20.99747],[86.40351,20.99706],[86.40607,20.99581],[86.40683,20.9944],[86.40803,20.99381],[86.40852,20.99263],[86.40528,20.99055],[86.40353,20.99139],[86.4016,20.99016],[86.40076,20.98759],[86.39825,20.98608],[86.3969,20.98307],[86.39507,20.98046],[86.3952,20.9799],[86.39245,20.97903],[86.38551,20.98575],[86.38374,20.9868],[86.38322,20.98783],[86.38312,20.98929]]]}},{"type":"Feature","properties":{"LCODE":"050190011001100165","LOCATION":"UKURA","V_TYPE":"VILLAGE","BLOCK":"BHADRAK","DISTRICT":"BHADRAK"},"geometry":{"type":"Polygon","coordinates":[[[86.51326,20.99033],[86.51333,20.99179],[86.51446,20.99425],[86.5173,20.99733],[86.51844,20.99918],[86.51979,21.00456],[86.52081,21.00335],[86.52146,21.00305],[86.52139,20.99992],[86.5225,20.99918],[86.52348,20.99918],[86.52459,21.00033],[86.52663,21.00067],[86.52629,20.99962],[86.52691,20.99833],[86.52813,20.99788],[86.53335,20.99788],[86.53425,20.99696],[86.53401,20.99565],[86.53287,20.9945],[86.52832,20.99281],[86.52686,20.99273],[86.52491,20.99142],[86.52418,20.98996],[86.52339,20.98565],[86.52364,20.98304],[86.5235,20.98018],[86.52113,20.98066],[86.51656,20.98096],[86.51401,20.98243],[86.5154,20.9858],[86.51524,20.98672],[86.51351,20.98879],[86.51326,20.99033]]]}},{"type":"Feature","properties":{"LCODE":"050201014001400049","LOCATION":"GOPA","V_TYPE":"VILLAGE","BLOCK":"TIHIDI","DISTRICT":"BHADRAK"},"geometry":{"type":"Polygon","coordinates":[[[86.60184,20.99342],[86.602,20.99403],[86.60322,20.99526],[86.60492,20.99634],[86.60647,20.9968],[86.60663,20.99772],[86.60622,20.9981],[86.60518,20.99805],[86.60564,20.99902],[86.60805,21.00153],[86.6085,21.00311],[86.61209,21.00343],[86.61371,21.00437],[86.6142,21.00437],[86.6164,21.00387],[86.61747,21.00296],[86.61812,21.0032],[86.61902,21.00306],[86.62025,21.00163],[86.61714,20.99834],[86.61113,20.9935],[86.61018,20.99128],[86.60926,20.99166],[86.60803,20.99388],[86.60722,20.99457],[86.6038,20.99257],[86.60241,20.99273],[86.60192,20.99303],[86.60184,20.99342]]]}},{"type":"Feature","properties":{"LCODE":"050190011001100161","LOCATION":"TANKUNI","V_TYPE":"VILLAGE","BLOCK":"BHADRAK","DISTRICT":"BHADRAK"},"geometry":{"type":"Polygon","coordinates":[[[86.47962,20.9999],[86.47993,21.00138],[86.48189,21.00206],[86.48525,21.00396],[86.48884,21.00402],[86.48958,21.00386],[86.49052,21.00297],[86.48989,21.00174],[86.48974,20.99967],[86.48917,20.99885],[86.4892,20.99737],[86.48862,20.99717],[86.48357,20.99729],[86.48183,20.99785],[86.48097,20.99962],[86.47962,20.9999]]]}},{"type":"Feature","properties":{"LCODE":"050220013001300025","LOCATION":"CHARIBATIA","V_TYPE":"VILLAGE","BLOCK":"BASUDEVPUR","DISTRICT":"BHADRAK"},"geometry":{"type":"Polygon","coordinates":[[[86.75256,20.99924],[86.75484,20.99988],[86.75628,21.00138],[86.75816,21.00237],[86.76036,21.00407],[86.76052,21.00298],[86.76109,21.00237],[86.76257,21.00138],[86.76509,21.00099],[86.76662,20.99976],[86.76663,20.99877],[86.76581,20.99469],[86.76501,20.99368],[86.76372,20.99297],[86.7616,20.99263],[86.76035,20.99273],[86.76044,20.99423],[86.75993,20.99545],[86.75894,20.9962],[86.75256,20.99924]]]}},{"type":"Feature","properties":{"LCODE":"050190011001100177","LOCATION":"PANIBHANDAR","V_TYPE":"VILLAGE","BLOCK":"BHADRAK","DISTRICT":"BHADRAK"},"geometry":{"type":"Polygon","coordinates":[[[86.55016,20.99344],[86.55048,20.9949],[86.55161,20.99636],[86.55177,20.99782],[86.55267,20.99867],[86.55478,20.99986],[86.55511,20.9989],[86.55641,20.99875],[86.55854,20.99986],[86.55944,21.00003],[86.56629,21.00404],[86.56625,21.00289],[86.56741,21.00137],[86.57206,20.99876],[86.57223,20.99807],[86.57207,20.99715],[86.57069,20.99561],[86.56915,20.99484],[86.56679,20.99446],[86.56581,20.99392],[86.56492,20.99238],[86.56119,20.98877],[86.55972,20.98884],[86.55727,20.99076],[86.55563,20.99137],[86.5536,20.9916],[86.55025,20.99141],[86.55016,20.99344]]]}},{"type":"Feature","properties":{"LCODE":"050260017001700005","LOCATION":"JAGANNATHPUR","V_TYPE":"VILLAGE","BLOCK":"BHANDARIPOKHARI","DISTRICT":"BHADRAK"},"geometry":{"type":"Polygon","coordinates":[[[86.45295,20.99676],[86.45306,20.99737],[86.45397,20.99787],[86.45367,20.99857],[86.45385,20.99887],[86.45518,21.00035],[86.45722,21.00118],[86.45918,21.00094],[86.45988,21.00178],[86.46516,21.00344],[86.46499,21.00244],[86.46603,21.00235],[86.46654,21.00144],[86.46775,21.00052],[86.46783,21.00002],[86.46863,20.99912],[86.47027,20.99928],[86.47091,20.99903],[86.47113,20.99848],[86.47099,20.99695],[86.47197,20.99699],[86.47139,20.99479],[86.47095,20.99412],[86.46968,20.99302],[86.4691,20.99289],[86.46749,20.99342],[86.46609,20.99317],[86.46431,20.99332],[86.46231,20.99431],[86.46076,20.99438],[86.46,20.99372],[86.45877,20.99354],[86.45815,20.99425],[86.45747,20.99581],[86.45622,20.99502],[86.45586,20.99634],[86.45318,20.99652],[86.45295,20.99676]]]}},{"type":"Feature","properties":{"LCODE":"050201014001400028","LOCATION":"KABIRPUR","V_TYPE":"VILLAGE","BLOCK":"TIHIDI","DISTRICT":"BHADRAK"},"geometry":{"type":"Polygon","coordinates":[[[86.73008,20.98488],[86.73056,20.98688],[86.73315,20.99339],[86.73502,20.99546],[86.73665,20.99554],[86.73705,20.996],[86.73689,20.99715],[86.73403,20.99723],[86.73338,20.99761],[86.73346,20.99883],[86.73467,21.00178],[86.73613,21.00234],[86.73727,21.00243],[86.73872,21.00314],[86.74043,21.00324],[86.74273,21.0022],[86.74657,21.00102],[86.74949,21.00088],[86.75033,21.00181],[86.75063,21.00024],[86.75256,20.99924],[86.75,20.99593],[86.74944,20.99479],[86.74473,20.99088],[86.74189,20.98605],[86.74141,20.98459],[86.74143,20.98366],[86.73758,20.98298],[86.73636,20.98328],[86.73472,20.98497],[86.73325,20.98489],[86.7313,20.98381],[86.73024,20.9842],[86.73008,20.98488]]]}},{"type":"Feature","properties":{"LCODE":"050201014001400071","LOCATION":"BHATAPADA","V_TYPE":"VILLAGE","BLOCK":"TIHIDI","DISTRICT":"BHADRAK"},"geometry":{"type":"Polygon","coordinates":[[[86.61861,20.98743],[86.61954,20.98898],[86.61995,20.98921],[86.62125,20.98922],[86.62273,20.9886],[86.62329,20.98914],[86.62392,20.99658],[86.62366,20.99812],[86.62211,21.00073],[86.62543,21.00028],[86.6281,21.00028],[86.63124,21.00324],[86.63222,21.00247],[86.63288,21.00179],[86.6335,21.00005],[86.63329,20.99744],[86.63248,20.99421],[86.63291,20.98869],[86.63382,20.9857],[86.63415,20.98524],[86.63953,20.98394],[86.63962,20.98371],[86.63956,20.98213],[86.63832,20.98102],[86.63718,20.98102],[86.63654,20.97926],[86.63679,20.97857],[86.64151,20.97842],[86.64241,20.97796],[86.64325,20.97699],[86.64275,20.97573],[86.64187,20.97006],[86.64294,20.96829],[86.64384,20.96818],[86.64353,20.963],[86.64329,20.96262],[86.64288,20.96254],[86.64043,20.96361],[86.63628,20.96422],[86.63423,20.96544],[86.63194,20.96636],[86.62859,20.96935],[86.62655,20.97042],[86.62622,20.97103],[86.62638,20.9718],[86.62727,20.97372],[86.62767,20.97556],[86.62701,20.97817],[86.62731,20.98247],[86.62724,20.98301],[86.62681,20.98326],[86.62763,20.98492],[86.62757,20.98711],[86.62379,20.98761],[86.62144,20.9853],[86.62046,20.98492],[86.61948,20.9866],[86.61861,20.98743]]]}},{"type":"Feature","properties":{"LCODE":"050201014001400053","LOCATION":"DUTEIBINDHA","V_TYPE":"VILLAGE","BLOCK":"TIHIDI","DISTRICT":"BHADRAK"},"geometry":{"type":"Polygon","coordinates":[[[86.57687,20.99815],[86.57726,21.00255],[86.57887,21.00321],[86.58009,21.00292],[86.58036,21.00101],[86.58102,21.00048],[86.58201,20.99831],[86.58258,20.99808],[86.58324,20.99816],[86.58567,21.00004],[86.58755,21.00097],[86.5881,21.00042],[86.58892,21.00028],[86.58995,21.00259],[86.59101,21.00276],[86.59331,21.00232],[86.59282,21.00133],[86.59291,21.00072],[86.59323,21.00004],[86.59497,20.99847],[86.59457,20.9974],[86.59254,20.99448],[86.59124,20.99348],[86.58717,20.99394],[86.58578,20.99501],[86.58512,20.99516],[86.58406,20.99493],[86.58302,20.99301],[86.58163,20.9934],[86.58146,20.99378],[86.58089,20.99393],[86.57918,20.99355],[86.57803,20.99539],[86.57729,20.99576],[86.57761,20.99662],[86.57687,20.99815]]]}},{"type":"Feature","properties":{"LCODE":"050220013001300056","LOCATION":"BADAHABELISAHI","V_TYPE":"VILLAGE","BLOCK":"BASUDEVPUR","DISTRICT":"BHADRAK"},"geometry":{"type":"Polygon","coordinates":[[[86.84775,20.98804],[86.84852,20.99081],[86.85094,20.99246],[86.85733,20.9947],[86.86395,20.99885],[86.86565,20.99927],[86.86656,21.00004],[86.86819,21.00076],[86.87447,21.00302],[86.87529,21.00191],[86.87676,21.00072],[86.8776,20.99887],[86.8797,20.99623],[86.88105,20.9937],[86.8774,20.99289],[86.87578,20.99218],[86.86694,20.98953],[86.8634,20.98718],[86.85903,20.98528],[86.85732,20.98525],[86.85575,20.98654],[86.85461,20.98652],[86.85421,20.98629],[86.85413,20.98575],[86.85523,20.98322],[86.85081,20.98317],[86.84811,20.98559],[86.84778,20.98628],[86.84775,20.98804]]]}},{"type":"Feature","properties":{"LCODE":"050270017001700023","LOCATION":"DEOPADA","V_TYPE":"VILLAGE","BLOCK":"BHANDARIPOKHARI","DISTRICT":"BHADRAK"},"geometry":{"type":"Polygon","coordinates":[[[86.29944,20.99794],[86.30039,20.99994],[86.30363,21.00297],[86.30577,21.00167],[86.30743,21.00151],[86.30535,20.99974],[86.30483,20.99803],[86.3036,20.99585],[86.30372,20.99485],[86.30444,20.99436],[86.30733,20.99356],[86.31197,20.99314],[86.31583,20.99168],[86.31682,20.99195],[86.317,20.99248],[86.31697,20.99363],[86.31757,20.99453],[86.3181,20.99829],[86.32086,20.99501],[86.32231,20.99457],[86.32478,20.99437],[86.32453,20.99302],[86.32497,20.99193],[86.32424,20.98996],[86.32378,20.98668],[86.32383,20.98459],[86.3218,20.98408],[86.31914,20.98288],[86.31802,20.98354],[86.31729,20.98357],[86.31654,20.98321],[86.31566,20.98164],[86.31507,20.9812],[86.31206,20.98132],[86.3101,20.97975],[86.31,20.98087],[86.30978,20.98141],[86.30937,20.98158],[86.30627,20.97956],[86.30407,20.98024],[86.3035,20.98358],[86.29944,20.99794]]]}},{"type":"Feature","properties":{"LCODE":"050220013001300053","LOCATION":"BRAJANANDAPUR","V_TYPE":"VILLAGE","BLOCK":"BASUDEVPUR","DISTRICT":"BHADRAK"},"geometry":{"type":"Polygon","coordinates":[[[86.81968,20.9968],[86.81975,20.9975],[86.82137,21.00053],[86.82137,21.00099],[86.82235,21.00214],[86.82301,21.00245],[86.82513,21.0026],[86.82822,21.00161],[86.83744,21.00092],[86.83855,21.00027],[86.83845,20.99943],[86.8412,20.99501],[86.84164,20.99333],[86.84158,20.99226],[86.83882,20.99107],[86.83493,20.9904],[86.8333,20.99046],[86.8297,20.99141],[86.8244,20.99149],[86.82375,20.99209],[86.82088,20.9929],[86.82054,20.99381],[86.82076,20.99535],[86.82059,20.99596],[86.81968,20.9968]]]}},{"type":"Feature","properties":{"LCODE":"050201014001400052","LOCATION":"AGIRIA","V_TYPE":"VILLAGE","BLOCK":"TIHIDI","DISTRICT":"BHADRAK"},"geometry":{"type":"Polygon","coordinates":[[[86.59282,21.00133],[86.59331,21.00232],[86.599,21.00195],[86.60048,21.00231],[86.60178,21.00122],[86.60173,20.99948],[86.60239,20.99871],[86.60051,20.99833],[86.59766,20.99702],[86.59693,20.9971],[86.59563,20.99771],[86.59423,20.99901],[86.59323,21.00004],[86.59282,21.00133]]]}},{"type":"Feature","properties":{"LCODE":"050220013001300050","LOCATION":"JAMADEIPUR","V_TYPE":"VILLAGE","BLOCK":"BASUDEVPUR","DISTRICT":"BHADRAK"},"geometry":{"type":"Polygon","coordinates":[[[86.79887,21.00008],[86.79996,21.00194],[86.80383,21.0013],[86.80594,21.00063],[86.80523,20.99898],[86.80532,20.99829],[86.8075,20.99479],[86.8081,20.99272],[86.80804,20.99165],[86.80688,20.99014],[86.80567,20.98993],[86.80413,20.99121],[86.80089,20.9957],[86.79958,20.99655],[86.79905,20.99821],[86.79887,21.00008]]]}},{"type":"Feature","properties":{"LCODE":"050201014001400046","LOCATION":"BODHAPUR","V_TYPE":"VILLAGE","BLOCK":"TIHIDI","DISTRICT":"BHADRAK"},"geometry":{"type":"Polygon","coordinates":[[[86.61018,20.99128],[86.61113,20.9935],[86.61714,20.99834],[86.62025,21.00163],[86.62159,21.0008],[86.62141,21.00005],[86.61959,20.99812],[86.61626,20.99335],[86.61536,20.9916],[86.61018,20.99128]]]}},{"type":"Feature","properties":{"LCODE":"050270017001700024","LOCATION":"MANDARGARIA","V_TYPE":"VILLAGE","BLOCK":"BHANDARIPOKHARI","DISTRICT":"BHADRAK"},"geometry":{"type":"Polygon","coordinates":[[[86.30357,20.99532],[86.30378,20.99638],[86.30483,20.99803],[86.30535,20.99974],[86.30701,21.00105],[86.30743,20.99977],[86.31088,20.99848],[86.31113,20.99632],[86.31159,20.99576],[86.31551,20.994],[86.31697,20.99363],[86.317,20.99248],[86.31682,20.99195],[86.31583,20.99168],[86.31197,20.99314],[86.30733,20.99356],[86.30444,20.99436],[86.30372,20.99485],[86.30357,20.99532]]]}},{"type":"Feature","properties":{"LCODE":"050220013001300054","LOCATION":"DHIPEIORA","V_TYPE":"VILLAGE","BLOCK":"BASUDEVPUR","DISTRICT":"BHADRAK"},"geometry":{"type":"Polygon","coordinates":[[[86.83841,20.9998],[86.83848,21.00038],[86.84176,21.00092],[86.84633,21.00099],[86.84935,21.00069],[86.84992,21.00015],[86.84955,20.99905],[86.85078,20.99467],[86.84774,20.99364],[86.84263,20.99273],[86.84153,20.99206],[86.84164,20.99333],[86.8412,20.99501],[86.83841,20.9998]]]}},{"type":"Feature","properties":{"LCODE":"050201014001400045","LOCATION":"KANCHANPUR","V_TYPE":"VILLAGE","BLOCK":"TIHIDI","DISTRICT":"BHADRAK"},"geometry":{"type":"Polygon","coordinates":[[[86.6153,20.99143],[86.61626,20.99335],[86.61959,20.99812],[86.62141,21.00005],[86.62159,21.0008],[86.62211,21.00073],[86.62366,20.99812],[86.62392,20.99658],[86.62321,20.98891],[86.62273,20.9886],[86.62125,20.98922],[86.61995,20.98921],[86.61954,20.98898],[86.61861,20.98743],[86.61645,20.9889],[86.6153,20.99143]]]}},{"type":"Feature","properties":{"LCODE":"050190012001200156","LOCATION":"GAJENDRAPUR","V_TYPE":"VILLAGE","BLOCK":"BONTH","DISTRICT":"BHADRAK"},"geometry":{"type":"Polygon","coordinates":[[[86.41068,20.99165],[86.41186,20.99366],[86.41693,21.00017],[86.41756,20.99918],[86.41982,20.9987],[86.4203,20.99838],[86.42097,20.99695],[86.41853,20.995],[86.41639,20.99279],[86.41389,20.98952],[86.41331,20.98923],[86.41309,20.98985],[86.4118,20.99036],[86.41068,20.99165]]]}},{"type":"Feature","properties":{"LCODE":"050270017001700035","LOCATION":"NUNAPADI","V_TYPE":"VILLAGE","BLOCK":"BHANDARIPOKHARI","DISTRICT":"BHADRAK"},"geometry":{"type":"Polygon","coordinates":[[[86.36039,20.99204],[86.36098,20.99455],[86.36086,20.99762],[86.36137,20.99977],[86.36176,20.99987],[86.3649,20.99846],[86.36662,20.99877],[86.36862,20.99785],[86.36794,20.99718],[86.36793,20.99673],[86.36908,20.99499],[86.36906,20.99438],[86.36645,20.98666],[86.3623,20.98713],[86.36159,20.98755],[86.36122,20.99048],[86.36039,20.99204]]]}},{"type":"Feature","properties":{"LCODE":"050220013001300064","LOCATION":"KALIDASPUR","V_TYPE":"VILLAGE","BLOCK":"BASUDEVPUR","DISTRICT":"BHADRAK"},"geometry":{"type":"Polygon","coordinates":[[[86.75581,20.98825],[86.75669,20.98934],[86.75991,20.99161],[86.76035,20.99273],[86.7616,20.99263],[86.76372,20.99297],[86.76501,20.99368],[86.76581,20.99469],[86.76662,20.99976],[86.76859,20.99856],[86.77286,20.99678],[86.77449,20.99641],[86.77558,20.99443],[86.77579,20.99144],[86.77647,20.98999],[86.77788,20.98855],[86.78257,20.98516],[86.78292,20.98394],[86.78172,20.98277],[86.77613,20.98085],[86.77413,20.97895],[86.77306,20.97974],[86.77142,20.98025],[86.76979,20.98031],[86.76752,20.97951],[86.76646,20.97949],[86.76524,20.97978],[86.75658,20.98604],[86.75581,20.98825]]]}},{"type":"Feature","properties":{"LCODE":"050201014001400029","LOCATION":"HARIPUR","V_TYPE":"VILLAGE","BLOCK":"TIHIDI","DISTRICT":"BHADRAK"},"geometry":{"type":"Polygon","coordinates":[[[86.74133,20.98382],[86.74189,20.98605],[86.74473,20.99088],[86.74944,20.99479],[86.75,20.99593],[86.75256,20.99924],[86.75894,20.9962],[86.75993,20.99545],[86.76044,20.99423],[86.76046,20.993],[86.75991,20.99161],[86.75669,20.98934],[86.75581,20.98825],[86.75658,20.98604],[86.75751,20.98538],[86.75203,20.98083],[86.75161,20.98083],[86.74999,20.98222],[86.7463,20.98368],[86.74287,20.98321],[86.74157,20.98344],[86.74133,20.98382]]]}},{"type":"Feature","properties":{"LCODE":"050201014001400065","LOCATION":"TALAPADA","V_TYPE":"VILLAGE","BLOCK":"TIHIDI","DISTRICT":"BHADRAK"},"geometry":{"type":"Polygon","coordinates":[[[86.5923,20.99425],[86.59457,20.9974],[86.59493,20.99831],[86.5962,20.9974],[86.59766,20.99702],[86.60051,20.99833],[86.60239,20.99871],[86.6032,20.99795],[86.60622,20.9981],[86.60663,20.99772],[86.60647,20.9968],[86.60492,20.99634],[86.60249,20.99464],[86.602,20.99403],[86.60189,20.99316],[86.59931,20.99334],[86.59842,20.9931],[86.59777,20.99218],[86.59785,20.99172],[86.5994,20.99057],[86.6034,20.99058],[86.60457,20.99018],[86.60316,20.98812],[86.60309,20.98758],[86.6039,20.98697],[86.6061,20.98713],[86.60725,20.98651],[86.6075,20.9859],[86.6076,20.98229],[86.60574,20.97815],[86.60509,20.97791],[86.60435,20.97807],[86.6028,20.97914],[86.60052,20.97968],[86.59953,20.98037],[86.59922,20.98076],[86.59994,20.98144],[86.6022,20.98551],[86.60187,20.98728],[86.59827,20.98942],[86.59663,20.99241],[86.59524,20.99272],[86.5923,20.99425]]]}},{"type":"Feature","properties":{"LCODE":"050201014001400034","LOCATION":"KASHIPUR","V_TYPE":"VILLAGE","BLOCK":"TIHIDI","DISTRICT":"BHADRAK"},"geometry":{"type":"Polygon","coordinates":[[[86.71465,20.99085],[86.7157,20.99807],[86.71743,20.99824],[86.71855,20.99622],[86.71993,20.99591],[86.7206,20.993],[86.72101,20.99262],[86.72247,20.99223],[86.72305,20.99154],[86.7237,20.98994],[86.72665,20.9848],[86.72748,20.98426],[86.72699,20.98281],[86.72528,20.98174],[86.72275,20.98219],[86.72177,20.98173],[86.72064,20.97997],[86.7195,20.98004],[86.71794,20.98158],[86.71655,20.98426],[86.71532,20.98502],[86.71491,20.98563],[86.71465,20.99085]]]}},{"type":"Feature","properties":{"LCODE":"050220013001300049","LOCATION":"GOPALPUR","V_TYPE":"VILLAGE","BLOCK":"BASUDEVPUR","DISTRICT":"BHADRAK"},"geometry":{"type":"Polygon","coordinates":[[[86.78901,20.99485],[86.78973,20.99608],[86.7906,20.99686],[86.79088,20.99788],[86.79409,20.99806],[86.79694,20.99756],[86.80039,20.99615],[86.80413,20.99121],[86.80567,20.98993],[86.80084,20.9884],[86.79758,20.98859],[86.79446,20.98993],[86.79175,20.99189],[86.78925,20.99413],[86.78901,20.99485]]]}},{"type":"Feature","properties":{"LCODE":"050270017001700019","LOCATION":"BANDALO","V_TYPE":"VILLAGE","BLOCK":"BHANDARIPOKHARI","DISTRICT":"BHADRAK"},"geometry":{"type":"Polygon","coordinates":[[[86.28654,20.98204],[86.28655,20.98332],[86.28715,20.98565],[86.29186,20.9842],[86.29294,20.9847],[86.29328,20.98698],[86.29431,20.98832],[86.29408,20.99071],[86.29639,20.99338],[86.29636,20.99446],[86.29549,20.99495],[86.29076,20.99514],[86.29099,20.99799],[86.29419,20.99776],[86.29945,20.99805],[86.3035,20.98358],[86.30412,20.98064],[86.30401,20.97996],[86.29933,20.98076],[86.29897,20.98261],[86.29806,20.98411],[86.29666,20.98393],[86.29616,20.98357],[86.2951,20.98154],[86.29427,20.98134],[86.28654,20.98204]]]}},{"type":"Feature","properties":{"LCODE":"050220013001300052","LOCATION":"MADHOI","V_TYPE":"VILLAGE","BLOCK":"BASUDEVPUR","DISTRICT":"BHADRAK"},"geometry":{"type":"Polygon","coordinates":[[[86.81014,20.9916],[86.81227,20.99639],[86.81307,20.9974],[86.81445,20.99788],[86.81926,20.99706],[86.81839,20.99586],[86.81709,20.9953],[86.81618,20.99168],[86.81561,20.99137],[86.81455,20.99135],[86.81333,20.99164],[86.81014,20.9916]]]}},{"type":"Feature","properties":{"LCODE":"050190011001100159","LOCATION":"BALABHADRAPUR","V_TYPE":"VILLAGE","BLOCK":"BHADRAK","DISTRICT":"BHADRAK"},"geometry":{"type":"Polygon","coordinates":[[[86.47722,20.98598],[86.47803,20.98978],[86.47968,20.99392],[86.48183,20.99785],[86.48357,20.99729],[86.48511,20.99715],[86.4892,20.99737],[86.4896,20.99693],[86.48947,20.99208],[86.49032,20.98906],[86.48981,20.98663],[86.49079,20.97885],[86.49033,20.97781],[86.48978,20.97805],[86.4874,20.97784],[86.48621,20.97674],[86.48531,20.97654],[86.48507,20.97678],[86.48518,20.97739],[86.48544,20.97776],[86.4866,20.97825],[86.48624,20.97926],[86.48692,20.97985],[86.48063,20.9837],[86.47935,20.98421],[86.47728,20.98552],[86.47722,20.98598]]]}},{"type":"Feature","properties":{"LCODE":"050270017001700036","LOCATION":"AREIKANA","V_TYPE":"VILLAGE","BLOCK":"BHANDARIPOKHARI","DISTRICT":"BHADRAK"},"geometry":{"type":"Polygon","coordinates":[[[86.36645,20.98666],[86.36906,20.99438],[86.36908,20.99499],[86.36793,20.99673],[86.36794,20.99718],[86.36862,20.99785],[86.37247,20.99616],[86.37538,20.99551],[86.37494,20.9946],[86.37539,20.99367],[86.378,20.99371],[86.37998,20.99041],[86.38319,20.98883],[86.38322,20.98783],[86.38374,20.9868],[86.38326,20.9866],[86.38238,20.98518],[86.38049,20.98472],[86.37904,20.9834],[86.3763,20.98168],[86.37474,20.98196],[86.37112,20.98326],[86.36848,20.98466],[86.36645,20.98666]]]}},{"type":"Feature","properties":{"LCODE":"050220013001300058","LOCATION":"MALIKADEIPUR","V_TYPE":"VILLAGE","BLOCK":"BASUDEVPUR","DISTRICT":"BHADRAK"},"geometry":{"type":"Polygon","coordinates":[[[86.80688,20.99014],[86.80804,20.99172],[86.81333,20.99164],[86.81455,20.99135],[86.81561,20.99137],[86.81618,20.99168],[86.81709,20.9953],[86.81839,20.99586],[86.81975,20.9975],[86.81968,20.9968],[86.82059,20.99596],[86.82076,20.99535],[86.82054,20.99381],[86.82088,20.9929],[86.82375,20.99209],[86.8244,20.99149],[86.8297,20.99141],[86.8333,20.99046],[86.83493,20.9904],[86.83882,20.99107],[86.84153,20.99206],[86.84067,20.98764],[86.83826,20.98523],[86.83827,20.98458],[86.83608,20.98458],[86.83389,20.98402],[86.83015,20.98358],[86.82795,20.98363],[86.82714,20.98346],[86.82391,20.98173],[86.82214,20.98152],[86.82065,20.98215],[86.81681,20.98256],[86.81624,20.98285],[86.81596,20.98454],[86.81391,20.98574],[86.81326,20.98589],[86.81148,20.98548],[86.81098,20.9857],[86.80688,20.99014]]]}},{"type":"Feature","properties":{"LCODE":"050201014001400041","LOCATION":"MANGARAJPUR","V_TYPE":"VILLAGE","BLOCK":"TIHIDI","DISTRICT":"BHADRAK"},"geometry":{"type":"Polygon","coordinates":[[[86.63654,20.97926],[86.63718,20.98102],[86.63776,20.98087],[86.63881,20.98133],[86.64838,20.99185],[86.6526,20.99729],[86.66109,20.99593],[86.66561,20.99397],[86.66469,20.99202],[86.6638,20.98872],[86.66299,20.9878],[86.66161,20.9878],[86.65817,20.9901],[86.65662,20.99048],[86.65524,20.99009],[86.65443,20.98948],[86.65248,20.98641],[86.65054,20.98434],[86.64647,20.9818],[86.64395,20.9808],[86.64306,20.97972],[86.64306,20.97865],[86.64374,20.97747],[86.64325,20.97699],[86.64241,20.97796],[86.64151,20.97842],[86.63728,20.97841],[86.63679,20.97857],[86.63654,20.97926]]]}},{"type":"Feature","properties":{"LCODE":"050190011001100164","LOCATION":"ANANTAPUR","V_TYPE":"VILLAGE","BLOCK":"BHADRAK","DISTRICT":"BHADRAK"},"geometry":{"type":"Polygon","coordinates":[[[86.50081,20.99471],[86.50115,20.99715],[86.50694,20.99347],[86.50838,20.99162],[86.51332,20.99156],[86.51351,20.98879],[86.51524,20.98672],[86.5154,20.9858],[86.51401,20.98243],[86.50832,20.98441],[86.50295,20.98708],[86.50379,20.99194],[86.50372,20.9937],[86.50081,20.99471]]]}},{"type":"Feature","properties":{"LCODE":"050260017001700015","LOCATION":"ANANTAPUR","V_TYPE":"VILLAGE","BLOCK":"BHANDARIPOKHARI","DISTRICT":"BHADRAK"},"geometry":{"type":"Polygon","coordinates":[[[86.41341,20.98928],[86.41389,20.98952],[86.41639,20.99279],[86.42047,20.99669],[86.42097,20.99695],[86.42189,20.99556],[86.42253,20.99522],[86.42313,20.99531],[86.42134,20.9926],[86.41582,20.98756],[86.41538,20.98815],[86.41353,20.98876],[86.41341,20.98928]]]}},{"type":"Feature","properties":{"LCODE":"050190011001100162","LOCATION":"CHUNIDA","V_TYPE":"VILLAGE","BLOCK":"BHADRAK","DISTRICT":"BHADRAK"},"geometry":{"type":"Polygon","coordinates":[[[86.48766,20.9763],[86.48786,20.97705],[86.49016,20.97745],[86.49079,20.97885],[86.48981,20.98663],[86.49032,20.98906],[86.48947,20.99208],[86.4896,20.99693],[86.49802,20.99564],[86.50372,20.9937],[86.50379,20.99194],[86.50237,20.98394],[86.50211,20.9791],[86.50053,20.97995],[86.49477,20.98022],[86.49117,20.97248],[86.49083,20.97196],[86.48975,20.97146],[86.4895,20.97155],[86.48944,20.97209],[86.49084,20.9741],[86.49094,20.97463],[86.49054,20.9748],[86.48961,20.97407],[86.48878,20.97395],[86.48855,20.97412],[86.48876,20.97533],[86.48766,20.9763]]]}},{"type":"Feature","properties":{"LCODE":"050201014001400064","LOCATION":"KUBERA","V_TYPE":"VILLAGE","BLOCK":"TIHIDI","DISTRICT":"BHADRAK"},"geometry":{"type":"Polygon","coordinates":[[[86.56888,20.98814],[86.56933,20.99054],[86.57006,20.99177],[86.57014,20.99527],[86.57172,20.99681],[86.57272,20.99677],[86.57485,20.99546],[86.57762,20.9957],[86.57918,20.99355],[86.58089,20.99393],[86.58146,20.99378],[86.58163,20.9934],[86.58302,20.99301],[86.58406,20.99493],[86.58447,20.99509],[86.58578,20.99501],[86.58717,20.99394],[86.58912,20.99386],[86.59059,20.9934],[86.59124,20.99348],[86.5923,20.99425],[86.59524,20.99272],[86.59663,20.99241],[86.59827,20.98942],[86.60187,20.98728],[86.6022,20.98551],[86.59994,20.98144],[86.59872,20.9799],[86.59729,20.97673],[86.59473,20.97859],[86.5927,20.97844],[86.58906,20.97959],[86.58959,20.98051],[86.58974,20.98174],[86.5895,20.9825],[86.58868,20.9835],[86.58738,20.98358],[86.58599,20.98296],[86.58314,20.98349],[86.58314,20.98426],[86.58281,20.98472],[86.57954,20.9861],[86.57562,20.98732],[86.56888,20.98814]]]}},{"type":"Feature","properties":{"LCODE":"050201014001400037","LOCATION":"MANGALPUR","V_TYPE":"VILLAGE","BLOCK":"TIHIDI","DISTRICT":"BHADRAK"},"geometry":{"type":"Polygon","coordinates":[[[86.67286,20.99416],[86.67323,20.99494],[86.6747,20.99587],[86.67763,20.99618],[86.68008,20.9961],[86.6817,20.99641],[86.68546,20.99565],[86.69214,20.99611],[86.6941,20.99558],[86.69508,20.99481],[86.69557,20.99397],[86.6946,20.99136],[86.69437,20.98937],[86.69608,20.98707],[86.69642,20.985],[86.6987,20.98485],[86.69943,20.98439],[86.69984,20.98355],[86.70034,20.98087],[86.70108,20.9801],[86.70157,20.97887],[86.70216,20.97374],[86.70281,20.97267],[86.70282,20.97113],[86.70234,20.96941],[86.6994,20.97029],[86.6981,20.97028],[86.69728,20.97059],[86.69442,20.9725],[86.69035,20.97311],[86.68619,20.97449],[86.68365,20.97632],[86.68144,20.97893],[86.67915,20.9836],[86.67914,20.98498],[86.68118,20.98629],[86.68158,20.98713],[86.67847,20.99019],[86.67422,20.99195],[86.67324,20.9928],[86.67286,20.99416]]]}},{"type":"Feature","properties":{"LCODE":"050260017001700014","LOCATION":"BAGHMARA","V_TYPE":"VILLAGE","BLOCK":"BHANDARIPOKHARI","DISTRICT":"BHADRAK"},"geometry":{"type":"Polygon","coordinates":[[[86.41636,20.98816],[86.42134,20.9926],[86.42313,20.99531],[86.42484,20.99597],[86.42599,20.99608],[86.42718,20.99542],[86.42532,20.99182],[86.4222,20.98734],[86.42186,20.98506],[86.42298,20.98448],[86.42302,20.98392],[86.4223,20.98439],[86.42027,20.98461],[86.41914,20.98637],[86.4178,20.98696],[86.41636,20.98816]]]}},{"type":"Feature","properties":{"LCODE":"050190011001100172","LOCATION":"DEULAPAL","V_TYPE":"VILLAGE","BLOCK":"BHADRAK","DISTRICT":"BHADRAK"},"geometry":{"type":"Polygon","coordinates":[[[86.53248,20.99299],[86.53278,20.99447],[86.53604,20.99557],[86.53646,20.99458],[86.53712,20.99389],[86.53941,20.99258],[86.54129,20.99082],[86.54351,20.98752],[86.544,20.98737],[86.54343,20.9869],[86.54263,20.98514],[86.54259,20.98291],[86.54182,20.98299],[86.54108,20.9836],[86.54034,20.98598],[86.53992,20.98921],[86.53918,20.98967],[86.5378,20.98851],[86.53642,20.98836],[86.53592,20.98882],[86.5351,20.99058],[86.53379,20.99181],[86.53289,20.99212],[86.53248,20.99299]]]}},{"type":"Feature","properties":{"LCODE":"050220013001300063","LOCATION":"KUALI","V_TYPE":"VILLAGE","BLOCK":"BASUDEVPUR","DISTRICT":"BHADRAK"},"geometry":{"type":"Polygon","coordinates":[[[86.77525,20.99536],[86.77663,20.99537],[86.77777,20.99485],[86.77909,20.99371],[86.78089,20.9932],[86.78336,20.99154],[86.78463,20.98872],[86.78546,20.98796],[86.7858,20.9872],[86.78507,20.98665],[86.78263,20.98662],[86.78117,20.9861],[86.77788,20.98855],[86.77647,20.98999],[86.77579,20.99144],[86.77558,20.99443],[86.77525,20.99536]]]}},{"type":"Feature","properties":{"LCODE":"050190012001200158","LOCATION":"BARAPADI","V_TYPE":"VILLAGE","BLOCK":"BHANDARIPOKHARI","DISTRICT":"BHADRAK"},"geometry":{"type":"Polygon","coordinates":[[[86.42182,20.98598],[86.4222,20.98734],[86.42532,20.99182],[86.42718,20.99542],[86.42893,20.9942],[86.43055,20.99191],[86.43307,20.99095],[86.42995,20.98144],[86.42985,20.97707],[86.42889,20.9755],[86.42823,20.97538],[86.42737,20.97625],[86.42616,20.97653],[86.42588,20.97777],[86.4238,20.97862],[86.42298,20.98248],[86.42226,20.98282],[86.42245,20.98342],[86.42304,20.98394],[86.42298,20.98448],[86.42186,20.98506],[86.42182,20.98598]]]}},{"type":"Feature","properties":{"LCODE":"050201014001400058","LOCATION":"BARIKPUR","V_TYPE":"VILLAGE","BLOCK":"TIHIDI","DISTRICT":"BHADRAK"},"geometry":{"type":"Polygon","coordinates":[[[86.54505,20.98952],[86.54553,20.99036],[86.54642,20.99067],[86.55107,20.9916],[86.5536,20.9916],[86.55563,20.99137],[86.55727,20.99076],[86.55972,20.98884],[86.56119,20.98877],[86.56492,20.99238],[86.56581,20.99392],[86.56679,20.99446],[86.57014,20.99527],[86.57006,20.99177],[86.56933,20.99054],[86.56862,20.98678],[86.56789,20.98524],[86.56667,20.98455],[86.56602,20.98455],[86.56365,20.98554],[86.56145,20.9857],[86.55823,20.98443],[86.55754,20.98508],[86.5528,20.98668],[86.54914,20.98614],[86.54719,20.9863],[86.5453,20.98768],[86.54505,20.98952]]]}},{"type":"Feature","properties":{"LCODE":"050270017001700018","LOCATION":"MADHIALI","V_TYPE":"VILLAGE","BLOCK":"BHANDARIPOKHARI","DISTRICT":"BHADRAK"},"geometry":{"type":"Polygon","coordinates":[[[86.28715,20.98565],[86.2902,20.99191],[86.29074,20.99371],[86.29076,20.99514],[86.29549,20.99495],[86.29636,20.99446],[86.2963,20.99308],[86.29478,20.99176],[86.29408,20.99071],[86.29431,20.98832],[86.29328,20.98698],[86.29294,20.9847],[86.29186,20.9842],[86.28715,20.98565]]]}},{"type":"Feature","properties":{"LCODE":"050201014001400036","LOCATION":"KANATIA","V_TYPE":"VILLAGE","BLOCK":"TIHIDI","DISTRICT":"BHADRAK"},"geometry":{"type":"Polygon","coordinates":[[[86.69428,20.98998],[86.69549,20.99343],[86.6954,20.99452],[86.69745,20.99397],[86.70128,20.99359],[86.70242,20.99367],[86.70461,20.99475],[86.70779,20.99505],[86.71154,20.99498],[86.71236,20.99475],[86.71318,20.99402],[86.71252,20.99406],[86.71122,20.99314],[86.70935,20.99145],[86.70765,20.98938],[86.70652,20.98562],[86.70669,20.98463],[86.70759,20.98317],[86.71065,20.98088],[86.71054,20.97727],[86.70949,20.97559],[86.7082,20.97214],[86.70787,20.97175],[86.70665,20.97137],[86.70609,20.97075],[86.70519,20.96845],[86.70479,20.96815],[86.70381,20.96791],[86.70316,20.96807],[86.70242,20.96876],[86.70234,20.96983],[86.70282,20.97113],[86.70281,20.97267],[86.70216,20.97374],[86.70157,20.97887],[86.70108,20.9801],[86.70034,20.98087],[86.69984,20.98355],[86.69943,20.98439],[86.6987,20.98485],[86.69642,20.985],[86.69608,20.98707],[86.69437,20.98937],[86.69428,20.98998]]]}},{"type":"Feature","properties":{"LCODE":"050220013001300057","LOCATION":"KALIABODA","V_TYPE":"VILLAGE","BLOCK":"BASUDEVPUR","DISTRICT":"BHADRAK"},"geometry":{"type":"Polygon","coordinates":[[[86.83813,20.98346],[86.83826,20.98523],[86.84067,20.98764],[86.84153,20.99206],[86.84263,20.99273],[86.84774,20.99364],[86.85078,20.99467],[86.85146,20.99265],[86.84852,20.99081],[86.84775,20.98804],[86.84778,20.98628],[86.84811,20.98559],[86.85092,20.98302],[86.85078,20.98202],[86.85046,20.98171],[86.84483,20.98194],[86.84143,20.98066],[86.83921,20.97893],[86.83813,20.98346]]]}},{"type":"Feature","properties":{"LCODE":"050201014001400048","LOCATION":"GADADHARPUR","V_TYPE":"VILLAGE","BLOCK":"TIHIDI","DISTRICT":"BHADRAK"},"geometry":{"type":"Polygon","coordinates":[[[86.59777,20.99218],[86.59842,20.9931],[86.59931,20.99334],[86.60189,20.99316],[86.60241,20.99273],[86.6038,20.99257],[86.60722,20.99457],[86.60803,20.99388],[86.60926,20.99166],[86.61018,20.99128],[86.60992,20.99066],[86.60927,20.9902],[86.60805,20.98997],[86.60519,20.99058],[86.60471,20.9905],[86.60457,20.99018],[86.6034,20.99058],[86.60039,20.99042],[86.5994,20.99057],[86.59834,20.99126],[86.59777,20.99218]]]}},{"type":"Feature","properties":{"LCODE":"050190011001100168","LOCATION":"MADHUSUDANPUR","V_TYPE":"VILLAGE","BLOCK":"BHADRAK","DISTRICT":"BHADRAK"},"geometry":{"type":"Polygon","coordinates":[[[86.52339,20.98565],[86.52418,20.98996],[86.52491,20.99142],[86.52686,20.99273],[86.52832,20.99281],[86.53278,20.99447],[86.53248,20.99299],[86.53094,20.99166],[86.52843,20.98796],[86.52682,20.9832],[86.52612,20.98197],[86.52349,20.98119],[86.52364,20.98304],[86.52339,20.98565]]]}},{"type":"Feature","properties":{"LCODE":"050201014001400038","LOCATION":"MUSHANG","V_TYPE":"VILLAGE","BLOCK":"TIHIDI","DISTRICT":"BHADRAK"},"geometry":{"type":"Polygon","coordinates":[[[86.66047,20.98657],[86.66071,20.98765],[86.66299,20.9878],[86.6638,20.98872],[86.66469,20.99202],[86.66561,20.99397],[86.66965,20.99433],[86.67286,20.99416],[86.67324,20.9928],[86.67422,20.99195],[86.67847,20.99019],[86.68158,20.98713],[86.68118,20.98629],[86.67914,20.98498],[86.67906,20.98437],[86.67915,20.9836],[86.68151,20.97883],[86.67982,20.97762],[86.67757,20.97735],[86.67712,20.97846],[86.67606,20.97969],[86.67459,20.9806],[86.67101,20.98083],[86.66782,20.98213],[86.66598,20.98203],[86.66489,20.98228],[86.66407,20.98289],[86.66341,20.98397],[86.66154,20.98504],[86.66055,20.98596],[86.66047,20.98657]]]}},{"type":"Feature","properties":{"LCODE":"050201014001400035","LOCATION":"BADANAHUNIPAL","V_TYPE":"VILLAGE","BLOCK":"TIHIDI","DISTRICT":"BHADRAK"},"geometry":{"type":"Polygon","coordinates":[[[86.70652,20.98562],[86.70765,20.98938],[86.70935,20.99145],[86.71252,20.99406],[86.71517,20.99399],[86.71465,20.99085],[86.71499,20.98691],[86.71248,20.98387],[86.71134,20.98119],[86.71037,20.98088],[86.70873,20.98248],[86.70759,20.98317],[86.70669,20.98463],[86.70652,20.98562]]]}},{"type":"Feature","properties":{"LCODE":"050220013001300062","LOCATION":"KASIPUR","V_TYPE":"VILLAGE","BLOCK":"BASUDEVPUR","DISTRICT":"BHADRAK"},"geometry":{"type":"Polygon","coordinates":[[[86.78117,20.9861],[86.78263,20.98662],[86.78507,20.98665],[86.7858,20.9872],[86.78546,20.98796],[86.78463,20.98872],[86.78387,20.99078],[86.78329,20.99159],[86.78521,20.99286],[86.78622,20.99294],[86.78723,20.99152],[86.78809,20.99111],[86.7884,20.99217],[86.7896,20.99382],[86.79051,20.99279],[86.7961,20.98903],[86.79993,20.98832],[86.79996,20.98698],[86.79615,20.98688],[86.795,20.98613],[86.79435,20.98701],[86.79345,20.98723],[86.79079,20.98566],[86.78755,20.98462],[86.78609,20.9838],[86.78584,20.98459],[86.78551,20.98466],[86.78291,20.98442],[86.78257,20.98516],[86.78117,20.9861]]]}},{"type":"Feature","properties":{"LCODE":"050220013001300086","LOCATION":"BALIMUNDA","V_TYPE":"VILLAGE","BLOCK":"BASUDEVPUR","DISTRICT":"BHADRAK"},"geometry":{"type":"Polygon","coordinates":[[[86.85413,20.98575],[86.85421,20.98629],[86.85518,20.98661],[86.85633,20.98624],[86.85732,20.98525],[86.85903,20.98528],[86.8634,20.98718],[86.86694,20.98953],[86.87578,20.99218],[86.8774,20.99289],[86.88105,20.9937],[86.88449,20.98708],[86.8871,20.98032],[86.88242,20.97907],[86.87837,20.9771],[86.87525,20.97406],[86.87389,20.97236],[86.86962,20.96938],[86.86095,20.96665],[86.86042,20.96941],[86.85966,20.9707],[86.85842,20.97207],[86.85699,20.97231],[86.8559,20.97687],[86.85499,20.97824],[86.85523,20.98322],[86.85413,20.98575]]]}},{"type":"Feature","properties":{"LCODE":"050270017001700028","LOCATION":"JAYAPUR","V_TYPE":"VILLAGE","BLOCK":"BHANDARIPOKHARI","DISTRICT":"BHADRAK"},"geometry":{"type":"Polygon","coordinates":[[[86.32372,20.98531],[86.32424,20.98996],[86.32497,20.99193],[86.32577,20.99128],[86.32633,20.99118],[86.32799,20.99173],[86.33032,20.99302],[86.3322,20.99302],[86.33258,20.99231],[86.33237,20.9914],[86.33078,20.99031],[86.32976,20.98913],[86.3302,20.98811],[86.3317,20.98698],[86.33111,20.9844],[86.33119,20.98248],[86.32511,20.98333],[86.32392,20.98407],[86.32372,20.98531]]]}},{"type":"Feature","properties":{"LCODE":"050190011001100169","LOCATION":"BHAKTIBRAHAMAPUR","V_TYPE":"VILLAGE","BLOCK":"BHADRAK","DISTRICT":"BHADRAK"},"geometry":{"type":"Polygon","coordinates":[[[86.52612,20.98197],[86.52682,20.9832],[86.52843,20.98796],[86.53094,20.99166],[86.53248,20.99299],[86.53289,20.99212],[86.53379,20.99181],[86.5351,20.99058],[86.53592,20.98882],[86.53642,20.98836],[86.53684,20.98841],[86.53444,20.98726],[86.5334,20.98843],[86.53258,20.98904],[86.53217,20.98904],[86.52902,20.98297],[86.52793,20.98144],[86.52708,20.98197],[86.52612,20.98197]]]}},{"type":"Feature","properties":{"LCODE":"050260017001700017","LOCATION":"PAHIMAHURA","V_TYPE":"VILLAGE","BLOCK":"BHANDARIPOKHARI","DISTRICT":"BHADRAK"},"geometry":{"type":"Polygon","coordinates":[[[86.4031,20.98711],[86.40449,20.99104],[86.40528,20.99055],[86.40852,20.99263],[86.40908,20.99162],[86.4108,20.99163],[86.4118,20.99036],[86.41309,20.98985],[86.41353,20.98876],[86.41538,20.98815],[86.41577,20.98775],[86.41592,20.98721],[86.41555,20.98631],[86.41325,20.98203],[86.41129,20.97685],[86.41142,20.97735],[86.41035,20.97893],[86.40885,20.98021],[86.40565,20.9818],[86.40388,20.98186],[86.40361,20.98571],[86.4031,20.98711]]]}},{"type":"Feature","properties":{"LCODE":"050201014001400047","LOCATION":"JHINKINRIA","V_TYPE":"VILLAGE","BLOCK":"TIHIDI","DISTRICT":"BHADRAK"},"geometry":{"type":"Polygon","coordinates":[[[86.60309,20.98758],[86.60316,20.98812],[86.60471,20.9905],[86.60805,20.98997],[86.60927,20.9902],[86.60992,20.99066],[86.61018,20.99128],[86.61147,20.9912],[86.61489,20.99166],[86.61536,20.9916],[86.61585,20.99009],[86.61491,20.98806],[86.61491,20.98661],[86.61304,20.98606],[86.61157,20.98614],[86.6097,20.98667],[86.6088,20.98667],[86.60831,20.98636],[86.60823,20.98575],[86.61028,20.98337],[86.60947,20.98245],[86.60882,20.98229],[86.60758,20.98242],[86.6075,20.9859],[86.60725,20.98651],[86.6061,20.98713],[86.6039,20.98697],[86.60309,20.98758]]]}},{"type":"Feature","properties":{"LCODE":"050260017001700018","LOCATION":"HELAPUR","V_TYPE":"VILLAGE","BLOCK":"BHANDARIPOKHARI","DISTRICT":"BHADRAK"},"geometry":{"type":"Polygon","coordinates":[[[86.39498,20.98015],[86.3969,20.98307],[86.39825,20.98608],[86.40076,20.98759],[86.4016,20.99016],[86.40303,20.99125],[86.40393,20.99137],[86.40441,20.99112],[86.40438,20.99036],[86.40358,20.98886],[86.4031,20.98711],[86.40361,20.98571],[86.40388,20.98186],[86.40296,20.97984],[86.40314,20.97837],[86.40296,20.97792],[86.40204,20.97727],[86.39999,20.97712],[86.39931,20.97638],[86.39841,20.97818],[86.3956,20.97936],[86.39498,20.98015]]]}},{"type":"Feature","properties":{"LCODE":"050260017001700008","LOCATION":"HARIPURBINDHA","V_TYPE":"VILLAGE","BLOCK":"BHANDARIPOKHARI","DISTRICT":"BHADRAK"},"geometry":{"type":"Polygon","coordinates":[[[86.45567,20.98753],[86.4557,20.98837],[86.45676,20.99055],[86.45712,20.991],[86.4576,20.99106],[86.45934,20.98945],[86.46113,20.98532],[86.45923,20.98494],[86.45705,20.98564],[86.45592,20.98551],[86.45567,20.98753]]]}},{"type":"Feature","properties":{"LCODE":"050260017001700013","LOCATION":"SARADPUR","V_TYPE":"VILLAGE","BLOCK":"BHANDARIPOKHARI","DISTRICT":"BHADRAK"},"geometry":{"type":"Polygon","coordinates":[[[86.42789,20.97556],[86.42889,20.9755],[86.42985,20.97707],[86.42995,20.98144],[86.43307,20.99095],[86.43523,20.99058],[86.43665,20.98929],[86.4373,20.98934],[86.43816,20.98998],[86.43818,20.989],[86.43624,20.98555],[86.43484,20.97917],[86.43343,20.97511],[86.43247,20.97536],[86.43146,20.97448],[86.43088,20.97435],[86.42862,20.97498],[86.42789,20.97556]]]}},{"type":"Feature","properties":{"LCODE":"050201014001400039","LOCATION":"GOLAPOKHARI","V_TYPE":"VILLAGE","BLOCK":"TIHIDI","DISTRICT":"BHADRAK"},"geometry":{"type":"Polygon","coordinates":[[[86.64533,20.97791],[86.64884,20.98042],[86.65135,20.98296],[86.65265,20.98495],[86.65249,20.98549],[86.65181,20.98566],[86.65443,20.98948],[86.65598,20.9904],[86.65817,20.9901],[86.66151,20.98786],[86.66071,20.98765],[86.66047,20.98711],[86.66055,20.98596],[86.66154,20.98504],[86.66341,20.98397],[86.66407,20.98289],[86.66489,20.98228],[86.66598,20.98203],[86.66391,20.98136],[86.65829,20.98151],[86.65682,20.98089],[86.65366,20.97897],[86.65195,20.97636],[86.65211,20.97585],[86.64886,20.9759],[86.64739,20.9762],[86.64533,20.97791]]]}},{"type":"Feature","properties":{"LCODE":"050220013001300059","LOCATION":"ANDOLA","V_TYPE":"VILLAGE","BLOCK":"BASUDEVPUR","DISTRICT":"BHADRAK"},"geometry":{"type":"Polygon","coordinates":[[[86.79652,20.98121],[86.79771,20.98314],[86.79856,20.98331],[86.79993,20.98463],[86.80022,20.98617],[86.80022,20.98686],[86.7998,20.98764],[86.79993,20.98832],[86.80181,20.98857],[86.80688,20.99014],[86.81019,20.98635],[86.80381,20.981],[86.80121,20.98058],[86.79894,20.97978],[86.79652,20.98121]]]}},{"type":"Feature","properties":{"LCODE":"050201014001400069","LOCATION":"MUKUNDAPUR","V_TYPE":"VILLAGE","BLOCK":"TIHIDI","DISTRICT":"BHADRAK"},"geometry":{"type":"Polygon","coordinates":[[[86.61282,20.97954],[86.61541,20.98453],[86.61482,20.98729],[86.61507,20.98859],[86.61585,20.99009],[86.61645,20.9889],[86.61861,20.98743],[86.61825,20.98668],[86.61794,20.98422],[86.61713,20.98223],[86.61714,20.97916],[86.6178,20.97668],[86.61651,20.97448],[86.61611,20.97256],[86.61633,20.97215],[86.61505,20.9724],[86.61399,20.97347],[86.6139,20.97455],[86.61422,20.97578],[86.61308,20.97823],[86.61282,20.97954]]]}},{"type":"Feature","properties":{"LCODE":"050260017001700012","LOCATION":"PADINARANPUR","V_TYPE":"VILLAGE","BLOCK":"BHANDARIPOKHARI","DISTRICT":"BHADRAK"},"geometry":{"type":"Polygon","coordinates":[[[86.43343,20.97511],[86.43484,20.97917],[86.43624,20.98555],[86.43791,20.9884],[86.43819,20.98969],[86.44047,20.98914],[86.44263,20.98798],[86.44322,20.98658],[86.44302,20.98574],[86.44241,20.98485],[86.44115,20.9839],[86.44047,20.98132],[86.4394,20.98098],[86.43925,20.97953],[86.43772,20.97806],[86.43663,20.97455],[86.43494,20.97588],[86.43436,20.97559],[86.43417,20.97506],[86.43343,20.97511]]]}},{"type":"Feature","properties":{"LCODE":"050190011001100171","LOCATION":"SUSUA","V_TYPE":"VILLAGE","BLOCK":"BHADRAK","DISTRICT":"BHADRAK"},"geometry":{"type":"Polygon","coordinates":[[[86.5302,20.9766],[86.53035,20.97852],[86.53318,20.98328],[86.53422,20.98705],[86.53471,20.98751],[86.53666,20.98813],[86.53684,20.98841],[86.5378,20.98851],[86.53918,20.98967],[86.53992,20.98921],[86.54034,20.98598],[86.54108,20.9836],[86.54182,20.98299],[86.54419,20.98268],[86.54627,20.9805],[86.54543,20.98015],[86.54298,20.97807],[86.54103,20.97861],[86.53908,20.97814],[86.53671,20.97829],[86.53549,20.97791],[86.53239,20.97504],[86.53127,20.97568],[86.5302,20.97575],[86.5302,20.9766]]]}},{"type":"Feature","properties":{"LCODE":"050270017001700030","LOCATION":"SARO","V_TYPE":"VILLAGE","BLOCK":"BHANDARIPOKHARI","DISTRICT":"BHADRAK"},"geometry":{"type":"Polygon","coordinates":[[[86.3346,20.98395],[86.33462,20.98441],[86.33522,20.98523],[86.33794,20.98573],[86.33914,20.9873],[86.33943,20.98836],[86.34011,20.98902],[86.34135,20.98943],[86.34222,20.98855],[86.35082,20.98568],[86.35005,20.9828],[86.35148,20.98166],[86.35416,20.98114],[86.35723,20.97875],[86.35455,20.97525],[86.35278,20.97157],[86.35234,20.97097],[86.3516,20.97077],[86.35024,20.97151],[86.34732,20.97186],[86.34615,20.97321],[86.34242,20.97581],[86.33945,20.97708],[86.33559,20.97816],[86.33521,20.97894],[86.33557,20.98176],[86.3346,20.98395]]]}},{"type":"Feature","properties":{"LCODE":"050260016001600033","LOCATION":"DAIPUR","V_TYPE":"VILLAGE","BLOCK":"DHAMNAGAR","DISTRICT":"BHADRAK"},"geometry":{"type":"Polygon","coordinates":[[[86.4537,20.98164],[86.45419,20.98338],[86.45582,20.98546],[86.45705,20.98564],[86.45923,20.98494],[86.46095,20.98518],[86.46188,20.98591],[86.46329,20.98838],[86.46479,20.98924],[86.46915,20.98814],[86.47308,20.9867],[86.47221,20.98541],[86.47147,20.98299],[86.47094,20.98225],[86.46833,20.98029],[86.46867,20.97859],[86.47142,20.97817],[86.47174,20.97793],[86.47185,20.97655],[86.47157,20.97564],[86.47079,20.9749],[86.46805,20.97356],[86.46761,20.97288],[86.4678,20.96986],[86.46729,20.96899],[86.46637,20.96849],[86.46589,20.96866],[86.46654,20.97063],[86.46601,20.97172],[86.46342,20.97213],[86.46295,20.97269],[86.46214,20.97287],[86.46124,20.97276],[86.46081,20.97216],[86.46255,20.97094],[86.46245,20.97033],[86.46064,20.96803],[86.46051,20.96689],[86.46291,20.96452],[86.46197,20.96476],[86.46086,20.96565],[86.46087,20.96373],[86.46021,20.9636],[86.45949,20.96386],[86.45919,20.96464],[86.45956,20.96562],[86.45941,20.96609],[86.45853,20.96643],[86.45804,20.9663],[86.45808,20.96737],[86.45727,20.96939],[86.45494,20.97224],[86.45496,20.97469],[86.45628,20.97901],[86.45551,20.97988],[86.45406,20.9804],[86.4537,20.98164]]]}},{"type":"Feature","properties":{"LCODE":"050190011001100170","LOCATION":"ARANPAL","V_TYPE":"VILLAGE","BLOCK":"BHADRAK","DISTRICT":"BHADRAK"},"geometry":{"type":"Polygon","coordinates":[[[86.52793,20.98144],[86.52902,20.98297],[86.53136,20.98781],[86.53217,20.98904],[86.53258,20.98904],[86.53444,20.98726],[86.53318,20.98328],[86.53237,20.98182],[86.53072,20.97935],[86.52793,20.98144]]]}},{"type":"Feature","properties":{"LCODE":"050260017001700016","LOCATION":"RAJENDRAPUR","V_TYPE":"VILLAGE","BLOCK":"BHANDARIPOKHARI","DISTRICT":"BHADRAK"},"geometry":{"type":"Polygon","coordinates":[[[86.41048,20.97454],[86.41325,20.98203],[86.41555,20.98631],[86.41582,20.98756],[86.41636,20.98816],[86.4178,20.98696],[86.41914,20.98637],[86.42027,20.98461],[86.4223,20.98439],[86.42302,20.98392],[86.42245,20.98342],[86.42226,20.98282],[86.42298,20.98248],[86.42311,20.98179],[86.42226,20.97707],[86.42172,20.97587],[86.42013,20.9747],[86.418,20.97257],[86.41701,20.97238],[86.41612,20.97256],[86.41048,20.97454]]]}},{"type":"Feature","properties":{"LCODE":"050201014001400062","LOCATION":"DEULA","V_TYPE":"VILLAGE","BLOCK":"TIHIDI","DISTRICT":"BHADRAK"},"geometry":{"type":"Polygon","coordinates":[[[86.56706,20.9847],[86.56789,20.98524],[86.56862,20.98678],[86.56888,20.98814],[86.57562,20.98732],[86.57954,20.9861],[86.58281,20.98472],[86.58314,20.98426],[86.58314,20.98349],[86.58177,20.97912],[86.58276,20.97681],[86.58358,20.97582],[86.58578,20.97528],[86.58669,20.97467],[86.58782,20.97467],[86.58828,20.97506],[86.58855,20.97475],[86.58923,20.97222],[86.58875,20.97006],[86.58801,20.9696],[86.58744,20.9696],[86.58483,20.9706],[86.58344,20.97075],[86.58205,20.97121],[86.57772,20.97389],[86.57275,20.97471],[86.57315,20.97588],[86.57053,20.97964],[86.56978,20.98202],[86.56896,20.98325],[86.56706,20.9847]]]}},{"type":"Feature","properties":{"LCODE":"050270017001700031","LOCATION":"MOBARAKHAPUR","V_TYPE":"VILLAGE","BLOCK":"BHANDARIPOKHARI","DISTRICT":"BHADRAK"},"geometry":{"type":"Polygon","coordinates":[[[86.35416,20.98114],[86.35613,20.98378],[86.35833,20.98753],[86.35998,20.98807],[86.36111,20.98795],[86.3623,20.98713],[86.36645,20.98666],[86.36848,20.98466],[86.37112,20.98326],[86.37474,20.98196],[86.3765,20.98166],[86.37565,20.98024],[86.37222,20.97639],[86.37051,20.97239],[86.37024,20.96987],[86.36947,20.96916],[86.36684,20.97032],[86.36272,20.9714],[86.3604,20.97249],[86.35621,20.97373],[86.35432,20.97467],[86.35516,20.97622],[86.35723,20.97875],[86.35416,20.98114]]]}},{"type":"Feature","properties":{"LCODE":"050201014001400070","LOCATION":"BIDYADHARPUR","V_TYPE":"VILLAGE","BLOCK":"TIHIDI","DISTRICT":"BHADRAK"},"geometry":{"type":"Polygon","coordinates":[[[86.61713,20.98223],[86.61794,20.98422],[86.61825,20.98668],[86.61861,20.98743],[86.61948,20.9866],[86.62046,20.98492],[86.62144,20.9853],[86.62379,20.98761],[86.62757,20.98711],[86.62763,20.98492],[86.62569,20.98086],[86.62611,20.97771],[86.6258,20.97479],[86.62531,20.97341],[86.62354,20.97111],[86.62239,20.97095],[86.62157,20.97157],[86.61985,20.97525],[86.6178,20.97668],[86.61714,20.97916],[86.61713,20.98223]]]}},{"type":"Feature","properties":{"LCODE":"050270017001700032","LOCATION":"SAHUMADHAGADIA","V_TYPE":"VILLAGE","BLOCK":"BHANDARIPOKHARI","DISTRICT":"BHADRAK"},"geometry":{"type":"Polygon","coordinates":[[[86.35005,20.9828],[86.35008,20.98356],[86.35119,20.98666],[86.35163,20.98733],[86.35213,20.98754],[86.35706,20.98551],[86.35613,20.98378],[86.35416,20.98114],[86.35148,20.98166],[86.35005,20.9828]]]}},{"type":"Feature","properties":{"LCODE":"050190011001100178","LOCATION":"RAJUALIBINDHA","V_TYPE":"VILLAGE","BLOCK":"BHADRAK","DISTRICT":"BHADRAK"},"geometry":{"type":"Polygon","coordinates":[[[86.54259,20.98291],[86.54263,20.98514],[86.54343,20.9869],[86.544,20.98737],[86.54506,20.98675],[86.54914,20.98614],[86.5528,20.98668],[86.55754,20.98508],[86.55823,20.98443],[86.55845,20.98308],[86.55749,20.98001],[86.5575,20.97763],[86.55972,20.97417],[86.5598,20.97279],[86.55859,20.97087],[86.55835,20.97003],[86.55876,20.96824],[86.5573,20.96757],[86.5564,20.96787],[86.55109,20.97086],[86.54611,20.9727],[86.54587,20.97308],[86.54618,20.975],[86.54853,20.97746],[86.54926,20.97908],[86.54917,20.97977],[86.54787,20.98046],[86.54627,20.9805],[86.54419,20.98268],[86.54259,20.98291]]]}},{"type":"Feature","properties":{"LCODE":"050220013001300061","LOCATION":"JURAGADIA","V_TYPE":"VILLAGE","BLOCK":"BASUDEVPUR","DISTRICT":"BHADRAK"},"geometry":{"type":"Polygon","coordinates":[[[86.78539,20.98221],[86.78609,20.9838],[86.78682,20.9843],[86.79079,20.98566],[86.79345,20.98723],[86.79435,20.98701],[86.79619,20.98412],[86.79775,20.98306],[86.79652,20.98121],[86.79559,20.98135],[86.79494,20.98095],[86.79374,20.97933],[86.79326,20.97909],[86.79187,20.97945],[86.78984,20.97866],[86.78793,20.98124],[86.78671,20.9813],[86.78548,20.98175],[86.78539,20.98221]]]}},{"type":"Feature","properties":{"LCODE":"050220013001300060","LOCATION":"KHOSALIPUR","V_TYPE":"VILLAGE","BLOCK":"BASUDEVPUR","DISTRICT":"BHADRAK"},"geometry":{"type":"Polygon","coordinates":[[[86.795,20.98613],[86.79615,20.98688],[86.79706,20.98703],[86.79956,20.98711],[86.80022,20.98686],[86.80016,20.98525],[86.79969,20.98417],[86.79856,20.98331],[86.79783,20.98314],[86.79619,20.98412],[86.795,20.98613]]]}},{"type":"Feature","properties":{"LCODE":"050190011001100163","LOCATION":"PORAPARA","V_TYPE":"VILLAGE","BLOCK":"BHADRAK","DISTRICT":"BHADRAK"},"geometry":{"type":"Polygon","coordinates":[[[86.50211,20.9791],[86.50237,20.98394],[86.50295,20.98708],[86.50832,20.98441],[86.51526,20.98188],[86.5173,20.9805],[86.51514,20.97358],[86.51417,20.9722],[86.51335,20.97191],[86.51221,20.97258],[86.51089,20.97442],[86.50999,20.97519],[86.50796,20.97595],[86.50526,20.97649],[86.50211,20.9791]]]}},{"type":"Feature","properties":{"LCODE":"050270017001700029","LOCATION":"NURPUR","V_TYPE":"VILLAGE","BLOCK":"BHANDARIPOKHARI","DISTRICT":"BHADRAK"},"geometry":{"type":"Polygon","coordinates":[[[86.33111,20.9844],[86.3317,20.98698],[86.33388,20.98628],[86.33541,20.98522],[86.3348,20.98479],[86.3346,20.98395],[86.33557,20.98176],[86.33523,20.9794],[86.3354,20.97845],[86.3351,20.97825],[86.33347,20.97847],[86.33141,20.97963],[86.33112,20.98056],[86.33111,20.9844]]]}},{"type":"Feature","properties":{"LCODE":"050201014001400084","LOCATION":"ARJUNBINDHA","V_TYPE":"VILLAGE","BLOCK":"TIHIDI","DISTRICT":"BHADRAK"},"geometry":{"type":"Polygon","coordinates":[[[86.69929,20.95679],[86.69952,20.95745],[86.70172,20.95917],[86.70391,20.9627],[86.70471,20.96546],[86.7048,20.96654],[86.70437,20.96804],[86.70519,20.96845],[86.70609,20.97075],[86.70665,20.97137],[86.70787,20.97175],[86.7082,20.97214],[86.70949,20.97559],[86.71054,20.97727],[86.71065,20.98088],[86.71134,20.98119],[86.71248,20.98387],[86.71499,20.98691],[86.71491,20.98563],[86.71532,20.98502],[86.71655,20.98426],[86.71794,20.98158],[86.72003,20.97983],[86.71935,20.97575],[86.71845,20.97491],[86.71683,20.97452],[86.71642,20.97391],[86.71602,20.97161],[86.7166,20.97061],[86.71594,20.97069],[86.71448,20.97],[86.71131,20.96624],[86.71017,20.96424],[86.70954,20.96087],[86.70768,20.9568],[86.70686,20.95573],[86.70597,20.95519],[86.70288,20.95404],[86.70248,20.95327],[86.70256,20.95281],[86.70321,20.95227],[86.70367,20.9523],[86.70305,20.95135],[86.70248,20.95166],[86.70093,20.95373],[86.69929,20.95679]]]}},{"type":"Feature","properties":{"LCODE":"050270017001700040","LOCATION":"UTTARBAD","V_TYPE":"VILLAGE","BLOCK":"BHANDARIPOKHARI","DISTRICT":"BHADRAK"},"geometry":{"type":"Polygon","coordinates":[[[86.37019,20.97064],[86.37051,20.97239],[86.37222,20.97639],[86.37565,20.98024],[86.3765,20.98166],[86.3763,20.98168],[86.37904,20.9834],[86.38049,20.98472],[86.38238,20.98518],[86.38326,20.9866],[86.38374,20.9868],[86.38551,20.98575],[86.39245,20.97903],[86.39214,20.9785],[86.3913,20.978],[86.38881,20.97902],[86.38798,20.9786],[86.38718,20.97702],[86.38879,20.97465],[86.38907,20.97135],[86.38953,20.97071],[86.39208,20.96931],[86.39376,20.96889],[86.3868,20.96193],[86.38342,20.95923],[86.38155,20.95833],[86.38165,20.95984],[86.37847,20.96372],[86.37486,20.96907],[86.37399,20.96965],[86.37122,20.96968],[86.37024,20.96995],[86.37019,20.97064]]]}},{"type":"Feature","properties":{"LCODE":"050260016001600034","LOCATION":"DAIPURNAHABARI","V_TYPE":"VILLAGE","BLOCK":"DHAMNAGAR","DISTRICT":"BHADRAK"},"geometry":{"type":"Polygon","coordinates":[[[86.46756,20.97158],[86.46761,20.97288],[86.46805,20.97356],[86.46996,20.9744],[86.47157,20.97564],[86.47185,20.97655],[86.47174,20.97793],[86.47102,20.97834],[86.46867,20.97859],[86.46833,20.98029],[86.47094,20.98225],[86.47147,20.98299],[86.47221,20.98541],[86.47308,20.9867],[86.47725,20.98573],[86.48016,20.98388],[86.4805,20.98256],[86.47955,20.98129],[86.47842,20.97766],[86.47642,20.97475],[86.47473,20.97337],[86.47445,20.97249],[86.47359,20.97142],[86.47215,20.97025],[86.46813,20.96965],[86.4678,20.96986],[86.46756,20.97158]]]}},{"type":"Feature","properties":{"LCODE":"050201014001400066","LOCATION":"ARASA","V_TYPE":"VILLAGE","BLOCK":"TIHIDI","DISTRICT":"BHADRAK"},"geometry":{"type":"Polygon","coordinates":[[[86.59719,20.97606],[86.59735,20.97714],[86.59922,20.98076],[86.60052,20.97968],[86.6028,20.97914],[86.60435,20.97807],[86.60509,20.97791],[86.60574,20.97815],[86.60744,20.98153],[86.60758,20.98242],[86.60947,20.98245],[86.61028,20.98337],[86.60823,20.98575],[86.60831,20.98636],[86.6088,20.98667],[86.61239,20.98606],[86.61491,20.98661],[86.61541,20.98453],[86.61282,20.97954],[86.61308,20.97823],[86.61422,20.97578],[86.6139,20.97455],[86.61399,20.97347],[86.61505,20.9724],[86.61633,20.97215],[86.61678,20.97064],[86.6167,20.96895],[86.61573,20.9668],[86.61395,20.9648],[86.61313,20.96449],[86.60897,20.96633],[86.60447,20.96978],[86.6039,20.97001],[86.60284,20.96985],[86.60227,20.97016],[86.60063,20.97177],[86.59753,20.97392],[86.59719,20.97606]]]}},{"type":"Feature","properties":{"LCODE":"050220013001300075","LOCATION":"NAIKANIDIHI","V_TYPE":"VILLAGE","BLOCK":"BASUDEVPUR","DISTRICT":"BHADRAK"},"geometry":{"type":"Polygon","coordinates":[[[86.80005,20.98007],[86.80121,20.98058],[86.80381,20.981],[86.81019,20.98635],[86.81148,20.98548],[86.8135,20.98589],[86.81465,20.98537],[86.81596,20.98454],[86.81624,20.98285],[86.81681,20.98256],[86.82065,20.98215],[86.82214,20.98152],[86.82181,20.98101],[86.82156,20.9764],[86.82124,20.97548],[86.81954,20.97499],[86.81826,20.97344],[86.81763,20.9722],[86.81713,20.97],[86.81693,20.97035],[86.81595,20.9708],[86.81372,20.97136],[86.81348,20.97261],[86.81298,20.97291],[86.81003,20.9741],[86.80725,20.97483],[86.80389,20.97639],[86.8025,20.97668],[86.80026,20.97791],[86.80042,20.97926],[86.80005,20.98007]]]}},{"type":"Feature","properties":{"LCODE":"050201014001400059","LOCATION":"BHUYANBATITANKI","V_TYPE":"VILLAGE","BLOCK":"TIHIDI","DISTRICT":"BHADRAK"},"geometry":{"type":"Polygon","coordinates":[[[86.56017,20.98232],[86.56031,20.9852],[86.56145,20.9857],[86.56365,20.98554],[86.56643,20.98455],[86.56605,20.97833],[86.56622,20.9771],[86.56677,20.97636],[86.56387,20.97525],[86.56142,20.9751],[86.5611,20.97533],[86.56059,20.97725],[86.56017,20.98232]]]}},{"type":"Feature","properties":{"LCODE":"050201014001400040","LOCATION":"BADAGALLO","V_TYPE":"VILLAGE","BLOCK":"TIHIDI","DISTRICT":"BHADRAK"},"geometry":{"type":"Polygon","coordinates":[[[86.64306,20.97865],[86.64306,20.97972],[86.64395,20.9808],[86.64785,20.98257],[86.65054,20.98434],[86.65181,20.98566],[86.65249,20.98549],[86.65265,20.98495],[86.65224,20.98411],[86.64884,20.98042],[86.64533,20.97791],[86.6451,20.97804],[86.64374,20.97747],[86.64306,20.97865]]]}},{"type":"Feature","properties":{"LCODE":"050260017001700011","LOCATION":"SARIFPUR","V_TYPE":"VILLAGE","BLOCK":"BHANDARIPOKHARI","DISTRICT":"BHADRAK"},"geometry":{"type":"Polygon","coordinates":[[[86.43663,20.97455],[86.43772,20.97806],[86.43925,20.97953],[86.4394,20.98098],[86.44047,20.98132],[86.44115,20.9839],[86.44289,20.98553],[86.44317,20.98543],[86.44377,20.9841],[86.44472,20.9833],[86.44605,20.98401],[86.44766,20.98356],[86.44777,20.98338],[86.44682,20.98291],[86.44614,20.98217],[86.44584,20.98098],[86.44171,20.97783],[86.43951,20.97385],[86.43921,20.97256],[86.43857,20.97289],[86.43827,20.97352],[86.43714,20.97387],[86.43663,20.97455]]]}},{"type":"Feature","properties":{"LCODE":"050201014001400094","LOCATION":"NAURIAPOKHARI","V_TYPE":"VILLAGE","BLOCK":"TIHIDI","DISTRICT":"BHADRAK"},"geometry":{"type":"Polygon","coordinates":[[[86.7468,20.97831],[86.7468,20.97877],[86.74745,20.97908],[86.74952,20.97912],[86.75067,20.97975],[86.75161,20.98083],[86.75203,20.98083],[86.75751,20.98538],[86.76176,20.98218],[86.75654,20.97882],[86.75566,20.97796],[86.75464,20.97557],[86.75384,20.97471],[86.75304,20.97424],[86.75214,20.97431],[86.75141,20.97391],[86.75093,20.97325],[86.7498,20.97558],[86.7468,20.97831]]]}},{"type":"Feature","properties":{"LCODE":"050201014001400145","LOCATION":"TALAGOP","V_TYPE":"VILLAGE","BLOCK":"TIHIDI","DISTRICT":"BHADRAK"},"geometry":{"type":"Polygon","coordinates":[[[86.55749,20.98001],[86.55845,20.98308],[86.55823,20.98443],[86.56031,20.9852],[86.56017,20.98232],[86.56093,20.97571],[86.56142,20.9751],[86.564,20.97533],[86.56363,20.97357],[86.56371,20.97264],[86.56429,20.97103],[86.56478,20.9705],[86.56618,20.96942],[86.56886,20.96897],[86.578,20.96591],[86.5783,20.96549],[86.57818,20.96337],[86.57645,20.95796],[86.57053,20.96152],[86.56808,20.96236],[86.56314,20.96265],[86.56366,20.96642],[86.56227,20.96719],[86.55975,20.96803],[86.55885,20.96803],[86.5586,20.96864],[86.55835,20.97003],[86.55859,20.97087],[86.5598,20.97279],[86.55972,20.97417],[86.5575,20.97763],[86.55749,20.98001]]]}},{"type":"Feature","properties":{"LCODE":"050201014001400032","LOCATION":"SAHAPUR","V_TYPE":"VILLAGE","BLOCK":"TIHIDI","DISTRICT":"BHADRAK"},"geometry":{"type":"Polygon","coordinates":[[[86.71602,20.97161],[86.71642,20.97391],[86.71683,20.97452],[86.71845,20.97491],[86.71944,20.97615],[86.72106,20.97644],[86.7226,20.97767],[86.72431,20.97821],[86.72578,20.97814],[86.72652,20.97775],[86.72863,20.97768],[86.73026,20.97837],[86.73099,20.97975],[86.73074,20.98052],[86.72718,20.98325],[86.72748,20.98426],[86.72869,20.98404],[86.73019,20.98438],[86.7313,20.98381],[86.73325,20.98489],[86.73407,20.98504],[86.73472,20.98497],[86.73636,20.98328],[86.73693,20.98305],[86.73824,20.98298],[86.74153,20.9835],[86.74107,20.97865],[86.7403,20.97769],[86.73775,20.97576],[86.73671,20.97308],[86.73439,20.97144],[86.73342,20.97043],[86.73267,20.96815],[86.73168,20.96772],[86.73046,20.96611],[86.73028,20.96451],[86.72932,20.96496],[86.72851,20.96488],[86.72778,20.96549],[86.72769,20.96687],[86.7263,20.96848],[86.72629,20.97093],[86.72466,20.96986],[86.72442,20.97108],[86.72303,20.971],[86.72295,20.97208],[86.72392,20.97323],[86.72335,20.97384],[86.72269,20.97384],[86.72083,20.97307],[86.71952,20.9733],[86.71846,20.97307],[86.71669,20.97073],[86.71619,20.971],[86.71602,20.97161]]]}},{"type":"Feature","properties":{"LCODE":"050201014001400060","LOCATION":"KASATI","V_TYPE":"VILLAGE","BLOCK":"TIHIDI","DISTRICT":"BHADRAK"},"geometry":{"type":"Polygon","coordinates":[[[86.56605,20.97833],[86.56643,20.98455],[86.56706,20.9847],[86.56896,20.98325],[86.56978,20.98202],[86.57053,20.97964],[86.57291,20.97634],[86.57307,20.97527],[86.57226,20.9745],[86.57047,20.97473],[86.56826,20.97634],[86.56677,20.97636],[86.56622,20.9771],[86.56605,20.97833]]]}},{"type":"Feature","properties":{"LCODE":"050220013001300076","LOCATION":"GOKULAPUR","V_TYPE":"VILLAGE","BLOCK":"BASUDEVPUR","DISTRICT":"BHADRAK"},"geometry":{"type":"Polygon","coordinates":[[[86.82161,20.97902],[86.82188,20.98132],[86.82472,20.98205],[86.82714,20.98346],[86.83389,20.98402],[86.83608,20.98458],[86.83827,20.98458],[86.83813,20.98346],[86.83557,20.98082],[86.83202,20.97831],[86.8318,20.97761],[86.82894,20.97781],[86.82754,20.97886],[86.82584,20.97861],[86.82161,20.97902]]]}},{"type":"Feature","properties":{"LCODE":"050220013001300065","LOCATION":"KHANTAKHUADA","V_TYPE":"VILLAGE","BLOCK":"BASUDEVPUR","DISTRICT":"BHADRAK"},"geometry":{"type":"Polygon","coordinates":[[[86.77413,20.97895],[86.77613,20.98085],[86.78172,20.98277],[86.78292,20.98394],[86.78291,20.98442],[86.78584,20.98459],[86.78609,20.9838],[86.78539,20.98221],[86.78548,20.98175],[86.78671,20.9813],[86.78793,20.98124],[86.79266,20.97462],[86.79219,20.97439],[86.79132,20.97323],[86.79102,20.9717],[86.78717,20.97294],[86.78529,20.97315],[86.78369,20.97144],[86.78297,20.97104],[86.78191,20.9708],[86.77925,20.97091],[86.77936,20.9726],[86.77852,20.97428],[86.77511,20.97838],[86.77413,20.97895]]]}},{"type":"Feature","properties":{"LCODE":"050270017001700059","LOCATION":"BISWALSASAN","V_TYPE":"VILLAGE","BLOCK":"BHANDARIPOKHARI","DISTRICT":"BHADRAK"},"geometry":{"type":"Polygon","coordinates":[[[86.31492,20.97162],[86.31522,20.97306],[86.31692,20.97445],[86.31703,20.97537],[86.31679,20.97606],[86.31708,20.97644],[86.31718,20.97882],[86.31824,20.98077],[86.3187,20.983],[86.31914,20.98288],[86.32279,20.98442],[86.32383,20.98459],[86.32392,20.98407],[86.32447,20.98359],[86.326,20.98307],[86.33119,20.98248],[86.33112,20.98056],[86.33172,20.97931],[86.33347,20.97847],[86.33546,20.97835],[86.33473,20.97727],[86.33452,20.97605],[86.33353,20.97379],[86.33321,20.97204],[86.33331,20.97058],[86.33406,20.96878],[86.33367,20.96535],[86.33227,20.96103],[86.33088,20.96023],[86.32916,20.96077],[86.3268,20.96079],[86.32614,20.96074],[86.32455,20.9598],[86.3231,20.96009],[86.32183,20.95988],[86.32186,20.96175],[86.32087,20.96348],[86.31967,20.96422],[86.31741,20.96461],[86.31718,20.96516],[86.31735,20.9673],[86.31712,20.96946],[86.31554,20.97067],[86.31492,20.97162]]]}},{"type":"Feature","properties":{"LCODE":"050270017001700020","LOCATION":"BABALPUR","V_TYPE":"VILLAGE","BLOCK":"BHANDARIPOKHARI","DISTRICT":"BHADRAK"},"geometry":{"type":"Polygon","coordinates":[[[86.28654,20.98195],[86.29427,20.98134],[86.2951,20.98154],[86.29616,20.98357],[86.29666,20.98393],[86.29806,20.98411],[86.29897,20.98261],[86.29935,20.98086],[86.29933,20.97938],[86.29906,20.9787],[86.29642,20.97796],[86.29482,20.97672],[86.29316,20.97617],[86.29195,20.97629],[86.29035,20.9772],[86.28724,20.97684],[86.28654,20.98195]]]}},{"type":"Feature","properties":{"LCODE":"050260016001600042","LOCATION":"BABURIGAN","V_TYPE":"VILLAGE","BLOCK":"DHAMNAGAR","DISTRICT":"BHADRAK"},"geometry":{"type":"Polygon","coordinates":[[[86.47445,20.97249],[86.47473,20.97337],[86.47642,20.97475],[86.47868,20.97819],[86.47955,20.98129],[86.4805,20.98256],[86.48016,20.98388],[86.48692,20.97985],[86.48624,20.97926],[86.4866,20.97825],[86.48544,20.97776],[86.48507,20.97678],[86.48571,20.97645],[86.48604,20.97663],[86.48705,20.9754],[86.48759,20.97262],[86.48684,20.97035],[86.48421,20.96609],[86.4813,20.96659],[86.47926,20.96652],[86.47757,20.96521],[86.47797,20.96688],[86.47903,20.96875],[86.47927,20.97073],[86.47746,20.97211],[86.47659,20.97203],[86.47593,20.97271],[86.47445,20.97249]]]}},{"type":"Feature","properties":{"LCODE":"050201014001400030","LOCATION":"BAMANABINDHA","V_TYPE":"VILLAGE","BLOCK":"TIHIDI","DISTRICT":"BHADRAK"},"geometry":{"type":"Polygon","coordinates":[[[86.7174,20.94885],[86.7178,20.94946],[86.7196,20.94992],[86.7213,20.95123],[86.72252,20.95276],[86.72276,20.95476],[86.72243,20.95552],[86.72079,20.95682],[86.72071,20.95728],[86.72153,20.95813],[86.72258,20.95882],[86.72413,20.95882],[86.72575,20.9599],[86.72763,20.96051],[86.73032,20.95998],[86.73243,20.96236],[86.73228,20.96275],[86.73381,20.96328],[86.73421,20.96443],[86.73421,20.96726],[86.73363,20.96811],[86.73267,20.96815],[86.73291,20.9694],[86.73342,20.97043],[86.73439,20.97144],[86.73671,20.97308],[86.73775,20.97576],[86.7403,20.97769],[86.74107,20.97865],[86.74153,20.9835],[86.74287,20.98321],[86.7463,20.98368],[86.74999,20.98222],[86.75161,20.98083],[86.75067,20.97975],[86.74952,20.97912],[86.74745,20.97908],[86.7468,20.97877],[86.7468,20.97831],[86.7498,20.97558],[86.75093,20.97325],[86.74903,20.96981],[86.7483,20.96935],[86.74529,20.96935],[86.74398,20.96843],[86.74194,20.96835],[86.74121,20.96804],[86.73666,20.96282],[86.73383,20.95837],[86.73212,20.9563],[86.73,20.95507],[86.72863,20.95247],[86.72579,20.94909],[86.72171,20.94579],[86.71822,20.94678],[86.7174,20.94885]]]}},{"type":"Feature","properties":{"LCODE":"050201014001400063","LOCATION":"JAYPUR","V_TYPE":"VILLAGE","BLOCK":"TIHIDI","DISTRICT":"BHADRAK"},"geometry":{"type":"Polygon","coordinates":[[[86.58177,20.97912],[86.58314,20.98349],[86.58599,20.98296],[86.58819,20.98365],[86.58868,20.9835],[86.5895,20.9825],[86.58975,20.98104],[86.58862,20.9782],[86.58847,20.97536],[86.58782,20.97467],[86.58669,20.97467],[86.58578,20.97528],[86.58358,20.97582],[86.58276,20.97681],[86.58177,20.97912]]]}},{"type":"Feature","properties":{"LCODE":"050270017001700022","LOCATION":"TULPADI","V_TYPE":"VILLAGE","BLOCK":"BHANDARIPOKHARI","DISTRICT":"BHADRAK"},"geometry":{"type":"Polygon","coordinates":[[[86.30991,20.97872],[86.3101,20.97975],[86.31206,20.98132],[86.31507,20.9812],[86.31566,20.98164],[86.31654,20.98321],[86.31729,20.98357],[86.31802,20.98354],[86.3187,20.983],[86.31824,20.98077],[86.31718,20.97882],[86.31708,20.97644],[86.31673,20.976],[86.31477,20.97592],[86.31201,20.97634],[86.31012,20.97787],[86.30991,20.97872]]]}},{"type":"Feature","properties":{"LCODE":"050220013001300082","LOCATION":"TULASIBATIA","V_TYPE":"VILLAGE","BLOCK":"BASUDEVPUR","DISTRICT":"BHADRAK"},"geometry":{"type":"Polygon","coordinates":[[[86.83171,20.97785],[86.83315,20.97932],[86.83557,20.98082],[86.83813,20.98346],[86.83916,20.97987],[86.83937,20.97734],[86.84046,20.97551],[86.84161,20.97453],[86.84267,20.9731],[86.84043,20.97221],[86.83579,20.97191],[86.83523,20.9716],[86.83483,20.97089],[86.83384,20.97204],[86.83308,20.97357],[86.83171,20.97785]]]}},{"type":"Feature","properties":{"LCODE":"050260017001700009","LOCATION":"OHABPURA","V_TYPE":"VILLAGE","BLOCK":"BHANDARIPOKHARI","DISTRICT":"BHADRAK"},"geometry":{"type":"Polygon","coordinates":[[[86.44584,20.98088],[86.44586,20.98149],[86.44648,20.98261],[86.44777,20.98338],[86.4483,20.98124],[86.45374,20.9811],[86.45406,20.9804],[86.45551,20.97988],[86.45628,20.97901],[86.4554,20.9759],[86.45387,20.97581],[86.45065,20.97686],[86.4469,20.97892],[86.44584,20.98088]]]}},{"type":"Feature","properties":{"LCODE":"050201014001400068","LOCATION":"GUDPAL","V_TYPE":"VILLAGE","BLOCK":"TIHIDI","DISTRICT":"BHADRAK"},"geometry":{"type":"Polygon","coordinates":[[[86.61134,20.95674],[86.61217,20.95904],[86.61232,20.96342],[86.61264,20.96419],[86.61288,20.96461],[86.61395,20.9648],[86.61517,20.96611],[86.6167,20.96895],[86.61678,20.97064],[86.61611,20.97256],[86.61651,20.97448],[86.61716,20.97578],[86.6178,20.97668],[86.61944,20.97571],[86.62059,20.97402],[86.62157,20.97157],[86.62239,20.97095],[86.62354,20.97111],[86.62531,20.97341],[86.6258,20.97479],[86.62611,20.97771],[86.62569,20.98086],[86.62601,20.98193],[86.62691,20.98324],[86.62724,20.98301],[86.62731,20.98247],[86.62701,20.97817],[86.62767,20.97556],[86.62759,20.97472],[86.62622,20.97103],[86.62655,20.97042],[86.62859,20.96935],[86.63194,20.96636],[86.63479,20.96514],[86.6319,20.95869],[86.63008,20.95625],[86.62971,20.95646],[86.628,20.95607],[86.62711,20.95485],[86.62654,20.95331],[86.62468,20.95147],[86.62313,20.95039],[86.61989,20.94899],[86.61776,20.94984],[86.61498,20.95168],[86.61269,20.95452],[86.61134,20.95674]]]}},{"type":"Feature","properties":{"LCODE":"050201014001400033","LOCATION":"FAKIRPUR","V_TYPE":"VILLAGE","BLOCK":"TIHIDI","DISTRICT":"BHADRAK"},"geometry":{"type":"Polygon","coordinates":[[[86.71944,20.97615],[86.72003,20.97983],[86.72064,20.97997],[86.72177,20.98173],[86.72275,20.98219],[86.72528,20.98174],[86.72642,20.98228],[86.72718,20.98325],[86.73074,20.98052],[86.73099,20.97975],[86.73074,20.97906],[86.72945,20.97783],[86.72765,20.97768],[86.72652,20.97775],[86.72578,20.97814],[86.72358,20.97813],[86.72106,20.97644],[86.71944,20.97615]]]}},{"type":"Feature","properties":{"LCODE":"050220013001300083","LOCATION":"TENTULIADIA","V_TYPE":"VILLAGE","BLOCK":"BASUDEVPUR","DISTRICT":"BHADRAK"},"geometry":{"type":"Polygon","coordinates":[[[86.83921,20.97893],[86.84143,20.98066],[86.84483,20.98194],[86.85046,20.98171],[86.85093,20.98248],[86.85081,20.98317],[86.85523,20.98322],[86.85499,20.97824],[86.84166,20.97698],[86.83942,20.97723],[86.83921,20.97893]]]}},{"type":"Feature","properties":{"LCODE":"050201014001400076","LOCATION":"KOLHA","V_TYPE":"VILLAGE","BLOCK":"TIHIDI","DISTRICT":"BHADRAK"},"geometry":{"type":"Polygon","coordinates":[[[86.661,20.97211],[86.66248,20.9743],[86.66352,20.97699],[86.66469,20.98161],[86.66628,20.98213],[86.66782,20.98213],[86.67101,20.98083],[86.67459,20.9806],[86.67606,20.97969],[86.67712,20.97846],[86.67757,20.97735],[86.67697,20.9767],[86.67559,20.97378],[86.67494,20.97309],[86.67201,20.97194],[86.67161,20.97125],[86.67228,20.96764],[86.67204,20.96703],[86.67086,20.96585],[86.67,20.96664],[86.66731,20.96626],[86.6665,20.96641],[86.66388,20.96809],[86.661,20.97211]]]}},{"type":"Feature","properties":{"LCODE":"050201014001400095","LOCATION":"KASINDPUR","V_TYPE":"VILLAGE","BLOCK":"TIHIDI","DISTRICT":"BHADRAK"},"geometry":{"type":"Polygon","coordinates":[[[86.74821,20.96858],[86.74821,20.96934],[86.74903,20.96981],[86.74968,20.97066],[86.75141,20.97391],[86.75214,20.97431],[86.75304,20.97424],[86.75384,20.97471],[86.75464,20.97557],[86.75566,20.97796],[86.75654,20.97882],[86.76176,20.98218],[86.76231,20.9818],[86.75966,20.97748],[86.75757,20.97569],[86.75694,20.97422],[86.75668,20.97076],[86.75627,20.97029],[86.75385,20.96926],[86.75313,20.96856],[86.75266,20.96763],[86.7524,20.96287],[86.75192,20.96263],[86.74844,20.96296],[86.74821,20.96858]]]}},{"type":"Feature","properties":{"LCODE":"050190011001100167","LOCATION":"DINARI","V_TYPE":"VILLAGE","BLOCK":"BHADRAK","DISTRICT":"BHADRAK"},"geometry":{"type":"Polygon","coordinates":[[[86.52349,20.98119],[86.52634,20.98205],[86.52708,20.98197],[86.52969,20.98028],[86.53072,20.97935],[86.53035,20.97852],[86.5302,20.97575],[86.53127,20.97568],[86.53239,20.97504],[86.53143,20.97399],[86.53046,20.97383],[86.52402,20.97436],[86.52349,20.98119]]]}},{"type":"Feature","properties":{"LCODE":"050260017001700019","LOCATION":"MAJURIGARIA","V_TYPE":"VILLAGE","BLOCK":"BHANDARIPOKHARI","DISTRICT":"BHADRAK"},"geometry":{"type":"Polygon","coordinates":[[[86.39858,20.97268],[86.39931,20.97638],[86.39999,20.97712],[86.40204,20.97727],[86.40296,20.97792],[86.40314,20.97837],[86.40296,20.97984],[86.40403,20.98202],[86.40565,20.9818],[86.40885,20.98021],[86.41035,20.97893],[86.41142,20.97735],[86.41067,20.97485],[86.40928,20.97284],[86.40913,20.96932],[86.40768,20.96784],[86.40641,20.96766],[86.40591,20.96845],[86.40583,20.97037],[86.40639,20.97188],[86.40617,20.9725],[86.40324,20.97277],[86.40151,20.97238],[86.39858,20.97268]]]}},{"type":"Feature","properties":{"LCODE":"050202014001400096","LOCATION":"NUAGAN","V_TYPE":"VILLAGE","BLOCK":"TIHIDI","DISTRICT":"BHADRAK"},"geometry":{"type":"Polygon","coordinates":[[[86.7565,20.97056],[86.75694,20.97422],[86.75757,20.97569],[86.75966,20.97748],[86.76231,20.9818],[86.76524,20.97978],[86.76732,20.9795],[86.7654,20.97479],[86.76255,20.96892],[86.75792,20.96917],[86.75685,20.96992],[86.7565,20.97056]]]}},{"type":"Feature","properties":{"LCODE":"050201014001400075","LOCATION":"NISCHINTAPUR","V_TYPE":"VILLAGE","BLOCK":"TIHIDI","DISTRICT":"BHADRAK"},"geometry":{"type":"Polygon","coordinates":[[[86.65195,20.97636],[86.65301,20.9782],[86.65446,20.97966],[86.65829,20.98151],[86.66253,20.98128],[86.66469,20.98161],[86.664,20.97845],[86.66248,20.9743],[86.66069,20.97169],[86.65939,20.97146],[86.6558,20.97153],[86.65474,20.97207],[86.65433,20.97284],[86.65472,20.97537],[86.65211,20.97585],[86.65195,20.97636]]]}},{"type":"Feature","properties":{"LCODE":"050270017001700021","LOCATION":"BRAHMAPUR","V_TYPE":"VILLAGE","BLOCK":"BHANDARIPOKHARI","DISTRICT":"BHADRAK"},"geometry":{"type":"Polygon","coordinates":[[[86.29909,20.97332],[86.30061,20.97687],[86.30109,20.98053],[86.30368,20.97989],[86.30407,20.98024],[86.30627,20.97956],[86.30863,20.98131],[86.30937,20.98158],[86.30978,20.98141],[86.31012,20.97787],[86.31171,20.97653],[86.31093,20.97561],[86.30975,20.97482],[86.30737,20.97461],[86.30581,20.97413],[86.30424,20.97403],[86.3037,20.97467],[86.30273,20.97479],[86.30133,20.97431],[86.29981,20.97322],[86.29916,20.97309],[86.29909,20.97332]]]}},{"type":"Feature","properties":{"LCODE":"050220013001300066","LOCATION":"KALIAPATA","V_TYPE":"VILLAGE","BLOCK":"BASUDEVPUR","DISTRICT":"BHADRAK"},"geometry":{"type":"Polygon","coordinates":[[[86.78984,20.97866],[86.79187,20.97945],[86.79326,20.97909],[86.79374,20.97933],[86.79494,20.98095],[86.79615,20.98143],[86.79894,20.97978],[86.80005,20.98007],[86.80042,20.97926],[86.80044,20.97811],[86.79972,20.97726],[86.79883,20.97679],[86.79804,20.97524],[86.79724,20.97446],[86.7965,20.97491],[86.79552,20.97505],[86.79266,20.97462],[86.78984,20.97866]]]}},{"type":"Feature","properties":{"LCODE":"050260017001700020","LOCATION":"MAHURA","V_TYPE":"VILLAGE","BLOCK":"BHANDARIPOKHARI","DISTRICT":"BHADRAK"},"geometry":{"type":"Polygon","coordinates":[[[86.39866,20.957],[86.39981,20.96056],[86.40218,20.96062],[86.40298,20.96258],[86.40405,20.96272],[86.40553,20.96424],[86.40695,20.96454],[86.40641,20.96766],[86.40768,20.96784],[86.40913,20.96932],[86.40928,20.97284],[86.41048,20.97454],[86.41612,20.97256],[86.41701,20.97238],[86.418,20.97257],[86.42013,20.9747],[86.42172,20.97587],[86.42226,20.97707],[86.42305,20.98134],[86.42348,20.9807],[86.4238,20.97862],[86.42588,20.97777],[86.42616,20.97653],[86.42688,20.97648],[86.42411,20.97432],[86.42212,20.97363],[86.42053,20.97269],[86.41752,20.96599],[86.41718,20.9667],[86.41615,20.96728],[86.41508,20.96716],[86.41457,20.96665],[86.41409,20.9649],[86.41472,20.96036],[86.41466,20.9589],[86.41355,20.95527],[86.41137,20.95643],[86.4103,20.95624],[86.40878,20.95508],[86.40696,20.95431],[86.40536,20.95299],[86.40376,20.95581],[86.40312,20.95622],[86.40088,20.95723],[86.39999,20.95734],[86.39866,20.957]]]}},{"type":"Feature","properties":{"LCODE":"050260017001700010","LOCATION":"KARANJIGUNPUR","V_TYPE":"VILLAGE","BLOCK":"BHANDARIPOKHARI","DISTRICT":"BHADRAK"},"geometry":{"type":"Polygon","coordinates":[[[86.43781,20.97024],[86.43859,20.97151],[86.43944,20.97225],[86.43921,20.97256],[86.43951,20.97385],[86.44171,20.97783],[86.44584,20.98098],[86.4469,20.97892],[86.45145,20.97644],[86.453,20.97612],[86.45155,20.97307],[86.45242,20.97043],[86.4523,20.96767],[86.45181,20.96762],[86.45094,20.96834],[86.45004,20.96822],[86.44945,20.96779],[86.44798,20.96777],[86.44812,20.96723],[86.44884,20.96682],[86.44872,20.96598],[86.44753,20.96679],[86.44602,20.96664],[86.44566,20.96687],[86.44597,20.96839],[86.44686,20.97019],[86.44672,20.97065],[86.44623,20.97067],[86.44361,20.96664],[86.4433,20.96704],[86.44357,20.96771],[86.44354,20.96894],[86.44307,20.96927],[86.44225,20.96922],[86.44164,20.96833],[86.44051,20.96845],[86.43787,20.96978],[86.43781,20.97024]]]}},{"type":"Feature","properties":{"LCODE":"050190011001100166","LOCATION":"GANJAMAL","V_TYPE":"VILLAGE","BLOCK":"BHADRAK","DISTRICT":"BHADRAK"},"geometry":{"type":"Polygon","coordinates":[[[86.51335,20.97191],[86.51466,20.97266],[86.51586,20.97558],[86.5173,20.9805],[86.51656,20.98096],[86.52113,20.98066],[86.5235,20.98018],[86.52402,20.97436],[86.52239,20.9739],[86.52126,20.97282],[86.51963,20.97251],[86.51621,20.97082],[86.51532,20.97082],[86.51335,20.97191]]]}},{"type":"Feature","properties":{"LCODE":"050270017001700065","LOCATION":"JHUTANA","V_TYPE":"VILLAGE","BLOCK":"BHANDARIPOKHARI","DISTRICT":"BHADRAK"},"geometry":{"type":"Polygon","coordinates":[[[86.28724,20.97684],[86.29035,20.9772],[86.29195,20.97629],[86.29316,20.97617],[86.29482,20.97672],[86.29642,20.97796],[86.29906,20.9787],[86.29933,20.97938],[86.29933,20.98076],[86.30109,20.98053],[86.30061,20.97687],[86.29937,20.97439],[86.29916,20.97309],[86.30023,20.97343],[86.30191,20.97459],[86.30331,20.97477],[86.30424,20.97403],[86.30443,20.97242],[86.30354,20.96862],[86.30203,20.96569],[86.30103,20.96488],[86.30019,20.96461],[86.29832,20.96484],[86.29778,20.96532],[86.29662,20.96882],[86.29623,20.96922],[86.29574,20.96924],[86.2944,20.96852],[86.29251,20.96614],[86.29092,20.96497],[86.29002,20.96836],[86.2878,20.97262],[86.28724,20.97684]]]}},{"type":"Feature","properties":{"LCODE":"050252016001600006","LOCATION":"NUNIA","V_TYPE":"VILLAGE","BLOCK":"DHAMNAGAR","DISTRICT":"BHADRAK"},"geometry":{"type":"Polygon","coordinates":[[[86.52457,20.96353],[86.52519,20.96525],[86.52673,20.9673],[86.52846,20.9673],[86.52911,20.96768],[86.52885,20.97091],[86.53202,20.97168],[86.53429,20.97376],[86.53584,20.97476],[86.53679,20.97829],[86.53908,20.97814],[86.54103,20.97861],[86.54298,20.97807],[86.54543,20.98015],[86.54688,20.98061],[86.54852,20.98023],[86.54917,20.97977],[86.54926,20.97908],[86.54853,20.97746],[86.54618,20.975],[86.54591,20.97358],[86.54448,20.97285],[86.54416,20.97178],[86.5427,20.96985],[86.54092,20.96877],[86.53959,20.96863],[86.5379,20.96962],[86.53651,20.96923],[86.53498,20.967],[86.53384,20.96592],[86.53231,20.96323],[86.53224,20.96054],[86.53163,20.95876],[86.52923,20.95916],[86.52865,20.96154],[86.52734,20.96207],[86.52637,20.96177],[86.52679,20.95954],[86.52654,20.95908],[86.52565,20.95908],[86.52555,20.96207],[86.52481,20.96284],[86.52457,20.96353]]]}},{"type":"Feature","properties":{"LCODE":"050220013001300087","LOCATION":"NANDAPATNA","V_TYPE":"VILLAGE","BLOCK":"BASUDEVPUR","DISTRICT":"BHADRAK"},"geometry":{"type":"Polygon","coordinates":[[[86.86095,20.96665],[86.86962,20.96938],[86.87389,20.97236],[86.87525,20.97406],[86.87837,20.9771],[86.88242,20.97907],[86.8871,20.98032],[86.88813,20.978],[86.88883,20.97502],[86.88994,20.97204],[86.89118,20.97044],[86.89442,20.96751],[86.88393,20.96605],[86.88222,20.96556],[86.87988,20.96415],[86.87299,20.96267],[86.87153,20.96204],[86.86912,20.96017],[86.86468,20.95788],[86.86201,20.95721],[86.86137,20.96121],[86.8613,20.96535],[86.86095,20.96665]]]}},{"type":"Feature","properties":{"LCODE":"050202014001400097","LOCATION":"KANDAGARADI","V_TYPE":"VILLAGE","BLOCK":"TIHIDI","DISTRICT":"BHADRAK"},"geometry":{"type":"Polygon","coordinates":[[[86.76213,20.96577],[86.76264,20.96938],[86.7654,20.97479],[86.76732,20.9795],[86.76979,20.98031],[86.77142,20.98025],[86.77306,20.97974],[86.77511,20.97838],[86.7791,20.97337],[86.77946,20.97153],[86.77914,20.97061],[86.77729,20.96951],[86.77657,20.9685],[86.7766,20.96712],[86.7777,20.96421],[86.77946,20.96117],[86.77906,20.96093],[86.77816,20.96123],[86.77662,20.96113],[86.77518,20.95904],[86.77429,20.95895],[86.77206,20.96053],[86.76732,20.96231],[86.76519,20.96297],[86.76243,20.96324],[86.76213,20.96577]]]}},{"type":"Feature","properties":{"LCODE":"050260016001600044","LOCATION":"KASOTI","V_TYPE":"VILLAGE","BLOCK":"DHAMNAGAR","DISTRICT":"BHADRAK"},"geometry":{"type":"Polygon","coordinates":[[[86.49083,20.97196],[86.49477,20.98022],[86.50053,20.97995],[86.50099,20.97972],[86.50032,20.9713],[86.49943,20.97092],[86.49891,20.97018],[86.49784,20.96999],[86.49615,20.97059],[86.49669,20.97172],[86.49591,20.97252],[86.49585,20.97122],[86.49525,20.97055],[86.49438,20.97128],[86.49357,20.97123],[86.49312,20.97217],[86.49263,20.97227],[86.4924,20.97059],[86.49191,20.97038],[86.49146,20.9714],[86.49083,20.97196]]]}},{"type":"Feature","properties":{"LCODE":"050270017001700039","LOCATION":"BAHADALPUR","V_TYPE":"VILLAGE","BLOCK":"BHANDARIPOKHARI","DISTRICT":"BHADRAK"},"geometry":{"type":"Polygon","coordinates":[[[86.38718,20.97702],[86.38798,20.9786],[86.38881,20.97902],[86.3913,20.978],[86.39214,20.9785],[86.39265,20.97925],[86.3952,20.9799],[86.3956,20.97936],[86.39841,20.97818],[86.3993,20.97607],[86.39858,20.97268],[86.39801,20.97267],[86.39689,20.97111],[86.39649,20.96936],[86.39674,20.96901],[86.39442,20.96876],[86.39353,20.96894],[86.39208,20.96931],[86.38953,20.97071],[86.38907,20.97135],[86.38879,20.97465],[86.38718,20.97702]]]}},{"type":"Feature","properties":{"LCODE":"050252016001600001","LOCATION":"BARGARA","V_TYPE":"VILLAGE","BLOCK":"DHAMNAGAR","DISTRICT":"BHADRAK"},"geometry":{"type":"Polygon","coordinates":[[[86.50032,20.9713],[86.50099,20.97972],[86.50256,20.97879],[86.50526,20.97649],[86.5073,20.97602],[86.50553,20.97211],[86.50497,20.96911],[86.505,20.96593],[86.50286,20.96873],[86.50106,20.97011],[86.50032,20.9713]]]}},{"type":"Feature","properties":{"LCODE":"050201014001400144","LOCATION":"BILANA","V_TYPE":"VILLAGE","BLOCK":"TIHIDI","DISTRICT":"BHADRAK"},"geometry":{"type":"Polygon","coordinates":[[[86.57533,20.9502],[86.57612,20.95155],[86.57612,20.95224],[86.57545,20.95346],[86.57554,20.95439],[86.5769,20.95976],[86.57818,20.96337],[86.5783,20.96549],[86.58305,20.96753],[86.58662,20.96986],[86.58801,20.9696],[86.58875,20.97006],[86.58923,20.97222],[86.58889,20.97398],[86.58828,20.97506],[86.58863,20.97628],[86.58862,20.9782],[86.58906,20.97959],[86.5927,20.97844],[86.59473,20.97859],[86.59531,20.97836],[86.59729,20.97673],[86.59753,20.97392],[86.60063,20.97177],[86.60208,20.97034],[86.60154,20.96962],[86.60098,20.9674],[86.60114,20.96655],[86.60254,20.96486],[86.60328,20.96226],[86.60296,20.96095],[86.60175,20.9601],[86.59604,20.95994],[86.59531,20.95902],[86.59206,20.9574],[86.59028,20.95502],[86.58947,20.95418],[86.58874,20.95387],[86.58931,20.95256],[86.58924,20.9508],[86.58884,20.95003],[86.58649,20.94749],[86.58575,20.94718],[86.58322,20.94818],[86.58163,20.94802],[86.57939,20.94856],[86.57533,20.9502]]]}},{"type":"Feature","properties":{"LCODE":"050220013001300077","LOCATION":"BALARAMPUR","V_TYPE":"VILLAGE","BLOCK":"BASUDEVPUR","DISTRICT":"BHADRAK"},"geometry":{"type":"Polygon","coordinates":[[[86.81713,20.97],[86.81763,20.9722],[86.81826,20.97344],[86.81954,20.97499],[86.82124,20.97548],[86.82156,20.9764],[86.82161,20.97902],[86.82584,20.97861],[86.82754,20.97886],[86.82894,20.97781],[86.8318,20.97761],[86.83308,20.97357],[86.83384,20.97204],[86.83483,20.97089],[86.83451,20.9656],[86.83405,20.9636],[86.83324,20.96367],[86.83251,20.96327],[86.83189,20.96111],[86.83332,20.95868],[86.83324,20.95657],[86.8327,20.95713],[86.83179,20.95743],[86.8278,20.95707],[86.82754,20.95875],[86.82662,20.96004],[86.82319,20.96077],[86.81958,20.96241],[86.81877,20.9625],[86.81848,20.965],[86.81752,20.96929],[86.81713,20.97]]]}},{"type":"Feature","properties":{"LCODE":"050201014001400079","LOCATION":"KAMARIA","V_TYPE":"VILLAGE","BLOCK":"TIHIDI","DISTRICT":"BHADRAK"},"geometry":{"type":"Polygon","coordinates":[[[86.67156,20.96653],[86.67228,20.96764],[86.67161,20.97125],[86.67201,20.97194],[86.67494,20.97309],[86.67559,20.97378],[86.67746,20.97731],[86.67982,20.97762],[86.68151,20.97883],[86.68365,20.97632],[86.68451,20.9757],[86.68334,20.97287],[86.68269,20.9721],[86.68074,20.97087],[86.68034,20.96995],[86.6801,20.96788],[86.68048,20.96627],[86.67921,20.96627],[86.67677,20.96573],[86.67277,20.96603],[86.67156,20.96653]]]}},{"type":"Feature","properties":{"LCODE":"050270017001700058","LOCATION":"KULANA","V_TYPE":"VILLAGE","BLOCK":"BHANDARIPOKHARI","DISTRICT":"BHADRAK"},"geometry":{"type":"Polygon","coordinates":[[[86.33196,20.9608],[86.33227,20.96103],[86.33367,20.96535],[86.33408,20.96733],[86.33406,20.96878],[86.33318,20.97135],[86.33353,20.97379],[86.33452,20.97605],[86.33473,20.97727],[86.33546,20.97835],[86.33591,20.97799],[86.33945,20.97708],[86.34242,20.97581],[86.34409,20.97483],[86.34678,20.97257],[86.34721,20.97201],[86.34586,20.96816],[86.34563,20.96441],[86.34502,20.96344],[86.34296,20.96298],[86.34254,20.96101],[86.34209,20.95988],[86.34158,20.95936],[86.34,20.9585],[86.33497,20.95916],[86.33196,20.9608]]]}},{"type":"Feature","properties":{"LCODE":"050252016001600005","LOCATION":"SARAPUR","V_TYPE":"VILLAGE","BLOCK":"DHAMNAGAR","DISTRICT":"BHADRAK"},"geometry":{"type":"Polygon","coordinates":[[[86.5177,20.97164],[86.51963,20.97251],[86.52126,20.97282],[86.52239,20.9739],[86.52377,20.97436],[86.53046,20.97383],[86.53143,20.97399],[86.53297,20.97576],[86.53549,20.97791],[86.53679,20.97829],[86.53584,20.97476],[86.53429,20.97376],[86.53202,20.97168],[86.52885,20.97091],[86.52911,20.96768],[86.52846,20.9673],[86.52593,20.96753],[86.52528,20.96791],[86.52495,20.9686],[86.5238,20.96929],[86.52201,20.96898],[86.5177,20.97164]]]}},{"type":"Feature","properties":{"LCODE":"050220013001300084","LOCATION":"CHHENAKHIA","V_TYPE":"VILLAGE","BLOCK":"BASUDEVPUR","DISTRICT":"BHADRAK"},"geometry":{"type":"Polygon","coordinates":[[[86.83942,20.97723],[86.84288,20.977],[86.85011,20.97794],[86.85499,20.97824],[86.8559,20.97687],[86.85699,20.97231],[86.85339,20.97116],[86.85055,20.97066],[86.84455,20.96853],[86.84278,20.97293],[86.84161,20.97453],[86.84046,20.97551],[86.83942,20.97723]]]}},{"type":"Feature","properties":{"LCODE":"050260016001600043","LOCATION":"SWAMIPATANA","V_TYPE":"VILLAGE","BLOCK":"DHAMNAGAR","DISTRICT":"BHADRAK"},"geometry":{"type":"Polygon","coordinates":[[[86.48421,20.96609],[86.48684,20.97035],[86.48759,20.97262],[86.48735,20.97478],[86.48604,20.97663],[86.4874,20.97784],[86.49002,20.97804],[86.49033,20.97781],[86.49016,20.97745],[86.48786,20.97705],[86.48766,20.9763],[86.48876,20.97533],[86.48855,20.97412],[86.48878,20.97395],[86.48961,20.97407],[86.49054,20.9748],[86.49094,20.97463],[86.49084,20.9741],[86.48962,20.97254],[86.4895,20.97155],[86.49083,20.97196],[86.49146,20.9714],[86.49191,20.97038],[86.4924,20.97059],[86.49252,20.9713],[86.49284,20.97119],[86.49265,20.96698],[86.49293,20.96559],[86.49413,20.96317],[86.49383,20.96188],[86.49306,20.96099],[86.49196,20.96211],[86.4882,20.96379],[86.48589,20.96534],[86.48421,20.96609]]]}},{"type":"Feature","properties":{"LCODE":"050201014001400072","LOCATION":"BARIKBINDHA","V_TYPE":"VILLAGE","BLOCK":"TIHIDI","DISTRICT":"BHADRAK"},"geometry":{"type":"Polygon","coordinates":[[[86.64187,20.97006],[86.64275,20.97573],[86.64315,20.97689],[86.64445,20.97781],[86.6451,20.97804],[86.64739,20.9762],[86.64886,20.9759],[86.65211,20.97585],[86.65294,20.9749],[86.65318,20.97345],[86.6527,20.97276],[86.65156,20.97275],[86.64707,20.9739],[86.64504,20.97129],[86.64456,20.96945],[86.64375,20.96807],[86.64294,20.96829],[86.64187,20.97006]]]}},{"type":"Feature","properties":{"LCODE":"050220013001300067","LOCATION":"LALITADEIPUR","V_TYPE":"VILLAGE","BLOCK":"BASUDEVPUR","DISTRICT":"BHADRAK"},"geometry":{"type":"Polygon","coordinates":[[[86.79668,20.97311],[86.79712,20.97455],[86.79756,20.97462],[86.79804,20.97524],[86.79883,20.97679],[86.80026,20.97791],[86.80214,20.97692],[86.80202,20.97591],[86.80302,20.97462],[86.80311,20.974],[86.80265,20.97215],[86.80201,20.97161],[86.798,20.97301],[86.79668,20.97311]]]}},{"type":"Feature","properties":{"LCODE":"050220013001300068","LOCATION":"RAHIMPUR","V_TYPE":"VILLAGE","BLOCK":"BASUDEVPUR","DISTRICT":"BHADRAK"},"geometry":{"type":"Polygon","coordinates":[[[86.79543,20.9696],[86.79668,20.97311],[86.798,20.97301],[86.80201,20.97161],[86.80265,20.97215],[86.80311,20.974],[86.80302,20.97462],[86.80202,20.97591],[86.80214,20.97692],[86.80725,20.97483],[86.81003,20.9741],[86.81298,20.97291],[86.81348,20.97261],[86.81372,20.97136],[86.81325,20.9713],[86.81077,20.96881],[86.80866,20.96817],[86.80451,20.96811],[86.79543,20.9696]]]}},{"type":"Feature","properties":{"LCODE":"050270017001700064","LOCATION":"OLA","V_TYPE":"VILLAGE","BLOCK":"BHANDARIPOKHARI","DISTRICT":"BHADRAK"},"geometry":{"type":"Polygon","coordinates":[[[86.3018,20.96544],[86.30308,20.96733],[86.30354,20.96862],[86.30441,20.97181],[86.30424,20.97403],[86.30975,20.97482],[86.31171,20.97653],[86.31371,20.97604],[86.3164,20.97585],[86.31679,20.97606],[86.31697,20.97583],[86.31692,20.97445],[86.31522,20.97306],[86.31492,20.97162],[86.31554,20.97067],[86.31712,20.96946],[86.31735,20.9673],[86.31718,20.96516],[86.31741,20.96461],[86.31359,20.96161],[86.3073,20.96287],[86.3063,20.96429],[86.30354,20.96478],[86.3018,20.96544]]]}},{"type":"Feature","properties":{"LCODE":"050201014001400061","LOCATION":"TALAGOPBINDHA","V_TYPE":"VILLAGE","BLOCK":"TIHIDI","DISTRICT":"BHADRAK"},"geometry":{"type":"Polygon","coordinates":[[[86.56363,20.97357],[86.564,20.97533],[86.5676,20.97649],[86.56826,20.97634],[86.57047,20.97473],[86.57185,20.9745],[86.57275,20.97471],[86.57772,20.97389],[86.58205,20.97121],[86.58483,20.9706],[86.58662,20.96986],[86.58305,20.96753],[86.5783,20.96549],[86.578,20.96591],[86.57368,20.96751],[86.56886,20.96897],[86.56618,20.96942],[86.56535,20.96988],[86.56429,20.97103],[86.56363,20.97357]]]}},{"type":"Feature","properties":{"LCODE":"050260017001700025","LOCATION":"PIRIJIPUR","V_TYPE":"VILLAGE","BLOCK":"BHANDARIPOKHARI","DISTRICT":"BHADRAK"},"geometry":{"type":"Polygon","coordinates":[[[86.41752,20.96599],[86.42053,20.97269],[86.42212,20.97363],[86.42411,20.97432],[86.42688,20.97648],[86.42737,20.97625],[86.42814,20.97523],[86.42971,20.97459],[86.42877,20.97275],[86.42912,20.97143],[86.4296,20.97095],[86.42961,20.96934],[86.42934,20.96859],[86.4277,20.96659],[86.42764,20.96498],[86.42525,20.96446],[86.4211,20.96286],[86.41779,20.96303],[86.41793,20.96506],[86.41752,20.96599]]]}},{"type":"Feature","properties":{"LCODE":"050260017001700032","LOCATION":"TALASITHA","V_TYPE":"VILLAGE","BLOCK":"BHANDARIPOKHARI","DISTRICT":"BHADRAK"},"geometry":{"type":"Polygon","coordinates":[[[86.45155,20.97307],[86.453,20.97612],[86.45387,20.97581],[86.4554,20.9759],[86.45496,20.97469],[86.45494,20.97224],[86.45689,20.97002],[86.45786,20.96806],[86.45803,20.96614],[86.45759,20.96524],[86.45521,20.96495],[86.45312,20.96772],[86.4523,20.96767],[86.45242,20.97043],[86.45155,20.97307]]]}},{"type":"Feature","properties":{"LCODE":"050252016001600002","LOCATION":"AJMATPUR","V_TYPE":"VILLAGE","BLOCK":"DHAMNAGAR","DISTRICT":"BHADRAK"},"geometry":{"type":"Polygon","coordinates":[[[86.50491,20.96781],[86.50553,20.97211],[86.5073,20.97602],[86.50999,20.97519],[86.51089,20.97442],[86.51221,20.97258],[86.51314,20.97206],[86.51052,20.96897],[86.50906,20.96781],[86.50882,20.96712],[86.50907,20.96535],[86.50883,20.96466],[86.50835,20.96435],[86.50729,20.96389],[86.50687,20.96481],[86.505,20.96593],[86.50491,20.96781]]]}},{"type":"Feature","properties":{"LCODE":"050260017001700026","LOCATION":"NIRGUNDI","V_TYPE":"VILLAGE","BLOCK":"BHANDARIPOKHARI","DISTRICT":"BHADRAK"},"geometry":{"type":"Polygon","coordinates":[[[86.42611,20.95844],[86.42712,20.96063],[86.4287,20.96302],[86.42844,20.96472],[86.42764,20.96498],[86.42759,20.9659],[86.42814,20.96733],[86.42934,20.96859],[86.42961,20.96934],[86.4296,20.97095],[86.42912,20.97143],[86.42877,20.97275],[86.42949,20.97425],[86.42971,20.97459],[86.43146,20.97448],[86.43247,20.97536],[86.43417,20.97506],[86.43461,20.97581],[86.43535,20.97578],[86.43714,20.97387],[86.43827,20.97352],[86.43857,20.97289],[86.43944,20.97225],[86.43859,20.97151],[86.43781,20.97024],[86.43787,20.96978],[86.43853,20.96937],[86.43751,20.96895],[86.43632,20.96785],[86.43305,20.96392],[86.43243,20.9628],[86.43307,20.96223],[86.43008,20.95714],[86.42611,20.95844]]]}},{"type":"Feature","properties":{"LCODE":"050201014001400073","LOCATION":"FATEPUR","V_TYPE":"VILLAGE","BLOCK":"TIHIDI","DISTRICT":"BHADRAK"},"geometry":{"type":"Polygon","coordinates":[[[86.63008,20.95625],[86.6319,20.95869],[86.63479,20.96514],[86.63701,20.96399],[86.64043,20.96361],[86.64288,20.96254],[86.64329,20.96262],[86.64353,20.963],[86.64384,20.96818],[86.64456,20.96945],[86.64504,20.97129],[86.64707,20.9739],[86.65156,20.97275],[86.6527,20.97276],[86.65318,20.97345],[86.6531,20.97437],[86.65261,20.97544],[86.65211,20.97585],[86.65391,20.9756],[86.65472,20.97537],[86.65433,20.97284],[86.65474,20.97207],[86.6558,20.97153],[86.65939,20.97146],[86.66069,20.97169],[86.661,20.97211],[86.66232,20.97024],[86.66233,20.9697],[86.66184,20.96893],[86.66087,20.96816],[86.65753,20.96647],[86.65445,20.96378],[86.6538,20.96286],[86.65324,20.95972],[86.65382,20.9588],[86.65398,20.95665],[86.6531,20.95427],[86.65075,20.95043],[86.64906,20.9469],[86.64783,20.94533],[86.64613,20.94582],[86.64351,20.94827],[86.64163,20.9495],[86.63869,20.95011],[86.63804,20.95049],[86.63567,20.95286],[86.63469,20.95348],[86.63142,20.95454],[86.63023,20.95522],[86.63008,20.95625]]]}},{"type":"Feature","properties":{"LCODE":"050201014001400080","LOCATION":"SENBAD","V_TYPE":"VILLAGE","BLOCK":"TIHIDI","DISTRICT":"BHADRAK"},"geometry":{"type":"Polygon","coordinates":[[[86.6801,20.96788],[86.68034,20.96995],[86.68074,20.97087],[86.68269,20.9721],[86.68334,20.97287],[86.68451,20.9757],[86.68619,20.97449],[86.68744,20.97404],[86.6853,20.9718],[86.68539,20.97011],[86.68482,20.96789],[86.68507,20.9662],[86.68459,20.96544],[86.68345,20.96497],[86.68157,20.9652],[86.68051,20.9662],[86.6801,20.96788]]]}},{"type":"Feature","properties":{"LCODE":"050220013001300069","LOCATION":"GUHALDIHI","V_TYPE":"VILLAGE","BLOCK":"BASUDEVPUR","DISTRICT":"BHADRAK"},"geometry":{"type":"Polygon","coordinates":[[[86.791,20.97246],[86.79219,20.97439],[86.79266,20.97462],[86.79552,20.97505],[86.79712,20.97455],[86.79561,20.96992],[86.79177,20.97024],[86.79136,20.97062],[86.791,20.97246]]]}},{"type":"Feature","properties":{"LCODE":"050270017001700052","LOCATION":"FATEPUR","V_TYPE":"VILLAGE","BLOCK":"BHANDARIPOKHARI","DISTRICT":"BHADRAK"},"geometry":{"type":"Polygon","coordinates":[[[86.35184,20.97076],[86.35278,20.97157],[86.35432,20.97467],[86.35621,20.97373],[86.3604,20.97249],[86.36245,20.97154],[86.36193,20.9702],[86.36179,20.96868],[86.36238,20.96727],[86.3634,20.96623],[86.36491,20.96341],[86.36518,20.96195],[86.36503,20.96019],[86.36315,20.96011],[86.36367,20.96277],[86.36346,20.96355],[86.36298,20.96387],[86.36045,20.96398],[86.35847,20.96528],[86.35882,20.96588],[86.35867,20.96612],[86.35386,20.9683],[86.35184,20.97076]]]}},{"type":"Feature","properties":{"LCODE":"050201014001400081","LOCATION":"ARUHAN","V_TYPE":"VILLAGE","BLOCK":"TIHIDI","DISTRICT":"BHADRAK"},"geometry":{"type":"Polygon","coordinates":[[[86.68482,20.96789],[86.68539,20.97011],[86.6853,20.9718],[86.68744,20.97404],[86.69035,20.97311],[86.69442,20.9725],[86.69753,20.9705],[86.69608,20.96599],[86.69225,20.96229],[86.68755,20.96382],[86.68687,20.96498],[86.68507,20.9662],[86.68482,20.96789]]]}},{"type":"Feature","properties":{"LCODE":"050201014001400087","LOCATION":"KEDARPUR","V_TYPE":"VILLAGE","BLOCK":"TIHIDI","DISTRICT":"BHADRAK"},"geometry":{"type":"Polygon","coordinates":[[[86.70985,20.94775],[86.71056,20.94853],[86.71284,20.94922],[86.71406,20.95007],[86.71625,20.95329],[86.71542,20.95482],[86.7172,20.96027],[86.71735,20.96287],[86.71703,20.96402],[86.71604,20.96471],[86.71596,20.96563],[86.7166,20.96854],[86.7166,20.97061],[86.71846,20.97307],[86.71952,20.9733],[86.72083,20.97307],[86.72269,20.97384],[86.72335,20.97384],[86.72392,20.97323],[86.72295,20.97208],[86.72303,20.971],[86.72442,20.97108],[86.72466,20.96986],[86.72629,20.97093],[86.7263,20.96848],[86.72769,20.96687],[86.72778,20.96549],[86.72851,20.96488],[86.72998,20.96473],[86.73193,20.96358],[86.73243,20.96236],[86.73032,20.95998],[86.72763,20.96051],[86.72657,20.96028],[86.72413,20.95882],[86.72258,20.95882],[86.72071,20.95728],[86.72121,20.95636],[86.72243,20.95552],[86.72276,20.95476],[86.72252,20.95276],[86.7213,20.95123],[86.7196,20.94992],[86.7178,20.94946],[86.7174,20.94885],[86.71785,20.94778],[86.71651,20.94754],[86.71545,20.94578],[86.71559,20.9446],[86.71339,20.94415],[86.71252,20.94562],[86.71072,20.94654],[86.71032,20.94753],[86.70985,20.94775]]]}},{"type":"Feature","properties":{"LCODE":"050252016001600009","LOCATION":"KATASAHI","V_TYPE":"VILLAGE","BLOCK":"DHAMNAGAR","DISTRICT":"BHADRAK"},"geometry":{"type":"Polygon","coordinates":[[[86.5377,20.96741],[86.53838,20.96745],[86.53973,20.96602],[86.5406,20.96627],[86.54071,20.96875],[86.5427,20.96985],[86.54416,20.97178],[86.54448,20.97285],[86.54591,20.97358],[86.54611,20.9727],[86.55109,20.97086],[86.55703,20.96766],[86.55624,20.96664],[86.55625,20.9658],[86.5574,20.9635],[86.55709,20.96081],[86.55621,20.95835],[86.55622,20.95551],[86.55653,20.95359],[86.55541,20.95382],[86.55346,20.95328],[86.55103,20.95043],[86.55103,20.94965],[86.54883,20.95081],[86.5489,20.95281],[86.54776,20.95265],[86.54637,20.95304],[86.54646,20.95586],[86.54354,20.95649],[86.54325,20.95678],[86.5433,20.96073],[86.5423,20.96174],[86.54063,20.96261],[86.54055,20.96375],[86.54009,20.96446],[86.53871,20.9652],[86.53807,20.96591],[86.5377,20.96741]]]}},{"type":"Feature","properties":{"LCODE":"050220013001300070","LOCATION":"BHAGABANPUR","V_TYPE":"VILLAGE","BLOCK":"BASUDEVPUR","DISTRICT":"BHADRAK"},"geometry":{"type":"Polygon","coordinates":[[[86.77657,20.9685],[86.77729,20.96951],[86.77914,20.97061],[86.77925,20.97091],[86.78191,20.9708],[86.78297,20.97104],[86.78369,20.97144],[86.78529,20.97315],[86.78717,20.97294],[86.79102,20.9717],[86.79136,20.97062],[86.79195,20.97015],[86.7881,20.96581],[86.78738,20.96465],[86.78609,20.96448],[86.78312,20.96168],[86.78134,20.96096],[86.77946,20.96117],[86.77711,20.96551],[86.7766,20.96712],[86.77657,20.9685]]]}},{"type":"Feature","properties":{"LCODE":"050220013001300081","LOCATION":"ROUTRAPUR","V_TYPE":"VILLAGE","BLOCK":"BASUDEVPUR","DISTRICT":"BHADRAK"},"geometry":{"type":"Polygon","coordinates":[[[86.83405,20.9636],[86.83451,20.9656],[86.83461,20.96975],[86.83491,20.97121],[86.83523,20.9716],[86.83579,20.97191],[86.84043,20.97221],[86.84267,20.9731],[86.84337,20.97186],[86.84431,20.96888],[86.84649,20.96547],[86.84365,20.96412],[86.83684,20.96249],[86.83553,20.96262],[86.83405,20.9636]]]}},{"type":"Feature","properties":{"LCODE":"050260016001600035","LOCATION":"JAGULISAHI","V_TYPE":"VILLAGE","BLOCK":"DHAMNAGAR","DISTRICT":"BHADRAK"},"geometry":{"type":"Polygon","coordinates":[[[86.46045,20.9675],[86.46116,20.96885],[86.46245,20.97033],[86.46255,20.97094],[86.46081,20.97216],[86.46124,20.97276],[86.46263,20.97278],[86.46342,20.97213],[86.46601,20.97172],[86.46654,20.97063],[86.4659,20.96912],[86.46613,20.9685],[86.46729,20.96899],[86.4678,20.96986],[86.46813,20.96965],[86.47215,20.97025],[86.47359,20.97142],[86.47437,20.97246],[86.47511,20.97274],[86.47593,20.97271],[86.47659,20.97203],[86.47524,20.97005],[86.47284,20.96915],[86.47158,20.96828],[86.46996,20.96643],[86.46735,20.96477],[86.46675,20.964],[86.46564,20.96492],[86.46519,20.96371],[86.46363,20.96354],[86.46051,20.96689],[86.46045,20.9675]]]}},{"type":"Feature","properties":{"LCODE":"05023001500150SAND","LOCATION":"COAST","V_TYPE":"SAND","BLOCK":"CHANDABALI","DISTRICT":"BHADRAK"},"geometry":{"type":"Polygon","coordinates":[[[86.89442,20.96751],[86.90661,20.97116],[86.91373,20.97282],[86.91654,20.96729],[86.91876,20.96369],[86.92069,20.95871],[86.92955,20.94525],[86.93158,20.94027],[86.93444,20.93686],[86.93619,20.93141],[86.94034,20.92311],[86.94163,20.91998],[86.94311,20.9185],[86.94412,20.91629],[86.94569,20.91426],[86.94717,20.91288],[86.9491,20.90891],[86.95085,20.90412],[86.95371,20.9007],[86.95518,20.89766],[86.9598,20.89065],[86.961,20.88927],[86.96284,20.8854],[86.9645,20.88346],[86.96487,20.88189],[86.9681,20.87497],[86.96912,20.87221],[86.97317,20.86797],[86.97668,20.86492],[86.98277,20.85745],[86.98359,20.85441],[86.98387,20.84694],[86.98368,20.84482],[86.98193,20.83809],[86.9811,20.83209],[86.9799,20.82702],[86.97871,20.81752],[86.97806,20.81448],[86.9763,20.80931],[86.97114,20.79834],[86.96976,20.79059],[86.96865,20.7881],[86.96659,20.7856],[86.96484,20.78628],[86.96219,20.78827],[86.96261,20.78906],[86.96226,20.78962],[86.96342,20.78962],[86.96416,20.79168],[86.9647,20.79399],[86.96471,20.79859],[86.96297,20.81077],[86.96286,20.8133],[86.96163,20.81888],[86.96057,20.82976],[86.96006,20.83136],[86.95982,20.83658],[86.95761,20.84253],[86.95708,20.84551],[86.95526,20.84733],[86.95501,20.84802],[86.95394,20.84877],[86.95367,20.85045],[86.95275,20.85182],[86.95028,20.85386],[86.94925,20.8576],[86.94785,20.85896],[86.94494,20.86284],[86.94082,20.87153],[86.939,20.8735],[86.93774,20.87555],[86.93552,20.87751],[86.93294,20.88139],[86.92962,20.88549],[86.92764,20.88723],[86.92558,20.8885],[86.92426,20.89017],[86.92323,20.89338],[86.92182,20.8952],[86.92121,20.89772],[86.91904,20.90092],[86.91861,20.90252],[86.91836,20.91357],[86.91792,20.91541],[86.91725,20.91678],[86.91707,20.91816],[86.91458,20.92104],[86.91074,20.9272],[86.91017,20.9275],[86.90793,20.93008],[86.90627,20.93236],[86.90484,20.93533],[86.9025,20.93921],[86.89816,20.95135],[86.89725,20.95687],[86.89648,20.95939],[86.8961,20.96284],[86.89515,20.96651],[86.89442,20.96751]]]}},{"type":"Feature","properties":{"LCODE":"050270017001700043","LOCATION":"PIRIPUR","V_TYPE":"VILLAGE","BLOCK":"BHANDARIPOKHARI","DISTRICT":"BHADRAK"},"geometry":{"type":"Polygon","coordinates":[[[86.39649,20.96936],[86.39689,20.97111],[86.39733,20.97194],[86.39826,20.97274],[86.40151,20.97238],[86.40324,20.97277],[86.40438,20.97273],[86.40617,20.9725],[86.40639,20.97188],[86.40583,20.97037],[86.40578,20.96914],[86.40641,20.96766],[86.40457,20.96751],[86.40336,20.96771],[86.40169,20.96693],[86.3997,20.96793],[86.39735,20.96856],[86.39649,20.96936]]]}},{"type":"Feature","properties":{"LCODE":"050252016001600003","LOCATION":"KORUA","V_TYPE":"VILLAGE","BLOCK":"DHAMNAGAR","DISTRICT":"BHADRAK"},"geometry":{"type":"Polygon","coordinates":[[[86.49245,20.97197],[86.49263,20.97227],[86.49312,20.97217],[86.49333,20.9714],[86.49438,20.97128],[86.49525,20.97055],[86.49585,20.97122],[86.49574,20.97222],[86.49591,20.97252],[86.49615,20.97243],[86.49668,20.97149],[86.49581,20.9703],[86.49583,20.96892],[86.497,20.96757],[86.49837,20.96714],[86.50042,20.96721],[86.50402,20.96588],[86.505,20.96593],[86.50687,20.96481],[86.50729,20.96389],[86.50883,20.96466],[86.50907,20.96535],[86.50882,20.96712],[86.50906,20.96781],[86.51052,20.96897],[86.51314,20.97206],[86.51532,20.97082],[86.51621,20.97082],[86.5177,20.97164],[86.52095,20.96944],[86.52201,20.96898],[86.52405,20.96921],[86.52495,20.9686],[86.52528,20.96791],[86.52673,20.9673],[86.52519,20.96525],[86.52457,20.96353],[86.52481,20.96284],[86.52555,20.96207],[86.52565,20.95908],[86.52654,20.95908],[86.52679,20.95954],[86.52637,20.96177],[86.52734,20.96207],[86.52865,20.96154],[86.52923,20.95916],[86.53053,20.95893],[86.52899,20.95839],[86.52664,20.95631],[86.52469,20.95615],[86.52387,20.95569],[86.52274,20.95438],[86.52177,20.952],[86.52072,20.95062],[86.52016,20.949],[86.52042,20.94757],[86.51886,20.94785],[86.51249,20.95083],[86.51155,20.95183],[86.51248,20.9526],[86.51207,20.95352],[86.51068,20.95414],[86.50725,20.95651],[86.503,20.95843],[86.50217,20.95922],[86.49944,20.95959],[86.49518,20.96298],[86.49398,20.96356],[86.49293,20.96559],[86.49265,20.96698],[86.4929,20.9708],[86.49245,20.97197]],[[86.51054,20.96412],[86.51088,20.96328],[86.513,20.96244],[86.51389,20.9629],[86.51624,20.96582],[86.51771,20.96636],[86.51884,20.96644],[86.51991,20.96706],[86.52095,20.96875],[86.52005,20.96921],[86.51907,20.96928],[86.51534,20.96782],[86.51403,20.96805],[86.51297,20.96866],[86.51257,20.96789],[86.51257,20.96666],[86.51054,20.96412]]]}},{"type":"Feature","properties":{"LCODE":"050220013001300085","LOCATION":"CHARITIKIRA","V_TYPE":"VILLAGE","BLOCK":"BASUDEVPUR","DISTRICT":"BHADRAK"},"geometry":{"type":"Polygon","coordinates":[[[86.84455,20.96853],[86.85055,20.97066],[86.85339,20.97116],[86.85663,20.97227],[86.85753,20.97236],[86.85842,20.97207],[86.86042,20.96941],[86.8613,20.96535],[86.86117,20.96343],[86.86201,20.95721],[86.85899,20.95696],[86.85361,20.95757],[86.85156,20.95816],[86.85179,20.95901],[86.85162,20.9597],[86.84916,20.96104],[86.84455,20.96853]]]}},{"type":"Feature","properties":{"LCODE":"050260016001600040","LOCATION":"NARAYANPUR","V_TYPE":"VILLAGE","BLOCK":"DHAMNAGAR","DISTRICT":"BHADRAK"},"geometry":{"type":"Polygon","coordinates":[[[86.46583,20.96139],[86.46676,20.96227],[86.46742,20.96247],[86.46675,20.964],[86.46735,20.96477],[86.46996,20.96643],[86.47158,20.96828],[86.47284,20.96915],[86.47524,20.97005],[86.47639,20.97192],[86.47746,20.97211],[86.47927,20.97073],[86.47903,20.96875],[86.47797,20.96688],[86.47757,20.96521],[86.47533,20.96231],[86.47421,20.96034],[86.47354,20.96047],[86.47234,20.95707],[86.47202,20.95716],[86.47132,20.95826],[86.47177,20.95924],[86.47154,20.95963],[86.47049,20.95982],[86.47021,20.96091],[86.46834,20.96106],[86.46868,20.96143],[86.46951,20.96162],[86.46952,20.96193],[86.46839,20.96221],[86.46715,20.96172],[86.46646,20.96098],[86.46597,20.96092],[86.46583,20.96139]]]}},{"type":"Feature","properties":{"LCODE":"050270017001700053","LOCATION":"NUAPOKHARI","V_TYPE":"VILLAGE","BLOCK":"BHANDARIPOKHARI","DISTRICT":"BHADRAK"},"geometry":{"type":"Polygon","coordinates":[[[86.34502,20.96344],[86.34563,20.96441],[86.34565,20.96709],[86.34596,20.96862],[86.34721,20.97201],[86.35024,20.97151],[86.35184,20.97076],[86.35386,20.9683],[86.35787,20.96661],[86.35882,20.96588],[86.35766,20.96347],[86.35689,20.96266],[86.35113,20.96335],[86.34902,20.96175],[86.34692,20.96229],[86.34582,20.96318],[86.34502,20.96344]]]}},{"type":"Feature","properties":{"LCODE":"050270017001700051","LOCATION":"MANOHARPUR","V_TYPE":"VILLAGE","BLOCK":"BHANDARIPOKHARI","DISTRICT":"BHADRAK"},"geometry":{"type":"Polygon","coordinates":[[[86.36179,20.96868],[86.36193,20.9702],[86.36245,20.97154],[86.36684,20.97032],[86.36947,20.96916],[86.36757,20.96645],[86.36787,20.96567],[86.36987,20.96475],[86.37041,20.96404],[86.3698,20.96123],[86.36921,20.96071],[86.36764,20.96016],[86.36503,20.96019],[86.36518,20.96195],[86.36491,20.96341],[86.3634,20.96623],[86.36238,20.96727],[86.36179,20.96868]]]}},{"type":"Feature","properties":{"LCODE":"050220013001300074","LOCATION":"PURASTAMPUR","V_TYPE":"VILLAGE","BLOCK":"BASUDEVPUR","DISTRICT":"BHADRAK"},"geometry":{"type":"Polygon","coordinates":[[[86.80338,20.95899],[86.80415,20.96005],[86.80803,20.96202],[86.80898,20.96341],[86.80998,20.96719],[86.81116,20.96928],[86.81325,20.9713],[86.81488,20.97117],[86.81693,20.97035],[86.81752,20.96929],[86.81875,20.9637],[86.81877,20.96239],[86.818,20.9597],[86.81777,20.95639],[86.81421,20.95742],[86.80801,20.95779],[86.80338,20.95899]]]}},{"type":"Feature","properties":{"LCODE":"050260016001600045","LOCATION":"ICHHAPUR","V_TYPE":"VILLAGE","BLOCK":"DHAMNAGAR","DISTRICT":"BHADRAK"},"geometry":{"type":"Polygon","coordinates":[[[86.49571,20.96985],[86.49615,20.97059],[86.49735,20.97009],[86.4985,20.97004],[86.49891,20.97018],[86.49943,20.97092],[86.50032,20.9713],[86.50106,20.97011],[86.50286,20.96873],[86.505,20.96593],[86.50402,20.96588],[86.50042,20.96721],[86.49757,20.96732],[86.49622,20.96822],[86.49571,20.96985]]]}},{"type":"Feature","properties":{"LCODE":"050201014001400086","LOCATION":"DAULATPUR","V_TYPE":"VILLAGE","BLOCK":"TIHIDI","DISTRICT":"BHADRAK"},"geometry":{"type":"Polygon","coordinates":[[[86.70704,20.95119],[86.70786,20.95274],[86.71127,20.95627],[86.71167,20.95719],[86.71174,20.96087],[86.71352,20.96524],[86.71513,20.9677],[86.71538,20.96847],[86.7153,20.97042],[86.7166,20.97061],[86.7166,20.96854],[86.71596,20.96563],[86.71604,20.96471],[86.71703,20.96402],[86.71735,20.96287],[86.7172,20.96027],[86.71542,20.95482],[86.71625,20.95329],[86.71406,20.95007],[86.71284,20.94922],[86.71056,20.94853],[86.70985,20.94775],[86.70884,20.94929],[86.7077,20.94921],[86.70746,20.9496],[86.70745,20.95082],[86.70704,20.95119]]]}},{"type":"Feature","properties":{"LCODE":"050260016001600029","LOCATION":"ICHHADAMAJAPHARPUR","V_TYPE":"VILLAGE","BLOCK":"DHAMNAGAR","DISTRICT":"BHADRAK"},"geometry":{"type":"Polygon","coordinates":[[[86.43243,20.9628],[86.43409,20.96526],[86.43751,20.96895],[86.43867,20.96937],[86.43962,20.96872],[86.44164,20.96833],[86.44225,20.96922],[86.44307,20.96927],[86.44354,20.96894],[86.44357,20.96771],[86.4433,20.96704],[86.44361,20.96664],[86.44623,20.97067],[86.44672,20.97065],[86.44686,20.97019],[86.44597,20.96839],[86.44566,20.96687],[86.44602,20.96664],[86.44618,20.96577],[86.44794,20.96271],[86.4482,20.96132],[86.44465,20.94771],[86.44077,20.94829],[86.44183,20.95139],[86.44197,20.95284],[86.43774,20.95465],[86.43867,20.95787],[86.43966,20.9599],[86.43977,20.96243],[86.43749,20.96275],[86.43568,20.96428],[86.43536,20.96429],[86.4339,20.96266],[86.43315,20.96223],[86.43282,20.96224],[86.43243,20.9628]]]}},{"type":"Feature","properties":{"LCODE":"050202014001400098","LOCATION":"TUBHI","V_TYPE":"VILLAGE","BLOCK":"TIHIDI","DISTRICT":"BHADRAK"},"geometry":{"type":"Polygon","coordinates":[[[86.75243,20.96306],[86.75266,20.96763],[86.75385,20.96926],[86.7565,20.97056],[86.75685,20.96992],[86.75792,20.96917],[86.76255,20.96892],[86.76214,20.9652],[86.75784,20.9641],[86.75761,20.96371],[86.75771,20.9621],[86.75682,20.96163],[86.75552,20.96145],[86.75476,20.96082],[86.75422,20.96174],[86.75243,20.96306]]]}},{"type":"Feature","properties":{"LCODE":"050201014001400083","LOCATION":"SANTHAPURA","V_TYPE":"VILLAGE","BLOCK":"TIHIDI","DISTRICT":"BHADRAK"},"geometry":{"type":"Polygon","coordinates":[[[86.6921,20.96215],[86.69608,20.96599],[86.69753,20.9705],[86.6994,20.97029],[86.70234,20.96941],[86.70242,20.96876],[86.70283,20.9683],[86.70381,20.96791],[86.70437,20.96804],[86.70463,20.96761],[86.70471,20.96546],[86.70391,20.9627],[86.70172,20.95917],[86.69961,20.95747],[86.69684,20.95725],[86.69619,20.95748],[86.69553,20.95794],[86.69455,20.95931],[86.69308,20.96046],[86.69218,20.96161],[86.6921,20.96215]]]}},{"type":"Feature","properties":{"LCODE":"050201014001400085","LOCATION":"BAIBAL","V_TYPE":"VILLAGE","BLOCK":"TIHIDI","DISTRICT":"BHADRAK"},"geometry":{"type":"Polygon","coordinates":[[[86.70248,20.95327],[86.70337,20.95434],[86.70508,20.95473],[86.70686,20.95573],[86.70768,20.9568],[86.70954,20.96087],[86.71017,20.96424],[86.7118,20.967],[86.71448,20.97],[86.7153,20.97042],[86.71538,20.96847],[86.71513,20.9677],[86.71352,20.96524],[86.71174,20.96087],[86.71167,20.95719],[86.71127,20.95627],[86.70786,20.95274],[86.70704,20.95119],[86.70566,20.95128],[86.70517,20.95243],[86.70476,20.95258],[86.70321,20.95227],[86.70256,20.95281],[86.70248,20.95327]]]}},{"type":"Feature","properties":{"LCODE":"050201014001400067","LOCATION":"DAHAPANIA","V_TYPE":"VILLAGE","BLOCK":"TIHIDI","DISTRICT":"BHADRAK"},"geometry":{"type":"Polygon","coordinates":[[[86.60098,20.9674],[86.60154,20.96962],[86.60208,20.97034],[86.60284,20.96985],[86.6039,20.97001],[86.60635,20.96855],[86.60897,20.96633],[86.61288,20.96461],[86.61232,20.96342],[86.61217,20.95904],[86.61118,20.95633],[86.60786,20.9572],[86.60403,20.95757],[86.60232,20.95849],[86.60159,20.95964],[86.60175,20.9601],[86.60296,20.96095],[86.60328,20.96226],[86.60254,20.96486],[86.60114,20.96655],[86.60098,20.9674]]]}},{"type":"Feature","properties":{"LCODE":"050220013001300071","LOCATION":"ANANTAPUR","V_TYPE":"VILLAGE","BLOCK":"BASUDEVPUR","DISTRICT":"BHADRAK"},"geometry":{"type":"Polygon","coordinates":[[[86.78854,20.96612],[86.79195,20.97015],[86.79561,20.96992],[86.79395,20.96682],[86.79159,20.96568],[86.78854,20.96612]]]}},{"type":"Feature","properties":{"LCODE":"050201014001400074","LOCATION":"ORADA","V_TYPE":"VILLAGE","BLOCK":"TIHIDI","DISTRICT":"BHADRAK"},"geometry":{"type":"Polygon","coordinates":[[[86.64389,20.93477],[86.64576,20.93631],[86.64575,20.93661],[86.64517,20.937],[86.64639,20.9426],[86.64727,20.9446],[86.64906,20.9469],[86.65075,20.95043],[86.6531,20.95427],[86.65398,20.95665],[86.65382,20.9588],[86.65324,20.95972],[86.65331,20.96102],[86.6538,20.96286],[86.65445,20.96378],[86.65753,20.96647],[86.66087,20.96816],[86.66184,20.96893],[86.66232,20.97006],[86.66388,20.96809],[86.6665,20.96641],[86.66731,20.96626],[86.67,20.96664],[86.67057,20.96626],[86.67086,20.96585],[86.67065,20.96511],[86.66952,20.96388],[86.66667,20.96357],[86.66528,20.96288],[86.66489,20.96012],[86.66476,20.95334],[86.66402,20.95306],[86.65614,20.94645],[86.65485,20.94392],[86.65168,20.94169],[86.65103,20.94084],[86.65056,20.93816],[86.64975,20.93632],[86.64892,20.93301],[86.64748,20.93317],[86.64732,20.93347],[86.64894,20.93524],[86.64902,20.9357],[86.64861,20.93608],[86.6469,20.93585],[86.64479,20.93439],[86.64438,20.93431],[86.64389,20.93477]]]}},{"type":"Feature","properties":{"LCODE":"050270017001700047","LOCATION":"BHANDARIPOKHARI","V_TYPE":"VILLAGE","BLOCK":"BHANDARIPOKHARI","DISTRICT":"BHADRAK"},"geometry":{"type":"Polygon","coordinates":[[[86.36281,20.95767],[86.36287,20.95807],[86.3639,20.95862],[86.36331,20.96018],[86.36764,20.96016],[86.36921,20.96071],[86.3698,20.96123],[86.37041,20.96404],[86.36987,20.96475],[86.36787,20.96567],[86.36757,20.96645],[86.36957,20.96929],[86.37024,20.96995],[86.37122,20.96968],[86.37399,20.96965],[86.37486,20.96907],[86.37847,20.96372],[86.38165,20.95984],[86.38129,20.95678],[86.38139,20.9522],[86.37963,20.95233],[86.37782,20.95194],[86.37598,20.95071],[86.37512,20.9499],[86.37206,20.94439],[86.36967,20.94613],[86.36822,20.94664],[86.3716,20.95356],[86.3717,20.95402],[86.37133,20.95473],[86.36832,20.95684],[86.36589,20.9574],[86.36281,20.95767]]]}},{"type":"Feature","properties":{"LCODE":"050252016001600008","LOCATION":"KHAPARAPADA","V_TYPE":"VILLAGE","BLOCK":"DHAMNAGAR","DISTRICT":"BHADRAK"},"geometry":{"type":"Polygon","coordinates":[[[86.53289,20.96428],[86.53384,20.96592],[86.53498,20.967],[86.53651,20.96923],[86.5379,20.96962],[86.53959,20.96863],[86.54071,20.96875],[86.5406,20.96627],[86.53973,20.96602],[86.53838,20.96745],[86.5379,20.96758],[86.5377,20.96741],[86.53807,20.96591],[86.53871,20.9652],[86.54009,20.96446],[86.54055,20.96375],[86.54063,20.96261],[86.5423,20.96174],[86.5433,20.96073],[86.54325,20.95678],[86.54354,20.95649],[86.54646,20.95586],[86.54639,20.95306],[86.53929,20.95226],[86.53831,20.95226],[86.537,20.95271],[86.53586,20.95387],[86.53772,20.95602],[86.53796,20.9574],[86.53747,20.95817],[86.53624,20.95909],[86.53632,20.95971],[86.53811,20.96055],[86.53876,20.96117],[86.53883,20.96178],[86.53722,20.9628],[86.53289,20.96428]]]}},{"type":"Feature","properties":{"LCODE":"050220013001300073","LOCATION":"KARANJAADIA","V_TYPE":"VILLAGE","BLOCK":"BASUDEVPUR","DISTRICT":"BHADRAK"},"geometry":{"type":"Polygon","coordinates":[[[86.79159,20.96568],[86.79395,20.96682],[86.79543,20.9696],[86.80598,20.96798],[86.80972,20.96833],[86.81098,20.96896],[86.80998,20.96719],[86.80898,20.96341],[86.80803,20.96202],[86.80564,20.96088],[86.80605,20.96322],[86.80531,20.96428],[86.80172,20.96454],[86.79836,20.96611],[86.79762,20.9661],[86.79511,20.96522],[86.7925,20.96526],[86.79159,20.96568]]]}},{"type":"Feature","properties":{"LCODE":"050201014001400092","LOCATION":"TARACHANDBINDHA","V_TYPE":"VILLAGE","BLOCK":"TIHIDI","DISTRICT":"BHADRAK"},"geometry":{"type":"Polygon","coordinates":[[[86.7322,20.9564],[86.73383,20.95837],[86.73666,20.96282],[86.74121,20.96804],[86.74194,20.96835],[86.74398,20.96843],[86.74529,20.96935],[86.74821,20.96934],[86.74844,20.96296],[86.74652,20.96261],[86.74424,20.96322],[86.7431,20.96268],[86.74213,20.96076],[86.74067,20.95938],[86.74059,20.95746],[86.73856,20.95608],[86.73718,20.95455],[86.73637,20.95424],[86.73482,20.95431],[86.73383,20.95485],[86.7322,20.9564]]]}},{"type":"Feature","properties":{"LCODE":"050252016001600004","LOCATION":"KHARIJKORUA","V_TYPE":"VILLAGE","BLOCK":"DHAMNAGAR","DISTRICT":"BHADRAK"},"geometry":{"type":"Polygon","coordinates":[[[86.51054,20.96412],[86.51257,20.96666],[86.51257,20.96789],[86.51297,20.96866],[86.51403,20.96805],[86.51534,20.96782],[86.51907,20.96928],[86.52005,20.96921],[86.52095,20.96875],[86.51991,20.96706],[86.51884,20.96644],[86.51771,20.96636],[86.51624,20.96582],[86.51389,20.9629],[86.513,20.96244],[86.51088,20.96328],[86.51054,20.96412]]]}},{"type":"Feature","properties":{"LCODE":"050270017001700066","LOCATION":"DADESWAR","V_TYPE":"VILLAGE","BLOCK":"BHANDARIPOKHARI","DISTRICT":"BHADRAK"},"geometry":{"type":"Polygon","coordinates":[[[86.29091,20.96399],[86.29092,20.96497],[86.29251,20.96614],[86.2944,20.96852],[86.29524,20.9691],[86.29623,20.96922],[86.29692,20.96827],[86.29778,20.96532],[86.29832,20.96484],[86.30019,20.96461],[86.3018,20.96544],[86.30354,20.96478],[86.3063,20.96429],[86.3073,20.96287],[86.30679,20.96235],[86.30261,20.9619],[86.30019,20.96261],[86.29517,20.96343],[86.29247,20.96338],[86.29103,20.96307],[86.29091,20.96399]]]}},{"type":"Feature","properties":{"LCODE":"050270017001700041","LOCATION":"SHASAN","V_TYPE":"VILLAGE","BLOCK":"BHANDARIPOKHARI","DISTRICT":"BHADRAK"},"geometry":{"type":"Polygon","coordinates":[[[86.38129,20.95678],[86.38155,20.95833],[86.38342,20.95923],[86.3868,20.96193],[86.39376,20.96889],[86.39674,20.96901],[86.40169,20.96693],[86.4022,20.96715],[86.39848,20.95648],[86.39751,20.95483],[86.39647,20.95112],[86.39652,20.95053],[86.39588,20.95084],[86.39286,20.9508],[86.39047,20.95213],[86.38837,20.95244],[86.38705,20.95211],[86.38648,20.95228],[86.38615,20.95199],[86.38604,20.95138],[86.38652,20.94972],[86.38622,20.94984],[86.38551,20.95041],[86.38139,20.9522],[86.38129,20.95678]]]}},{"type":"Feature","properties":{"LCODE":"050260016001600030","LOCATION":"BRAHMAPUR","V_TYPE":"VILLAGE","BLOCK":"DHAMNAGAR","DISTRICT":"BHADRAK"},"geometry":{"type":"Polygon","coordinates":[[[86.44465,20.94771],[86.4482,20.96132],[86.44794,20.96271],[86.44618,20.96577],[86.44602,20.96664],[86.44753,20.96679],[86.44872,20.96598],[86.44884,20.96682],[86.44789,20.96754],[86.44831,20.96791],[86.44945,20.96779],[86.45004,20.96822],[86.45094,20.96834],[86.45181,20.96762],[86.45312,20.96772],[86.45481,20.9652],[86.45543,20.96498],[86.45451,20.96391],[86.45326,20.96135],[86.45298,20.95845],[86.45129,20.95729],[86.45052,20.9561],[86.44969,20.95207],[86.44938,20.94635],[86.44736,20.94519],[86.44643,20.94508],[86.44548,20.94695],[86.44465,20.94771]]]}},{"type":"Feature","properties":{"LCODE":"050252016001600010","LOCATION":"CHHATISSAMILNANDOR","V_TYPE":"VILLAGE","BLOCK":"DHAMNAGAR","DISTRICT":"BHADRAK"},"geometry":{"type":"Polygon","coordinates":[[[86.55596,20.94107],[86.55604,20.94214],[86.55709,20.94476],[86.55656,20.9464],[86.55724,20.94806],[86.55811,20.95182],[86.55811,20.95275],[86.55769,20.95328],[86.55653,20.95359],[86.55622,20.95551],[86.55621,20.95835],[86.55741,20.96235],[86.5574,20.9635],[86.55625,20.9658],[86.55624,20.96664],[86.55703,20.96766],[86.55827,20.96788],[86.55876,20.96824],[86.56227,20.96719],[86.56366,20.96642],[86.56314,20.96265],[86.56215,20.95874],[86.56232,20.95798],[86.56477,20.95506],[86.56527,20.9536],[86.56466,20.94562],[86.56467,20.94247],[86.56435,20.94177],[86.5637,20.9417],[86.56239,20.942],[86.56142,20.94262],[86.56044,20.94277],[86.55987,20.94254],[86.55963,20.94177],[86.55988,20.94092],[86.56123,20.93908],[86.55716,20.93945],[86.55621,20.93999],[86.55596,20.94107]]]}},{"type":"Feature","properties":{"LCODE":"050201014001400031","LOCATION":"HABADASING","V_TYPE":"VILLAGE","BLOCK":"TIHIDI","DISTRICT":"BHADRAK"},"geometry":{"type":"Polygon","coordinates":[[[86.73022,20.96519],[86.73095,20.96695],[86.73225,20.9681],[86.73363,20.96811],[86.73404,20.96772],[86.73421,20.96443],[86.73381,20.96328],[86.73228,20.96275],[86.73193,20.96358],[86.73028,20.96451],[86.73022,20.96519]]]}},{"type":"Feature","properties":{"LCODE":"050270017001700042","LOCATION":"KHARIJIPIRIPUR","V_TYPE":"VILLAGE","BLOCK":"BHANDARIPOKHARI","DISTRICT":"BHADRAK"},"geometry":{"type":"Polygon","coordinates":[[[86.39981,20.96056],[86.4022,20.96715],[86.40336,20.96771],[86.40457,20.96751],[86.40641,20.96766],[86.40695,20.96454],[86.40553,20.96424],[86.40405,20.96272],[86.40298,20.96258],[86.40218,20.96062],[86.39981,20.96056]]]}},{"type":"Feature","properties":{"LCODE":"050230015001500014","LOCATION":"BIJAYAPATANA","V_TYPE":"VILLAGE","BLOCK":"CHANDABALI","DISTRICT":"BHADRAK"},"geometry":{"type":"Polygon","coordinates":[[[86.86921,20.96023],[86.87153,20.96204],[86.87299,20.96267],[86.87988,20.96415],[86.88222,20.96556],[86.88393,20.96605],[86.89442,20.96751],[86.89515,20.96651],[86.89541,20.96534],[86.89201,20.96447],[86.8853,20.96146],[86.88255,20.95981],[86.87958,20.95785],[86.87662,20.95436],[86.87348,20.95171],[86.87196,20.95529],[86.86921,20.96023]]]}},{"type":"Feature","properties":{"LCODE":"050260017001700022","LOCATION":"SIBABINDHA","V_TYPE":"VILLAGE","BLOCK":"BHANDARIPOKHARI","DISTRICT":"BHADRAK"},"geometry":{"type":"Polygon","coordinates":[[[86.41353,20.95542],[86.41466,20.9589],[86.41472,20.96036],[86.41409,20.9649],[86.41421,20.9659],[86.41508,20.96716],[86.41615,20.96728],[86.41718,20.9667],[86.41793,20.96506],[86.41764,20.96201],[86.41816,20.95877],[86.41808,20.95693],[86.4178,20.95574],[86.41669,20.95507],[86.41496,20.95315],[86.41394,20.95361],[86.41353,20.95542]]]}},{"type":"Feature","properties":{"LCODE":"050260016001600041","LOCATION":"KUSUMA","V_TYPE":"VILLAGE","BLOCK":"DHAMNAGAR","DISTRICT":"BHADRAK"},"geometry":{"type":"Polygon","coordinates":[[[86.47421,20.96034],[86.47732,20.96499],[86.47876,20.96631],[86.48032,20.96663],[86.48421,20.96609],[86.48526,20.96567],[86.4874,20.9642],[86.49252,20.96178],[86.49313,20.96068],[86.493,20.95946],[86.4914,20.95646],[86.48965,20.95362],[86.48874,20.95328],[86.48808,20.95123],[86.48566,20.95187],[86.48465,20.95306],[86.48462,20.95428],[86.48349,20.95456],[86.48334,20.95487],[86.48362,20.9557],[86.48317,20.95671],[86.48218,20.95645],[86.48191,20.95585],[86.4822,20.95492],[86.48058,20.95337],[86.47896,20.95351],[86.47918,20.95496],[86.47848,20.95575],[86.47593,20.95524],[86.4753,20.95596],[86.47593,20.95716],[86.47606,20.9583],[86.47566,20.95862],[86.47531,20.95795],[86.47457,20.95798],[86.47465,20.95966],[86.47421,20.96034]]]}},{"type":"Feature","properties":{"LCODE":"050201014001400077","LOCATION":"AMARPUR","V_TYPE":"VILLAGE","BLOCK":"TIHIDI","DISTRICT":"BHADRAK"},"geometry":{"type":"Polygon","coordinates":[[[86.66474,20.95682],[86.66505,20.96196],[86.66561,20.96318],[86.66667,20.96357],[86.66952,20.96388],[86.67156,20.96653],[86.67277,20.96603],[86.67677,20.96573],[86.67904,20.9662],[86.6793,20.96466],[86.67897,20.9642],[86.67653,20.96274],[86.67295,20.96143],[86.67027,20.95951],[86.66962,20.95859],[86.66932,20.95243],[86.66598,20.95337],[86.66476,20.95334],[86.66474,20.95682]]]}},{"type":"Feature","properties":{"LCODE":"050260016001600031","LOCATION":"SORISADIHI","V_TYPE":"VILLAGE","BLOCK":"DHAMNAGAR","DISTRICT":"BHADRAK"},"geometry":{"type":"Polygon","coordinates":[[[86.4493,20.94665],[86.44981,20.95306],[86.45078,20.9567],[86.45298,20.95845],[86.45326,20.96135],[86.45486,20.96443],[86.45543,20.96498],[86.45725,20.96502],[86.45804,20.9663],[86.4591,20.96633],[86.45956,20.96562],[86.45926,20.96425],[86.45949,20.96386],[86.46033,20.96363],[86.46017,20.96092],[86.45927,20.96081],[86.45627,20.96307],[86.45522,20.96319],[86.45453,20.96238],[86.4549,20.96144],[86.4575,20.95942],[86.45785,20.95788],[86.45644,20.95349],[86.4561,20.95128],[86.45618,20.94936],[86.45554,20.9474],[86.45492,20.94642],[86.45029,20.94691],[86.44938,20.94635],[86.4493,20.94665]]]}},{"type":"Feature","properties":{"LCODE":"050201014001400078","LOCATION":"SINDOL","V_TYPE":"VILLAGE","BLOCK":"TIHIDI","DISTRICT":"BHADRAK"},"geometry":{"type":"Polygon","coordinates":[[[86.66932,20.95243],[86.66962,20.95859],[86.67027,20.95951],[86.67295,20.96143],[86.67653,20.96274],[86.67897,20.9642],[86.6793,20.96466],[86.67904,20.9662],[86.68048,20.96627],[86.68157,20.9652],[86.68288,20.96497],[86.68402,20.96505],[86.68491,20.96574],[86.68507,20.9662],[86.68687,20.96498],[86.68755,20.96382],[86.68965,20.96222],[86.68982,20.96107],[86.68828,20.959],[86.68755,20.95708],[86.68698,20.9567],[86.68446,20.95685],[86.68397,20.95646],[86.68114,20.9491],[86.67258,20.95177],[86.66932,20.95243]]]}},{"type":"Feature","properties":{"LCODE":"050220013001300072","LOCATION":"PURASTAMPUR-II","V_TYPE":"VILLAGE","BLOCK":"BASUDEVPUR","DISTRICT":"BHADRAK"},"geometry":{"type":"Polygon","coordinates":[[[86.78738,20.96465],[86.78854,20.96612],[86.7915,20.96572],[86.7925,20.96526],[86.79446,20.96521],[86.79568,20.9653],[86.79762,20.9661],[86.79836,20.96611],[86.80172,20.96454],[86.80531,20.96428],[86.80605,20.96322],[86.80599,20.96207],[86.80564,20.96088],[86.80415,20.96005],[86.80338,20.95899],[86.80171,20.95978],[86.79599,20.96139],[86.79184,20.96111],[86.79078,20.96132],[86.78996,20.96169],[86.78738,20.96465]]]}},{"type":"Feature","properties":{"LCODE":"050260016001600037","LOCATION":"BIDYADHARPUR","V_TYPE":"VILLAGE","BLOCK":"DHAMNAGAR","DISTRICT":"BHADRAK"},"geometry":{"type":"Polygon","coordinates":[[[86.45686,20.94384],[86.45813,20.95097],[86.46066,20.95868],[86.46068,20.9593],[86.45992,20.96076],[86.46038,20.96191],[86.46033,20.96363],[86.46087,20.96373],[86.46097,20.96419],[86.46086,20.96565],[86.46197,20.96476],[86.46291,20.96452],[86.46363,20.96354],[86.46519,20.96371],[86.46564,20.96492],[86.4666,20.96427],[86.46742,20.96247],[86.46676,20.96227],[86.46583,20.96139],[86.46597,20.96092],[86.46646,20.96098],[86.46535,20.95796],[86.4654,20.95505],[86.46449,20.95301],[86.46391,20.95051],[86.46351,20.94651],[86.46175,20.946],[86.45686,20.94384]]]}},{"type":"Feature","properties":{"LCODE":"050220013001300080","LOCATION":"DAMODARPUR","V_TYPE":"VILLAGE","BLOCK":"BASUDEVPUR","DISTRICT":"BHADRAK"},"geometry":{"type":"Polygon","coordinates":[[[86.83189,20.96111],[86.8322,20.96273],[86.83276,20.96351],[86.83324,20.96367],[86.83405,20.9636],[86.83595,20.96247],[86.83684,20.96249],[86.84365,20.96412],[86.84649,20.96547],[86.84916,20.96104],[86.85129,20.96],[86.85179,20.95901],[86.85156,20.95816],[86.84872,20.95781],[86.8355,20.95299],[86.83324,20.95657],[86.83332,20.95868],[86.83189,20.96111]]]}},{"type":"Feature","properties":{"LCODE":"050230015001500015","LOCATION":"KARANAPALI","V_TYPE":"VILLAGE","BLOCK":"CHANDABALI","DISTRICT":"BHADRAK"},"geometry":{"type":"Polygon","coordinates":[[[86.87348,20.95171],[86.87662,20.95436],[86.87958,20.95785],[86.88255,20.95981],[86.8853,20.96146],[86.89201,20.96447],[86.89541,20.96534],[86.8961,20.96284],[86.89648,20.95939],[86.89725,20.95687],[86.89816,20.95135],[86.9025,20.93921],[86.90371,20.937],[86.89015,20.93743],[86.88691,20.93677],[86.88489,20.93582],[86.88145,20.93677],[86.87936,20.93664],[86.87964,20.93805],[86.87819,20.94241],[86.87441,20.94942],[86.87348,20.95171]]]}},{"type":"Feature","properties":{"LCODE":"050270017001700050","LOCATION":"REBO","V_TYPE":"VILLAGE","BLOCK":"BHANDARIPOKHARI","DISTRICT":"BHADRAK"},"geometry":{"type":"Polygon","coordinates":[[[86.34921,20.95763],[86.35054,20.961],[86.34935,20.96181],[86.35113,20.96335],[86.35689,20.96266],[86.35766,20.96347],[86.35847,20.96528],[86.36086,20.96381],[86.36298,20.96387],[86.36369,20.96316],[86.36308,20.96034],[86.3639,20.95862],[86.36331,20.95811],[86.36241,20.95807],[86.36026,20.9593],[86.35937,20.95942],[86.35686,20.95791],[86.35549,20.95835],[86.35434,20.95816],[86.35324,20.95721],[86.35281,20.95608],[86.34921,20.95763]]]}},{"type":"Feature","properties":{"LCODE":"050202014001400099","LOCATION":"KANKADADADHA","V_TYPE":"VILLAGE","BLOCK":"TIHIDI","DISTRICT":"BHADRAK"},"geometry":{"type":"Polygon","coordinates":[[[86.75198,20.95488],[86.75319,20.95513],[86.75366,20.95605],[86.75353,20.95882],[86.75488,20.96099],[86.75552,20.96145],[86.75682,20.96163],[86.75771,20.9621],[86.75761,20.96371],[86.75784,20.9641],[86.76214,20.9652],[86.7625,20.96285],[86.76418,20.95981],[86.76447,20.95705],[86.76449,20.95597],[86.76312,20.95319],[86.75874,20.95367],[86.75694,20.95426],[86.75509,20.95331],[86.75394,20.95337],[86.75259,20.95371],[86.75198,20.95488]]]}},{"type":"Feature","properties":{"LCODE":"050260017001700024","LOCATION":"GUHALIA","V_TYPE":"VILLAGE","BLOCK":"BHANDARIPOKHARI","DISTRICT":"BHADRAK"},"geometry":{"type":"Polygon","coordinates":[[[86.41764,20.96201],[86.41779,20.96303],[86.4211,20.96286],[86.42657,20.96487],[86.42764,20.96498],[86.42844,20.96472],[86.42873,20.96394],[86.4287,20.96302],[86.42712,20.96063],[86.42611,20.95844],[86.42485,20.95896],[86.42331,20.95902],[86.42296,20.95842],[86.42329,20.95745],[86.42096,20.95758],[86.41913,20.95673],[86.4178,20.95574],[86.41816,20.95877],[86.41764,20.96201]]]}},{"type":"Feature","properties":{"LCODE":"050202014001400108","LOCATION":"ANANTAPUR","V_TYPE":"VILLAGE","BLOCK":"TIHIDI","DISTRICT":"BHADRAK"},"geometry":{"type":"Polygon","coordinates":[[[86.77957,20.9594],[86.77997,20.96097],[86.78134,20.96096],[86.78312,20.96168],[86.78609,20.96448],[86.78747,20.96465],[86.79007,20.96165],[86.78932,20.96061],[86.78799,20.95745],[86.78731,20.95429],[86.78692,20.95351],[86.78595,20.95312],[86.78561,20.95223],[86.7812,20.95428],[86.78028,20.95619],[86.77957,20.9594]]]}},{"type":"Feature","properties":{"LCODE":"050270017001700063","LOCATION":"TESINGA","V_TYPE":"VILLAGE","BLOCK":"BHANDARIPOKHARI","DISTRICT":"BHADRAK"},"geometry":{"type":"Polygon","coordinates":[[[86.31068,20.95478],[86.31148,20.95526],[86.31165,20.95733],[86.31317,20.95872],[86.31317,20.96087],[86.31413,20.96214],[86.31741,20.96461],[86.31967,20.96422],[86.32087,20.96348],[86.32164,20.96238],[86.32191,20.96121],[86.32143,20.95724],[86.32079,20.95551],[86.3194,20.95548],[86.31674,20.95643],[86.31415,20.95684],[86.31374,20.95663],[86.31293,20.95482],[86.31234,20.95446],[86.31161,20.95441],[86.31068,20.95478]]]}},{"type":"Feature","properties":{"LCODE":"050260017001700027","LOCATION":"HIRARAMPUR","V_TYPE":"VILLAGE","BLOCK":"BHANDARIPOKHARI","DISTRICT":"BHADRAK"},"geometry":{"type":"Polygon","coordinates":[[[86.43008,20.95714],[86.43307,20.96223],[86.4339,20.96266],[86.43536,20.96429],[86.43616,20.96395],[86.43749,20.96275],[86.43977,20.96243],[86.43966,20.9599],[86.43867,20.95787],[86.43774,20.95465],[86.43714,20.95441],[86.43585,20.95469],[86.43008,20.95714]]]}},{"type":"Feature","properties":{"LCODE":"050252016001600007","LOCATION":"HATIAPADA","V_TYPE":"VILLAGE","BLOCK":"DHAMNAGAR","DISTRICT":"BHADRAK"},"geometry":{"type":"Polygon","coordinates":[[[86.5256,20.95339],[86.52607,20.95562],[86.52745,20.95723],[86.52899,20.95839],[86.53086,20.95901],[86.53163,20.95876],[86.53224,20.96054],[86.53231,20.96323],[86.53289,20.96428],[86.53722,20.9628],[86.53883,20.96178],[86.53876,20.96117],[86.53811,20.96055],[86.53632,20.95971],[86.53624,20.95909],[86.53747,20.95817],[86.53796,20.9574],[86.53772,20.95602],[86.53586,20.95387],[86.53472,20.95325],[86.53429,20.95362],[86.5331,20.95256],[86.53181,20.95009],[86.52953,20.94971],[86.52822,20.95001],[86.52666,20.95109],[86.52593,20.95201],[86.5256,20.95339]]]}},{"type":"Feature","properties":{"LCODE":"050201014001400082","LOCATION":"INDIRA","V_TYPE":"VILLAGE","BLOCK":"TIHIDI","DISTRICT":"BHADRAK"},"geometry":{"type":"Polygon","coordinates":[[[86.68114,20.9491],[86.68397,20.95646],[86.68446,20.95685],[86.68698,20.9567],[86.68755,20.95708],[86.68828,20.959],[86.68982,20.96107],[86.68965,20.96222],[86.68755,20.96382],[86.69225,20.96229],[86.69218,20.96161],[86.69308,20.96046],[86.69455,20.95931],[86.69604,20.95758],[86.69489,20.95556],[86.69457,20.95318],[86.6936,20.95065],[86.69287,20.94973],[86.69132,20.94996],[86.68945,20.9508],[86.68822,20.95064],[86.68702,20.94604],[86.68621,20.94473],[86.68482,20.94519],[86.68246,20.94711],[86.68123,20.94848],[86.68114,20.9491]]]}},{"type":"Feature","properties":{"LCODE":"050260016001600046","LOCATION":"GOBINDPUR","V_TYPE":"VILLAGE","BLOCK":"DHAMNAGAR","DISTRICT":"BHADRAK"},"geometry":{"type":"Polygon","coordinates":[[[86.48965,20.95362],[86.493,20.95946],[86.49306,20.96099],[86.49383,20.96188],[86.49398,20.96356],[86.49518,20.96298],[86.49944,20.95959],[86.50217,20.95922],[86.50381,20.95797],[86.50725,20.95651],[86.51068,20.95414],[86.51207,20.95352],[86.51248,20.9526],[86.51175,20.95191],[86.50867,20.95075],[86.50583,20.94798],[86.50364,20.9479],[86.50322,20.94836],[86.5015,20.94874],[86.49984,20.9497],[86.49748,20.94979],[86.49751,20.9504],[86.49831,20.95205],[86.49825,20.95259],[86.49712,20.95302],[86.49638,20.95451],[86.49514,20.95432],[86.49492,20.95288],[86.49458,20.95259],[86.49394,20.95292],[86.49373,20.95377],[86.49316,20.95387],[86.49255,20.95297],[86.49095,20.95357],[86.48965,20.95362]]]}},{"type":"Feature","properties":{"LCODE":"050270017001700067","LOCATION":"BADBANASTA","V_TYPE":"VILLAGE","BLOCK":"BHANDARIPOKHARI","DISTRICT":"BHADRAK"},"geometry":{"type":"Polygon","coordinates":[[[86.29093,20.95892],[86.29103,20.96307],[86.29247,20.96338],[86.29517,20.96343],[86.30019,20.96261],[86.30261,20.9619],[86.30679,20.96235],[86.3073,20.96287],[86.30779,20.96285],[86.31359,20.96161],[86.31307,20.96034],[86.31317,20.95872],[86.31274,20.9582],[86.31174,20.9574],[86.3092,20.95742],[86.30891,20.95651],[86.30537,20.95758],[86.29816,20.95894],[86.29093,20.95892]]]}},{"type":"Feature","properties":{"LCODE":"050270017001700054","LOCATION":"SIALIA","V_TYPE":"VILLAGE","BLOCK":"BHANDARIPOKHARI","DISTRICT":"BHADRAK"},"geometry":{"type":"Polygon","coordinates":[[[86.3415,20.9593],[86.34209,20.95988],[86.34254,20.96101],[86.34296,20.96298],[86.34362,20.96326],[86.34502,20.96344],[86.34582,20.96318],[86.34692,20.96229],[86.34935,20.96181],[86.35054,20.961],[86.34935,20.95782],[86.3484,20.95656],[86.34765,20.95613],[86.34658,20.95594],[86.34409,20.95696],[86.3415,20.9593]]]}},{"type":"Feature","properties":{"LCODE":"050202014001400107","LOCATION":"NUASAHI","V_TYPE":"VILLAGE","BLOCK":"TIHIDI","DISTRICT":"BHADRAK"},"geometry":{"type":"Polygon","coordinates":[[[86.76243,20.96324],[86.76519,20.96297],[86.76985,20.96142],[86.77206,20.96053],[86.77429,20.95895],[86.77518,20.95904],[86.77662,20.96113],[86.77727,20.96129],[86.77997,20.96097],[86.77957,20.9594],[86.78028,20.95619],[86.78098,20.95468],[86.77901,20.95371],[86.77512,20.95328],[86.7748,20.95289],[86.77468,20.95012],[86.77301,20.94764],[86.77247,20.94579],[86.77136,20.94409],[86.77074,20.94224],[86.76845,20.9429],[86.76681,20.94395],[86.76646,20.94464],[86.76668,20.94656],[86.76649,20.94802],[86.7651,20.94853],[86.7644,20.94923],[86.76604,20.95031],[86.76767,20.95057],[86.76815,20.95095],[86.76878,20.95265],[86.76981,20.95413],[86.76947,20.95512],[86.76871,20.95626],[86.7674,20.95701],[86.7664,20.9583],[86.76406,20.96001],[86.76292,20.96179],[86.76243,20.96324]]]}},{"type":"Feature","properties":{"LCODE":"050201014001400093","LOCATION":"JHINKIRA","V_TYPE":"VILLAGE","BLOCK":"TIHIDI","DISTRICT":"BHADRAK"},"geometry":{"type":"Polygon","coordinates":[[[86.74035,20.95716],[86.74059,20.95746],[86.74067,20.95938],[86.74213,20.96076],[86.7431,20.96268],[86.74424,20.96322],[86.74652,20.96261],[86.74873,20.96299],[86.75192,20.96263],[86.75243,20.96306],[86.75422,20.96174],[86.75476,20.96082],[86.75353,20.95882],[86.75366,20.95605],[86.75319,20.95513],[86.74924,20.95471],[86.74697,20.95396],[86.74638,20.95403],[86.74223,20.95571],[86.74035,20.95716]]]}},{"type":"Feature","properties":{"LCODE":"050260016001600036","LOCATION":"SAREICHUDAKUTI","V_TYPE":"VILLAGE","BLOCK":"DHAMNAGAR","DISTRICT":"BHADRAK"},"geometry":{"type":"Polygon","coordinates":[[[86.45377,20.94295],[86.45422,20.94523],[86.45554,20.9474],[86.45618,20.94936],[86.4561,20.95128],[86.45644,20.95349],[86.45785,20.95788],[86.4575,20.95942],[86.45459,20.96184],[86.45471,20.96283],[86.45562,20.96317],[86.45683,20.96274],[86.45927,20.96081],[86.45992,20.96076],[86.46068,20.9593],[86.46066,20.95868],[86.45813,20.95097],[86.45686,20.94384],[86.45377,20.94295]]]}},{"type":"Feature","properties":{"LCODE":"050201014001400146","LOCATION":"NANDORE","V_TYPE":"VILLAGE","BLOCK":"TIHIDI","DISTRICT":"BHADRAK"},"geometry":{"type":"Polygon","coordinates":[[[86.56215,20.95874],[86.56314,20.96265],[86.56523,20.96259],[86.56808,20.96236],[86.57053,20.96152],[86.57645,20.95796],[86.57545,20.95346],[86.57612,20.95224],[86.57596,20.95093],[86.57328,20.9487],[86.57247,20.94762],[86.5715,20.94524],[86.56948,20.94201],[86.56786,20.94193],[86.56467,20.9428],[86.56527,20.9536],[86.56477,20.95506],[86.56232,20.95798],[86.56215,20.95874]]]}},{"type":"Feature","properties":{"LCODE":"050220013001300078","LOCATION":"KHEDUALPUR","V_TYPE":"VILLAGE","BLOCK":"BASUDEVPUR","DISTRICT":"BHADRAK"},"geometry":{"type":"Polygon","coordinates":[[[86.81777,20.95639],[86.818,20.9597],[86.81877,20.9625],[86.81958,20.96241],[86.82319,20.96077],[86.82662,20.96004],[86.82754,20.95875],[86.82838,20.95321],[86.82714,20.95284],[86.82616,20.95305],[86.82223,20.95484],[86.81777,20.95639]]]}},{"type":"Feature","properties":{"LCODE":"050260016001600038","LOCATION":"PALASA","V_TYPE":"VILLAGE","BLOCK":"DHAMNAGAR","DISTRICT":"BHADRAK"},"geometry":{"type":"Polygon","coordinates":[[[86.46351,20.94651],[86.46391,20.95051],[86.46449,20.95301],[86.4654,20.95505],[86.46535,20.95796],[86.4661,20.96015],[86.46715,20.96172],[86.46839,20.96221],[86.4692,20.9621],[86.46951,20.96162],[86.46868,20.96143],[86.46834,20.96106],[86.47021,20.96091],[86.47049,20.95982],[86.47154,20.95963],[86.47177,20.95924],[86.47132,20.95826],[86.47212,20.95713],[86.47251,20.95545],[86.47216,20.95478],[86.46975,20.9538],[86.46881,20.95284],[86.46719,20.949],[86.46581,20.94657],[86.46351,20.94651]]]}},{"type":"Feature","properties":{"LCODE":"050230015001500002","LOCATION":"BAJARAPUR","V_TYPE":"VILLAGE","BLOCK":"CHANDABALI","DISTRICT":"BHADRAK"},"geometry":{"type":"Polygon","coordinates":[[[86.78703,20.95375],[86.7877,20.95529],[86.78799,20.95745],[86.78932,20.96061],[86.79007,20.96165],[86.79184,20.96111],[86.79599,20.96139],[86.80171,20.95978],[86.80338,20.95899],[86.80331,20.95681],[86.8053,20.95469],[86.80597,20.95354],[86.80631,20.95209],[86.80613,20.94864],[86.80631,20.94733],[86.80715,20.94596],[86.8102,20.94526],[86.8079,20.94267],[86.80574,20.94249],[86.80467,20.94278],[86.80164,20.94473],[86.7989,20.94792],[86.79518,20.95094],[86.78969,20.95348],[86.78703,20.95375]]]}},{"type":"Feature","properties":{"LCODE":"050270017001700057","LOCATION":"NARAYANPUR","V_TYPE":"VILLAGE","BLOCK":"BHANDARIPOKHARI","DISTRICT":"BHADRAK"},"geometry":{"type":"Polygon","coordinates":[[[86.32829,20.94144],[86.32903,20.94774],[86.32936,20.95386],[86.33003,20.95828],[86.3306,20.9601],[86.33196,20.9608],[86.33448,20.95933],[86.33602,20.95912],[86.3354,20.95769],[86.33432,20.95343],[86.33368,20.94779],[86.33186,20.9451],[86.33112,20.94275],[86.32957,20.94296],[86.3287,20.94161],[86.32829,20.94144]]]}},{"type":"Feature","properties":{"LCODE":"050270017001700060","LOCATION":"BHAGADA","V_TYPE":"VILLAGE","BLOCK":"BHANDARIPOKHARI","DISTRICT":"BHADRAK"},"geometry":{"type":"Polygon","coordinates":[[[86.31554,20.9449],[86.31582,20.94581],[86.3174,20.94659],[86.3175,20.94704],[86.31647,20.94803],[86.31612,20.94917],[86.31948,20.94957],[86.31995,20.95109],[86.32037,20.95539],[86.32104,20.95596],[86.32183,20.95988],[86.3231,20.96009],[86.32455,20.9598],[86.32614,20.96074],[86.3268,20.96079],[86.32916,20.96077],[86.33088,20.96023],[86.3306,20.9601],[86.33003,20.95828],[86.32936,20.95386],[86.32903,20.94774],[86.32829,20.94144],[86.32787,20.94126],[86.32641,20.94148],[86.32578,20.94121],[86.32397,20.94172],[86.32488,20.94606],[86.32484,20.94698],[86.32436,20.94723],[86.32091,20.9466],[86.3192,20.94675],[86.31862,20.94654],[86.31836,20.94366],[86.31625,20.94426],[86.31554,20.9449]]]}},{"type":"Feature","properties":{"LCODE":"050260016001600039","LOCATION":"TAMPALA","V_TYPE":"VILLAGE","BLOCK":"DHAMNAGAR","DISTRICT":"BHADRAK"},"geometry":{"type":"Polygon","coordinates":[[[86.46581,20.94657],[86.46915,20.95329],[86.46975,20.9538],[86.47216,20.95478],[86.47253,20.95591],[86.47212,20.95713],[86.4725,20.95722],[86.47263,20.95836],[86.47314,20.95895],[86.47354,20.96047],[86.4745,20.96005],[86.47457,20.95798],[86.47531,20.95795],[86.47566,20.95862],[86.47606,20.9583],[86.47593,20.95716],[86.4753,20.95596],[86.47593,20.95524],[86.47848,20.95575],[86.47918,20.95496],[86.47896,20.95351],[86.48058,20.95337],[86.4812,20.95402],[86.48127,20.95235],[86.48088,20.95076],[86.48003,20.94987],[86.47765,20.94958],[86.47533,20.94485],[86.47463,20.94276],[86.47232,20.94305],[86.47079,20.9435],[86.46807,20.94483],[86.46709,20.94487],[86.46581,20.94657]]]}},{"type":"Feature","properties":{"LCODE":"050230015001500013","LOCATION":"BADAPIPALA","V_TYPE":"VILLAGE","BLOCK":"CHANDABALI","DISTRICT":"BHADRAK"},"geometry":{"type":"Polygon","coordinates":[[[86.85149,20.9577],[86.85156,20.95816],[86.85361,20.95757],[86.85899,20.95696],[86.86176,20.95715],[86.86468,20.95788],[86.86921,20.96023],[86.87059,20.95754],[86.86932,20.95748],[86.8661,20.95552],[86.86425,20.95403],[86.86233,20.95171],[86.86137,20.951],[86.85822,20.94966],[86.85586,20.94939],[86.85413,20.95029],[86.85435,20.95221],[86.85408,20.95336],[86.85349,20.95443],[86.85192,20.95617],[86.85149,20.9577]]]}},{"type":"Feature","properties":{"LCODE":"050201014001400143","LOCATION":"BARO","V_TYPE":"VILLAGE","BLOCK":"TIHIDI","DISTRICT":"BHADRAK"},"geometry":{"type":"Polygon","coordinates":[[[86.58843,20.94857],[86.58856,20.94969],[86.58924,20.9508],[86.58932,20.9518],[86.58915,20.95325],[86.58874,20.95387],[86.58947,20.95418],[86.59028,20.95502],[86.59206,20.9574],[86.59531,20.95902],[86.59604,20.95994],[86.6012,20.9601],[86.60143,20.95811],[86.60014,20.95619],[86.59941,20.95342],[86.59982,20.95197],[86.60023,20.95151],[86.60016,20.95104],[86.59943,20.9502],[86.59483,20.94239],[86.5953,20.9442],[86.59513,20.94474],[86.59456,20.9452],[86.59244,20.94574],[86.59105,20.94719],[86.5886,20.94803],[86.58843,20.94857]]]}},{"type":"Feature","properties":{"LCODE":"050201014001400142","LOCATION":"CHABISPADA","V_TYPE":"VILLAGE","BLOCK":"TIHIDI","DISTRICT":"BHADRAK"},"geometry":{"type":"Polygon","coordinates":[[[86.59483,20.94239],[86.59943,20.9502],[86.60016,20.95104],[86.60023,20.95151],[86.59982,20.95197],[86.59941,20.95342],[86.60014,20.95619],[86.60143,20.95811],[86.6012,20.9601],[86.60175,20.9601],[86.60159,20.95964],[86.60232,20.95849],[86.60403,20.95757],[86.60786,20.9572],[86.61118,20.95633],[86.61073,20.95375],[86.60944,20.95198],[86.60847,20.95129],[86.60294,20.94905],[86.60091,20.94552],[86.60035,20.94321],[86.60013,20.93861],[86.60161,20.93593],[86.60181,20.93423],[86.59917,20.93554],[86.59778,20.93684],[86.59499,20.94167],[86.59483,20.94239]]]}},{"type":"Feature","properties":{"LCODE":"050202014001400106","LOCATION":"DIANBANSARIA","V_TYPE":"VILLAGE","BLOCK":"TIHIDI","DISTRICT":"BHADRAK"},"geometry":{"type":"Polygon","coordinates":[[[86.763,20.95242],[86.76315,20.95334],[86.76449,20.95597],[86.76406,20.96001],[86.7664,20.9583],[86.7674,20.95701],[86.76871,20.95626],[86.76981,20.95413],[86.76878,20.95265],[86.76815,20.95095],[86.76767,20.95057],[86.76604,20.95031],[86.7644,20.94923],[86.76369,20.95028],[86.763,20.95242]]]}},{"type":"Feature","properties":{"LCODE":"050270017001700049","LOCATION":"JAMINIBINDHA","V_TYPE":"VILLAGE","BLOCK":"BHANDARIPOKHARI","DISTRICT":"BHADRAK"},"geometry":{"type":"Polygon","coordinates":[[[86.35278,20.956],[86.35324,20.95721],[86.35434,20.95816],[86.35549,20.95835],[86.35686,20.95791],[86.35937,20.95942],[86.36026,20.9593],[86.36161,20.95841],[86.36287,20.95807],[86.36062,20.95216],[86.35979,20.95173],[86.35857,20.95193],[86.35619,20.95364],[86.35403,20.95449],[86.35331,20.95498],[86.35278,20.956]]]}},{"type":"Feature","properties":{"LCODE":"050270017001700055","LOCATION":"SAMPOI","V_TYPE":"VILLAGE","BLOCK":"BHANDARIPOKHARI","DISTRICT":"BHADRAK"},"geometry":{"type":"Polygon","coordinates":[[[86.33663,20.95411],[86.33709,20.95524],[86.33841,20.95565],[86.33959,20.9566],[86.33971,20.95767],[86.33928,20.95858],[86.34,20.9585],[86.3415,20.9593],[86.34409,20.95696],[86.34658,20.95594],[86.34725,20.95608],[86.3467,20.95486],[86.34657,20.95371],[86.34807,20.95251],[86.34811,20.95135],[86.3461,20.94821],[86.34506,20.94496],[86.34409,20.94308],[86.34358,20.94264],[86.34268,20.94252],[86.34013,20.944],[86.33993,20.94493],[86.34094,20.94788],[86.34088,20.94834],[86.34026,20.94864],[86.33979,20.94961],[86.34074,20.95073],[86.34068,20.95134],[86.33694,20.95356],[86.33663,20.95411]]]}},{"type":"Feature","properties":{"LCODE":"050260016001600056","LOCATION":"PALKIRI","V_TYPE":"VILLAGE","BLOCK":"DHAMNAGAR","DISTRICT":"BHADRAK"},"geometry":{"type":"Polygon","coordinates":[[[86.40598,20.93923],[86.40758,20.94179],[86.40982,20.94461],[86.41053,20.94604],[86.4104,20.94689],[86.40903,20.94733],[86.40889,20.94772],[86.40995,20.94982],[86.41124,20.95138],[86.41344,20.95344],[86.41402,20.95364],[86.4153,20.9529],[86.41756,20.95021],[86.41811,20.94995],[86.41895,20.9503],[86.42058,20.95231],[86.42134,20.95289],[86.4229,20.95321],[86.42392,20.95424],[86.4242,20.955],[86.42407,20.95577],[86.42296,20.95842],[86.42331,20.95902],[86.42381,20.95915],[86.43008,20.95714],[86.42873,20.95214],[86.42934,20.95119],[86.43246,20.94984],[86.43481,20.94944],[86.43609,20.94855],[86.43732,20.94674],[86.43727,20.94567],[86.43587,20.94151],[86.43622,20.93693],[86.43521,20.93732],[86.43438,20.93705],[86.43266,20.93497],[86.43183,20.93454],[86.4298,20.93485],[86.42853,20.93559],[86.42793,20.93669],[86.42773,20.93785],[86.42834,20.93897],[86.42942,20.93931],[86.43201,20.9409],[86.43246,20.94195],[86.43236,20.94326],[86.4319,20.94397],[86.43003,20.94427],[86.42789,20.94573],[86.42635,20.94587],[86.42577,20.94559],[86.42541,20.94491],[86.42533,20.943],[86.42483,20.94065],[86.42542,20.93924],[86.42582,20.93907],[86.42612,20.93845],[86.42458,20.93468],[86.42198,20.93509],[86.42075,20.93307],[86.42081,20.9323],[86.42136,20.93182],[86.42133,20.93121],[86.41962,20.93135],[86.41513,20.93314],[86.41435,20.93393],[86.4143,20.9347],[86.41384,20.93549],[86.41297,20.93613],[86.40598,20.93923]]]}},{"type":"Feature","properties":{"LCODE":"050270017001700056","LOCATION":"RAMACHANDRAPUR","V_TYPE":"VILLAGE","BLOCK":"BHANDARIPOKHARI","DISTRICT":"BHADRAK"},"geometry":{"type":"Polygon","coordinates":[[[86.33369,20.94786],[86.33432,20.95343],[86.3354,20.95769],[86.33602,20.95912],[86.33928,20.95858],[86.33971,20.95767],[86.33959,20.9566],[86.33841,20.95565],[86.33709,20.95524],[86.33663,20.95411],[86.33694,20.95356],[86.34068,20.95134],[86.34074,20.95073],[86.33979,20.94961],[86.3404,20.94844],[86.34029,20.94775],[86.3386,20.94636],[86.33794,20.94616],[86.33704,20.94627],[86.33629,20.94768],[86.33369,20.94786]]]}},{"type":"Feature","properties":{"LCODE":"050270017001700068","LOCATION":"SANABANSTA","V_TYPE":"VILLAGE","BLOCK":"BHANDARIPOKHARI","DISTRICT":"BHADRAK"},"geometry":{"type":"Polygon","coordinates":[[[86.29059,20.95563],[86.29093,20.95892],[86.29816,20.95894],[86.30537,20.95758],[86.30859,20.95653],[86.30909,20.95666],[86.3092,20.95742],[86.30962,20.95756],[86.31174,20.9574],[86.31145,20.95657],[86.31166,20.95587],[86.31148,20.95526],[86.3059,20.95264],[86.30318,20.94991],[86.30141,20.9506],[86.29768,20.95312],[86.29059,20.95563]]]}},{"type":"Feature","properties":{"LCODE":"050230015001500003","LOCATION":"BALIAPAL","V_TYPE":"VILLAGE","BLOCK":"CHANDABALI","DISTRICT":"BHADRAK"},"geometry":{"type":"Polygon","coordinates":[[[86.8032,20.95857],[86.80338,20.95899],[86.80801,20.95779],[86.81421,20.95742],[86.81777,20.95639],[86.81768,20.95401],[86.81729,20.95301],[86.81732,20.95109],[86.81659,20.951],[86.81552,20.95191],[86.8111,20.95338],[86.81001,20.95275],[86.80914,20.95336],[86.80784,20.95349],[86.80617,20.9527],[86.8053,20.95469],[86.80331,20.95681],[86.8032,20.95857]]]}},{"type":"Feature","properties":{"LCODE":"050230015001500009","LOCATION":"GOPINATHPUR","V_TYPE":"VILLAGE","BLOCK":"CHANDABALI","DISTRICT":"BHADRAK"},"geometry":{"type":"Polygon","coordinates":[[[86.84517,20.95081],[86.84532,20.95644],[86.84872,20.95781],[86.85156,20.95816],[86.85192,20.95617],[86.85349,20.95443],[86.85408,20.95336],[86.85435,20.95221],[86.85413,20.95067],[86.85323,20.95035],[86.84988,20.95108],[86.84517,20.95081]]]}},{"type":"Feature","properties":{"LCODE":"050270017001700048","LOCATION":"CHANDRAVANUPUR","V_TYPE":"VILLAGE","BLOCK":"BHANDARIPOKHARI","DISTRICT":"BHADRAK"},"geometry":{"type":"Polygon","coordinates":[[[86.35957,20.95174],[86.36062,20.95216],[86.36281,20.95767],[86.36589,20.9574],[86.36832,20.95684],[86.37077,20.95521],[86.3717,20.95402],[86.36919,20.94829],[86.36822,20.94664],[86.36696,20.94577],[86.36575,20.94613],[86.36125,20.94968],[86.35992,20.94988],[86.35957,20.95174]]]}},{"type":"Feature","properties":{"LCODE":"050230015001500012","LOCATION":"SANPIMPAL","V_TYPE":"VILLAGE","BLOCK":"CHANDABALI","DISTRICT":"BHADRAK"},"geometry":{"type":"Polygon","coordinates":[[[86.85453,20.94519],[86.85474,20.94753],[86.85602,20.94924],[86.85586,20.94939],[86.85822,20.94966],[86.86137,20.951],[86.86233,20.95171],[86.86425,20.95403],[86.8661,20.95552],[86.86932,20.95748],[86.87059,20.95754],[86.87196,20.95529],[86.87348,20.95171],[86.87173,20.94969],[86.87116,20.94937],[86.8697,20.94943],[86.86817,20.94772],[86.86429,20.94628],[86.85934,20.94522],[86.85453,20.94519]]]}},{"type":"Feature","properties":{"LCODE":"050270017001700088","LOCATION":"BAYANBANAPUR","V_TYPE":"VILLAGE","BLOCK":"BHANDARIPOKHARI","DISTRICT":"BHADRAK"},"geometry":{"type":"Polygon","coordinates":[[[86.34209,20.94048],[86.34268,20.94252],[86.34358,20.94264],[86.34409,20.94308],[86.34534,20.94563],[86.3461,20.94821],[86.34774,20.95045],[86.34821,20.95204],[86.34807,20.95251],[86.34657,20.95371],[86.3467,20.95486],[86.34725,20.95608],[86.3484,20.95656],[86.34921,20.95763],[86.35281,20.95608],[86.35331,20.95498],[86.35403,20.95449],[86.35619,20.95364],[86.35857,20.95193],[86.35957,20.95174],[86.35992,20.94988],[86.35882,20.95008],[86.35791,20.94989],[86.35763,20.94891],[86.35992,20.94713],[86.36031,20.9465],[86.36062,20.94434],[86.36117,20.9437],[86.37002,20.93978],[86.3639,20.92949],[86.36031,20.93086],[86.35903,20.93191],[86.35903,20.93344],[86.35872,20.93391],[86.35642,20.93561],[86.35507,20.93835],[86.35349,20.93971],[86.35244,20.93983],[86.35103,20.9392],[86.34985,20.93817],[86.34892,20.93621],[86.34797,20.93617],[86.34724,20.93628],[86.34402,20.93932],[86.34209,20.94048]]]}},{"type":"Feature","properties":{"LCODE":"050260017001700023","LOCATION":"DAMODARPURA","V_TYPE":"VILLAGE","BLOCK":"BHANDARIPOKHARI","DISTRICT":"BHADRAK"},"geometry":{"type":"Polygon","coordinates":[[[86.41496,20.95315],[86.41669,20.95507],[86.41913,20.95673],[86.42096,20.95758],[86.42329,20.95745],[86.42407,20.95577],[86.4242,20.955],[86.42349,20.95365],[86.4229,20.95321],[86.42134,20.95289],[86.41895,20.9503],[86.41811,20.94995],[86.41756,20.95021],[86.41496,20.95315]]]}},{"type":"Feature","properties":{"LCODE":"050201014001400133","LOCATION":"SATIUTI","V_TYPE":"VILLAGE","BLOCK":"TIHIDI","DISTRICT":"BHADRAK"},"geometry":{"type":"Polygon","coordinates":[[[86.67377,20.92773],[86.67576,20.92953],[86.67722,20.9303],[86.67828,20.93031],[86.68171,20.92916],[86.68349,20.93185],[86.68381,20.93338],[86.68356,20.93438],[86.67931,20.93721],[86.6789,20.93859],[86.68093,20.94135],[86.68201,20.94763],[86.68482,20.94519],[86.68621,20.94473],[86.68702,20.94604],[86.68822,20.95064],[86.68945,20.9508],[86.69132,20.94996],[86.69287,20.94973],[86.6936,20.95065],[86.69457,20.95318],[86.69489,20.95556],[86.69604,20.95758],[86.69684,20.95725],[86.69952,20.95745],[86.69929,20.95679],[86.70004,20.95561],[86.69954,20.95488],[86.69825,20.95066],[86.69655,20.9469],[86.69525,20.94444],[86.69395,20.94268],[86.69347,20.94145],[86.69291,20.93946],[86.69244,20.93508],[86.69082,20.93102],[86.69051,20.92803],[86.68948,20.92437],[86.68873,20.92419],[86.68816,20.92357],[86.68816,20.92312],[86.68719,20.92327],[86.68335,20.92617],[86.68163,20.92694],[86.68098,20.92694],[86.68008,20.92632],[86.67887,20.9244],[86.67709,20.92348],[86.67587,20.9234],[86.67521,20.92363],[86.67503,20.92715],[86.67377,20.92773]]]}},{"type":"Feature","properties":{"LCODE":"050220013001300079","LOCATION":"KALIGADI","V_TYPE":"VILLAGE","BLOCK":"BASUDEVPUR","DISTRICT":"BHADRAK"},"geometry":{"type":"Polygon","coordinates":[[[86.8278,20.95707],[86.83081,20.95749],[86.8327,20.95713],[86.8355,20.95299],[86.8331,20.95192],[86.83199,20.95068],[86.83168,20.94914],[86.83022,20.9492],[86.82939,20.9498],[86.82893,20.95301],[86.82838,20.95321],[86.82801,20.95469],[86.8278,20.95707]]]}},{"type":"Feature","properties":{"LCODE":"050270017001700044","LOCATION":"BADAKOLIPADI","V_TYPE":"VILLAGE","BLOCK":"BHANDARIPOKHARI","DISTRICT":"BHADRAK"},"geometry":{"type":"Polygon","coordinates":[[[86.39647,20.95112],[86.39751,20.95483],[86.39866,20.957],[86.39999,20.95734],[86.40088,20.95723],[86.40376,20.95581],[86.40536,20.95299],[86.40825,20.95148],[86.40715,20.94909],[86.40638,20.9482],[86.40482,20.94788],[86.3993,20.94871],[86.39788,20.94991],[86.39652,20.95053],[86.39647,20.95112]]]}},{"type":"Feature","properties":{"LCODE":"050201014001400091","LOCATION":"KANAPUR","V_TYPE":"VILLAGE","BLOCK":"TIHIDI","DISTRICT":"BHADRAK"},"geometry":{"type":"Polygon","coordinates":[[[86.73281,20.95171],[86.73433,20.95454],[86.73595,20.95424],[86.73718,20.95455],[86.73856,20.95608],[86.74035,20.95716],[86.74313,20.95525],[86.74697,20.95396],[86.74656,20.9515],[86.74509,20.94943],[86.74486,20.94673],[86.74096,20.94467],[86.74038,20.94401],[86.73933,20.94612],[86.7385,20.94712],[86.73769,20.94727],[86.73753,20.94773],[86.73809,20.94903],[86.73776,20.95087],[86.73686,20.95133],[86.73281,20.95171]]]}},{"type":"Feature","properties":{"LCODE":"050260016001600028","LOCATION":"ANAHARPUR","V_TYPE":"VILLAGE","BLOCK":"DHAMNAGAR","DISTRICT":"BHADRAK"},"geometry":{"type":"Polygon","coordinates":[[[86.42873,20.95214],[86.43008,20.95714],[86.43585,20.95469],[86.43714,20.95441],[86.43774,20.95465],[86.43964,20.9537],[86.44166,20.95316],[86.44203,20.95222],[86.44098,20.94851],[86.43989,20.94779],[86.43719,20.94697],[86.43609,20.94855],[86.43481,20.94944],[86.43246,20.94984],[86.42934,20.95119],[86.42873,20.95214]]]}},{"type":"Feature","properties":{"LCODE":"050270017001700062","LOCATION":"KAPILA","V_TYPE":"VILLAGE","BLOCK":"BHANDARIPOKHARI","DISTRICT":"BHADRAK"},"geometry":{"type":"Polygon","coordinates":[[[86.30335,20.94999],[86.30531,20.95221],[86.30824,20.95393],[86.31068,20.95478],[86.31161,20.95441],[86.31234,20.95446],[86.31327,20.95534],[86.31374,20.95663],[86.31456,20.95683],[86.31538,20.9565],[86.31493,20.95605],[86.31319,20.95143],[86.31227,20.9474],[86.30599,20.9488],[86.30335,20.94999]]]}},{"type":"Feature","properties":{"LCODE":"050201014001400140","LOCATION":"SASANKHAS","V_TYPE":"VILLAGE","BLOCK":"TIHIDI","DISTRICT":"BHADRAK"},"geometry":{"type":"Polygon","coordinates":[[[86.60012,20.94007],[86.60059,20.94467],[86.60132,20.94644],[86.60294,20.94905],[86.60847,20.95129],[86.60944,20.95198],[86.61073,20.95375],[86.61134,20.95674],[86.61269,20.95452],[86.61498,20.95168],[86.61776,20.94984],[86.61989,20.94899],[86.61818,20.94724],[86.61802,20.94639],[86.61868,20.94493],[86.61965,20.94478],[86.61893,20.94378],[86.61845,20.94186],[86.61878,20.9391],[86.61864,20.93519],[86.61897,20.93488],[86.62042,20.9355],[86.62108,20.9355],[86.62198,20.9342],[86.62182,20.93389],[86.62076,20.9335],[86.61465,20.93273],[86.61164,20.93272],[86.6083,20.93333],[86.60325,20.93363],[86.60181,20.93423],[86.60161,20.93593],[86.60013,20.93861],[86.60012,20.94007]],[[86.60281,20.94092],[86.60306,20.94007],[86.60355,20.93977],[86.60606,20.94108],[86.60769,20.94292],[86.6102,20.94645],[86.61019,20.9473],[86.60921,20.94899],[86.60856,20.94906],[86.60718,20.94691],[86.60604,20.9466],[86.60523,20.94591],[86.60297,20.94192],[86.60281,20.94092]]]}},{"type":"Feature","properties":{"LCODE":"050260016001600049","LOCATION":"MANKARIA","V_TYPE":"VILLAGE","BLOCK":"DHAMNAGAR","DISTRICT":"BHADRAK"},"geometry":{"type":"Polygon","coordinates":[[[86.47463,20.94276],[86.47533,20.94485],[86.47765,20.94958],[86.48003,20.94987],[86.48088,20.95076],[86.48127,20.95235],[86.4812,20.95402],[86.4822,20.95492],[86.48191,20.95585],[86.48218,20.95645],[86.48317,20.95671],[86.48362,20.9557],[86.48334,20.95487],[86.48349,20.95456],[86.48462,20.95428],[86.48465,20.95306],[86.48566,20.95187],[86.48808,20.95123],[86.48874,20.95328],[86.48965,20.95362],[86.48966,20.95209],[86.48929,20.95088],[86.49052,20.94922],[86.4893,20.94713],[86.48598,20.94389],[86.48463,20.94117],[86.48368,20.94161],[86.48189,20.94176],[86.48137,20.94109],[86.48083,20.93907],[86.4791,20.94001],[86.47918,20.94133],[86.47728,20.9427],[86.47574,20.94292],[86.47463,20.94276]]]}},{"type":"Feature","properties":{"LCODE":"050270017001700061","LOCATION":"SAMSAMDAULATPUR","V_TYPE":"VILLAGE","BLOCK":"BHANDARIPOKHARI","DISTRICT":"BHADRAK"},"geometry":{"type":"Polygon","coordinates":[[[86.31222,20.94756],[86.31319,20.95143],[86.31493,20.95605],[86.31538,20.9565],[86.31674,20.95643],[86.3194,20.95548],[86.32037,20.95539],[86.31995,20.95109],[86.31948,20.94957],[86.31612,20.94917],[86.31655,20.94785],[86.31528,20.94667],[86.31269,20.94716],[86.31222,20.94756]]]}},{"type":"Feature","properties":{"LCODE":"050201014001400139","LOCATION":"KANPADABINDHA","V_TYPE":"VILLAGE","BLOCK":"TIHIDI","DISTRICT":"BHADRAK"},"geometry":{"type":"Polygon","coordinates":[[[86.61802,20.94639],[86.61818,20.94724],[86.61955,20.94877],[86.62313,20.95039],[86.62533,20.952],[86.62654,20.95331],[86.62711,20.95485],[86.628,20.95607],[86.62971,20.95646],[86.63008,20.95625],[86.63028,20.95554],[86.62968,20.95093],[86.62884,20.95063],[86.62713,20.94871],[86.62567,20.94771],[86.62469,20.9474],[86.62257,20.94732],[86.61965,20.94478],[86.61868,20.94493],[86.61802,20.94639]]]}},{"type":"Feature","properties":{"LCODE":"050230015001500008","LOCATION":"BAGHAKHOLLA","V_TYPE":"VILLAGE","BLOCK":"CHANDABALI","DISTRICT":"BHADRAK"},"geometry":{"type":"Polygon","coordinates":[[[86.83144,20.94904],[86.83168,20.94914],[86.83199,20.95068],[86.8331,20.95192],[86.84135,20.95518],[86.84532,20.95644],[86.84517,20.95081],[86.84255,20.95128],[86.84126,20.95073],[86.84047,20.94949],[86.83982,20.94902],[86.83787,20.94938],[86.83672,20.94928],[86.83575,20.94904],[86.83471,20.94795],[86.83282,20.94885],[86.83144,20.94904]]]}},{"type":"Feature","properties":{"LCODE":"050260017001700021","LOCATION":"PHATEPURA","V_TYPE":"VILLAGE","BLOCK":"BHANDARIPOKHARI","DISTRICT":"BHADRAK"},"geometry":{"type":"Polygon","coordinates":[[[86.40536,20.95299],[86.40696,20.95431],[86.40878,20.95508],[86.4103,20.95624],[86.41137,20.95643],[86.41355,20.95527],[86.41394,20.95361],[86.41344,20.95344],[86.41132,20.95137],[86.4098,20.95205],[86.40857,20.95187],[86.40825,20.95148],[86.40536,20.95299]]]}},{"type":"Feature","properties":{"LCODE":"050201014001400089","LOCATION":"MAMANIPUR","V_TYPE":"VILLAGE","BLOCK":"TIHIDI","DISTRICT":"BHADRAK"},"geometry":{"type":"Polygon","coordinates":[[[86.72165,20.94556],[86.72173,20.94586],[86.72579,20.94909],[86.72863,20.95247],[86.73,20.95507],[86.73074,20.95561],[86.7322,20.9564],[86.73433,20.95454],[86.73352,20.95278],[86.73165,20.95025],[86.72816,20.94764],[86.72482,20.94464],[86.72385,20.94411],[86.72287,20.9441],[86.72165,20.94556]]]}},{"type":"Feature","properties":{"LCODE":"050230015001500005","LOCATION":"SENDHAGARA","V_TYPE":"VILLAGE","BLOCK":"CHANDABALI","DISTRICT":"BHADRAK"},"geometry":{"type":"Polygon","coordinates":[[[86.80986,20.94538],[86.81065,20.94586],[86.8112,20.94678],[86.81149,20.94917],[86.81123,20.95055],[86.81001,20.95275],[86.8111,20.95338],[86.81241,20.9531],[86.81552,20.95191],[86.81659,20.951],[86.81732,20.95109],[86.81729,20.95301],[86.81768,20.95401],[86.81777,20.95639],[86.82223,20.95484],[86.82616,20.95305],[86.82714,20.95284],[86.82838,20.95321],[86.82893,20.95301],[86.82939,20.9498],[86.83022,20.9492],[86.83282,20.94885],[86.83471,20.94795],[86.83546,20.9465],[86.83516,20.9455],[86.83452,20.9448],[86.83282,20.94401],[86.82982,20.94328],[86.82918,20.94266],[86.82903,20.94196],[86.82561,20.94176],[86.82351,20.9412],[86.82278,20.94119],[86.82137,20.94201],[86.82048,20.94215],[86.81788,20.94181],[86.8159,20.94225],[86.81492,20.94361],[86.8141,20.94391],[86.81215,20.94388],[86.80986,20.94538]]]}},{"type":"Feature","properties":{"LCODE":"050252016001600017","LOCATION":"ASURALI","V_TYPE":"VILLAGE","BLOCK":"DHAMNAGAR","DISTRICT":"BHADRAK"},"geometry":{"type":"Polygon","coordinates":[[[86.51782,20.94266],[86.5201,20.94393],[86.52107,20.94531],[86.52132,20.94616],[86.52033,20.9477],[86.52016,20.949],[86.52072,20.95062],[86.52177,20.952],[86.52274,20.95438],[86.52387,20.95569],[86.52469,20.95615],[86.52664,20.95631],[86.52607,20.95562],[86.5256,20.954],[86.52593,20.95201],[86.52666,20.95109],[86.52822,20.95001],[86.52953,20.94971],[86.53181,20.95009],[86.53207,20.94741],[86.53239,20.94695],[86.53386,20.94657],[86.5346,20.94564],[86.5342,20.9438],[86.53218,20.94011],[86.53187,20.93819],[86.53211,20.93765],[86.53293,20.93711],[86.53415,20.9385],[86.53464,20.93842],[86.53666,20.93726],[86.53668,20.93651],[86.53652,20.93604],[86.53595,20.93574],[86.53416,20.93535],[86.53392,20.9345],[86.53185,20.93322],[86.531,20.93358],[86.52953,20.93273],[86.52929,20.93296],[86.52944,20.93488],[86.52903,20.93526],[86.52684,20.93411],[86.52651,20.93434],[86.52602,20.93587],[86.52536,20.93603],[86.52407,20.93494],[86.52373,20.93656],[86.52186,20.93663],[86.52153,20.93702],[86.52274,20.9384],[86.52143,20.93971],[86.52151,20.94002],[86.52281,20.94071],[86.52362,20.94248],[86.52354,20.94278],[86.52215,20.9424],[86.52044,20.9427],[86.51955,20.94201],[86.51782,20.94266]]]}},{"type":"Feature","properties":{"LCODE":"050270017001700069","LOCATION":"NERADA","V_TYPE":"VILLAGE","BLOCK":"BHANDARIPOKHARI","DISTRICT":"BHADRAK"},"geometry":{"type":"Polygon","coordinates":[[[86.28841,20.94074],[86.28924,20.9452],[86.28976,20.95218],[86.29059,20.95563],[86.29768,20.95312],[86.30141,20.9506],[86.30599,20.9488],[86.31487,20.94669],[86.31528,20.94667],[86.31647,20.94803],[86.3175,20.94704],[86.3174,20.94659],[86.31632,20.94617],[86.31556,20.94543],[86.31577,20.94451],[86.31641,20.94419],[86.31563,20.94349],[86.3156,20.94286],[86.31592,20.94249],[86.31531,20.94116],[86.31423,20.94022],[86.31361,20.94152],[86.31305,20.942],[86.31176,20.94236],[86.30818,20.94266],[86.30668,20.94172],[86.30513,20.94178],[86.30437,20.94127],[86.30457,20.94011],[86.30411,20.93875],[86.30457,20.9382],[86.3082,20.93698],[86.31187,20.93515],[86.31297,20.93403],[86.314,20.93345],[86.31277,20.9299],[86.31176,20.93047],[86.30946,20.92987],[86.30785,20.9304],[86.30583,20.93041],[86.30569,20.93163],[86.30459,20.93252],[86.30306,20.93319],[86.30119,20.93319],[86.29876,20.93559],[86.29872,20.93666],[86.29928,20.93825],[86.29881,20.93881],[86.29782,20.93862],[86.29672,20.93766],[86.29337,20.93726],[86.29144,20.93818],[86.29103,20.94011],[86.28841,20.94074]]]}},{"type":"Feature","properties":{"LCODE":"050201014001400132","LOCATION":"CHANDRAKATBINDHA","V_TYPE":"VILLAGE","BLOCK":"TIHIDI","DISTRICT":"BHADRAK"},"geometry":{"type":"Polygon","coordinates":[[[86.68948,20.92437],[86.69051,20.92803],[86.69082,20.93102],[86.69244,20.93508],[86.69291,20.93946],[86.69347,20.94145],[86.69776,20.94943],[86.69954,20.95488],[86.70004,20.95561],[86.70093,20.95373],[86.70292,20.95142],[86.70314,20.9499],[86.70266,20.94783],[86.70128,20.94652],[86.70103,20.9456],[86.70014,20.94483],[86.6999,20.94437],[86.69998,20.94315],[86.69796,20.94008],[86.69747,20.93877],[86.69797,20.93732],[86.69895,20.93594],[86.69912,20.93517],[86.69888,20.9331],[86.6975,20.93042],[86.69654,20.92704],[86.69401,20.92389],[86.68948,20.92437]]]}},{"type":"Feature","properties":{"LCODE":"050201014001400137","LOCATION":"TALAKANPADA","V_TYPE":"VILLAGE","BLOCK":"TIHIDI","DISTRICT":"BHADRAK"},"geometry":{"type":"Polygon","coordinates":[[[86.62643,20.93893],[86.6283,20.9438],[86.62973,20.95024],[86.63023,20.95522],[86.63142,20.95454],[86.63469,20.95348],[86.63567,20.95286],[86.63804,20.95049],[86.63869,20.95011],[86.64163,20.9495],[86.64351,20.94827],[86.64613,20.94582],[86.64783,20.94533],[86.64639,20.9426],[86.64517,20.937],[86.64404,20.93677],[86.64299,20.93592],[86.64201,20.93722],[86.64152,20.93653],[86.64128,20.93523],[86.64055,20.93484],[86.63924,20.93507],[86.6394,20.93568],[86.64079,20.93653],[86.64046,20.93722],[86.63882,20.93768],[86.63809,20.9386],[86.63769,20.93821],[86.63736,20.93706],[86.63541,20.93621],[86.63533,20.93683],[86.63679,20.93744],[86.63703,20.9379],[86.63695,20.93921],[86.63646,20.93951],[86.63508,20.93851],[86.63434,20.93867],[86.63018,20.94135],[86.62895,20.94142],[86.62782,20.9405],[86.62725,20.93927],[86.62643,20.93893]]]}},{"type":"Feature","properties":{"LCODE":"050202014001400101","LOCATION":"CHANDAPUR","V_TYPE":"VILLAGE","BLOCK":"TIHIDI","DISTRICT":"BHADRAK"},"geometry":{"type":"Polygon","coordinates":[[[86.74486,20.94651],[86.74509,20.94943],[86.74656,20.9515],[86.7468,20.9538],[86.74883,20.95464],[86.75198,20.95488],[86.75259,20.95371],[86.75167,20.95326],[86.75128,20.95218],[86.75146,20.95126],[86.75247,20.94928],[86.75314,20.9486],[86.75494,20.94786],[86.75543,20.94733],[86.75565,20.94656],[86.75455,20.94609],[86.75424,20.94554],[86.7545,20.94478],[86.75607,20.94326],[86.75462,20.94232],[86.74998,20.9419],[86.74715,20.94269],[86.74609,20.94315],[86.74519,20.94399],[86.74486,20.94651]]]}},{"type":"Feature","properties":{"LCODE":"050202014001400109","LOCATION":"AMRUTAPUR","V_TYPE":"VILLAGE","BLOCK":"TIHIDI","DISTRICT":"BHADRAK"},"geometry":{"type":"Polygon","coordinates":[[[86.77235,20.94564],[86.77301,20.94764],[86.77468,20.95012],[86.7748,20.95289],[86.77512,20.95328],[86.77901,20.95371],[86.78098,20.95468],[86.7812,20.95428],[86.78561,20.95223],[86.78552,20.94927],[86.78243,20.94409],[86.77964,20.94551],[86.77672,20.94516],[86.77459,20.9459],[86.77304,20.94596],[86.77235,20.94564]]]}},{"type":"Feature","properties":{"LCODE":"050260016001600047","LOCATION":"KALYANI","V_TYPE":"VILLAGE","BLOCK":"DHAMNAGAR","DISTRICT":"BHADRAK"},"geometry":{"type":"Polygon","coordinates":[[[86.48463,20.94117],[86.48598,20.94389],[86.4893,20.94713],[86.49052,20.94922],[86.48929,20.95088],[86.48966,20.95209],[86.48965,20.95362],[86.49095,20.95357],[86.49255,20.95297],[86.49316,20.95387],[86.49373,20.95377],[86.49394,20.95292],[86.49458,20.95259],[86.49492,20.95288],[86.49514,20.95432],[86.49638,20.95451],[86.49712,20.95302],[86.49825,20.95259],[86.49831,20.95205],[86.49751,20.9504],[86.49748,20.94979],[86.49984,20.9497],[86.5015,20.94874],[86.50322,20.94836],[86.50379,20.94752],[86.50438,20.94498],[86.50243,20.94344],[86.50269,20.94183],[86.50156,20.93891],[86.50165,20.93775],[86.50239,20.93614],[86.50321,20.93522],[86.50288,20.93453],[86.5015,20.93414],[86.50118,20.9336],[86.50152,20.93222],[86.5012,20.93076],[86.50087,20.93045],[86.50088,20.92991],[86.50307,20.92946],[86.50381,20.92915],[86.50381,20.92877],[86.50211,20.9273],[86.50038,20.9267],[86.4984,20.92701],[86.49689,20.92408],[86.49467,20.92379],[86.49422,20.92472],[86.49463,20.92655],[86.49464,20.92685],[86.49432,20.92694],[86.49615,20.92986],[86.49635,20.93046],[86.49606,20.93139],[86.49488,20.93259],[86.49265,20.93398],[86.48748,20.93893],[86.48463,20.94117]]]}},{"type":"Feature","properties":{"LCODE":"050202014001400100","LOCATION":"ALAL","V_TYPE":"VILLAGE","BLOCK":"TIHIDI","DISTRICT":"BHADRAK"},"geometry":{"type":"Polygon","coordinates":[[[86.75128,20.95218],[86.75167,20.95326],[86.75248,20.95374],[86.75509,20.95331],[86.75694,20.95426],[86.75874,20.95367],[86.76312,20.95319],[86.76326,20.95135],[86.7644,20.94923],[86.76186,20.94772],[86.76073,20.94671],[86.75944,20.94623],[86.75565,20.94656],[86.75543,20.94733],[86.75494,20.94786],[86.75404,20.94807],[86.75247,20.94928],[86.75146,20.95126],[86.75128,20.95218]]]}},{"type":"Feature","properties":{"LCODE":"050252016001600015","LOCATION":"TORABANTIA","V_TYPE":"VILLAGE","BLOCK":"DHAMNAGAR","DISTRICT":"BHADRAK"},"geometry":{"type":"Polygon","coordinates":[[[86.53181,20.9494],[86.53204,20.95086],[86.5331,20.95256],[86.53429,20.95362],[86.53472,20.95325],[86.53586,20.95387],[86.537,20.95271],[86.53824,20.95228],[86.53799,20.9518],[86.53815,20.95049],[86.54102,20.94903],[86.54143,20.94781],[86.53827,20.94473],[86.53778,20.94411],[86.53751,20.94287],[86.53616,20.94342],[86.53404,20.94352],[86.5346,20.94564],[86.53386,20.94657],[86.53239,20.94695],[86.5319,20.94794],[86.53181,20.9494]]]}},{"type":"Feature","properties":{"LCODE":"050252016001600011","LOCATION":"GOHIRAPADA","V_TYPE":"VILLAGE","BLOCK":"DHAMNAGAR","DISTRICT":"BHADRAK"},"geometry":{"type":"Polygon","coordinates":[[[86.55103,20.94943],[86.55103,20.95043],[86.5516,20.9512],[86.55346,20.95328],[86.55428,20.95366],[86.55541,20.95382],[86.55704,20.95351],[86.55769,20.95328],[86.55811,20.95275],[86.55804,20.95106],[86.55656,20.9464],[86.55537,20.9466],[86.55407,20.94635],[86.55283,20.94782],[86.55128,20.9489],[86.55103,20.94943]]]}},{"type":"Feature","properties":{"LCODE":"050230015001500001","LOCATION":"BALIPADA","V_TYPE":"VILLAGE","BLOCK":"CHANDABALI","DISTRICT":"BHADRAK"},"geometry":{"type":"Polygon","coordinates":[[[86.78236,20.94317],[86.78282,20.94494],[86.78552,20.94927],[86.78571,20.95265],[86.78595,20.95312],[86.78703,20.95375],[86.78969,20.95348],[86.79518,20.95094],[86.7989,20.94792],[86.80209,20.94447],[86.8006,20.94319],[86.79941,20.94133],[86.79912,20.9354],[86.79513,20.93428],[86.79124,20.93409],[86.79088,20.93522],[86.78831,20.93818],[86.78593,20.93953],[86.78434,20.94],[86.78363,20.94065],[86.78279,20.94187],[86.78236,20.94317]]]}},{"type":"Feature","properties":{"LCODE":"050230015001500004","LOCATION":"GACHAARIA","V_TYPE":"VILLAGE","BLOCK":"CHANDABALI","DISTRICT":"BHADRAK"},"geometry":{"type":"Polygon","coordinates":[[[86.80613,20.94864],[86.80617,20.9527],[86.80784,20.95349],[86.80914,20.95336],[86.81022,20.95261],[86.81123,20.95055],[86.81149,20.94917],[86.8112,20.94678],[86.81065,20.94586],[86.80986,20.94538],[86.80715,20.94596],[86.80631,20.94733],[86.80613,20.94864]]]}},{"type":"Feature","properties":{"LCODE":"050201014001400134","LOCATION":"SADARABALIA","V_TYPE":"VILLAGE","BLOCK":"TIHIDI","DISTRICT":"BHADRAK"},"geometry":{"type":"Polygon","coordinates":[[[86.64892,20.93301],[86.64975,20.93632],[86.65056,20.93816],[86.65103,20.94084],[86.65233,20.94223],[86.65485,20.94392],[86.65614,20.94645],[86.66402,20.95306],[86.66598,20.95337],[86.67755,20.95032],[86.68114,20.9491],[86.68123,20.94848],[86.68201,20.94763],[86.68093,20.94135],[86.6789,20.93859],[86.67931,20.93721],[86.68356,20.93438],[86.68381,20.93392],[86.68349,20.93185],[86.68171,20.92916],[86.67828,20.93031],[86.67722,20.9303],[86.67576,20.92953],[86.67371,20.92767],[86.67097,20.9263],[86.66827,20.92845],[86.66566,20.9289],[86.65978,20.93181],[86.65726,20.93242],[86.65537,20.93448],[86.65424,20.93448],[86.65383,20.9341],[86.65424,20.93172],[86.65408,20.93149],[86.65302,20.93126],[86.65213,20.93164],[86.65107,20.93164],[86.65107,20.93217],[86.6531,20.93325],[86.65269,20.93532],[86.65073,20.93532],[86.65016,20.93563],[86.64983,20.93539],[86.65009,20.93325],[86.64892,20.93301]]]}},{"type":"Feature","properties":{"LCODE":"050252016001600014","LOCATION":"NADIALI","V_TYPE":"VILLAGE","BLOCK":"DHAMNAGAR","DISTRICT":"BHADRAK"},"geometry":{"type":"Polygon","coordinates":[[[86.53799,20.9518],[86.53824,20.95228],[86.54417,20.95273],[86.54531,20.95304],[86.54776,20.95265],[86.5489,20.95281],[86.54899,20.95227],[86.54884,20.95091],[86.5481,20.95127],[86.54622,20.95096],[86.54614,20.94973],[86.54582,20.9492],[86.54322,20.9485],[86.54257,20.94719],[86.54119,20.94742],[86.54143,20.94781],[86.54102,20.94903],[86.53815,20.95049],[86.53799,20.9518]]]}},{"type":"Feature","properties":{"LCODE":"050201014001400130","LOCATION":"MAIPUR","V_TYPE":"VILLAGE","BLOCK":"TIHIDI","DISTRICT":"BHADRAK"},"geometry":{"type":"Polygon","coordinates":[[[86.69401,20.92389],[86.69654,20.92704],[86.6975,20.93042],[86.69888,20.9331],[86.69912,20.93517],[86.69895,20.93594],[86.69764,20.93801],[86.69747,20.93877],[86.69772,20.93954],[86.69998,20.94315],[86.6999,20.94437],[86.70014,20.94483],[86.70103,20.9456],[86.70128,20.94652],[86.70266,20.94783],[86.70314,20.9499],[86.70292,20.95142],[86.70367,20.9523],[86.7046,20.95258],[86.70517,20.95243],[86.70566,20.95128],[86.70729,20.95113],[86.7077,20.94921],[86.70884,20.94929],[86.70958,20.94791],[86.71015,20.94776],[86.71065,20.94684],[86.71072,20.94654],[86.70992,20.94508],[86.70976,20.9427],[86.70895,20.94109],[86.70335,20.93365],[86.69931,20.92322],[86.69663,20.9239],[86.69401,20.92389]]]}},{"type":"Feature","properties":{"LCODE":"050270017001700045","LOCATION":"KOBERAGADIA","V_TYPE":"VILLAGE","BLOCK":"BHANDARIPOKHARI","DISTRICT":"BHADRAK"},"geometry":{"type":"Polygon","coordinates":[[[86.38604,20.95138],[86.38648,20.95228],[86.38705,20.95211],[86.38837,20.95244],[86.38966,20.95231],[86.39152,20.9517],[86.39286,20.9508],[86.39588,20.95084],[86.39788,20.94991],[86.3993,20.94871],[86.40482,20.94788],[86.40638,20.9482],[86.40715,20.94909],[86.40788,20.95105],[86.40857,20.95187],[86.4098,20.95205],[86.41124,20.95138],[86.40934,20.94885],[86.40894,20.94759],[86.40559,20.94685],[86.40368,20.94608],[86.40214,20.94432],[86.401,20.9445],[86.39884,20.94551],[86.39819,20.94538],[86.39597,20.94324],[86.39343,20.94167],[86.39049,20.94277],[86.38899,20.94369],[86.39052,20.9453],[86.39099,20.94689],[86.39008,20.94854],[86.38701,20.94935],[86.38652,20.94972],[86.38604,20.95138]]]}},{"type":"Feature","properties":{"LCODE":"050270017001700046","LOCATION":"TULASIPUR","V_TYPE":"VILLAGE","BLOCK":"BHANDARIPOKHARI","DISTRICT":"BHADRAK"},"geometry":{"type":"Polygon","coordinates":[[[86.37439,20.94831],[86.37512,20.9499],[86.37715,20.95158],[86.37856,20.95214],[86.38061,20.95229],[86.38239,20.95191],[86.38551,20.95041],[86.38701,20.94935],[86.39008,20.94854],[86.39099,20.94689],[86.39052,20.9453],[86.38899,20.94369],[86.38714,20.94452],[86.38616,20.94455],[86.38434,20.94394],[86.37934,20.94728],[86.37869,20.94746],[86.37737,20.94712],[86.37439,20.94831]]]}},{"type":"Feature","properties":{"LCODE":"050252016001600019","LOCATION":"KAKURIGARIA","V_TYPE":"VILLAGE","BLOCK":"DHAMNAGAR","DISTRICT":"BHADRAK"},"geometry":{"type":"Polygon","coordinates":[[[86.50364,20.9479],[86.50583,20.94798],[86.50867,20.95075],[86.51155,20.95183],[86.51249,20.95083],[86.51666,20.94877],[86.51764,20.94861],[86.51886,20.94785],[86.52042,20.94757],[86.52132,20.94616],[86.52084,20.94478],[86.5201,20.94393],[86.51782,20.94266],[86.51717,20.94446],[86.51652,20.94446],[86.51611,20.94408],[86.51489,20.94446],[86.5144,20.94361],[86.51383,20.94361],[86.51277,20.94446],[86.51245,20.94361],[86.51335,20.9433],[86.5136,20.94292],[86.51344,20.94269],[86.51311,20.94254],[86.51139,20.94307],[86.51083,20.94299],[86.50954,20.94069],[86.50864,20.94038],[86.50783,20.94045],[86.50733,20.94068],[86.50749,20.94099],[86.50716,20.94184],[86.50651,20.94245],[86.50446,20.94345],[86.50381,20.94414],[86.50368,20.94441],[86.50438,20.94498],[86.50364,20.9479]]]}},{"type":"Feature","properties":{"LCODE":"050201014001400090","LOCATION":"SANDAKPUR","V_TYPE":"VILLAGE","BLOCK":"TIHIDI","DISTRICT":"BHADRAK"},"geometry":{"type":"Polygon","coordinates":[[[86.72296,20.94165],[86.7231,20.94406],[86.72385,20.94411],[86.72482,20.94464],[86.72816,20.94764],[86.73165,20.95025],[86.73281,20.95171],[86.73686,20.95133],[86.73776,20.95087],[86.73809,20.94903],[86.73777,20.94796],[86.73737,20.94757],[86.73508,20.94773],[86.73305,20.94695],[86.72744,20.94334],[86.72402,20.94043],[86.72321,20.94073],[86.72296,20.94165]]]}},{"type":"Feature","properties":{"LCODE":"050230015001500011","LOCATION":"BEJIARIA","V_TYPE":"VILLAGE","BLOCK":"CHANDABALI","DISTRICT":"BHADRAK"},"geometry":{"type":"Polygon","coordinates":[[[86.84961,20.94263],[86.85178,20.94473],[86.85242,20.94505],[86.85478,20.94531],[86.85934,20.94522],[86.86429,20.94628],[86.86713,20.94724],[86.86817,20.94772],[86.8697,20.94943],[86.87116,20.94937],[86.87173,20.94969],[86.87348,20.95171],[86.87551,20.94734],[86.87128,20.94661],[86.86805,20.94526],[86.86466,20.94345],[86.86217,20.94142],[86.85788,20.9399],[86.85635,20.93919],[86.85562,20.93847],[86.8548,20.93863],[86.85278,20.9383],[86.8509,20.93879],[86.85079,20.93996],[86.85004,20.9411],[86.84961,20.94263]]]}},{"type":"Feature","properties":{"LCODE":"050230015001500007","LOCATION":"BAROL","V_TYPE":"VILLAGE","BLOCK":"CHANDABALI","DISTRICT":"BHADRAK"},"geometry":{"type":"Polygon","coordinates":[[[86.83471,20.94795],[86.83575,20.94904],[86.83672,20.94928],[86.83787,20.94938],[86.83982,20.94902],[86.84047,20.94949],[86.84126,20.95073],[86.84255,20.95128],[86.84557,20.95079],[86.84988,20.95108],[86.85127,20.95075],[86.84986,20.94739],[86.8493,20.94708],[86.84637,20.94727],[86.84467,20.94678],[86.84362,20.94569],[86.84357,20.94416],[86.843,20.94294],[86.84229,20.94261],[86.84131,20.94259],[86.84057,20.94297],[86.8381,20.94485],[86.83501,20.94534],[86.83546,20.9465],[86.83471,20.94795]]]}},{"type":"Feature","properties":{"LCODE":"050252016001600013","LOCATION":"SRIGANGA","V_TYPE":"VILLAGE","BLOCK":"DHAMNAGAR","DISTRICT":"BHADRAK"},"geometry":{"type":"Polygon","coordinates":[[[86.53746,20.94327],[86.53827,20.94473],[86.5407,20.94727],[86.54257,20.94719],[86.54322,20.9485],[86.54582,20.9492],[86.54614,20.94973],[86.54622,20.95096],[86.54655,20.95112],[86.5481,20.95127],[86.55103,20.94965],[86.55128,20.9489],[86.55283,20.94782],[86.55407,20.94635],[86.55342,20.94537],[86.55182,20.93999],[86.55167,20.93799],[86.55236,20.93648],[86.55135,20.93538],[86.55135,20.93475],[86.54369,20.93621],[86.54238,20.93721],[86.53798,20.93815],[86.53806,20.93904],[86.5387,20.94012],[86.53902,20.94143],[86.53886,20.94204],[86.53751,20.94287],[86.53746,20.94327]]]}},{"type":"Feature","properties":{"LCODE":"050201014001400138","LOCATION":"KANPADA","V_TYPE":"VILLAGE","BLOCK":"TIHIDI","DISTRICT":"BHADRAK"},"geometry":{"type":"Polygon","coordinates":[[[86.61845,20.94087],[86.6186,20.94294],[86.61893,20.94378],[86.62184,20.94678],[86.62257,20.94732],[86.62469,20.9474],[86.62567,20.94771],[86.62713,20.94871],[86.62884,20.95063],[86.62968,20.95093],[86.62949,20.94902],[86.6283,20.9438],[86.62717,20.94126],[86.62685,20.93965],[86.62611,20.9385],[86.62489,20.93788],[86.61873,20.93866],[86.61845,20.94087]]]}},{"type":"Feature","properties":{"LCODE":"050230015001500010","LOCATION":"CHANDRASEKHARPUR","V_TYPE":"VILLAGE","BLOCK":"CHANDABALI","DISTRICT":"BHADRAK"},"geometry":{"type":"Polygon","coordinates":[[[86.84944,20.94309],[86.85002,20.94755],[86.85127,20.95075],[86.85323,20.95035],[86.85404,20.95062],[86.85413,20.95029],[86.85602,20.94924],[86.85474,20.94753],[86.85453,20.94519],[86.85242,20.94505],[86.85178,20.94473],[86.85034,20.9431],[86.84944,20.94309]]]}},{"type":"Feature","properties":{"LCODE":"050201014001400147","LOCATION":"BODAK","V_TYPE":"VILLAGE","BLOCK":"TIHIDI","DISTRICT":"BHADRAK"},"geometry":{"type":"Polygon","coordinates":[[[86.55963,20.94177],[86.55987,20.94254],[86.56044,20.94277],[86.5637,20.9417],[86.56435,20.94177],[86.56467,20.9428],[86.56786,20.94193],[86.56948,20.94201],[86.5715,20.94524],[86.57247,20.94762],[86.57328,20.9487],[86.57533,20.9502],[86.57939,20.94856],[86.58163,20.94802],[86.58102,20.94771],[86.58022,20.94648],[86.58031,20.94234],[86.57935,20.93919],[86.5779,20.93658],[86.57733,20.93604],[86.57334,20.93534],[86.57204,20.93426],[86.5723,20.93311],[86.57352,20.9315],[86.57385,20.93058],[86.57395,20.92812],[86.5732,20.92642],[86.57069,20.92766],[86.56882,20.92819],[86.56662,20.92773],[86.56523,20.92788],[86.56385,20.92841],[86.56303,20.9301],[86.56235,20.93463],[86.56258,20.93632],[86.56226,20.93785],[86.56053,20.93985],[86.55963,20.94177]]]}},{"type":"Feature","properties":{"LCODE":"050270017001700096","LOCATION":"KOLIGADIA","V_TYPE":"VILLAGE","BLOCK":"BHANDARIPOKHARI","DISTRICT":"BHADRAK"},"geometry":{"type":"Polygon","coordinates":[[[86.35756,20.94929],[86.35791,20.94989],[86.35882,20.95008],[86.36125,20.94968],[86.36346,20.94775],[86.36655,20.94571],[86.36721,20.94592],[86.36797,20.94665],[86.36846,20.94663],[86.36967,20.94613],[86.37206,20.94439],[86.37011,20.94113],[86.37002,20.93978],[86.36117,20.9437],[86.36062,20.94434],[86.36031,20.9465],[86.35992,20.94713],[86.35809,20.94835],[86.35756,20.94929]]]}},{"type":"Feature","properties":{"LCODE":"050201014001400149","LOCATION":"ANDAREI","V_TYPE":"VILLAGE","BLOCK":"TIHIDI","DISTRICT":"BHADRAK"},"geometry":{"type":"Polygon","coordinates":[[[86.57906,20.93872],[86.58031,20.94234],[86.58014,20.94541],[86.58054,20.94718],[86.58135,20.94794],[86.58322,20.94818],[86.58575,20.94718],[86.58649,20.94749],[86.58856,20.94969],[86.5886,20.94803],[86.59105,20.94719],[86.59244,20.94574],[86.59456,20.9452],[86.59513,20.94474],[86.5953,20.9442],[86.59483,20.94239],[86.59499,20.94167],[86.59778,20.93684],[86.59917,20.93554],[86.6021,20.93408],[86.60423,20.9334],[86.6083,20.93333],[86.61164,20.93272],[86.61296,20.9328],[86.61392,20.93226],[86.61409,20.93173],[86.61271,20.93034],[86.6123,20.92942],[86.61296,20.92865],[86.6133,20.92735],[86.60987,20.92688],[86.60393,20.92664],[86.60056,20.926],[86.59937,20.92763],[86.59585,20.9307],[86.59054,20.93437],[86.58205,20.93781],[86.57906,20.93872]]]}},{"type":"Feature","properties":{"LCODE":"050202014001400105","LOCATION":"NILAKANTHAPUR","V_TYPE":"VILLAGE","BLOCK":"TIHIDI","DISTRICT":"BHADRAK"},"geometry":{"type":"Polygon","coordinates":[[[86.75424,20.94554],[86.75455,20.94609],[86.75545,20.94656],[86.75944,20.94623],[86.76073,20.94671],[86.76186,20.94772],[86.7644,20.94923],[86.7651,20.94853],[86.76649,20.94802],[86.76668,20.94656],[86.76646,20.94464],[86.76681,20.94395],[86.76845,20.9429],[86.77074,20.94224],[86.77067,20.94162],[86.77045,20.94127],[86.76848,20.94098],[86.76554,20.94171],[86.76426,20.94023],[86.76353,20.94037],[86.76163,20.94127],[86.75932,20.94331],[86.75696,20.94382],[86.75607,20.94326],[86.7545,20.94478],[86.75424,20.94554]]]}},{"type":"Feature","properties":{"LCODE":"050201014001400141","LOCATION":"NARASINGPUR","V_TYPE":"VILLAGE","BLOCK":"TIHIDI","DISTRICT":"BHADRAK"},"geometry":{"type":"Polygon","coordinates":[[[86.60281,20.94092],[86.60297,20.94192],[86.60523,20.94591],[86.60604,20.9466],[86.60718,20.94691],[86.60856,20.94906],[86.60921,20.94899],[86.61019,20.9473],[86.6102,20.94645],[86.60769,20.94292],[86.60606,20.94108],[86.60355,20.93977],[86.60306,20.94007],[86.60281,20.94092]]]}},{"type":"Feature","properties":{"LCODE":"050270017001700079","LOCATION":"BHUTIA","V_TYPE":"VILLAGE","BLOCK":"BHANDARIPOKHARI","DISTRICT":"BHADRAK"},"geometry":{"type":"Polygon","coordinates":[[[86.33104,20.94306],[86.33186,20.9451],[86.33369,20.94786],[86.33629,20.94768],[86.33704,20.94627],[86.33794,20.94616],[86.3386,20.94636],[86.34029,20.94775],[86.34026,20.94864],[86.34088,20.94834],[86.34093,20.94757],[86.3399,20.94439],[86.34053,20.94368],[86.34268,20.94252],[86.34209,20.94048],[86.33895,20.94106],[86.33598,20.94025],[86.33315,20.94082],[86.33118,20.94251],[86.33104,20.94306]]]}},{"type":"Feature","properties":{"LCODE":"050260016001600054","LOCATION":"JAYANAGAR","V_TYPE":"VILLAGE","BLOCK":"DHAMNAGAR","DISTRICT":"BHADRAK"},"geometry":{"type":"Polygon","coordinates":[[[86.43233,20.93269],[86.43259,20.93321],[86.43535,20.93487],[86.43595,20.93553],[86.43623,20.93644],[86.43587,20.94151],[86.43727,20.94567],[86.43719,20.94697],[86.44077,20.94829],[86.44227,20.94823],[86.44494,20.94759],[86.44643,20.94508],[86.44353,20.94519],[86.443,20.94422],[86.44329,20.94336],[86.4444,20.94263],[86.4451,20.94176],[86.44547,20.94067],[86.44492,20.93732],[86.44511,20.93601],[86.44627,20.93474],[86.44716,20.93432],[86.44982,20.93368],[86.45061,20.93377],[86.44974,20.93161],[86.44933,20.92956],[86.449,20.92375],[86.44919,20.92252],[86.44965,20.92196],[86.45061,20.92154],[86.45226,20.92194],[86.45617,20.91972],[86.45714,20.91947],[86.45666,20.91571],[86.4559,20.91528],[86.4529,20.91555],[86.45066,20.9148],[86.44936,20.91485],[86.44683,20.91671],[86.44633,20.91666],[86.44528,20.91478],[86.4446,20.91427],[86.44404,20.9143],[86.44415,20.9149],[86.44311,20.91755],[86.43856,20.92585],[86.43649,20.92877],[86.43299,20.93113],[86.43245,20.93184],[86.43233,20.93269]]]}},{"type":"Feature","properties":{"LCODE":"050270017001700097","LOCATION":"SARASADA","V_TYPE":"VILLAGE","BLOCK":"BHANDARIPOKHARI","DISTRICT":"BHADRAK"},"geometry":{"type":"Polygon","coordinates":[[[86.37007,20.94005],[86.37038,20.94173],[86.37439,20.94831],[86.37737,20.94712],[86.37869,20.94746],[86.37934,20.94728],[86.38434,20.94394],[86.38616,20.94455],[86.38714,20.94452],[86.39049,20.94277],[86.39343,20.94167],[86.39392,20.94087],[86.39567,20.93973],[86.39569,20.93843],[86.39485,20.93578],[86.39246,20.93037],[86.39132,20.93124],[86.38798,20.9313],[86.3842,20.93076],[86.38073,20.93158],[86.37907,20.93151],[86.37955,20.93263],[86.37975,20.93538],[86.37961,20.936],[86.37906,20.93656],[86.37403,20.93921],[86.37007,20.94005]]]}},{"type":"Feature","properties":{"LCODE":"050201014001400088","LOCATION":"BARBATIA","V_TYPE":"VILLAGE","BLOCK":"TIHIDI","DISTRICT":"BHADRAK"},"geometry":{"type":"Polygon","coordinates":[[[86.71538,20.94524],[86.71651,20.94754],[86.71764,20.94793],[86.71797,20.9477],[86.71822,20.94678],[86.72171,20.94579],[86.72247,20.94449],[86.7231,20.94406],[86.72296,20.94165],[86.72321,20.94073],[86.72134,20.94004],[86.71897,20.94065],[86.71693,20.94065],[86.71653,20.94095],[86.71661,20.94317],[86.71538,20.94524]]]}},{"type":"Feature","properties":{"LCODE":"050201014001400091","LOCATION":"KANAPUR","V_TYPE":"VILLAGE","BLOCK":"TIHIDI","DISTRICT":"BHADRAK"},"geometry":{"type":"Polygon","coordinates":[[[86.72423,20.94052],[86.72744,20.94334],[86.73305,20.94695],[86.73508,20.94773],[86.73753,20.94773],[86.73769,20.94727],[86.73607,20.94405],[86.73559,20.94167],[86.73363,20.94067],[86.73283,20.93945],[86.73296,20.93833],[86.72745,20.93974],[86.72623,20.93974],[86.72423,20.94052]]]}},{"type":"Feature","properties":{"LCODE":"050270017001700100","LOCATION":"MAHAMMADPUR","V_TYPE":"VILLAGE","BLOCK":"BHANDARIPOKHARI","DISTRICT":"BHADRAK"},"geometry":{"type":"Polygon","coordinates":[[[86.40202,20.94346],[86.40205,20.94415],[86.40249,20.94498],[86.40368,20.94608],[86.40501,20.94664],[86.40894,20.94759],[86.40903,20.94733],[86.4104,20.94689],[86.41055,20.94658],[86.40982,20.94461],[86.40758,20.94179],[86.40535,20.93806],[86.40241,20.93985],[86.40258,20.9413],[86.40202,20.94346]]]}},{"type":"Feature","properties":{"LCODE":"050230015001500022","LOCATION":"KADUANASI","V_TYPE":"VILLAGE","BLOCK":"CHANDABALI","DISTRICT":"BHADRAK"},"geometry":{"type":"Polygon","coordinates":[[[86.84298,20.94301],[86.84357,20.94416],[86.84362,20.94569],[86.84467,20.94678],[86.84637,20.94727],[86.8493,20.94708],[86.85002,20.94755],[86.84944,20.94309],[86.84969,20.94294],[86.85004,20.9411],[86.85079,20.93996],[86.8509,20.93879],[86.85057,20.9385],[86.84887,20.93824],[86.84743,20.93654],[86.8459,20.93552],[86.8437,20.93549],[86.84336,20.94155],[86.84298,20.94301]]]}},{"type":"Feature","properties":{"LCODE":"050201014001400126","LOCATION":"BHANUPUR","V_TYPE":"VILLAGE","BLOCK":"TIHIDI","DISTRICT":"BHADRAK"},"geometry":{"type":"Polygon","coordinates":[[[86.73283,20.93876],[86.73283,20.93945],[86.73363,20.94067],[86.73559,20.94167],[86.73607,20.94405],[86.73753,20.94719],[86.7385,20.94712],[86.73933,20.94612],[86.74038,20.94401],[86.73998,20.94291],[86.73999,20.94122],[86.73934,20.93953],[86.73498,20.937],[86.73308,20.93799],[86.73283,20.93876]]]}},{"type":"Feature","properties":{"LCODE":"050230015001500018","LOCATION":"BALIGHAI","V_TYPE":"VILLAGE","BLOCK":"CHANDABALI","DISTRICT":"BHADRAK"},"geometry":{"type":"Polygon","coordinates":[[[86.85562,20.93847],[86.85635,20.93919],[86.85788,20.9399],[86.86217,20.94142],[86.86466,20.94345],[86.86805,20.94526],[86.87128,20.94661],[86.87551,20.94734],[86.87819,20.94241],[86.87973,20.93759],[86.87926,20.93644],[86.87862,20.93597],[86.87562,20.93493],[86.87256,20.93289],[86.86874,20.92731],[86.86665,20.92552],[86.86259,20.926],[86.86173,20.92798],[86.86073,20.92943],[86.85899,20.93102],[86.85809,20.93139],[86.85634,20.93436],[86.85562,20.93847]]]}},{"type":"Feature","properties":{"LCODE":"050270017001700078","LOCATION":"MASANA","V_TYPE":"VILLAGE","BLOCK":"BHANDARIPOKHARI","DISTRICT":"BHADRAK"},"geometry":{"type":"Polygon","coordinates":[[[86.31836,20.94366],[86.31852,20.94608],[86.31887,20.94668],[86.32091,20.9466],[86.32362,20.94726],[86.32484,20.94698],[86.32488,20.94606],[86.32397,20.94172],[86.31931,20.94352],[86.31836,20.94366]]]}},{"type":"Feature","properties":{"LCODE":"050260016001600053","LOCATION":"NUAPOKHARI","V_TYPE":"VILLAGE","BLOCK":"DHAMNAGAR","DISTRICT":"BHADRAK"},"geometry":{"type":"Polygon","coordinates":[[[86.443,20.94422],[86.44353,20.94519],[86.44736,20.94519],[86.45029,20.94691],[86.45492,20.94642],[86.45422,20.94523],[86.45377,20.94295],[86.45286,20.94199],[86.45249,20.94108],[86.45127,20.93523],[86.45061,20.93377],[86.44982,20.93368],[86.44716,20.93432],[86.44556,20.93538],[86.44511,20.93601],[86.44492,20.93732],[86.44547,20.94067],[86.4451,20.94176],[86.4444,20.94263],[86.44329,20.94336],[86.443,20.94422]]]}},{"type":"Feature","properties":{"LCODE":"050202014001400125","LOCATION":"SAMANTARAIPUR","V_TYPE":"VILLAGE","BLOCK":"TIHIDI","DISTRICT":"BHADRAK"},"geometry":{"type":"Polygon","coordinates":[[[86.71964,20.9184],[86.72311,20.9218],[86.72367,20.92272],[86.72399,20.92441],[86.72562,20.92602],[86.72805,20.92963],[86.73398,20.935],[86.73503,20.93707],[86.73934,20.93953],[86.73999,20.94122],[86.73998,20.94291],[86.74055,20.94421],[86.74096,20.94467],[86.74486,20.94673],[86.74503,20.94437],[86.74561,20.94353],[86.74487,20.94322],[86.74447,20.94253],[86.74455,20.94184],[86.74545,20.94085],[86.74399,20.93939],[86.74391,20.93839],[86.74574,20.93464],[86.74572,20.93226],[86.74613,20.93089],[86.74703,20.92966],[86.74703,20.92912],[86.74516,20.92759],[86.74354,20.92674],[86.74126,20.92735],[86.73898,20.92673],[86.73808,20.9252],[86.73841,20.92382],[86.73991,20.92258],[86.73907,20.92183],[86.73673,20.92036],[86.73606,20.92121],[86.73418,20.92197],[86.73239,20.92197],[86.7306,20.9212],[86.72914,20.9202],[86.72809,20.91851],[86.72799,20.91744],[86.7272,20.9169],[86.72646,20.91568],[86.72549,20.91567],[86.72263,20.91674],[86.71964,20.9184]]]}},{"type":"Feature","properties":{"LCODE":"050260016001600052","LOCATION":"MAUJAKHANDI","V_TYPE":"VILLAGE","BLOCK":"DHAMNAGAR","DISTRICT":"BHADRAK"},"geometry":{"type":"Polygon","coordinates":[[[86.4513,20.93542],[86.45249,20.94108],[86.45352,20.94288],[86.45718,20.94388],[86.46175,20.946],[86.46391,20.9466],[86.46581,20.94657],[86.46648,20.94597],[86.46709,20.94487],[86.466,20.94399],[86.46561,20.94271],[86.46548,20.94141],[86.46635,20.94016],[86.46574,20.93971],[86.46198,20.93764],[86.4513,20.93542]]]}},{"type":"Feature","properties":{"LCODE":"050252016001600012","LOCATION":"BATITANKI","V_TYPE":"VILLAGE","BLOCK":"DHAMNAGAR","DISTRICT":"BHADRAK"},"geometry":{"type":"Polygon","coordinates":[[[86.55166,20.93884],[86.5531,20.94444],[86.55383,20.94621],[86.55537,20.9466],[86.55656,20.9464],[86.55709,20.94476],[86.55604,20.94214],[86.55597,20.94038],[86.55716,20.93945],[86.55549,20.939],[86.55394,20.93807],[86.55236,20.93648],[86.55167,20.93799],[86.55166,20.93884]]]}},{"type":"Feature","properties":{"LCODE":"050201014001400129","LOCATION":"NAMEISAHI","V_TYPE":"VILLAGE","BLOCK":"TIHIDI","DISTRICT":"BHADRAK"},"geometry":{"type":"Polygon","coordinates":[[[86.69931,20.92322],[86.70335,20.93365],[86.70603,20.93702],[86.70943,20.94201],[86.70976,20.9427],[86.70992,20.94508],[86.7104,20.94631],[86.71072,20.94654],[86.7122,20.94593],[86.71334,20.94432],[86.71351,20.9437],[86.71326,20.94248],[86.71067,20.93971],[86.70995,20.93565],[86.70898,20.93465],[86.7071,20.93396],[86.7054,20.93196],[86.70394,20.92935],[86.70493,20.92491],[86.70494,20.9233],[86.70438,20.922],[86.70415,20.92163],[86.69931,20.92322]]]}},{"type":"Feature","properties":{"LCODE":"050202014001400110","LOCATION":"KESARPURDIAN","V_TYPE":"VILLAGE","BLOCK":"TIHIDI","DISTRICT":"BHADRAK"},"geometry":{"type":"Polygon","coordinates":[[[86.77045,20.94127],[86.77136,20.94409],[86.77235,20.94564],[86.77304,20.94596],[86.77459,20.9459],[86.77672,20.94516],[86.78013,20.94536],[86.78243,20.94409],[86.78236,20.94317],[86.78279,20.94187],[86.78434,20.94],[86.78375,20.93796],[86.78372,20.93482],[86.78341,20.93427],[86.78107,20.93301],[86.77911,20.93337],[86.77496,20.93354],[86.77295,20.93674],[86.77258,20.93919],[86.772,20.94003],[86.77045,20.94127]]]}},{"type":"Feature","properties":{"LCODE":"050260016001600055","LOCATION":"BHAGABANPUR","V_TYPE":"VILLAGE","BLOCK":"DHAMNAGAR","DISTRICT":"BHADRAK"},"geometry":{"type":"Polygon","coordinates":[[[86.42458,20.93468],[86.42612,20.93845],[86.42582,20.93907],[86.42542,20.93924],[86.42483,20.94065],[86.42533,20.943],[86.42541,20.94491],[86.42577,20.94559],[86.42635,20.94587],[86.42789,20.94573],[86.43003,20.94427],[86.4319,20.94397],[86.43236,20.94326],[86.43246,20.94195],[86.43201,20.9409],[86.42942,20.93931],[86.42834,20.93897],[86.42773,20.93785],[86.42793,20.93669],[86.42853,20.93559],[86.4298,20.93485],[86.43183,20.93454],[86.43266,20.93497],[86.43438,20.93705],[86.43521,20.93732],[86.43622,20.93693],[86.43595,20.93553],[86.43535,20.93487],[86.43327,20.93372],[86.43233,20.93269],[86.43245,20.93184],[86.43299,20.93113],[86.43649,20.92877],[86.43761,20.92705],[86.43654,20.92808],[86.43486,20.92898],[86.42773,20.93026],[86.42726,20.93066],[86.42676,20.93229],[86.42624,20.93242],[86.42666,20.93383],[86.42458,20.93468]]]}},{"type":"Feature","properties":{"LCODE":"050270017001700099","LOCATION":"ALIHA","V_TYPE":"VILLAGE","BLOCK":"BHANDARIPOKHARI","DISTRICT":"BHADRAK"},"geometry":{"type":"Polygon","coordinates":[[[86.39246,20.93037],[86.39485,20.93578],[86.39569,20.93843],[86.39567,20.93973],[86.39392,20.94087],[86.39337,20.94143],[86.39347,20.94181],[86.39597,20.94324],[86.39819,20.94538],[86.39884,20.94551],[86.401,20.9445],[86.40214,20.94432],[86.40202,20.94346],[86.40263,20.94045],[86.40217,20.93917],[86.40183,20.93496],[86.40034,20.93065],[86.40054,20.9295],[86.3993,20.92901],[86.39783,20.92914],[86.39246,20.93037]]]}},{"type":"Feature","properties":{"LCODE":"050230015001500006","LOCATION":"PAHADAPUR","V_TYPE":"VILLAGE","BLOCK":"CHANDABALI","DISTRICT":"BHADRAK"},"geometry":{"type":"Polygon","coordinates":[[[86.83322,20.94414],[86.83501,20.94534],[86.83557,20.94535],[86.8381,20.94485],[86.83991,20.94334],[86.84131,20.94259],[86.84229,20.94261],[86.843,20.94294],[86.84336,20.94155],[86.8437,20.93579],[86.84364,20.9348],[86.84324,20.93418],[86.84136,20.93407],[86.84005,20.9349],[86.83845,20.93334],[86.8378,20.9331],[86.83747,20.93341],[86.83688,20.93463],[86.83676,20.9367],[86.83627,20.93746],[86.83479,20.9379],[86.83429,20.93858],[86.83395,20.9395],[86.83365,20.94325],[86.83322,20.94414]]]}},{"type":"Feature","properties":{"LCODE":"050230015001500030","LOCATION":"KOLIARIA","V_TYPE":"VILLAGE","BLOCK":"CHANDABALI","DISTRICT":"BHADRAK"},"geometry":{"type":"Polygon","coordinates":[[[86.8079,20.94267],[86.8102,20.94526],[86.81215,20.94388],[86.8141,20.94391],[86.81492,20.94361],[86.8155,20.94308],[86.816,20.94194],[86.81554,20.94055],[86.8145,20.93961],[86.81312,20.93921],[86.81108,20.93918],[86.80995,20.93962],[86.81009,20.94032],[86.80949,20.94208],[86.8079,20.94267]]]}},{"type":"Feature","properties":{"LCODE":"050260016001600051","LOCATION":"BANDHATIA","V_TYPE":"VILLAGE","BLOCK":"DHAMNAGAR","DISTRICT":"BHADRAK"},"geometry":{"type":"Polygon","coordinates":[[[86.46548,20.94141],[86.466,20.94399],[86.46701,20.94487],[86.46807,20.94483],[86.47079,20.9435],[86.47232,20.94305],[86.47463,20.94276],[86.47388,20.93954],[86.47383,20.93832],[86.47428,20.93738],[86.4758,20.93656],[86.47752,20.9368],[86.47846,20.93791],[86.4791,20.94001],[86.48083,20.93907],[86.48076,20.93805],[86.48212,20.93554],[86.48412,20.9347],[86.48647,20.93215],[86.49004,20.92966],[86.4891,20.92817],[86.48804,20.92887],[86.48738,20.92875],[86.48735,20.92615],[86.48691,20.92532],[86.48625,20.92519],[86.48439,20.92565],[86.48405,20.92536],[86.48277,20.92188],[86.48373,20.91996],[86.48259,20.91915],[86.48006,20.91954],[86.47907,20.91943],[86.4793,20.92478],[86.4789,20.92709],[86.48035,20.93048],[86.47984,20.93173],[86.4765,20.93186],[86.47286,20.93269],[86.4706,20.93228],[86.47027,20.93494],[86.46907,20.93767],[86.46609,20.94039],[86.46548,20.94141]]]}},{"type":"Feature","properties":{"LCODE":"050201014001400128","LOCATION":"PADHISAHI","V_TYPE":"VILLAGE","BLOCK":"TIHIDI","DISTRICT":"BHADRAK"},"geometry":{"type":"Polygon","coordinates":[[[86.70394,20.92882],[86.70394,20.92935],[86.70475,20.93097],[86.7071,20.93396],[86.70898,20.93465],[86.70995,20.93565],[86.71043,20.93918],[86.71132,20.94056],[86.71326,20.94248],[86.71339,20.94415],[86.71559,20.9446],[86.71661,20.94317],[86.71653,20.94095],[86.71681,20.94074],[86.71548,20.93942],[86.7141,20.93642],[86.71239,20.93405],[86.71143,20.9322],[86.71095,20.92967],[86.71062,20.92921],[86.71014,20.92898],[86.70988,20.9296],[86.71037,20.93082],[86.71037,20.93182],[86.70931,20.93166],[86.70842,20.93074],[86.70793,20.92905],[86.70802,20.92821],[86.7081,20.92768],[86.70908,20.92737],[86.70892,20.9266],[86.70698,20.92315],[86.70627,20.92076],[86.70415,20.92163],[86.70494,20.9233],[86.70493,20.92491],[86.70394,20.92882]]]}},{"type":"Feature","properties":{"LCODE":"050252016001600018","LOCATION":"GARIALI","V_TYPE":"VILLAGE","BLOCK":"DHAMNAGAR","DISTRICT":"BHADRAK"},"geometry":{"type":"Polygon","coordinates":[[[86.50751,20.93792],[86.50848,20.93938],[86.50849,20.94039],[86.50954,20.94069],[86.51035,20.94184],[86.51066,20.94292],[86.51139,20.94307],[86.51311,20.94254],[86.51344,20.94269],[86.5136,20.94292],[86.51335,20.9433],[86.51245,20.94361],[86.51261,20.94438],[86.51383,20.94361],[86.5144,20.94361],[86.51489,20.94446],[86.51611,20.94408],[86.51676,20.94454],[86.51717,20.94446],[86.51758,20.94385],[86.51775,20.9427],[86.51906,20.94201],[86.51955,20.94201],[86.52044,20.9427],[86.52166,20.9424],[86.52321,20.94286],[86.52361,20.94271],[86.52281,20.94071],[86.52151,20.94002],[86.52143,20.93971],[86.52274,20.9384],[86.52153,20.93702],[86.52186,20.93663],[86.52373,20.93656],[86.52407,20.93494],[86.52293,20.93418],[86.51991,20.9341],[86.51821,20.93317],[86.51649,20.93401],[86.51462,20.9337],[86.51218,20.93454],[86.51118,20.9341],[86.50939,20.93646],[86.50784,20.93738],[86.50751,20.93792]]]}},{"type":"Feature","properties":{"LCODE":"050230015001500031","LOCATION":"RAJAGURPUR","V_TYPE":"VILLAGE","BLOCK":"CHANDABALI","DISTRICT":"BHADRAK"},"geometry":{"type":"Polygon","coordinates":[[[86.79912,20.9354],[86.79941,20.94133],[86.8006,20.94319],[86.80209,20.94447],[86.80467,20.94278],[86.80574,20.94249],[86.80801,20.94267],[86.80949,20.94208],[86.81009,20.94032],[86.80995,20.93962],[86.8093,20.93893],[86.80883,20.93777],[86.80762,20.93373],[86.8066,20.93459],[86.80546,20.93488],[86.79912,20.9354]]]}},{"type":"Feature","properties":{"LCODE":"050252016001600020","LOCATION":"JHARDIHI","V_TYPE":"VILLAGE","BLOCK":"DHAMNAGAR","DISTRICT":"BHADRAK"},"geometry":{"type":"Polygon","coordinates":[[[86.50156,20.93891],[86.50269,20.94183],[86.50243,20.94344],[86.50368,20.94441],[86.50446,20.94345],[86.50553,20.94306],[86.50716,20.94184],[86.50749,20.94099],[86.50733,20.94068],[86.50652,20.94007],[86.50539,20.93776],[86.50434,20.93645],[86.50279,20.93629],[86.50239,20.93653],[86.50165,20.93775],[86.50156,20.93891]]]}},{"type":"Feature","properties":{"LCODE":"050270017001700077","LOCATION":"PURIPARA","V_TYPE":"VILLAGE","BLOCK":"BHANDARIPOKHARI","DISTRICT":"BHADRAK"},"geometry":{"type":"Polygon","coordinates":[[[86.31274,20.93435],[86.31396,20.93821],[86.31423,20.94022],[86.31531,20.94116],[86.31592,20.94249],[86.3156,20.94286],[86.31563,20.94349],[86.31641,20.94419],[86.31793,20.94365],[86.31931,20.94352],[86.32108,20.94268],[86.32578,20.94121],[86.32558,20.94113],[86.32565,20.93491],[86.32506,20.93439],[86.32359,20.9343],[86.32311,20.93478],[86.32278,20.9364],[86.32204,20.93658],[86.32063,20.93595],[86.32014,20.93375],[86.31972,20.93346],[86.31915,20.93348],[86.3186,20.93411],[86.31828,20.93413],[86.31754,20.93408],[86.31629,20.93344],[86.31474,20.93327],[86.31377,20.93354],[86.31274,20.93435]]]}},{"type":"Feature","properties":{"LCODE":"050230015001500023","LOCATION":"BISHNUPUR","V_TYPE":"VILLAGE","BLOCK":"CHANDABALI","DISTRICT":"BHADRAK"},"geometry":{"type":"Polygon","coordinates":[[[86.82903,20.94196],[86.82918,20.94266],[86.82982,20.94328],[86.83322,20.94414],[86.8334,20.94386],[86.83429,20.93858],[86.83479,20.9379],[86.83627,20.93746],[86.83676,20.9367],[86.83688,20.93463],[86.83763,20.93326],[86.83817,20.93042],[86.84042,20.92723],[86.84059,20.92662],[86.83981,20.92476],[86.83876,20.92375],[86.83829,20.92355],[86.8372,20.9245],[86.83352,20.92606],[86.83269,20.92697],[86.83235,20.92789],[86.8325,20.92873],[86.83434,20.93083],[86.83472,20.93214],[86.8347,20.93321],[86.83404,20.93397],[86.83042,20.93646],[86.83049,20.93722],[86.83152,20.93893],[86.83167,20.93977],[86.83133,20.94046],[86.82961,20.94128],[86.82903,20.94196]]]}},{"type":"Feature","properties":{"LCODE":"050202014001400104","LOCATION":"JAMJURI","V_TYPE":"VILLAGE","BLOCK":"TIHIDI","DISTRICT":"BHADRAK"},"geometry":{"type":"Polygon","coordinates":[[[86.75298,20.94216],[86.75462,20.94232],[86.75696,20.94382],[86.75932,20.94331],[86.76163,20.94127],[86.76426,20.94023],[86.76554,20.94171],[86.76848,20.94098],[86.77045,20.94127],[86.772,20.94003],[86.77258,20.93919],[86.77295,20.93674],[86.77496,20.93354],[86.77545,20.93345],[86.774,20.93192],[86.7718,20.93181],[86.76938,20.93109],[86.76899,20.93001],[86.76967,20.92938],[86.76949,20.92917],[86.76653,20.92644],[86.76491,20.92641],[86.76405,20.9281],[86.76306,20.929],[86.75973,20.93101],[86.76219,20.93237],[86.76267,20.93299],[86.76297,20.93438],[86.7623,20.93598],[86.75925,20.93771],[86.75924,20.93878],[86.75816,20.93976],[86.75644,20.94074],[86.75407,20.9414],[86.75298,20.94216]]]}},{"type":"Feature","properties":{"LCODE":"050202014001400102","LOCATION":"DARAPUR","V_TYPE":"VILLAGE","BLOCK":"TIHIDI","DISTRICT":"BHADRAK"},"geometry":{"type":"Polygon","coordinates":[[[86.74391,20.93839],[86.74399,20.93939],[86.74545,20.94085],[86.74455,20.94184],[86.74447,20.94253],[86.74487,20.94322],[86.74561,20.94353],[86.74715,20.94269],[86.74998,20.9419],[86.75298,20.94216],[86.75407,20.9414],[86.75644,20.94074],[86.75816,20.93976],[86.75941,20.93832],[86.75934,20.93778],[86.75749,20.93615],[86.7571,20.93506],[86.75712,20.93399],[86.75746,20.93315],[86.75862,20.93171],[86.76306,20.929],[86.76405,20.9281],[86.76481,20.92688],[86.76516,20.92519],[86.76492,20.92488],[86.76427,20.92488],[86.76125,20.92575],[86.76075,20.92606],[86.76113,20.92752],[86.76056,20.92789],[86.75943,20.92719],[86.75812,20.92794],[86.75732,20.92693],[86.75683,20.92692],[86.75494,20.92813],[86.75279,20.92863],[86.74971,20.93296],[86.74734,20.93426],[86.74574,20.93464],[86.74391,20.93839]]]}},{"type":"Feature","properties":{"LCODE":"050252016001600016","LOCATION":"HANSAPUR","V_TYPE":"VILLAGE","BLOCK":"DHAMNAGAR","DISTRICT":"BHADRAK"},"geometry":{"type":"Polygon","coordinates":[[[86.53187,20.93819],[86.53218,20.94011],[86.53404,20.94352],[86.53697,20.94319],[86.53886,20.94204],[86.53902,20.94143],[86.5387,20.94012],[86.53806,20.93904],[86.53798,20.93815],[86.53692,20.93766],[86.53666,20.93726],[86.53521,20.93819],[86.53415,20.9385],[86.53293,20.93711],[86.53236,20.93734],[86.53187,20.93819]]]}},{"type":"Feature","properties":{"LCODE":"050270017001700080","LOCATION":"NEULIA","V_TYPE":"VILLAGE","BLOCK":"BHANDARIPOKHARI","DISTRICT":"BHADRAK"},"geometry":{"type":"Polygon","coordinates":[[[86.32555,20.9366],[86.32558,20.94113],[86.32641,20.94148],[86.32787,20.94126],[86.32845,20.94147],[86.32957,20.94296],[86.33112,20.94275],[86.33315,20.94082],[86.33598,20.94025],[86.33804,20.94078],[86.33677,20.93562],[86.33631,20.93489],[86.3349,20.93577],[86.33135,20.93683],[86.33028,20.93649],[86.32832,20.93641],[86.32763,20.93552],[86.32565,20.93491],[86.32555,20.9366]]]}},{"type":"Feature","properties":{"LCODE":"050260016001600050","LOCATION":"PARAMANANDAPURA","V_TYPE":"VILLAGE","BLOCK":"DHAMNAGAR","DISTRICT":"BHADRAK"},"geometry":{"type":"Polygon","coordinates":[[[86.47383,20.93832],[86.47401,20.94046],[86.47463,20.94276],[86.47574,20.94292],[86.47728,20.9427],[86.47918,20.94133],[86.47932,20.94078],[86.47846,20.93791],[86.47752,20.9368],[86.47645,20.93653],[86.47515,20.93674],[86.47428,20.93738],[86.47383,20.93832]]]}},{"type":"Feature","properties":{"LCODE":"050270017001700076","LOCATION":"BENIPUR","V_TYPE":"VILLAGE","BLOCK":"BHANDARIPOKHARI","DISTRICT":"BHADRAK"},"geometry":{"type":"Polygon","coordinates":[[[86.30411,20.93875],[86.30457,20.94011],[86.30437,20.94127],[86.30463,20.94165],[86.30668,20.94172],[86.30818,20.94266],[86.31176,20.94236],[86.31305,20.942],[86.31361,20.94152],[86.31428,20.94011],[86.31357,20.93677],[86.31274,20.9345],[86.3082,20.93698],[86.30457,20.9382],[86.30411,20.93875]]]}},{"type":"Feature","properties":{"LCODE":"050230015001500026","LOCATION":"BRAHMATIKIRI","V_TYPE":"VILLAGE","BLOCK":"CHANDABALI","DISTRICT":"BHADRAK"},"geometry":{"type":"Polygon","coordinates":[[[86.81585,20.94124],[86.81608,20.94232],[86.81788,20.94181],[86.82048,20.94215],[86.82137,20.94201],[86.82278,20.94119],[86.82561,20.94176],[86.82903,20.94196],[86.82961,20.94128],[86.83133,20.94046],[86.83167,20.93977],[86.83044,20.9367],[86.82709,20.93595],[86.82216,20.93396],[86.82134,20.93403],[86.82085,20.9344],[86.82034,20.93593],[86.81837,20.93638],[86.81804,20.93675],[86.81834,20.93844],[86.81824,20.9399],[86.81676,20.94026],[86.81585,20.94124]]]}},{"type":"Feature","properties":{"LCODE":"050260016001600048","LOCATION":"BANSAR","V_TYPE":"VILLAGE","BLOCK":"DHAMNAGAR","DISTRICT":"BHADRAK"},"geometry":{"type":"Polygon","coordinates":[[[86.48076,20.93805],[86.4809,20.9395],[86.48172,20.94161],[86.484,20.94152],[86.48693,20.93941],[86.49277,20.9339],[86.49004,20.92966],[86.48647,20.93215],[86.48412,20.9347],[86.48212,20.93554],[86.48076,20.93805]]]}},{"type":"Feature","properties":{"LCODE":"050201014001400136","LOCATION":"DAPPA","V_TYPE":"VILLAGE","BLOCK":"TIHIDI","DISTRICT":"BHADRAK"},"geometry":{"type":"Polygon","coordinates":[[[86.6123,20.92942],[86.61271,20.93034],[86.61409,20.93173],[86.61392,20.93226],[86.61296,20.9328],[86.61604,20.93288],[86.62076,20.9335],[86.62182,20.93389],[86.62198,20.9342],[86.62108,20.9355],[86.61872,20.93496],[86.61873,20.93866],[86.62489,20.93788],[86.62555,20.93804],[86.62643,20.93893],[86.62725,20.93927],[86.62782,20.9405],[86.62895,20.94142],[86.63018,20.94135],[86.63434,20.93867],[86.63508,20.93851],[86.63646,20.93951],[86.63678,20.93936],[86.63712,20.93875],[86.63703,20.9379],[86.63679,20.93744],[86.63533,20.93683],[86.63541,20.93621],[86.63736,20.93706],[86.63769,20.93821],[86.63809,20.9386],[86.63882,20.93768],[86.64046,20.93722],[86.64079,20.93653],[86.63924,20.93553],[86.63924,20.93507],[86.63973,20.93492],[86.64055,20.93484],[86.64128,20.93523],[86.64152,20.93653],[86.64201,20.93722],[86.64299,20.93592],[86.64437,20.93692],[86.64535,20.937],[86.64575,20.93661],[86.64543,20.93592],[86.64389,20.93477],[86.64438,20.93431],[86.6469,20.93585],[86.64861,20.93608],[86.64902,20.9357],[86.64861,20.93478],[86.64748,20.93378],[86.64634,20.93355],[86.64577,20.93102],[86.64336,20.9261],[86.64426,20.92434],[86.64394,20.92242],[86.64419,20.92158],[86.64777,20.92089],[86.64932,20.9202],[86.64982,20.91944],[86.64958,20.91637],[86.64822,20.91123],[86.6478,20.91047],[86.64236,20.91076],[86.63705,20.9104],[86.63699,20.91074],[86.63593,20.91128],[86.63096,20.91065],[86.6263,20.91053],[86.62623,20.9118],[86.62655,20.91341],[86.62598,20.91433],[86.62589,20.9151],[86.62662,20.91563],[86.62702,20.91648],[86.62604,20.91832],[86.62767,20.91825],[86.62783,20.91878],[86.62513,20.92108],[86.62236,20.92207],[86.61713,20.92559],[86.61623,20.92651],[86.61541,20.92697],[86.61317,20.9273],[86.61296,20.92865],[86.6123,20.92942]]]}},{"type":"Feature","properties":{"LCODE":"050230015001500032","LOCATION":"GOPINATHPUR","V_TYPE":"VILLAGE","BLOCK":"CHANDABALI","DISTRICT":"BHADRAK"},"geometry":{"type":"Polygon","coordinates":[[[86.79784,20.9318],[86.8006,20.93328],[86.80062,20.93526],[86.80546,20.93488],[86.8066,20.93459],[86.80762,20.93373],[86.80883,20.93777],[86.8093,20.93893],[86.80995,20.93962],[86.81108,20.93918],[86.81312,20.93921],[86.8145,20.93961],[86.81554,20.94055],[86.81585,20.94124],[86.81676,20.94026],[86.81758,20.94019],[86.81841,20.93959],[86.81804,20.93675],[86.81837,20.93638],[86.81733,20.93535],[86.81587,20.93495],[86.81564,20.93456],[86.81622,20.93291],[86.81601,20.93102],[86.81635,20.92488],[86.81269,20.92539],[86.80933,20.92657],[86.80844,20.92664],[86.80691,20.92569],[86.80618,20.92561],[86.80264,20.92832],[86.80085,20.9276],[86.80031,20.9266],[86.79979,20.92813],[86.79784,20.9318]]]}},{"type":"Feature","properties":{"LCODE":"050270017001700087","LOCATION":"SARAPADA","V_TYPE":"VILLAGE","BLOCK":"BHANDARIPOKHARI","DISTRICT":"BHADRAK"},"geometry":{"type":"Polygon","coordinates":[[[86.33631,20.93489],[86.33677,20.93562],[86.33804,20.94078],[86.33968,20.94103],[86.34209,20.94048],[86.34402,20.93932],[86.34724,20.93628],[86.34975,20.9361],[86.35358,20.93373],[86.35535,20.93309],[86.35349,20.92775],[86.35308,20.92577],[86.35143,20.92283],[86.34843,20.92373],[86.34781,20.92452],[86.34444,20.92596],[86.34355,20.92791],[86.34299,20.9283],[86.34295,20.92916],[86.34248,20.92972],[86.33871,20.9323],[86.33863,20.93332],[86.33631,20.93489]]]}},{"type":"Feature","properties":{"LCODE":"050270017001700070","LOCATION":"JASOTIKIRI","V_TYPE":"VILLAGE","BLOCK":"BHANDARIPOKHARI","DISTRICT":"BHADRAK"},"geometry":{"type":"Polygon","coordinates":[[[86.2854,20.93414],[86.28699,20.93699],[86.28841,20.94074],[86.29103,20.94011],[86.29144,20.93818],[86.29337,20.93726],[86.29672,20.93766],[86.29782,20.93862],[86.29881,20.93881],[86.29928,20.93825],[86.29872,20.93666],[86.29876,20.93559],[86.30119,20.93319],[86.30306,20.93319],[86.30459,20.93252],[86.30569,20.93163],[86.3059,20.93078],[86.30554,20.92995],[86.30481,20.9299],[86.30296,20.93074],[86.30157,20.93049],[86.30144,20.92919],[86.30305,20.92882],[86.30344,20.9285],[86.30343,20.92812],[86.30117,20.92667],[86.30051,20.92669],[86.2897,20.93142],[86.2854,20.93414]]]}},{"type":"Feature","properties":{"LCODE":"050201014001400127","LOCATION":"HARISINGPUR","V_TYPE":"VILLAGE","BLOCK":"TIHIDI","DISTRICT":"BHADRAK"},"geometry":{"type":"Polygon","coordinates":[[[86.70627,20.92076],[86.70698,20.92315],[86.70892,20.9266],[86.70908,20.92737],[86.7081,20.92768],[86.70802,20.92821],[86.70793,20.92905],[86.70842,20.93074],[86.70931,20.93166],[86.71037,20.93182],[86.71037,20.93082],[86.70988,20.9296],[86.71014,20.92898],[86.71062,20.92921],[86.71095,20.92967],[86.71143,20.9322],[86.7141,20.93642],[86.71548,20.93942],[86.71661,20.94064],[86.71897,20.94065],[86.72134,20.94004],[86.72321,20.94073],[86.72353,20.94043],[86.72423,20.94052],[86.72623,20.93974],[86.72745,20.93974],[86.73177,20.93875],[86.73296,20.93833],[86.73308,20.93799],[86.73498,20.937],[86.73398,20.935],[86.72952,20.93109],[86.72749,20.92894],[86.72562,20.92602],[86.72399,20.92441],[86.72367,20.92272],[86.72311,20.9218],[86.71938,20.91812],[86.718,20.91605],[86.71523,20.91734],[86.71172,20.91818],[86.70627,20.92076]]]}},{"type":"Feature","properties":{"LCODE":"050252016001600021","LOCATION":"KHARIJJHARIDIHI","V_TYPE":"VILLAGE","BLOCK":"DHAMNAGAR","DISTRICT":"BHADRAK"},"geometry":{"type":"Polygon","coordinates":[[[86.50087,20.93045],[86.5012,20.93076],[86.50152,20.93222],[86.50118,20.9336],[86.5015,20.93414],[86.50288,20.93453],[86.50321,20.93522],[86.50239,20.93614],[86.50239,20.93653],[86.50279,20.93629],[86.50434,20.93645],[86.50539,20.93776],[86.50684,20.94045],[86.50733,20.94068],[86.50849,20.94039],[86.50848,20.93938],[86.50751,20.93792],[86.50759,20.93761],[86.50939,20.93646],[86.51118,20.9341],[86.51096,20.9337],[86.51121,20.93208],[86.50975,20.9307],[86.50992,20.93001],[86.50951,20.92916],[86.50683,20.92877],[86.50381,20.9289],[86.50381,20.92915],[86.50307,20.92946],[86.50088,20.92991],[86.50087,20.93045]]]}},{"type":"Feature","properties":{"LCODE":"050260016001600060","LOCATION":"TALAPADA","V_TYPE":"VILLAGE","BLOCK":"DHAMNAGAR","DISTRICT":"BHADRAK"},"geometry":{"type":"Polygon","coordinates":[[[86.449,20.92375],[86.44933,20.92956],[86.44974,20.93161],[86.4513,20.93542],[86.46198,20.93764],[86.46635,20.94016],[86.46907,20.93767],[86.47027,20.93494],[86.4706,20.93228],[86.46964,20.93182],[86.46896,20.93108],[86.46701,20.92741],[86.46605,20.92775],[86.46272,20.92988],[86.45905,20.9301],[86.45842,20.92859],[86.45775,20.92816],[86.45712,20.92864],[86.4565,20.92974],[86.45528,20.92948],[86.45509,20.92895],[86.45538,20.92802],[86.45623,20.92699],[86.45996,20.92455],[86.46707,20.92363],[86.46784,20.92186],[86.46828,20.91878],[86.4677,20.91857],[86.46396,20.91872],[86.45721,20.91945],[86.45617,20.91972],[86.45226,20.92194],[86.45061,20.92154],[86.44965,20.92196],[86.44919,20.92252],[86.449,20.92375]]]}},{"type":"Feature","properties":{"LCODE":"050270017001700095","LOCATION":"NENTIPUR","V_TYPE":"VILLAGE","BLOCK":"BHANDARIPOKHARI","DISTRICT":"BHADRAK"},"geometry":{"type":"Polygon","coordinates":[[[86.36852,20.93732],[86.37007,20.94005],[86.37347,20.93938],[86.37627,20.9382],[86.37961,20.936],[86.37968,20.93369],[86.37935,20.93179],[86.37884,20.93127],[86.37827,20.93122],[86.37558,20.93177],[86.37358,20.93432],[86.37225,20.93544],[86.36852,20.93732]]]}},{"type":"Feature","properties":{"LCODE":"050202014001400111","LOCATION":"BALIDANDI","V_TYPE":"VILLAGE","BLOCK":"TIHIDI","DISTRICT":"BHADRAK"},"geometry":{"type":"Polygon","coordinates":[[[86.78373,20.93498],[86.78375,20.93796],[86.78434,20.94],[86.78593,20.93953],[86.78831,20.93818],[86.79088,20.93522],[86.79124,20.93409],[86.78985,20.93352],[86.78725,20.93348],[86.78495,20.93422],[86.78373,20.93498]]]}},{"type":"Feature","properties":{"LCODE":"050270017001700101","LOCATION":"BAIGADIA","V_TYPE":"VILLAGE","BLOCK":"BHANDARIPOKHARI","DISTRICT":"BHADRAK"},"geometry":{"type":"Polygon","coordinates":[[[86.40032,20.93004],[86.40073,20.93217],[86.40203,20.93588],[86.40204,20.93794],[86.40241,20.93985],[86.40535,20.93806],[86.40513,20.93575],[86.40653,20.93424],[86.40741,20.93375],[86.40895,20.93361],[86.41007,20.93311],[86.41013,20.93257],[86.40821,20.9295],[86.40755,20.92738],[86.40533,20.92693],[86.40298,20.92725],[86.40054,20.9295],[86.40032,20.93004]]]}},{"type":"Feature","properties":{"LCODE":"050270017001700089","LOCATION":"TALAPADA","V_TYPE":"VILLAGE","BLOCK":"BHANDARIPOKHARI","DISTRICT":"BHADRAK"},"geometry":{"type":"Polygon","coordinates":[[[86.34892,20.93621],[86.34985,20.93817],[86.35052,20.93883],[86.35244,20.93983],[86.35349,20.93971],[86.35507,20.93835],[86.35642,20.93561],[86.35872,20.93391],[86.35903,20.93344],[86.35903,20.93191],[86.35358,20.93373],[86.34975,20.9361],[86.34892,20.93621]]]}},{"type":"Feature","properties":{"LCODE":"050252016001600032","LOCATION":"PATURIBINDHA","V_TYPE":"VILLAGE","BLOCK":"DHAMNAGAR","DISTRICT":"BHADRAK"},"geometry":{"type":"Polygon","coordinates":[[[86.55127,20.93515],[86.55322,20.93753],[86.55549,20.939],[86.55727,20.93946],[86.56123,20.93908],[86.56226,20.93785],[86.56258,20.93632],[86.56235,20.93463],[86.56309,20.92992],[86.56098,20.93163],[86.5587,20.93186],[86.55829,20.9324],[86.55608,20.93362],[86.55526,20.93508],[86.5546,20.93562],[86.55241,20.93469],[86.55152,20.93461],[86.55127,20.93515]]]}},{"type":"Feature","properties":{"LCODE":"050260016001600057","LOCATION":"JAYAKRUSHNAPUR","V_TYPE":"VILLAGE","BLOCK":"DHAMNAGAR","DISTRICT":"BHADRAK"},"geometry":{"type":"Polygon","coordinates":[[[86.40508,20.93652],[86.40521,20.93782],[86.40598,20.93923],[86.41297,20.93613],[86.41384,20.93549],[86.4143,20.9347],[86.41435,20.93393],[86.41513,20.93314],[86.41801,20.93187],[86.42076,20.93115],[86.42142,20.93135],[86.42136,20.93182],[86.42081,20.9323],[86.42075,20.93307],[86.42198,20.93509],[86.42272,20.93513],[86.42635,20.93407],[86.42666,20.93383],[86.42556,20.93081],[86.42539,20.92882],[86.42862,20.92793],[86.42908,20.9273],[86.42928,20.92606],[86.42849,20.92288],[86.42671,20.92141],[86.42597,20.92114],[86.42419,20.92151],[86.42333,20.92247],[86.42136,20.92599],[86.42055,20.92603],[86.41979,20.92552],[86.41959,20.92284],[86.41846,20.92097],[86.41781,20.92092],[86.4166,20.92135],[86.4156,20.92101],[86.41553,20.91932],[86.41627,20.9173],[86.41409,20.91793],[86.40833,20.91869],[86.40771,20.91948],[86.40765,20.92178],[86.40833,20.92635],[86.40803,20.92706],[86.40762,20.92707],[86.40755,20.92753],[86.40821,20.9295],[86.41013,20.93257],[86.41007,20.93311],[86.40895,20.93361],[86.40741,20.93375],[86.40653,20.93424],[86.40513,20.93575],[86.40508,20.93652]]]}},{"type":"Feature","properties":{"LCODE":"050230015001500019","LOCATION":"BADASAMUKAVEDI","V_TYPE":"VILLAGE","BLOCK":"CHANDABALI","DISTRICT":"BHADRAK"},"geometry":{"type":"Polygon","coordinates":[[[86.8476,20.93673],[86.84887,20.93824],[86.85057,20.9385],[86.8509,20.93879],[86.85278,20.9383],[86.8548,20.93863],[86.85562,20.93847],[86.85634,20.93436],[86.85809,20.93139],[86.85899,20.93102],[86.86073,20.92943],[86.86173,20.92798],[86.86259,20.926],[86.85999,20.9252],[86.85732,20.925],[86.85719,20.92669],[86.85814,20.92878],[86.85796,20.92954],[86.8569,20.93007],[86.85436,20.93049],[86.85272,20.93139],[86.84909,20.93472],[86.8476,20.93673]]]}},{"type":"Feature","properties":{"LCODE":"050201014001400148","LOCATION":"BODAKSASAN","V_TYPE":"VILLAGE","BLOCK":"TIHIDI","DISTRICT":"BHADRAK"},"geometry":{"type":"Polygon","coordinates":[[[86.57204,20.93426],[86.57334,20.93534],[86.57733,20.93604],[86.5779,20.93658],[86.57906,20.93872],[86.58205,20.93781],[86.59054,20.93437],[86.59585,20.9307],[86.59937,20.92763],[86.60056,20.926],[86.59921,20.92541],[86.59564,20.92287],[86.59493,20.92146],[86.59296,20.92186],[86.58766,20.92162],[86.57796,20.92406],[86.5732,20.92642],[86.57395,20.92812],[86.57385,20.93058],[86.57352,20.9315],[86.5723,20.93311],[86.57204,20.93426]]]}},{"type":"Feature","properties":{"LCODE":"050252016001600028","LOCATION":"NENJARA","V_TYPE":"VILLAGE","BLOCK":"DHAMNAGAR","DISTRICT":"BHADRAK"},"geometry":{"type":"Polygon","coordinates":[[[86.53152,20.92728],[86.53159,20.9282],[86.53264,20.93035],[86.53207,20.93151],[86.53185,20.93322],[86.53392,20.9345],[86.53416,20.93535],[86.53652,20.93604],[86.5366,20.93712],[86.53692,20.93766],[86.53798,20.93815],[86.5396,20.93789],[86.54238,20.93721],[86.5435,20.93643],[86.54311,20.93652],[86.54223,20.93429],[86.53933,20.92929],[86.53933,20.92875],[86.54023,20.92745],[86.54057,20.92553],[86.5418,20.92338],[86.54156,20.92161],[86.541,20.92015],[86.54115,20.91934],[86.5397,20.92],[86.53733,20.92199],[86.53427,20.92334],[86.53414,20.92398],[86.53365,20.92429],[86.5321,20.92467],[86.53161,20.92521],[86.53152,20.92728]]]}},{"type":"Feature","properties":{"LCODE":"050202014001400103","LOCATION":"SAPANIBINDHA","V_TYPE":"VILLAGE","BLOCK":"TIHIDI","DISTRICT":"BHADRAK"},"geometry":{"type":"Polygon","coordinates":[[[86.7571,20.93506],[86.75749,20.93615],[86.75925,20.93771],[86.7623,20.93598],[86.76279,20.93514],[86.76299,20.93369],[86.76219,20.93237],[86.75973,20.93101],[86.75862,20.93171],[86.75746,20.93315],[86.75712,20.93399],[86.7571,20.93506]]]}},{"type":"Feature","properties":{"LCODE":"050230015001500016","LOCATION":"KUAMARA","V_TYPE":"VILLAGE","BLOCK":"CHANDABALI","DISTRICT":"BHADRAK"},"geometry":{"type":"Polygon","coordinates":[[[86.8805,20.92487],[86.88421,20.93236],[86.88498,20.9349],[86.88489,20.93582],[86.88691,20.93677],[86.88918,20.93734],[86.89561,20.93743],[86.90371,20.937],[86.90701,20.93133],[86.90492,20.92981],[86.90176,20.92884],[86.8974,20.92663],[86.88995,20.9243],[86.88507,20.92408],[86.8805,20.92487]]]}},{"type":"Feature","properties":{"LCODE":"050270017001700094","LOCATION":"KURIKANA","V_TYPE":"VILLAGE","BLOCK":"BHANDARIPOKHARI","DISTRICT":"BHADRAK"},"geometry":{"type":"Polygon","coordinates":[[[86.3639,20.92949],[86.36852,20.93732],[86.37296,20.93488],[86.37553,20.93202],[86.37566,20.9314],[86.37442,20.929],[86.37364,20.92588],[86.37251,20.92623],[86.36972,20.9278],[86.3639,20.92949]]]}},{"type":"Feature","properties":{"LCODE":"050270017001700081","LOCATION":"GANDHARBABINDHA","V_TYPE":"VILLAGE","BLOCK":"BHANDARIPOKHARI","DISTRICT":"BHADRAK"},"geometry":{"type":"Polygon","coordinates":[[[86.32656,20.93507],[86.32763,20.93552],[86.32832,20.93641],[86.33168,20.93682],[86.3349,20.93577],[86.33713,20.93446],[86.33863,20.93332],[86.33876,20.93247],[86.33849,20.93195],[86.33792,20.93182],[86.33611,20.93335],[86.33482,20.9337],[86.33363,20.93268],[86.33264,20.93233],[86.3326,20.93141],[86.33234,20.93112],[86.32909,20.93132],[86.32889,20.93041],[86.32909,20.92933],[86.32833,20.92882],[86.32747,20.92891],[86.32749,20.93023],[86.32699,20.93186],[86.32693,20.9344],[86.32656,20.93507]]]}},{"type":"Feature","properties":{"LCODE":"050230015001500017","LOCATION":"ANANDAPUR","V_TYPE":"VILLAGE","BLOCK":"CHANDABALI","DISTRICT":"BHADRAK"},"geometry":{"type":"Polygon","coordinates":[[[86.86674,20.92491],[86.86729,20.92614],[86.8693,20.92801],[86.87176,20.93196],[86.87256,20.93289],[86.87457,20.93438],[86.87733,20.93534],[86.87936,20.93664],[86.88145,20.93677],[86.88489,20.93582],[86.88498,20.9349],[86.88421,20.93236],[86.8805,20.92487],[86.87677,20.9242],[86.8745,20.92302],[86.87006,20.9215],[86.86916,20.92156],[86.868,20.92231],[86.86726,20.9233],[86.86674,20.92491]]]}},{"type":"Feature","properties":{"LCODE":"050230015001500021","LOCATION":"SANASAMUKAVEDI","V_TYPE":"VILLAGE","BLOCK":"CHANDABALI","DISTRICT":"BHADRAK"},"geometry":{"type":"Polygon","coordinates":[[[86.83763,20.93326],[86.83845,20.93334],[86.84005,20.9349],[86.84136,20.93407],[86.84324,20.93418],[86.8437,20.93549],[86.8459,20.93552],[86.8476,20.93673],[86.84909,20.93472],[86.85272,20.93139],[86.85436,20.93049],[86.85771,20.92977],[86.85814,20.92878],[86.85728,20.927],[86.85539,20.92713],[86.85178,20.929],[86.84785,20.93017],[86.846,20.92945],[86.84309,20.92773],[86.84036,20.9273],[86.83817,20.93042],[86.83763,20.93326]]]}},{"type":"Feature","properties":{"LCODE":"050230015001500025","LOCATION":"TARAERAIPUR","V_TYPE":"VILLAGE","BLOCK":"CHANDABALI","DISTRICT":"BHADRAK"},"geometry":{"type":"Polygon","coordinates":[[[86.82197,20.93066],[86.82251,20.93213],[86.82256,20.93414],[86.82814,20.93627],[86.83044,20.9367],[86.83116,20.93578],[86.83314,20.93465],[86.8347,20.93321],[86.83472,20.93214],[86.83434,20.93083],[86.83329,20.92989],[86.8325,20.92873],[86.83239,20.92811],[86.83136,20.92864],[86.82954,20.93038],[86.82832,20.93006],[86.82454,20.9277],[86.8234,20.92738],[86.82331,20.92791],[86.82371,20.92884],[86.82197,20.93066]]]}},{"type":"Feature","properties":{"LCODE":"050270017001700082","LOCATION":"MITUANI","V_TYPE":"VILLAGE","BLOCK":"BHANDARIPOKHARI","DISTRICT":"BHADRAK"},"geometry":{"type":"Polygon","coordinates":[[[86.31105,20.92513],[86.31165,20.92756],[86.3138,20.93238],[86.314,20.93345],[86.3153,20.93325],[86.31828,20.93413],[86.3186,20.93411],[86.31915,20.93348],[86.31972,20.93346],[86.32014,20.93375],[86.32063,20.93595],[86.32204,20.93658],[86.32278,20.9364],[86.32311,20.93478],[86.32359,20.9343],[86.32439,20.93419],[86.32565,20.93491],[86.32656,20.93507],[86.32671,20.93487],[86.32693,20.9344],[86.32705,20.93133],[86.32749,20.93023],[86.32747,20.92891],[86.3271,20.92856],[86.32671,20.92689],[86.32025,20.92668],[86.31867,20.92598],[86.31741,20.92496],[86.31521,20.92496],[86.31205,20.92547],[86.31105,20.92513]]]}},{"type":"Feature","properties":{"LCODE":"050252016001600030","LOCATION":"PHATEPUR","V_TYPE":"VILLAGE","BLOCK":"DHAMNAGAR","DISTRICT":"BHADRAK"},"geometry":{"type":"Polygon","coordinates":[[[86.53933,20.92875],[86.53933,20.92929],[86.54223,20.93429],[86.54311,20.93652],[86.54459,20.93598],[86.54962,20.93507],[86.54924,20.93369],[86.54983,20.93108],[86.54886,20.92823],[86.54805,20.92715],[86.54798,20.92439],[86.54719,20.92147],[86.54736,20.9194],[86.54647,20.91694],[86.54659,20.91412],[86.54469,20.91425],[86.54118,20.91685],[86.54141,20.91862],[86.541,20.92015],[86.54156,20.92161],[86.5418,20.92338],[86.54057,20.92553],[86.54023,20.92745],[86.53933,20.92875]]]}},{"type":"Feature","properties":{"LCODE":"050230015001500027","LOCATION":"RAIPUR","V_TYPE":"VILLAGE","BLOCK":"CHANDABALI","DISTRICT":"BHADRAK"},"geometry":{"type":"Polygon","coordinates":[[[86.81564,20.93456],[86.81587,20.93495],[86.81733,20.93535],[86.81837,20.93638],[86.82034,20.93593],[86.82085,20.9344],[86.82134,20.93403],[86.82256,20.93414],[86.82251,20.93213],[86.82197,20.93066],[86.82371,20.92884],[86.82332,20.92753],[86.82475,20.92355],[86.82357,20.92333],[86.82249,20.92368],[86.82172,20.9259],[86.82048,20.92665],[86.81984,20.92649],[86.81831,20.92508],[86.81635,20.92488],[86.81601,20.93102],[86.81622,20.93291],[86.81564,20.93456]]]}},{"type":"Feature","properties":{"LCODE":"050252016001600027","LOCATION":"DILLO","V_TYPE":"VILLAGE","BLOCK":"DHAMNAGAR","DISTRICT":"BHADRAK"},"geometry":{"type":"Polygon","coordinates":[[[86.51792,20.92937],[86.5183,20.93094],[86.51837,20.93321],[86.52065,20.93425],[86.52212,20.93402],[86.52293,20.93418],[86.52536,20.93603],[86.52626,20.93557],[86.52651,20.93434],[86.52684,20.93411],[86.52903,20.93526],[86.52944,20.93488],[86.52929,20.93296],[86.52953,20.93273],[86.531,20.93358],[86.53181,20.93335],[86.53207,20.93151],[86.53264,20.93035],[86.53159,20.9282],[86.53152,20.92613],[86.52509,20.92627],[86.52361,20.92834],[86.52254,20.92911],[86.51792,20.92937]]]}},{"type":"Feature","properties":{"LCODE":"050201014001400135","LOCATION":"TALADAPA","V_TYPE":"VILLAGE","BLOCK":"TIHIDI","DISTRICT":"BHADRAK"},"geometry":{"type":"Polygon","coordinates":[[[86.64336,20.9261],[86.64577,20.93102],[86.64634,20.93355],[86.64748,20.93378],[86.64748,20.93317],[86.64878,20.93301],[86.65009,20.93325],[86.64983,20.93539],[86.65016,20.93563],[86.65073,20.93532],[86.65269,20.93532],[86.65302,20.93448],[86.6531,20.93325],[86.65107,20.93217],[86.65107,20.93164],[86.65213,20.93164],[86.65302,20.93126],[86.65408,20.93149],[86.65424,20.93172],[86.65383,20.9341],[86.65424,20.93448],[86.65537,20.93448],[86.65726,20.93242],[86.65978,20.93181],[86.66566,20.9289],[86.66827,20.92845],[86.67097,20.9263],[86.67137,20.92631],[86.67316,20.92753],[86.67377,20.92773],[86.67462,20.92754],[86.67503,20.92715],[86.67519,20.92376],[86.67327,20.91948],[86.67215,20.91511],[86.67004,20.91089],[86.669,20.90705],[86.66835,20.90613],[86.66608,20.90574],[86.66069,20.90849],[86.65726,20.90925],[86.6478,20.91047],[86.64854,20.91207],[86.64958,20.91637],[86.64982,20.91944],[86.64932,20.9202],[86.64777,20.92089],[86.64419,20.92158],[86.64394,20.92242],[86.64426,20.92434],[86.64336,20.9261]]]}},{"type":"Feature","properties":{"LCODE":"050252016001600033","LOCATION":"HETAMPUR","V_TYPE":"VILLAGE","BLOCK":"DHAMNAGAR","DISTRICT":"BHADRAK"},"geometry":{"type":"Polygon","coordinates":[[[86.55152,20.93461],[86.55241,20.93469],[86.5546,20.93562],[86.55526,20.93508],[86.55608,20.93362],[86.55829,20.9324],[86.5587,20.93186],[86.56022,20.93157],[86.5605,20.93025],[86.55914,20.92602],[86.55906,20.92456],[86.55972,20.92403],[86.55988,20.9228],[86.55867,20.92103],[86.55843,20.92026],[86.5586,20.91811],[86.55795,20.9178],[86.55706,20.91803],[86.55679,20.92264],[86.55605,20.92448],[86.55447,20.93116],[86.55405,20.93185],[86.55193,20.93338],[86.55193,20.93442],[86.55152,20.93461]]]}},{"type":"Feature","properties":{"LCODE":"050230015001500033","LOCATION":"GANGADHARPURPATANA","V_TYPE":"VILLAGE","BLOCK":"CHANDABALI","DISTRICT":"BHADRAK"},"geometry":{"type":"Polygon","coordinates":[[[86.79124,20.93409],[86.79513,20.93428],[86.7995,20.93549],[86.80062,20.93526],[86.8006,20.93328],[86.79833,20.93218],[86.79721,20.93132],[86.79583,20.93091],[86.79456,20.9309],[86.79205,20.93301],[86.79124,20.93409]]]}},{"type":"Feature","properties":{"LCODE":"050252016001600031","LOCATION":"DHARAMAGATPUR","V_TYPE":"VILLAGE","BLOCK":"DHAMNAGAR","DISTRICT":"BHADRAK"},"geometry":{"type":"Polygon","coordinates":[[[86.54647,20.91694],[86.54736,20.9194],[86.54719,20.92147],[86.54798,20.92439],[86.54805,20.92715],[86.54886,20.92823],[86.54983,20.93108],[86.54932,20.93307],[86.54932,20.93438],[86.54962,20.93507],[86.55135,20.93475],[86.55193,20.93442],[86.55193,20.93338],[86.55405,20.93185],[86.55447,20.93116],[86.55605,20.92448],[86.55679,20.92264],[86.55706,20.91803],[86.55552,20.91672],[86.5543,20.91641],[86.55415,20.91442],[86.55357,20.91357],[86.55285,20.9128],[86.55098,20.9118],[86.54984,20.91172],[86.5478,20.91348],[86.54659,20.91412],[86.54647,20.91694]]]}},{"type":"Feature","properties":{"LCODE":"050202014001400114","LOCATION":"BARIDA","V_TYPE":"VILLAGE","BLOCK":"TIHIDI","DISTRICT":"BHADRAK"},"geometry":{"type":"Polygon","coordinates":[[[86.78073,20.92856],[86.78119,20.93064],[86.78123,20.9331],[86.78341,20.93427],[86.78373,20.93498],[86.78495,20.93422],[86.78725,20.93348],[86.78985,20.93352],[86.79124,20.93409],[86.79205,20.93301],[86.79453,20.93097],[86.7947,20.93036],[86.79391,20.92943],[86.79163,20.92871],[86.79083,20.92808],[86.78941,20.92522],[86.78845,20.92436],[86.78658,20.92418],[86.78272,20.9262],[86.78085,20.92679],[86.78073,20.92856]]]}},{"type":"Feature","properties":{"LCODE":"050202014001400120","LOCATION":"RAJNAGAR","V_TYPE":"VILLAGE","BLOCK":"TIHIDI","DISTRICT":"BHADRAK"},"geometry":{"type":"Polygon","coordinates":[[[86.74571,20.93318],[86.74579,20.93479],[86.74897,20.93342],[86.7498,20.93285],[86.75279,20.92863],[86.75494,20.92813],[86.75683,20.92692],[86.75732,20.92693],[86.75812,20.92794],[86.75943,20.92719],[86.76056,20.92789],[86.76113,20.92752],[86.76075,20.92606],[86.76461,20.92488],[86.76517,20.92412],[86.7652,20.92266],[86.76426,20.92042],[86.76265,20.91861],[86.76079,20.91861],[86.75819,20.91819],[86.75739,20.91779],[86.7529,20.91835],[86.74747,20.91993],[86.74689,20.92039],[86.74628,20.92233],[86.74795,20.92192],[86.74957,20.92254],[86.75111,20.92394],[86.75128,20.92549],[86.75057,20.92707],[86.74931,20.92829],[86.74792,20.92928],[86.74703,20.92943],[86.74613,20.93089],[86.74571,20.93318]]]}},{"type":"Feature","properties":{"LCODE":"050252016001600022","LOCATION":"SRIRAMPUR","V_TYPE":"VILLAGE","BLOCK":"DHAMNAGAR","DISTRICT":"BHADRAK"},"geometry":{"type":"Polygon","coordinates":[[[86.50038,20.9267],[86.50211,20.9273],[86.50381,20.9289],[86.50683,20.92877],[86.50951,20.92916],[86.50992,20.93001],[86.50975,20.9307],[86.51121,20.93208],[86.51096,20.93393],[86.5116,20.93439],[86.51266,20.93447],[86.51462,20.9337],[86.51649,20.93401],[86.51837,20.93321],[86.51814,20.9301],[86.51792,20.92937],[86.51628,20.92794],[86.51612,20.92748],[86.51678,20.92633],[86.51583,20.9244],[86.51452,20.9242],[86.51279,20.92448],[86.50774,20.92585],[86.50595,20.926],[86.50612,20.92401],[86.50503,20.9238],[86.50425,20.92446],[86.50176,20.92446],[86.50082,20.92638],[86.50038,20.9267]]]}},{"type":"Feature","properties":{"LCODE":"050270017001700071","LOCATION":"AKHUAPADA","V_TYPE":"VILLAGE","BLOCK":"BHANDARIPOKHARI","DISTRICT":"BHADRAK"},"geometry":{"type":"Polygon","coordinates":[[[86.2796,20.92404],[86.27968,20.92498],[86.28028,20.92628],[86.2854,20.93414],[86.2897,20.93142],[86.29939,20.92705],[86.30117,20.92667],[86.30343,20.92812],[86.30399,20.92571],[86.30642,20.92454],[86.30572,20.92219],[86.305,20.92276],[86.30424,20.92394],[86.30176,20.92519],[86.30066,20.92431],[86.29911,20.9223],[86.29899,20.92131],[86.29958,20.92078],[86.29919,20.92015],[86.29636,20.91896],[86.29385,20.91944],[86.29011,20.91951],[86.28605,20.92005],[86.2838,20.92083],[86.27961,20.92107],[86.2796,20.92404]]]}},{"type":"Feature","properties":{"LCODE":"050260016001600069","LOCATION":"MIRDADPUR","V_TYPE":"VILLAGE","BLOCK":"DHAMNAGAR","DISTRICT":"BHADRAK"},"geometry":{"type":"Polygon","coordinates":[[[86.4891,20.92817],[86.49277,20.9339],[86.49551,20.9321],[86.49628,20.93092],[86.49615,20.92986],[86.49432,20.92694],[86.49215,20.92632],[86.49171,20.92689],[86.4891,20.92817]]]}},{"type":"Feature","properties":{"LCODE":"050270017001700083","LOCATION":"PARBATI","V_TYPE":"VILLAGE","BLOCK":"BHANDARIPOKHARI","DISTRICT":"BHADRAK"},"geometry":{"type":"Polygon","coordinates":[[[86.32652,20.92429],[86.32662,20.92689],[86.32687,20.92711],[86.3271,20.92856],[86.32747,20.92891],[86.32858,20.92889],[86.32909,20.92933],[86.32889,20.93041],[86.32909,20.93132],[86.33234,20.93112],[86.3326,20.93141],[86.33264,20.93233],[86.33363,20.93268],[86.33482,20.9337],[86.33611,20.93335],[86.33792,20.93182],[86.33849,20.93195],[86.33871,20.9323],[86.33931,20.93199],[86.34295,20.92916],[86.34299,20.92809],[86.34187,20.92484],[86.34175,20.922],[86.3414,20.92063],[86.33968,20.92116],[86.33562,20.92178],[86.33508,20.92219],[86.3349,20.92388],[86.3345,20.92405],[86.33401,20.92407],[86.33099,20.92212],[86.33001,20.92208],[86.32704,20.92319],[86.32652,20.92429]]]}},{"type":"Feature","properties":{"LCODE":"050202014001400113","LOCATION":"BALIDANDIDIAN","V_TYPE":"VILLAGE","BLOCK":"TIHIDI","DISTRICT":"BHADRAK"},"geometry":{"type":"Polygon","coordinates":[[[86.76899,20.93001],[86.76906,20.9307],[86.76978,20.93132],[86.7718,20.93181],[86.774,20.93192],[86.77545,20.93345],[86.77756,20.9335],[86.78123,20.9331],[86.78119,20.93064],[86.78073,20.92856],[86.78085,20.92679],[86.77687,20.92589],[86.77573,20.92595],[86.77458,20.92632],[86.77137,20.92874],[86.77023,20.92903],[86.76899,20.93001]]]}},{"type":"Feature","properties":{"LCODE":"050270017001700090","LOCATION":"SURUBANA","V_TYPE":"VILLAGE","BLOCK":"BHANDARIPOKHARI","DISTRICT":"BHADRAK"},"geometry":{"type":"Polygon","coordinates":[[[86.35143,20.92283],[86.35308,20.92577],[86.35349,20.92775],[86.35535,20.93309],[86.35647,20.93262],[86.3576,20.93257],[86.35903,20.93191],[86.36031,20.93086],[86.3639,20.92949],[86.36044,20.9241],[86.35802,20.9229],[86.35615,20.9209],[86.35495,20.92163],[86.35143,20.92283]]]}},{"type":"Feature","properties":{"LCODE":"050260016001600063","LOCATION":"RADHABALLAVPUR","V_TYPE":"VILLAGE","BLOCK":"DHAMNAGAR","DISTRICT":"BHADRAK"},"geometry":{"type":"Polygon","coordinates":[[[86.4706,20.93228],[86.47286,20.93269],[86.4765,20.93186],[86.47911,20.93191],[86.47984,20.93173],[86.48022,20.93125],[86.48035,20.93048],[86.48006,20.92942],[86.4789,20.92709],[86.4793,20.92478],[86.47907,20.91943],[86.47522,20.91896],[86.47438,20.91848],[86.47113,20.91902],[86.4707,20.92018],[86.47092,20.92049],[86.47079,20.92213],[86.47186,20.92622],[86.47192,20.92951],[86.4706,20.93228]]]}},{"type":"Feature","properties":{"LCODE":"050260016001600058","LOCATION":"SAMPUR","V_TYPE":"VILLAGE","BLOCK":"DHAMNAGAR","DISTRICT":"BHADRAK"},"geometry":{"type":"Polygon","coordinates":[[[86.41549,20.92017],[86.4156,20.92101],[86.41595,20.9213],[86.41724,20.92125],[86.41781,20.92092],[86.41846,20.92097],[86.41872,20.92127],[86.41959,20.92284],[86.41979,20.92552],[86.42055,20.92603],[86.42136,20.92599],[86.42333,20.92247],[86.42419,20.92151],[86.42597,20.92114],[86.42671,20.92141],[86.42849,20.92288],[86.42928,20.92606],[86.42908,20.9273],[86.42862,20.92793],[86.42539,20.92882],[86.42603,20.93247],[86.42676,20.93229],[86.42726,20.93066],[86.42773,20.93026],[86.43486,20.92898],[86.43654,20.92808],[86.43856,20.92585],[86.44311,20.91755],[86.44415,20.9149],[86.44286,20.91166],[86.44309,20.90736],[86.44271,20.90607],[86.44137,20.90513],[86.43925,20.90514],[86.43736,20.90682],[86.43481,20.90837],[86.43089,20.90822],[86.42848,20.90908],[86.42707,20.91036],[86.42261,20.911],[86.42189,20.91141],[86.4162,20.91269],[86.41656,20.91438],[86.4164,20.91653],[86.41549,20.92017]]]}},{"type":"Feature","properties":{"LCODE":"050260016001600062","LOCATION":"CHHATRAPADA","V_TYPE":"VILLAGE","BLOCK":"DHAMNAGAR","DISTRICT":"BHADRAK"},"geometry":{"type":"Polygon","coordinates":[[[86.467,20.92718],[86.46896,20.93108],[86.46964,20.93182],[86.4706,20.93228],[86.47192,20.92951],[86.47195,20.92851],[86.47186,20.92622],[86.4709,20.92296],[86.47092,20.92049],[86.4707,20.92018],[86.46861,20.92275],[86.46726,20.92548],[86.467,20.92718]]]}},{"type":"Feature","properties":{"LCODE":"050230015001500034","LOCATION":"KESARPUR","V_TYPE":"VILLAGE","BLOCK":"CHANDABALI","DISTRICT":"BHADRAK"},"geometry":{"type":"Polygon","coordinates":[[[86.79092,20.92815],[86.79163,20.92871],[86.79391,20.92943],[86.7947,20.93036],[86.79456,20.9309],[86.79583,20.93091],[86.79721,20.93132],[86.79784,20.9318],[86.79979,20.92813],[86.80031,20.9266],[86.79966,20.92567],[86.79661,20.9244],[86.79631,20.92677],[86.79549,20.92745],[86.79466,20.92783],[86.79174,20.92756],[86.79108,20.9277],[86.79092,20.92815]]]}},{"type":"Feature","properties":{"LCODE":"050270017001700098","LOCATION":"UTTARAGADIA","V_TYPE":"VILLAGE","BLOCK":"BHANDARIPOKHARI","DISTRICT":"BHADRAK"},"geometry":{"type":"Polygon","coordinates":[[[86.37497,20.92062],[86.37523,20.92283],[86.37711,20.92674],[86.37705,20.9295],[86.37628,20.93045],[86.37534,20.93083],[86.37558,20.93177],[86.37827,20.93122],[86.37975,20.93162],[86.38073,20.93158],[86.3842,20.93076],[86.38798,20.9313],[86.39132,20.93124],[86.39246,20.93037],[86.39132,20.92726],[86.38972,20.91881],[86.38461,20.91893],[86.38187,20.91804],[86.38174,20.91843],[86.37953,20.91852],[86.37508,20.91939],[86.37497,20.92062]]]}},{"type":"Feature","properties":{"LCODE":"050252016001600034","LOCATION":"KASIMPUR","V_TYPE":"VILLAGE","BLOCK":"DHAMNAGAR","DISTRICT":"BHADRAK"},"geometry":{"type":"Polygon","coordinates":[[[86.55843,20.91803],[86.55843,20.92026],[86.55988,20.9228],[86.55972,20.92403],[86.55906,20.92456],[86.55914,20.92602],[86.5605,20.93025],[86.56022,20.93157],[86.56098,20.93163],[86.56309,20.92992],[86.56385,20.92841],[86.56523,20.92788],[86.56662,20.92773],[86.56882,20.92819],[86.57069,20.92766],[86.57796,20.92406],[86.58766,20.92162],[86.59296,20.92186],[86.59493,20.92146],[86.59647,20.92033],[86.59885,20.91481],[86.59975,20.91182],[86.59349,20.9125],[86.5903,20.9138],[86.58533,20.91417],[86.58176,20.91386],[86.57864,20.91646],[86.57433,20.9176],[86.5731,20.91829],[86.57212,20.91929],[86.56999,20.92036],[86.56877,20.92036],[86.56845,20.91982],[86.56702,20.9153],[86.56488,20.91628],[86.56122,20.91697],[86.55843,20.91803]]]}},{"type":"Feature","properties":{"LCODE":"050230015001500055","LOCATION":"BAINCHA","V_TYPE":"VILLAGE","BLOCK":"CHANDABALI","DISTRICT":"BHADRAK"},"geometry":{"type":"Polygon","coordinates":[[[86.87749,20.91393],[86.87803,20.91612],[86.88136,20.91728],[86.88255,20.91808],[86.89349,20.92159],[86.89494,20.92291],[86.89573,20.92431],[86.89619,20.92619],[86.90176,20.92884],[86.90492,20.92981],[86.90701,20.93133],[86.91017,20.9275],[86.91074,20.9272],[86.91468,20.92092],[86.90894,20.91743],[86.90482,20.91584],[86.90328,20.91497],[86.90224,20.91342],[86.90063,20.9124],[86.88759,20.90892],[86.88351,20.90734],[86.8832,20.90833],[86.88181,20.90938],[86.88235,20.911],[86.88226,20.91184],[86.88046,20.91243],[86.87971,20.91342],[86.87783,20.91339],[86.87749,20.91393]]]}},{"type":"Feature","properties":{"LCODE":"050270017001700093","LOCATION":"HAJIPUR","V_TYPE":"VILLAGE","BLOCK":"BHANDARIPOKHARI","DISTRICT":"BHADRAK"},"geometry":{"type":"Polygon","coordinates":[[[86.37293,20.92373],[86.37401,20.92679],[86.37442,20.929],[86.37534,20.93083],[86.3758,20.9307],[86.37683,20.92997],[86.37705,20.9295],[86.37711,20.92674],[86.37568,20.92381],[86.37293,20.92373]]]}},{"type":"Feature","properties":{"LCODE":"050270017001700075","LOCATION":"BANIPADI","V_TYPE":"VILLAGE","BLOCK":"BHANDARIPOKHARI","DISTRICT":"BHADRAK"},"geometry":{"type":"Polygon","coordinates":[[[86.30137,20.9295],[86.30157,20.93049],[86.30215,20.93077],[86.30296,20.93074],[86.30481,20.9299],[86.30554,20.92995],[86.30622,20.93054],[86.30974,20.92994],[86.30766,20.92572],[86.30654,20.92454],[86.30605,20.92456],[86.30399,20.92571],[86.30344,20.9285],[86.30305,20.92882],[86.30175,20.92895],[86.30137,20.9295]]]}},{"type":"Feature","properties":{"LCODE":"050270017001700073","LOCATION":"MANTAPUR","V_TYPE":"VILLAGE","BLOCK":"BHANDARIPOKHARI","DISTRICT":"BHADRAK"},"geometry":{"type":"Polygon","coordinates":[[[86.29893,20.92169],[86.30006,20.92364],[86.30193,20.92526],[86.30424,20.92394],[86.305,20.92276],[86.30572,20.92219],[86.30642,20.92454],[86.30766,20.92572],[86.30974,20.92994],[86.31127,20.93049],[86.31277,20.9299],[86.31165,20.92756],[86.31105,20.92513],[86.31205,20.92547],[86.31387,20.92533],[86.31346,20.92427],[86.31304,20.9239],[86.31071,20.92269],[86.31024,20.92133],[86.31044,20.92017],[86.31001,20.91957],[86.31012,20.91619],[86.30949,20.91284],[86.30904,20.91186],[86.30742,20.912],[86.30666,20.91165],[86.30626,20.91204],[86.30607,20.91305],[86.30437,20.91319],[86.30443,20.91465],[86.30392,20.91613],[86.30162,20.91791],[86.301,20.91877],[86.30087,20.91955],[86.29899,20.92131],[86.29893,20.92169]]]}},{"type":"Feature","properties":{"LCODE":"050230015001500024","LOCATION":"BHIMPUR","V_TYPE":"VILLAGE","BLOCK":"CHANDABALI","DISTRICT":"BHADRAK"},"geometry":{"type":"Polygon","coordinates":[[[86.8234,20.92738],[86.82454,20.9277],[86.82832,20.93006],[86.82954,20.93038],[86.83136,20.92864],[86.83239,20.92811],[86.83269,20.92697],[86.83352,20.92606],[86.83541,20.92531],[86.83471,20.92293],[86.83431,20.92208],[86.83383,20.92192],[86.83056,20.92279],[86.82697,20.92305],[86.82475,20.92355],[86.8234,20.92738]]]}},{"type":"Feature","properties":{"LCODE":"050270017001700102","LOCATION":"KANTI","V_TYPE":"VILLAGE","BLOCK":"BHANDARIPOKHARI","DISTRICT":"BHADRAK"},"geometry":{"type":"Polygon","coordinates":[[[86.38972,20.91881],[86.39132,20.92726],[86.39246,20.93037],[86.39783,20.92914],[86.3993,20.92901],[86.40054,20.9295],[86.40298,20.92725],[86.40533,20.92693],[86.40755,20.92738],[86.40762,20.92707],[86.4081,20.9269],[86.40837,20.92551],[86.40765,20.92178],[86.40775,20.91937],[86.40343,20.91842],[86.4007,20.91738],[86.39951,20.91736],[86.39957,20.91766],[86.39795,20.9181],[86.39423,20.91879],[86.38972,20.91881]]]}},{"type":"Feature","properties":{"LCODE":"050260016001600061","LOCATION":"MIRIJAPUR","V_TYPE":"VILLAGE","BLOCK":"DHAMNAGAR","DISTRICT":"BHADRAK"},"geometry":{"type":"Polygon","coordinates":[[[86.45509,20.92895],[86.45528,20.92948],[86.4565,20.92974],[86.45712,20.92864],[86.45775,20.92816],[86.45842,20.92859],[86.45905,20.9301],[86.46272,20.92988],[86.46605,20.92775],[86.46701,20.92741],[86.46726,20.92548],[86.46803,20.92394],[86.46693,20.92358],[86.45996,20.92455],[86.45623,20.92699],[86.45538,20.92802],[86.45509,20.92895]]]}},{"type":"Feature","properties":{"LCODE":"050230015001500020","LOCATION":"GARAKOLHA","V_TYPE":"VILLAGE","BLOCK":"CHANDABALI","DISTRICT":"BHADRAK"},"geometry":{"type":"Polygon","coordinates":[[[86.83829,20.92355],[86.83981,20.92476],[86.84059,20.92662],[86.84036,20.9273],[86.84309,20.92773],[86.846,20.92945],[86.84785,20.93017],[86.85178,20.929],[86.85506,20.9272],[86.85728,20.927],[86.85732,20.925],[86.85561,20.92422],[86.85447,20.92412],[86.85266,20.92502],[86.85201,20.92501],[86.85007,20.92368],[86.84829,20.92373],[86.84634,20.92286],[86.84537,20.92285],[86.84481,20.92245],[86.84473,20.92199],[86.84524,20.92093],[86.84509,20.92039],[86.84345,20.92052],[86.84297,20.9202],[86.84164,20.91719],[86.84084,20.91649],[86.84007,20.91817],[86.83937,20.92146],[86.83829,20.92355]]]}},{"type":"Feature","properties":{"LCODE":"050270017001700091","LOCATION":"AKULIKANA","V_TYPE":"VILLAGE","BLOCK":"BHANDARIPOKHARI","DISTRICT":"BHADRAK"},"geometry":{"type":"Polygon","coordinates":[[[86.35608,20.91872],[86.35615,20.9209],[86.35658,20.92157],[86.35802,20.9229],[86.36044,20.9241],[86.3639,20.92949],[86.36972,20.9278],[86.37251,20.92623],[86.37364,20.92588],[86.37289,20.92353],[86.37098,20.92062],[86.37087,20.91869],[86.36769,20.91814],[86.35608,20.91872]]]}},{"type":"Feature","properties":{"LCODE":"050202014001400121","LOCATION":"CHARITARAF","V_TYPE":"VILLAGE","BLOCK":"TIHIDI","DISTRICT":"BHADRAK"},"geometry":{"type":"Polygon","coordinates":[[[86.73808,20.9252],[86.73898,20.92673],[86.73971,20.92712],[86.74126,20.92735],[86.74354,20.92674],[86.74516,20.92759],[86.74703,20.92912],[86.74703,20.92943],[86.7476,20.92943],[86.7485,20.92897],[86.75057,20.92707],[86.75117,20.92618],[86.7513,20.92471],[86.75065,20.92337],[86.74884,20.92216],[86.74706,20.922],[86.74501,20.92315],[86.74436,20.92307],[86.74233,20.92161],[86.74152,20.92153],[86.73841,20.92382],[86.73808,20.9252]]]}},{"type":"Feature","properties":{"LCODE":"050202014001400112","LOCATION":"NACHHIBINDHA","V_TYPE":"VILLAGE","BLOCK":"TIHIDI","DISTRICT":"BHADRAK"},"geometry":{"type":"Polygon","coordinates":[[[86.76461,20.92488],[86.76516,20.92519],[86.76491,20.92641],[86.76653,20.92644],[86.76967,20.92938],[86.77137,20.92874],[86.77376,20.92685],[86.77573,20.92595],[86.77687,20.92589],[86.78085,20.92679],[86.78062,20.9251],[86.78085,20.9215],[86.7812,20.92012],[86.78176,20.91919],[86.78106,20.9185],[86.77969,20.91787],[86.77757,20.91753],[86.77644,20.9176],[86.77439,20.91826],[86.77374,20.91802],[86.77343,20.91725],[86.77286,20.91724],[86.77122,20.91798],[86.76919,20.91765],[86.76853,20.91825],[86.76801,20.91978],[86.76781,20.92277],[86.76682,20.92368],[86.76582,20.92428],[86.76508,20.92433],[86.76461,20.92488]]]}},{"type":"Feature","properties":{"LCODE":"050252016001600026","LOCATION":"KOTHAR","V_TYPE":"VILLAGE","BLOCK":"DHAMNAGAR","DISTRICT":"BHADRAK"},"geometry":{"type":"Polygon","coordinates":[[[86.51406,20.9168],[86.51477,20.92141],[86.51452,20.9242],[86.51583,20.9244],[86.51639,20.92272],[86.51673,20.91972],[86.51642,20.91772],[86.51667,20.91619],[86.51757,20.91542],[86.51904,20.91481],[86.52051,20.91481],[86.52123,20.9152],[86.52172,20.91597],[86.52195,20.91843],[86.52161,20.92012],[86.52202,20.92158],[86.52094,20.92549],[86.51987,20.92634],[86.51849,20.92664],[86.51665,20.92652],[86.51612,20.92748],[86.51677,20.92848],[86.51792,20.92937],[86.52254,20.92911],[86.52361,20.92834],[86.52509,20.92627],[86.53152,20.92613],[86.53161,20.92521],[86.5321,20.92467],[86.53365,20.92429],[86.53423,20.92383],[86.53392,20.91983],[86.53507,20.91768],[86.53475,20.91561],[86.53492,20.91469],[86.53542,20.91415],[86.53933,20.91239],[86.54144,20.91188],[86.54065,20.91036],[86.53894,20.90862],[86.53891,20.90779],[86.5396,20.90666],[86.53985,20.90554],[86.53933,20.9039],[86.53837,20.90237],[86.53677,20.90378],[86.53307,20.90445],[86.53188,20.90569],[86.52975,20.90661],[86.52527,20.90791],[86.52102,20.90974],[86.51825,20.91035],[86.518,20.91112],[86.51799,20.91335],[86.51741,20.91473],[86.51472,20.91557],[86.51406,20.9168]]]}},{"type":"Feature","properties":{"LCODE":"050260016001600068","LOCATION":"SALAMPUR","V_TYPE":"VILLAGE","BLOCK":"DHAMNAGAR","DISTRICT":"BHADRAK"},"geometry":{"type":"Polygon","coordinates":[[[86.48277,20.92188],[86.48423,20.92558],[86.4865,20.92518],[86.48717,20.92562],[86.48738,20.92875],[86.48763,20.92897],[86.49202,20.92665],[86.49223,20.9258],[86.49194,20.92459],[86.49133,20.92361],[86.49074,20.92134],[86.4903,20.92067],[86.48882,20.92034],[86.48564,20.92039],[86.48373,20.91996],[86.48277,20.92188]]]}},{"type":"Feature","properties":{"LCODE":"050230015001500035","LOCATION":"TOTAPADA","V_TYPE":"VILLAGE","BLOCK":"CHANDABALI","DISTRICT":"BHADRAK"},"geometry":{"type":"Polygon","coordinates":[[[86.7944,20.91853],[86.79469,20.92114],[86.79533,20.92177],[86.79643,20.92432],[86.79966,20.92567],[86.80085,20.9276],[86.80264,20.92832],[86.80589,20.92576],[86.80562,20.92491],[86.80606,20.92269],[86.80592,20.92107],[86.80513,20.91991],[86.8028,20.91842],[86.80247,20.91788],[86.80225,20.91657],[86.80261,20.91435],[86.80223,20.91289],[86.80127,20.91203],[86.80119,20.91141],[86.8017,20.90939],[86.79932,20.90869],[86.79793,20.90909],[86.79818,20.9116],[86.79738,20.91581],[86.79705,20.91635],[86.79507,20.91755],[86.7944,20.91853]]]}},{"type":"Feature","properties":{"LCODE":"050270017001700085","LOCATION":"LAKSHMISAGAR","V_TYPE":"VILLAGE","BLOCK":"BHANDARIPOKHARI","DISTRICT":"BHADRAK"},"geometry":{"type":"Polygon","coordinates":[[[86.34093,20.91966],[86.34164,20.92139],[86.34187,20.92484],[86.34299,20.9283],[86.34355,20.92791],[86.34444,20.92596],[86.34781,20.92452],[86.34816,20.92401],[86.34782,20.92291],[86.34663,20.92158],[86.34617,20.91631],[86.34643,20.91269],[86.34586,20.91183],[86.34524,20.91151],[86.34451,20.91162],[86.34093,20.91401],[86.34167,20.91809],[86.34106,20.91888],[86.34093,20.91966]]]}},{"type":"Feature","properties":{"LCODE":"050230015001500036","LOCATION":"HARICHANDANPUR","V_TYPE":"VILLAGE","BLOCK":"CHANDABALI","DISTRICT":"BHADRAK"},"geometry":{"type":"Polygon","coordinates":[[[86.78991,20.92605],[86.79092,20.92815],[86.79108,20.9277],[86.79174,20.92756],[86.79466,20.92783],[86.79631,20.92677],[86.79661,20.9244],[86.79485,20.92107],[86.79281,20.92174],[86.79207,20.92234],[86.79153,20.9251],[86.78991,20.92605]]]}},{"type":"Feature","properties":{"LCODE":"050201014001400150","LOCATION":"ORALI","V_TYPE":"VILLAGE","BLOCK":"TIHIDI","DISTRICT":"BHADRAK"},"geometry":{"type":"Polygon","coordinates":[[[86.59493,20.92146],[86.59564,20.92287],[86.60035,20.92595],[86.60393,20.92664],[86.61317,20.9273],[86.61541,20.92697],[86.62236,20.92207],[86.62513,20.92108],[86.62783,20.91878],[86.62767,20.91825],[86.62604,20.91832],[86.62702,20.91648],[86.62662,20.91563],[86.62589,20.9151],[86.62598,20.91433],[86.62655,20.91341],[86.62623,20.9118],[86.6263,20.91053],[86.6163,20.90978],[86.61443,20.90901],[86.6132,20.91016],[86.61263,20.91023],[86.61071,20.90834],[86.60148,20.9096],[86.60034,20.91029],[86.59885,20.91481],[86.59647,20.92033],[86.59493,20.92146]]]}},{"type":"Feature","properties":{"LCODE":"050260016001600070","LOCATION":"SIBAPUR","V_TYPE":"VILLAGE","BLOCK":"DHAMNAGAR","DISTRICT":"BHADRAK"},"geometry":{"type":"Polygon","coordinates":[[[86.48972,20.92046],[86.4903,20.92067],[86.49074,20.92134],[86.49133,20.92361],[86.49194,20.92459],[86.49215,20.92632],[86.49374,20.92689],[86.49464,20.92685],[86.49422,20.92472],[86.49467,20.92379],[86.49565,20.92375],[86.49664,20.92394],[86.49715,20.92438],[86.4984,20.92701],[86.50014,20.92686],[86.50082,20.92638],[86.50176,20.92446],[86.49998,20.92293],[86.49963,20.92181],[86.49803,20.92021],[86.498,20.91945],[86.49837,20.91859],[86.49939,20.91763],[86.50208,20.91762],[86.50249,20.91724],[86.50242,20.9167],[86.50056,20.91401],[86.49832,20.91346],[86.49722,20.9145],[86.49673,20.91459],[86.4963,20.914],[86.49598,20.91401],[86.49462,20.91475],[86.49397,20.9147],[86.49449,20.9156],[86.49461,20.91652],[86.49448,20.91729],[86.49371,20.91839],[86.49113,20.91887],[86.48972,20.92046]]]}},{"type":"Feature","properties":{"LCODE":"050201014001400131","LOCATION":"BARSAR","V_TYPE":"VILLAGE","BLOCK":"TIHIDI","DISTRICT":"BHADRAK"},"geometry":{"type":"Polygon","coordinates":[[[86.66477,20.89372],[86.6657,20.89707],[86.66602,20.89984],[86.66588,20.90583],[86.66835,20.90613],[86.669,20.90705],[86.67004,20.91089],[86.67215,20.91511],[86.67327,20.91948],[86.67519,20.92376],[86.67587,20.9234],[86.67798,20.92379],[86.67887,20.9244],[86.6805,20.92678],[86.68163,20.92694],[86.68424,20.92564],[86.68719,20.92327],[86.68816,20.92312],[86.69135,20.92174],[86.69216,20.92013],[86.69176,20.91799],[86.69201,20.91684],[86.69348,20.915],[86.69365,20.91431],[86.69163,20.91154],[86.69122,20.91032],[86.69139,20.90901],[86.69188,20.90817],[86.69466,20.9071],[86.69563,20.90603],[86.69597,20.90251],[86.69761,20.8996],[86.69733,20.89791],[86.6942,20.89752],[86.68922,20.89843],[86.68475,20.89811],[86.67767,20.89817],[86.67669,20.89771],[86.67628,20.89664],[86.67539,20.89594],[86.6749,20.89594],[86.67393,20.89663],[86.67295,20.89663],[86.6719,20.89548],[86.66726,20.89401],[86.66477,20.89372]]]}},{"type":"Feature","properties":{"LCODE":"050270017001700133","LOCATION":"RANJIT","V_TYPE":"VILLAGE","BLOCK":"BHANDARIPOKHARI","DISTRICT":"BHADRAK"},"geometry":{"type":"Polygon","coordinates":[[[86.30524,20.91071],[86.306,20.91129],[86.30626,20.91204],[86.30666,20.91165],[86.30742,20.912],[86.30904,20.91186],[86.30922,20.91216],[86.31012,20.91619],[86.31001,20.91957],[86.31044,20.92017],[86.31077,20.92015],[86.31201,20.91857],[86.31323,20.91852],[86.31397,20.9188],[86.31457,20.91939],[86.31598,20.91995],[86.31641,20.92047],[86.31699,20.92075],[86.31837,20.92077],[86.31864,20.92115],[86.31953,20.92288],[86.31876,20.92421],[86.31867,20.92598],[86.32025,20.92668],[86.32173,20.92686],[86.32662,20.92689],[86.32652,20.92429],[86.32681,20.92352],[86.32703,20.9189],[86.32733,20.91835],[86.32851,20.91794],[86.32783,20.91655],[86.32607,20.91541],[86.32529,20.91444],[86.32484,20.91323],[86.32348,20.91198],[86.32493,20.91154],[86.32555,20.91083],[86.32558,20.90968],[86.3252,20.90816],[86.32432,20.90658],[86.32331,20.90593],[86.32288,20.90526],[86.32257,20.90373],[86.32206,20.90322],[86.32115,20.90287],[86.31995,20.9033],[86.31971,20.9008],[86.3183,20.90099],[86.3164,20.90037],[86.31534,20.90034],[86.31486,20.90066],[86.31483,20.90197],[86.31419,20.90207],[86.31198,20.90008],[86.31152,20.8988],[86.30895,20.89982],[86.30786,20.89951],[86.30771,20.90125],[86.3088,20.90397],[86.3088,20.90596],[86.3085,20.90666],[86.30653,20.90828],[86.3053,20.91001],[86.30524,20.91071]]]}},{"type":"Feature","properties":{"LCODE":"050230015001500037","LOCATION":"HALADIA","V_TYPE":"VILLAGE","BLOCK":"CHANDABALI","DISTRICT":"BHADRAK"},"geometry":{"type":"Polygon","coordinates":[[[86.78062,20.9251],[86.78085,20.92679],[86.78272,20.9262],[86.78658,20.92418],[86.78845,20.92436],[86.78991,20.92605],[86.79079,20.9257],[86.79153,20.9251],[86.79207,20.92234],[86.79281,20.92174],[86.79469,20.92114],[86.7944,20.91853],[86.79408,20.91853],[86.79196,20.91638],[86.79166,20.91719],[86.79035,20.91748],[86.78449,20.9174],[86.78294,20.91784],[86.7812,20.92012],[86.78085,20.9215],[86.78062,20.9251]]]}},{"type":"Feature","properties":{"LCODE":"050230015001500028","LOCATION":"ANDIAPAT","V_TYPE":"VILLAGE","BLOCK":"CHANDABALI","DISTRICT":"BHADRAK"},"geometry":{"type":"Polygon","coordinates":[[[86.81606,20.92313],[86.81612,20.9249],[86.81791,20.92492],[86.81984,20.92649],[86.82098,20.9265],[86.82197,20.92544],[86.82249,20.92368],[86.82357,20.92333],[86.82307,20.92238],[86.82317,20.9217],[86.82417,20.9204],[86.82418,20.91941],[86.8188,20.92002],[86.81733,20.92054],[86.81617,20.92145],[86.81606,20.92313]]]}},{"type":"Feature","properties":{"LCODE":"050252016001600025","LOCATION":"NASALAPUR","V_TYPE":"VILLAGE","BLOCK":"DHAMNAGAR","DISTRICT":"BHADRAK"},"geometry":{"type":"Polygon","coordinates":[[[86.51583,20.9244],[86.51654,20.92571],[86.51665,20.92652],[86.51849,20.92664],[86.51987,20.92634],[86.52094,20.92549],[86.52202,20.92158],[86.52161,20.92012],[86.52195,20.91843],[86.52187,20.9172],[86.52172,20.91597],[86.52123,20.9152],[86.52051,20.91481],[86.51904,20.91481],[86.51757,20.91542],[86.51667,20.91619],[86.51642,20.91772],[86.51673,20.91972],[86.51639,20.92272],[86.51583,20.9244]]]}},{"type":"Feature","properties":{"LCODE":"050230015001500029","LOCATION":"BIRIADIA","V_TYPE":"VILLAGE","BLOCK":"CHANDABALI","DISTRICT":"BHADRAK"},"geometry":{"type":"Polygon","coordinates":[[[86.80562,20.92491],[86.80589,20.92576],[86.80691,20.92569],[86.80844,20.92664],[86.80933,20.92657],[86.81269,20.92539],[86.81612,20.9249],[86.81617,20.92145],[86.81755,20.92048],[86.8172,20.91816],[86.81762,20.9156],[86.81231,20.91887],[86.81077,20.92036],[86.80878,20.91973],[86.80596,20.92126],[86.80606,20.92269],[86.80562,20.92491]]]}},{"type":"Feature","properties":{"LCODE":"050230015001500054","LOCATION":"BIJIPUR","V_TYPE":"VILLAGE","BLOCK":"CHANDABALI","DISTRICT":"BHADRAK"},"geometry":{"type":"Polygon","coordinates":[[[86.88155,20.92035],[86.88313,20.92314],[86.88309,20.92441],[86.88507,20.92408],[86.88995,20.9243],[86.89619,20.92619],[86.89573,20.92431],[86.89494,20.92291],[86.89349,20.92159],[86.88255,20.91808],[86.88206,20.91859],[86.88155,20.92035]]]}},{"type":"Feature","properties":{"LCODE":"050230015001500050","LOCATION":"KHAMARSAHI","V_TYPE":"VILLAGE","BLOCK":"CHANDABALI","DISTRICT":"BHADRAK"},"geometry":{"type":"Polygon","coordinates":[[[86.86028,20.91691],[86.8609,20.91861],[86.86314,20.92155],[86.86319,20.9234],[86.86259,20.926],[86.86693,20.92552],[86.86674,20.92491],[86.86726,20.9233],[86.868,20.92231],[86.86916,20.92156],[86.87103,20.92174],[86.87823,20.9246],[86.8805,20.92487],[86.88309,20.92441],[86.8832,20.92406],[86.88313,20.92314],[86.88174,20.92072],[86.87977,20.91987],[86.87441,20.91864],[86.87101,20.91752],[86.8703,20.91636],[86.86958,20.91581],[86.86691,20.91447],[86.86179,20.91401],[86.86072,20.91508],[86.86028,20.91691]]]}},{"type":"Feature","properties":{"LCODE":"050252016001600024","LOCATION":"BAYANGDIHI","V_TYPE":"VILLAGE","BLOCK":"DHAMNAGAR","DISTRICT":"BHADRAK"},"geometry":{"type":"Polygon","coordinates":[[[86.49287,20.91002],[86.49385,20.91195],[86.49361,20.91395],[86.49397,20.9147],[86.49462,20.91475],[86.49598,20.91401],[86.4963,20.914],[86.49673,20.91459],[86.49722,20.9145],[86.49832,20.91346],[86.50026,20.91407],[86.50113,20.91385],[86.50218,20.91416],[86.50388,20.91793],[86.50615,20.9194],[86.50623,20.92009],[86.50499,20.922],[86.50491,20.92285],[86.50503,20.9238],[86.50612,20.92401],[86.50595,20.926],[86.50774,20.92585],[86.51093,20.92486],[86.51452,20.9242],[86.51477,20.92141],[86.51406,20.9168],[86.51472,20.91557],[86.51741,20.91473],[86.51799,20.91335],[86.51808,20.91066],[86.5163,20.90843],[86.51542,20.90658],[86.5151,20.90581],[86.51503,20.90328],[86.51479,20.90274],[86.51357,20.90243],[86.51137,20.90288],[86.50933,20.90296],[86.50884,20.90242],[86.50777,20.89823],[86.50732,20.89857],[86.5052,20.89849],[86.50431,20.89741],[86.50366,20.89718],[86.50105,20.89841],[86.49925,20.89887],[86.49835,20.89875],[86.49887,20.89943],[86.49882,20.90012],[86.49694,20.90031],[86.49657,20.90105],[86.49839,20.90358],[86.49878,20.90509],[86.49866,20.90594],[86.49787,20.90674],[86.49548,20.90806],[86.49287,20.91002]]]}},{"type":"Feature","properties":{"LCODE":"050230015001500049","LOCATION":"PANCHUTIKIRI","V_TYPE":"VILLAGE","BLOCK":"CHANDABALI","DISTRICT":"BHADRAK"},"geometry":{"type":"Polygon","coordinates":[[[86.84084,20.91649],[86.84164,20.91719],[86.84297,20.9202],[86.84345,20.92052],[86.84509,20.92039],[86.84524,20.92093],[86.84473,20.92199],[86.84481,20.92245],[86.84537,20.92285],[86.84634,20.92286],[86.84829,20.92373],[86.85007,20.92368],[86.85201,20.92501],[86.85266,20.92502],[86.85447,20.92412],[86.85561,20.92422],[86.8569,20.925],[86.85999,20.9252],[86.86259,20.926],[86.86319,20.9234],[86.86314,20.92155],[86.86043,20.91776],[86.86028,20.91691],[86.86057,20.91546],[86.8568,20.91525],[86.85511,20.9147],[86.85461,20.91604],[86.85228,20.91724],[86.84821,20.91725],[86.84644,20.91751],[86.8447,20.91592],[86.84411,20.91488],[86.84386,20.91538],[86.84141,20.91604],[86.84084,20.91649]]]}},{"type":"Feature","properties":{"LCODE":"050270017001700074","LOCATION":"TELIPADI","V_TYPE":"VILLAGE","BLOCK":"BHANDARIPOKHARI","DISTRICT":"BHADRAK"},"geometry":{"type":"Polygon","coordinates":[[[86.31022,20.92064],[86.31071,20.92269],[86.31304,20.9239],[86.31346,20.92427],[86.31387,20.92533],[86.31521,20.92496],[86.31741,20.92496],[86.31867,20.92598],[86.31876,20.92421],[86.31953,20.92288],[86.31837,20.92077],[86.31699,20.92075],[86.31397,20.9188],[86.31265,20.91847],[86.31201,20.91857],[86.31077,20.92015],[86.31028,20.92017],[86.31022,20.92064]]]}},{"type":"Feature","properties":{"LCODE":"050230015001500044","LOCATION":"KHADALPOKHARI","V_TYPE":"VILLAGE","BLOCK":"CHANDABALI","DISTRICT":"BHADRAK"},"geometry":{"type":"Polygon","coordinates":[[[86.82307,20.92238],[86.82363,20.92339],[86.82475,20.92355],[86.82803,20.92291],[86.83056,20.92279],[86.83383,20.92192],[86.83431,20.92208],[86.83471,20.92293],[86.83541,20.92531],[86.83614,20.92502],[86.83811,20.92382],[86.83853,20.92321],[86.83937,20.92146],[86.84067,20.91656],[86.84141,20.91604],[86.84386,20.91538],[86.84438,20.9137],[86.8439,20.91292],[86.84293,20.91268],[86.83959,20.91263],[86.83797,20.91223],[86.83658,20.91275],[86.83316,20.91278],[86.83045,20.91404],[86.82556,20.91451],[86.82521,20.91604],[86.8243,20.91756],[86.82417,20.9204],[86.82317,20.9217],[86.82307,20.92238]]]}},{"type":"Feature","properties":{"LCODE":"050252016001600023","LOCATION":"SAYADJAFAR","V_TYPE":"VILLAGE","BLOCK":"DHAMNAGAR","DISTRICT":"BHADRAK"},"geometry":{"type":"Polygon","coordinates":[[[86.498,20.91945],[86.49803,20.92021],[86.49963,20.92181],[86.49998,20.92293],[86.50115,20.92415],[86.50327,20.92462],[86.50425,20.92446],[86.50498,20.924],[86.50499,20.922],[86.50623,20.92009],[86.50615,20.9194],[86.50388,20.91793],[86.50218,20.91416],[86.50113,20.91385],[86.50056,20.91401],[86.50242,20.9167],[86.50249,20.91724],[86.50208,20.91762],[86.49939,20.91763],[86.49837,20.91859],[86.498,20.91945]]]}},{"type":"Feature","properties":{"LCODE":"050240015001500001","LOCATION":"HENGUPATI","V_TYPE":"VILLAGE","BLOCK":"CHANDABALI","DISTRICT":"BHADRAK"},"geometry":{"type":"Polygon","coordinates":[[[86.68816,20.92304],[86.68816,20.92357],[86.68873,20.92419],[86.6897,20.92442],[86.69289,20.92397],[86.69663,20.9239],[86.70454,20.92154],[86.71172,20.91818],[86.71282,20.91803],[86.71343,20.91688],[86.71515,20.9155],[86.71711,20.91313],[86.71744,20.91167],[86.7159,20.91021],[86.7159,20.90929],[86.71631,20.90861],[86.71754,20.90761],[86.71795,20.906],[86.7177,20.90539],[86.71714,20.90447],[86.716,20.90362],[86.7156,20.9027],[86.71348,20.9027],[86.7121,20.90162],[86.71137,20.89924],[86.7117,20.89878],[86.71365,20.89841],[86.71358,20.89725],[86.71073,20.89518],[86.70903,20.89341],[86.70863,20.8918],[86.70774,20.89027],[86.70531,20.88788],[86.70483,20.88505],[86.70354,20.88152],[86.70273,20.88014],[86.7011,20.8786],[86.69922,20.88089],[86.69168,20.87878],[86.69173,20.8821],[86.69221,20.88555],[86.6931,20.88609],[86.69383,20.8861],[86.69448,20.88594],[86.69636,20.88464],[86.69717,20.8848],[86.69733,20.88541],[86.69505,20.88763],[86.69496,20.88801],[86.69634,20.89039],[86.69642,20.89116],[86.69617,20.89193],[86.69486,20.89261],[86.69462,20.89361],[86.69494,20.89476],[86.69624,20.89683],[86.69737,20.89799],[86.69761,20.8996],[86.69597,20.90251],[86.69563,20.90603],[86.69466,20.9071],[86.69188,20.90817],[86.69139,20.90901],[86.69122,20.91032],[86.69163,20.91154],[86.69365,20.91431],[86.69348,20.915],[86.69201,20.91684],[86.69176,20.91799],[86.69216,20.92013],[86.69192,20.92082],[86.69135,20.92174],[86.69044,20.92228],[86.68816,20.92304]]]}},{"type":"Feature","properties":{"LCODE":"050202014001400119","LOCATION":"GURUDASPUR","V_TYPE":"VILLAGE","BLOCK":"TIHIDI","DISTRICT":"BHADRAK"},"geometry":{"type":"Polygon","coordinates":[[[86.76118,20.91485],[86.76141,20.9157],[86.76309,20.91718],[86.76316,20.91787],[86.76265,20.91861],[86.76482,20.92143],[86.7652,20.92266],[86.76508,20.92433],[86.76582,20.92428],[86.76781,20.92277],[86.76801,20.91978],[86.76853,20.91825],[86.76919,20.91765],[86.77122,20.91798],[86.7718,20.91783],[86.76894,20.91312],[86.76852,20.91131],[86.76735,20.91102],[86.76622,20.91031],[86.76501,20.90915],[86.76487,20.90861],[86.76361,20.91051],[86.76242,20.91341],[86.76118,20.91485]]]}},{"type":"Feature","properties":{"LCODE":"050270017001700084","LOCATION":"NILADRI","V_TYPE":"VILLAGE","BLOCK":"BHANDARIPOKHARI","DISTRICT":"BHADRAK"},"geometry":{"type":"Polygon","coordinates":[[[86.32678,20.9229],[86.32681,20.92352],[86.32912,20.92227],[86.33099,20.92212],[86.33401,20.92407],[86.3345,20.92405],[86.3349,20.92388],[86.33508,20.92219],[86.33562,20.92178],[86.33968,20.92116],[86.3414,20.92063],[86.34093,20.91966],[86.34106,20.91888],[86.34167,20.91809],[86.34164,20.91733],[86.34084,20.9136],[86.34058,20.91327],[86.33939,20.91397],[86.33359,20.91573],[86.33479,20.91737],[86.33492,20.91836],[86.33454,20.91907],[86.33323,20.91904],[86.33025,20.91778],[86.32926,20.91774],[86.32733,20.91835],[86.32703,20.9189],[86.32678,20.9229]]]}},{"type":"Feature","properties":{"LCODE":"050270017001700086","LOCATION":"KHARASINGA","V_TYPE":"VILLAGE","BLOCK":"BHANDARIPOKHARI","DISTRICT":"BHADRAK"},"geometry":{"type":"Polygon","coordinates":[[[86.34617,20.91631],[86.34663,20.92158],[86.34782,20.92291],[86.34816,20.92401],[86.35495,20.92163],[86.35622,20.92082],[86.35513,20.9122],[86.35486,20.91138],[86.35346,20.91134],[86.35303,20.91082],[86.35299,20.90975],[86.35266,20.90961],[86.35121,20.91005],[86.34998,20.90973],[86.34882,20.91129],[86.34747,20.91219],[86.34632,20.91239],[86.34617,20.91631]]]}},{"type":"Feature","properties":{"LCODE":"050260016001600059","LOCATION":"DHAMANAGAR","V_TYPE":"VILLAGE","BLOCK":"DHAMNAGAR","DISTRICT":"BHADRAK"},"geometry":{"type":"Polygon","coordinates":[[[86.44135,20.90076],[86.44248,20.90256],[86.44366,20.9055],[86.44363,20.90665],[86.44309,20.90745],[86.44297,20.91219],[86.44404,20.9143],[86.4446,20.91427],[86.44528,20.91478],[86.44633,20.91666],[86.44683,20.91671],[86.44936,20.91485],[86.45066,20.9148],[86.4529,20.91555],[86.4559,20.91528],[86.45666,20.91571],[86.45714,20.91947],[86.4677,20.91857],[86.46828,20.91878],[86.46824,20.91962],[86.46784,20.92186],[86.46707,20.92363],[86.46803,20.92394],[86.46861,20.92275],[86.47063,20.92037],[86.47113,20.91902],[86.47009,20.91901],[86.46917,20.9166],[86.46861,20.91287],[86.46599,20.90684],[86.46104,20.90175],[86.45736,20.89659],[86.4558,20.89713],[86.44802,20.89836],[86.44425,20.89988],[86.44166,20.90029],[86.44135,20.90076]]]}},{"type":"Feature","properties":{"LCODE":"050270017001700092","LOCATION":"PURUSTAMPUR","V_TYPE":"VILLAGE","BLOCK":"BHANDARIPOKHARI","DISTRICT":"BHADRAK"},"geometry":{"type":"Polygon","coordinates":[[[86.37078,20.91978],[86.37142,20.92152],[86.37293,20.92373],[86.37568,20.92381],[86.37501,20.92154],[86.37508,20.91939],[86.37819,20.91879],[86.37781,20.91629],[86.37746,20.91584],[86.37632,20.91566],[86.37461,20.9158],[86.37244,20.91658],[86.37141,20.91738],[86.37089,20.91855],[86.37078,20.91978]]]}},{"type":"Feature","properties":{"LCODE":"050252016001600029","LOCATION":"DINAJPUR","V_TYPE":"VILLAGE","BLOCK":"DHAMNAGAR","DISTRICT":"BHADRAK"},"geometry":{"type":"Polygon","coordinates":[[[86.53391,20.92075],[86.53427,20.92334],[86.53733,20.92199],[86.5397,20.92],[86.54115,20.91934],[86.54141,20.91862],[86.54118,20.91685],[86.54386,20.91476],[86.54283,20.91263],[86.54218,20.91194],[86.54055,20.91201],[86.53933,20.91239],[86.53542,20.91415],[86.53492,20.91469],[86.53475,20.91561],[86.53507,20.91768],[86.53392,20.91983],[86.53391,20.92075]]]}},{"type":"Feature","properties":{"LCODE":"050202014001400122","LOCATION":"BAHARPAL","V_TYPE":"VILLAGE","BLOCK":"TIHIDI","DISTRICT":"BHADRAK"},"geometry":{"type":"Polygon","coordinates":[[[86.73379,20.91799],[86.73452,20.91891],[86.73991,20.92258],[86.74152,20.92153],[86.74233,20.92161],[86.74436,20.92307],[86.74501,20.92315],[86.74628,20.92233],[86.74689,20.92039],[86.74747,20.91993],[86.74828,20.91986],[86.75079,20.91885],[86.75658,20.91778],[86.76241,20.91878],[86.76316,20.91787],[86.76309,20.91718],[86.76141,20.9157],[86.76118,20.91485],[86.76242,20.91341],[86.7628,20.91247],[86.7614,20.91148],[86.75913,20.91083],[86.75809,20.90997],[86.75723,20.90988],[86.75702,20.91057],[86.75522,20.91085],[86.75232,20.9092],[86.75037,20.90856],[86.74668,20.90867],[86.7453,20.9092],[86.74375,20.91027],[86.74334,20.91088],[86.74268,20.91096],[86.74225,20.91061],[86.74195,20.91111],[86.74209,20.91356],[86.74252,20.91379],[86.74276,20.91494],[86.7421,20.91624],[86.74145,20.91678],[86.73949,20.91746],[86.73582,20.91692],[86.7346,20.91699],[86.73379,20.91799]]]}},{"type":"Feature","properties":{"LCODE":"050202014001400123","LOCATION":"LAXMIPRASAD","V_TYPE":"VILLAGE","BLOCK":"TIHIDI","DISTRICT":"BHADRAK"},"geometry":{"type":"Polygon","coordinates":[[[86.72793,20.91775],[86.72874,20.91959],[86.72987,20.92074],[86.73239,20.92197],[86.73418,20.92197],[86.73606,20.92121],[86.73673,20.92036],[86.73412,20.91853],[86.73379,20.91799],[86.73412,20.91738],[86.7346,20.91699],[86.73582,20.91692],[86.73949,20.91746],[86.74063,20.91716],[86.7421,20.91624],[86.74276,20.91494],[86.74276,20.91433],[86.74209,20.91356],[86.73999,20.91356],[86.73649,20.91447],[86.73387,20.91669],[86.73126,20.91814],[86.7289,20.91783],[86.72799,20.91744],[86.72793,20.91775]]]}},{"type":"Feature","properties":{"LCODE":"050230015001500041","LOCATION":"ANKAPADA","V_TYPE":"VILLAGE","BLOCK":"CHANDABALI","DISTRICT":"BHADRAK"},"geometry":{"type":"Polygon","coordinates":[[[86.80119,20.91141],[86.80127,20.91203],[86.80223,20.91289],[86.80261,20.91435],[86.80225,20.91657],[86.80247,20.91788],[86.8028,20.91842],[86.80513,20.91991],[86.80596,20.92126],[86.80878,20.91973],[86.81077,20.92036],[86.81231,20.91887],[86.81762,20.9156],[86.81616,20.91185],[86.81652,20.91017],[86.81745,20.9088],[86.81687,20.90863],[86.81598,20.90847],[86.81303,20.90973],[86.81035,20.90901],[86.8092,20.91006],[86.80781,20.91035],[86.80643,20.9101],[86.80482,20.90916],[86.80359,20.9096],[86.8017,20.90939],[86.80119,20.91141]]]}},{"type":"Feature","properties":{"LCODE":"050270017001700072","LOCATION":"TIKARA","V_TYPE":"VILLAGE","BLOCK":"BHANDARIPOKHARI","DISTRICT":"BHADRAK"},"geometry":{"type":"Polygon","coordinates":[[[86.27941,20.91669],[86.27961,20.92107],[86.2838,20.92083],[86.28605,20.92005],[86.28734,20.91991],[86.28677,20.91373],[86.28641,20.91275],[86.2813,20.91295],[86.28078,20.9145],[86.27941,20.91669]]]}},{"type":"Feature","properties":{"LCODE":"050230015001500056","LOCATION":"DHANKUTA","V_TYPE":"VILLAGE","BLOCK":"CHANDABALI","DISTRICT":"BHADRAK"},"geometry":{"type":"Polygon","coordinates":[[[86.88332,20.90595],[86.88351,20.90734],[86.88759,20.90892],[86.8931,20.91023],[86.90153,20.9128],[86.90328,20.91497],[86.90482,20.91584],[86.90894,20.91743],[86.91458,20.92088],[86.91707,20.91816],[86.91725,20.91678],[86.91792,20.91541],[86.91836,20.91357],[86.91837,20.90984],[86.91607,20.90924],[86.90887,20.9063],[86.90456,20.90647],[86.90261,20.90606],[86.89529,20.8999],[86.8931,20.89707],[86.89018,20.89929],[86.88992,20.90051],[86.8877,20.9014],[86.88737,20.90194],[86.88735,20.90332],[86.88554,20.90421],[86.88457,20.90397],[86.88342,20.90503],[86.88332,20.90595]]]}},{"type":"Feature","properties":{"LCODE":"050270017001700135","LOCATION":"JAGANNTHPRASAD","V_TYPE":"VILLAGE","BLOCK":"BHANDARIPOKHARI","DISTRICT":"BHADRAK"},"geometry":{"type":"Polygon","coordinates":[[[86.29539,20.90104],[86.29554,20.90487],[86.29622,20.90937],[86.29588,20.91115],[86.29591,20.91376],[86.29677,20.91679],[86.29683,20.91832],[86.29636,20.91896],[86.29885,20.91986],[86.29958,20.92078],[86.30087,20.91955],[86.301,20.91877],[86.30162,20.91791],[86.30392,20.91613],[86.30443,20.91465],[86.30437,20.91319],[86.30607,20.91305],[86.30618,20.91166],[86.30524,20.91071],[86.3053,20.91001],[86.30653,20.90828],[86.3085,20.90666],[86.3088,20.90596],[86.3088,20.90397],[86.30771,20.90125],[86.30787,20.89922],[86.30747,20.89623],[86.30074,20.89979],[86.29849,20.89966],[86.2956,20.89837],[86.29539,20.90104]]]}},{"type":"Feature","properties":{"LCODE":"050230015001500053","LOCATION":"BENICHUA","V_TYPE":"VILLAGE","BLOCK":"CHANDABALI","DISTRICT":"BHADRAK"},"geometry":{"type":"Polygon","coordinates":[[[86.87036,20.91651],[86.87101,20.91752],[86.87198,20.91792],[86.87977,20.91987],[86.88174,20.92072],[86.88164,20.91966],[86.88255,20.91808],[86.88136,20.91728],[86.87803,20.91612],[86.87778,20.91677],[86.87541,20.91735],[86.87036,20.91651]]]}},{"type":"Feature","properties":{"LCODE":"050230015001500043","LOCATION":"KHAKADAKOLHA","V_TYPE":"VILLAGE","BLOCK":"CHANDABALI","DISTRICT":"BHADRAK"},"geometry":{"type":"Polygon","coordinates":[[[86.8172,20.91816],[86.81755,20.92048],[86.8188,20.92002],[86.82418,20.91941],[86.8243,20.91756],[86.82521,20.91604],[86.82556,20.91451],[86.82491,20.91435],[86.82439,20.91334],[86.81976,20.91581],[86.81764,20.91564],[86.8172,20.91816]]]}},{"type":"Feature","properties":{"LCODE":"050260016001600067","LOCATION":"SHOLAGAN","V_TYPE":"VILLAGE","BLOCK":"DHAMNAGAR","DISTRICT":"BHADRAK"},"geometry":{"type":"Polygon","coordinates":[[[86.48245,20.91248],[86.48245,20.91631],[86.4828,20.91874],[86.48259,20.91915],[86.48383,20.92],[86.48564,20.92039],[86.48972,20.92046],[86.49113,20.91887],[86.49371,20.91839],[86.49448,20.91729],[86.49449,20.9156],[86.49362,20.91426],[86.49385,20.91195],[86.49287,20.91002],[86.49043,20.91025],[86.48782,20.91004],[86.48441,20.91041],[86.48255,20.91013],[86.48245,20.91248]]]}},{"type":"Feature","properties":{"LCODE":"050252016001600035","LOCATION":"PACHHALO","V_TYPE":"VILLAGE","BLOCK":"DHAMNAGAR","DISTRICT":"BHADRAK"},"geometry":{"type":"Polygon","coordinates":[[[86.56702,20.9153],[86.56845,20.91982],[86.56877,20.92036],[86.56999,20.92036],[86.57212,20.91929],[86.5731,20.91829],[86.57433,20.9176],[86.57864,20.91646],[86.58176,20.91386],[86.58533,20.91417],[86.5903,20.9138],[86.59349,20.9125],[86.59975,20.91182],[86.60009,20.91098],[86.59977,20.90998],[86.59904,20.90952],[86.59823,20.90798],[86.59767,20.90614],[86.59589,20.90475],[86.59499,20.90444],[86.59418,20.90452],[86.59091,20.90558],[86.58969,20.90635],[86.58855,20.90627],[86.58586,20.90542],[86.58488,20.9055],[86.58399,20.90565],[86.58203,20.90687],[86.58015,20.90694],[86.57845,20.90771],[86.57755,20.90755],[86.57648,20.90786],[86.56906,20.91107],[86.56832,20.91345],[86.56774,20.9146],[86.56702,20.9153]]]}},{"type":"Feature","properties":{"LCODE":"050270017001700134","LOCATION":"BALIPOKHARI","V_TYPE":"VILLAGE","BLOCK":"BHANDARIPOKHARI","DISTRICT":"BHADRAK"},"geometry":{"type":"Polygon","coordinates":[[[86.2813,20.91295],[86.28658,20.9129],[86.28734,20.91991],[86.29011,20.91951],[86.29385,20.91944],[86.29652,20.91887],[86.29683,20.91832],[86.29677,20.91679],[86.29591,20.91376],[86.29588,20.91115],[86.29622,20.90937],[86.29554,20.90487],[86.29539,20.90104],[86.2956,20.89837],[86.29398,20.89811],[86.29119,20.89832],[86.2869,20.89961],[86.28439,20.90157],[86.28256,20.90445],[86.28198,20.90645],[86.2813,20.91295]]]}},{"type":"Feature","properties":{"LCODE":"050260016001600064","LOCATION":"NACHHIPUR","V_TYPE":"VILLAGE","BLOCK":"DHAMNAGAR","DISTRICT":"BHADRAK"},"geometry":{"type":"Polygon","coordinates":[[[86.47323,20.91308],[86.47411,20.91579],[86.47456,20.91869],[86.4763,20.91915],[86.48006,20.91954],[86.48273,20.91913],[86.48245,20.91631],[86.48253,20.91041],[86.48159,20.91129],[86.47984,20.91227],[86.47507,20.91323],[86.47323,20.91308]]]}},{"type":"Feature","properties":{"LCODE":"050270017001700103","LOCATION":"KURIGAN","V_TYPE":"VILLAGE","BLOCK":"BHANDARIPOKHARI","DISTRICT":"BHADRAK"},"geometry":{"type":"Polygon","coordinates":[[[86.4007,20.91738],[86.40343,20.91842],[86.40775,20.91937],[86.40833,20.91869],[86.41603,20.91747],[86.41627,20.9173],[86.41656,20.91438],[86.4162,20.91269],[86.40474,20.91469],[86.40203,20.91618],[86.4007,20.91738]]]}},{"type":"Feature","properties":{"LCODE":"050202014001400115","LOCATION":"CHHATRAPADA","V_TYPE":"VILLAGE","BLOCK":"TIHIDI","DISTRICT":"BHADRAK"},"geometry":{"type":"Polygon","coordinates":[[[86.76852,20.91131],[86.76894,20.91312],[86.7718,20.91783],[86.77286,20.91724],[86.77343,20.91725],[86.77374,20.91802],[86.77439,20.91826],[86.77644,20.9176],[86.77757,20.91753],[86.77969,20.91787],[86.78106,20.9185],[86.78176,20.91919],[86.78294,20.91784],[86.78449,20.9174],[86.79035,20.91748],[86.79166,20.91719],[86.79199,20.91674],[86.7919,20.91251],[86.79143,20.91158],[86.79007,20.9098],[86.78679,20.90661],[86.78526,20.90574],[86.78435,20.90665],[86.78309,20.90894],[86.78202,20.90961],[86.78128,20.90976],[86.77886,20.90872],[86.77772,20.90871],[86.77592,20.90953],[86.77409,20.91142],[86.77287,20.91194],[86.7701,20.91183],[86.76852,20.91131]]]}},{"type":"Feature","properties":{"LCODE":"050270017001700128","LOCATION":"BIRABHADRA","V_TYPE":"VILLAGE","BLOCK":"BHANDARIPOKHARI","DISTRICT":"BHADRAK"},"geometry":{"type":"Polygon","coordinates":[[[86.32783,20.91655],[86.32851,20.91794],[86.33025,20.91778],[86.33323,20.91904],[86.33454,20.91907],[86.33492,20.91836],[86.33479,20.91737],[86.33359,20.91573],[86.34042,20.91354],[86.34063,20.91261],[86.34038,20.91217],[86.3382,20.91286],[86.33689,20.91291],[86.3353,20.91367],[86.33051,20.91424],[86.33002,20.91441],[86.32927,20.91597],[86.32856,20.91646],[86.32783,20.91655]]]}},{"type":"Feature","properties":{"LCODE":"050260016001600065","LOCATION":"CHAKAASPUR","V_TYPE":"VILLAGE","BLOCK":"DHAMNAGAR","DISTRICT":"BHADRAK"},"geometry":{"type":"Polygon","coordinates":[[[86.46864,20.91305],[86.46917,20.9166],[86.47009,20.91901],[86.47141,20.91903],[86.47446,20.91846],[86.47411,20.91579],[86.47323,20.91308],[86.4712,20.91246],[86.46959,20.91306],[86.46864,20.91305]]]}},{"type":"Feature","properties":{"LCODE":"050270017001700112","LOCATION":"NUAPOKHARI","V_TYPE":"VILLAGE","BLOCK":"BHANDARIPOKHARI","DISTRICT":"BHADRAK"},"geometry":{"type":"Polygon","coordinates":[[[86.37991,20.91199],[86.37999,20.91375],[86.38187,20.91804],[86.38461,20.91893],[86.38757,20.91889],[86.38754,20.9169],[86.38644,20.91388],[86.38367,20.91222],[86.38282,20.91126],[86.38405,20.90945],[86.38725,20.90771],[86.39276,20.90712],[86.39616,20.90629],[86.39626,20.90498],[86.3959,20.90209],[86.39408,20.89763],[86.39368,20.89596],[86.39326,20.89552],[86.39267,20.89508],[86.38951,20.89551],[86.38649,20.89548],[86.38286,20.8944],[86.38141,20.89483],[86.38165,20.89674],[86.38152,20.89767],[86.38092,20.89833],[86.3816,20.8995],[86.38227,20.89986],[86.38633,20.89955],[86.38831,20.89985],[86.38858,20.90061],[86.38926,20.90127],[86.39092,20.90213],[86.39121,20.90319],[86.39075,20.90382],[86.38361,20.90456],[86.38184,20.90532],[86.38187,20.90601],[86.38039,20.90959],[86.37991,20.91199]]]}},{"type":"Feature","properties":{"LCODE":"050270017001700105","LOCATION":"BELAGADIA","V_TYPE":"VILLAGE","BLOCK":"BHANDARIPOKHARI","DISTRICT":"BHADRAK"},"geometry":{"type":"Polygon","coordinates":[[[86.38282,20.91126],[86.38367,20.91222],[86.38644,20.91388],[86.38754,20.9169],[86.38757,20.91889],[86.39423,20.91879],[86.39957,20.91766],[86.39729,20.90824],[86.39693,20.90718],[86.39616,20.90629],[86.39276,20.90712],[86.38725,20.90771],[86.38405,20.90945],[86.38282,20.91126]]]}},{"type":"Feature","properties":{"LCODE":"050270017001700114","LOCATION":"RAHANIAN","V_TYPE":"VILLAGE","BLOCK":"BHANDARIPOKHARI","DISTRICT":"BHADRAK"},"geometry":{"type":"Polygon","coordinates":[[[86.36662,20.90422],[86.36889,20.90767],[86.3698,20.90993],[86.37045,20.91374],[86.37152,20.9173],[86.37244,20.91658],[86.37461,20.9158],[86.37632,20.91566],[86.37746,20.91584],[86.37781,20.91629],[86.37819,20.91879],[86.38189,20.91835],[86.38186,20.91759],[86.37999,20.91375],[86.37991,20.91199],[86.38039,20.90959],[86.38187,20.90601],[86.38184,20.90532],[86.38084,20.90475],[86.37774,20.90464],[86.3773,20.90396],[86.37766,20.9028],[86.37601,20.90026],[86.37598,20.89957],[86.3762,20.89902],[86.38026,20.89871],[86.38092,20.89833],[86.38152,20.89767],[86.38165,20.89674],[86.38141,20.89483],[86.3775,20.89506],[86.37219,20.89673],[86.3714,20.89737],[86.37052,20.89978],[86.36721,20.90252],[86.36662,20.90422]]]}},{"type":"Feature","properties":{"LCODE":"050270017001700115","LOCATION":"RADHO","V_TYPE":"VILLAGE","BLOCK":"BHANDARIPOKHARI","DISTRICT":"BHADRAK"},"geometry":{"type":"Polygon","coordinates":[[[86.35486,20.91138],[86.35533,20.91303],[86.35608,20.91872],[86.36769,20.91814],[86.37087,20.91869],[86.37152,20.9173],[86.37045,20.91374],[86.3698,20.90993],[86.36889,20.90767],[86.36662,20.90422],[86.36189,20.90587],[86.35981,20.90703],[86.3582,20.90734],[86.3585,20.90884],[86.35796,20.90963],[86.35654,20.91076],[86.35486,20.91138]]]}},{"type":"Feature","properties":{"LCODE":"050230015001500038","LOCATION":"MANIPUR","V_TYPE":"VILLAGE","BLOCK":"CHANDABALI","DISTRICT":"BHADRAK"},"geometry":{"type":"Polygon","coordinates":[[[86.78974,20.90947],[86.7919,20.91251],[86.79196,20.91638],[86.79408,20.91853],[86.79449,20.91854],[86.79507,20.91755],[86.7959,20.91687],[86.79705,20.91635],[86.79755,20.91505],[86.7982,20.91045],[86.79813,20.9096],[86.79704,20.9069],[86.79836,20.90569],[86.79814,20.90431],[86.79831,20.9037],[86.80045,20.90227],[86.80174,20.90103],[86.80123,20.89921],[86.80027,20.89827],[86.79847,20.89878],[86.79749,20.89954],[86.79645,20.89837],[86.79604,20.89829],[86.7953,20.89836],[86.79399,20.89903],[86.79147,20.89898],[86.79121,20.90007],[86.79211,20.90422],[86.79159,20.90667],[86.7923,20.90829],[86.79212,20.90875],[86.78974,20.90947]]]}},{"type":"Feature","properties":{"LCODE":"050202014001400124","LOCATION":"KHADIJAN","V_TYPE":"VILLAGE","BLOCK":"TIHIDI","DISTRICT":"BHADRAK"},"geometry":{"type":"Polygon","coordinates":[[[86.718,20.91605],[86.71964,20.9184],[86.72124,20.91735],[86.72549,20.91567],[86.72646,20.91568],[86.7276,20.91729],[86.7289,20.91783],[86.73126,20.91814],[86.73387,20.91669],[86.73649,20.91447],[86.73999,20.91356],[86.74209,20.91356],[86.74195,20.91111],[86.74225,20.91061],[86.74171,20.9095],[86.74188,20.90858],[86.74278,20.90743],[86.74254,20.90682],[86.74107,20.90528],[86.74011,20.90122],[86.73946,20.90038],[86.73816,20.90022],[86.73571,20.90175],[86.73538,20.90282],[86.73611,20.90443],[86.73603,20.90481],[86.73456,20.90519],[86.73399,20.90565],[86.73423,20.90665],[86.73578,20.90719],[86.7361,20.90765],[86.73602,20.90826],[86.73488,20.90857],[86.73129,20.90833],[86.73048,20.90871],[86.72525,20.91284],[86.7224,20.91383],[86.718,20.91605]]]}},{"type":"Feature","properties":{"LCODE":"050252016001600040","LOCATION":"BAMKURA","V_TYPE":"VILLAGE","BLOCK":"DHAMNAGAR","DISTRICT":"BHADRAK"},"geometry":{"type":"Polygon","coordinates":[[[86.54895,20.91095],[86.5496,20.91164],[86.55098,20.9118],[86.55285,20.9128],[86.55415,20.91442],[86.5543,20.91641],[86.55552,20.91672],[86.55706,20.91803],[86.55795,20.9178],[86.55843,20.91803],[86.56122,20.91697],[86.56488,20.91628],[86.56676,20.91552],[86.56774,20.9146],[86.56889,20.91123],[86.56776,20.90945],[86.56859,20.90754],[86.5686,20.90684],[86.56811,20.90585],[86.56682,20.90408],[86.5656,20.90377],[86.56461,20.90469],[86.56469,20.90668],[86.56444,20.90691],[86.56363,20.90683],[86.56339,20.90653],[86.56308,20.90253],[86.56227,20.90145],[86.56064,20.90115],[86.55999,20.90068],[86.55983,20.90022],[86.56124,20.89462],[86.56111,20.89301],[86.55889,20.89246],[86.55792,20.89177],[86.55563,20.89322],[86.55473,20.89522],[86.55521,20.89637],[86.55568,20.89952],[86.55535,20.90006],[86.55405,20.90021],[86.55332,20.89998],[86.55239,20.90067],[86.5529,20.90197],[86.55493,20.90236],[86.55688,20.90313],[86.55818,20.90529],[86.55785,20.90621],[86.55353,20.90712],[86.55279,20.90819],[86.5527,20.90981],[86.55221,20.91073],[86.54993,20.91018],[86.54935,20.91034],[86.54895,20.91095]]]}},{"type":"Feature","properties":{"LCODE":"050240015001500002","LOCATION":"GHATAPUR","V_TYPE":"VILLAGE","BLOCK":"CHANDABALI","DISTRICT":"BHADRAK"},"geometry":{"type":"Polygon","coordinates":[[[86.69158,20.87861],[86.69922,20.88089],[86.69963,20.88066],[86.70069,20.87883],[86.7011,20.8786],[86.70151,20.87883],[86.70273,20.88014],[86.70354,20.88152],[86.70483,20.88505],[86.70531,20.88788],[86.70774,20.89027],[86.70863,20.8918],[86.70903,20.89341],[86.71073,20.89518],[86.71358,20.89725],[86.71365,20.89841],[86.7117,20.89878],[86.71137,20.89924],[86.7121,20.90162],[86.71348,20.9027],[86.7156,20.9027],[86.716,20.90362],[86.71738,20.90478],[86.71795,20.906],[86.71754,20.90761],[86.71631,20.90861],[86.7159,20.90929],[86.7159,20.91021],[86.71744,20.91167],[86.71711,20.91313],[86.71515,20.9155],[86.71343,20.91688],[86.71282,20.91803],[86.71523,20.91734],[86.7224,20.91383],[86.72525,20.91284],[86.73048,20.90871],[86.73129,20.90833],[86.73488,20.90857],[86.73602,20.90826],[86.7361,20.90765],[86.73578,20.90719],[86.73423,20.90665],[86.73399,20.90565],[86.73456,20.90519],[86.73603,20.90481],[86.73543,20.90228],[86.7318,20.90182],[86.72823,20.89882],[86.72596,20.89644],[86.72263,20.89375],[86.72182,20.89122],[86.72166,20.88968],[86.71777,20.88492],[86.71794,20.88186],[86.71762,20.88132],[86.71648,20.88101],[86.71616,20.87963],[86.71649,20.87871],[86.716,20.8771],[86.7156,20.87656],[86.71503,20.87649],[86.71316,20.87702],[86.71259,20.87679],[86.71227,20.87625],[86.71268,20.87518],[86.71243,20.87426],[86.7113,20.87349],[86.71016,20.87364],[86.70959,20.87348],[86.70934,20.8731],[86.70927,20.87019],[86.70985,20.86904],[86.70976,20.86842],[86.70863,20.86612],[86.70823,20.86581],[86.70766,20.86627],[86.70715,20.87018],[86.70667,20.87087],[86.70585,20.87048],[86.70488,20.86918],[86.70398,20.86948],[86.70161,20.87139],[86.70031,20.8717],[86.69933,20.87116],[86.69958,20.86978],[86.69942,20.86924],[86.69853,20.86901],[86.69747,20.87031],[86.69721,20.87276],[86.69616,20.87261],[86.69518,20.87168],[86.69372,20.87153],[86.69347,20.87206],[86.69566,20.87421],[86.69566,20.8749],[86.69525,20.87544],[86.69257,20.87574],[86.69231,20.87743],[86.69158,20.87861]]]}},{"type":"Feature","properties":{"LCODE":"050230015001500048","LOCATION":"NAIKULASAHI","V_TYPE":"VILLAGE","BLOCK":"CHANDABALI","DISTRICT":"BHADRAK"},"geometry":{"type":"Polygon","coordinates":[[[86.84411,20.91488],[86.8447,20.91592],[86.84644,20.91751],[86.84821,20.91725],[86.85228,20.91724],[86.85461,20.91604],[86.85511,20.9147],[86.85445,20.9146],[86.85341,20.91382],[86.85141,20.91165],[86.85043,20.9114],[86.84897,20.91161],[86.84765,20.91267],[86.84503,20.91371],[86.84438,20.9137],[86.84411,20.91488]]]}},{"type":"Feature","properties":{"LCODE":"050270017001700104","LOCATION":"KHARIJKURIGAN","V_TYPE":"VILLAGE","BLOCK":"BHANDARIPOKHARI","DISTRICT":"BHADRAK"},"geometry":{"type":"Polygon","coordinates":[[[86.3983,20.912],[86.39951,20.91736],[86.4007,20.91738],[86.40203,20.91618],[86.40474,20.91469],[86.4091,20.91403],[86.40849,20.91263],[86.40877,20.91147],[86.40938,20.91052],[86.41161,20.90929],[86.41394,20.90843],[86.41415,20.90765],[86.41296,20.9064],[86.41156,20.90607],[86.4061,20.90996],[86.40421,20.90981],[86.40121,20.91039],[86.4004,20.91226],[86.39926,20.91238],[86.3983,20.912]]]}},{"type":"Feature","properties":{"LCODE":"050230015001500052","LOCATION":"UTATSAHI","V_TYPE":"VILLAGE","BLOCK":"CHANDABALI","DISTRICT":"BHADRAK"},"geometry":{"type":"Polygon","coordinates":[[[86.86417,20.91025],[86.86503,20.91132],[86.86696,20.9114],[86.86833,20.9118],[86.86832,20.91288],[86.86705,20.91453],[86.86877,20.91526],[86.87036,20.91651],[86.87427,20.91734],[86.87647,20.91721],[86.87778,20.91677],[86.87804,20.9157],[86.87749,20.91393],[86.87783,20.91339],[86.87971,20.91342],[86.88026,20.91277],[86.87834,20.91233],[86.8764,20.91138],[86.8727,20.90833],[86.87103,20.90601],[86.86958,20.90553],[86.86768,20.90549],[86.86737,20.90573],[86.86431,20.90906],[86.86417,20.91025]]]}},{"type":"Feature","properties":{"LCODE":"050270017001700129","LOCATION":"PATALASING","V_TYPE":"VILLAGE","BLOCK":"BHANDARIPOKHARI","DISTRICT":"BHADRAK"},"geometry":{"type":"Polygon","coordinates":[[[86.32198,20.90315],[86.32257,20.90373],[86.32288,20.90526],[86.32331,20.90593],[86.32432,20.90658],[86.3252,20.90816],[86.32558,20.90968],[86.32555,20.91083],[86.32493,20.91154],[86.32348,20.91198],[86.32484,20.91323],[86.32529,20.91444],[86.32607,20.91541],[86.32783,20.91655],[86.32856,20.91646],[86.32927,20.91597],[86.33002,20.91441],[86.3353,20.91367],[86.3365,20.91314],[86.33604,20.91195],[86.33469,20.91085],[86.33451,20.9104],[86.33454,20.90733],[86.33505,20.90622],[86.33401,20.90413],[86.33006,20.90528],[86.32955,20.90484],[86.32949,20.90354],[86.32719,20.90317],[86.32706,20.90172],[86.32679,20.90119],[86.32629,20.90106],[86.32573,20.90116],[86.32439,20.90221],[86.32198,20.90315]]]}},{"type":"Feature","properties":{"LCODE":"050230015001500042","LOCATION":"GARADAPUR","V_TYPE":"VILLAGE","BLOCK":"CHANDABALI","DISTRICT":"BHADRAK"},"geometry":{"type":"Polygon","coordinates":[[[86.81616,20.91185],[86.81764,20.91564],[86.81976,20.91581],[86.82034,20.91559],[86.82439,20.91334],[86.82515,20.90975],[86.82526,20.90783],[86.82487,20.90729],[86.82226,20.90569],[86.81956,20.90622],[86.81899,20.90805],[86.81752,20.90872],[86.81693,20.90948],[86.81616,20.91185]]]}},{"type":"Feature","properties":{"LCODE":"050230015001500047","LOCATION":"JANKADEIPUR","V_TYPE":"VILLAGE","BLOCK":"CHANDABALI","DISTRICT":"BHADRAK"},"geometry":{"type":"Polygon","coordinates":[[[86.85055,20.90943],[86.85084,20.9115],[86.85141,20.91165],[86.85181,20.91234],[86.85445,20.9146],[86.8568,20.91525],[86.86057,20.91546],[86.86082,20.91494],[86.86068,20.91261],[86.86102,20.91124],[86.86022,20.9117],[86.85526,20.91039],[86.85225,20.91012],[86.85055,20.90943]]]}},{"type":"Feature","properties":{"LCODE":"050230015001500051","LOCATION":"KAMALAPADA","V_TYPE":"VILLAGE","BLOCK":"CHANDABALI","DISTRICT":"BHADRAK"},"geometry":{"type":"Polygon","coordinates":[[[86.85409,20.90531],[86.85509,20.90571],[86.85717,20.90766],[86.85938,20.90738],[86.8601,20.90762],[86.8616,20.90899],[86.86158,20.91034],[86.86102,20.91124],[86.86068,20.91261],[86.86082,20.91494],[86.86179,20.91401],[86.86705,20.91453],[86.86798,20.91356],[86.86849,20.91219],[86.86833,20.9118],[86.86696,20.9114],[86.86503,20.91132],[86.86417,20.91025],[86.86431,20.90906],[86.86464,20.90861],[86.86768,20.90549],[86.86559,20.90524],[86.86282,20.90543],[86.86064,20.90448],[86.85731,20.90421],[86.85612,20.90383],[86.85491,20.90426],[86.85418,20.90488],[86.85409,20.90531]]]}},{"type":"Feature","properties":{"LCODE":"050252016001600041","LOCATION":"PATRISAHI","V_TYPE":"VILLAGE","BLOCK":"DHAMNAGAR","DISTRICT":"BHADRAK"},"geometry":{"type":"Polygon","coordinates":[[[86.53837,20.90237],[86.53933,20.9039],[86.53985,20.90554],[86.5396,20.90666],[86.53891,20.90779],[86.53894,20.90862],[86.54065,20.91036],[86.54144,20.91188],[86.54218,20.91194],[86.54283,20.91263],[86.54386,20.91476],[86.54469,20.91425],[86.54673,20.9141],[86.5478,20.91348],[86.54984,20.91172],[86.54903,20.91126],[86.54935,20.91034],[86.55042,20.91019],[86.55221,20.91073],[86.5527,20.90981],[86.55279,20.90819],[86.55353,20.90712],[86.55785,20.90621],[86.55818,20.90529],[86.55688,20.90313],[86.55493,20.90236],[86.5529,20.90197],[86.55239,20.90067],[86.55185,20.90043],[86.5512,20.89944],[86.5491,20.8982],[86.54657,20.89866],[86.54501,20.8995],[86.54208,20.90034],[86.53837,20.90237]]]}},{"type":"Feature","properties":{"LCODE":"050230015001500045","LOCATION":"SUNARIPOKHARI","V_TYPE":"VILLAGE","BLOCK":"CHANDABALI","DISTRICT":"BHADRAK"},"geometry":{"type":"Polygon","coordinates":[[[86.82226,20.90569],[86.82487,20.90729],[86.82526,20.90783],[86.82515,20.90975],[86.82437,20.91258],[86.82436,20.91327],[86.82491,20.91435],[86.82556,20.91451],[86.83045,20.91404],[86.83316,20.91278],[86.83658,20.91275],[86.83797,20.91223],[86.83748,20.911],[86.8334,20.90817],[86.83235,20.90716],[86.82945,20.90551],[86.826,20.90239],[86.82565,20.90446],[86.82498,20.90529],[86.82226,20.90569]]]}},{"type":"Feature","properties":{"LCODE":"050270017001700106","LOCATION":"KORIGAN","V_TYPE":"VILLAGE","BLOCK":"BHANDARIPOKHARI","DISTRICT":"BHADRAK"},"geometry":{"type":"Polygon","coordinates":[[[86.3952,20.89391],[86.3958,20.89565],[86.39664,20.89646],[86.39795,20.89656],[86.4002,20.89578],[86.40094,20.89583],[86.40186,20.89649],[86.40398,20.90047],[86.40401,20.90092],[86.40282,20.90174],[86.39989,20.90201],[86.39608,20.90336],[86.39616,20.90629],[86.39693,20.90718],[86.3983,20.912],[86.39926,20.91238],[86.4004,20.91226],[86.40121,20.91039],[86.40421,20.90981],[86.4061,20.90996],[86.41156,20.90607],[86.41296,20.9064],[86.41372,20.90706],[86.41415,20.90765],[86.41394,20.90843],[86.41161,20.90929],[86.40938,20.91052],[86.40877,20.91147],[86.40849,20.91263],[86.4091,20.91403],[86.4162,20.91269],[86.41584,20.91104],[86.41579,20.90767],[86.41452,20.9048],[86.41359,20.90384],[86.41235,20.90159],[86.41096,20.89743],[86.4097,20.89472],[86.40936,20.89443],[86.40879,20.89445],[86.40784,20.89702],[86.40644,20.89677],[86.40563,20.89695],[86.40437,20.89777],[86.40336,20.8972],[86.40215,20.89327],[86.39977,20.89304],[86.39799,20.89357],[86.3952,20.89391]]]}},{"type":"Feature","properties":{"LCODE":"050270017001700123","LOCATION":"BARANAPANG","V_TYPE":"VILLAGE","BLOCK":"BHANDARIPOKHARI","DISTRICT":"BHADRAK"},"geometry":{"type":"Polygon","coordinates":[[[86.33643,20.89625],[86.3369,20.89719],[86.33921,20.89779],[86.3398,20.8983],[86.34029,20.9002],[86.34106,20.90109],[86.34357,20.90076],[86.34407,20.90105],[86.34564,20.9036],[86.34558,20.90414],[86.34466,20.90532],[86.34096,20.90724],[86.34116,20.9096],[86.34038,20.91217],[86.34093,20.91401],[86.34475,20.91158],[86.34533,20.9079],[86.34716,20.90285],[86.34792,20.90144],[86.34855,20.90088],[86.3509,20.90055],[86.35101,20.89909],[86.35131,20.89854],[86.35216,20.89751],[86.35287,20.89717],[86.35262,20.8968],[86.3532,20.8951],[86.35304,20.89357],[86.34861,20.89451],[86.34705,20.89434],[86.34324,20.89479],[86.33643,20.89625]]]}},{"type":"Feature","properties":{"LCODE":"050230015001500064","LOCATION":"MANTAPADA","V_TYPE":"VILLAGE","BLOCK":"CHANDABALI","DISTRICT":"BHADRAK"},"geometry":{"type":"Polygon","coordinates":[[[86.83742,20.9113],[86.83821,20.91246],[86.84293,20.91268],[86.8439,20.91292],[86.84438,20.9137],[86.84503,20.91371],[86.84765,20.91267],[86.84897,20.91161],[86.85084,20.9115],[86.85055,20.90943],[86.85155,20.9075],[86.85305,20.90561],[86.85409,20.90531],[86.85418,20.90488],[86.85491,20.90426],[86.85612,20.90383],[86.85578,20.90303],[86.85613,20.9012],[86.85698,20.89921],[86.85745,20.895],[86.85925,20.89449],[86.86201,20.89452],[86.86171,20.89322],[86.86067,20.89213],[86.8606,20.8912],[86.86224,20.89115],[86.86265,20.89085],[86.86236,20.88854],[86.86339,20.88526],[86.86684,20.88316],[86.86798,20.88287],[86.86797,20.88153],[86.86736,20.8814],[86.866,20.87969],[86.86276,20.87811],[86.85948,20.88006],[86.85849,20.88097],[86.85582,20.885],[86.85366,20.89295],[86.85182,20.89615],[86.85181,20.89692],[86.84959,20.90341],[86.84739,20.90829],[86.84657,20.90928],[86.83981,20.90895],[86.8385,20.90947],[86.83759,20.91046],[86.83742,20.9113]]]}},{"type":"Feature","properties":{"LCODE":"050260016001600066","LOCATION":"KRUSNADASPUR","V_TYPE":"VILLAGE","BLOCK":"DHAMNAGAR","DISTRICT":"BHADRAK"},"geometry":{"type":"Polygon","coordinates":[[[86.46614,20.9071],[86.46864,20.91305],[86.46895,20.91316],[86.4712,20.91246],[86.47368,20.9132],[86.47652,20.91302],[86.47984,20.91227],[86.48159,20.91129],[86.48253,20.91041],[86.48255,20.91013],[86.48008,20.90828],[86.47895,20.90664],[86.47691,20.90448],[86.47341,20.90678],[86.47021,20.90829],[86.46793,20.90853],[86.46614,20.9071]]]}},{"type":"Feature","properties":{"LCODE":"050270017001700127","LOCATION":"SIMILIA","V_TYPE":"VILLAGE","BLOCK":"BHANDARIPOKHARI","DISTRICT":"BHADRAK"},"geometry":{"type":"Polygon","coordinates":[[[86.33444,20.90879],[86.33469,20.91085],[86.33604,20.91195],[86.3365,20.91314],[86.34038,20.91217],[86.34116,20.9096],[86.34096,20.90724],[86.33897,20.90777],[86.33611,20.90758],[86.33543,20.90714],[86.33505,20.90622],[86.33454,20.90733],[86.33444,20.90879]]]}},{"type":"Feature","properties":{"LCODE":"050230015001500060","LOCATION":"DHIRSAHI","V_TYPE":"VILLAGE","BLOCK":"CHANDABALI","DISTRICT":"BHADRAK"},"geometry":{"type":"Polygon","coordinates":[[[86.87095,20.90597],[86.8727,20.90833],[86.87407,20.90966],[86.87704,20.91177],[86.88026,20.91277],[86.88046,20.91243],[86.88226,20.91184],[86.88235,20.911],[86.88181,20.90938],[86.88345,20.90802],[86.88341,20.90538],[86.88228,20.90486],[86.88163,20.90485],[86.88146,20.90516],[86.88049,20.90499],[86.87849,20.90312],[86.87718,20.9031],[86.87568,20.90032],[86.87494,20.89965],[86.87339,20.90075],[86.87141,20.90287],[86.87095,20.90597]]]}},{"type":"Feature","properties":{"LCODE":"050260016001600088","LOCATION":"GAURBISHNUAPARA","V_TYPE":"VILLAGE","BLOCK":"DHAMNAGAR","DISTRICT":"BHADRAK"},"geometry":{"type":"Polygon","coordinates":[[[86.40182,20.89143],[86.40225,20.8941],[86.40336,20.8972],[86.40395,20.89771],[86.40469,20.89768],[86.40563,20.89695],[86.40644,20.89677],[86.40784,20.89702],[86.40879,20.89445],[86.40936,20.89443],[86.4097,20.89472],[86.41096,20.89743],[86.41235,20.90159],[86.41359,20.90384],[86.41452,20.9048],[86.41579,20.90767],[86.41584,20.91104],[86.4162,20.91269],[86.42189,20.91141],[86.42261,20.911],[86.42707,20.91036],[86.42848,20.90908],[86.43089,20.90822],[86.43481,20.90837],[86.43702,20.90702],[86.4334,20.90376],[86.43098,20.90056],[86.43018,20.89706],[86.42868,20.89426],[86.42648,20.89437],[86.4245,20.89361],[86.42377,20.89261],[86.42332,20.89281],[86.42215,20.89209],[86.42169,20.89096],[86.42076,20.89008],[86.4168,20.88901],[86.41611,20.88811],[86.41582,20.88713],[86.41595,20.88605],[86.41669,20.88433],[86.41752,20.88356],[86.41631,20.88312],[86.41193,20.88368],[86.40823,20.88283],[86.40588,20.88116],[86.40338,20.8815],[86.40434,20.88934],[86.40397,20.89027],[86.40202,20.89035],[86.40182,20.89143]]]}},{"type":"Feature","properties":{"LCODE":"050202014001400118","LOCATION":"KARADIPAL","V_TYPE":"VILLAGE","BLOCK":"TIHIDI","DISTRICT":"BHADRAK"},"geometry":{"type":"Polygon","coordinates":[[[86.75723,20.90988],[86.75809,20.90997],[86.75913,20.91083],[86.7614,20.91148],[86.7628,20.91247],[86.76361,20.91051],[86.76511,20.90823],[86.76581,20.90555],[86.76585,20.90332],[86.76511,20.90109],[86.76409,20.90115],[86.76343,20.90183],[86.7624,20.90504],[86.76141,20.90564],[86.75896,20.90599],[86.75748,20.90697],[86.75723,20.90988]]]}},{"type":"Feature","properties":{"LCODE":"050270017001700126","LOCATION":"GILAPADI","V_TYPE":"VILLAGE","BLOCK":"BHANDARIPOKHARI","DISTRICT":"BHADRAK"},"geometry":{"type":"Polygon","coordinates":[[[86.34586,20.91183],[86.34632,20.91239],[86.34747,20.91219],[86.34921,20.91097],[86.34991,20.9101],[86.34967,20.90827],[86.34852,20.90602],[86.34786,20.90589],[86.3469,20.90646],[86.34639,20.90786],[86.34586,20.91183]]]}},{"type":"Feature","properties":{"LCODE":"050202014001400116","LOCATION":"NARENDRAPUR","V_TYPE":"VILLAGE","BLOCK":"TIHIDI","DISTRICT":"BHADRAK"},"geometry":{"type":"Polygon","coordinates":[[[86.767,20.91083],[86.7701,20.91183],[86.77287,20.91194],[86.77409,20.91142],[86.77592,20.90953],[86.77772,20.90871],[86.77886,20.90872],[86.78128,20.90976],[86.78259,20.90931],[86.78309,20.90894],[86.78435,20.90665],[86.78526,20.90574],[86.78461,20.90504],[86.78407,20.90342],[86.78419,20.90097],[86.78364,20.90027],[86.7793,20.90028],[86.77874,20.90104],[86.77627,20.90293],[86.77419,20.90574],[86.77,20.90768],[86.76736,20.91018],[86.767,20.91083]]]}},{"type":"Feature","properties":{"LCODE":"050270017001700125","LOCATION":"JORAGADIA","V_TYPE":"VILLAGE","BLOCK":"BHANDARIPOKHARI","DISTRICT":"BHADRAK"},"geometry":{"type":"Polygon","coordinates":[[[86.34473,20.91115],[86.34475,20.91158],[86.34586,20.91183],[86.34639,20.90786],[86.3469,20.90646],[86.34786,20.90589],[86.34877,20.90631],[86.34967,20.90827],[86.34998,20.90973],[86.35121,20.91005],[86.35266,20.90961],[86.35299,20.90975],[86.35303,20.91082],[86.35346,20.91134],[86.35502,20.91136],[86.35702,20.91043],[86.3585,20.90884],[86.35846,20.90777],[86.35777,20.9068],[86.35642,20.90586],[86.35389,20.90588],[86.35233,20.90548],[86.35204,20.90427],[86.35233,20.90149],[86.35131,20.90061],[86.34927,20.90069],[86.34855,20.90088],[86.34792,20.90144],[86.34716,20.90285],[86.34533,20.9079],[86.34473,20.91115]]]}},{"type":"Feature","properties":{"LCODE":"050230015001500046","LOCATION":"PHATEPUR","V_TYPE":"VILLAGE","BLOCK":"CHANDABALI","DISTRICT":"BHADRAK"},"geometry":{"type":"Polygon","coordinates":[[[86.85055,20.90943],[86.85225,20.91012],[86.85526,20.91039],[86.86022,20.9117],[86.8614,20.91085],[86.86168,20.90979],[86.8616,20.90899],[86.8601,20.90762],[86.85938,20.90738],[86.85717,20.90766],[86.85436,20.90532],[86.85355,20.90531],[86.85264,20.90598],[86.85081,20.90864],[86.85055,20.90943]]]}},{"type":"Feature","properties":{"LCODE":"050201014001400152","LOCATION":"SYAMASUNDARPUR","V_TYPE":"VILLAGE","BLOCK":"TIHIDI","DISTRICT":"BHADRAK"},"geometry":{"type":"Polygon","coordinates":[[[86.62095,20.88688],[86.62242,20.88854],[86.62468,20.89215],[86.62629,20.89775],[86.62676,20.90129],[86.62665,20.90834],[86.6263,20.91053],[86.63096,20.91065],[86.63593,20.91128],[86.63699,20.91074],[86.63715,20.90982],[86.63659,20.90737],[86.63676,20.90599],[86.63757,20.90476],[86.63799,20.90307],[86.63889,20.90177],[86.64052,20.90147],[86.64362,20.90017],[86.64492,20.90048],[86.6459,20.9011],[86.6472,20.90079],[86.64761,20.89987],[86.64803,20.89704],[86.6495,20.89619],[86.64943,20.89389],[86.65099,20.8919],[86.65115,20.89067],[86.65059,20.88822],[86.64857,20.8853],[86.64869,20.88513],[86.64027,20.88359],[86.63566,20.88197],[86.63335,20.88181],[86.6305,20.88311],[86.62317,20.8844],[86.62195,20.88493],[86.62121,20.88585],[86.62095,20.88688]]]}},{"type":"Feature","properties":{"LCODE":"050252016001600037","LOCATION":"DEULADIHI","V_TYPE":"VILLAGE","BLOCK":"DHAMNAGAR","DISTRICT":"BHADRAK"},"geometry":{"type":"Polygon","coordinates":[[[86.56649,20.90369],[86.5686,20.90684],[86.5685,20.90792],[86.56776,20.90945],[86.56889,20.91123],[86.57396,20.90878],[86.57755,20.90755],[86.57845,20.90771],[86.58015,20.90694],[86.58203,20.90687],[86.58399,20.90565],[86.58586,20.90542],[86.58855,20.90627],[86.58969,20.90635],[86.5907,20.90584],[86.59059,20.90474],[86.58955,20.90244],[86.58931,20.89967],[86.58721,20.89629],[86.58577,20.89168],[86.58495,20.89091],[86.58586,20.88899],[86.58602,20.88625],[86.58457,20.88569],[86.58156,20.88599],[86.5796,20.88683],[86.57805,20.8879],[86.57699,20.88782],[86.57416,20.88444],[86.57286,20.88374],[86.5718,20.88412],[86.57146,20.88581],[86.57096,20.88605],[86.5717,20.88719],[86.57201,20.88919],[86.57104,20.89034],[86.56998,20.89095],[86.56948,20.89172],[86.57012,20.89471],[86.56986,20.89763],[86.57058,20.89971],[86.5705,20.90032],[86.56992,20.90116],[86.56707,20.90208],[86.56666,20.90254],[86.56649,20.90369]]]}},{"type":"Feature","properties":{"LCODE":"050230015001500067","LOCATION":"BIJIPUR","V_TYPE":"VILLAGE","BLOCK":"CHANDABALI","DISTRICT":"BHADRAK"},"geometry":{"type":"Polygon","coordinates":[[[86.82768,20.90387],[86.82945,20.90551],[86.83235,20.90716],[86.8334,20.90817],[86.83748,20.911],[86.83759,20.91046],[86.8385,20.90947],[86.83981,20.90895],[86.84657,20.90928],[86.84728,20.90842],[86.8453,20.9068],[86.84239,20.90553],[86.84151,20.90483],[86.84081,20.90306],[86.83912,20.90165],[86.83917,20.89843],[86.83885,20.89789],[86.83423,20.89698],[86.83253,20.89634],[86.83196,20.89626],[86.83155,20.89663],[86.8307,20.89831],[86.83134,20.8997],[86.83132,20.90055],[86.8305,20.90138],[86.83047,20.90322],[86.83013,20.90352],[86.82778,20.90326],[86.82768,20.90387]]]}},{"type":"Feature","properties":{"LCODE":"050252016001600036","LOCATION":"KHARIMAHARA","V_TYPE":"VILLAGE","BLOCK":"DHAMNAGAR","DISTRICT":"BHADRAK"},"geometry":{"type":"Polygon","coordinates":[[[86.58495,20.89091],[86.58577,20.89168],[86.58721,20.89629],[86.58931,20.89967],[86.58955,20.90244],[86.59059,20.90474],[86.5907,20.90584],[86.59246,20.90497],[86.59418,20.90452],[86.59499,20.90444],[86.59589,20.90475],[86.59767,20.90614],[86.59823,20.90798],[86.59904,20.90952],[86.59977,20.90998],[86.60009,20.91098],[86.60059,20.90998],[86.60148,20.9096],[86.6106,20.90839],[86.61134,20.90808],[86.61184,20.9067],[86.61152,20.90494],[86.60902,20.89849],[86.60789,20.89741],[86.60651,20.89679],[86.60325,20.89671],[86.60178,20.89594],[86.5979,20.89071],[86.59344,20.88724],[86.5919,20.88571],[86.59068,20.88501],[86.58979,20.88401],[86.58936,20.88375],[86.58889,20.88447],[86.58628,20.88577],[86.58595,20.88638],[86.58586,20.88899],[86.58495,20.89091]]]}},{"type":"Feature","properties":{"LCODE":"050240015001500014","LOCATION":"KHERANGA","V_TYPE":"VILLAGE","BLOCK":"CHANDABALI","DISTRICT":"BHADRAK"},"geometry":{"type":"Polygon","coordinates":[[[86.73891,20.90023],[86.73946,20.90038],[86.74011,20.90122],[86.74107,20.90528],[86.74254,20.90682],[86.74278,20.90743],[86.74188,20.90858],[86.74171,20.9095],[86.74187,20.91019],[86.74268,20.91096],[86.74334,20.91088],[86.74375,20.91027],[86.7453,20.9092],[86.74668,20.90867],[86.74815,20.90859],[86.75037,20.90856],[86.75232,20.9092],[86.75522,20.91085],[86.75702,20.91057],[86.75745,20.90912],[86.75748,20.90697],[86.75896,20.90599],[86.75969,20.90589],[86.7603,20.90424],[86.75983,20.90324],[86.76081,20.90256],[86.76115,20.90195],[86.75954,20.90055],[86.75966,20.8984],[86.75851,20.89318],[86.75769,20.8943],[86.75726,20.89591],[86.75554,20.89665],[86.75395,20.89894],[86.75165,20.90075],[86.75041,20.90112],[86.74849,20.904],[86.74809,20.90423],[86.7476,20.90438],[86.74678,20.90392],[86.74598,20.89993],[86.74379,20.89502],[86.74429,20.89372],[86.74388,20.89341],[86.74233,20.89356],[86.742,20.89402],[86.74184,20.89532],[86.74045,20.89639],[86.73937,20.89655],[86.73891,20.90023]]]}},{"type":"Feature","properties":{"LCODE":"050202014001400117","LOCATION":"KAINPHULIA","V_TYPE":"VILLAGE","BLOCK":"TIHIDI","DISTRICT":"BHADRAK"},"geometry":{"type":"Polygon","coordinates":[[[86.76487,20.90861],[86.76501,20.90915],[86.767,20.91083],[86.76736,20.91018],[86.77,20.90768],[86.77419,20.90574],[86.77627,20.90293],[86.77874,20.90104],[86.7793,20.90028],[86.77721,20.89987],[86.77583,20.90001],[86.77419,20.90037],[86.77231,20.90142],[86.77108,20.90163],[86.76801,20.90089],[86.76511,20.90109],[86.76585,20.90332],[86.76581,20.90555],[86.76487,20.90861]]]}},{"type":"Feature","properties":{"LCODE":"050201014001400153","LOCATION":"NUABANDHA","V_TYPE":"VILLAGE","BLOCK":"TIHIDI","DISTRICT":"BHADRAK"},"geometry":{"type":"Polygon","coordinates":[[[86.63659,20.90737],[86.63715,20.90982],[86.63705,20.9104],[86.64236,20.91076],[86.64741,20.91054],[86.65726,20.90925],[86.66069,20.90849],[86.66588,20.90583],[86.66586,20.89815],[86.6653,20.89523],[86.66417,20.89186],[86.66223,20.88763],[86.66142,20.88694],[86.66029,20.88663],[86.65923,20.88532],[86.65737,20.88172],[86.65443,20.88027],[86.65354,20.88255],[86.65289,20.88324],[86.6489,20.88484],[86.64857,20.8853],[86.65059,20.88822],[86.65115,20.89067],[86.65099,20.8919],[86.64943,20.89389],[86.6495,20.89619],[86.64803,20.89704],[86.64761,20.89987],[86.6472,20.90079],[86.6459,20.9011],[86.64492,20.90048],[86.64362,20.90017],[86.64052,20.90147],[86.63889,20.90177],[86.63799,20.90307],[86.63757,20.90476],[86.63676,20.90599],[86.63659,20.90737]]]}},{"type":"Feature","properties":{"LCODE":"050252016001600043","LOCATION":"BHATASAHI","V_TYPE":"VILLAGE","BLOCK":"DHAMNAGAR","DISTRICT":"BHADRAK"},"geometry":{"type":"Polygon","coordinates":[[[86.50777,20.89823],[86.50884,20.90242],[86.50933,20.90296],[86.51137,20.90288],[86.51357,20.90243],[86.51479,20.90274],[86.51503,20.90328],[86.5151,20.90581],[86.51542,20.90658],[86.5163,20.90843],[86.51808,20.91066],[86.51825,20.91035],[86.52102,20.90974],[86.52527,20.90791],[86.52975,20.90661],[86.53188,20.90569],[86.53307,20.90445],[86.53204,20.90439],[86.53132,20.90277],[86.52966,20.89651],[86.52753,20.89554],[86.52695,20.89708],[86.52581,20.89777],[86.52508,20.89761],[86.52305,20.89553],[86.52225,20.89415],[86.52159,20.89384],[86.52061,20.89384],[86.51833,20.8956],[86.51719,20.89567],[86.51499,20.89475],[86.51254,20.89321],[86.5115,20.89389],[86.50962,20.89443],[86.5088,20.89504],[86.5088,20.89665],[86.50777,20.89823]]]}},{"type":"Feature","properties":{"LCODE":"050201014001400151","LOCATION":"ISANPUR","V_TYPE":"VILLAGE","BLOCK":"TIHIDI","DISTRICT":"BHADRAK"},"geometry":{"type":"Polygon","coordinates":[[[86.60293,20.89617],[86.60325,20.89671],[86.60651,20.89679],[86.60789,20.89741],[86.60902,20.89849],[86.6112,20.90371],[86.61184,20.9067],[86.61134,20.90808],[86.61071,20.90834],[86.61263,20.91023],[86.6132,20.91016],[86.61443,20.90901],[86.6163,20.90978],[86.6263,20.91053],[86.62665,20.90834],[86.62676,20.90129],[86.62629,20.89775],[86.62468,20.89215],[86.62242,20.88854],[86.62104,20.88692],[86.62112,20.88869],[86.62079,20.88946],[86.61997,20.88968],[86.6142,20.88913],[86.60914,20.89081],[86.60522,20.89303],[86.60358,20.89494],[86.60293,20.89617]]]}},{"type":"Feature","properties":{"LCODE":"050260016001600071","LOCATION":"GOTHINA","V_TYPE":"VILLAGE","BLOCK":"DHAMNAGAR","DISTRICT":"BHADRAK"},"geometry":{"type":"Polygon","coordinates":[[[86.47546,20.90142],[86.47621,20.90361],[86.47742,20.90524],[86.47895,20.90664],[86.4805,20.90872],[86.48277,20.91032],[86.49303,20.90999],[86.49548,20.90806],[86.49787,20.90674],[86.49866,20.90594],[86.49878,20.90509],[86.49839,20.90358],[86.49743,20.90208],[86.49667,20.90143],[86.49664,20.90074],[86.49694,20.90031],[86.49597,20.90023],[86.4943,20.89938],[86.4934,20.89926],[86.49251,20.89937],[86.49116,20.90019],[86.49041,20.89991],[86.48765,20.89336],[86.48714,20.89329],[86.48402,20.89534],[86.48234,20.89602],[86.48048,20.89662],[86.47816,20.89658],[86.47642,20.89878],[86.47546,20.90142]]]}},{"type":"Feature","properties":{"LCODE":"050230015001500040","LOCATION":"BANDIARISAHI","V_TYPE":"VILLAGE","BLOCK":"CHANDABALI","DISTRICT":"BHADRAK"},"geometry":{"type":"Polygon","coordinates":[[[86.79914,20.90864],[86.80269,20.90959],[86.80359,20.9096],[86.80482,20.90916],[86.80692,20.91026],[86.80854,20.91029],[86.8092,20.91006],[86.81035,20.90901],[86.81303,20.90973],[86.81598,20.90847],[86.81745,20.9088],[86.81866,20.90835],[86.81899,20.90805],[86.81956,20.90622],[86.81772,20.90619],[86.81676,20.90564],[86.81645,20.90504],[86.81302,20.90513],[86.81197,20.9045],[86.81102,20.9031],[86.80914,20.90354],[86.80713,20.90205],[86.80559,20.90157],[86.80542,20.90211],[86.80579,20.90388],[86.80538,20.90433],[86.80367,20.90484],[86.80242,20.90629],[86.8008,20.90611],[86.80038,20.90633],[86.79939,20.90747],[86.79914,20.90864]]]}},{"type":"Feature","properties":{"LCODE":"050230015001500057","LOCATION":"NARENDRAPUR","V_TYPE":"VILLAGE","BLOCK":"CHANDABALI","DISTRICT":"BHADRAK"},"geometry":{"type":"Polygon","coordinates":[[[86.8931,20.89707],[86.89529,20.8999],[86.90261,20.90606],[86.90456,20.90647],[86.90887,20.9063],[86.91607,20.90924],[86.91837,20.90984],[86.91861,20.90252],[86.91904,20.90092],[86.92121,20.89772],[86.92182,20.8952],[86.91996,20.89425],[86.91566,20.89327],[86.91434,20.89464],[86.9132,20.89485],[86.9086,20.89241],[86.90134,20.89058],[86.90022,20.89183],[86.89913,20.89427],[86.89838,20.89518],[86.89691,20.8957],[86.89479,20.8959],[86.8931,20.89707]]]}},{"type":"Feature","properties":{"LCODE":"050230015001500072","LOCATION":"NUASAHI","V_TYPE":"VILLAGE","BLOCK":"CHANDABALI","DISTRICT":"BHADRAK"},"geometry":{"type":"Polygon","coordinates":[[[86.78352,20.90025],[86.78419,20.90097],[86.78407,20.90342],[86.7843,20.90427],[86.78526,20.90574],[86.78679,20.90661],[86.78974,20.90947],[86.79212,20.90875],[86.7923,20.90829],[86.79159,20.90667],[86.79211,20.90422],[86.79121,20.90007],[86.79147,20.89898],[86.79083,20.89814],[86.79019,20.89775],[86.78838,20.89887],[86.78594,20.89869],[86.78352,20.90025]]]}},{"type":"Feature","properties":{"LCODE":"050230015001500039","LOCATION":"GHANTESWAR","V_TYPE":"VILLAGE","BLOCK":"CHANDABALI","DISTRICT":"BHADRAK"},"geometry":{"type":"Polygon","coordinates":[[[86.79704,20.9069],[86.79793,20.90909],[86.79932,20.90869],[86.79914,20.90864],[86.79939,20.90747],[86.80038,20.90633],[86.8008,20.90611],[86.80242,20.90629],[86.80367,20.90484],[86.80489,20.90463],[86.80579,20.90388],[86.80542,20.90211],[86.80559,20.90157],[86.80397,20.90086],[86.80323,20.90138],[86.80174,20.90103],[86.80045,20.90227],[86.79831,20.9037],[86.79814,20.90431],[86.79836,20.90569],[86.79704,20.9069]]]}},{"type":"Feature","properties":{"LCODE":"050260016001600078","LOCATION":"HAJIPUR","V_TYPE":"VILLAGE","BLOCK":"DHAMNAGAR","DISTRICT":"BHADRAK"},"geometry":{"type":"Polygon","coordinates":[[[86.46548,20.90622],[86.46614,20.9071],[86.46793,20.90853],[86.46875,20.90857],[86.47157,20.90777],[86.47691,20.90448],[86.47568,20.90256],[86.47553,20.90103],[86.47183,20.90232],[86.47094,20.90225],[86.46953,20.90372],[86.46548,20.90622]]]}},{"type":"Feature","properties":{"LCODE":"050230015001500066","LOCATION":"NUAGAN","V_TYPE":"VILLAGE","BLOCK":"CHANDABALI","DISTRICT":"BHADRAK"},"geometry":{"type":"Polygon","coordinates":[[[86.83021,20.89385],[86.8306,20.89524],[86.83191,20.89631],[86.83885,20.89789],[86.83917,20.89843],[86.83912,20.90165],[86.84081,20.90306],[86.84151,20.90483],[86.84239,20.90553],[86.8453,20.9068],[86.84728,20.90842],[86.84959,20.90341],[86.8511,20.89878],[86.84653,20.89631],[86.84579,20.89622],[86.8444,20.89727],[86.84221,20.89678],[86.84068,20.89592],[86.84013,20.89407],[86.83958,20.89352],[86.83504,20.89169],[86.83294,20.89113],[86.83071,20.89081],[86.83021,20.89385]]]}},{"type":"Feature","properties":{"LCODE":"050270017001700130","LOCATION":"MALIPADI","V_TYPE":"VILLAGE","BLOCK":"BHANDARIPOKHARI","DISTRICT":"BHADRAK"},"geometry":{"type":"Polygon","coordinates":[[[86.33401,20.90413],[86.33543,20.90714],[86.33611,20.90758],[86.33897,20.90777],[86.34082,20.90731],[86.34402,20.90573],[86.34505,20.90492],[86.34564,20.9036],[86.34468,20.90202],[86.3427,20.90141],[86.33589,20.90237],[86.33437,20.90312],[86.33401,20.90413]]]}},{"type":"Feature","properties":{"LCODE":"050260016001600082","LOCATION":"DAKSHINABAD","V_TYPE":"VILLAGE","BLOCK":"DHAMNAGAR","DISTRICT":"BHADRAK"},"geometry":{"type":"Polygon","coordinates":[[[86.42868,20.89426],[86.43018,20.89706],[86.43098,20.90056],[86.4334,20.90376],[86.43702,20.90702],[86.43925,20.90514],[86.44031,20.90502],[86.44204,20.90549],[86.44271,20.90607],[86.44309,20.90745],[86.44363,20.90665],[86.44366,20.9055],[86.44248,20.90256],[86.44135,20.90076],[86.44142,20.90045],[86.44425,20.89988],[86.44802,20.89836],[86.4558,20.89713],[86.45736,20.89659],[86.45736,20.89561],[86.45805,20.89422],[86.45647,20.89381],[86.45288,20.8938],[86.43584,20.89776],[86.43542,20.89747],[86.43565,20.89716],[86.43829,20.89583],[86.43832,20.89475],[86.43774,20.89432],[86.43534,20.89364],[86.43307,20.89373],[86.43004,20.89334],[86.42868,20.89426]]]}},{"type":"Feature","properties":{"LCODE":"050270017001700116","LOCATION":"MALDA","V_TYPE":"VILLAGE","BLOCK":"BHANDARIPOKHARI","DISTRICT":"BHADRAK"},"geometry":{"type":"Polygon","coordinates":[[[86.35262,20.8968],[86.35373,20.89807],[86.35491,20.89886],[86.35619,20.90426],[86.35615,20.90582],[86.35709,20.90629],[86.3582,20.90734],[86.35981,20.90703],[86.36293,20.90545],[86.36655,20.90431],[86.36721,20.90252],[86.37052,20.89978],[86.3714,20.89737],[86.37219,20.89673],[86.37662,20.89525],[86.38141,20.89483],[86.38276,20.89442],[86.38159,20.89203],[86.38091,20.89263],[86.3793,20.89331],[86.37338,20.89408],[86.3727,20.89326],[86.37289,20.89195],[86.37278,20.89126],[86.37235,20.89074],[86.37136,20.89047],[86.37102,20.88996],[86.36899,20.89034],[86.36726,20.88994],[86.36584,20.89123],[86.36391,20.89192],[86.36323,20.89294],[86.3622,20.89375],[86.35936,20.89401],[86.35857,20.89466],[86.35759,20.89469],[86.35567,20.89377],[86.35388,20.89369],[86.3531,20.89312],[86.3532,20.8951],[86.35262,20.8968]]]}},{"type":"Feature","properties":{"LCODE":"050252016001600038","LOCATION":"SAHASPUR","V_TYPE":"VILLAGE","BLOCK":"DHAMNAGAR","DISTRICT":"BHADRAK"},"geometry":{"type":"Polygon","coordinates":[[[86.55983,20.90022],[86.55999,20.90068],[86.56064,20.90115],[86.56227,20.90145],[86.56308,20.90253],[86.56339,20.90653],[86.56403,20.90691],[86.56469,20.90668],[86.56461,20.90469],[86.56486,20.90422],[86.5656,20.90377],[86.56655,20.9039],[86.56666,20.90254],[86.56707,20.90208],[86.56992,20.90116],[86.57034,20.90071],[86.57058,20.89971],[86.56986,20.89763],[86.57012,20.89471],[86.56948,20.89172],[86.56998,20.89095],[86.57104,20.89034],[86.57201,20.88919],[86.5717,20.88719],[86.57096,20.88605],[86.56861,20.8865],[86.56721,20.88826],[86.56655,20.89064],[86.56582,20.89163],[86.56338,20.89186],[86.56111,20.89301],[86.56124,20.89462],[86.55983,20.90022]]]}},{"type":"Feature","properties":{"LCODE":"050230015001500068","LOCATION":"BARAKOLHA","V_TYPE":"VILLAGE","BLOCK":"CHANDABALI","DISTRICT":"BHADRAK"},"geometry":{"type":"Polygon","coordinates":[[[86.81619,20.89714],[86.81691,20.90096],[86.8168,20.90311],[86.81636,20.90487],[86.81676,20.90564],[86.81772,20.90619],[86.81967,20.90622],[86.82098,20.90578],[86.82498,20.90529],[86.82565,20.90446],[86.826,20.90239],[86.82768,20.90387],[86.82778,20.90326],[86.83013,20.90352],[86.83047,20.90322],[86.8305,20.90138],[86.83132,20.90055],[86.83134,20.8997],[86.8307,20.89831],[86.83191,20.89631],[86.8306,20.89524],[86.83036,20.89454],[86.83022,20.89301],[86.83071,20.89081],[86.8301,20.89047],[86.82986,20.88986],[86.82996,20.88932],[86.83128,20.88826],[86.83132,20.8854],[86.82685,20.88521],[86.82513,20.8861],[86.82007,20.89171],[86.81739,20.89636],[86.81619,20.89714]]]}},{"type":"Feature","properties":{"LCODE":"050260016001600079","LOCATION":"SAHABAJPUR","V_TYPE":"VILLAGE","BLOCK":"DHAMNAGAR","DISTRICT":"BHADRAK"},"geometry":{"type":"Polygon","coordinates":[[[86.45736,20.89561],[86.45736,20.89659],[86.45992,20.90034],[86.46548,20.90622],[86.46953,20.90372],[86.47094,20.90225],[86.47044,20.90207],[86.46983,20.90118],[86.46806,20.89795],[86.46648,20.89334],[86.46615,20.89313],[86.45978,20.89292],[86.4585,20.89366],[86.45736,20.89561]]]}},{"type":"Feature","properties":{"LCODE":"050230015001500061","LOCATION":"KALIBINDHA","V_TYPE":"VILLAGE","BLOCK":"CHANDABALI","DISTRICT":"BHADRAK"},"geometry":{"type":"Polygon","coordinates":[[[86.8656,20.89937],[86.86772,20.90427],[86.8689,20.90546],[86.87095,20.90597],[86.87141,20.90287],[86.87339,20.90075],[86.87494,20.89965],[86.87456,20.89938],[86.87163,20.89896],[86.86813,20.89875],[86.8656,20.89937]]]}},{"type":"Feature","properties":{"LCODE":"050240015001500015","LOCATION":"PALASAPUR","V_TYPE":"VILLAGE","BLOCK":"CHANDABALI","DISTRICT":"BHADRAK"},"geometry":{"type":"Polygon","coordinates":[[[86.75127,20.88822],[86.75175,20.88931],[86.75178,20.89261],[86.75333,20.89271],[86.75447,20.89242],[86.75616,20.89313],[86.75804,20.89285],[86.75861,20.89324],[86.75859,20.89424],[86.75966,20.8984],[86.75954,20.90055],[86.76115,20.90195],[86.76081,20.90256],[86.75983,20.90324],[86.7603,20.90424],[86.75969,20.90589],[86.76141,20.90564],[86.7624,20.90504],[86.76343,20.90183],[86.76409,20.90115],[86.76801,20.90089],[86.76917,20.89961],[86.76945,20.89715],[86.7702,20.89594],[86.7742,20.89522],[86.77651,20.89443],[86.7745,20.89193],[86.77348,20.88938],[86.77354,20.88418],[86.76804,20.88408],[86.76755,20.88384],[86.76611,20.88206],[86.7653,20.88182],[86.76408,20.88234],[86.7625,20.88416],[86.7607,20.88459],[86.75723,20.88278],[86.75545,20.88272],[86.75453,20.88366],[86.7529,20.88425],[86.75239,20.88555],[86.75253,20.88701],[86.75186,20.888],[86.75127,20.88822]]]}},{"type":"Feature","properties":{"LCODE":"050270017001700124","LOCATION":"BHATANA","V_TYPE":"VILLAGE","BLOCK":"BHANDARIPOKHARI","DISTRICT":"BHADRAK"},"geometry":{"type":"Polygon","coordinates":[[[86.35087,20.89986],[86.3509,20.90055],[86.35233,20.90149],[86.35204,20.90427],[86.35233,20.90548],[86.35389,20.90588],[86.35615,20.90582],[86.35619,20.90426],[86.35491,20.89886],[86.35287,20.89717],[86.35169,20.89799],[86.35101,20.89909],[86.35087,20.89986]]]}},{"type":"Feature","properties":{"LCODE":"050230015001500063","LOCATION":"DADHIBAMANPUR","V_TYPE":"VILLAGE","BLOCK":"CHANDABALI","DISTRICT":"BHADRAK"},"geometry":{"type":"Polygon","coordinates":[[[86.85578,20.90303],[86.85601,20.9038],[86.85731,20.90421],[86.86064,20.90448],[86.86282,20.90543],[86.86559,20.90524],[86.86689,20.90557],[86.8689,20.90546],[86.86772,20.90427],[86.86647,20.90103],[86.86323,20.89515],[86.86201,20.89452],[86.85925,20.89449],[86.85745,20.895],[86.85698,20.89921],[86.85613,20.9012],[86.85578,20.90303]]]}},{"type":"Feature","properties":{"LCODE":"050230015001500059","LOCATION":"GUANSOL","V_TYPE":"VILLAGE","BLOCK":"CHANDABALI","DISTRICT":"BHADRAK"},"geometry":{"type":"Polygon","coordinates":[[[86.87293,20.89927],[86.87456,20.89938],[86.87511,20.89977],[86.87568,20.90032],[86.87718,20.9031],[86.87849,20.90312],[86.88049,20.90499],[86.88146,20.90516],[86.88163,20.90485],[86.88228,20.90486],[86.88341,20.90538],[86.88375,20.90457],[86.88457,20.90397],[86.88554,20.90421],[86.88702,20.90362],[86.88735,20.90332],[86.88737,20.90194],[86.8877,20.9014],[86.88992,20.90051],[86.89018,20.89929],[86.8931,20.89707],[86.89193,20.89693],[86.88653,20.8987],[86.88515,20.89868],[86.88434,20.89837],[86.88361,20.89766],[86.88316,20.89528],[86.8805,20.89401],[86.87901,20.89363],[86.87829,20.8946],[86.87625,20.89488],[86.87608,20.89533],[86.8772,20.89711],[86.87679,20.89742],[86.8745,20.89754],[86.87385,20.89783],[86.87293,20.89927]]]}},{"type":"Feature","properties":{"LCODE":"050270017001700113","LOCATION":"KESHPUR","V_TYPE":"VILLAGE","BLOCK":"BHANDARIPOKHARI","DISTRICT":"BHADRAK"},"geometry":{"type":"Polygon","coordinates":[[[86.37598,20.89957],[86.37601,20.90026],[86.37766,20.9028],[86.3773,20.90396],[86.37774,20.90464],[86.38084,20.90475],[86.38184,20.90532],[86.38361,20.90456],[86.39075,20.90382],[86.39121,20.90319],[86.39092,20.90213],[86.38926,20.90127],[86.38858,20.90061],[86.38831,20.89985],[86.38789,20.89972],[86.38633,20.89955],[86.38227,20.89986],[86.3816,20.8995],[86.38092,20.89833],[86.38026,20.89871],[86.3762,20.89902],[86.37598,20.89957]]]}},{"type":"Feature","properties":{"LCODE":"050270017001700132","LOCATION":"SANABANKAMUHAN","V_TYPE":"VILLAGE","BLOCK":"BHANDARIPOKHARI","DISTRICT":"BHADRAK"},"geometry":{"type":"Polygon","coordinates":[[[86.31971,20.9008],[86.31995,20.9033],[86.32115,20.90287],[86.32198,20.90315],[86.32439,20.90221],[86.32573,20.90116],[86.32679,20.90119],[86.32719,20.90317],[86.32949,20.90354],[86.32955,20.90484],[86.33006,20.90528],[86.33401,20.90413],[86.33406,20.90351],[86.33476,20.90287],[86.3336,20.90215],[86.33136,20.9014],[86.33067,20.9005],[86.33115,20.89603],[86.33244,20.89399],[86.33241,20.89307],[86.33175,20.89294],[86.32993,20.8944],[86.33029,20.89515],[86.32999,20.89585],[86.32799,20.89662],[86.32763,20.89786],[86.32629,20.89883],[86.32436,20.89983],[86.31971,20.9008]]]}},{"type":"Feature","properties":{"LCODE":"050230015001500070","LOCATION":"SUBHADIA","V_TYPE":"VILLAGE","BLOCK":"CHANDABALI","DISTRICT":"BHADRAK"},"geometry":{"type":"Polygon","coordinates":[[[86.79628,20.89834],[86.79749,20.89954],[86.79847,20.89878],[86.80027,20.89827],[86.80123,20.89921],[86.80185,20.90113],[86.80323,20.90138],[86.80397,20.90086],[86.80454,20.90102],[86.80583,20.9018],[86.80713,20.90205],[86.80914,20.90354],[86.81102,20.9031],[86.81197,20.9045],[86.81302,20.90513],[86.81645,20.90504],[86.81691,20.90096],[86.81619,20.89714],[86.81314,20.89776],[86.81155,20.89559],[86.80769,20.89262],[86.80814,20.88986],[86.80758,20.88916],[86.80556,20.88814],[86.80592,20.8866],[86.80459,20.88321],[86.80477,20.88183],[86.80556,20.88053],[86.80371,20.87675],[86.80357,20.87575],[86.80298,20.87512],[86.8021,20.8758],[86.80124,20.87574],[86.80186,20.88049],[86.8016,20.88163],[86.80182,20.88332],[86.80141,20.88808],[86.80154,20.89038],[86.80047,20.89137],[86.8002,20.89259],[86.79937,20.89388],[86.79829,20.89494],[86.79779,20.89594],[86.7968,20.89661],[86.79628,20.89834]]]}},{"type":"Feature","properties":{"LCODE":"050252016001600042","LOCATION":"NARASINGHPUR","V_TYPE":"VILLAGE","BLOCK":"DHAMNAGAR","DISTRICT":"BHADRAK"},"geometry":{"type":"Polygon","coordinates":[[[86.52954,20.89603],[86.53132,20.90277],[86.53204,20.90439],[86.53253,20.90454],[86.53677,20.90378],[86.53931,20.90171],[86.54086,20.90118],[86.54208,20.90034],[86.54828,20.8982],[86.5491,20.8982],[86.55048,20.89882],[86.55225,20.90067],[86.55267,20.90067],[86.55332,20.89998],[86.55405,20.90021],[86.55535,20.90006],[86.55576,20.89891],[86.55521,20.89737],[86.55481,20.89468],[86.55563,20.89322],[86.55715,20.89208],[86.55482,20.89161],[86.55173,20.89183],[86.54985,20.8926],[86.54822,20.89375],[86.54756,20.89466],[86.54681,20.89766],[86.54567,20.89819],[86.54486,20.89796],[86.54414,20.89688],[86.54374,20.89458],[86.5424,20.89387],[86.54048,20.89488],[86.53925,20.89518],[86.53739,20.89387],[86.53544,20.89379],[86.53381,20.8941],[86.52954,20.89603]]]}},{"type":"Feature","properties":{"LCODE":"050240015001500013","LOCATION":"NUAGAN","V_TYPE":"VILLAGE","BLOCK":"CHANDABALI","DISTRICT":"BHADRAK"},"geometry":{"type":"Polygon","coordinates":[[[86.73933,20.8911],[86.73937,20.89655],[86.74045,20.89639],[86.74184,20.89532],[86.742,20.89402],[86.74233,20.89356],[86.74388,20.89341],[86.74429,20.89372],[86.74379,20.89502],[86.74598,20.89993],[86.74678,20.90392],[86.7476,20.90438],[86.74849,20.904],[86.75041,20.90112],[86.75165,20.90075],[86.75395,20.89894],[86.75554,20.89665],[86.75726,20.89591],[86.75769,20.8943],[86.75851,20.89318],[86.75804,20.89285],[86.75616,20.89313],[86.75447,20.89242],[86.75333,20.89271],[86.75178,20.89261],[86.75175,20.88931],[86.75153,20.88854],[86.75017,20.88766],[86.74951,20.88809],[86.74986,20.88978],[86.74943,20.89068],[86.74844,20.89074],[86.74723,20.8902],[86.74642,20.88821],[86.74585,20.88805],[86.74454,20.88912],[86.74364,20.88943],[86.7421,20.88965],[86.74153,20.88942],[86.74014,20.89095],[86.73933,20.8911]]]}},{"type":"Feature","properties":{"LCODE":"050270017001700107","LOCATION":"KURIGANBINDHA","V_TYPE":"VILLAGE","BLOCK":"BHANDARIPOKHARI","DISTRICT":"BHADRAK"},"geometry":{"type":"Polygon","coordinates":[[[86.39407,20.89741],[86.39571,20.90148],[86.39608,20.90336],[86.39989,20.90201],[86.40282,20.90174],[86.40401,20.90092],[86.40186,20.89649],[86.40094,20.89583],[86.4002,20.89578],[86.3973,20.89667],[86.39639,20.89624],[86.39502,20.89668],[86.39407,20.89741]]]}},{"type":"Feature","properties":{"LCODE":"050270017001700131","LOCATION":"BANKAMUHAN","V_TYPE":"VILLAGE","BLOCK":"BHANDARIPOKHARI","DISTRICT":"BHADRAK"},"geometry":{"type":"Polygon","coordinates":[[[86.33065,20.89997],[86.33086,20.90096],[86.33136,20.9014],[86.3336,20.90215],[86.33476,20.90287],[86.33589,20.90237],[86.3427,20.90141],[86.34451,20.90193],[86.34407,20.90105],[86.34357,20.90076],[86.34106,20.90109],[86.34029,20.9002],[86.3398,20.8983],[86.33921,20.89779],[86.3374,20.89748],[86.3369,20.89719],[86.33654,20.89651],[86.3344,20.89016],[86.33446,20.88931],[86.3355,20.88704],[86.33688,20.88556],[86.33647,20.88494],[86.3366,20.88364],[86.3351,20.88357],[86.33447,20.88555],[86.33429,20.8874],[86.33292,20.89182],[86.33221,20.89302],[86.3325,20.89345],[86.33244,20.89399],[86.33115,20.89603],[86.33065,20.89997]]]}},{"type":"Feature","properties":{"LCODE":"050260016001600077","LOCATION":"BIRUAN","V_TYPE":"VILLAGE","BLOCK":"DHAMNAGAR","DISTRICT":"BHADRAK"},"geometry":{"type":"Polygon","coordinates":[[[86.46585,20.88402],[86.46587,20.88471],[86.46741,20.88833],[86.4673,20.89147],[86.46702,20.89256],[86.46626,20.8932],[86.46752,20.89675],[86.46983,20.90118],[86.47044,20.90207],[86.47183,20.90232],[86.47553,20.90103],[86.47642,20.89878],[86.47816,20.89658],[86.47775,20.89558],[86.47651,20.88896],[86.47389,20.88915],[86.47289,20.88865],[86.47186,20.88745],[86.47095,20.88704],[86.4681,20.88325],[86.46615,20.88347],[86.46585,20.88402]]]}},{"type":"Feature","properties":{"LCODE":"050240015001500003","LOCATION":"TALABANDHA","V_TYPE":"VILLAGE","BLOCK":"CHANDABALI","DISTRICT":"BHADRAK"},"geometry":{"type":"Polygon","coordinates":[[[86.72174,20.89061],[86.72263,20.89375],[86.72596,20.89644],[86.72823,20.89882],[86.7318,20.90182],[86.73543,20.90228],[86.73628,20.90121],[86.73743,20.90052],[86.73891,20.90023],[86.7394,20.89624],[86.73934,20.891],[86.7373,20.88964],[86.73527,20.88757],[86.73446,20.88596],[86.73414,20.88427],[86.73296,20.88301],[86.73039,20.88296],[86.72836,20.88449],[86.72738,20.88472],[86.72672,20.88563],[86.72639,20.88678],[86.72582,20.88717],[86.72444,20.88716],[86.72354,20.88869],[86.72174,20.89061]]]}},{"type":"Feature","properties":{"LCODE":"050270017001700136","LOCATION":"KUMBARIA","V_TYPE":"VILLAGE","BLOCK":"BHANDARIPOKHARI","DISTRICT":"BHADRAK"},"geometry":{"type":"Polygon","coordinates":[[[86.30747,20.89623],[86.30797,20.89963],[86.30895,20.89982],[86.31152,20.8988],[86.31198,20.90008],[86.31419,20.90207],[86.31483,20.90197],[86.31486,20.90066],[86.31534,20.90034],[86.31879,20.90097],[86.32436,20.89983],[86.32763,20.89786],[86.32799,20.89662],[86.32976,20.89609],[86.33029,20.89515],[86.32993,20.8944],[86.33088,20.89351],[86.33175,20.89294],[86.33221,20.89302],[86.33263,20.89253],[86.33429,20.8874],[86.33447,20.88555],[86.3351,20.88357],[86.3339,20.88326],[86.33371,20.8852],[86.33251,20.88962],[86.33189,20.89041],[86.3303,20.89147],[86.32903,20.89159],[86.32819,20.8937],[86.32716,20.8945],[86.32372,20.89395],[86.32238,20.89316],[86.32143,20.89155],[86.31811,20.89233],[86.3163,20.89209],[86.31416,20.89137],[86.31361,20.89387],[86.31282,20.89463],[86.30747,20.89623]]]}},{"type":"Feature","properties":{"LCODE":"050240015001500016","LOCATION":"SASUBHUASUNI","V_TYPE":"VILLAGE","BLOCK":"CHANDABALI","DISTRICT":"BHADRAK"},"geometry":{"type":"Polygon","coordinates":[[[86.76801,20.90089],[86.77108,20.90163],[86.77231,20.90142],[86.77419,20.90037],[86.77583,20.90001],[86.77721,20.89987],[86.77872,20.90015],[86.77871,20.89828],[86.77816,20.89666],[86.77682,20.89434],[86.7742,20.89522],[86.77069,20.89579],[86.7702,20.89594],[86.76945,20.89715],[86.76917,20.89961],[86.76801,20.90089]]]}},{"type":"Feature","properties":{"LCODE":"050260016001600072","LOCATION":"BAGHUARI","V_TYPE":"VILLAGE","BLOCK":"DHAMNAGAR","DISTRICT":"BHADRAK"},"geometry":{"type":"Polygon","coordinates":[[[86.48765,20.89336],[86.48962,20.89849],[86.49083,20.9002],[86.49164,20.90002],[86.49251,20.89937],[86.4934,20.89926],[86.4943,20.89938],[86.4963,20.90029],[86.49882,20.90012],[86.49887,20.89943],[86.49767,20.89809],[86.49733,20.89581],[86.4958,20.89434],[86.49519,20.89145],[86.49477,20.89116],[86.49427,20.89088],[86.4921,20.8915],[86.49026,20.89249],[86.48765,20.89336]]]}},{"type":"Feature","properties":{"LCODE":"050230015001500073","LOCATION":"NUAGANICHAPUR","V_TYPE":"VILLAGE","BLOCK":"CHANDABALI","DISTRICT":"BHADRAK"},"geometry":{"type":"Polygon","coordinates":[[[86.77333,20.88853],[86.7745,20.89193],[86.77601,20.89394],[86.77651,20.89443],[86.77682,20.89434],[86.77816,20.89666],[86.77871,20.89828],[86.77872,20.90015],[86.78352,20.90025],[86.78428,20.8996],[86.78371,20.89574],[86.78415,20.89367],[86.78499,20.89207],[86.78648,20.89079],[86.7874,20.88911],[86.78754,20.88597],[86.78617,20.88479],[86.78594,20.88387],[86.78788,20.8796],[86.78807,20.87776],[86.78767,20.87745],[86.78555,20.8778],[86.78368,20.87747],[86.78378,20.87647],[86.78477,20.87579],[86.78429,20.8751],[86.78365,20.87493],[86.78275,20.87538],[86.7825,20.87515],[86.78278,20.87316],[86.78222,20.87269],[86.78117,20.87244],[86.77929,20.87257],[86.77814,20.87324],[86.7774,20.87323],[86.77645,20.87215],[86.77521,20.87185],[86.77525,20.87574],[86.77467,20.88172],[86.77348,20.88431],[86.77333,20.88853]]]}},{"type":"Feature","properties":{"LCODE":"050230015001500071","LOCATION":"JALESWARPUR","V_TYPE":"VILLAGE","BLOCK":"CHANDABALI","DISTRICT":"BHADRAK"},"geometry":{"type":"Polygon","coordinates":[[[86.78371,20.89574],[86.78428,20.8996],[86.78594,20.89869],[86.78838,20.89887],[86.79019,20.89775],[86.79083,20.89814],[86.79123,20.89891],[86.79179,20.89908],[86.79237,20.89885],[86.79399,20.89903],[86.7953,20.89836],[86.79628,20.89834],[86.7968,20.89661],[86.79779,20.89594],[86.79829,20.89494],[86.79937,20.89388],[86.8002,20.89259],[86.80047,20.89137],[86.80154,20.89038],[86.80141,20.88808],[86.80182,20.88332],[86.80164,20.88153],[86.79867,20.8819],[86.79143,20.88187],[86.78874,20.88161],[86.78721,20.88112],[86.78594,20.88387],[86.78617,20.88479],[86.78754,20.88597],[86.7874,20.88911],[86.78648,20.89079],[86.78449,20.89283],[86.78372,20.89497],[86.78371,20.89574]]]}},{"type":"Feature","properties":{"LCODE":"050230015001500062","LOCATION":"NACHHIPUR","V_TYPE":"VILLAGE","BLOCK":"CHANDABALI","DISTRICT":"BHADRAK"},"geometry":{"type":"Polygon","coordinates":[[[86.86052,20.89151],[86.86067,20.89213],[86.86171,20.89322],[86.86201,20.89452],[86.86323,20.89515],[86.8656,20.89937],[86.86813,20.89875],[86.87293,20.89927],[86.87385,20.89783],[86.8745,20.89754],[86.87679,20.89742],[86.8772,20.89711],[86.87608,20.89533],[86.87625,20.89488],[86.87772,20.89482],[86.8787,20.8943],[86.8793,20.89215],[86.87914,20.8874],[86.87759,20.88791],[86.87685,20.88782],[86.87581,20.88712],[86.87533,20.88627],[86.87346,20.88609],[86.87267,20.88516],[86.87244,20.88416],[86.87,20.8842],[86.86977,20.88289],[86.87029,20.88152],[86.86797,20.88153],[86.86798,20.88287],[86.86684,20.88316],[86.86339,20.88526],[86.86236,20.88854],[86.86265,20.89085],[86.86224,20.89115],[86.8606,20.8912],[86.86052,20.89151]]]}},{"type":"Feature","properties":{"LCODE":"050252016001600044","LOCATION":"PHALAPUR","V_TYPE":"VILLAGE","BLOCK":"DHAMNAGAR","DISTRICT":"BHADRAK"},"geometry":{"type":"Polygon","coordinates":[[[86.49081,20.88021],[86.4914,20.88158],[86.49331,20.88157],[86.49441,20.88252],[86.49451,20.88313],[86.4941,20.88491],[86.49363,20.88531],[86.49215,20.88514],[86.49152,20.88547],[86.49194,20.88607],[86.49337,20.88685],[86.4933,20.88923],[86.49427,20.89088],[86.49519,20.89145],[86.49554,20.89381],[86.49615,20.89478],[86.49733,20.89581],[86.49767,20.89809],[86.49835,20.89875],[86.49925,20.89887],[86.50105,20.89841],[86.5035,20.89718],[86.50431,20.89741],[86.5052,20.89849],[86.50732,20.89857],[86.50854,20.89727],[86.5088,20.89504],[86.50962,20.89443],[86.5115,20.89389],[86.51254,20.89321],[86.51234,20.88906],[86.51186,20.8879],[86.5104,20.8859],[86.51016,20.88513],[86.51033,20.88367],[86.50993,20.88313],[86.50905,20.88284],[86.50838,20.88328],[86.50561,20.88343],[86.50236,20.88311],[86.5002,20.88244],[86.49927,20.88172],[86.49229,20.87901],[86.49207,20.8794],[86.49125,20.87913],[86.49081,20.88021]]]}},{"type":"Feature","properties":{"LCODE":"050230015001500065","LOCATION":"HATAPUR","V_TYPE":"VILLAGE","BLOCK":"CHANDABALI","DISTRICT":"BHADRAK"},"geometry":{"type":"Polygon","coordinates":[[[86.82986,20.88986],[86.83042,20.89071],[86.83504,20.89169],[86.83958,20.89352],[86.84013,20.89407],[86.84068,20.89592],[86.84221,20.89678],[86.84358,20.89718],[86.8444,20.89727],[86.84579,20.89622],[86.84653,20.89631],[86.8511,20.89878],[86.85181,20.89692],[86.85182,20.89615],[86.85246,20.89501],[86.84731,20.89348],[86.84674,20.89308],[86.84595,20.89161],[86.84515,20.89114],[86.84219,20.88803],[86.83976,20.88692],[86.83669,20.88596],[86.83132,20.8854],[86.83128,20.88826],[86.82996,20.88932],[86.82986,20.88986]]]}},{"type":"Feature","properties":{"LCODE":"050230015001500058","LOCATION":"KUSUNPUR","V_TYPE":"VILLAGE","BLOCK":"CHANDABALI","DISTRICT":"BHADRAK"},"geometry":{"type":"Polygon","coordinates":[[[86.87901,20.89363],[86.8805,20.89401],[86.88316,20.89528],[86.88361,20.89766],[86.88434,20.89837],[86.88515,20.89868],[86.88653,20.8987],[86.89193,20.89693],[86.8931,20.89707],[86.89479,20.8959],[86.89691,20.8957],[86.89863,20.89496],[86.8938,20.89159],[86.89273,20.89234],[86.89127,20.89232],[86.88747,20.89004],[86.88074,20.88887],[86.87918,20.88834],[86.8793,20.89215],[86.87901,20.89363]]]}},{"type":"Feature","properties":{"LCODE":"050201014001400158","LOCATION":"KUANRACHATRA","V_TYPE":"VILLAGE","BLOCK":"TIHIDI","DISTRICT":"BHADRAK"},"geometry":{"type":"Polygon","coordinates":[[[86.66151,20.88571],[86.66157,20.88706],[86.66223,20.88763],[86.66477,20.89372],[86.66726,20.89401],[86.6719,20.89548],[86.67295,20.89663],[86.67393,20.89663],[86.6749,20.89594],[86.67539,20.89594],[86.67628,20.89664],[86.67669,20.89771],[86.67767,20.89817],[86.68475,20.89811],[86.68922,20.89843],[86.6942,20.89752],[86.69733,20.89791],[86.69624,20.89683],[86.69494,20.89476],[86.69462,20.89361],[86.69486,20.89261],[86.69617,20.89193],[86.69642,20.89116],[86.69634,20.89039],[86.69496,20.88801],[86.69505,20.88763],[86.69733,20.88541],[86.69717,20.8848],[86.69636,20.88464],[86.69448,20.88594],[86.69383,20.8861],[86.6931,20.88609],[86.69221,20.88555],[86.69173,20.8821],[86.6918,20.87939],[86.68799,20.87964],[86.68507,20.87833],[86.68401,20.87656],[86.68442,20.8735],[86.68345,20.87317],[86.68175,20.87395],[86.67997,20.87405],[86.6793,20.8751],[86.67685,20.87701],[86.67481,20.87738],[86.67391,20.87869],[86.67309,20.88075],[86.66811,20.88327],[86.66656,20.88327],[86.66494,20.88281],[86.6625,20.88257],[86.66151,20.88426],[86.66151,20.88571]]]}},{"type":"Feature","properties":{"LCODE":"050252016001600052","LOCATION":"DHUSURI","V_TYPE":"VILLAGE","BLOCK":"DHAMNAGAR","DISTRICT":"BHADRAK"},"geometry":{"type":"Polygon","coordinates":[[[86.54076,20.88835],[86.54179,20.89319],[86.5424,20.89387],[86.54374,20.89458],[86.54414,20.89688],[86.54486,20.89796],[86.54567,20.89819],[86.54681,20.89766],[86.54756,20.89466],[86.54822,20.89375],[86.54985,20.8926],[86.55173,20.89183],[86.55482,20.89161],[86.55715,20.89208],[86.55808,20.89181],[86.55842,20.89031],[86.55948,20.88916],[86.56339,20.88794],[86.56527,20.88787],[86.56462,20.8861],[86.56319,20.87873],[86.56198,20.87673],[86.56141,20.87673],[86.56035,20.87734],[86.55717,20.8781],[86.55611,20.87871],[86.55513,20.88001],[86.5539,20.88093],[86.5539,20.88162],[86.55471,20.88278],[86.5547,20.88331],[86.55405,20.8847],[86.55249,20.88654],[86.54809,20.88722],[86.54768,20.88706],[86.54591,20.88483],[86.54461,20.88383],[86.54112,20.88512],[86.54076,20.88835]]]}},{"type":"Feature","properties":{"LCODE":"050230015001500069","LOCATION":"BALASAHI","V_TYPE":"VILLAGE","BLOCK":"CHANDABALI","DISTRICT":"BHADRAK"},"geometry":{"type":"Polygon","coordinates":[[[86.80459,20.88283],[86.80489,20.88429],[86.80592,20.8866],[86.80556,20.88814],[86.80758,20.88916],[86.80814,20.88986],[86.80769,20.89262],[86.81155,20.89559],[86.81274,20.89745],[86.81371,20.89777],[86.81608,20.89719],[86.81739,20.89636],[86.82007,20.89171],[86.82513,20.8861],[86.82685,20.88521],[86.83132,20.8854],[86.83323,20.88315],[86.83372,20.88285],[86.83608,20.88273],[86.83636,20.88216],[86.83414,20.88216],[86.83087,20.88281],[86.82672,20.88306],[86.825,20.88419],[86.82295,20.88462],[86.81947,20.88365],[86.81614,20.88322],[86.81357,20.88119],[86.81268,20.88079],[86.80803,20.88141],[86.80624,20.88116],[86.80556,20.88053],[86.80477,20.88183],[86.80459,20.88283]]]}},{"type":"Feature","properties":{"LCODE":"050252016001600047","LOCATION":"NADIGAN","V_TYPE":"VILLAGE","BLOCK":"DHAMNAGAR","DISTRICT":"BHADRAK"},"geometry":{"type":"Polygon","coordinates":[[[86.50627,20.8776],[86.50774,20.88213],[86.50993,20.88313],[86.51033,20.88367],[86.51016,20.88513],[86.5104,20.8859],[86.51186,20.8879],[86.51234,20.88906],[86.51254,20.89321],[86.51499,20.89475],[86.51719,20.89567],[86.51833,20.8956],[86.52013,20.89407],[86.52159,20.89384],[86.52225,20.89415],[86.52435,20.89707],[86.52581,20.89777],[86.52695,20.89708],[86.52753,20.89554],[86.52966,20.89651],[86.52954,20.89603],[86.52997,20.89578],[86.53381,20.8941],[86.5369,20.89372],[86.5382,20.89426],[86.53925,20.89518],[86.54048,20.89488],[86.5424,20.89387],[86.54155,20.89258],[86.54076,20.88835],[86.54112,20.88512],[86.54004,20.88474],[86.53947,20.8842],[86.53802,20.88105],[86.53611,20.87972],[86.53379,20.88081],[86.53191,20.88218],[86.52865,20.88395],[86.52702,20.88456],[86.52547,20.88455],[86.52434,20.88332],[86.52273,20.87978],[86.51917,20.87539],[86.51861,20.87393],[86.51849,20.87269],[86.51503,20.873],[86.5143,20.87346],[86.51257,20.8763],[86.51159,20.87691],[86.50947,20.8776],[86.50627,20.8776]]]}},{"type":"Feature","properties":{"LCODE":"050260016001600083","LOCATION":"ITUA","V_TYPE":"VILLAGE","BLOCK":"DHAMNAGAR","DISTRICT":"BHADRAK"},"geometry":{"type":"Polygon","coordinates":[[[86.43004,20.89334],[86.43307,20.89373],[86.43625,20.89376],[86.43832,20.89475],[86.43829,20.89583],[86.43565,20.89716],[86.43542,20.89747],[86.43584,20.89776],[86.45288,20.8938],[86.45683,20.89388],[86.4548,20.88491],[86.4558,20.88158],[86.45567,20.8799],[86.45363,20.88243],[86.44829,20.88333],[86.44712,20.88276],[86.44666,20.88196],[86.44313,20.88491],[86.44205,20.88618],[86.43908,20.88737],[86.43639,20.88931],[86.43598,20.8894],[86.43383,20.88872],[86.43294,20.88883],[86.43147,20.89013],[86.43172,20.89087],[86.43144,20.89196],[86.43004,20.89334]]]}},{"type":"Feature","properties":{"LCODE":"050270017001700111","LOCATION":"DEULAPADI","V_TYPE":"VILLAGE","BLOCK":"BHANDARIPOKHARI","DISTRICT":"BHADRAK"},"geometry":{"type":"Polygon","coordinates":[[[86.38123,20.89047],[86.38181,20.8926],[86.38276,20.89442],[86.38649,20.89548],[86.38951,20.89551],[86.39267,20.89508],[86.39368,20.89596],[86.39416,20.89729],[86.39502,20.89668],[86.39639,20.89624],[86.3958,20.89565],[86.39515,20.89384],[86.39364,20.89275],[86.39256,20.8924],[86.39066,20.88972],[86.3876,20.88892],[86.38631,20.88728],[86.38537,20.88801],[86.3848,20.88803],[86.38336,20.88694],[86.38278,20.88673],[86.38239,20.8869],[86.38123,20.89047]]]}},{"type":"Feature","properties":{"LCODE":"050260016001600075","LOCATION":"JAHANGIR","V_TYPE":"VILLAGE","BLOCK":"DHAMNAGAR","DISTRICT":"BHADRAK"},"geometry":{"type":"Polygon","coordinates":[[[86.47651,20.88896],[86.47775,20.89558],[86.47816,20.89658],[86.48048,20.89662],[86.48234,20.89602],[86.48402,20.89534],[86.48714,20.89329],[86.48627,20.89272],[86.48566,20.89175],[86.4857,20.89083],[86.48754,20.88992],[86.48776,20.88929],[86.48388,20.88398],[86.48105,20.88488],[86.47801,20.8883],[86.47651,20.88896]]]}},{"type":"Feature","properties":{"LCODE":"050252016001600059","LOCATION":"KATHAMUNDA","V_TYPE":"VILLAGE","BLOCK":"DHAMNAGAR","DISTRICT":"BHADRAK"},"geometry":{"type":"Polygon","coordinates":[[[86.58139,20.87483],[86.58177,20.87524],[86.58233,20.87754],[86.58354,20.87901],[86.5979,20.89071],[86.59928,20.89232],[86.60106,20.89517],[86.60243,20.8964],[86.60312,20.89649],[86.60293,20.89617],[86.60358,20.89494],[86.60522,20.89303],[86.60914,20.89081],[86.6142,20.88913],[86.61997,20.88968],[86.62079,20.88946],[86.62112,20.88869],[86.62088,20.88715],[86.62121,20.88585],[86.62195,20.88493],[86.62317,20.8844],[86.62769,20.88358],[86.62807,20.88119],[86.62783,20.88003],[86.62677,20.87972],[86.62603,20.88172],[86.6248,20.88302],[86.62375,20.88248],[86.62318,20.88094],[86.62245,20.88086],[86.62041,20.88147],[86.61813,20.88108],[86.61472,20.87923],[86.61217,20.87688],[86.61058,20.87723],[86.60969,20.877],[86.6036,20.87322],[86.60229,20.87291],[86.60181,20.87322],[86.60114,20.87552],[86.59959,20.8759],[86.5983,20.87582],[86.59772,20.87551],[86.59758,20.87182],[86.59726,20.87106],[86.59669,20.87075],[86.5918,20.87096],[86.58936,20.87173],[86.58797,20.87272],[86.58667,20.87264],[86.58521,20.87187],[86.58447,20.87233],[86.58316,20.87402],[86.58139,20.87483]]]}},{"type":"Feature","properties":{"LCODE":"050270017001700122","LOCATION":"NAPANG","V_TYPE":"VILLAGE","BLOCK":"BHANDARIPOKHARI","DISTRICT":"BHADRAK"},"geometry":{"type":"Polygon","coordinates":[[[86.33475,20.89125],[86.33643,20.89625],[86.34324,20.89479],[86.34705,20.89434],[86.34861,20.89451],[86.35304,20.89357],[86.35356,20.89201],[86.35083,20.88898],[86.34996,20.88763],[86.34965,20.88412],[86.34904,20.88169],[86.34805,20.88189],[86.34835,20.88424],[86.34797,20.88487],[86.34568,20.88672],[86.34203,20.88733],[86.33978,20.88733],[86.33998,20.89078],[86.33607,20.89093],[86.33475,20.89125]]]}},{"type":"Feature","properties":{"LCODE":"050230015001500082","LOCATION":"KARANJAMAL","V_TYPE":"VILLAGE","BLOCK":"CHANDABALI","DISTRICT":"BHADRAK"},"geometry":{"type":"Polygon","coordinates":[[[86.90134,20.89058],[86.9086,20.89241],[86.9132,20.89485],[86.91434,20.89464],[86.91566,20.89327],[86.91996,20.89425],[86.92182,20.8952],[86.92323,20.89338],[86.92426,20.89017],[86.92558,20.8885],[86.92838,20.88654],[86.92564,20.88528],[86.91161,20.88224],[86.90721,20.88234],[86.90524,20.88384],[86.90215,20.88871],[86.90134,20.89058]]]}},{"type":"Feature","properties":{"LCODE":"050230015001500077","LOCATION":"JANTUALI","V_TYPE":"VILLAGE","BLOCK":"CHANDABALI","DISTRICT":"BHADRAK"},"geometry":{"type":"Polygon","coordinates":[[[86.83132,20.8854],[86.83669,20.88596],[86.83976,20.88692],[86.84299,20.88866],[86.84515,20.89114],[86.84595,20.89161],[86.84674,20.89308],[86.84731,20.89348],[86.85246,20.89501],[86.85366,20.89295],[86.85522,20.8866],[86.85649,20.88378],[86.85849,20.88097],[86.86088,20.87916],[86.86202,20.87871],[86.86343,20.87743],[86.86385,20.87667],[86.86354,20.87543],[86.8625,20.87427],[86.85993,20.87231],[86.85801,20.86999],[86.85677,20.86922],[86.85636,20.87165],[86.85517,20.87486],[86.85409,20.87638],[86.85137,20.87841],[86.85006,20.8787],[86.84675,20.87867],[86.84679,20.88019],[86.84606,20.88456],[86.84573,20.88539],[86.8449,20.88615],[86.84327,20.88613],[86.84135,20.88457],[86.83932,20.88339],[86.83699,20.8822],[86.83636,20.88216],[86.83608,20.88273],[86.83372,20.88285],[86.83323,20.88315],[86.83132,20.8854]]]}},{"type":"Feature","properties":{"LCODE":"050230015001500080","LOCATION":"SARASWATI","V_TYPE":"VILLAGE","BLOCK":"CHANDABALI","DISTRICT":"BHADRAK"},"geometry":{"type":"Polygon","coordinates":[[[86.87914,20.8874],[86.87918,20.88834],[86.88074,20.88887],[86.88747,20.89004],[86.89127,20.89232],[86.89273,20.89234],[86.8938,20.89159],[86.89863,20.89496],[86.90022,20.89183],[86.90134,20.89058],[86.89758,20.88911],[86.89508,20.88769],[86.8929,20.88705],[86.89054,20.88679],[86.8898,20.88629],[86.88972,20.88716],[86.8894,20.88723],[86.88697,20.88612],[86.88136,20.88627],[86.87997,20.88664],[86.87914,20.8874]]]}},{"type":"Feature","properties":{"LCODE":"050270017001700118","LOCATION":"CHATRUBHUJPUR","V_TYPE":"VILLAGE","BLOCK":"BHANDARIPOKHARI","DISTRICT":"BHADRAK"},"geometry":{"type":"Polygon","coordinates":[[[86.3531,20.89312],[86.35388,20.89369],[86.35567,20.89377],[86.35759,20.89469],[86.35857,20.89466],[86.35936,20.89401],[86.3622,20.89375],[86.36323,20.89294],[86.36391,20.89192],[86.36584,20.89123],[86.36726,20.88994],[86.36899,20.89034],[86.37102,20.88996],[86.37145,20.88878],[86.37167,20.88617],[86.37042,20.88553],[86.36999,20.88493],[86.37073,20.88314],[86.37086,20.88221],[86.3706,20.88119],[86.36945,20.88158],[86.36805,20.88098],[86.36594,20.88172],[86.36068,20.88269],[86.35989,20.88318],[86.35895,20.88414],[86.35766,20.88656],[86.35658,20.88791],[86.35532,20.89095],[86.3535,20.8924],[86.3531,20.89312]]]}},{"type":"Feature","properties":{"LCODE":"050270017001700137","LOCATION":"NANDO","V_TYPE":"VILLAGE","BLOCK":"BHANDARIPOKHARI","DISTRICT":"BHADRAK"},"geometry":{"type":"Polygon","coordinates":[[[86.32143,20.89155],[86.32238,20.89316],[86.32372,20.89395],[86.32716,20.8945],[86.32819,20.8937],[86.32903,20.89159],[86.32787,20.8898],[86.32479,20.8903],[86.32143,20.89155]]]}},{"type":"Feature","properties":{"LCODE":"050260016001600087","LOCATION":"MUSTAPHAPUR","V_TYPE":"VILLAGE","BLOCK":"DHAMNAGAR","DISTRICT":"BHADRAK"},"geometry":{"type":"Polygon","coordinates":[[[86.423,20.88892],[86.42327,20.88967],[86.42412,20.8904],[86.42432,20.89124],[86.42377,20.89261],[86.4245,20.89361],[86.42648,20.89437],[86.42836,20.89438],[86.43059,20.89299],[86.43144,20.89196],[86.43162,20.89026],[86.42935,20.88882],[86.42908,20.88807],[86.42923,20.88775],[86.43027,20.88748],[86.43288,20.88753],[86.43337,20.88744],[86.43384,20.88688],[86.43356,20.8859],[86.43313,20.88545],[86.43141,20.88544],[86.43009,20.88511],[86.42942,20.88468],[86.42914,20.88362],[86.42944,20.88292],[86.43209,20.88212],[86.43237,20.88106],[86.43008,20.88098],[86.42329,20.88544],[86.423,20.88892]]]}},{"type":"Feature","properties":{"LCODE":"050260016001600081","LOCATION":"RAMESWARPUR","V_TYPE":"VILLAGE","BLOCK":"DHAMNAGAR","DISTRICT":"BHADRAK"},"geometry":{"type":"Polygon","coordinates":[[[86.4548,20.88491],[86.45679,20.8938],[86.45805,20.89422],[86.45898,20.89325],[86.45963,20.89298],[86.45943,20.88458],[86.4601,20.88084],[86.4593,20.87968],[86.45823,20.87934],[86.45567,20.8799],[86.4558,20.88158],[86.4548,20.88491]]]}},{"type":"Feature","properties":{"LCODE":"050270017001700117","LOCATION":"NAURANGAPUR","V_TYPE":"VILLAGE","BLOCK":"BHANDARIPOKHARI","DISTRICT":"BHADRAK"},"geometry":{"type":"Polygon","coordinates":[[[86.36999,20.88493],[86.37042,20.88553],[86.37167,20.88617],[86.37145,20.88878],[86.37102,20.88996],[86.37136,20.89047],[86.37235,20.89074],[86.37278,20.89126],[86.3727,20.89326],[86.37338,20.89408],[86.3793,20.89331],[86.38091,20.89263],[86.38159,20.89203],[86.38123,20.89047],[86.38181,20.88894],[86.38034,20.88874],[86.3786,20.88804],[86.37754,20.88816],[86.37654,20.88767],[86.37524,20.88772],[86.37498,20.88727],[86.37421,20.88029],[86.3706,20.88119],[86.37086,20.88221],[86.37073,20.88314],[86.36999,20.88493]]]}},{"type":"Feature","properties":{"LCODE":"050270017001700109","LOCATION":"SATHAGAN","V_TYPE":"VILLAGE","BLOCK":"BHANDARIPOKHARI","DISTRICT":"BHADRAK"},"geometry":{"type":"Polygon","coordinates":[[[86.38167,20.87758],[86.38242,20.87793],[86.38303,20.87875],[86.38519,20.8838],[86.38631,20.88728],[86.38718,20.88863],[86.38802,20.88913],[86.39066,20.88972],[86.39256,20.8924],[86.39364,20.89275],[86.3952,20.89391],[86.39799,20.89357],[86.39977,20.89304],[86.40215,20.89327],[86.40185,20.89219],[86.40202,20.89035],[86.40312,20.89034],[86.39577,20.88339],[86.39039,20.87747],[86.38973,20.87535],[86.38994,20.87434],[86.39113,20.87234],[86.38651,20.87049],[86.38498,20.8693],[86.3833,20.8702],[86.3823,20.87303],[86.38224,20.87564],[86.38167,20.87758]]]}},{"type":"Feature","properties":{"LCODE":"050260016001600074","LOCATION":"PURUSOTTAMPURBINDHA","V_TYPE":"VILLAGE","BLOCK":"DHAMNAGAR","DISTRICT":"BHADRAK"},"geometry":{"type":"Polygon","coordinates":[[[86.48388,20.88398],[86.48776,20.88929],[86.48754,20.88992],[86.4857,20.89083],[86.48566,20.89175],[86.48627,20.89272],[86.48687,20.89323],[86.48785,20.89335],[86.4921,20.8915],[86.49014,20.88774],[86.48902,20.88626],[86.48589,20.88546],[86.48568,20.88447],[86.48616,20.88415],[86.48459,20.88367],[86.48388,20.88398]]]}},{"type":"Feature","properties":{"LCODE":"050260016001600080","LOCATION":"DALANGA","V_TYPE":"VILLAGE","BLOCK":"DHAMNAGAR","DISTRICT":"BHADRAK"},"geometry":{"type":"Polygon","coordinates":[[[86.4594,20.88588],[86.45963,20.89298],[86.46626,20.8932],[86.46702,20.89256],[86.46741,20.89032],[86.46741,20.88833],[86.46587,20.88471],[86.46615,20.88347],[86.4681,20.88325],[86.47095,20.88704],[86.47186,20.88745],[86.47209,20.88508],[86.47091,20.8803],[86.47031,20.88021],[86.46803,20.87589],[86.46797,20.87444],[86.46687,20.87326],[86.46562,20.87268],[86.46352,20.87531],[86.46216,20.87582],[86.46117,20.87556],[86.4613,20.87869],[86.46001,20.88111],[86.4594,20.88588]]]}},{"type":"Feature","properties":{"LCODE":"050252016001600039","LOCATION":"POKHARIA","V_TYPE":"VILLAGE","BLOCK":"DHAMNAGAR","DISTRICT":"BHADRAK"},"geometry":{"type":"Polygon","coordinates":[[[86.55808,20.89169],[86.55889,20.89246],[86.56125,20.89301],[86.56338,20.89186],[86.56582,20.89163],[86.56655,20.89064],[86.56676,20.88935],[86.56527,20.88787],[86.56339,20.88794],[86.56054,20.8887],[86.55875,20.88977],[86.55808,20.89169]]]}},{"type":"Feature","properties":{"LCODE":"050260016001600089","LOCATION":"RAGHUNATHPUR","V_TYPE":"VILLAGE","BLOCK":"DHAMNAGAR","DISTRICT":"BHADRAK"},"geometry":{"type":"Polygon","coordinates":[[[86.41582,20.88713],[86.41611,20.88811],[86.4168,20.88901],[86.42076,20.89008],[86.42169,20.89096],[86.42215,20.89209],[86.42332,20.89281],[86.42388,20.89256],[86.42432,20.89124],[86.42412,20.8904],[86.42327,20.88967],[86.423,20.88892],[86.42329,20.88544],[86.42149,20.88614],[86.41879,20.88586],[86.4181,20.88482],[86.41807,20.88376],[86.41752,20.88356],[86.41623,20.88512],[86.41582,20.88713]]]}},{"type":"Feature","properties":{"LCODE":"050270017001700119","LOCATION":"JALAHARI","V_TYPE":"VILLAGE","BLOCK":"BHANDARIPOKHARI","DISTRICT":"BHADRAK"},"geometry":{"type":"Polygon","coordinates":[[[86.34904,20.88169],[86.34965,20.88412],[86.34996,20.88763],[86.35083,20.88898],[86.35356,20.89201],[86.3535,20.8924],[86.35532,20.89095],[86.35658,20.88791],[86.35766,20.88656],[86.35895,20.88414],[86.35989,20.88318],[86.36068,20.88269],[86.36594,20.88172],[86.36805,20.88098],[86.36777,20.88065],[86.36754,20.87856],[86.36165,20.87851],[86.36012,20.87888],[86.35486,20.87793],[86.35462,20.88009],[86.35431,20.88041],[86.35327,20.88091],[86.34904,20.88169]]]}},{"type":"Feature","properties":{"LCODE":"050270017001700138","LOCATION":"KORKARA","V_TYPE":"VILLAGE","BLOCK":"BHANDARIPOKHARI","DISTRICT":"BHADRAK"},"geometry":{"type":"Polygon","coordinates":[[[86.31416,20.89137],[86.3163,20.89209],[86.31811,20.89233],[86.32005,20.89202],[86.32479,20.8903],[86.32787,20.8898],[86.32677,20.88508],[86.32674,20.88152],[86.32558,20.8816],[86.32455,20.88042],[86.32332,20.88023],[86.32219,20.8825],[86.32092,20.8834],[86.31922,20.88377],[86.31669,20.88187],[86.31557,20.88345],[86.31453,20.88583],[86.31416,20.89137]]]}},{"type":"Feature","properties":{"LCODE":"050270017001700140","LOCATION":"ANGARGARIA","V_TYPE":"VILLAGE","BLOCK":"BHANDARIPOKHARI","DISTRICT":"BHADRAK"},"geometry":{"type":"Polygon","coordinates":[[[86.32666,20.88218],[86.32677,20.88508],[86.32787,20.8898],[86.32892,20.8916],[86.3303,20.89147],[86.33189,20.89041],[86.33251,20.88962],[86.33371,20.8852],[86.3339,20.88326],[86.33297,20.883],[86.33187,20.88213],[86.33131,20.88073],[86.33069,20.88102],[86.32711,20.88131],[86.32674,20.88152],[86.32666,20.88218]]]}},{"type":"Feature","properties":{"LCODE":"050260016001600073","LOCATION":"PATULI","V_TYPE":"VILLAGE","BLOCK":"DHAMNAGAR","DISTRICT":"BHADRAK"},"geometry":{"type":"Polygon","coordinates":[[[86.48563,20.88501],[86.48639,20.88575],[86.4886,20.88597],[86.48902,20.88626],[86.49014,20.88774],[86.4921,20.8915],[86.49427,20.89088],[86.4933,20.88923],[86.49337,20.88685],[86.49194,20.88607],[86.49152,20.88547],[86.49215,20.88514],[86.49363,20.88531],[86.4941,20.88491],[86.49451,20.88313],[86.49441,20.88252],[86.49372,20.88171],[86.492,20.88147],[86.49055,20.88191],[86.48616,20.88415],[86.48568,20.88447],[86.48563,20.88501]]]}},{"type":"Feature","properties":{"LCODE":"050270017001700121","LOCATION":"MAHISAGARIA","V_TYPE":"VILLAGE","BLOCK":"BHANDARIPOKHARI","DISTRICT":"BHADRAK"},"geometry":{"type":"Polygon","coordinates":[[[86.3344,20.89016],[86.33475,20.89125],[86.33607,20.89093],[86.33998,20.89078],[86.33978,20.88733],[86.33793,20.88649],[86.33688,20.88556],[86.3355,20.88704],[86.33446,20.88931],[86.3344,20.89016]]]}},{"type":"Feature","properties":{"LCODE":"050240015001500012","LOCATION":"KAUPUNI","V_TYPE":"VILLAGE","BLOCK":"CHANDABALI","DISTRICT":"BHADRAK"},"geometry":{"type":"Polygon","coordinates":[[[86.73296,20.88301],[86.73414,20.88427],[86.73446,20.88596],[86.73527,20.88757],[86.7373,20.88964],[86.73892,20.8908],[86.7399,20.89111],[86.74153,20.88942],[86.7421,20.88965],[86.74364,20.88943],[86.74454,20.88912],[86.74585,20.88805],[86.74642,20.88821],[86.74723,20.8902],[86.74844,20.89074],[86.74943,20.89068],[86.74985,20.89009],[86.7496,20.88792],[86.75017,20.88766],[86.75127,20.88822],[86.75186,20.888],[86.75253,20.88701],[86.75239,20.88555],[86.7529,20.88425],[86.75453,20.88366],[86.75545,20.88272],[86.75463,20.88251],[86.75375,20.8815],[86.75356,20.87851],[86.75261,20.87719],[86.75204,20.87703],[86.75034,20.87746],[86.7493,20.87741],[86.74767,20.87833],[86.74653,20.87963],[86.74458,20.87909],[86.7427,20.87985],[86.73619,20.87976],[86.73544,20.87942],[86.73489,20.87961],[86.73489,20.88014],[86.73545,20.88136],[86.73545,20.88213],[86.73495,20.88251],[86.73365,20.88251],[86.73296,20.88301]]]}},{"type":"Feature","properties":{"LCODE":"050230015001500081","LOCATION":"BAJARAPUR","V_TYPE":"VILLAGE","BLOCK":"CHANDABALI","DISTRICT":"BHADRAK"},"geometry":{"type":"Polygon","coordinates":[[[86.8863,20.88292],[86.88821,20.88437],[86.88998,20.88655],[86.89508,20.88769],[86.89758,20.88911],[86.90134,20.89058],[86.90215,20.88871],[86.90524,20.88384],[86.90639,20.88278],[86.9055,20.88216],[86.89904,20.87931],[86.8971,20.87798],[86.89281,20.87592],[86.89153,20.8759],[86.89069,20.87704],[86.8906,20.87781],[86.89107,20.87881],[86.89081,20.87988],[86.88974,20.88056],[86.88869,20.88031],[86.88817,20.8823],[86.88784,20.88268],[86.8863,20.88292]]]}},{"type":"Feature","properties":{"LCODE":"050240015001500004","LOCATION":"BATITANKI","V_TYPE":"VILLAGE","BLOCK":"CHANDABALI","DISTRICT":"BHADRAK"},"geometry":{"type":"Polygon","coordinates":[[[86.71777,20.88492],[86.71923,20.88692],[86.72069,20.8883],[86.72189,20.89039],[86.72354,20.88869],[86.72444,20.88716],[86.72582,20.88717],[86.72639,20.88678],[86.72672,20.88563],[86.72738,20.88472],[86.72836,20.88449],[86.73039,20.88296],[86.73296,20.88301],[86.73365,20.88251],[86.7352,20.88244],[86.73553,20.88167],[86.73496,20.8806],[86.73489,20.87961],[86.73302,20.87906],[86.72918,20.88074],[86.72242,20.88225],[86.71997,20.88347],[86.71794,20.88339],[86.71777,20.88492]]]}},{"type":"Feature","properties":{"LCODE":"050270017001700108","LOCATION":"DOLAGOBINDPUR","V_TYPE":"VILLAGE","BLOCK":"BHANDARIPOKHARI","DISTRICT":"BHADRAK"},"geometry":{"type":"Polygon","coordinates":[[[86.38973,20.87535],[86.39039,20.87747],[86.39577,20.88339],[86.39933,20.88655],[86.40291,20.89024],[86.40397,20.89027],[86.40434,20.88934],[86.4043,20.88834],[86.40353,20.88378],[86.40331,20.87811],[86.39777,20.8745],[86.39113,20.87234],[86.38994,20.87434],[86.38973,20.87535]]]}},{"type":"Feature","properties":{"LCODE":"050260016001600086","LOCATION":"DUBAL","V_TYPE":"VILLAGE","BLOCK":"DHAMNAGAR","DISTRICT":"BHADRAK"},"geometry":{"type":"Polygon","coordinates":[[[86.42908,20.88807],[86.42978,20.88926],[86.43147,20.89013],[86.43294,20.88883],[86.43343,20.88874],[86.43639,20.88931],[86.43971,20.88706],[86.43938,20.88276],[86.43752,20.88114],[86.43681,20.88179],[86.43599,20.88182],[86.43237,20.88106],[86.43209,20.88212],[86.42944,20.88292],[86.42914,20.88362],[86.42924,20.88423],[86.42942,20.88468],[86.43067,20.88532],[86.43313,20.88545],[86.43356,20.8859],[86.43384,20.88688],[86.43337,20.88744],[86.43027,20.88748],[86.42923,20.88775],[86.42908,20.88807]]]}},{"type":"Feature","properties":{"LCODE":"050252016001600053","LOCATION":"LOOGERCHHAMAUJA","V_TYPE":"VILLAGE","BLOCK":"DHAMNAGAR","DISTRICT":"BHADRAK"},"geometry":{"type":"Polygon","coordinates":[[[86.56013,20.87288],[86.56037,20.87396],[86.56158,20.8755],[86.56179,20.87673],[86.56319,20.87873],[86.56503,20.88733],[86.56676,20.88935],[86.56721,20.88826],[86.56861,20.8865],[86.57016,20.88634],[86.57146,20.88581],[86.5718,20.88412],[86.57229,20.88382],[86.57286,20.88374],[86.57416,20.88444],[86.57626,20.8872],[86.57699,20.88782],[86.57805,20.8879],[86.5796,20.88683],[86.58156,20.88599],[86.58457,20.88569],[86.58602,20.88625],[86.58628,20.88577],[86.58889,20.88447],[86.58936,20.88375],[86.58298,20.87839],[86.58233,20.87754],[86.58177,20.87524],[86.58139,20.87483],[86.57941,20.87424],[86.576,20.87223],[86.57423,20.87031],[86.57417,20.86978],[86.57113,20.87061],[86.56738,20.87052],[86.56681,20.87083],[86.56632,20.87167],[86.56623,20.87328],[86.5659,20.87397],[86.56476,20.87489],[86.56256,20.87527],[86.56191,20.87389],[86.56193,20.87051],[86.56332,20.86928],[86.56261,20.86621],[86.56196,20.86544],[86.56163,20.86551],[86.56089,20.86743],[86.56013,20.87135],[86.56013,20.87288]]]}},{"type":"Feature","properties":{"LCODE":"050260016001600076","LOCATION":"KANTIDOL","V_TYPE":"VILLAGE","BLOCK":"DHAMNAGAR","DISTRICT":"BHADRAK"},"geometry":{"type":"Polygon","coordinates":[[[86.47111,20.88148],[86.47209,20.88508],[86.47187,20.88762],[86.4734,20.88894],[86.47544,20.88916],[86.47746,20.8887],[86.47919,20.88718],[86.48049,20.88554],[86.47974,20.88264],[86.4781,20.87995],[86.47696,20.8806],[86.47547,20.8802],[86.47334,20.88182],[86.47111,20.88148]]]}},{"type":"Feature","properties":{"LCODE":"050270017001700110","LOCATION":"RAMPUR","V_TYPE":"VILLAGE","BLOCK":"BHANDARIPOKHARI","DISTRICT":"BHADRAK"},"geometry":{"type":"Polygon","coordinates":[[[86.37421,20.88029],[86.37498,20.88727],[86.37524,20.88772],[86.37654,20.88767],[86.37754,20.88816],[86.3786,20.88804],[86.38034,20.88874],[86.38181,20.88894],[86.38223,20.88714],[86.38278,20.88673],[86.38378,20.88715],[86.3848,20.88803],[86.38537,20.88801],[86.38631,20.88728],[86.38519,20.8838],[86.38303,20.87875],[86.38242,20.87793],[86.38167,20.87758],[86.38092,20.87914],[86.37932,20.87981],[86.37421,20.88029]]]}},{"type":"Feature","properties":{"LCODE":"050230015001500079","LOCATION":"TENTULIPOKHARI","V_TYPE":"VILLAGE","BLOCK":"CHANDABALI","DISTRICT":"BHADRAK"},"geometry":{"type":"Polygon","coordinates":[[[86.86976,20.88381],[86.87024,20.88428],[86.87203,20.884],[86.87244,20.88416],[86.87298,20.8857],[86.87346,20.88609],[86.87533,20.88627],[86.87581,20.88712],[86.87685,20.88782],[86.87856,20.88769],[86.87997,20.88664],[86.88241,20.88621],[86.88697,20.88612],[86.8894,20.88723],[86.88972,20.88716],[86.8898,20.88629],[86.8895,20.88585],[86.88693,20.88321],[86.88605,20.88281],[86.88059,20.88296],[86.87428,20.88096],[86.87281,20.88078],[86.87029,20.88152],[86.86986,20.88243],[86.86976,20.88381]]]}},{"type":"Feature","properties":{"LCODE":"050270017001700120","LOCATION":"JANGARIA","V_TYPE":"VILLAGE","BLOCK":"BHANDARIPOKHARI","DISTRICT":"BHADRAK"},"geometry":{"type":"Polygon","coordinates":[[[86.33643,20.88394],[86.33647,20.88494],[86.337,20.88576],[86.33901,20.88714],[86.34008,20.8874],[86.34568,20.88672],[86.34797,20.88487],[86.34835,20.88424],[86.34805,20.88189],[86.34055,20.88271],[86.33723,20.88337],[86.33643,20.88394]]]}},{"type":"Feature","properties":{"LCODE":"050252016001600051","LOCATION":"SURUJAPUR","V_TYPE":"VILLAGE","BLOCK":"DHAMNAGAR","DISTRICT":"BHADRAK"},"geometry":{"type":"Polygon","coordinates":[[[86.53439,20.87574],[86.53462,20.87758],[86.53568,20.87935],[86.53802,20.88105],[86.53947,20.8842],[86.54004,20.88474],[86.54077,20.88512],[86.5415,20.88513],[86.54371,20.88398],[86.54461,20.88383],[86.54591,20.88483],[86.54768,20.88706],[86.54809,20.88722],[86.55249,20.88654],[86.55405,20.8847],[86.5547,20.88331],[86.55471,20.88278],[86.5539,20.88162],[86.5539,20.88093],[86.55513,20.88001],[86.55611,20.87871],[86.55717,20.8781],[86.56179,20.87673],[86.56158,20.8755],[86.56037,20.87396],[86.56013,20.87288],[86.56013,20.87135],[86.56089,20.86743],[86.55959,20.86751],[86.55869,20.86712],[86.55682,20.86758],[86.55625,20.86735],[86.55633,20.86765],[86.55567,20.86826],[86.55356,20.86834],[86.55266,20.86941],[86.55045,20.87071],[86.54922,20.87201],[86.54524,20.87124],[86.54612,20.87508],[86.54555,20.87538],[86.53439,20.87574]]]}},{"type":"Feature","properties":{"LCODE":"050201014001400157","LOCATION":"MADHUPUR","V_TYPE":"VILLAGE","BLOCK":"TIHIDI","DISTRICT":"BHADRAK"},"geometry":{"type":"Polygon","coordinates":[[[86.65443,20.88027],[86.65737,20.88172],[86.65923,20.88532],[86.66029,20.88663],[86.66157,20.88706],[86.66151,20.88426],[86.6625,20.88257],[86.66494,20.88281],[86.66656,20.88327],[86.66811,20.88327],[86.67023,20.88236],[86.67309,20.88075],[86.67391,20.87869],[86.67481,20.87738],[86.67685,20.87701],[86.6793,20.8751],[86.67997,20.87405],[86.67784,20.87348],[86.67214,20.87362],[86.66994,20.87446],[86.66791,20.87392],[86.66669,20.87399],[86.6644,20.87506],[86.66277,20.8749],[86.6609,20.87428],[86.65958,20.87321],[86.65576,20.87688],[86.65478,20.87856],[86.65443,20.88027]]]}},{"type":"Feature","properties":{"LCODE":"050260016001600085","LOCATION":"SODHA","V_TYPE":"VILLAGE","BLOCK":"DHAMNAGAR","DISTRICT":"BHADRAK"},"geometry":{"type":"Polygon","coordinates":[[[86.43649,20.87613],[86.43806,20.87875],[86.43803,20.87975],[86.43752,20.88114],[86.43938,20.88276],[86.43971,20.88706],[86.44205,20.88618],[86.44313,20.88491],[86.44582,20.88289],[86.44666,20.88196],[86.44653,20.88026],[86.44825,20.87851],[86.44897,20.87817],[86.45181,20.87783],[86.45368,20.87666],[86.45313,20.87441],[86.45251,20.87321],[86.45133,20.87233],[86.45052,20.87221],[86.44889,20.87235],[86.44833,20.87276],[86.44807,20.87407],[86.44657,20.87543],[86.44276,20.87589],[86.44041,20.87421],[86.43844,20.87406],[86.43763,20.87425],[86.43684,20.87489],[86.43649,20.87613]]]}},{"type":"Feature","properties":{"LCODE":"050230015001500083","LOCATION":"HRUDAYAPRASAD","V_TYPE":"VILLAGE","BLOCK":"CHANDABALI","DISTRICT":"BHADRAK"},"geometry":{"type":"Polygon","coordinates":[[[86.9129,20.88265],[86.92564,20.88528],[86.92838,20.88654],[86.92962,20.88549],[86.93446,20.87911],[86.92631,20.87661],[86.92536,20.87676],[86.92468,20.87745],[86.92049,20.87674],[86.91856,20.87607],[86.91661,20.8794],[86.9129,20.88265]]]}},{"type":"Feature","properties":{"LCODE":"050230015001500076","LOCATION":"SADANADPUR","V_TYPE":"VILLAGE","BLOCK":"CHANDABALI","DISTRICT":"BHADRAK"},"geometry":{"type":"Polygon","coordinates":[[[86.83636,20.88216],[86.83699,20.8822],[86.83932,20.88339],[86.84135,20.88457],[86.84327,20.88613],[86.8449,20.88615],[86.84573,20.88539],[86.84606,20.88456],[86.84679,20.88019],[86.84675,20.87867],[86.83993,20.8766],[86.83885,20.87762],[86.83702,20.88021],[86.83636,20.88216]]]}},{"type":"Feature","properties":{"LCODE":"050260016001600099","LOCATION":"KORKADA","V_TYPE":"VILLAGE","BLOCK":"DHAMNAGAR","DISTRICT":"BHADRAK"},"geometry":{"type":"Polygon","coordinates":[[[86.41592,20.8793],[86.4176,20.88077],[86.41806,20.88198],[86.4181,20.88482],[86.41879,20.88586],[86.41986,20.88605],[86.42149,20.88614],[86.4227,20.88578],[86.4262,20.88366],[86.42913,20.88147],[86.43066,20.88095],[86.42812,20.87898],[86.42703,20.87627],[86.42636,20.87568],[86.42554,20.87579],[86.42358,20.87732],[86.4226,20.87744],[86.42068,20.87644],[86.41928,20.87611],[86.41766,20.87648],[86.41711,20.87696],[86.41592,20.8793]]]}},{"type":"Feature","properties":{"LCODE":"050260016001600118","LOCATION":"PADHANI","V_TYPE":"VILLAGE","BLOCK":"DHAMNAGAR","DISTRICT":"BHADRAK"},"geometry":{"type":"Polygon","coordinates":[[[86.47771,20.8733],[86.47852,20.87687],[86.47852,20.87909],[86.4781,20.87995],[86.47974,20.88264],[86.48049,20.88554],[86.48105,20.88488],[86.48459,20.88367],[86.48616,20.88415],[86.48672,20.88397],[86.48823,20.88292],[86.4914,20.88158],[86.49081,20.88021],[86.49086,20.87968],[86.49125,20.87913],[86.49207,20.8794],[86.4923,20.87893],[86.49148,20.8769],[86.49113,20.87431],[86.49178,20.87053],[86.49334,20.86687],[86.49548,20.86533],[86.49184,20.86113],[86.48848,20.86361],[86.48664,20.86452],[86.4851,20.86481],[86.48378,20.86441],[86.48322,20.86166],[86.48167,20.86273],[86.47949,20.86335],[86.47823,20.86442],[86.47894,20.86965],[86.47861,20.87127],[86.47771,20.8733]]]}},{"type":"Feature","properties":{"LCODE":"050201014001400154","LOCATION":"UPARADUMUKA","V_TYPE":"VILLAGE","BLOCK":"TIHIDI","DISTRICT":"BHADRAK"},"geometry":{"type":"Polygon","coordinates":[[[86.63379,20.87529],[86.63419,20.8779],[86.63678,20.88036],[86.63621,20.88182],[86.63566,20.88197],[86.64027,20.88359],[86.64869,20.88513],[86.64996,20.8843],[86.65289,20.88324],[86.65354,20.88255],[86.65437,20.88063],[86.65478,20.87856],[86.65576,20.87688],[86.66018,20.87259],[86.66067,20.87168],[86.66337,20.86861],[86.66361,20.86731],[86.66297,20.86547],[86.66093,20.86577],[86.65719,20.86745],[86.65604,20.86875],[86.65513,20.87243],[86.65464,20.87327],[86.6526,20.87534],[86.65219,20.87503],[86.65326,20.8712],[86.65294,20.8702],[86.64936,20.87027],[86.6479,20.86765],[86.64523,20.86435],[86.6454,20.8632],[86.64589,20.86235],[86.64581,20.86151],[86.64397,20.85873],[86.64272,20.85989],[86.64198,20.86173],[86.64165,20.86534],[86.64099,20.8658],[86.63904,20.86541],[86.63805,20.86886],[86.63747,20.87024],[86.63682,20.871],[86.63673,20.87185],[86.63835,20.8743],[86.63851,20.87538],[86.63818,20.8763],[86.63728,20.8763],[86.63541,20.87568],[86.63452,20.87506],[86.63396,20.87498],[86.63379,20.87529]]]}},{"type":"Feature","properties":{"LCODE":"050252016001600048","LOCATION":"PANGATA","V_TYPE":"VILLAGE","BLOCK":"DHAMNAGAR","DISTRICT":"BHADRAK"},"geometry":{"type":"Polygon","coordinates":[[[86.51837,20.87209],[86.51861,20.87393],[86.51917,20.87539],[86.52273,20.87978],[86.52434,20.88332],[86.52547,20.88455],[86.52702,20.88456],[86.52865,20.88395],[86.53191,20.88218],[86.53379,20.88081],[86.53611,20.87972],[86.53462,20.87758],[86.53442,20.87559],[86.5313,20.87427],[86.53001,20.87342],[86.52945,20.87035],[86.528,20.86773],[86.52821,20.86576],[86.52548,20.86582],[86.52347,20.86703],[86.522,20.86745],[86.51875,20.86721],[86.51837,20.87209]]]}},{"type":"Feature","properties":{"LCODE":"050230015001500075","LOCATION":"JASIPUR","V_TYPE":"VILLAGE","BLOCK":"CHANDABALI","DISTRICT":"BHADRAK"},"geometry":{"type":"Polygon","coordinates":[[[86.80298,20.87512],[86.80357,20.87575],[86.80371,20.87675],[86.80528,20.88015],[86.80624,20.88116],[86.80803,20.88141],[86.81268,20.88079],[86.81357,20.88119],[86.81614,20.88322],[86.81947,20.88365],[86.82295,20.88462],[86.825,20.88419],[86.82672,20.88306],[86.83087,20.88281],[86.83414,20.88216],[86.83636,20.88216],[86.83702,20.88021],[86.83885,20.87762],[86.83993,20.8766],[86.83938,20.87506],[86.83815,20.87546],[86.83051,20.87551],[86.82474,20.87489],[86.82174,20.87401],[86.82109,20.874],[86.81937,20.87466],[86.81736,20.87302],[86.81655,20.87278],[86.81093,20.8734],[86.80907,20.87291],[86.80753,20.87204],[86.80625,20.87087],[86.80542,20.87201],[86.80452,20.872],[86.80338,20.87252],[86.80304,20.87305],[86.80298,20.87512]]]}},{"type":"Feature","properties":{"LCODE":"050240015001500011","LOCATION":"NALAGUNDA","V_TYPE":"VILLAGE","BLOCK":"CHANDABALI","DISTRICT":"BHADRAK"},"geometry":{"type":"Polygon","coordinates":[[[86.73533,20.86634],[86.73615,20.86727],[86.73785,20.86834],[86.73817,20.86888],[86.73809,20.86934],[86.73752,20.86964],[86.73954,20.87348],[86.74036,20.87387],[86.7428,20.87333],[86.74353,20.8751],[86.74345,20.87556],[86.74271,20.87632],[86.741,20.87655],[86.74051,20.87686],[86.73961,20.87823],[86.73692,20.87845],[86.73544,20.87942],[86.73619,20.87976],[86.7427,20.87985],[86.74458,20.87909],[86.74653,20.87963],[86.74767,20.87833],[86.7493,20.87741],[86.75034,20.87746],[86.75204,20.87703],[86.75261,20.87719],[86.75356,20.87851],[86.75375,20.8815],[86.75463,20.88251],[86.75528,20.88275],[86.75723,20.88278],[86.7607,20.88459],[86.7625,20.88416],[86.76408,20.88234],[86.7653,20.88182],[86.76502,20.87943],[86.76521,20.87752],[86.7664,20.87485],[86.76666,20.87347],[86.76645,20.87162],[86.76605,20.87116],[86.765,20.87083],[86.76369,20.87105],[86.76287,20.87149],[86.76261,20.87234],[86.76171,20.87271],[86.76049,20.87277],[86.76025,20.87246],[86.7619,20.87102],[86.76175,20.87063],[86.76094,20.87039],[86.75822,20.87258],[86.7552,20.87285],[86.75439,20.87268],[86.74948,20.87013],[86.74957,20.86883],[86.7477,20.86852],[86.74313,20.8695],[86.74208,20.86943],[86.74119,20.86896],[86.74005,20.86758],[86.7385,20.86666],[86.73663,20.86619],[86.73566,20.86612],[86.73533,20.86634]]]}},{"type":"Feature","properties":{"LCODE":"050240015001500017","LOCATION":"ITUA","V_TYPE":"VILLAGE","BLOCK":"CHANDABALI","DISTRICT":"BHADRAK"},"geometry":{"type":"Polygon","coordinates":[[[86.76462,20.87087],[86.76605,20.87116],[86.76645,20.87162],[86.7666,20.87247],[86.7664,20.87485],[86.76521,20.87752],[86.76502,20.87943],[86.7653,20.88182],[86.76611,20.88206],[86.76755,20.88384],[86.76804,20.88408],[86.77354,20.88418],[86.77467,20.88172],[86.77525,20.87574],[86.77521,20.87185],[86.77369,20.87188],[86.77143,20.87054],[86.76835,20.86996],[86.76616,20.86881],[86.76462,20.87087]]]}},{"type":"Feature","properties":{"LCODE":"050270017001700139","LOCATION":"PANASA","V_TYPE":"VILLAGE","BLOCK":"BHANDARIPOKHARI","DISTRICT":"BHADRAK"},"geometry":{"type":"Polygon","coordinates":[[[86.31669,20.88187],[86.31922,20.88377],[86.32092,20.8834],[86.32219,20.8825],[86.32332,20.88023],[86.32455,20.88042],[86.32558,20.8816],[86.32639,20.88173],[86.3276,20.88122],[86.33069,20.88102],[86.33138,20.8807],[86.33225,20.8795],[86.33255,20.87679],[86.32789,20.87542],[86.32266,20.87597],[86.32056,20.87748],[86.31669,20.88187]]]}},{"type":"Feature","properties":{"LCODE":"050260016001600090","LOCATION":"SUKDEBHOSEN","V_TYPE":"VILLAGE","BLOCK":"DHAMNAGAR","DISTRICT":"BHADRAK"},"geometry":{"type":"Polygon","coordinates":[[[86.40332,20.87822],[86.40338,20.8815],[86.40588,20.88116],[86.40823,20.88283],[86.41193,20.88368],[86.41631,20.88312],[86.41807,20.88376],[86.41806,20.88198],[86.4176,20.88077],[86.41649,20.87959],[86.41566,20.87916],[86.40745,20.87971],[86.40332,20.87822]]]}},{"type":"Feature","properties":{"LCODE":"050270017001700141","LOCATION":"RAGHUNATHPUR","V_TYPE":"VILLAGE","BLOCK":"BHANDARIPOKHARI","DISTRICT":"BHADRAK"},"geometry":{"type":"Polygon","coordinates":[[[86.33131,20.88073],[86.33153,20.88168],[86.33297,20.883],[86.33585,20.88366],[86.34184,20.8825],[86.34904,20.88169],[86.34818,20.88003],[86.34719,20.87984],[86.34599,20.87828],[86.34595,20.87759],[86.34896,20.87532],[86.34895,20.87494],[86.34764,20.873],[86.3469,20.87088],[86.34591,20.87046],[86.34539,20.86986],[86.34561,20.86725],[86.34475,20.86621],[86.34247,20.86607],[86.34153,20.86518],[86.33997,20.86501],[86.33958,20.86518],[86.3385,20.86683],[86.33685,20.8682],[86.33476,20.86886],[86.33732,20.87028],[86.33799,20.87102],[86.33839,20.87239],[86.33808,20.87476],[86.33704,20.87677],[86.33605,20.87727],[86.33493,20.87738],[86.33255,20.87679],[86.33247,20.8788],[86.33203,20.87997],[86.33131,20.88073]]]}},{"type":"Feature","properties":{"LCODE":"050252016001600060","LOCATION":"KANTIKA","V_TYPE":"VILLAGE","BLOCK":"DHAMNAGAR","DISTRICT":"BHADRAK"},"geometry":{"type":"Polygon","coordinates":[[[86.60629,20.87193],[86.60637,20.87246],[86.61253,20.87716],[86.61472,20.87923],[86.61813,20.88108],[86.62041,20.88147],[86.62245,20.88086],[86.62318,20.88094],[86.62375,20.88248],[86.6248,20.88302],[86.62603,20.88172],[86.62677,20.87972],[86.62783,20.88003],[86.62807,20.88119],[86.62769,20.88358],[86.6305,20.88311],[86.63335,20.88181],[86.63539,20.88205],[86.63621,20.88182],[86.63678,20.88036],[86.63419,20.8779],[86.63379,20.87529],[86.63396,20.87498],[86.63452,20.87506],[86.63541,20.87568],[86.63728,20.8763],[86.63818,20.8763],[86.63851,20.87538],[86.63835,20.8743],[86.63673,20.87185],[86.63682,20.871],[86.63747,20.87024],[86.63838,20.8674],[86.6339,20.86723],[86.6291,20.86761],[86.6269,20.86829],[86.6177,20.86988],[86.6133,20.87017],[86.61012,20.87155],[86.60654,20.87162],[86.60629,20.87193]]]}},{"type":"Feature","properties":{"LCODE":"050240015001500005","LOCATION":"ANUGRAHAPUR","V_TYPE":"VILLAGE","BLOCK":"CHANDABALI","DISTRICT":"BHADRAK"},"geometry":{"type":"Polygon","coordinates":[[[86.71531,20.87652],[86.716,20.8771],[86.71641,20.8781],[86.71616,20.87963],[86.71648,20.88101],[86.71762,20.88132],[86.71794,20.88186],[86.7177,20.88316],[86.7181,20.88354],[86.71997,20.88347],[86.72242,20.88225],[86.72918,20.88074],[86.73057,20.88012],[86.72908,20.87883],[86.72707,20.87927],[86.72642,20.87897],[86.72569,20.87766],[86.72472,20.87689],[86.72293,20.87635],[86.71877,20.87626],[86.71644,20.87558],[86.71531,20.87652]]]}},{"type":"Feature","properties":{"LCODE":"050252016001600045","LOCATION":"ARJUNPUR","V_TYPE":"VILLAGE","BLOCK":"DHAMNAGAR","DISTRICT":"BHADRAK"},"geometry":{"type":"Polygon","coordinates":[[[86.4911,20.87354],[86.49148,20.8769],[86.49229,20.87901],[86.49927,20.88172],[86.5002,20.88244],[86.50236,20.88311],[86.50667,20.88343],[86.50838,20.88328],[86.50905,20.88284],[86.50774,20.88213],[86.50653,20.8789],[86.50591,20.87352],[86.50421,20.87113],[86.50169,20.87028],[86.50113,20.86928],[86.5013,20.86859],[86.50179,20.86813],[86.50464,20.86798],[86.50831,20.86638],[86.50887,20.86582],[86.50729,20.8654],[86.50568,20.86436],[86.50437,20.86402],[86.50314,20.86415],[86.50115,20.86591],[86.49929,20.86676],[86.49836,20.86683],[86.49723,20.86647],[86.49548,20.86533],[86.49334,20.86687],[86.49178,20.87053],[86.4911,20.87354]]]}},{"type":"Feature","properties":{"LCODE":"050260016001600084","LOCATION":"PATULIA","V_TYPE":"VILLAGE","BLOCK":"DHAMNAGAR","DISTRICT":"BHADRAK"},"geometry":{"type":"Polygon","coordinates":[[[86.44646,20.8808],[86.4465,20.88156],[86.44712,20.88276],[86.44829,20.88333],[86.45363,20.88243],[86.4548,20.88124],[86.45539,20.88004],[86.45685,20.87947],[86.45881,20.87947],[86.4593,20.87968],[86.4601,20.88084],[86.46086,20.87985],[86.4613,20.87869],[86.46136,20.87608],[86.46049,20.87473],[86.45926,20.87463],[86.45747,20.87661],[86.4558,20.87775],[86.45524,20.87793],[86.45425,20.87774],[86.45368,20.87666],[86.45181,20.87783],[86.44897,20.87817],[86.44683,20.87971],[86.44646,20.8808]]]}},{"type":"Feature","properties":{"LCODE":"050230015001500091","LOCATION":"BALIARPUR","V_TYPE":"VILLAGE","BLOCK":"CHANDABALI","DISTRICT":"BHADRAK"},"geometry":{"type":"Polygon","coordinates":[[[86.86948,20.88149],[86.87045,20.88152],[86.87338,20.88079],[86.88059,20.88296],[86.8863,20.88292],[86.88784,20.88268],[86.88817,20.8823],[86.88869,20.88031],[86.88974,20.88056],[86.89081,20.87988],[86.89107,20.87881],[86.8906,20.87781],[86.89069,20.87704],[86.89153,20.8759],[86.89299,20.87592],[86.89348,20.87562],[86.8945,20.87272],[86.89582,20.87174],[86.89569,20.86944],[86.89709,20.86869],[86.89767,20.86793],[86.89729,20.86601],[86.89883,20.8615],[86.89938,20.85744],[86.89895,20.8536],[86.8975,20.85266],[86.89777,20.8512],[86.89864,20.84995],[86.89822,20.84894],[86.89464,20.84847],[86.89349,20.84884],[86.89169,20.8502],[86.88961,20.85247],[86.88706,20.85443],[86.88439,20.85838],[86.88316,20.85959],[86.88445,20.85976],[86.88638,20.86163],[86.8866,20.86271],[86.88618,20.86378],[86.88338,20.86604],[86.87788,20.86873],[86.87427,20.87098],[86.87278,20.87272],[86.87193,20.8754],[86.86964,20.88051],[86.86948,20.88149]]]}},{"type":"Feature","properties":{"LCODE":"050230015001500090","LOCATION":"SASIKADEIPUR","V_TYPE":"VILLAGE","BLOCK":"CHANDABALI","DISTRICT":"BHADRAK"},"geometry":{"type":"Polygon","coordinates":[[[86.89281,20.87592],[86.8971,20.87798],[86.89904,20.87931],[86.9055,20.88216],[86.90639,20.88278],[86.90721,20.88234],[86.90908,20.88213],[86.91161,20.88224],[86.9129,20.88265],[86.91661,20.8794],[86.91761,20.87795],[86.9187,20.87582],[86.92057,20.87078],[86.92133,20.86666],[86.91927,20.86516],[86.91798,20.86484],[86.9146,20.86249],[86.91006,20.86112],[86.9091,20.86049],[86.905,20.85698],[86.90125,20.85233],[86.89864,20.84995],[86.89777,20.8512],[86.8975,20.85266],[86.89895,20.8536],[86.89938,20.85744],[86.89883,20.8615],[86.89729,20.86601],[86.89767,20.86793],[86.89709,20.86869],[86.89569,20.86944],[86.89582,20.87174],[86.8945,20.87272],[86.89348,20.87562],[86.89281,20.87592]]]}},{"type":"Feature","properties":{"LCODE":"050230015001500074","LOCATION":"BALABHADRAPRASAD","V_TYPE":"VILLAGE","BLOCK":"CHANDABALI","DISTRICT":"BHADRAK"},"geometry":{"type":"Polygon","coordinates":[[[86.78194,20.87262],[86.78278,20.87316],[86.7825,20.87515],[86.78275,20.87538],[86.78365,20.87493],[86.78429,20.8751],[86.78477,20.87579],[86.78378,20.87647],[86.78368,20.87747],[86.78555,20.8778],[86.78767,20.87745],[86.78807,20.87776],[86.78806,20.87906],[86.78721,20.88112],[86.78874,20.88161],[86.79143,20.88187],[86.79867,20.8819],[86.80164,20.88153],[86.80186,20.88049],[86.80124,20.87574],[86.79401,20.87339],[86.79134,20.87174],[86.78801,20.87185],[86.78648,20.87113],[86.78469,20.87088],[86.78357,20.87036],[86.78223,20.87184],[86.78194,20.87262]]]}},{"type":"Feature","properties":{"LCODE":"050260016001600100","LOCATION":"CHASHAKHAND","V_TYPE":"VILLAGE","BLOCK":"DHAMNAGAR","DISTRICT":"BHADRAK"},"geometry":{"type":"Polygon","coordinates":[[[86.42558,20.87464],[86.42563,20.87578],[86.42636,20.87568],[86.42703,20.87627],[86.42812,20.87898],[86.43066,20.88095],[86.43599,20.88182],[86.43681,20.88179],[86.43744,20.8813],[86.43803,20.87975],[86.43806,20.87875],[86.43649,20.87613],[86.43684,20.87489],[86.43763,20.87425],[86.43629,20.87139],[86.43529,20.86838],[86.43265,20.86617],[86.43049,20.86717],[86.42781,20.86758],[86.42621,20.86956],[86.42661,20.86985],[86.42603,20.87163],[86.42558,20.87464]]]}},{"type":"Feature","properties":{"LCODE":"050260016001600117","LOCATION":"KANTDA","V_TYPE":"VILLAGE","BLOCK":"DHAMNAGAR","DISTRICT":"BHADRAK"},"geometry":{"type":"Polygon","coordinates":[[[86.46204,20.87084],[86.46355,20.87186],[86.46745,20.8737],[86.46797,20.87444],[86.46803,20.87589],[86.46848,20.87687],[86.47031,20.88021],[86.47091,20.8803],[86.47111,20.88148],[86.47334,20.88182],[86.47547,20.8802],[86.47696,20.8806],[86.4776,20.88042],[86.47838,20.87955],[86.47852,20.87687],[86.47771,20.8733],[86.47861,20.87127],[86.47894,20.86965],[86.47823,20.86442],[86.4763,20.86493],[86.47539,20.86458],[86.47194,20.8663],[86.47213,20.86662],[86.47166,20.8671],[86.46832,20.86907],[86.46599,20.86985],[86.46227,20.87045],[86.46204,20.87084]]]}},{"type":"Feature","properties":{"LCODE":"050270017001700144","LOCATION":"SOLAMPUR","V_TYPE":"VILLAGE","BLOCK":"BHANDARIPOKHARI","DISTRICT":"BHADRAK"},"geometry":{"type":"Polygon","coordinates":[[[86.34447,20.86611],[86.34561,20.86725],[86.34539,20.86986],[86.34591,20.87046],[86.3469,20.87088],[86.34764,20.873],[86.34895,20.87494],[86.34896,20.87532],[86.34595,20.87759],[86.34617,20.87873],[86.34719,20.87984],[86.34818,20.88003],[86.34904,20.88169],[86.35327,20.88091],[86.35431,20.88041],[86.35462,20.88009],[86.35464,20.87848],[86.35586,20.87651],[86.35558,20.87384],[86.35607,20.87183],[86.35583,20.86785],[86.35603,20.865],[86.35575,20.86402],[86.35463,20.8626],[86.35403,20.86104],[86.35339,20.86212],[86.3526,20.86276],[86.35029,20.864],[86.349,20.86436],[86.34554,20.86334],[86.34521,20.86352],[86.34524,20.86412],[86.34447,20.86611]]]}},{"type":"Feature","properties":{"LCODE":"050270017001700147","LOCATION":"BOROLI","V_TYPE":"VILLAGE","BLOCK":"BHANDARIPOKHARI","DISTRICT":"BHADRAK"},"geometry":{"type":"Polygon","coordinates":[[[86.36754,20.87856],[86.36777,20.88065],[86.3682,20.88117],[86.36945,20.88158],[86.37444,20.88024],[86.37932,20.87981],[86.38092,20.87914],[86.38168,20.87796],[86.38224,20.87564],[86.3823,20.87303],[86.3833,20.8702],[86.37935,20.86686],[86.37546,20.8654],[86.36954,20.86233],[86.36756,20.86185],[86.36853,20.86736],[86.36962,20.87015],[86.36996,20.87244],[86.36977,20.87375],[86.36849,20.8764],[86.36906,20.87815],[86.36754,20.87856]]]}},{"type":"Feature","properties":{"LCODE":"050230015001500078","LOCATION":"MAHULIA","V_TYPE":"VILLAGE","BLOCK":"CHANDABALI","DISTRICT":"BHADRAK"},"geometry":{"type":"Polygon","coordinates":[[[86.86037,20.87263],[86.8625,20.87427],[86.86354,20.87543],[86.86385,20.87667],[86.86276,20.87811],[86.866,20.87969],[86.86736,20.8814],[86.86948,20.88149],[86.86964,20.88051],[86.87193,20.8754],[86.87278,20.87272],[86.87422,20.87104],[86.87354,20.8708],[86.87345,20.87112],[86.87052,20.87131],[86.86826,20.87067],[86.86703,20.8708],[86.8642,20.86946],[86.86259,20.86905],[86.86127,20.8698],[86.86037,20.87263]]]}},{"type":"Feature","properties":{"LCODE":"050240015001500009","LOCATION":"BADAITAGOTHA","V_TYPE":"VILLAGE","BLOCK":"CHANDABALI","DISTRICT":"BHADRAK"},"geometry":{"type":"Polygon","coordinates":[[[86.72908,20.87883],[86.73057,20.88012],[86.73302,20.87906],[86.73358,20.87906],[86.73464,20.87968],[86.73692,20.87845],[86.73961,20.87823],[86.74051,20.87686],[86.741,20.87655],[86.74222,20.87655],[86.74312,20.87602],[86.74353,20.8751],[86.74336,20.87449],[86.7428,20.87333],[86.74036,20.87387],[86.73954,20.87348],[86.73752,20.86964],[86.73345,20.86908],[86.73238,20.87346],[86.73164,20.87423],[86.72985,20.87498],[86.73001,20.87706],[86.72976,20.87798],[86.72908,20.87883]]]}},{"type":"Feature","properties":{"LCODE":"050260016001600091","LOCATION":"KANJIAPAL","V_TYPE":"VILLAGE","BLOCK":"DHAMNAGAR","DISTRICT":"BHADRAK"},"geometry":{"type":"Polygon","coordinates":[[[86.40012,20.87591],[86.40332,20.87822],[86.40745,20.87971],[86.41468,20.87913],[86.41499,20.87865],[86.41499,20.87681],[86.41585,20.87579],[86.41594,20.8741],[86.41522,20.87259],[86.41257,20.86971],[86.41225,20.86773],[86.40813,20.86865],[86.40562,20.86864],[86.40616,20.87026],[86.40257,20.87408],[86.40012,20.87591]]]}},{"type":"Feature","properties":{"LCODE":"050201014001400159","LOCATION":"KURTIBASPUR","V_TYPE":"VILLAGE","BLOCK":"TIHIDI","DISTRICT":"BHADRAK"},"geometry":{"type":"Polygon","coordinates":[[[86.68401,20.87656],[86.68507,20.87833],[86.68799,20.87964],[86.6918,20.87939],[86.69166,20.87865],[86.68825,20.87719],[86.68792,20.87657],[86.68817,20.87535],[86.68899,20.87428],[86.68916,20.87351],[86.68883,20.87274],[86.68842,20.87259],[86.68761,20.87266],[86.6859,20.87342],[86.68442,20.8735],[86.68401,20.87656]]]}},{"type":"Feature","properties":{"LCODE":"050260016001600098","LOCATION":"SUKDEBPUR","V_TYPE":"VILLAGE","BLOCK":"DHAMNAGAR","DISTRICT":"BHADRAK"},"geometry":{"type":"Polygon","coordinates":[[[86.41468,20.87913],[86.41592,20.8793],[86.41711,20.87696],[86.41847,20.87622],[86.41928,20.87611],[86.42068,20.87644],[86.4226,20.87744],[86.42358,20.87732],[86.42437,20.87683],[86.42563,20.87578],[86.42583,20.87264],[86.4266,20.8697],[86.42621,20.86956],[86.42376,20.8721],[86.42223,20.87255],[86.42161,20.87326],[86.42097,20.87352],[86.42005,20.87301],[86.41962,20.87159],[86.41927,20.8719],[86.41509,20.87244],[86.41583,20.87349],[86.41598,20.87509],[86.41585,20.87579],[86.41499,20.87681],[86.41499,20.87865],[86.41468,20.87913]]]}},{"type":"Feature","properties":{"LCODE":"050240015001500006","LOCATION":"CHATRAPADA","V_TYPE":"VILLAGE","BLOCK":"CHANDABALI","DISTRICT":"BHADRAK"},"geometry":{"type":"Polygon","coordinates":[[[86.71602,20.87404],[86.71644,20.87558],[86.71877,20.87626],[86.72293,20.87635],[86.72472,20.87689],[86.72569,20.87766],[86.72642,20.87897],[86.72707,20.87927],[86.72927,20.87874],[86.73001,20.87706],[86.72929,20.87093],[86.72808,20.86962],[86.72678,20.86985],[86.72465,20.87191],[86.72221,20.8716],[86.7218,20.87175],[86.72107,20.87297],[86.7205,20.87328],[86.71813,20.87312],[86.71602,20.87404]]]}},{"type":"Feature","properties":{"LCODE":"050230015001500084","LOCATION":"GAURAPRASAD","V_TYPE":"VILLAGE","BLOCK":"CHANDABALI","DISTRICT":"BHADRAK"},"geometry":{"type":"Polygon","coordinates":[[[86.91856,20.87607],[86.92049,20.87674],[86.92468,20.87745],[86.92536,20.87676],[86.92631,20.87661],[86.93446,20.87911],[86.93552,20.87751],[86.93774,20.87555],[86.939,20.8735],[86.9407,20.87169],[86.93352,20.87004],[86.93124,20.86978],[86.92767,20.8695],[86.92302,20.86997],[86.92091,20.86894],[86.92057,20.87078],[86.91856,20.87607]]]}},{"type":"Feature","properties":{"LCODE":"050270017001700145","LOCATION":"BARAHANUAPADA","V_TYPE":"VILLAGE","BLOCK":"BHANDARIPOKHARI","DISTRICT":"BHADRAK"},"geometry":{"type":"Polygon","coordinates":[[[86.35387,20.8601],[86.35437,20.86208],[86.35575,20.86402],[86.35603,20.865],[86.35583,20.86785],[86.35607,20.87183],[86.35558,20.87384],[86.35592,20.8759],[86.35564,20.87698],[86.35486,20.87793],[86.36012,20.87888],[86.36238,20.87848],[86.36736,20.87859],[86.36906,20.87815],[86.36849,20.8764],[86.36977,20.87375],[86.36993,20.87175],[86.36962,20.87015],[86.36853,20.86736],[86.36756,20.86185],[86.36395,20.86102],[86.36269,20.86022],[86.36091,20.85853],[86.35949,20.85781],[86.35498,20.85679],[86.35493,20.85792],[86.35387,20.8601]]]}},{"type":"Feature","properties":{"LCODE":"050230015001500097","LOCATION":"BISWANATHPUR","V_TYPE":"VILLAGE","BLOCK":"CHANDABALI","DISTRICT":"BHADRAK"},"geometry":{"type":"Polygon","coordinates":[[[86.83169,20.86777],[86.83239,20.86947],[86.83245,20.87086],[86.83285,20.87132],[86.83626,20.87191],[86.83697,20.87314],[86.83867,20.87394],[86.84,20.87672],[86.84705,20.87873],[86.85006,20.8787],[86.85137,20.87841],[86.85326,20.87713],[86.85458,20.87585],[86.85517,20.87486],[86.8567,20.87027],[86.85677,20.86922],[86.85616,20.86904],[86.85452,20.86925],[86.85265,20.86999],[86.8515,20.87005],[86.85046,20.86942],[86.8503,20.8685],[86.85056,20.86773],[86.85223,20.86568],[86.85265,20.86454],[86.85266,20.86362],[86.85179,20.8623],[86.84935,20.86234],[86.84743,20.86191],[86.84558,20.86382],[86.84427,20.86457],[86.84385,20.86541],[86.84311,20.86571],[86.83693,20.86562],[86.83644,20.86546],[86.83638,20.86408],[86.83573,20.86392],[86.83467,20.86413],[86.83313,20.86488],[86.83169,20.86777]]]}},{"type":"Feature","properties":{"LCODE":"050240015001500054","LOCATION":"MADHAPUR","V_TYPE":"VILLAGE","BLOCK":"CHANDABALI","DISTRICT":"BHADRAK"},"geometry":{"type":"Polygon","coordinates":[[[86.67723,20.86221],[86.67739,20.86297],[86.67844,20.86405],[86.67779,20.8652],[86.6777,20.86597],[86.67827,20.86635],[86.68161,20.86559],[86.68259,20.86605],[86.6825,20.86659],[86.68046,20.86881],[86.68062,20.87004],[86.68151,20.87035],[86.68517,20.87028],[86.6855,20.87066],[86.6833,20.87227],[86.68305,20.87296],[86.68403,20.8735],[86.68484,20.8735],[86.6859,20.87342],[86.68761,20.87266],[86.68883,20.87274],[86.68916,20.87351],[86.68899,20.87428],[86.68817,20.87535],[86.68792,20.87657],[86.68825,20.87719],[86.69158,20.87861],[86.69231,20.87743],[86.69257,20.87574],[86.69525,20.87544],[86.69566,20.8749],[86.69566,20.87421],[86.69347,20.87206],[86.69372,20.87153],[86.69518,20.87168],[86.69616,20.87261],[86.69721,20.87276],[86.69747,20.87031],[86.69853,20.86901],[86.69942,20.86924],[86.69958,20.86978],[86.69933,20.87116],[86.70031,20.8717],[86.70161,20.87139],[86.70398,20.86948],[86.70488,20.86918],[86.70585,20.87048],[86.70667,20.87087],[86.70715,20.87018],[86.70766,20.86627],[86.70798,20.86581],[86.70863,20.86612],[86.70944,20.86789],[86.71026,20.86735],[86.71043,20.86659],[86.71043,20.86574],[86.70994,20.86497],[86.70889,20.86444],[86.70742,20.8642],[86.70661,20.86351],[86.70572,20.86167],[86.7045,20.86143],[86.70361,20.86051],[86.70361,20.8599],[86.7011,20.85813],[86.69833,20.85536],[86.6963,20.85298],[86.69485,20.85032],[86.68809,20.85349],[86.68548,20.85379],[86.6841,20.85448],[86.6814,20.85731],[86.68115,20.858],[86.68147,20.85938],[86.68114,20.85984],[86.67992,20.86045],[86.67813,20.86083],[86.67723,20.86221]]]}},{"type":"Feature","properties":{"LCODE":"050260016001600110","LOCATION":"KARADA","V_TYPE":"VILLAGE","BLOCK":"DHAMNAGAR","DISTRICT":"BHADRAK"},"geometry":{"type":"Polygon","coordinates":[[[86.44343,20.86429],[86.44571,20.86658],[86.44984,20.87224],[86.45133,20.87233],[86.45251,20.87321],[86.45313,20.87441],[86.45382,20.87722],[86.45425,20.87774],[86.45524,20.87793],[86.4562,20.87751],[86.45747,20.87661],[86.45926,20.87463],[86.46049,20.87473],[86.46143,20.87577],[86.46304,20.87555],[86.464,20.87498],[86.46562,20.87268],[86.46355,20.87186],[86.46204,20.87084],[86.46227,20.87045],[86.4643,20.87018],[86.46324,20.86765],[86.46165,20.86745],[86.45991,20.86871],[86.45718,20.86973],[86.4561,20.86939],[86.45515,20.8679],[86.45412,20.86487],[86.45312,20.86393],[86.45232,20.86391],[86.45182,20.8645],[86.45005,20.8651],[86.44496,20.86423],[86.44343,20.86429]]]}},{"type":"Feature","properties":{"LCODE":"050252016001600046","LOCATION":"BALIPATANA","V_TYPE":"VILLAGE","BLOCK":"DHAMNAGAR","DISTRICT":"BHADRAK"},"geometry":{"type":"Polygon","coordinates":[[[86.50113,20.86928],[86.50169,20.87028],[86.50421,20.87113],[86.50591,20.87352],[86.50627,20.8776],[86.50947,20.8776],[86.51159,20.87691],[86.51257,20.8763],[86.5143,20.87346],[86.51503,20.873],[86.51849,20.87269],[86.51875,20.86721],[86.51795,20.86728],[86.51529,20.86857],[86.51414,20.86865],[86.51305,20.86817],[86.51038,20.86622],[86.50887,20.86582],[86.50831,20.86638],[86.50464,20.86798],[86.50179,20.86813],[86.5013,20.86859],[86.50113,20.86928]]]}},{"type":"Feature","properties":{"LCODE":"050252016001600058","LOCATION":"MAUDPUR","V_TYPE":"VILLAGE","BLOCK":"DHAMNAGAR","DISTRICT":"BHADRAK"},"geometry":{"type":"Polygon","coordinates":[[[86.57417,20.86978],[86.57423,20.87031],[86.576,20.87223],[86.57941,20.87424],[86.58128,20.87486],[86.58316,20.87402],[86.58447,20.87233],[86.58521,20.87187],[86.58667,20.87264],[86.58797,20.87272],[86.58936,20.87173],[86.5918,20.87096],[86.59669,20.87075],[86.59726,20.87106],[86.59758,20.87182],[86.59772,20.87551],[86.5983,20.87582],[86.59959,20.8759],[86.60114,20.87552],[86.60181,20.87322],[86.60229,20.87291],[86.6036,20.87322],[86.60969,20.877],[86.61058,20.87723],[86.61217,20.87688],[86.60637,20.87246],[86.60629,20.87193],[86.59995,20.87022],[86.59588,20.86959],[86.59352,20.86874],[86.591,20.86835],[86.58775,20.86742],[86.58677,20.86811],[86.58359,20.86926],[86.58163,20.87079],[86.57967,20.8707],[86.57708,20.8697],[86.57417,20.86978]]]}},{"type":"Feature","properties":{"LCODE":"050240015001500007","LOCATION":"RAMPUR","V_TYPE":"VILLAGE","BLOCK":"CHANDABALI","DISTRICT":"BHADRAK"},"geometry":{"type":"Polygon","coordinates":[[[86.70927,20.87019],[86.70934,20.8731],[86.70959,20.87348],[86.71016,20.87364],[86.7113,20.87349],[86.71243,20.87426],[86.71268,20.87518],[86.71227,20.87625],[86.71259,20.87679],[86.71316,20.87702],[86.71531,20.87652],[86.71642,20.87572],[86.7165,20.87519],[86.71602,20.87404],[86.71634,20.87373],[86.71879,20.87305],[86.7205,20.87328],[86.72107,20.87297],[86.7218,20.87175],[86.72221,20.8716],[86.72465,20.87191],[86.72645,20.87008],[86.72713,20.86977],[86.72776,20.86809],[86.72662,20.86617],[86.72655,20.86525],[86.72695,20.86464],[86.72777,20.86426],[86.72908,20.86421],[86.72932,20.86234],[86.729,20.86104],[86.72664,20.86165],[86.72281,20.86317],[86.71473,20.86836],[86.71253,20.86905],[86.70982,20.8689],[86.70927,20.87019]]]}},{"type":"Feature","properties":{"LCODE":"050260016001600109","LOCATION":"TENTULIGAN","V_TYPE":"VILLAGE","BLOCK":"DHAMNAGAR","DISTRICT":"BHADRAK"},"geometry":{"type":"Polygon","coordinates":[[[86.43529,20.86838],[86.43629,20.87139],[86.43763,20.87425],[86.43893,20.87404],[86.44041,20.87421],[86.44276,20.87589],[86.44657,20.87543],[86.44807,20.87407],[86.44833,20.87276],[86.44889,20.87235],[86.44984,20.87224],[86.44571,20.86658],[86.44265,20.86363],[86.44142,20.86337],[86.44093,20.86354],[86.43833,20.86556],[86.43552,20.86843],[86.43529,20.86838]]]}},{"type":"Feature","properties":{"LCODE":"050260016001600092","LOCATION":"PAHARPUR","V_TYPE":"VILLAGE","BLOCK":"DHAMNAGAR","DISTRICT":"BHADRAK"},"geometry":{"type":"Polygon","coordinates":[[[86.39113,20.87234],[86.39777,20.8745],[86.40012,20.87591],[86.40257,20.87408],[86.40616,20.87026],[86.40614,20.86988],[86.40488,20.86702],[86.40322,20.86831],[86.40248,20.86826],[86.40112,20.86732],[86.39829,20.8675],[86.39749,20.86784],[86.39613,20.87042],[86.39496,20.87162],[86.39391,20.87204],[86.39113,20.87234]]]}},{"type":"Feature","properties":{"LCODE":"050230015001500101","LOCATION":"GOUDUNIPOKHARI","V_TYPE":"VILLAGE","BLOCK":"CHANDABALI","DISTRICT":"BHADRAK"},"geometry":{"type":"Polygon","coordinates":[[[86.78271,20.86241],[86.78278,20.8631],[86.78509,20.86613],[86.7854,20.86697],[86.78513,20.86897],[86.78414,20.86949],[86.78357,20.87036],[86.78469,20.87088],[86.78648,20.87113],[86.78801,20.87185],[86.79134,20.87174],[86.79401,20.87339],[86.80153,20.8758],[86.80293,20.87536],[86.80304,20.87305],[86.80338,20.87252],[86.80452,20.872],[86.80542,20.87201],[86.806,20.87141],[86.80779,20.86675],[86.80814,20.8643],[86.80872,20.86345],[86.80849,20.8633],[86.80857,20.86236],[86.80437,20.8614],[86.80298,20.86215],[86.80045,20.86258],[86.79971,20.86295],[86.79929,20.86356],[86.7979,20.864],[86.79742,20.86369],[86.79669,20.86174],[86.7924,20.8617],[86.79023,20.86044],[86.78917,20.86035],[86.7851,20.8606],[86.78458,20.86028],[86.7838,20.86058],[86.78271,20.86241]]]}},{"type":"Feature","properties":{"LCODE":"050252016001600049","LOCATION":"HASNABAD","V_TYPE":"VILLAGE","BLOCK":"DHAMNAGAR","DISTRICT":"BHADRAK"},"geometry":{"type":"Polygon","coordinates":[[[86.52792,20.86696],[86.52848,20.86881],[86.52945,20.87035],[86.53001,20.87342],[86.53301,20.87504],[86.53464,20.87566],[86.53602,20.87574],[86.54555,20.87538],[86.54612,20.87508],[86.54548,20.87185],[86.54427,20.86939],[86.54256,20.86923],[86.53694,20.87052],[86.53426,20.87005],[86.53352,20.86974],[86.53296,20.86905],[86.53201,20.86511],[86.53018,20.86563],[86.52821,20.86576],[86.52792,20.86696]]]}},{"type":"Feature","properties":{"LCODE":"050230015001500099","LOCATION":"KUDAKANTHI","V_TYPE":"VILLAGE","BLOCK":"CHANDABALI","DISTRICT":"BHADRAK"},"geometry":{"type":"Polygon","coordinates":[[[86.80625,20.87087],[86.80753,20.87204],[86.80907,20.87291],[86.81093,20.8734],[86.81655,20.87278],[86.81736,20.87302],[86.81937,20.87466],[86.82109,20.874],[86.82174,20.87401],[86.82474,20.87489],[86.83051,20.87551],[86.83815,20.87546],[86.83938,20.87506],[86.83867,20.87394],[86.83697,20.87314],[86.83626,20.87191],[86.83285,20.87132],[86.83245,20.87086],[86.83239,20.86947],[86.83169,20.86777],[86.83313,20.86488],[86.83083,20.86523],[86.82906,20.86475],[86.82311,20.86481],[86.81921,20.86399],[86.81418,20.86346],[86.80872,20.86345],[86.80814,20.8643],[86.80779,20.86675],[86.80625,20.87087]]]}},{"type":"Feature","properties":{"LCODE":"050201014001400155","LOCATION":"TALADUMUKA","V_TYPE":"VILLAGE","BLOCK":"TIHIDI","DISTRICT":"BHADRAK"},"geometry":{"type":"Polygon","coordinates":[[[86.64106,20.84907],[86.64128,20.85011],[86.64244,20.85023],[86.64317,20.85061],[86.64349,20.8513],[86.64129,20.85367],[86.64128,20.85521],[86.64193,20.85598],[86.64298,20.85629],[86.64404,20.85583],[86.64471,20.85376],[86.64584,20.85353],[86.64682,20.85384],[86.64852,20.85561],[86.64852,20.85638],[86.64397,20.85873],[86.64581,20.86151],[86.64589,20.86235],[86.6454,20.8632],[86.64523,20.86435],[86.6479,20.86765],[86.64936,20.87027],[86.65294,20.8702],[86.65326,20.8712],[86.65219,20.87503],[86.6526,20.87534],[86.65398,20.87419],[86.65513,20.87243],[86.65604,20.86875],[86.65653,20.86798],[86.65923,20.86638],[86.66093,20.86577],[86.66306,20.86547],[86.66267,20.86223],[86.66152,20.8624],[86.66095,20.86217],[86.6599,20.86147],[86.65932,20.86063],[86.65933,20.85978],[86.65999,20.85863],[86.66227,20.85749],[86.66284,20.85695],[86.6626,20.85634],[86.66081,20.85588],[86.65878,20.8561],[86.65853,20.85571],[86.65919,20.85472],[86.66131,20.85281],[86.66099,20.85235],[86.6601,20.85227],[86.65635,20.85279],[86.65456,20.85271],[86.65391,20.85217],[86.65383,20.85133],[86.65433,20.84934],[86.65417,20.84872],[86.65303,20.84757],[86.65076,20.84664],[86.64864,20.84618],[86.64603,20.84602],[86.64326,20.84685],[86.64188,20.84657],[86.64107,20.84815],[86.64106,20.84907]]]}},{"type":"Feature","properties":{"LCODE":"050252016001600054","LOCATION":"SAANLAPUR","V_TYPE":"VILLAGE","BLOCK":"DHAMNAGAR","DISTRICT":"BHADRAK"},"geometry":{"type":"Polygon","coordinates":[[[86.55609,20.86696],[86.55641,20.8675],[86.55682,20.86758],[86.55869,20.86712],[86.56016,20.86758],[86.56089,20.86743],[86.56163,20.86551],[86.56236,20.86567],[86.56332,20.86928],[86.56193,20.87051],[86.56191,20.87389],[86.56256,20.87527],[86.56476,20.87489],[86.5659,20.87397],[86.56623,20.87328],[86.56632,20.87167],[86.56681,20.87083],[86.56844,20.87037],[86.57113,20.87061],[86.57417,20.86978],[86.57376,20.86447],[86.57434,20.86347],[86.5754,20.86263],[86.57491,20.8624],[86.57288,20.8627],[86.57251,20.86199],[86.57031,20.86251],[86.56601,20.86295],[86.56373,20.86265],[86.56165,20.86139],[86.55716,20.86118],[86.55701,20.86258],[86.5587,20.86489],[86.5587,20.86558],[86.55853,20.86581],[86.55666,20.86604],[86.55625,20.86634],[86.55609,20.86696]]]}},{"type":"Feature","properties":{"LCODE":"050201014001400156","LOCATION":"GOBINDAPUR","V_TYPE":"VILLAGE","BLOCK":"TIHIDI","DISTRICT":"BHADRAK"},"geometry":{"type":"Polygon","coordinates":[[[86.65958,20.87321],[86.6609,20.87428],[86.66277,20.8749],[86.6644,20.87506],[86.66669,20.87399],[86.66791,20.87392],[86.66994,20.87446],[86.67214,20.87362],[86.67572,20.8734],[86.67784,20.87348],[86.6802,20.8741],[86.68175,20.87395],[86.68345,20.87317],[86.68305,20.87296],[86.6833,20.87227],[86.6855,20.87066],[86.68517,20.87028],[86.68151,20.87035],[86.68062,20.87004],[86.68046,20.86881],[86.6825,20.86659],[86.68259,20.86605],[86.68218,20.86567],[86.68096,20.86567],[86.67827,20.86635],[86.6777,20.86597],[86.67779,20.8652],[86.67844,20.86405],[86.67739,20.86297],[86.67723,20.86221],[86.67813,20.86083],[86.67813,20.85999],[86.67692,20.85845],[86.67489,20.85745],[86.67407,20.85752],[86.67162,20.85874],[86.66845,20.85919],[86.66756,20.85881],[86.66658,20.85758],[86.66569,20.8575],[86.66496,20.85773],[86.66331,20.8614],[86.66267,20.86223],[86.66306,20.86547],[86.66361,20.86731],[86.66337,20.86861],[86.65958,20.87321]]]}},{"type":"Feature","properties":{"LCODE":"050240015001500008","LOCATION":"SANAITAGOTHA","V_TYPE":"VILLAGE","BLOCK":"CHANDABALI","DISTRICT":"BHADRAK"},"geometry":{"type":"Polygon","coordinates":[[[86.72655,20.86525],[86.72662,20.86617],[86.72776,20.86809],[86.72713,20.86977],[86.72808,20.86962],[86.72897,20.87039],[86.72929,20.87093],[86.72985,20.87498],[86.73042,20.87484],[86.73164,20.87423],[86.73263,20.87293],[86.73345,20.86908],[86.73257,20.86672],[86.73232,20.86634],[86.73119,20.8658],[86.72988,20.86434],[86.72777,20.86426],[86.72695,20.86464],[86.72655,20.86525]]]}},{"type":"Feature","properties":{"LCODE":"050260016001600101","LOCATION":"KHARIPADA","V_TYPE":"VILLAGE","BLOCK":"DHAMNAGAR","DISTRICT":"BHADRAK"},"geometry":{"type":"Polygon","coordinates":[[[86.41892,20.8656],[86.42121,20.86952],[86.41962,20.87159],[86.42005,20.87301],[86.42056,20.87346],[86.42129,20.87343],[86.42191,20.87271],[86.42408,20.87186],[86.42611,20.86971],[86.42574,20.86873],[86.42652,20.86778],[86.4265,20.8674],[86.42553,20.86752],[86.42527,20.86722],[86.42505,20.86577],[86.42552,20.86338],[86.42676,20.8618],[86.42794,20.86091],[86.42876,20.8608],[86.42976,20.86145],[86.42963,20.85847],[86.42927,20.85741],[86.42879,20.85709],[86.4288,20.85812],[86.42822,20.85982],[86.42545,20.86169],[86.42286,20.8621],[86.41983,20.8618],[86.41892,20.8656]]]}},{"type":"Feature","properties":{"LCODE":"050230015001500102","LOCATION":"PARAMANANDAPUR","V_TYPE":"VILLAGE","BLOCK":"CHANDABALI","DISTRICT":"BHADRAK"},"geometry":{"type":"Polygon","coordinates":[[[86.77136,20.85987],[86.77173,20.86225],[86.77143,20.86547],[86.77164,20.86724],[86.77187,20.86817],[86.77379,20.8708],[86.77412,20.87194],[86.77547,20.87182],[86.77645,20.87215],[86.7774,20.87323],[86.77814,20.87324],[86.77929,20.87257],[86.78194,20.87262],[86.78223,20.87184],[86.78414,20.86949],[86.78513,20.86897],[86.78539,20.86813],[86.7854,20.86697],[86.78509,20.86613],[86.78333,20.86403],[86.78271,20.86241],[86.7838,20.86058],[86.78458,20.86028],[86.78447,20.85951],[86.78471,20.85921],[86.78294,20.85872],[86.78098,20.8587],[86.77961,20.85806],[86.77937,20.8576],[86.78485,20.85599],[86.78526,20.85553],[86.78495,20.85491],[86.78341,20.85451],[86.78209,20.85556],[86.77907,20.85652],[86.77859,20.8559],[86.77885,20.85506],[86.77738,20.85496],[86.77607,20.8554],[86.7741,20.85676],[86.77279,20.85728],[86.77143,20.85693],[86.77136,20.85987]]]}},{"type":"Feature","properties":{"LCODE":"050240015001500010","LOCATION":"PRATAPPUR","V_TYPE":"VILLAGE","BLOCK":"CHANDABALI","DISTRICT":"BHADRAK"},"geometry":{"type":"Polygon","coordinates":[[[86.729,20.86104],[86.72932,20.86234],[86.72908,20.86421],[86.73037,20.86465],[86.73119,20.8658],[86.73232,20.86634],[86.73345,20.86908],[86.73524,20.86918],[86.73671,20.86964],[86.73809,20.86934],[86.73817,20.86888],[86.73785,20.86834],[86.73615,20.86727],[86.73533,20.86634],[86.73566,20.86612],[86.73663,20.86619],[86.73932,20.86704],[86.74119,20.86896],[86.74208,20.86943],[86.74313,20.8695],[86.7477,20.86852],[86.74957,20.86883],[86.74948,20.87013],[86.74998,20.87047],[86.75439,20.87268],[86.75594,20.87293],[86.75822,20.87258],[86.76094,20.87039],[86.76175,20.87063],[86.7619,20.87102],[86.76025,20.87246],[86.76049,20.87277],[86.76212,20.87256],[86.76261,20.87234],[86.7632,20.87127],[86.76462,20.87087],[86.76616,20.86881],[86.76439,20.86822],[86.76147,20.86779],[86.76058,20.86732],[86.75805,20.86306],[86.75636,20.86204],[86.75524,20.86064],[86.75491,20.85966],[86.75419,20.86009],[86.75176,20.85959],[86.74998,20.85961],[86.74406,20.86077],[86.73438,20.86029],[86.729,20.86104]]]}},{"type":"Feature","properties":{"LCODE":"050230015001500096","LOCATION":"BANSADA","V_TYPE":"VILLAGE","BLOCK":"CHANDABALI","DISTRICT":"BHADRAK"},"geometry":{"type":"Polygon","coordinates":[[[86.8503,20.8685],[86.85046,20.86942],[86.8515,20.87005],[86.85265,20.86999],[86.85452,20.86925],[86.85616,20.86904],[86.85729,20.86936],[86.86037,20.87263],[86.86127,20.8698],[86.86259,20.86905],[86.8642,20.86946],[86.86703,20.8708],[86.86826,20.87067],[86.87052,20.87131],[86.87345,20.87112],[86.87354,20.8708],[86.87137,20.86925],[86.86897,20.86691],[86.86777,20.86483],[86.8661,20.86311],[86.86545,20.86287],[86.86284,20.86315],[86.86115,20.86205],[86.86034,20.86188],[86.8578,20.86254],[86.85594,20.86205],[86.85376,20.86095],[86.85271,20.86078],[86.85165,20.86099],[86.85073,20.86221],[86.85179,20.8623],[86.85266,20.86362],[86.85265,20.86454],[86.85223,20.86568],[86.85056,20.86773],[86.8503,20.8685]]]}},{"type":"Feature","properties":{"LCODE":"050260016001600097","LOCATION":"KAMALPUR","V_TYPE":"VILLAGE","BLOCK":"DHAMNAGAR","DISTRICT":"BHADRAK"},"geometry":{"type":"Polygon","coordinates":[[[86.41236,20.86781],[86.41257,20.86971],[86.41509,20.87244],[86.41951,20.87181],[86.41988,20.87095],[86.42121,20.86952],[86.41901,20.8657],[86.41756,20.8643],[86.41497,20.86463],[86.41418,20.86504],[86.41315,20.86608],[86.41236,20.86781]]]}},{"type":"Feature","properties":{"LCODE":"050260016001600093","LOCATION":"ANANDAPUR","V_TYPE":"VILLAGE","BLOCK":"DHAMNAGAR","DISTRICT":"BHADRAK"},"geometry":{"type":"Polygon","coordinates":[[[86.38093,20.86358],[86.38167,20.86577],[86.38254,20.86704],[86.38559,20.86983],[86.38776,20.87105],[86.39113,20.87234],[86.39391,20.87204],[86.39496,20.87162],[86.39613,20.87042],[86.39749,20.86784],[86.39983,20.86729],[86.40171,20.86729],[86.40267,20.86695],[86.40314,20.86632],[86.40185,20.86417],[86.40071,20.86418],[86.39959,20.86367],[86.3989,20.86245],[86.39524,20.86348],[86.38661,20.86324],[86.38192,20.86054],[86.38118,20.8618],[86.38093,20.86358]]]}},{"type":"Feature","properties":{"LCODE":"050252016001600050","LOCATION":"ASTAK","V_TYPE":"VILLAGE","BLOCK":"DHAMNAGAR","DISTRICT":"BHADRAK"},"geometry":{"type":"Polygon","coordinates":[[[86.53201,20.86511],[86.53296,20.86905],[86.53352,20.86974],[86.53426,20.87005],[86.53694,20.87052],[86.54362,20.86916],[86.54427,20.86939],[86.54524,20.87124],[86.54874,20.87201],[86.54963,20.87178],[86.55045,20.87071],[86.55266,20.86941],[86.55356,20.86834],[86.55567,20.86826],[86.55608,20.86796],[86.55633,20.86765],[86.55609,20.86696],[86.55625,20.86634],[86.55666,20.86604],[86.55853,20.86581],[86.5587,20.86558],[86.5587,20.86489],[86.55701,20.86258],[86.55716,20.86118],[86.54817,20.85911],[86.54633,20.85899],[86.54505,20.85929],[86.54083,20.86195],[86.53516,20.86345],[86.53201,20.86511]]]}},{"type":"Feature","properties":{"LCODE":"050240015001500018","LOCATION":"MALBAD","V_TYPE":"VILLAGE","BLOCK":"CHANDABALI","DISTRICT":"BHADRAK"},"geometry":{"type":"Polygon","coordinates":[[[86.75491,20.85966],[86.75524,20.86064],[86.75636,20.86204],[86.75805,20.86306],[86.76058,20.86732],[86.76147,20.86779],[86.7652,20.86846],[86.76835,20.86996],[86.77143,20.87054],[86.77412,20.87194],[86.77379,20.8708],[86.77187,20.86817],[86.77164,20.86724],[86.77143,20.86547],[86.77173,20.86225],[86.77125,20.85679],[86.76923,20.85615],[86.76737,20.85497],[86.76585,20.85342],[86.7636,20.85216],[86.76182,20.85152],[86.76084,20.85166],[86.75994,20.85203],[86.75976,20.85333],[86.76055,20.85411],[86.76273,20.85514],[86.76321,20.85607],[86.76295,20.85668],[86.76237,20.85744],[86.75967,20.85878],[86.75852,20.859],[86.75576,20.85857],[86.75491,20.85966]]]}},{"type":"Feature","properties":{"LCODE":"050252016001600057","LOCATION":"RAIPUR","V_TYPE":"VILLAGE","BLOCK":"DHAMNAGAR","DISTRICT":"BHADRAK"},"geometry":{"type":"Polygon","coordinates":[[[86.58775,20.86742],[86.591,20.86835],[86.59352,20.86874],[86.59588,20.86959],[86.59995,20.87022],[86.60629,20.87193],[86.60654,20.87162],[86.61012,20.87155],[86.6133,20.87017],[86.6177,20.86988],[86.62861,20.86783],[86.62881,20.86774],[86.62854,20.8653],[86.62888,20.86078],[86.62857,20.85817],[86.62792,20.85686],[86.62798,20.85474],[86.62688,20.85525],[86.62313,20.85554],[86.62157,20.85692],[86.6206,20.85715],[86.61922,20.85699],[86.61864,20.85654],[86.61547,20.85706],[86.61368,20.85813],[86.61181,20.85766],[86.61083,20.85774],[86.60782,20.85834],[86.59999,20.86078],[86.59641,20.8623],[86.59453,20.86283],[86.59373,20.86276],[86.59347,20.86368],[86.59306,20.86406],[86.59053,20.86451],[86.58874,20.8652],[86.58784,20.86643],[86.58775,20.86742]]]}},{"type":"Feature","properties":{"LCODE":"050230015001500085","LOCATION":"KISHOREPRASAD","V_TYPE":"VILLAGE","BLOCK":"CHANDABALI","DISTRICT":"BHADRAK"},"geometry":{"type":"Polygon","coordinates":[[[86.92091,20.86894],[86.92302,20.86997],[86.92767,20.8695],[86.93124,20.86978],[86.93352,20.87004],[86.9407,20.87169],[86.94325,20.86628],[86.94003,20.86423],[86.9355,20.86255],[86.93364,20.86206],[86.92869,20.86146],[86.92458,20.86003],[86.92397,20.86162],[86.92179,20.86543],[86.92094,20.8678],[86.92091,20.86894]]]}},{"type":"Feature","properties":{"LCODE":"050230015001500095","LOCATION":"CHHEDAK","V_TYPE":"VILLAGE","BLOCK":"CHANDABALI","DISTRICT":"BHADRAK"},"geometry":{"type":"Polygon","coordinates":[[[86.84607,20.85861],[86.84684,20.86154],[86.84772,20.86209],[86.84935,20.86234],[86.85073,20.86221],[86.85165,20.86099],[86.85271,20.86078],[86.85376,20.86095],[86.85594,20.86205],[86.8578,20.86254],[86.86034,20.86188],[86.86115,20.86205],[86.86284,20.86315],[86.86545,20.86287],[86.8661,20.86311],[86.86777,20.86483],[86.86897,20.86691],[86.87137,20.86925],[86.87338,20.87074],[86.87422,20.87104],[86.87788,20.86873],[86.88316,20.86615],[86.87342,20.85761],[86.87238,20.85691],[86.86533,20.85474],[86.86123,20.85207],[86.85931,20.8502],[86.85892,20.8494],[86.85577,20.85238],[86.85454,20.85305],[86.84892,20.85336],[86.84769,20.85395],[86.84695,20.85463],[86.84644,20.85578],[86.84607,20.85861]]]}},{"type":"Feature","properties":{"LCODE":"050252016001600055","LOCATION":"PALASAHI","V_TYPE":"VILLAGE","BLOCK":"DHAMNAGAR","DISTRICT":"BHADRAK"},"geometry":{"type":"Polygon","coordinates":[[[86.57251,20.86199],[86.57288,20.8627],[86.57491,20.8624],[86.5754,20.86263],[86.57434,20.86347],[86.57376,20.86447],[86.57417,20.86978],[86.57708,20.8697],[86.57967,20.8707],[86.58163,20.87079],[86.58359,20.86926],[86.58734,20.86781],[86.58775,20.86742],[86.58784,20.86643],[86.58874,20.8652],[86.59053,20.86451],[86.59306,20.86406],[86.59347,20.86368],[86.59373,20.86276],[86.59284,20.85738],[86.59293,20.85509],[86.59078,20.85462],[86.58905,20.85471],[86.58352,20.85708],[86.57952,20.86],[86.57251,20.86199]]]}},{"type":"Feature","properties":{"LCODE":"050270017001700146","LOCATION":"MUNDAPADA","V_TYPE":"VILLAGE","BLOCK":"BHANDARIPOKHARI","DISTRICT":"BHADRAK"},"geometry":{"type":"Polygon","coordinates":[[[86.34708,20.85356],[86.35498,20.85679],[86.358,20.85734],[86.36032,20.85817],[86.36395,20.86102],[86.36954,20.86233],[86.37128,20.86311],[86.37546,20.8654],[86.37935,20.86686],[86.3833,20.8702],[86.38498,20.8693],[86.38254,20.86704],[86.38167,20.86577],[86.38093,20.86358],[86.38118,20.8618],[86.38192,20.86054],[86.38051,20.86018],[86.37573,20.86004],[86.37128,20.85846],[86.36816,20.85606],[86.36555,20.8531],[86.36272,20.85113],[86.361,20.85028],[86.35775,20.84978],[86.35298,20.85038],[86.35126,20.85102],[86.34708,20.85356]]]}},{"type":"Feature","properties":{"LCODE":"050260016001600116","LOCATION":"CHAKUASAHI","V_TYPE":"VILLAGE","BLOCK":"DHAMNAGAR","DISTRICT":"BHADRAK"},"geometry":{"type":"Polygon","coordinates":[[[86.4632,20.8675],[86.4643,20.87018],[86.46832,20.86907],[86.47213,20.86662],[86.47034,20.86478],[86.46902,20.86452],[86.46653,20.86531],[86.46358,20.86703],[86.4632,20.8675]]]}},{"type":"Feature","properties":{"LCODE":"050260016001600114","LOCATION":"SOHORA","V_TYPE":"VILLAGE","BLOCK":"DHAMNAGAR","DISTRICT":"BHADRAK"},"geometry":{"type":"Polygon","coordinates":[[[86.45012,20.85698],[86.45139,20.85984],[86.45214,20.86242],[86.45302,20.86384],[86.45412,20.86487],[86.45515,20.8679],[86.4561,20.86939],[86.45718,20.86973],[86.45807,20.86954],[86.46055,20.86837],[86.46165,20.86745],[86.46114,20.8669],[86.4602,20.86004],[86.45984,20.85936],[86.4575,20.858],[86.45696,20.85679],[86.45734,20.85637],[86.45658,20.85551],[86.45543,20.85517],[86.45277,20.85611],[86.45198,20.85668],[86.45132,20.85632],[86.4507,20.85527],[86.45012,20.85698]]]}},{"type":"Feature","properties":{"LCODE":"050260016001600103","LOCATION":"BEDPUR","V_TYPE":"VILLAGE","BLOCK":"DHAMNAGAR","DISTRICT":"BHADRAK"},"geometry":{"type":"Polygon","coordinates":[[[86.42505,20.86577],[86.42536,20.86737],[86.4265,20.8674],[86.42645,20.86802],[86.42574,20.86873],[86.42611,20.86971],[86.42781,20.86758],[86.43083,20.86706],[86.4289,20.86432],[86.42888,20.86378],[86.43004,20.86221],[86.42976,20.86145],[86.42876,20.8608],[86.42818,20.86082],[86.42676,20.8618],[86.42537,20.86369],[86.42505,20.86577]]]}},{"type":"Feature","properties":{"LCODE":"050240015001500052","LOCATION":"BADASINGPUR","V_TYPE":"VILLAGE","BLOCK":"CHANDABALI","DISTRICT":"BHADRAK"},"geometry":{"type":"Polygon","coordinates":[[[86.70361,20.8599],[86.70361,20.86051],[86.70393,20.8609],[86.7045,20.86143],[86.70572,20.86167],[86.70661,20.86351],[86.70742,20.8642],[86.70889,20.86444],[86.70994,20.86497],[86.71043,20.86574],[86.71043,20.86659],[86.71026,20.86735],[86.70944,20.86789],[86.70982,20.8689],[86.71147,20.86912],[86.71342,20.86882],[86.71587,20.86783],[86.71979,20.86492],[86.72281,20.86317],[86.72664,20.86165],[86.73022,20.86074],[86.73348,20.86038],[86.73413,20.85944],[86.73585,20.85792],[86.73992,20.85639],[86.74131,20.85494],[86.74164,20.85326],[86.741,20.85034],[86.74117,20.84605],[86.74223,20.84429],[86.74461,20.84216],[86.74363,20.84162],[86.74339,20.84039],[86.74364,20.83939],[86.74436,20.83878],[86.7429,20.83748],[86.74088,20.83732],[86.73867,20.83892],[86.73737,20.83961],[86.7368,20.8396],[86.73339,20.83637],[86.73095,20.83545],[86.72941,20.83544],[86.72776,20.83649],[86.72858,20.83797],[86.73013,20.8389],[86.73029,20.83943],[86.73029,20.84051],[86.72979,20.84196],[86.72954,20.84571],[86.73107,20.84947],[86.73066,20.85123],[86.72993,20.85185],[86.72683,20.85207],[86.72415,20.85122],[86.72309,20.85052],[86.72195,20.84922],[86.72155,20.84929],[86.72106,20.84952],[86.72065,20.85036],[86.72073,20.8522],[86.72031,20.85328],[86.7173,20.85403],[86.71665,20.85329],[86.71641,20.85464],[86.71558,20.85571],[86.70963,20.85884],[86.70711,20.86083],[86.70605,20.86083],[86.70491,20.8599],[86.70361,20.8599]]]}},{"type":"Feature","properties":{"LCODE":"050270017001700142","LOCATION":"BINDHAN","V_TYPE":"VILLAGE","BLOCK":"BHANDARIPOKHARI","DISTRICT":"BHADRAK"},"geometry":{"type":"Polygon","coordinates":[[[86.32986,20.86506],[86.3304,20.86649],[86.33106,20.86723],[86.33476,20.86886],[86.33685,20.8682],[86.3385,20.86683],[86.33958,20.86518],[86.33997,20.86501],[86.34153,20.86518],[86.34247,20.86607],[86.34447,20.86611],[86.34524,20.86412],[86.34521,20.86352],[86.34384,20.86394],[86.34303,20.8639],[86.34229,20.86362],[86.34142,20.86258],[86.34177,20.86096],[86.34309,20.85937],[86.34338,20.85844],[86.34325,20.85729],[86.34273,20.85614],[86.34061,20.8586],[86.3391,20.8598],[86.33665,20.86113],[86.33513,20.8613],[86.33188,20.86086],[86.33082,20.86131],[86.32998,20.86338],[86.32986,20.86506]]]}},{"type":"Feature","properties":{"LCODE":"050260016001600094","LOCATION":"MANALAPUR","V_TYPE":"VILLAGE","BLOCK":"DHAMNAGAR","DISTRICT":"BHADRAK"},"geometry":{"type":"Polygon","coordinates":[[[86.40112,20.86732],[86.40248,20.86826],[86.40322,20.86831],[86.40488,20.86702],[86.40562,20.86864],[86.40658,20.86871],[86.40813,20.86865],[86.41225,20.86773],[86.41075,20.8651],[86.41017,20.86285],[86.404,20.86352],[86.40185,20.86417],[86.40314,20.86632],[86.40267,20.86695],[86.40112,20.86732]]]}},{"type":"Feature","properties":{"LCODE":"050260016001600108","LOCATION":"NASAHI","V_TYPE":"VILLAGE","BLOCK":"DHAMNAGAR","DISTRICT":"BHADRAK"},"geometry":{"type":"Polygon","coordinates":[[[86.43027,20.86403],[86.43037,20.86434],[86.43078,20.8644],[86.43246,20.86372],[86.43457,20.86349],[86.43468,20.86417],[86.43287,20.86562],[86.43265,20.86617],[86.43552,20.86843],[86.43833,20.86556],[86.44065,20.86374],[86.43816,20.86158],[86.43511,20.86078],[86.43295,20.86179],[86.43042,20.86365],[86.43027,20.86403]]]}},{"type":"Feature","properties":{"LCODE":"050260016001600096","LOCATION":"DAKSHINAKURUA","V_TYPE":"VILLAGE","BLOCK":"DHAMNAGAR","DISTRICT":"BHADRAK"},"geometry":{"type":"Polygon","coordinates":[[[86.41017,20.86285],[86.41075,20.8651],[86.41236,20.86781],[86.41339,20.86576],[86.41497,20.86463],[86.41756,20.8643],[86.41892,20.8656],[86.41983,20.8618],[86.41689,20.86157],[86.4151,20.86079],[86.41361,20.86139],[86.41183,20.86161],[86.41017,20.86285]]]}},{"type":"Feature","properties":{"LCODE":"050252016001600061","LOCATION":"NIDHIBINDHA","V_TYPE":"VILLAGE","BLOCK":"DHAMNAGAR","DISTRICT":"BHADRAK"},"geometry":{"type":"Polygon","coordinates":[[[86.62785,20.85609],[86.62881,20.8597],[86.62854,20.8653],[86.62881,20.86774],[86.6339,20.86723],[86.63838,20.8674],[86.63904,20.86541],[86.64099,20.8658],[86.64165,20.86534],[86.64198,20.86173],[86.64272,20.85989],[86.64404,20.85867],[86.64852,20.85638],[86.64852,20.85561],[86.64682,20.85384],[86.64584,20.85353],[86.64471,20.85376],[86.64404,20.85583],[86.64298,20.85629],[86.64193,20.85598],[86.64128,20.85521],[86.64129,20.85367],[86.64349,20.8513],[86.64317,20.85061],[86.64146,20.85007],[86.6365,20.85128],[86.63535,20.85182],[86.63046,20.8528],[86.62798,20.85474],[86.62785,20.85609]]]}},{"type":"Feature","properties":{"LCODE":"050260016001600115","LOCATION":"BALIPARA","V_TYPE":"VILLAGE","BLOCK":"DHAMNAGAR","DISTRICT":"BHADRAK"},"geometry":{"type":"Polygon","coordinates":[[[86.45696,20.85679],[86.4575,20.858],[86.45984,20.85936],[86.4602,20.86004],[86.46114,20.8669],[86.4614,20.86735],[86.46324,20.86765],[86.46358,20.86703],[86.46797,20.86472],[86.46902,20.86452],[86.47034,20.86478],[86.47194,20.8663],[86.47539,20.86458],[86.47414,20.8621],[86.47321,20.86137],[86.47292,20.85964],[86.47066,20.85962],[86.4698,20.85913],[86.46761,20.85691],[86.46461,20.85582],[86.46394,20.8552],[86.46334,20.85371],[86.46277,20.84955],[86.46019,20.85016],[86.45952,20.85156],[86.45979,20.85408],[86.45949,20.85486],[86.45872,20.85604],[86.45719,20.8564],[86.45696,20.85679]]]}},{"type":"Feature","properties":{"LCODE":"050260016001600107","LOCATION":"CHHATISBEDAPUR","V_TYPE":"VILLAGE","BLOCK":"DHAMNAGAR","DISTRICT":"BHADRAK"},"geometry":{"type":"Polygon","coordinates":[[[86.42869,20.85686],[86.42953,20.85786],[86.42976,20.86145],[86.43004,20.86221],[86.42888,20.86378],[86.4289,20.86432],[86.43083,20.86706],[86.4325,20.8664],[86.43287,20.86562],[86.43414,20.86481],[86.43475,20.86378],[86.43408,20.86343],[86.43078,20.8644],[86.43037,20.86434],[86.43042,20.86365],[86.43295,20.86179],[86.43472,20.8611],[86.4351,20.86063],[86.43387,20.85823],[86.43267,20.85689],[86.43051,20.85606],[86.42869,20.85686]]]}},{"type":"Feature","properties":{"LCODE":"050230015001500089","LOCATION":"LAXMIPRASAD","V_TYPE":"VILLAGE","BLOCK":"CHANDABALI","DISTRICT":"BHADRAK"},"geometry":{"type":"Polygon","coordinates":[[[86.89822,20.84894],[86.89864,20.84995],[86.90125,20.85233],[86.905,20.85698],[86.9091,20.86049],[86.91006,20.86112],[86.9146,20.86249],[86.91798,20.86484],[86.91927,20.86516],[86.92133,20.86666],[86.92397,20.86162],[86.92565,20.85768],[86.92533,20.85742],[86.92121,20.85568],[86.91057,20.84946],[86.90459,20.84662],[86.90168,20.84566],[86.90111,20.84555],[86.90109,20.84687],[86.89969,20.84824],[86.89822,20.84894]]]}},{"type":"Feature","properties":{"LCODE":"050230015001500086","LOCATION":"SARATPRASAD","V_TYPE":"VILLAGE","BLOCK":"CHANDABALI","DISTRICT":"BHADRAK"},"geometry":{"type":"Polygon","coordinates":[[[86.93825,20.86357],[86.94003,20.86423],[86.94325,20.86628],[86.94393,20.86466],[86.94602,20.86124],[86.94925,20.8576],[86.94978,20.85508],[86.95028,20.85386],[86.95103,20.8532],[86.94844,20.85207],[86.94659,20.85089],[86.94292,20.85613],[86.94211,20.85658],[86.94061,20.85833],[86.93825,20.86357]]]}},{"type":"Feature","properties":{"LCODE":"050230015001500094","LOCATION":"NISCHANTAPUR","V_TYPE":"VILLAGE","BLOCK":"CHANDABALI","DISTRICT":"BHADRAK"},"geometry":{"type":"Polygon","coordinates":[[[86.87392,20.85799],[86.88316,20.86615],[86.88577,20.86416],[86.88651,20.86325],[86.88661,20.86217],[86.88638,20.86163],[86.88445,20.85976],[86.88039,20.85932],[86.87959,20.859],[86.87878,20.85853],[86.87649,20.85615],[86.87392,20.85799]]]}},{"type":"Feature","properties":{"LCODE":"050230015001500098","LOCATION":"SARALIPATIA","V_TYPE":"VILLAGE","BLOCK":"CHANDABALI","DISTRICT":"BHADRAK"},"geometry":{"type":"Polygon","coordinates":[[[86.82881,20.86428],[86.82961,20.86506],[86.83083,20.86523],[86.83263,20.86502],[86.83573,20.86392],[86.83638,20.86408],[86.83644,20.86546],[86.83693,20.86562],[86.84344,20.86564],[86.84385,20.86541],[86.84427,20.86457],[86.84558,20.86382],[86.84743,20.86191],[86.84684,20.86154],[86.84607,20.85861],[86.84609,20.85731],[86.84667,20.85525],[86.84413,20.85275],[86.83952,20.85092],[86.83748,20.85143],[86.83396,20.85118],[86.83348,20.85206],[86.832,20.85335],[86.83163,20.85641],[86.83038,20.85778],[86.83067,20.85993],[86.83002,20.86046],[86.82951,20.86145],[86.82974,20.86199],[86.83071,20.8627],[86.83078,20.86331],[86.83037,20.86361],[86.82906,20.86375],[86.82881,20.86428]]]}},{"type":"Feature","properties":{"LCODE":"050260016001600111","LOCATION":"ALINAGAR","V_TYPE":"VILLAGE","BLOCK":"DHAMNAGAR","DISTRICT":"BHADRAK"},"geometry":{"type":"Polygon","coordinates":[[[86.44104,20.85619],[86.44155,20.85686],[86.44286,20.85703],[86.44379,20.85753],[86.4445,20.85919],[86.44424,20.8605],[86.44231,20.86112],[86.4421,20.86351],[86.44315,20.86392],[86.44343,20.86429],[86.44496,20.86423],[86.45005,20.8651],[86.45182,20.8645],[86.45232,20.86391],[86.45128,20.86314],[86.44949,20.86337],[86.44893,20.8617],[86.44845,20.85597],[86.4489,20.85512],[86.45055,20.8536],[86.45011,20.85285],[86.44895,20.85235],[86.44715,20.8522],[86.44569,20.85241],[86.44288,20.85336],[86.44115,20.85304],[86.44146,20.85456],[86.44104,20.85619]]]}},{"type":"Feature","properties":{"LCODE":"050260016001600119","LOCATION":"KUTURIA","V_TYPE":"VILLAGE","BLOCK":"DHAMNAGAR","DISTRICT":"BHADRAK"},"geometry":{"type":"Polygon","coordinates":[[[86.47292,20.85964],[86.47321,20.86137],[86.47414,20.8621],[86.47514,20.86436],[86.4763,20.86493],[86.47792,20.86464],[86.47949,20.86335],[86.48167,20.86273],[86.48333,20.86151],[86.48203,20.85888],[86.48116,20.85915],[86.47662,20.85807],[86.47536,20.8584],[86.47292,20.85964]]]}},{"type":"Feature","properties":{"LCODE":"050230015001500100","LOCATION":"KARANAPOKHARI","V_TYPE":"VILLAGE","BLOCK":"CHANDABALI","DISTRICT":"BHADRAK"},"geometry":{"type":"Polygon","coordinates":[[[86.80842,20.86277],[86.80849,20.8633],[86.80898,20.86354],[86.81418,20.86346],[86.81921,20.86399],[86.82311,20.86481],[86.82906,20.86475],[86.82881,20.86428],[86.82906,20.86375],[86.83037,20.86361],[86.83078,20.86331],[86.83071,20.8627],[86.82974,20.86199],[86.82951,20.86145],[86.83002,20.86046],[86.83067,20.85993],[86.83038,20.85778],[86.83163,20.85641],[86.832,20.85335],[86.83348,20.85206],[86.83396,20.85118],[86.83326,20.85068],[86.83328,20.84937],[86.8354,20.84894],[86.83582,20.84818],[86.83537,20.84626],[86.83538,20.84557],[86.83578,20.84499],[86.83297,20.84361],[86.83191,20.84383],[86.83042,20.84504],[86.83007,20.84687],[86.82958,20.84687],[86.82805,20.84631],[86.82684,20.84499],[86.82394,20.84395],[86.82143,20.84261],[86.81915,20.84342],[86.81794,20.84326],[86.81716,20.84531],[86.81658,20.84607],[86.8147,20.84704],[86.81491,20.84835],[86.81438,20.8508],[86.81158,20.85337],[86.81116,20.85436],[86.81114,20.85536],[86.81191,20.8579],[86.81181,20.85959],[86.81122,20.86073],[86.80924,20.86186],[86.80842,20.86277]]]}},{"type":"Feature","properties":{"LCODE":"050260016001600120","LOCATION":"DOBABIL","V_TYPE":"VILLAGE","BLOCK":"DHAMNAGAR","DISTRICT":"BHADRAK"},"geometry":{"type":"Polygon","coordinates":[[[86.48203,20.85888],[86.48333,20.86151],[86.48351,20.86381],[86.48378,20.86441],[86.48444,20.86476],[86.48583,20.86471],[86.48752,20.86411],[86.48943,20.86304],[86.49184,20.86113],[86.4873,20.85666],[86.48576,20.85543],[86.48437,20.85476],[86.4837,20.85464],[86.48325,20.85496],[86.48287,20.85764],[86.48203,20.85888]]]}},{"type":"Feature","properties":{"LCODE":"050270017001700143","LOCATION":"MANINATHAPUR","V_TYPE":"VILLAGE","BLOCK":"BHANDARIPOKHARI","DISTRICT":"BHADRAK"},"geometry":{"type":"Polygon","coordinates":[[[86.34142,20.86258],[86.34229,20.86362],[86.34303,20.8639],[86.34482,20.86375],[86.34554,20.86334],[86.349,20.86436],[86.35029,20.864],[86.35339,20.86212],[86.35403,20.86104],[86.35387,20.8601],[86.35493,20.85792],[86.35505,20.85691],[86.35189,20.85535],[86.34708,20.85356],[86.34455,20.85532],[86.34273,20.85614],[86.34325,20.85729],[86.34338,20.85844],[86.34309,20.85937],[86.34177,20.86096],[86.34142,20.86258]]]}},{"type":"Feature","properties":{"LCODE":"050260016001600095","LOCATION":"UTEIPUR","V_TYPE":"VILLAGE","BLOCK":"DHAMNAGAR","DISTRICT":"BHADRAK"},"geometry":{"type":"Polygon","coordinates":[[[86.3989,20.86245],[86.39959,20.86367],[86.40134,20.86422],[86.404,20.86352],[86.41009,20.8629],[86.41183,20.86161],[86.41361,20.86139],[86.4151,20.86079],[86.41457,20.85882],[86.41438,20.85627],[86.41228,20.85614],[86.40931,20.85679],[86.4067,20.85853],[86.40011,20.86211],[86.3989,20.86245]]]}},{"type":"Feature","properties":{"LCODE":"050260016001600112","LOCATION":"PITEIPUR","V_TYPE":"VILLAGE","BLOCK":"DHAMNAGAR","DISTRICT":"BHADRAK"},"geometry":{"type":"Polygon","coordinates":[[[86.43709,20.85136],[86.43801,20.85209],[86.44039,20.85253],[86.44239,20.85337],[86.4465,20.85222],[86.44895,20.85235],[86.45011,20.85285],[86.45055,20.8536],[86.4489,20.85512],[86.44845,20.85597],[86.44893,20.8617],[86.44949,20.86337],[86.45128,20.86314],[86.4522,20.86387],[86.45312,20.86393],[86.45214,20.86242],[86.45139,20.85984],[86.45012,20.85698],[86.4507,20.85527],[86.45132,20.85632],[86.45198,20.85668],[86.4532,20.856],[86.45248,20.85498],[86.45202,20.85361],[86.45223,20.85284],[86.45333,20.85188],[86.45354,20.85118],[86.45323,20.84759],[86.45384,20.84466],[86.45477,20.84241],[86.45213,20.84242],[86.44682,20.84365],[86.4453,20.84429],[86.44193,20.84663],[86.43999,20.84748],[86.43999,20.84872],[86.43745,20.8505],[86.43709,20.85136]]]}},{"type":"Feature","properties":{"LCODE":"050230015001500105","LOCATION":"PHARSIBANDHA","V_TYPE":"VILLAGE","BLOCK":"CHANDABALI","DISTRICT":"BHADRAK"},"geometry":{"type":"Polygon","coordinates":[[[86.79669,20.86174],[86.79742,20.86369],[86.79839,20.86401],[86.80045,20.86258],[86.80298,20.86215],[86.80437,20.8614],[86.80857,20.86236],[86.81122,20.86073],[86.81181,20.85959],[86.81198,20.85852],[86.81177,20.85698],[86.81114,20.85536],[86.81116,20.85436],[86.81158,20.85337],[86.81438,20.8508],[86.81491,20.84835],[86.8147,20.84704],[86.80951,20.84574],[86.80547,20.84407],[86.80368,20.84382],[86.8035,20.84435],[86.80435,20.84759],[86.8044,20.84966],[86.80353,20.85295],[86.80104,20.85591],[86.79961,20.85865],[86.79893,20.86087],[86.79769,20.86162],[86.79669,20.86174]]]}},{"type":"Feature","properties":{"LCODE":"050260016001600106","LOCATION":"SUJANSINGPUR","V_TYPE":"VILLAGE","BLOCK":"DHAMNAGAR","DISTRICT":"BHADRAK"},"geometry":{"type":"Polygon","coordinates":[[[86.43447,20.85928],[86.43511,20.86078],[86.43816,20.86158],[86.44065,20.86374],[86.44142,20.86337],[86.4421,20.86351],[86.44231,20.86112],[86.44424,20.8605],[86.44453,20.85965],[86.44379,20.85753],[86.44246,20.85697],[86.43875,20.85811],[86.43615,20.85821],[86.43447,20.85928]]]}},{"type":"Feature","properties":{"LCODE":"050230015001500088","LOCATION":"PURNAPRASAD","V_TYPE":"VILLAGE","BLOCK":"CHANDABALI","DISTRICT":"BHADRAK"},"geometry":{"type":"Polygon","coordinates":[[[86.92458,20.86003],[86.92869,20.86146],[86.93364,20.86206],[86.93825,20.86357],[86.94061,20.85833],[86.94235,20.85636],[86.93645,20.85435],[86.92916,20.853],[86.92805,20.85493],[86.92549,20.85788],[86.92458,20.86003]]]}},{"type":"Feature","properties":{"LCODE":"050252016001600056","LOCATION":"GARAGARI","V_TYPE":"VILLAGE","BLOCK":"DHAMNAGAR","DISTRICT":"BHADRAK"},"geometry":{"type":"Polygon","coordinates":[[[86.59284,20.85738],[86.59348,20.86214],[86.59373,20.86276],[86.59453,20.86283],[86.59754,20.86192],[86.59999,20.86078],[86.60782,20.85834],[86.61181,20.85766],[86.61368,20.85813],[86.61547,20.85706],[86.61864,20.85654],[86.61768,20.85553],[86.61671,20.85315],[86.61582,20.85192],[86.61379,20.85007],[86.61242,20.84723],[86.61153,20.84607],[86.61056,20.84522],[86.60311,20.84233],[86.60314,20.84298],[86.60223,20.84528],[86.6013,20.84668],[86.59982,20.84815],[86.59822,20.85099],[86.59742,20.85452],[86.59665,20.85538],[86.59572,20.85565],[86.59293,20.85509],[86.59284,20.85738]]]}},{"type":"Feature","properties":{"LCODE":"050251015001500067","LOCATION":"NANDAPUR","V_TYPE":"VILLAGE","BLOCK":"CHANDABALI","DISTRICT":"BHADRAK"},"geometry":{"type":"Polygon","coordinates":[[[86.64972,20.84043],[86.65004,20.84227],[86.65125,20.84465],[86.65189,20.84716],[86.65303,20.84757],[86.65417,20.84872],[86.65433,20.84934],[86.65383,20.85133],[86.65391,20.85217],[86.65456,20.85271],[86.6552,20.85279],[86.6601,20.85227],[86.66099,20.85235],[86.66131,20.85281],[86.65919,20.85472],[86.65853,20.85571],[86.65878,20.8561],[86.65951,20.85618],[86.66081,20.85588],[86.66203,20.85603],[86.6626,20.85634],[86.66284,20.85695],[86.65999,20.85863],[86.65933,20.85978],[86.65932,20.86063],[86.6599,20.86147],[86.66152,20.8624],[86.66282,20.86217],[86.66438,20.85864],[86.66496,20.85773],[86.66569,20.8575],[86.66658,20.85758],[86.66756,20.85881],[86.66845,20.85919],[86.67162,20.85874],[86.6744,20.85749],[86.67075,20.85345],[86.66978,20.85076],[86.66978,20.84946],[86.67004,20.84762],[86.6721,20.84172],[86.67332,20.8398],[86.67536,20.83797],[86.66952,20.83427],[86.66618,20.83365],[86.66553,20.83319],[86.66505,20.83265],[86.66457,20.83065],[86.66364,20.8291],[86.66188,20.8308],[86.66148,20.83164],[86.66131,20.83325],[86.66081,20.83401],[86.65968,20.83447],[86.65715,20.83416],[86.6556,20.83461],[86.65234,20.83698],[86.6512,20.83759],[86.65019,20.83756],[86.64972,20.84043]]]}},{"type":"Feature","properties":{"LCODE":"050260016001600102","LOCATION":"BAIKUNTHI","V_TYPE":"VILLAGE","BLOCK":"DHAMNAGAR","DISTRICT":"BHADRAK"},"geometry":{"type":"Polygon","coordinates":[[[86.41438,20.85627],[86.41497,20.86072],[86.41689,20.86157],[86.42163,20.86207],[86.42456,20.86196],[86.42609,20.86136],[86.42822,20.85982],[86.42886,20.85758],[86.42841,20.8566],[86.4271,20.85634],[86.42536,20.85764],[86.42445,20.85744],[86.4232,20.85665],[86.42261,20.85529],[86.41784,20.85627],[86.41438,20.85627]]]}},{"type":"Feature","properties":{"LCODE":"050230015001500103","LOCATION":"HARIPUR","V_TYPE":"VILLAGE","BLOCK":"CHANDABALI","DISTRICT":"BHADRAK"},"geometry":{"type":"Polygon","coordinates":[[[86.78446,20.85997],[86.7851,20.8606],[86.79023,20.86044],[86.7924,20.8617],[86.79696,20.86176],[86.79893,20.86087],[86.80014,20.85751],[86.79605,20.85776],[86.79322,20.85641],[86.78996,20.85736],[86.78922,20.85781],[86.78854,20.85888],[86.78529,20.85891],[86.78447,20.85951],[86.78446,20.85997]]]}},{"type":"Feature","properties":{"LCODE":"050240015001500053","LOCATION":"SANASINGPUR","V_TYPE":"VILLAGE","BLOCK":"CHANDABALI","DISTRICT":"BHADRAK"},"geometry":{"type":"Polygon","coordinates":[[[86.69083,20.8374],[86.6913,20.84185],[86.69292,20.84553],[86.69437,20.84807],[86.69453,20.84945],[86.69509,20.85098],[86.69704,20.85398],[86.7011,20.85813],[86.70312,20.85975],[86.70491,20.8599],[86.70605,20.86083],[86.70711,20.86083],[86.70963,20.85884],[86.71558,20.85571],[86.71624,20.85503],[86.71665,20.85311],[86.716,20.85227],[86.7152,20.85004],[86.71553,20.84813],[86.71537,20.84728],[86.71375,20.84398],[86.71394,20.84271],[86.71368,20.84214],[86.7141,20.83908],[86.71181,20.83923],[86.71133,20.83769],[86.71052,20.83761],[86.7102,20.83707],[86.71069,20.83447],[86.70931,20.8327],[86.70891,20.83255],[86.70858,20.83293],[86.70866,20.83477],[86.70825,20.83508],[86.70698,20.83518],[86.70573,20.83645],[86.70442,20.8366],[86.70312,20.83636],[86.70222,20.8369],[86.70205,20.83904],[86.70139,20.8405],[86.70203,20.84364],[86.70196,20.8441],[86.70155,20.84433],[86.70097,20.84425],[86.6996,20.84241],[86.69789,20.84263],[86.69545,20.84232],[86.69334,20.84093],[86.69286,20.83955],[86.69328,20.83618],[86.69202,20.83346],[86.69083,20.83548],[86.69083,20.8374]]]}},{"type":"Feature","properties":{"LCODE":"050240015001500019","LOCATION":"MATTO","V_TYPE":"VILLAGE","BLOCK":"CHANDABALI","DISTRICT":"BHADRAK"},"geometry":{"type":"Polygon","coordinates":[[[86.73348,20.86038],[86.74406,20.86077],[86.74998,20.85961],[86.75176,20.85959],[86.75419,20.86009],[86.75501,20.85956],[86.75576,20.85857],[86.75617,20.8585],[86.75852,20.859],[86.75967,20.85878],[86.76237,20.85744],[86.76321,20.85607],[86.76273,20.85514],[86.76055,20.85411],[86.75976,20.85333],[86.75994,20.85203],[86.76182,20.85152],[86.76585,20.85342],[86.76737,20.85497],[86.76923,20.85615],[86.771,20.85676],[86.77177,20.85534],[86.77009,20.85309],[86.77018,20.85279],[86.77174,20.85181],[86.77215,20.8511],[86.77159,20.85073],[86.76965,20.85071],[86.76924,20.85047],[86.76885,20.84931],[86.7678,20.84899],[86.76576,20.84904],[86.76282,20.85],[86.76144,20.84982],[86.76121,20.84898],[86.76238,20.84684],[86.76257,20.84508],[86.76218,20.84446],[86.7617,20.84415],[86.75885,20.84403],[86.7578,20.84371],[86.75486,20.8442],[86.75438,20.84397],[86.7539,20.84319],[86.75276,20.84325],[86.75146,20.84362],[86.74792,20.84653],[86.7467,20.84653],[86.7419,20.84766],[86.74113,20.8476],[86.741,20.85034],[86.74164,20.85326],[86.74131,20.85494],[86.73992,20.85639],[86.73585,20.85792],[86.73413,20.85944],[86.73348,20.86038]]]}},{"type":"Feature","properties":{"LCODE":"050240015001500055","LOCATION":"JYOTISINGPUR","V_TYPE":"VILLAGE","BLOCK":"CHANDABALI","DISTRICT":"BHADRAK"},"geometry":{"type":"Polygon","coordinates":[[[86.66978,20.84946],[86.66978,20.85076],[86.67035,20.8526],[86.67139,20.85437],[86.6744,20.85749],[86.67594,20.85783],[86.67692,20.85845],[86.67813,20.85999],[86.67813,20.86083],[86.67992,20.86045],[86.68114,20.85984],[86.68147,20.85938],[86.68115,20.858],[86.6814,20.85731],[86.6841,20.85448],[86.68548,20.85379],[86.68809,20.85349],[86.69485,20.85032],[86.69437,20.84807],[86.69292,20.84553],[86.6913,20.84185],[86.69083,20.83878],[86.69083,20.83584],[86.6879,20.83632],[86.6866,20.83731],[86.68456,20.83807],[86.68365,20.83792],[86.68342,20.83899],[86.68268,20.84021],[86.67869,20.84235],[86.67738,20.84242],[86.67592,20.84173],[86.67503,20.84042],[86.67456,20.83879],[86.67332,20.8398],[86.6721,20.84172],[86.67004,20.84762],[86.66978,20.84946]]]}},{"type":"Feature","properties":{"LCODE":"050230015001500092","LOCATION":"GANGADHARPUR","V_TYPE":"VILLAGE","BLOCK":"CHANDABALI","DISTRICT":"BHADRAK"},"geometry":{"type":"Polygon","coordinates":[[[86.87142,20.8506],[86.87495,20.85365],[86.87637,20.85604],[86.87878,20.85853],[86.88039,20.85932],[86.88316,20.85959],[86.88439,20.85838],[86.88718,20.85434],[86.88255,20.85199],[86.88054,20.84989],[86.87836,20.8487],[86.87782,20.84731],[86.87444,20.84567],[86.87308,20.84848],[86.87184,20.84976],[86.87142,20.8506]]]}},{"type":"Feature","properties":{"LCODE":"050260016001600105","LOCATION":"MISARPUR","V_TYPE":"VILLAGE","BLOCK":"DHAMNAGAR","DISTRICT":"BHADRAK"},"geometry":{"type":"Polygon","coordinates":[[[86.43251,20.85682],[86.43352,20.8577],[86.43447,20.85928],[86.43615,20.85821],[86.43875,20.85811],[86.44215,20.8571],[86.44122,20.85664],[86.44104,20.85619],[86.44146,20.85456],[86.44097,20.85274],[86.4385,20.85215],[86.43765,20.85318],[86.4363,20.85415],[86.43347,20.85456],[86.43289,20.85642],[86.43251,20.85682]]]}},{"type":"Feature","properties":{"LCODE":"050230015001500104","LOCATION":"MAUSUDHA","V_TYPE":"VILLAGE","BLOCK":"CHANDABALI","DISTRICT":"BHADRAK"},"geometry":{"type":"Polygon","coordinates":[[[86.77009,20.85309],[86.77177,20.85534],[86.771,20.85676],[86.77214,20.85727],[86.77345,20.85706],[86.77607,20.8554],[86.77738,20.85496],[86.77885,20.85506],[86.77859,20.8559],[86.77907,20.85652],[86.78209,20.85556],[86.78341,20.85451],[86.78495,20.85491],[86.78526,20.85553],[86.78485,20.85599],[86.77937,20.8576],[86.77961,20.85806],[86.78098,20.8587],[86.78294,20.85872],[86.78471,20.85921],[86.78529,20.85891],[86.78854,20.85888],[86.78922,20.85781],[86.78996,20.85736],[86.79322,20.85641],[86.79605,20.85776],[86.80014,20.85751],[86.80138,20.85545],[86.80303,20.85379],[86.80405,20.85142],[86.8044,20.84966],[86.80435,20.84759],[86.8035,20.84435],[86.80368,20.84382],[86.80289,20.84273],[86.80102,20.84255],[86.79668,20.84379],[86.79317,20.84428],[86.79211,20.84473],[86.78989,20.84654],[86.78841,20.84713],[86.78662,20.84718],[86.784,20.84814],[86.77935,20.84908],[86.77395,20.85092],[86.77215,20.8511],[86.77174,20.85181],[86.77018,20.85279],[86.77009,20.85309]]]}},{"type":"Feature","properties":{"LCODE":"050230015001500093","LOCATION":"TENTULIADIA","V_TYPE":"VILLAGE","BLOCK":"CHANDABALI","DISTRICT":"BHADRAK"},"geometry":{"type":"Polygon","coordinates":[[[86.86679,20.85514],[86.87238,20.85691],[86.87392,20.85799],[86.87649,20.85615],[86.87495,20.85365],[86.87166,20.85099],[86.87142,20.8506],[86.87158,20.85028],[86.8711,20.85006],[86.8698,20.8505],[86.86855,20.85171],[86.86688,20.8543],[86.86679,20.85514]]]}},{"type":"Feature","properties":{"LCODE":"050230015001500116","LOCATION":"JAGANATHPRASAD","V_TYPE":"VILLAGE","BLOCK":"CHANDABALI","DISTRICT":"BHADRAK"},"geometry":{"type":"Polygon","coordinates":[[[86.90111,20.84555],[86.90459,20.84662],[86.91057,20.84946],[86.92121,20.85568],[86.92565,20.85768],[86.92805,20.85493],[86.9294,20.85257],[86.93104,20.84571],[86.92651,20.84401],[86.90704,20.84067],[86.90155,20.8393],[86.90111,20.84555]]]}},{"type":"Feature","properties":{"LCODE":"050260016001600104","LOCATION":"KANTAPARI","V_TYPE":"VILLAGE","BLOCK":"DHAMNAGAR","DISTRICT":"BHADRAK"},"geometry":{"type":"Polygon","coordinates":[[[86.42261,20.85529],[86.42286,20.8562],[86.42371,20.85716],[86.42536,20.85764],[86.4271,20.85634],[86.42869,20.85686],[86.43051,20.85606],[86.43251,20.85682],[86.43289,20.85642],[86.43347,20.85456],[86.4363,20.85415],[86.43819,20.85262],[86.4385,20.85215],[86.4376,20.85188],[86.43709,20.85136],[86.43745,20.8505],[86.43999,20.84872],[86.43999,20.84748],[86.43651,20.84749],[86.43246,20.84585],[86.43047,20.84568],[86.42842,20.84608],[86.42731,20.84789],[86.42661,20.85089],[86.42557,20.8532],[86.42458,20.85446],[86.42261,20.85529]]]}},{"type":"Feature","properties":{"LCODE":"050251015001500062","LOCATION":"KHATUAPATNA","V_TYPE":"VILLAGE","BLOCK":"CHANDABALI","DISTRICT":"BHADRAK"},"geometry":{"type":"Polygon","coordinates":[[[86.61254,20.84745],[86.61379,20.85007],[86.61582,20.85192],[86.61671,20.85315],[86.61768,20.85553],[86.61832,20.8563],[86.61922,20.85699],[86.6206,20.85715],[86.62157,20.85692],[86.62313,20.85554],[86.6259,20.8554],[86.62777,20.85486],[86.63046,20.8528],[86.63535,20.85182],[86.6365,20.85128],[86.64128,20.85011],[86.64107,20.84815],[86.64221,20.84585],[86.64249,20.83872],[86.642,20.83787],[86.63916,20.83702],[86.63827,20.83587],[86.63779,20.83382],[86.63404,20.83386],[86.63356,20.83255],[86.6312,20.83155],[86.63129,20.83209],[86.63063,20.8327],[86.62737,20.83507],[86.62679,20.83637],[86.62451,20.83728],[86.62272,20.83689],[86.62173,20.83881],[86.61903,20.84249],[86.61568,20.84555],[86.61389,20.84685],[86.61254,20.84745]]]}},{"type":"Feature","properties":{"LCODE":"050260016001600113","LOCATION":"JAYANTARA","V_TYPE":"VILLAGE","BLOCK":"DHAMNAGAR","DISTRICT":"BHADRAK"},"geometry":{"type":"Polygon","coordinates":[[[86.45202,20.85361],[86.45248,20.85498],[86.4532,20.856],[86.45599,20.85515],[86.45734,20.85637],[86.45872,20.85604],[86.45979,20.85408],[86.45947,20.85248],[86.45988,20.85071],[86.46019,20.85016],[86.46277,20.84955],[86.46224,20.84818],[86.45991,20.84633],[86.4573,20.84343],[86.45477,20.84241],[86.45384,20.84466],[86.45323,20.84759],[86.45354,20.85118],[86.45333,20.85188],[86.45223,20.85284],[86.45202,20.85361]]]}},{"type":"Feature","properties":{"LCODE":"050230015001500087","LOCATION":"KAITHKOLA","V_TYPE":"VILLAGE","BLOCK":"CHANDABALI","DISTRICT":"BHADRAK"},"geometry":{"type":"Polygon","coordinates":[[[86.92916,20.853],[86.93645,20.85435],[86.94235,20.85636],[86.94292,20.85613],[86.94376,20.85507],[86.94659,20.85089],[86.93834,20.84755],[86.93104,20.84571],[86.92916,20.853]]]}},{"type":"Feature","properties":{"LCODE":"050230015001500110","LOCATION":"BADATILANCHI","V_TYPE":"VILLAGE","BLOCK":"CHANDABALI","DISTRICT":"BHADRAK"},"geometry":{"type":"Polygon","coordinates":[[[86.83311,20.85006],[86.83326,20.85068],[86.83382,20.85115],[86.83504,20.8514],[86.83748,20.85143],[86.83952,20.85092],[86.84413,20.85275],[86.84667,20.85525],[86.84769,20.85395],[86.84892,20.85336],[86.85454,20.85305],[86.85577,20.85238],[86.85973,20.84875],[86.86515,20.84553],[86.86689,20.84371],[86.86699,20.84256],[86.86668,20.84214],[86.86372,20.84397],[86.862,20.84418],[86.85738,20.84357],[86.84533,20.84379],[86.8364,20.84274],[86.83654,20.84413],[86.83538,20.84557],[86.83582,20.84818],[86.8354,20.84894],[86.83328,20.84937],[86.83311,20.85006]]]}},{"type":"Feature","properties":{"LCODE":"050230015001500111","LOCATION":"JHARPADA","V_TYPE":"VILLAGE","BLOCK":"CHANDABALI","DISTRICT":"BHADRAK"},"geometry":{"type":"Polygon","coordinates":[[[86.85744,20.83452],[86.85767,20.83552],[86.85879,20.83676],[86.86443,20.84014],[86.8662,20.84147],[86.86699,20.84256],[86.86689,20.84371],[86.86515,20.84553],[86.85892,20.8494],[86.85931,20.8502],[86.86123,20.85207],[86.86533,20.85474],[86.86679,20.85514],[86.86688,20.8543],[86.86747,20.85323],[86.86905,20.85118],[86.87037,20.8502],[86.8711,20.85006],[86.87158,20.85028],[86.87308,20.84848],[86.87417,20.8465],[86.87453,20.84435],[86.87538,20.84183],[86.87629,20.84092],[86.87713,20.83917],[86.87827,20.83427],[86.87846,20.83228],[86.87791,20.83082],[86.87646,20.82965],[86.8756,20.82848],[86.87612,20.82596],[86.87686,20.82535],[86.86996,20.82495],[86.86739,20.82384],[86.86675,20.82659],[86.86428,20.8287],[86.85993,20.83102],[86.85786,20.83337],[86.85744,20.83452]]]}},{"type":"Feature","properties":{"LCODE":"050230015001500112","LOCATION":"BIJIPUR","V_TYPE":"VILLAGE","BLOCK":"CHANDABALI","DISTRICT":"BHADRAK"},"geometry":{"type":"Polygon","coordinates":[[[86.87444,20.84567],[86.87782,20.84731],[86.87836,20.8487],[86.88054,20.84989],[86.88255,20.85199],[86.88718,20.85434],[86.88961,20.85247],[86.89107,20.85094],[86.88545,20.84819],[86.88062,20.84528],[86.8756,20.84337],[86.87492,20.84317],[86.87444,20.84567]]]}},{"type":"Feature","properties":{"LCODE":"050240015001500050","LOCATION":"RAMESWARPUR","V_TYPE":"VILLAGE","BLOCK":"CHANDABALI","DISTRICT":"BHADRAK"},"geometry":{"type":"Polygon","coordinates":[[[86.71375,20.84345],[86.71416,20.84513],[86.71537,20.84728],[86.71553,20.84813],[86.7152,20.85004],[86.71665,20.85329],[86.7173,20.85403],[86.72031,20.85328],[86.72073,20.8522],[86.72065,20.85036],[86.72106,20.84952],[86.72195,20.84922],[86.72237,20.84654],[86.72221,20.84493],[86.72003,20.84139],[86.72069,20.83841],[86.71931,20.8384],[86.71776,20.83894],[86.71629,20.84085],[86.71433,20.84207],[86.71375,20.84345]]]}},{"type":"Feature","properties":{"LCODE":"050230015001500161","LOCATION":"CHANDANIPAL","V_TYPE":"VILLAGE","BLOCK":"CHANDABALI","DISTRICT":"BHADRAK"},"geometry":{"type":"Polygon","coordinates":[[[86.94659,20.85089],[86.94844,20.85207],[86.95103,20.8532],[86.95275,20.85182],[86.95367,20.85045],[86.95394,20.84877],[86.95501,20.84802],[86.95526,20.84733],[86.95708,20.84551],[86.95761,20.84253],[86.95982,20.83658],[86.95993,20.83424],[86.9565,20.83515],[86.95219,20.8368],[86.95129,20.84083],[86.94994,20.84388],[86.9472,20.84806],[86.94659,20.85089]]]}},{"type":"Feature","properties":{"LCODE":"050240015001500051","LOCATION":"KARANDIMAL","V_TYPE":"VILLAGE","BLOCK":"CHANDABALI","DISTRICT":"BHADRAK"},"geometry":{"type":"Polygon","coordinates":[[[86.72003,20.84093],[86.72027,20.84193],[86.72116,20.84293],[86.72221,20.84493],[86.72237,20.84654],[86.72188,20.84891],[86.72309,20.85052],[86.72545,20.85176],[86.72756,20.85215],[86.72993,20.85185],[86.73066,20.85123],[86.73107,20.84947],[86.72954,20.84571],[86.72979,20.84196],[86.73029,20.84051],[86.73029,20.83943],[86.73013,20.8389],[86.72858,20.83797],[86.72776,20.83649],[86.72688,20.83705],[86.72492,20.83758],[86.7237,20.8378],[86.72338,20.8375],[86.72069,20.83872],[86.72003,20.84093]]]}},{"type":"Feature","properties":{"LCODE":"050240015001500021","LOCATION":"BALABHADRAPUR","V_TYPE":"VILLAGE","BLOCK":"CHANDABALI","DISTRICT":"BHADRAK"},"geometry":{"type":"Polygon","coordinates":[[[86.7612,20.84951],[86.76217,20.85006],[86.76331,20.84993],[86.76576,20.84904],[86.7678,20.84899],[86.76885,20.84931],[86.76924,20.85047],[86.76965,20.85071],[86.77306,20.85106],[86.77935,20.84908],[86.784,20.84814],[86.78662,20.84718],[86.78841,20.84713],[86.78989,20.84654],[86.79211,20.84473],[86.79437,20.84407],[86.79401,20.8433],[86.79381,20.84061],[86.79252,20.83959],[86.79072,20.84056],[86.7891,20.83985],[86.78696,20.84151],[86.78647,20.8415],[86.78535,20.84072],[86.78445,20.8407],[86.78329,20.84161],[86.78232,20.84183],[86.78159,20.84135],[86.78094,20.84135],[86.77905,20.84262],[86.77554,20.84365],[86.77325,20.84362],[86.77084,20.84197],[86.7684,20.84201],[86.7675,20.84238],[86.76659,20.84352],[86.76631,20.84567],[86.76508,20.84581],[86.76257,20.84516],[86.76221,20.84738],[86.76138,20.84844],[86.7612,20.84951]]]}},{"type":"Feature","properties":{"LCODE":"050230015001500113","LOCATION":"NUAGAN","V_TYPE":"VILLAGE","BLOCK":"CHANDABALI","DISTRICT":"BHADRAK"},"geometry":{"type":"Polygon","coordinates":[[[86.87492,20.84317],[86.88062,20.84528],[86.88545,20.84819],[86.89107,20.85094],[86.89169,20.8502],[86.89407,20.84862],[86.89464,20.84847],[86.89854,20.84891],[86.89969,20.84824],[86.90109,20.84687],[86.90126,20.84626],[86.90111,20.84555],[86.89673,20.84482],[86.89188,20.84322],[86.88832,20.84148],[86.88705,20.84045],[86.88522,20.84166],[86.88381,20.84364],[86.88088,20.84398],[86.87538,20.84183],[86.87492,20.84317]]]}},{"type":"Feature","properties":{"LCODE":"050230015001500118","LOCATION":"KANAKPRASAD","V_TYPE":"VILLAGE","BLOCK":"CHANDABALI","DISTRICT":"BHADRAK"},"geometry":{"type":"Polygon","coordinates":[[[86.94006,20.8482],[86.94376,20.84993],[86.94659,20.85089],[86.9472,20.84806],[86.94994,20.84388],[86.95129,20.84083],[86.95219,20.8368],[86.94801,20.83772],[86.94495,20.83773],[86.94006,20.8482]]]}},{"type":"Feature","properties":{"LCODE":"050230015001500117","LOCATION":"KRUSHNAPRASAD","V_TYPE":"VILLAGE","BLOCK":"CHANDABALI","DISTRICT":"BHADRAK"},"geometry":{"type":"Polygon","coordinates":[[[86.93104,20.84571],[86.94006,20.8482],[86.94495,20.83773],[86.9361,20.83694],[86.93104,20.84571]]]}},{"type":"Feature","properties":{"LCODE":"050240015001500020","LOCATION":"CHASAKHAND","V_TYPE":"VILLAGE","BLOCK":"CHANDABALI","DISTRICT":"BHADRAK"},"geometry":{"type":"Polygon","coordinates":[[[86.741,20.84728],[86.74113,20.8476],[86.7419,20.84766],[86.7467,20.84653],[86.74792,20.84653],[86.75146,20.84362],[86.75276,20.84325],[86.7539,20.84319],[86.75438,20.84397],[86.75486,20.8442],[86.7578,20.84371],[86.75885,20.84403],[86.7617,20.84415],[86.76257,20.84516],[86.76582,20.84589],[86.76631,20.84567],[86.76659,20.84352],[86.76701,20.84284],[86.7684,20.84201],[86.77084,20.84197],[86.77325,20.84362],[86.77554,20.84365],[86.77905,20.84262],[86.78094,20.84135],[86.78159,20.84135],[86.78232,20.84183],[86.78329,20.84161],[86.78445,20.8407],[86.78535,20.84072],[86.78647,20.8415],[86.78696,20.84151],[86.78853,20.84007],[86.78923,20.83988],[86.78944,20.83947],[86.78896,20.83854],[86.78545,20.83957],[86.78139,20.8389],[86.77901,20.84017],[86.77656,20.84075],[86.77332,20.83978],[86.77056,20.83936],[86.7696,20.83865],[86.7693,20.83689],[86.76816,20.83702],[86.76504,20.83874],[86.75891,20.84027],[86.75792,20.8411],[86.75751,20.84117],[86.75607,20.8403],[86.75362,20.84104],[86.75159,20.84032],[86.75024,20.84064],[86.74648,20.84231],[86.74461,20.84216],[86.74223,20.84429],[86.74117,20.84605],[86.741,20.84728]]]}},{"type":"Feature","properties":{"LCODE":"050251015001500063","LOCATION":"SUNDERPUR","V_TYPE":"VILLAGE","BLOCK":"CHANDABALI","DISTRICT":"BHADRAK"},"geometry":{"type":"Polygon","coordinates":[[[86.60297,20.83861],[86.60311,20.84233],[86.61056,20.84522],[86.61254,20.84745],[86.61389,20.84685],[86.61568,20.84555],[86.61903,20.84249],[86.62173,20.83881],[86.62272,20.83689],[86.62093,20.83551],[86.619,20.83312],[86.61665,20.82882],[86.61592,20.82874],[86.61518,20.82966],[86.61445,20.8295],[86.61223,20.82727],[86.61168,20.82833],[86.61008,20.82887],[86.60484,20.82775],[86.60386,20.82831],[86.60316,20.82951],[86.60297,20.83861]]]}},{"type":"Feature","properties":{"LCODE":"050251015001500066","LOCATION":"BANKAMUHAN","V_TYPE":"VILLAGE","BLOCK":"CHANDABALI","DISTRICT":"BHADRAK"},"geometry":{"type":"Polygon","coordinates":[[[86.63779,20.83382],[86.63827,20.83587],[86.63916,20.83702],[86.642,20.83787],[86.64249,20.83872],[86.64221,20.84585],[86.64188,20.84657],[86.64326,20.84685],[86.64603,20.84602],[86.64734,20.84602],[86.65076,20.84664],[86.65189,20.84716],[86.65125,20.84465],[86.6498,20.84135],[86.64973,20.83966],[86.65019,20.83756],[86.64787,20.83674],[86.64362,20.83462],[86.6403,20.83457],[86.63779,20.83382]]]}},{"type":"Feature","properties":{"LCODE":"050230015001500106","LOCATION":"JUNUDA","V_TYPE":"VILLAGE","BLOCK":"CHANDABALI","DISTRICT":"BHADRAK"},"geometry":{"type":"Polygon","coordinates":[[[86.80368,20.84382],[86.80547,20.84407],[86.80951,20.84574],[86.8147,20.84704],[86.816,20.84652],[86.81716,20.84531],[86.81853,20.84111],[86.81717,20.83955],[86.81686,20.83832],[86.81573,20.83769],[86.81428,20.83736],[86.81356,20.83666],[86.81357,20.83582],[86.81402,20.83512],[86.81147,20.83502],[86.8095,20.83614],[86.80718,20.83842],[86.80582,20.83897],[86.80446,20.84091],[86.80368,20.84382]]]}},{"type":"Feature","properties":{"LCODE":"050230015001500108","LOCATION":"NALAGOHIRA","V_TYPE":"VILLAGE","BLOCK":"CHANDABALI","DISTRICT":"BHADRAK"},"geometry":{"type":"Polygon","coordinates":[[[86.8177,20.8402],[86.81853,20.84111],[86.81785,20.84271],[86.81808,20.8434],[86.81915,20.84342],[86.82143,20.84261],[86.82394,20.84395],[86.82684,20.84499],[86.82805,20.84631],[86.82877,20.8467],[86.83007,20.84687],[86.83042,20.84504],[86.83191,20.84383],[86.83297,20.84361],[86.83578,20.84499],[86.83629,20.84458],[86.83663,20.84359],[86.8364,20.84274],[86.83559,20.84227],[86.83604,20.8402],[86.83752,20.83869],[86.8404,20.83696],[86.84135,20.83448],[86.83769,20.83324],[86.83346,20.83326],[86.82963,20.83374],[86.82882,20.83373],[86.82834,20.83334],[86.82546,20.83476],[86.8239,20.83619],[86.82153,20.83701],[86.82043,20.83906],[86.8177,20.8402]]]}},{"type":"Feature","properties":{"LCODE":"050230015001500124","LOCATION":"BALABHADRAPRASAD","V_TYPE":"VILLAGE","BLOCK":"CHANDABALI","DISTRICT":"BHADRAK"},"geometry":{"type":"Polygon","coordinates":[[[86.90154,20.83921],[86.90704,20.84067],[86.92651,20.84401],[86.93104,20.84571],[86.9361,20.83694],[86.93216,20.83657],[86.92987,20.83731],[86.92922,20.83722],[86.92778,20.83605],[86.92307,20.83544],[86.92267,20.83505],[86.91933,20.83485],[86.91846,20.83377],[86.91717,20.83314],[86.91409,20.83263],[86.90526,20.8299],[86.90441,20.82998],[86.90369,20.83141],[86.90216,20.83584],[86.90154,20.83921]]]}},{"type":"Feature","properties":{"LCODE":"050230015001500115","LOCATION":"BANUASAHI","V_TYPE":"VILLAGE","BLOCK":"CHANDABALI","DISTRICT":"BHADRAK"},"geometry":{"type":"Polygon","coordinates":[[[86.88705,20.84045],[86.88832,20.84148],[86.89188,20.84322],[86.89673,20.84482],[86.90111,20.84555],[86.90154,20.83921],[86.89928,20.83787],[86.89782,20.83739],[86.89424,20.83719],[86.89085,20.83599],[86.88987,20.83597],[86.88871,20.83726],[86.88761,20.84001],[86.88705,20.84045]]]}},{"type":"Feature","properties":{"LCODE":"050240015001500059","LOCATION":"BAULAJODA","V_TYPE":"VILLAGE","BLOCK":"CHANDABALI","DISTRICT":"BHADRAK"},"geometry":{"type":"Polygon","coordinates":[[[86.69053,20.83104],[86.69061,20.83173],[86.69166,20.83265],[86.69328,20.83618],[86.69286,20.83955],[86.69334,20.84093],[86.69545,20.84232],[86.69789,20.84263],[86.6996,20.84241],[86.70097,20.84425],[86.70196,20.8441],[86.70139,20.8405],[86.70205,20.83904],[86.70222,20.8369],[86.70312,20.83636],[86.70442,20.8366],[86.70573,20.83645],[86.70686,20.83545],[86.70698,20.83518],[86.70663,20.83476],[86.70525,20.83369],[86.70483,20.83368],[86.7041,20.83453],[86.70361,20.83452],[86.70272,20.83376],[86.70158,20.83414],[86.70101,20.83482],[86.70141,20.83735],[86.70132,20.83858],[86.70026,20.8395],[86.69936,20.83904],[86.69815,20.8375],[86.69743,20.83558],[86.69751,20.83497],[86.69792,20.83451],[86.69955,20.83413],[86.69979,20.83367],[86.69971,20.83198],[86.69794,20.82799],[86.69746,20.82569],[86.69698,20.82531],[86.69527,20.82484],[86.69413,20.82461],[86.69241,20.82545],[86.69201,20.82629],[86.69151,20.82928],[86.69053,20.83104]]]}},{"type":"Feature","properties":{"LCODE":"050230015001500109","LOCATION":"SANATILANCHI","V_TYPE":"VILLAGE","BLOCK":"CHANDABALI","DISTRICT":"BHADRAK"},"geometry":{"type":"Polygon","coordinates":[[[86.83559,20.84227],[86.8364,20.84274],[86.84533,20.84379],[86.85738,20.84357],[86.862,20.84418],[86.86372,20.84397],[86.86668,20.84214],[86.86443,20.84014],[86.85973,20.83734],[86.85853,20.8376],[86.8556,20.83741],[86.84588,20.83481],[86.84135,20.83448],[86.8404,20.83696],[86.83859,20.83794],[86.83645,20.8396],[86.83578,20.84074],[86.83559,20.84227]]]}},{"type":"Feature","properties":{"LCODE":"050240015001500022","LOCATION":"BAHU","V_TYPE":"VILLAGE","BLOCK":"CHANDABALI","DISTRICT":"BHADRAK"},"geometry":{"type":"Polygon","coordinates":[[[86.7936,20.84035],[86.79396,20.84122],[86.79401,20.8433],[86.79437,20.84407],[86.79668,20.84379],[86.80102,20.84255],[86.80289,20.84273],[86.80368,20.84382],[86.80446,20.84091],[86.80582,20.83897],[86.80418,20.83806],[86.80331,20.83636],[86.80275,20.83613],[86.7998,20.83762],[86.79832,20.83806],[86.79791,20.83805],[86.79675,20.83708],[86.79653,20.83803],[86.79545,20.83948],[86.7936,20.84035]]]}},{"type":"Feature","properties":{"LCODE":"050230015001500114","LOCATION":"GUANL","V_TYPE":"VILLAGE","BLOCK":"CHANDABALI","DISTRICT":"BHADRAK"},"geometry":{"type":"Polygon","coordinates":[[[86.87538,20.84183],[86.88088,20.84398],[86.88381,20.84364],[86.88522,20.84166],[86.88761,20.84001],[86.88821,20.83818],[86.88964,20.83618],[86.88736,20.83525],[86.88298,20.83442],[86.87845,20.83297],[86.87713,20.83917],[86.87629,20.84092],[86.87538,20.84183]]]}},{"type":"Feature","properties":{"LCODE":"050240015001500049","LOCATION":"JAGANATHAPUR","V_TYPE":"VILLAGE","BLOCK":"CHANDABALI","DISTRICT":"BHADRAK"},"geometry":{"type":"Polygon","coordinates":[[[86.7102,20.83707],[86.71052,20.83761],[86.71133,20.83769],[86.71181,20.83923],[86.7141,20.83908],[86.71368,20.84214],[86.71394,20.84271],[86.7149,20.84153],[86.71661,20.84054],[86.71776,20.83894],[86.71931,20.8384],[86.72037,20.83833],[86.72069,20.83841],[86.72069,20.83872],[86.72338,20.8375],[86.72623,20.83413],[86.72673,20.83183],[86.72787,20.83138],[86.72787,20.83115],[86.72674,20.82931],[86.72186,20.82783],[86.71918,20.82806],[86.7151,20.82935],[86.71119,20.8314],[86.71184,20.83263],[86.71191,20.83371],[86.71167,20.83409],[86.71069,20.83447],[86.7102,20.83707]]]}},{"type":"Feature","properties":{"LCODE":"050240015001500056","LOCATION":"DHANAKHANIA","V_TYPE":"VILLAGE","BLOCK":"CHANDABALI","DISTRICT":"BHADRAK"},"geometry":{"type":"Polygon","coordinates":[[[86.67456,20.83879],[86.67535,20.84111],[86.67592,20.84173],[86.67738,20.84242],[86.67869,20.84235],[86.68268,20.84021],[86.68342,20.83899],[86.68365,20.83792],[86.68285,20.8373],[86.68335,20.83546],[86.68287,20.83377],[86.68201,20.8323],[86.67741,20.83675],[86.6761,20.83774],[86.67536,20.83797],[86.67456,20.83879]]]}},{"type":"Feature","properties":{"LCODE":"050240015001500033","LOCATION":"NAUGARADA","V_TYPE":"VILLAGE","BLOCK":"CHANDABALI","DISTRICT":"BHADRAK"},"geometry":{"type":"Polygon","coordinates":[[[86.74339,20.83985],[86.74363,20.84162],[86.74403,20.842],[86.74583,20.84231],[86.74648,20.84231],[86.75024,20.84064],[86.75159,20.84032],[86.75362,20.84104],[86.75607,20.8403],[86.75751,20.84117],[86.75842,20.84088],[86.75891,20.84027],[86.76267,20.83917],[86.76398,20.83911],[86.76816,20.83702],[86.7693,20.83689],[86.76931,20.8365],[86.77071,20.83529],[86.77088,20.83452],[86.76986,20.83251],[86.77055,20.83014],[86.76998,20.82824],[86.7683,20.82858],[86.76635,20.82847],[86.7606,20.82709],[86.75557,20.82752],[86.7561,20.82848],[86.75549,20.83188],[86.75653,20.83171],[86.75669,20.8321],[86.75627,20.83286],[86.75274,20.83473],[86.75125,20.83617],[86.74934,20.83727],[86.74779,20.83856],[86.74592,20.83871],[86.74519,20.83833],[86.74421,20.83886],[86.74339,20.83985]]]}},{"type":"Feature","properties":{"LCODE":"050240015001500031","LOCATION":"NALITAGARIA","V_TYPE":"VILLAGE","BLOCK":"CHANDABALI","DISTRICT":"BHADRAK"},"geometry":{"type":"Polygon","coordinates":[[[86.76929,20.83734],[86.7696,20.83865],[86.77056,20.83936],[86.77332,20.83978],[86.77656,20.84075],[86.77901,20.84017],[86.78139,20.8389],[86.78545,20.83957],[86.78626,20.8395],[86.78848,20.83854],[86.78896,20.83854],[86.7892,20.83893],[86.78944,20.83947],[86.78923,20.83988],[86.79072,20.84056],[86.79252,20.83959],[86.7936,20.84035],[86.79545,20.83948],[86.79653,20.83803],[86.79675,20.83708],[86.79591,20.83664],[86.79436,20.83701],[86.79176,20.83651],[86.78963,20.83725],[86.78786,20.83694],[86.78629,20.83758],[86.78426,20.83786],[86.78149,20.83736],[86.77811,20.83562],[86.77543,20.83543],[86.77494,20.83512],[86.77431,20.83357],[86.7738,20.82996],[86.7741,20.82785],[86.77273,20.82634],[86.77184,20.82586],[86.77111,20.82585],[86.77045,20.826],[86.76987,20.82729],[86.77055,20.83014],[86.76986,20.83251],[86.77088,20.83452],[86.77029,20.83582],[86.76931,20.8365],[86.76929,20.83734]]]}},{"type":"Feature","properties":{"LCODE":"050230015001500107","LOCATION":"NUAGAN","V_TYPE":"VILLAGE","BLOCK":"CHANDABALI","DISTRICT":"BHADRAK"},"geometry":{"type":"Polygon","coordinates":[[[86.81356,20.83666],[86.81428,20.83736],[86.81573,20.83769],[86.81686,20.83832],[86.81717,20.83955],[86.8177,20.8402],[86.81855,20.84003],[86.82043,20.83906],[86.82153,20.83701],[86.8239,20.83619],[86.82546,20.83476],[86.82834,20.83334],[86.82763,20.83172],[86.82417,20.82898],[86.82352,20.82764],[86.81941,20.82669],[86.81851,20.82691],[86.81612,20.82939],[86.81569,20.83055],[86.81523,20.83361],[86.81357,20.83582],[86.81356,20.83666]]]}},{"type":"Feature","properties":{"LCODE":"050240015001500035","LOCATION":"BHATAPADA","V_TYPE":"VILLAGE","BLOCK":"CHANDABALI","DISTRICT":"BHADRAK"},"geometry":{"type":"Polygon","coordinates":[[[86.72338,20.8375],[86.7237,20.8378],[86.72549,20.83743],[86.72688,20.83705],[86.72941,20.83544],[86.73095,20.83545],[86.73339,20.83637],[86.7368,20.8396],[86.73737,20.83961],[86.73867,20.83892],[86.74088,20.83732],[86.7429,20.83748],[86.74436,20.83878],[86.74519,20.83833],[86.74519,20.83771],[86.74567,20.83702],[86.7495,20.83444],[86.75195,20.83311],[86.75549,20.83188],[86.7561,20.82848],[86.75594,20.82794],[86.75426,20.82615],[86.75517,20.8254],[86.75891,20.82568],[86.75941,20.82538],[86.75803,20.82444],[86.75727,20.82166],[86.7577,20.82029],[86.75835,20.81999],[86.75981,20.82032],[86.76124,20.82249],[86.76337,20.82198],[86.76537,20.8237],[86.76855,20.82321],[86.77024,20.82407],[86.7713,20.82394],[86.77213,20.82353],[86.77197,20.82318],[86.7724,20.82173],[86.77159,20.82125],[86.76688,20.82126],[86.76517,20.82055],[86.76284,20.81898],[86.76141,20.8175],[86.76128,20.81679],[86.76043,20.81741],[86.75791,20.8173],[86.75759,20.81676],[86.75726,20.81416],[86.75576,20.81435],[86.75359,20.81332],[86.75278,20.81262],[86.75035,20.80894],[86.74918,20.80846],[86.74813,20.80562],[86.74772,20.80554],[86.74723,20.80638],[86.74634,20.80668],[86.74544,20.8066],[86.74528,20.80745],[86.74576,20.80852],[86.74544,20.8089],[86.7438,20.80874],[86.74144,20.81173],[86.74014,20.81279],[86.73932,20.81402],[86.73834,20.8147],[86.73761,20.81455],[86.73647,20.81378],[86.73404,20.81124],[86.73322,20.8117],[86.73248,20.81377],[86.73199,20.81422],[86.73118,20.81606],[86.72783,20.81896],[86.72775,20.8195],[86.72815,20.82011],[86.72953,20.82104],[86.73002,20.82173],[86.73058,20.82342],[86.73058,20.82556],[86.72739,20.828],[86.72674,20.829],[86.72787,20.83138],[86.72673,20.83183],[86.72623,20.83413],[86.72338,20.8375]]]}},{"type":"Feature","properties":{"LCODE":"050240015001500048","LOCATION":"PURUSOTTAMPUR","V_TYPE":"VILLAGE","BLOCK":"CHANDABALI","DISTRICT":"BHADRAK"},"geometry":{"type":"Polygon","coordinates":[[[86.69743,20.83558],[86.69815,20.8375],[86.69936,20.83904],[86.69985,20.83942],[86.70058,20.83942],[86.70132,20.83858],[86.70141,20.83735],[86.70101,20.83482],[86.70158,20.83414],[86.70272,20.83376],[86.70361,20.83452],[86.7041,20.83453],[86.70483,20.83368],[86.70525,20.83369],[86.70711,20.8353],[86.70776,20.83523],[86.70866,20.83477],[86.70858,20.83293],[86.70891,20.83255],[86.70997,20.83347],[86.71037,20.83431],[86.71094,20.83455],[86.71167,20.83409],[86.712,20.83317],[86.71119,20.8314],[86.71136,20.83117],[86.71543,20.82927],[86.71406,20.82674],[86.71072,20.8265],[86.70982,20.82634],[86.70934,20.82596],[86.70804,20.82588],[86.70715,20.82396],[86.70617,20.82395],[86.7047,20.82548],[86.70502,20.82748],[86.70494,20.82794],[86.70445,20.82824],[86.70396,20.82816],[86.70332,20.82709],[86.70274,20.82678],[86.70136,20.82677],[86.69944,20.82572],[86.69884,20.82592],[86.69765,20.82645],[86.69794,20.82799],[86.69971,20.83198],[86.69979,20.83367],[86.69955,20.83413],[86.69792,20.83451],[86.69751,20.83497],[86.69743,20.83558]]]}},{"type":"Feature","properties":{"LCODE":"050230015001500125","LOCATION":"SANKHAJORI","V_TYPE":"VILLAGE","BLOCK":"CHANDABALI","DISTRICT":"BHADRAK"},"geometry":{"type":"Polygon","coordinates":[[[86.8756,20.82848],[86.87646,20.82965],[86.87791,20.83082],[86.87831,20.83151],[86.87845,20.83297],[86.88298,20.83442],[86.88736,20.83525],[86.88964,20.83618],[86.89085,20.83599],[86.89424,20.83719],[86.89782,20.83739],[86.89928,20.83787],[86.90154,20.83921],[86.90276,20.83393],[86.90441,20.82998],[86.90395,20.83003],[86.90329,20.8311],[86.90222,20.83147],[86.90069,20.83114],[86.89972,20.83051],[86.89891,20.83035],[86.89817,20.83072],[86.89242,20.82933],[86.89063,20.82877],[86.88879,20.82759],[86.88708,20.82696],[86.88196,20.82719],[86.87727,20.82536],[86.87645,20.8255],[86.87612,20.82596],[86.8756,20.82848]]]}},{"type":"Feature","properties":{"LCODE":"050240015001500023","LOCATION":"SINGITI","V_TYPE":"VILLAGE","BLOCK":"CHANDABALI","DISTRICT":"BHADRAK"},"geometry":{"type":"Polygon","coordinates":[[[86.78786,20.83694],[86.78963,20.83725],[86.79176,20.83651],[86.79436,20.83701],[86.79591,20.83664],[86.79791,20.83805],[86.79832,20.83806],[86.7998,20.83762],[86.80226,20.8362],[86.80299,20.83613],[86.80418,20.83806],[86.80595,20.83901],[86.80718,20.83842],[86.8095,20.83614],[86.8109,20.83524],[86.81147,20.83502],[86.81402,20.83512],[86.81465,20.8346],[86.81523,20.83361],[86.81569,20.83055],[86.81612,20.82939],[86.81255,20.82833],[86.81133,20.82895],[86.80994,20.82855],[86.8084,20.82876],[86.80646,20.82819],[86.80564,20.82834],[86.80432,20.82932],[86.80383,20.82939],[86.7997,20.82871],[86.79643,20.8292],[86.79491,20.82826],[86.79385,20.82802],[86.79303,20.82846],[86.79197,20.8286],[86.79085,20.82747],[86.79041,20.82943],[86.78892,20.83109],[86.78931,20.83233],[86.78912,20.83378],[86.78786,20.83694]]]}},{"type":"Feature","properties":{"LCODE":"050240015001500034","LOCATION":"JAYAKRUSHNAPUR","V_TYPE":"VILLAGE","BLOCK":"CHANDABALI","DISTRICT":"BHADRAK"},"geometry":{"type":"Polygon","coordinates":[[[86.74519,20.83771],[86.74543,20.83863],[86.74779,20.83856],[86.74934,20.83727],[86.75125,20.83617],[86.75274,20.83473],[86.75586,20.83324],[86.75652,20.83248],[86.75653,20.83171],[86.75401,20.83229],[86.75195,20.83311],[86.74682,20.83619],[86.74519,20.83771]]]}},{"type":"Feature","properties":{"LCODE":"050240015001500057","LOCATION":"GARIPUR","V_TYPE":"VILLAGE","BLOCK":"CHANDABALI","DISTRICT":"BHADRAK"},"geometry":{"type":"Polygon","coordinates":[[[86.68201,20.8323],[86.68287,20.83377],[86.68335,20.83546],[86.68285,20.8373],[86.68365,20.83792],[86.68456,20.83807],[86.6866,20.83731],[86.6879,20.83632],[86.69083,20.83584],[86.69202,20.83346],[86.69166,20.83265],[86.69061,20.83173],[86.69053,20.83104],[86.69151,20.82928],[86.69196,20.82692],[86.68956,20.8282],[86.68997,20.82705],[86.68981,20.82689],[86.68621,20.82725],[86.68614,20.82811],[86.68377,20.83079],[86.68201,20.8323]]]}},{"type":"Feature","properties":{"LCODE":"050251015001500068","LOCATION":"BHUINPUR","V_TYPE":"VILLAGE","BLOCK":"CHANDABALI","DISTRICT":"BHADRAK"},"geometry":{"type":"Polygon","coordinates":[[[86.6636,20.82896],[86.66457,20.83065],[86.66505,20.83265],[86.66553,20.83319],[86.66618,20.83365],[86.66952,20.83427],[86.67536,20.83797],[86.6761,20.83774],[86.67741,20.83675],[86.68285,20.8315],[86.68068,20.83032],[86.67883,20.82494],[86.67876,20.82376],[86.67777,20.8254],[86.67671,20.82501],[86.67632,20.82355],[86.67551,20.82225],[86.6738,20.82163],[86.67315,20.82109],[86.67033,20.81771],[86.66877,20.81809],[86.66754,20.81877],[86.66754,20.82038],[86.66696,20.82261],[86.66606,20.82398],[86.66459,20.82544],[86.6636,20.82896]]]}},{"type":"Feature","properties":{"LCODE":"050240015001500030","LOCATION":"BISWALI","V_TYPE":"VILLAGE","BLOCK":"CHANDABALI","DISTRICT":"BHADRAK"},"geometry":{"type":"Polygon","coordinates":[[[86.7738,20.82996],[86.77431,20.83357],[86.77494,20.83512],[86.77599,20.83559],[86.77811,20.83562],[86.78149,20.83736],[86.78279,20.83769],[86.78523,20.8378],[86.78786,20.83694],[86.78912,20.83378],[86.78931,20.83233],[86.78908,20.83117],[86.78236,20.82931],[86.77539,20.82768],[86.77441,20.82767],[86.77392,20.82796],[86.7738,20.82996]]]}},{"type":"Feature","properties":{"LCODE":"050230015001500119","LOCATION":"BALASAHI","V_TYPE":"VILLAGE","BLOCK":"CHANDABALI","DISTRICT":"BHADRAK"},"geometry":{"type":"Polygon","coordinates":[[[86.9361,20.83694],[86.94215,20.83755],[86.94801,20.83772],[86.95233,20.83678],[86.9565,20.83515],[86.95993,20.83424],[86.96006,20.83136],[86.96057,20.82976],[86.96088,20.82605],[86.94848,20.82974],[86.9482,20.83051],[86.94762,20.83103],[86.94437,20.83068],[86.93976,20.82923],[86.93881,20.83237],[86.93731,20.83534],[86.9361,20.83694]]]}},{"type":"Feature","properties":{"LCODE":"050230015001500131","LOCATION":"POKHARISAHI","V_TYPE":"VILLAGE","BLOCK":"CHANDABALI","DISTRICT":"BHADRAK"},"geometry":{"type":"Polygon","coordinates":[[[86.82352,20.82764],[86.82417,20.82898],[86.82763,20.83172],[86.82834,20.83334],[86.82882,20.83373],[86.83346,20.83326],[86.83769,20.83324],[86.84084,20.83436],[86.84222,20.83469],[86.84588,20.83481],[86.85455,20.83724],[86.85755,20.83759],[86.85973,20.83734],[86.85879,20.83676],[86.85767,20.83552],[86.85744,20.83452],[86.85859,20.83241],[86.83825,20.82864],[86.83485,20.82821],[86.82874,20.82828],[86.82352,20.82764]]]}},{"type":"Feature","properties":{"LCODE":"050251015001500071","LOCATION":"KOILEKHA","V_TYPE":"VILLAGE","BLOCK":"CHANDABALI","DISTRICT":"BHADRAK"},"geometry":{"type":"Polygon","coordinates":[[[86.64356,20.83427],[86.64364,20.83473],[86.64787,20.83674],[86.64982,20.83751],[86.6512,20.83759],[86.6556,20.83461],[86.65715,20.83416],[86.65968,20.83447],[86.66081,20.83401],[86.66131,20.83325],[86.66148,20.83164],[86.66188,20.8308],[86.66364,20.8291],[86.66459,20.82544],[86.66606,20.82398],[86.66696,20.82261],[86.66754,20.82038],[86.66743,20.81909],[86.66657,20.81846],[86.66438,20.81761],[86.66283,20.8183],[86.66201,20.81914],[86.66136,20.81906],[86.65852,20.81591],[86.65494,20.81423],[86.65454,20.81497],[86.65396,20.81873],[86.65321,20.8211],[86.64775,20.82477],[86.64451,20.82578],[86.64546,20.82676],[86.64676,20.82899],[86.64708,20.83052],[86.64658,20.8319],[86.64462,20.83305],[86.64356,20.83427]]]}},{"type":"Feature","properties":{"LCODE":"050230015001500123","LOCATION":"NARASINGPRASAD","V_TYPE":"VILLAGE","BLOCK":"CHANDABALI","DISTRICT":"BHADRAK"},"geometry":{"type":"Polygon","coordinates":[[[86.90453,20.82997],[86.90526,20.8299],[86.90672,20.8303],[86.91409,20.83263],[86.91717,20.83314],[86.91846,20.83377],[86.91933,20.83485],[86.92267,20.83505],[86.92307,20.83544],[86.92778,20.83605],[86.92882,20.83706],[86.92987,20.83731],[86.93216,20.83657],[86.9361,20.83694],[86.93731,20.83534],[86.93881,20.83237],[86.93976,20.82923],[86.93659,20.82911],[86.93124,20.82766],[86.92711,20.82691],[86.92118,20.82629],[86.91753,20.82524],[86.9122,20.82301],[86.90838,20.82207],[86.90723,20.8231],[86.90598,20.82507],[86.90453,20.82997]]]}},{"type":"Feature","properties":{"LCODE":"050251015001500064","LOCATION":"OLAGA","V_TYPE":"VILLAGE","BLOCK":"CHANDABALI","DISTRICT":"BHADRAK"},"geometry":{"type":"Polygon","coordinates":[[[86.61223,20.82727],[86.61445,20.8295],[86.61518,20.82966],[86.61592,20.82874],[86.61665,20.82882],[86.61859,20.83251],[86.61996,20.83435],[86.62215,20.83651],[86.62354,20.8372],[86.62524,20.83713],[86.62679,20.83637],[86.62737,20.83507],[86.63129,20.83209],[86.6304,20.82978],[86.6283,20.82632],[86.62798,20.82402],[86.62709,20.82287],[86.62482,20.82155],[86.62409,20.82063],[86.6245,20.81925],[86.62704,20.81488],[86.62615,20.81419],[86.62215,20.8125],[86.62207,20.81277],[86.62145,20.81284],[86.61893,20.81199],[86.61747,20.8122],[86.61649,20.81297],[86.61429,20.81598],[86.61288,20.81853],[86.61223,20.82727]]]}},{"type":"Feature","properties":{"LCODE":"050251015001500065","LOCATION":"KULEIPADA","V_TYPE":"VILLAGE","BLOCK":"CHANDABALI","DISTRICT":"BHADRAK"},"geometry":{"type":"Polygon","coordinates":[[[86.62409,20.82063],[86.62482,20.82155],[86.62669,20.82256],[86.62758,20.8234],[86.62814,20.82463],[86.6283,20.82632],[86.6312,20.83155],[86.63356,20.83255],[86.63404,20.83386],[86.63746,20.83372],[86.6403,20.83457],[86.64362,20.83462],[86.64365,20.83396],[86.64397,20.83358],[86.64658,20.8319],[86.64708,20.83052],[86.64676,20.82899],[86.64506,20.82622],[86.64336,20.82522],[86.64255,20.82437],[86.64174,20.8223],[86.64127,20.81754],[86.64054,20.81646],[86.63811,20.815],[86.63754,20.81438],[86.63698,20.81285],[86.6372,20.81215],[86.63397,20.81245],[86.62672,20.81458],[86.62704,20.81488],[86.6268,20.81565],[86.6245,20.81925],[86.62409,20.82063]]]}},{"type":"Feature","properties":{"LCODE":"050230015001500130","LOCATION":"BADARUPA","V_TYPE":"VILLAGE","BLOCK":"CHANDABALI","DISTRICT":"BHADRAK"},"geometry":{"type":"Polygon","coordinates":[[[86.82278,20.82505],[86.82291,20.82697],[86.82387,20.82775],[86.82874,20.82828],[86.83485,20.82821],[86.83825,20.82864],[86.85859,20.83241],[86.86079,20.83051],[86.85923,20.82925],[86.85796,20.82769],[86.8565,20.82691],[86.85431,20.82649],[86.85383,20.82633],[86.85378,20.826],[86.84599,20.82338],[86.84331,20.82288],[86.83924,20.82267],[86.83382,20.82075],[86.83351,20.82006],[86.83063,20.81923],[86.82944,20.82054],[86.82639,20.82264],[86.82468,20.82331],[86.8232,20.82335],[86.82278,20.82505]]]}},{"type":"Feature","properties":{"LCODE":"050251015001500069","LOCATION":"PALATPUR","V_TYPE":"VILLAGE","BLOCK":"CHANDABALI","DISTRICT":"BHADRAK"},"geometry":{"type":"Polygon","coordinates":[[[86.67804,20.81965],[86.67933,20.82218],[86.67876,20.82376],[86.67883,20.82494],[86.67988,20.82763],[86.68027,20.82955],[86.68109,20.8307],[86.68285,20.8315],[86.68459,20.82994],[86.68614,20.82811],[86.68631,20.8275],[86.68607,20.82688],[86.68404,20.8255],[86.68323,20.82434],[86.68347,20.82365],[86.68502,20.82243],[86.68568,20.82151],[86.68593,20.82067],[86.68568,20.81983],[86.68447,20.81867],[86.68276,20.81813],[86.6805,20.81686],[86.67877,20.81842],[86.67804,20.81965]]]}},{"type":"Feature","properties":{"LCODE":"050230015001500126","LOCATION":"GOBINDAPUR","V_TYPE":"VILLAGE","BLOCK":"CHANDABALI","DISTRICT":"BHADRAK"},"geometry":{"type":"Polygon","coordinates":[[[86.87686,20.82535],[86.87872,20.82576],[86.88196,20.82719],[86.88708,20.82696],[86.88879,20.82759],[86.89063,20.82877],[86.89242,20.82933],[86.89817,20.83072],[86.89891,20.83035],[86.89972,20.83051],[86.90069,20.83114],[86.90222,20.83147],[86.90329,20.8311],[86.90395,20.83003],[86.90453,20.82997],[86.9053,20.82724],[86.89601,20.82301],[86.89426,20.82115],[86.89395,20.81984],[86.89404,20.8189],[86.89213,20.81859],[86.89127,20.81949],[86.8907,20.81956],[86.88956,20.81955],[86.88737,20.81875],[86.88762,20.81898],[86.8876,20.82052],[86.88742,20.82105],[86.88702,20.8212],[86.88242,20.82005],[86.8809,20.82196],[86.87776,20.82491],[86.87686,20.82535]]]}},{"type":"Feature","properties":{"LCODE":"050240015001500029","LOCATION":"UTAKUDA","V_TYPE":"VILLAGE","BLOCK":"CHANDABALI","DISTRICT":"BHADRAK"},"geometry":{"type":"Polygon","coordinates":[[[86.77137,20.8239],[86.77206,20.82598],[86.77273,20.82634],[86.7741,20.82785],[86.77539,20.82768],[86.78892,20.83109],[86.79041,20.82943],[86.79083,20.82836],[86.79054,20.82613],[86.78895,20.82418],[86.78748,20.82116],[86.78434,20.82243],[86.78338,20.8215],[86.78117,20.82223],[86.77939,20.82182],[86.7767,20.82186],[86.77335,20.82343],[86.77213,20.82353],[86.77137,20.8239]]]}},{"type":"Feature","properties":{"LCODE":"050230015001500121","LOCATION":"CHINIPAHI","V_TYPE":"VILLAGE","BLOCK":"CHANDABALI","DISTRICT":"BHADRAK"},"geometry":{"type":"Polygon","coordinates":[[[86.93958,20.82208],[86.94022,20.82556],[86.93976,20.82923],[86.94437,20.83068],[86.94762,20.83103],[86.9482,20.83051],[86.94888,20.82821],[86.9489,20.82714],[86.94867,20.82622],[86.94795,20.82544],[86.94312,20.82211],[86.94214,20.82252],[86.93958,20.82208]]]}},{"type":"Feature","properties":{"LCODE":"050230015001500128","LOCATION":"SAILENDRAPALI","V_TYPE":"VILLAGE","BLOCK":"CHANDABALI","DISTRICT":"BHADRAK"},"geometry":{"type":"Polygon","coordinates":[[[86.85375,20.82587],[86.85383,20.82633],[86.8565,20.82691],[86.85796,20.82769],[86.85923,20.82925],[86.86079,20.83051],[86.86428,20.8287],[86.86675,20.82659],[86.86841,20.81978],[86.869,20.81795],[86.87009,20.81614],[86.86823,20.81556],[86.86501,20.81375],[86.85582,20.81377],[86.8554,20.8143],[86.85375,20.82587]]]}},{"type":"Feature","properties":{"LCODE":"050230015001500120","LOCATION":"DOSINGA","V_TYPE":"VILLAGE","BLOCK":"CHANDABALI","DISTRICT":"BHADRAK"},"geometry":{"type":"Polygon","coordinates":[[[86.94312,20.82211],[86.94714,20.82481],[86.94867,20.82622],[86.94888,20.82821],[86.94848,20.82974],[86.95777,20.82703],[86.96088,20.82605],[86.96163,20.81888],[86.96228,20.81604],[86.9598,20.81671],[86.95778,20.8156],[86.95387,20.81631],[86.94704,20.81629],[86.94366,20.81594],[86.94381,20.81993],[86.94312,20.82211]]]}},{"type":"Feature","properties":{"LCODE":"050230015001500132","LOCATION":"JENAPUR","V_TYPE":"VILLAGE","BLOCK":"CHANDABALI","DISTRICT":"BHADRAK"},"geometry":{"type":"Polygon","coordinates":[[[86.80896,20.8194],[86.80931,20.82248],[86.80963,20.82294],[86.81223,20.82352],[86.81254,20.82413],[86.81232,20.82782],[86.81271,20.82844],[86.81612,20.82939],[86.81851,20.82691],[86.81941,20.82669],[86.82352,20.82764],[86.82291,20.82697],[86.82278,20.82505],[86.8232,20.82335],[86.82161,20.8215],[86.82,20.82063],[86.81984,20.82025],[86.82001,20.81964],[86.8223,20.81882],[86.82224,20.81805],[86.82112,20.8165],[86.82056,20.81627],[86.81966,20.81648],[86.81793,20.81784],[86.81729,20.81699],[86.81583,20.81697],[86.81519,20.81718],[86.81532,20.81819],[86.81507,20.81857],[86.81303,20.81915],[86.81181,20.81883],[86.81109,20.8182],[86.81022,20.81666],[86.80957,20.81665],[86.80907,20.81725],[86.80896,20.8194]]]}},{"type":"Feature","properties":{"LCODE":"050240015001500024","LOCATION":"MRUGANAYANI","V_TYPE":"VILLAGE","BLOCK":"CHANDABALI","DISTRICT":"BHADRAK"},"geometry":{"type":"Polygon","coordinates":[[[86.78707,20.81955],[86.7873,20.82071],[86.78855,20.82349],[86.79054,20.82613],[86.79085,20.82747],[86.79197,20.8286],[86.79303,20.82846],[86.79385,20.82802],[86.79491,20.82826],[86.79643,20.8292],[86.7997,20.82871],[86.80383,20.82939],[86.80432,20.82932],[86.80564,20.82834],[86.80646,20.82819],[86.8084,20.82876],[86.80994,20.82855],[86.81133,20.82895],[86.81255,20.82833],[86.81232,20.82782],[86.81254,20.82413],[86.81223,20.82352],[86.81052,20.82326],[86.80963,20.82294],[86.80931,20.82248],[86.80896,20.8194],[86.80923,20.81697],[86.80803,20.81632],[86.80649,20.81607],[86.80486,20.81658],[86.80244,20.81501],[86.79991,20.81551],[86.79951,20.81535],[86.79919,20.81466],[86.79748,20.81517],[86.79513,20.81445],[86.79456,20.81467],[86.79338,20.81688],[86.79167,20.81716],[86.79093,20.81761],[86.78849,20.81773],[86.78775,20.81803],[86.78725,20.8184],[86.78707,20.81955]]]}},{"type":"Feature","properties":{"LCODE":"050240015001500047","LOCATION":"BHUINBRUTI","V_TYPE":"VILLAGE","BLOCK":"CHANDABALI","DISTRICT":"BHADRAK"},"geometry":{"type":"Polygon","coordinates":[[[86.69547,20.81418],[86.69547,20.81472],[86.69733,20.81649],[86.69749,20.81687],[86.69724,20.81787],[86.69854,20.81941],[86.6987,20.82025],[86.69845,20.82286],[86.69958,20.82401],[86.69944,20.82572],[86.70136,20.82677],[86.70274,20.82678],[86.70332,20.82709],[86.70396,20.82816],[86.70445,20.82824],[86.70494,20.82794],[86.7047,20.82548],[86.70568,20.82434],[86.70666,20.82388],[86.70715,20.82396],[86.70747,20.82442],[86.70747,20.82503],[86.70804,20.82588],[86.70934,20.82596],[86.70982,20.82634],[86.71072,20.8265],[86.71406,20.82674],[86.71543,20.82927],[86.71918,20.82806],[86.72186,20.82783],[86.72674,20.82931],[86.72739,20.828],[86.72968,20.8264],[86.73058,20.82556],[86.73074,20.82495],[86.73058,20.82342],[86.73002,20.82173],[86.72953,20.82104],[86.72815,20.82011],[86.72775,20.8195],[86.72783,20.81896],[86.73118,20.81606],[86.73199,20.81422],[86.73248,20.81377],[86.73322,20.8117],[86.73404,20.81124],[86.73235,20.80887],[86.73128,20.80893],[86.73014,20.80839],[86.72962,20.80688],[86.72754,20.80724],[86.72681,20.80762],[86.72298,20.81128],[86.722,20.81151],[86.71925,20.80736],[86.71851,20.80667],[86.71786,20.80621],[86.71567,20.80574],[86.71275,20.80397],[86.71239,20.80324],[86.71112,20.80381],[86.70966,20.80387],[86.70892,20.80533],[86.70688,20.80747],[86.70663,20.80893],[86.70605,20.81016],[86.70565,20.81015],[86.70427,20.80923],[86.70289,20.80922],[86.6993,20.81082],[86.69808,20.8109],[86.69711,20.81143],[86.69661,20.81273],[86.69547,20.81418]]]}},{"type":"Feature","properties":{"LCODE":"050230015001500122","LOCATION":"ORAMAL","V_TYPE":"VILLAGE","BLOCK":"CHANDABALI","DISTRICT":"BHADRAK"},"geometry":{"type":"Polygon","coordinates":[[[86.90935,20.82215],[86.9122,20.82301],[86.91753,20.82524],[86.92118,20.82629],[86.92711,20.82691],[86.93124,20.82766],[86.93659,20.82911],[86.93976,20.82923],[86.94022,20.82556],[86.93958,20.82208],[86.93485,20.82026],[86.9343,20.81964],[86.93382,20.81841],[86.9336,20.81687],[86.93256,20.81586],[86.92679,20.81593],[86.92241,20.81502],[86.9218,20.81443],[86.92036,20.81569],[86.90935,20.82215]]]}},{"type":"Feature","properties":{"LCODE":"050240015001500032","LOCATION":"SERAPUR","V_TYPE":"VILLAGE","BLOCK":"CHANDABALI","DISTRICT":"BHADRAK"},"geometry":{"type":"Polygon","coordinates":[[[86.75426,20.82615],[86.75557,20.82752],[86.7606,20.82709],[86.76497,20.8283],[86.7683,20.82858],[86.76998,20.82824],[86.76987,20.82729],[86.77045,20.826],[86.77206,20.82598],[86.77137,20.8239],[86.77024,20.82407],[86.76855,20.82321],[86.76537,20.8237],[86.76337,20.82198],[86.76124,20.82249],[86.75981,20.82032],[86.75835,20.81999],[86.75753,20.82059],[86.75734,20.8222],[86.75803,20.82444],[86.75925,20.82515],[86.75932,20.82553],[86.75517,20.8254],[86.75426,20.82615]]]}},{"type":"Feature","properties":{"LCODE":"050240015001500058","LOCATION":"PURASTAMPUR","V_TYPE":"VILLAGE","BLOCK":"CHANDABALI","DISTRICT":"BHADRAK"},"geometry":{"type":"Polygon","coordinates":[[[86.68533,20.82629],[86.68621,20.82725],[86.68981,20.82689],[86.68997,20.82705],[86.68956,20.8282],[86.69196,20.82692],[86.69241,20.82545],[86.69315,20.82491],[86.69413,20.82461],[86.69698,20.82531],[86.69746,20.82569],[86.69765,20.82645],[86.69944,20.82572],[86.69958,20.82401],[86.69852,20.82293],[86.69641,20.82308],[86.69292,20.82284],[86.69193,20.82337],[86.68948,20.82559],[86.68648,20.82589],[86.68533,20.82629]]]}},{"type":"Feature","properties":{"LCODE":"050230015001500151","LOCATION":"NARASINGPURDIAN","V_TYPE":"VILLAGE","BLOCK":"CHANDABALI","DISTRICT":"BHADRAK"},"geometry":{"type":"Polygon","coordinates":[[[86.89395,20.81984],[86.89426,20.82115],[86.89601,20.82301],[86.9053,20.82724],[86.90657,20.82393],[86.90838,20.82207],[86.90644,20.82193],[86.90432,20.82236],[86.90351,20.82212],[86.90287,20.82142],[86.90222,20.82118],[86.89963,20.82076],[86.89746,20.81889],[86.89665,20.81865],[86.89404,20.8189],[86.89395,20.81984]]]}},{"type":"Feature","properties":{"LCODE":"050240015001500060","LOCATION":"MULAKAEMA","V_TYPE":"VILLAGE","BLOCK":"CHANDABALI","DISTRICT":"BHADRAK"},"geometry":{"type":"Polygon","coordinates":[[[86.68161,20.81742],[86.68276,20.81813],[86.68447,20.81867],[86.68568,20.81983],[86.68593,20.82067],[86.68568,20.82151],[86.68502,20.82243],[86.68347,20.82365],[86.68323,20.82434],[86.68404,20.8255],[86.68533,20.82629],[86.68648,20.82589],[86.68948,20.82559],[86.69193,20.82337],[86.69292,20.82284],[86.69641,20.82308],[86.69852,20.82293],[86.69854,20.81941],[86.69724,20.81787],[86.69749,20.81687],[86.69733,20.81649],[86.69547,20.81472],[86.69551,20.81384],[86.69489,20.81441],[86.6944,20.81441],[86.69157,20.81333],[86.69019,20.81317],[86.6889,20.81353],[86.68904,20.81439],[86.68587,20.81469],[86.68382,20.81606],[86.68253,20.8166],[86.68161,20.81742]]]}},{"type":"Feature","properties":{"LCODE":"050230015001500129","LOCATION":"JALADHARPUR","V_TYPE":"VILLAGE","BLOCK":"CHANDABALI","DISTRICT":"BHADRAK"},"geometry":{"type":"Polygon","coordinates":[[[86.83351,20.82006],[86.83382,20.82075],[86.83924,20.82267],[86.84331,20.82288],[86.84599,20.82338],[86.85378,20.826],[86.85538,20.8145],[86.8519,20.81217],[86.85095,20.81263],[86.84867,20.81306],[86.84753,20.81296],[86.84321,20.81359],[86.84104,20.81195],[86.84006,20.81247],[86.83932,20.81246],[86.83811,20.81191],[86.83722,20.8119],[86.83525,20.8131],[86.83598,20.81357],[86.83613,20.81403],[86.83618,20.81595],[86.83542,20.81747],[86.83377,20.81899],[86.83351,20.82006]]]}},{"type":"Feature","properties":{"LCODE":"050251015001500072","LOCATION":"PAHANA","V_TYPE":"VILLAGE","BLOCK":"CHANDABALI","DISTRICT":"BHADRAK"},"geometry":{"type":"Polygon","coordinates":[[[86.63698,20.81285],[86.63754,20.81438],[86.63811,20.815],[86.64054,20.81646],[86.64127,20.81754],[86.64174,20.8223],[86.64255,20.82437],[86.64409,20.82568],[86.64451,20.82578],[86.64775,20.82477],[86.65321,20.8211],[86.65396,20.81873],[86.65454,20.81497],[86.65494,20.81423],[86.65358,20.81129],[86.64994,20.80629],[86.64921,20.80683],[86.64432,20.80873],[86.64062,20.8096],[86.63983,20.81048],[86.63739,20.81185],[86.63698,20.81285]]]}},{"type":"Feature","properties":{"LCODE":"050251015001500070","LOCATION":"SITALPUR","V_TYPE":"VILLAGE","BLOCK":"CHANDABALI","DISTRICT":"BHADRAK"},"geometry":{"type":"Polygon","coordinates":[[[86.67016,20.81686],[86.67033,20.81771],[86.67088,20.81855],[86.6738,20.82163],[86.67551,20.82225],[86.67632,20.82355],[86.67671,20.82501],[86.67777,20.8254],[86.679,20.82349],[86.67933,20.82218],[86.6782,20.82026],[86.6782,20.81911],[86.6805,20.81686],[86.67789,20.81428],[86.67717,20.81159],[86.67751,20.80899],[86.67423,20.80972],[86.67375,20.81281],[86.67204,20.81449],[86.6704,20.8151],[86.67016,20.81686]]]}},{"type":"Feature","properties":{"LCODE":"050230015001500127","LOCATION":"JHARKATA","V_TYPE":"VILLAGE","BLOCK":"CHANDABALI","DISTRICT":"BHADRAK"},"geometry":{"type":"Polygon","coordinates":[[[86.86739,20.82384],[86.86996,20.82495],[86.87686,20.82535],[86.87776,20.82491],[86.8809,20.82196],[86.88242,20.82005],[86.88644,20.82111],[86.88742,20.82105],[86.88762,20.81898],[86.88626,20.81743],[86.88602,20.81673],[86.88646,20.81513],[86.88829,20.81255],[86.8905,20.8112],[86.89268,20.80896],[86.89392,20.8061],[86.89445,20.80312],[86.89516,20.8019],[86.89293,20.80187],[86.88713,20.80324],[86.88321,20.80465],[86.88139,20.80468],[86.88292,20.80748],[86.88306,20.80886],[86.88239,20.81016],[86.8814,20.81091],[86.87952,20.81173],[86.87306,20.81371],[86.87076,20.81529],[86.869,20.81795],[86.86739,20.82384]]]}},{"type":"Feature","properties":{"LCODE":"050240015001500028","LOCATION":"PANGUDA","V_TYPE":"VILLAGE","BLOCK":"CHANDABALI","DISTRICT":"BHADRAK"},"geometry":{"type":"Polygon","coordinates":[[[86.77179,20.82129],[86.7724,20.82173],[86.77197,20.82318],[86.7722,20.82356],[86.77335,20.82343],[86.77457,20.82268],[86.77769,20.82172],[86.78117,20.82223],[86.78338,20.8215],[86.78434,20.82243],[86.78748,20.82116],[86.78708,20.81909],[86.78758,20.81818],[86.78564,20.81738],[86.78164,20.81848],[86.78044,20.81731],[86.77883,20.81629],[86.77396,20.81599],[86.77331,20.81543],[86.77264,20.81666],[86.77179,20.82129]]]}},{"type":"Feature","properties":{"LCODE":"050230015001500133","LOCATION":"KUANRIKANTHI","V_TYPE":"VILLAGE","BLOCK":"CHANDABALI","DISTRICT":"BHADRAK"},"geometry":{"type":"Polygon","coordinates":[[[86.81984,20.82025],[86.82,20.82063],[86.82161,20.8215],[86.82304,20.82329],[86.82394,20.82345],[86.82565,20.82302],[86.82755,20.82197],[86.82944,20.82054],[86.83063,20.81923],[86.8293,20.819],[86.82898,20.81861],[86.82902,20.81639],[86.8287,20.81561],[86.82774,20.81491],[86.82478,20.81686],[86.82413,20.81685],[86.8231,20.81515],[86.82236,20.81499],[86.82162,20.81551],[86.82101,20.81646],[86.82224,20.81805],[86.8223,20.81882],[86.82001,20.81964],[86.81984,20.82025]]]}},{"type":"Feature","properties":{"LCODE":"050230015001500156","LOCATION":"SOMPATIA","V_TYPE":"VILLAGE","BLOCK":"CHANDABALI","DISTRICT":"BHADRAK"},"geometry":{"type":"Polygon","coordinates":[[[86.9218,20.81443],[86.92241,20.81502],[86.92679,20.81593],[86.93256,20.81586],[86.9336,20.81687],[86.93382,20.81841],[86.9343,20.81964],[86.93485,20.82026],[86.93874,20.82185],[86.94214,20.82252],[86.94304,20.8223],[86.94346,20.82138],[86.94383,20.8184],[86.94331,20.80987],[86.94292,20.80911],[86.93477,20.81021],[86.93119,20.81001],[86.92559,20.80896],[86.92474,20.81168],[86.92308,20.81358],[86.9218,20.81443]]]}},{"type":"Feature","properties":{"LCODE":"050230015001500150","LOCATION":"JAGULA","V_TYPE":"VILLAGE","BLOCK":"CHANDABALI","DISTRICT":"BHADRAK"},"geometry":{"type":"Polygon","coordinates":[[[86.89213,20.81859],[86.8938,20.81892],[86.89608,20.81864],[86.89746,20.81889],[86.89963,20.82076],[86.90222,20.82118],[86.90287,20.82142],[86.90351,20.82212],[86.90432,20.82236],[86.90644,20.82193],[86.90838,20.82207],[86.90867,20.81974],[86.91068,20.81593],[86.91087,20.81402],[86.90993,20.81231],[86.90888,20.81161],[86.90776,20.81021],[86.90331,20.809],[86.90178,20.8079],[86.90051,20.80597],[86.89906,20.80541],[86.89807,20.80585],[86.89658,20.80783],[86.89551,20.80873],[86.89367,20.80927],[86.89479,20.81279],[86.8947,20.81363],[86.89262,20.8166],[86.89213,20.81859]]]}},{"type":"Feature","properties":{"LCODE":"050230015001500152","LOCATION":"PAIKASAHI","V_TYPE":"VILLAGE","BLOCK":"CHANDABALI","DISTRICT":"BHADRAK"},"geometry":{"type":"Polygon","coordinates":[[[86.88042,20.80038],[86.88048,20.80238],[86.88139,20.80468],[86.88321,20.80465],[86.88713,20.80324],[86.89293,20.80187],[86.89537,20.80175],[86.89755,20.80262],[86.89891,20.80433],[86.89925,20.80545],[86.90051,20.80597],[86.90146,20.80751],[86.90242,20.80845],[86.90436,20.8094],[86.90776,20.81021],[86.90888,20.81161],[86.90993,20.81231],[86.91064,20.8134],[86.91095,20.81463],[86.91068,20.81593],[86.9085,20.82035],[86.90838,20.82207],[86.90903,20.82236],[86.92036,20.81569],[86.92366,20.81297],[86.92474,20.81168],[86.92542,20.81],[86.92707,20.80266],[86.92719,20.80064],[86.9238,20.79893],[86.91943,20.79741],[86.9157,20.79705],[86.90926,20.79757],[86.90454,20.79758],[86.90005,20.79844],[86.88996,20.79929],[86.88197,20.79761],[86.88102,20.79893],[86.88042,20.80038]]]}},{"type":"Feature","properties":{"LCODE":"050240015001500036","LOCATION":"CHANDANPUR","V_TYPE":"VILLAGE","BLOCK":"CHANDABALI","DISTRICT":"BHADRAK"},"geometry":{"type":"Polygon","coordinates":[[[86.76128,20.81679],[86.76141,20.8175],[86.76284,20.81898],[86.76517,20.82055],[86.76663,20.82118],[86.77179,20.82129],[86.77264,20.81666],[86.7734,20.81521],[86.77277,20.8139],[86.77164,20.81327],[86.76748,20.81413],[86.76241,20.81598],[86.76128,20.81679]]]}},{"type":"Feature","properties":{"LCODE":"050230015001500141","LOCATION":"GOURADEIPUR","V_TYPE":"VILLAGE","BLOCK":"CHANDABALI","DISTRICT":"BHADRAK"},"geometry":{"type":"Polygon","coordinates":[[[86.82718,20.81406],[86.82742,20.8146],[86.8287,20.81561],[86.82902,20.81639],[86.82883,20.81807],[86.8293,20.819],[86.83351,20.82006],[86.83377,20.81899],[86.83542,20.81747],[86.83618,20.81595],[86.83628,20.81472],[86.83598,20.81357],[86.83427,20.81278],[86.83389,20.81192],[86.83199,20.81313],[86.82924,20.8127],[86.82777,20.81284],[86.82718,20.81406]]]}},{"type":"Feature","properties":{"LCODE":"050230015001500149","LOCATION":"NARASINGPUR","V_TYPE":"VILLAGE","BLOCK":"CHANDABALI","DISTRICT":"BHADRAK"},"geometry":{"type":"Polygon","coordinates":[[[86.88602,20.81673],[86.88689,20.81828],[86.8877,20.81891],[86.88956,20.81955],[86.89127,20.81949],[86.89185,20.81904],[86.89262,20.8166],[86.8947,20.81363],[86.89479,20.81279],[86.89418,20.8104],[86.89347,20.80901],[86.8929,20.80885],[86.89233,20.80915],[86.89124,20.81059],[86.88829,20.81255],[86.88646,20.81513],[86.88602,20.81673]]]}},{"type":"Feature","properties":{"LCODE":"050230015001500135","LOCATION":"BEGUNIA","V_TYPE":"VILLAGE","BLOCK":"CHANDABALI","DISTRICT":"BHADRAK"},"geometry":{"type":"Polygon","coordinates":[[[86.79268,20.81004],[86.79377,20.81281],[86.79513,20.81445],[86.79748,20.81517],[86.79919,20.81466],[86.79951,20.81535],[86.79991,20.81551],[86.80244,20.81501],[86.80486,20.81658],[86.80682,20.81607],[86.80803,20.81632],[86.80923,20.81697],[86.80957,20.81665],[86.81022,20.81666],[86.81109,20.8182],[86.81181,20.81883],[86.81238,20.81914],[86.81368,20.81908],[86.81507,20.81857],[86.81533,20.8178],[86.81519,20.81718],[86.81343,20.8144],[86.8133,20.81248],[86.81413,20.81141],[86.81593,20.81037],[86.81635,20.80976],[86.81637,20.80861],[86.81847,20.80609],[86.81625,20.80607],[86.81552,20.80575],[86.81369,20.80327],[86.81264,20.80257],[86.81159,20.80247],[86.81092,20.80339],[86.81075,20.80453],[86.80957,20.80659],[86.80784,20.8081],[86.80678,20.80832],[86.80402,20.80766],[86.80191,20.80756],[86.79978,20.80837],[86.79872,20.80836],[86.79821,20.80996],[86.79739,20.81018],[86.79457,20.80868],[86.79408,20.80867],[86.79311,20.80897],[86.79268,20.81004]]]}},{"type":"Feature","properties":{"LCODE":"050251015001500077","LOCATION":"ARADI","V_TYPE":"VILLAGE","BLOCK":"CHANDABALI","DISTRICT":"BHADRAK"},"geometry":{"type":"Polygon","coordinates":[[[86.64994,20.80583],[86.64994,20.80644],[86.65358,20.81129],[86.65503,20.81436],[86.65852,20.81591],[86.66136,20.81906],[86.66201,20.81914],[86.66283,20.8183],[86.66405,20.81761],[86.6656,20.818],[86.66743,20.81909],[86.66754,20.81877],[86.66877,20.81809],[86.67033,20.81771],[86.67016,20.81686],[86.6704,20.8151],[86.67204,20.81449],[86.67375,20.81281],[86.674,20.8122],[86.67423,20.80972],[86.67181,20.80866],[86.66571,20.80811],[86.66506,20.80772],[86.66288,20.80511],[86.65997,20.80026],[86.65827,20.79688],[86.65836,20.79606],[86.65714,20.79637],[86.65493,20.79632],[86.65453,20.79817],[86.65313,20.80093],[86.65215,20.80169],[86.64996,20.80221],[86.64994,20.80583]]]}},{"type":"Feature","properties":{"LCODE":"050240015001500027","LOCATION":"BURUJALA","V_TYPE":"VILLAGE","BLOCK":"CHANDABALI","DISTRICT":"BHADRAK"},"geometry":{"type":"Polygon","coordinates":[[[86.77283,20.814],[86.77331,20.81543],[86.77396,20.81599],[86.77883,20.81629],[86.78044,20.81731],[86.78164,20.81848],[86.78564,20.81738],[86.78758,20.81818],[86.78849,20.81773],[86.79052,20.81768],[86.79167,20.81716],[86.79297,20.81703],[86.79371,20.81658],[86.79456,20.81467],[86.79513,20.81445],[86.79377,20.81281],[86.79325,20.81143],[86.78754,20.81119],[86.7859,20.81155],[86.78371,20.8116],[86.78314,20.81136],[86.78178,20.8098],[86.78001,20.80932],[86.77797,20.80921],[86.7767,20.80781],[86.77451,20.8074],[86.77317,20.80758],[86.77359,20.80869],[86.77373,20.81023],[86.77283,20.814]]]}},{"type":"Feature","properties":{"LCODE":"050230015001500134","LOCATION":"KALIAPAT","V_TYPE":"VILLAGE","BLOCK":"CHANDABALI","DISTRICT":"BHADRAK"},"geometry":{"type":"Polygon","coordinates":[[[86.8133,20.81248],[86.81343,20.8144],[86.81509,20.81711],[86.81657,20.81682],[86.81729,20.81699],[86.81793,20.81784],[86.81966,20.81648],[86.82056,20.81627],[86.82101,20.81646],[86.82162,20.81551],[86.82236,20.81499],[86.8231,20.81515],[86.82413,20.81685],[86.82519,20.81672],[86.82774,20.81491],[86.82718,20.81406],[86.82777,20.81284],[86.82924,20.8127],[86.83199,20.81313],[86.83389,20.81192],[86.83324,20.81138],[86.82993,20.8101],[86.82829,20.81046],[86.82726,20.80953],[86.82684,20.80975],[86.82658,20.81105],[86.82584,20.81104],[86.82514,20.80942],[86.82418,20.80841],[86.82024,20.80613],[86.81902,20.80588],[86.8182,20.80633],[86.81637,20.80861],[86.81635,20.80976],[86.81593,20.81037],[86.81413,20.81141],[86.8133,20.81248]]]}},{"type":"Feature","properties":{"LCODE":"050240015001500037","LOCATION":"MAHULIA","V_TYPE":"VILLAGE","BLOCK":"CHANDABALI","DISTRICT":"BHADRAK"},"geometry":{"type":"Polygon","coordinates":[[[86.75726,20.81416],[86.75759,20.81676],[86.75791,20.8173],[86.75986,20.81748],[86.76084,20.81718],[86.76241,20.81598],[86.76748,20.81413],[86.77164,20.81327],[86.77283,20.814],[86.77373,20.81023],[86.77336,20.80776],[86.7728,20.8073],[86.77165,20.80751],[86.77098,20.80896],[86.7704,20.80941],[86.76967,20.8094],[86.76936,20.80871],[86.76847,20.80839],[86.76786,20.81099],[86.76736,20.81106],[86.76478,20.8101],[86.76152,20.81059],[86.75881,20.81216],[86.75726,20.81416]]]}},{"type":"Feature","properties":{"LCODE":"050240015001500061","LOCATION":"KAMALPUR","V_TYPE":"VILLAGE","BLOCK":"CHANDABALI","DISTRICT":"BHADRAK"},"geometry":{"type":"Polygon","coordinates":[[[86.67717,20.81159],[86.67757,20.81344],[86.6783,20.8149],[86.6805,20.81686],[86.68161,20.81742],[86.68253,20.8166],[86.68382,20.81606],[86.68541,20.81492],[86.68587,20.81293],[86.68564,20.81039],[86.68345,20.80855],[86.68346,20.80586],[86.68232,20.80509],[86.6785,20.80576],[86.67759,20.80861],[86.67717,20.81159]]]}},{"type":"Feature","properties":{"LCODE":"050230015001500158","LOCATION":"RABINDRANAGAR","V_TYPE":"VILLAGE","BLOCK":"CHANDABALI","DISTRICT":"BHADRAK"},"geometry":{"type":"Polygon","coordinates":[[[86.94477,20.80886],[86.94559,20.80952],[86.94997,20.81089],[86.95344,20.81255],[86.95601,20.81435],[86.95715,20.81559],[86.95834,20.81584],[86.95899,20.81639],[86.9598,20.81671],[86.96228,20.81604],[86.96286,20.8133],[86.96326,20.80862],[86.95049,20.80844],[86.94477,20.80886]]]}},{"type":"Feature","properties":{"LCODE":"050230015001500157","LOCATION":"PRADYUTNAGAR","V_TYPE":"VILLAGE","BLOCK":"CHANDABALI","DISTRICT":"BHADRAK"},"geometry":{"type":"Polygon","coordinates":[[[86.94292,20.80911],[86.94331,20.80987],[86.94366,20.81594],[86.94704,20.81629],[86.95387,20.81631],[86.95715,20.81559],[86.95505,20.81357],[86.94997,20.81089],[86.94559,20.80952],[86.94477,20.80886],[86.94292,20.80911]]]}},{"type":"Feature","properties":{"LCODE":"050230015001500145","LOCATION":"HARISPUR","V_TYPE":"VILLAGE","BLOCK":"CHANDABALI","DISTRICT":"BHADRAK"},"geometry":{"type":"Polygon","coordinates":[[[86.8519,20.81217],[86.85538,20.8145],[86.85582,20.81377],[86.86371,20.81358],[86.86501,20.81375],[86.86823,20.81556],[86.87009,20.81614],[86.87076,20.81529],[86.87306,20.81371],[86.88066,20.81123],[86.88068,20.81006],[86.88013,20.80905],[86.87827,20.80803],[86.87707,20.80694],[86.8763,20.80401],[86.87109,20.80409],[86.86768,20.8045],[86.86272,20.80435],[86.8606,20.80402],[86.85443,20.80395],[86.8519,20.81217]]]}},{"type":"Feature","properties":{"LCODE":"050240015001500062","LOCATION":"AMBOLA","V_TYPE":"VILLAGE","BLOCK":"CHANDABALI","DISTRICT":"BHADRAK"},"geometry":{"type":"Polygon","coordinates":[[[86.6785,20.80576],[86.68175,20.80509],[86.68281,20.80532],[86.68346,20.80586],[86.68362,20.80648],[86.68345,20.80855],[86.68564,20.81039],[86.68587,20.81293],[86.68541,20.81492],[86.68904,20.81439],[86.68913,20.81393],[86.68823,20.81217],[86.68816,20.81079],[86.68856,20.81056],[86.69035,20.81095],[86.6906,20.8101],[86.68954,20.80857],[86.68883,20.80473],[86.68782,20.80194],[86.68673,20.8012],[86.68471,20.79728],[86.68444,20.79605],[86.68406,20.7959],[86.68293,20.79428],[86.68171,20.79359],[86.68119,20.79359],[86.68163,20.79566],[86.68162,20.79758],[86.68088,20.79895],[86.67941,20.80041],[86.6785,20.80576]]]}},{"type":"Feature","properties":{"LCODE":"050240015001500046","LOCATION":"PANASAPADA","V_TYPE":"VILLAGE","BLOCK":"CHANDABALI","DISTRICT":"BHADRAK"},"geometry":{"type":"Polygon","coordinates":[[[86.73235,20.80887],[86.73574,20.81316],[86.73761,20.81455],[86.73834,20.8147],[86.73932,20.81402],[86.74014,20.81279],[86.74144,20.81173],[86.7438,20.80874],[86.74519,20.80898],[86.74576,20.80852],[86.74528,20.80745],[86.74544,20.8066],[86.74414,20.80591],[86.74277,20.80353],[86.74245,20.802],[86.74258,20.80108],[86.74123,20.8023],[86.74008,20.80283],[86.73869,20.80421],[86.73706,20.80711],[86.73235,20.80887]]]}},{"type":"Feature","properties":{"LCODE":"050251015001500073","LOCATION":"SATHIBANKUDA","V_TYPE":"VILLAGE","BLOCK":"CHANDABALI","DISTRICT":"BHADRAK"},"geometry":{"type":"Polygon","coordinates":[[[86.6204,20.80964],[86.62085,20.81078],[86.62215,20.8125],[86.62672,20.81458],[86.63397,20.81245],[86.6372,20.81215],[86.64033,20.81009],[86.64066,20.80948],[86.64025,20.80833],[86.63936,20.8071],[86.63522,20.80425],[86.63372,20.80239],[86.63213,20.80332],[86.62937,20.80338],[86.62709,20.80453],[86.62495,20.80513],[86.6256,20.80746],[86.62543,20.8088],[86.62436,20.80936],[86.62115,20.80916],[86.62049,20.80935],[86.6204,20.80964]]]}},{"type":"Feature","properties":{"LCODE":"050240015001500041","LOCATION":"SAENTAPANIJHARIA","V_TYPE":"VILLAGE","BLOCK":"CHANDABALI","DISTRICT":"BHADRAK"},"geometry":{"type":"Polygon","coordinates":[[[86.74894,20.80766],[86.74918,20.80846],[86.75035,20.80894],[86.75183,20.81099],[86.75214,20.81184],[86.75359,20.81332],[86.75576,20.81435],[86.75726,20.81416],[86.75856,20.81239],[86.75719,20.81176],[86.7568,20.81091],[86.7579,20.80793],[86.75854,20.80402],[86.75878,20.8038],[86.76147,20.80393],[86.76148,20.80299],[86.76064,20.80029],[86.76121,20.7985],[86.75977,20.79874],[86.75811,20.80041],[86.75588,20.80206],[86.75547,20.80275],[86.75494,20.80551],[86.75452,20.80619],[86.7519,20.80708],[86.74894,20.80766]]]}},{"type":"Feature","properties":{"LCODE":"050240015001500063","LOCATION":"DEOBIL","V_TYPE":"VILLAGE","BLOCK":"CHANDABALI","DISTRICT":"BHADRAK"},"geometry":{"type":"Polygon","coordinates":[[[86.68782,20.80194],[86.68883,20.80473],[86.68954,20.80857],[86.6906,20.8101],[86.69035,20.81095],[86.68856,20.81056],[86.68816,20.81079],[86.68839,20.8127],[86.6889,20.81353],[86.69083,20.81317],[86.69376,20.81425],[86.69489,20.81441],[86.69661,20.81273],[86.69685,20.81185],[86.69572,20.8105],[86.69548,20.80981],[86.69573,20.80889],[86.69468,20.80782],[86.6946,20.8072],[86.69508,20.80659],[86.69517,20.8059],[86.69493,20.80475],[86.69356,20.80206],[86.6921,20.80068],[86.69096,20.80014],[86.68782,20.80194]]]}},{"type":"Feature","properties":{"LCODE":"050230015001500142","LOCATION":"CHARDIA","V_TYPE":"VILLAGE","BLOCK":"CHANDABALI","DISTRICT":"BHADRAK"},"geometry":{"type":"Polygon","coordinates":[[[86.82997,20.8022],[86.83036,20.80541],[86.83073,20.80605],[86.83163,20.81067],[86.83203,20.81105],[86.83324,20.81138],[86.83389,20.81192],[86.83427,20.81278],[86.83525,20.8131],[86.83722,20.8119],[86.83811,20.81191],[86.83932,20.81246],[86.84006,20.81247],[86.84104,20.81195],[86.84321,20.81359],[86.84753,20.81296],[86.84867,20.81306],[86.85169,20.81241],[86.85202,20.81203],[86.8546,20.80332],[86.85491,20.79895],[86.85545,20.79814],[86.85285,20.79569],[86.84473,20.78967],[86.84439,20.79081],[86.84581,20.79344],[86.84572,20.79398],[86.84482,20.7945],[86.84352,20.79425],[86.84171,20.79546],[86.84115,20.79537],[86.83962,20.79405],[86.83848,20.79418],[86.83741,20.79501],[86.83668,20.79515],[86.83514,20.7949],[86.8336,20.79427],[86.8318,20.7947],[86.8316,20.7945],[86.83071,20.79691],[86.82997,20.8022]]]}},{"type":"Feature","properties":{"LCODE":"050240015001500038","LOCATION":"NISCHANTA","V_TYPE":"VILLAGE","BLOCK":"CHANDABALI","DISTRICT":"BHADRAK"},"geometry":{"type":"Polygon","coordinates":[[[86.7568,20.81091],[86.75719,20.81176],[86.75856,20.81239],[86.76152,20.81059],[86.7638,20.81009],[86.76478,20.8101],[86.76736,20.81106],[86.76786,20.81099],[86.76847,20.80839],[86.76936,20.80871],[86.76967,20.8094],[86.7704,20.80941],[86.77098,20.80896],[86.77141,20.80774],[86.77211,20.80733],[86.77163,20.8039],[86.77091,20.80305],[86.77002,20.80311],[86.76805,20.80408],[86.76552,20.80466],[86.7631,20.80363],[86.76106,20.80398],[86.75878,20.8038],[86.75836,20.80479],[86.7579,20.80793],[86.7568,20.81091]]]}},{"type":"Feature","properties":{"LCODE":"050240015001500064","LOCATION":"TENTULIDIHI","V_TYPE":"VILLAGE","BLOCK":"CHANDABALI","DISTRICT":"BHADRAK"},"geometry":{"type":"Polygon","coordinates":[[[86.68444,20.79605],[86.68471,20.79728],[86.68624,20.80043],[86.6877,20.80197],[86.69096,20.80014],[86.6921,20.80068],[86.69356,20.80206],[86.69493,20.80475],[86.69517,20.8059],[86.69508,20.80659],[86.6946,20.8072],[86.69468,20.80782],[86.69573,20.80889],[86.69548,20.80981],[86.69572,20.8105],[86.69685,20.81185],[86.69808,20.8109],[86.6993,20.81082],[86.70289,20.80922],[86.70427,20.80923],[86.70565,20.81015],[86.70605,20.81016],[86.70663,20.80893],[86.70688,20.80747],[86.70892,20.80533],[86.70966,20.80387],[86.70934,20.80388],[86.70917,20.80327],[86.7095,20.80196],[86.70918,20.80127],[86.7069,20.80027],[86.70448,20.79781],[86.7005,20.79457],[86.69586,20.79325],[86.69294,20.7934],[86.69205,20.79293],[86.69048,20.79123],[86.68985,20.7917],[86.68912,20.79331],[86.68822,20.79407],[86.68496,20.79605],[86.68444,20.79605]]]}},{"type":"Feature","properties":{"LCODE":"050240015001500026","LOCATION":"CHALINIA","V_TYPE":"VILLAGE","BLOCK":"CHANDABALI","DISTRICT":"BHADRAK"},"geometry":{"type":"Polygon","coordinates":[[[86.77559,20.80749],[86.7767,20.80781],[86.77797,20.80921],[86.78001,20.80932],[86.78178,20.8098],[86.78314,20.81136],[86.78371,20.8116],[86.7859,20.81155],[86.78754,20.81119],[86.79325,20.81143],[86.79268,20.81004],[86.79277,20.80942],[86.79334,20.80888],[86.79223,20.80788],[86.79028,20.8077],[86.7916,20.80649],[86.79153,20.8061],[86.79064,20.80532],[86.79129,20.80387],[86.78838,20.80429],[86.78727,20.80306],[86.78513,20.80425],[86.7813,20.80511],[86.77982,20.80517],[86.77729,20.8059],[86.77559,20.80749]]]}},{"type":"Feature","properties":{"LCODE":"050240015001500073","LOCATION":"BALIGAN","V_TYPE":"VILLAGE","BLOCK":"CHANDABALI","DISTRICT":"BHADRAK"},"geometry":{"type":"Polygon","coordinates":[[[86.70638,20.78639],[86.70654,20.78731],[86.70711,20.78823],[86.7097,20.79154],[86.71075,20.79338],[86.71195,20.79745],[86.71243,20.80128],[86.71239,20.80324],[86.71275,20.80397],[86.71567,20.80574],[86.71786,20.80621],[86.71851,20.80667],[86.71925,20.80736],[86.72167,20.8112],[86.72249,20.81151],[86.72354,20.81083],[86.72681,20.80762],[86.72754,20.80724],[86.73153,20.80648],[86.73226,20.8058],[86.73203,20.80495],[86.73007,20.80533],[86.72942,20.80494],[86.72975,20.80402],[86.73089,20.80303],[86.73097,20.80257],[86.73025,20.80019],[86.73099,20.79943],[86.73106,20.79882],[86.73099,20.79828],[86.7305,20.79782],[86.72815,20.79651],[86.72798,20.79597],[86.72848,20.79498],[86.7297,20.79383],[86.73108,20.79483],[86.73157,20.79453],[86.73239,20.79262],[86.73402,20.79308],[86.73466,20.79201],[86.73443,20.79017],[86.73524,20.78895],[86.73622,20.78826],[86.73688,20.78796],[86.73874,20.78957],[86.73947,20.78973],[86.74142,20.78889],[86.74371,20.78645],[86.74409,20.78567],[86.73881,20.78228],[86.73795,20.78267],[86.73527,20.78213],[86.73413,20.7822],[86.73055,20.78341],[86.72949,20.78272],[86.72803,20.78057],[86.72552,20.77949],[86.7246,20.77788],[86.71835,20.78107],[86.71575,20.78129],[86.71188,20.78106],[86.70802,20.7844],[86.70638,20.78639]]]}},{"type":"Feature","properties":{"LCODE":"050230015001500146","LOCATION":"KANAKAPALI","V_TYPE":"VILLAGE","BLOCK":"CHANDABALI","DISTRICT":"BHADRAK"},"geometry":{"type":"Polygon","coordinates":[[[86.87571,20.80039],[86.87668,20.80609],[86.87707,20.80694],[86.87827,20.80803],[86.88013,20.80905],[86.88068,20.81006],[86.88066,20.81123],[86.8814,20.81091],[86.88239,20.81016],[86.88306,20.80886],[86.88292,20.80748],[86.88102,20.80408],[86.88048,20.80238],[86.88062,20.7999],[86.87859,20.79806],[86.87682,20.79757],[86.8764,20.79764],[86.87582,20.7984],[86.87571,20.80039]]]}},{"type":"Feature","properties":{"LCODE":"050230015001500140","LOCATION":"HAREKRUSHNAPUR","V_TYPE":"VILLAGE","BLOCK":"CHANDABALI","DISTRICT":"BHADRAK"},"geometry":{"type":"Polygon","coordinates":[[[86.82137,20.8063],[86.82137,20.80668],[86.82475,20.80896],[86.82584,20.81104],[86.82658,20.81105],[86.82684,20.80975],[86.82726,20.80953],[86.82829,20.81046],[86.82993,20.8101],[86.83195,20.81098],[86.83163,20.81067],[86.83073,20.80605],[86.83036,20.80541],[86.82961,20.80511],[86.82813,20.80532],[86.82367,20.80495],[86.82203,20.80554],[86.82137,20.8063]]]}},{"type":"Feature","properties":{"LCODE":"050230015001500155","LOCATION":"BIDUTPRAVA","V_TYPE":"VILLAGE","BLOCK":"CHANDABALI","DISTRICT":"BHADRAK"},"geometry":{"type":"Polygon","coordinates":[[[86.92559,20.80896],[86.93119,20.81001],[86.93477,20.81021],[86.94292,20.80911],[86.94204,20.80801],[86.93866,20.80559],[86.93156,20.80226],[86.92867,20.80048],[86.92719,20.80064],[86.92707,20.80266],[86.92559,20.80896]]]}},{"type":"Feature","properties":{"LCODE":"050230015001500136","LOCATION":"SARANAICHAPUR","V_TYPE":"VILLAGE","BLOCK":"CHANDABALI","DISTRICT":"BHADRAK"},"geometry":{"type":"Polygon","coordinates":[[[86.7937,20.80706],[86.79384,20.80873],[86.79457,20.80868],[86.79739,20.81018],[86.79821,20.80996],[86.79872,20.80836],[86.79978,20.80837],[86.80191,20.80756],[86.80402,20.80766],[86.80678,20.80832],[86.80784,20.8081],[86.80957,20.80659],[86.81049,20.80515],[86.81109,20.80305],[86.80988,20.80253],[86.80893,20.80113],[86.80746,20.80165],[86.80591,20.80155],[86.80485,20.80184],[86.80405,20.80099],[86.80217,20.80165],[86.80076,20.80355],[86.80002,20.80392],[86.79944,20.8046],[86.79834,20.80712],[86.79784,20.80758],[86.7963,20.80763],[86.79581,20.80739],[86.79542,20.80647],[86.79454,20.80576],[86.79396,20.80606],[86.7937,20.80706]]]}},{"type":"Feature","properties":{"LCODE":"050251015001500078","LOCATION":"BATOL","V_TYPE":"VILLAGE","BLOCK":"CHANDABALI","DISTRICT":"BHADRAK"},"geometry":{"type":"Polygon","coordinates":[[[86.65827,20.79688],[86.66288,20.80511],[86.66531,20.80795],[86.67181,20.80866],[86.67433,20.80975],[86.67751,20.80899],[86.6785,20.80576],[86.67908,20.8014],[86.67941,20.80041],[86.68005,20.79967],[86.67868,20.79902],[86.67714,20.79748],[86.67553,20.79372],[86.67391,20.79141],[86.67229,20.79003],[86.67221,20.78939],[86.67028,20.78906],[86.66724,20.7877],[86.66566,20.7877],[86.66515,20.78878],[86.66486,20.79149],[86.66374,20.79351],[86.66261,20.79453],[86.65836,20.79606],[86.65827,20.79688]]]}},{"type":"Feature","properties":{"LCODE":"050251015001500075","LOCATION":"SANTARA","V_TYPE":"VILLAGE","BLOCK":"CHANDABALI","DISTRICT":"BHADRAK"},"geometry":{"type":"Polygon","coordinates":[[[86.63237,20.79479],[86.63331,20.79572],[86.63403,20.7978],[86.63372,20.80239],[86.63522,20.80425],[86.63936,20.8071],[86.64025,20.80833],[86.64062,20.8096],[86.64432,20.80873],[86.64921,20.80683],[86.64994,20.80629],[86.65004,20.80246],[86.6498,20.80176],[86.64793,20.79969],[86.6472,20.7993],[86.64281,20.79951],[86.64069,20.7992],[86.6398,20.79828],[86.63956,20.7967],[86.63829,20.7958],[86.63699,20.79218],[86.63627,20.79141],[86.63531,20.79093],[86.6343,20.7912],[86.63302,20.79305],[86.63237,20.79479]]]}},{"type":"Feature","properties":{"LCODE":"050230015001500148","LOCATION":"KHAMARSAHI","V_TYPE":"VILLAGE","BLOCK":"CHANDABALI","DISTRICT":"BHADRAK"},"geometry":{"type":"Polygon","coordinates":[[[86.89268,20.80896],[86.89347,20.80901],[86.89367,20.80927],[86.89551,20.80873],[86.89658,20.80783],[86.89807,20.80585],[86.89925,20.80545],[86.89891,20.80433],[86.89755,20.80262],[86.8952,20.80182],[86.89445,20.80312],[86.89392,20.8061],[86.89268,20.80896]]]}},{"type":"Feature","properties":{"LCODE":"050230015001500154","LOCATION":"JYOSNAMAYEE","V_TYPE":"VILLAGE","BLOCK":"CHANDABALI","DISTRICT":"BHADRAK"},"geometry":{"type":"Polygon","coordinates":[[[86.92764,20.7936],[86.92879,20.79701],[86.92891,20.79985],[86.92867,20.80048],[86.93156,20.80226],[86.93866,20.80559],[86.94204,20.80801],[86.94292,20.80911],[86.94477,20.80886],[86.94417,20.80674],[86.94363,20.79944],[86.94316,20.79859],[86.94009,20.79709],[86.93946,20.79555],[86.93971,20.79509],[86.94183,20.79481],[86.94299,20.79383],[86.94358,20.79238],[86.944,20.78971],[86.94146,20.78991],[86.94091,20.79031],[86.93822,20.79086],[86.93727,20.7916],[86.93716,20.79056],[86.93558,20.79064],[86.93423,20.7923],[86.93338,20.79235],[86.93124,20.7932],[86.92764,20.7936]]]}},{"type":"Feature","properties":{"LCODE":"050240015001500045","LOCATION":"BADAOSTIA","V_TYPE":"VILLAGE","BLOCK":"CHANDABALI","DISTRICT":"BHADRAK"},"geometry":{"type":"Polygon","coordinates":[[[86.72798,20.79597],[86.72815,20.79651],[86.7288,20.79705],[86.73099,20.79828],[86.73099,20.79943],[86.73025,20.80019],[86.73097,20.80257],[86.73089,20.80303],[86.72975,20.80402],[86.72942,20.80494],[86.73007,20.80533],[86.73203,20.80495],[86.73227,20.80533],[86.73226,20.8058],[86.73153,20.80648],[86.72962,20.80688],[86.73014,20.80839],[86.73128,20.80893],[86.73291,20.80871],[86.73706,20.80711],[86.73869,20.80421],[86.74008,20.80283],[86.74123,20.8023],[86.74258,20.80108],[86.74196,20.80062],[86.74051,20.79755],[86.73904,20.79639],[86.73743,20.79394],[86.73743,20.79233],[86.73947,20.78973],[86.73874,20.78957],[86.73688,20.78796],[86.73524,20.78895],[86.73443,20.79017],[86.73466,20.79201],[86.73402,20.79308],[86.73239,20.79262],[86.73157,20.79453],[86.73108,20.79483],[86.7297,20.79383],[86.72848,20.79498],[86.72798,20.79597]]]}},{"type":"Feature","properties":{"LCODE":"050240015001500025","LOCATION":"GOBINDAPUR","V_TYPE":"VILLAGE","BLOCK":"CHANDABALI","DISTRICT":"BHADRAK"},"geometry":{"type":"Polygon","coordinates":[[[86.79028,20.8077],[86.79223,20.80788],[86.79334,20.80888],[86.79384,20.80873],[86.79379,20.80637],[86.79454,20.80576],[86.79542,20.80647],[86.79581,20.80739],[86.7963,20.80763],[86.79784,20.80758],[86.79834,20.80712],[86.79944,20.8046],[86.80002,20.80392],[86.80076,20.80355],[86.80217,20.80165],[86.80405,20.80099],[86.80485,20.80184],[86.80591,20.80155],[86.80746,20.80165],[86.80893,20.80113],[86.80988,20.80253],[86.81109,20.80305],[86.81159,20.80247],[86.81264,20.80257],[86.81325,20.80297],[86.81671,20.80239],[86.8177,20.80164],[86.81755,20.80087],[86.81686,20.79956],[86.8153,20.79953],[86.81271,20.79827],[86.80833,20.79752],[86.8068,20.79696],[86.80517,20.79739],[86.80404,20.79661],[86.80289,20.7969],[86.80166,20.79788],[86.80082,20.79971],[86.79846,20.7996],[86.79731,20.79775],[86.79662,20.79804],[86.79612,20.79872],[86.7951,20.80109],[86.79248,20.80205],[86.79182,20.80273],[86.79064,20.80532],[86.79153,20.8061],[86.7916,20.80649],[86.79028,20.8077]]]}},{"type":"Feature","properties":{"LCODE":"050230015001500160","LOCATION":"SABITISARAI","V_TYPE":"VILLAGE","BLOCK":"CHANDABALI","DISTRICT":"BHADRAK"},"geometry":{"type":"Polygon","coordinates":[[[86.93946,20.79555],[86.94009,20.79709],[86.94316,20.79859],[86.94363,20.79944],[86.94432,20.80782],[86.94477,20.80886],[86.94526,20.80879],[86.9509,20.80231],[86.95299,20.79927],[86.95721,20.79457],[86.95935,20.79268],[86.96375,20.79045],[86.96342,20.78962],[86.96226,20.78962],[86.96146,20.7909],[86.96076,20.79016],[86.95972,20.79026],[86.95672,20.79135],[86.95512,20.7915],[86.95044,20.79031],[86.944,20.78971],[86.94358,20.79238],[86.94299,20.79383],[86.94183,20.79481],[86.93971,20.79509],[86.93946,20.79555]]]}},{"type":"Feature","properties":{"LCODE":"050230015001500159","LOCATION":"AMARNAGAR","V_TYPE":"VILLAGE","BLOCK":"CHANDABALI","DISTRICT":"BHADRAK"},"geometry":{"type":"Polygon","coordinates":[[[86.94526,20.80879],[86.95049,20.80844],[86.96326,20.80862],[86.96471,20.79859],[86.9647,20.79399],[86.96375,20.79045],[86.95935,20.79268],[86.95721,20.79457],[86.95299,20.79927],[86.9509,20.80231],[86.94526,20.80879]]]}},{"type":"Feature","properties":{"LCODE":"050240015001500042","LOCATION":"SAMADASPUR","V_TYPE":"VILLAGE","BLOCK":"CHANDABALI","DISTRICT":"BHADRAK"},"geometry":{"type":"Polygon","coordinates":[[[86.74819,20.80575],[86.74894,20.80766],[86.7519,20.80708],[86.75452,20.80619],[86.75494,20.80551],[86.75547,20.80275],[86.75588,20.80206],[86.75811,20.80041],[86.75977,20.79874],[86.75797,20.79696],[86.75397,20.79981],[86.75166,20.80216],[86.75004,20.80321],[86.74819,20.80575]]]}},{"type":"Feature","properties":{"LCODE":"050240015001500077","LOCATION":"DEULIGAN","V_TYPE":"VILLAGE","BLOCK":"CHANDABALI","DISTRICT":"BHADRAK"},"geometry":{"type":"Polygon","coordinates":[[[86.76201,20.79806],[86.76643,20.79845],[86.76684,20.79877],[86.76688,20.80099],[86.76712,20.80138],[86.76768,20.8017],[86.76889,20.80371],[86.77002,20.80311],[86.77091,20.80305],[86.77132,20.80328],[86.77193,20.80544],[86.77211,20.80733],[86.7728,20.8073],[86.77317,20.80758],[86.77559,20.80749],[86.77729,20.8059],[86.77982,20.80517],[86.7813,20.80511],[86.78513,20.80425],[86.78727,20.80306],[86.7841,20.80254],[86.78224,20.8016],[86.78171,20.79944],[86.78123,20.79889],[86.78066,20.79873],[86.77894,20.79994],[86.77699,20.80014],[86.77422,20.79949],[86.77246,20.79823],[86.77003,20.79774],[86.76581,20.79605],[86.76345,20.79688],[86.76222,20.79763],[86.76201,20.79806]]]}},{"type":"Feature","properties":{"LCODE":"050240015001500075","LOCATION":"SANAOSTIA","V_TYPE":"VILLAGE","BLOCK":"CHANDABALI","DISTRICT":"BHADRAK"},"geometry":{"type":"Polygon","coordinates":[[[86.74245,20.802],[86.74277,20.80353],[86.74414,20.80591],[86.74479,20.80645],[86.74634,20.80668],[86.74723,20.80638],[86.74772,20.80554],[86.74819,20.80575],[86.74834,20.80552],[86.74789,20.80386],[86.747,20.80171],[86.75083,20.79943],[86.75262,20.79764],[86.75355,20.79597],[86.75374,20.79436],[86.75518,20.7937],[86.75516,20.79223],[86.75574,20.79112],[86.75308,20.79059],[86.75167,20.79156],[86.74982,20.79218],[86.74644,20.79388],[86.74625,20.79415],[86.74759,20.79474],[86.74905,20.79466],[86.74979,20.79431],[86.75202,20.79495],[86.7524,20.79618],[86.75224,20.79664],[86.75115,20.79816],[86.75017,20.79868],[86.74533,20.79683],[86.74571,20.79825],[86.74497,20.8004],[86.74326,20.80108],[86.74258,20.80108],[86.74245,20.802]]]}},{"type":"Feature","properties":{"LCODE":"050230015001500139","LOCATION":"BANCHHANIDHIPUR","V_TYPE":"VILLAGE","BLOCK":"CHANDABALI","DISTRICT":"BHADRAK"},"geometry":{"type":"Polygon","coordinates":[[[86.81325,20.80297],[86.81512,20.80536],[86.81625,20.80607],[86.81966,20.80589],[86.82137,20.80668],[86.82137,20.8063],[86.82203,20.80554],[86.82367,20.80495],[86.82813,20.80532],[86.82961,20.80511],[86.83036,20.80541],[86.82997,20.8022],[86.83071,20.79691],[86.8316,20.7945],[86.83092,20.79369],[86.83004,20.79329],[86.82896,20.79412],[86.82729,20.79249],[86.82557,20.79292],[86.82332,20.79143],[86.82197,20.79152],[86.82069,20.7927],[86.82051,20.79408],[86.82236,20.79518],[86.82291,20.79657],[86.82491,20.79821],[86.82515,20.79883],[86.82453,20.80166],[86.82363,20.80219],[86.82282,20.80202],[86.82025,20.79999],[86.81686,20.79956],[86.81755,20.80087],[86.8177,20.80164],[86.81737,20.8021],[86.81325,20.80297]]]}},{"type":"Feature","properties":{"LCODE":"050240015001500044","LOCATION":"SAINTA","V_TYPE":"VILLAGE","BLOCK":"CHANDABALI","DISTRICT":"BHADRAK"},"geometry":{"type":"Polygon","coordinates":[[[86.747,20.80171],[86.74834,20.80552],[86.75004,20.80321],[86.75166,20.80216],[86.75397,20.79981],[86.75797,20.79696],[86.75576,20.79469],[86.75518,20.7937],[86.75415,20.79398],[86.75374,20.79436],[86.75355,20.79597],[86.75262,20.79764],[86.75083,20.79943],[86.747,20.80171]]]}},{"type":"Feature","properties":{"LCODE":"050251015001500074","LOCATION":"BODAK","V_TYPE":"VILLAGE","BLOCK":"CHANDABALI","DISTRICT":"BHADRAK"},"geometry":{"type":"Polygon","coordinates":[[[86.6152,20.79619],[86.61532,20.79975],[86.6157,20.80181],[86.61628,20.80307],[86.61756,20.80444],[86.61848,20.80454],[86.62155,20.80311],[86.62279,20.80301],[86.62409,20.80367],[86.62495,20.80513],[86.62709,20.80453],[86.62937,20.80338],[86.63213,20.80332],[86.63372,20.80239],[86.63403,20.7978],[86.63331,20.79572],[86.63237,20.79479],[86.63144,20.79615],[86.62885,20.7973],[86.62698,20.79697],[86.6207,20.7944],[86.61848,20.79393],[86.61623,20.79429],[86.61536,20.79519],[86.6152,20.79619]]]}},{"type":"Feature","properties":{"LCODE":"050240015001500039","LOCATION":"KAKHARUDIHI","V_TYPE":"VILLAGE","BLOCK":"CHANDABALI","DISTRICT":"BHADRAK"},"geometry":{"type":"Polygon","coordinates":[[[86.76141,20.80271],[86.76147,20.80393],[86.7631,20.80363],[86.76552,20.80466],[86.76889,20.80371],[86.76768,20.8017],[86.76624,20.80083],[86.76501,20.80104],[86.76141,20.80271]]]}},{"type":"Feature","properties":{"LCODE":"050230015001500144","LOCATION":"RAJRAJESWARPALI","V_TYPE":"VILLAGE","BLOCK":"CHANDABALI","DISTRICT":"BHADRAK"},"geometry":{"type":"Polygon","coordinates":[[[86.85443,20.80395],[86.8606,20.80402],[86.86272,20.80435],[86.86768,20.8045],[86.87109,20.80409],[86.8763,20.80401],[86.87571,20.80039],[86.87582,20.7984],[86.8764,20.79764],[86.87787,20.79774],[86.87859,20.79806],[86.88062,20.7999],[86.88102,20.79893],[86.88309,20.79612],[86.88386,20.79437],[86.88447,20.79154],[86.88489,20.78739],[86.87919,20.7872],[86.87546,20.78645],[86.87112,20.78466],[86.86677,20.79006],[86.86413,20.79209],[86.86338,20.79339],[86.86234,20.7969],[86.86136,20.7975],[86.85925,20.7977],[86.85851,20.79831],[86.85785,20.79845],[86.85558,20.79803],[86.85509,20.79841],[86.85443,20.80395]]]}},{"type":"Feature","properties":{"LCODE":"050240015001500078","LOCATION":"KISMAT","V_TYPE":"VILLAGE","BLOCK":"CHANDABALI","DISTRICT":"BHADRAK"},"geometry":{"type":"Polygon","coordinates":[[[86.77305,20.7985],[86.77422,20.79949],[86.77779,20.80023],[86.77943,20.79971],[86.78017,20.79888],[86.78123,20.79889],[86.78171,20.79944],[86.78224,20.8016],[86.7841,20.80254],[86.78727,20.80306],[86.78838,20.80429],[86.79129,20.80387],[86.79248,20.80205],[86.79445,20.80146],[86.7951,20.80109],[86.79556,20.80035],[86.79343,20.79922],[86.7876,20.79753],[86.78491,20.79741],[86.78111,20.79597],[86.77998,20.79619],[86.77889,20.79779],[86.7784,20.79801],[86.77579,20.79859],[86.77305,20.7985]]]}},{"type":"Feature","properties":{"LCODE":"050240015001500065","LOCATION":"PANDUAPAT","V_TYPE":"VILLAGE","BLOCK":"CHANDABALI","DISTRICT":"BHADRAK"},"geometry":{"type":"Polygon","coordinates":[[[86.69048,20.79123],[86.69205,20.79293],[86.69294,20.7934],[86.69586,20.79325],[86.7005,20.79457],[86.70448,20.79781],[86.7069,20.80027],[86.70918,20.80127],[86.7095,20.80196],[86.70917,20.80327],[86.70934,20.80388],[86.71112,20.80381],[86.71234,20.80343],[86.71243,20.80128],[86.71195,20.79745],[86.71075,20.79338],[86.70914,20.79085],[86.70693,20.79268],[86.70563,20.79306],[86.70457,20.79114],[86.70312,20.78991],[86.70125,20.78998],[86.69929,20.79043],[86.69547,20.79172],[86.69433,20.79103],[86.69328,20.78917],[86.69048,20.79123]]]}},{"type":"Feature","properties":{"LCODE":"050240015001500040","LOCATION":"KRUSHNAPUR","V_TYPE":"VILLAGE","BLOCK":"CHANDABALI","DISTRICT":"BHADRAK"},"geometry":{"type":"Polygon","coordinates":[[[86.76064,20.80029],[86.76141,20.80271],[86.7655,20.8009],[86.76695,20.80111],[86.76684,20.79877],[86.76643,20.79845],[86.76246,20.79794],[86.76121,20.7985],[86.76064,20.80029]]]}},{"type":"Feature","properties":{"LCODE":"050251015001500076","LOCATION":"MUAN","V_TYPE":"VILLAGE","BLOCK":"CHANDABALI","DISTRICT":"BHADRAK"},"geometry":{"type":"Polygon","coordinates":[[[86.63956,20.7967],[86.6398,20.79828],[86.64069,20.7992],[86.64281,20.79951],[86.6472,20.7993],[86.64793,20.79969],[86.64996,20.80221],[86.65215,20.80169],[86.65313,20.80093],[86.65453,20.79817],[86.65493,20.79632],[86.65193,20.79579],[86.64877,20.79421],[86.64774,20.79331],[86.64737,20.79259],[86.64608,20.78859],[86.64497,20.78752],[86.64392,20.7872],[86.64249,20.788],[86.64148,20.78953],[86.64069,20.79239],[86.6408,20.79578],[86.64043,20.79652],[86.63956,20.7967]]]}},{"type":"Feature","properties":{"LCODE":"050230015001500137","LOCATION":"CHANDAKUDA","V_TYPE":"VILLAGE","BLOCK":"CHANDABALI","DISTRICT":"BHADRAK"},"geometry":{"type":"Polygon","coordinates":[[[86.80206,20.79327],[86.803,20.79544],[86.80436,20.797],[86.80517,20.79739],[86.8068,20.79696],[86.80833,20.79752],[86.81271,20.79827],[86.8153,20.79953],[86.8183,20.79988],[86.8196,20.79975],[86.82282,20.80202],[86.82363,20.80219],[86.82453,20.80166],[86.82515,20.79883],[86.82491,20.79821],[86.82291,20.79657],[86.82236,20.79518],[86.82096,20.79442],[86.82057,20.795],[86.81976,20.7953],[86.81564,20.79324],[86.81337,20.7929],[86.8111,20.79295],[86.80799,20.79352],[86.80353,20.79299],[86.80247,20.79252],[86.80206,20.79327]]]}},{"type":"Feature","properties":{"LCODE":"050240015001500074","LOCATION":"NAYAHAT","V_TYPE":"VILLAGE","BLOCK":"CHANDABALI","DISTRICT":"BHADRAK"},"geometry":{"type":"Polygon","coordinates":[[[86.73727,20.79317],[86.7384,20.79562],[86.74099,20.79824],[86.74196,20.80062],[86.74277,20.80116],[86.74326,20.80108],[86.74497,20.8004],[86.74538,20.79963],[86.74571,20.79825],[86.74499,20.79534],[86.7454,20.79442],[86.74586,20.79393],[86.74625,20.79415],[86.74789,20.7931],[86.75167,20.79156],[86.75308,20.79059],[86.74802,20.78731],[86.74409,20.78567],[86.74371,20.78645],[86.74142,20.78889],[86.73947,20.78973],[86.73743,20.79233],[86.73727,20.79317]]]}},{"type":"Feature","properties":{"LCODE":"050230015001500153","LOCATION":"JAYADURGAPATNA","V_TYPE":"VILLAGE","BLOCK":"CHANDABALI","DISTRICT":"BHADRAK"},"geometry":{"type":"Polygon","coordinates":[[[86.89984,20.79846],[86.90454,20.79758],[86.90926,20.79757],[86.9157,20.79705],[86.91943,20.79741],[86.9238,20.79893],[86.92767,20.80075],[86.92867,20.80048],[86.92891,20.79985],[86.92879,20.79701],[86.92764,20.7936],[86.92002,20.79509],[86.91887,20.79584],[86.91647,20.79649],[86.91179,20.79534],[86.9071,20.79465],[86.90391,20.7943],[86.90063,20.7943],[86.89984,20.79846]]]}},{"type":"Feature","properties":{"LCODE":"050240015001500079","LOCATION":"MAJHIGAN","V_TYPE":"VILLAGE","BLOCK":"CHANDABALI","DISTRICT":"BHADRAK"},"geometry":{"type":"Polygon","coordinates":[[[86.76886,20.79727],[86.77305,20.7985],[86.77579,20.79859],[86.77889,20.79779],[86.77998,20.79619],[86.78111,20.79597],[86.78491,20.79741],[86.7876,20.79753],[86.79343,20.79922],[86.79556,20.80035],[86.79612,20.79872],[86.79662,20.79804],[86.79731,20.79775],[86.79681,20.79643],[86.79694,20.79359],[86.79623,20.79151],[86.79568,20.79089],[86.79503,20.79088],[86.79134,20.79251],[86.79003,20.79272],[86.78817,20.79216],[86.78711,20.79268],[86.78596,20.79282],[86.78167,20.79199],[86.78028,20.79251],[86.77724,20.79454],[86.77552,20.79482],[86.77323,20.79594],[86.76964,20.79681],[86.76886,20.79727]]]}},{"type":"Feature","properties":{"LCODE":"050240015001500080","LOCATION":"PITHIASENDA","V_TYPE":"VILLAGE","BLOCK":"CHANDABALI","DISTRICT":"BHADRAK"},"geometry":{"type":"Polygon","coordinates":[[[86.79674,20.79543],[86.79696,20.79712],[86.79846,20.7996],[86.79903,20.79976],[86.80106,20.79956],[86.80166,20.79788],[86.80289,20.7969],[86.80404,20.79661],[86.803,20.79544],[86.80243,20.7942],[86.79871,20.79436],[86.79687,20.79412],[86.79674,20.79543]]]}},{"type":"Feature","properties":{"LCODE":"050251015001500079","LOCATION":"SANAPANKI","V_TYPE":"VILLAGE","BLOCK":"CHANDABALI","DISTRICT":"BHADRAK"},"geometry":{"type":"Polygon","coordinates":[[[86.67221,20.78939],[86.67229,20.79003],[86.67391,20.79141],[86.67553,20.79372],[86.67714,20.79748],[86.67868,20.79902],[86.68005,20.79967],[86.68129,20.79827],[86.6817,20.79666],[86.6813,20.79397],[86.68034,20.79113],[86.67985,20.78863],[86.67915,20.78927],[86.67786,20.78957],[86.67221,20.78939]]]}},{"type":"Feature","properties":{"LCODE":"050230015001500147","LOCATION":"DAKHINADHAMARA","V_TYPE":"VILLAGE","BLOCK":"CHANDABALI","DISTRICT":"BHADRAK"},"geometry":{"type":"Polygon","coordinates":[[[86.88197,20.79761],[86.88996,20.79929],[86.89984,20.79846],[86.90063,20.7943],[86.89893,20.7944],[86.89857,20.79395],[86.89867,20.7927],[86.89994,20.79022],[86.90041,20.78558],[86.88845,20.78726],[86.88489,20.78739],[86.88447,20.79154],[86.88386,20.79437],[86.88309,20.79612],[86.88197,20.79761]]]}},{"type":"Feature","properties":{"LCODE":"050240015001500076","LOCATION":"KUANARSAR","V_TYPE":"VILLAGE","BLOCK":"CHANDABALI","DISTRICT":"BHADRAK"},"geometry":{"type":"Polygon","coordinates":[[[86.75506,20.79315],[86.75576,20.79469],[86.75977,20.79874],[86.76121,20.7985],[86.76345,20.79688],[86.76581,20.79605],[86.76352,20.79311],[86.76062,20.79066],[86.75989,20.79099],[86.75916,20.79082],[86.75574,20.79112],[86.75533,20.79161],[86.75506,20.79315]]]}},{"type":"Feature","properties":{"LCODE":"050240015001500043","LOCATION":"GOPALPUR","V_TYPE":"VILLAGE","BLOCK":"CHANDABALI","DISTRICT":"BHADRAK"},"geometry":{"type":"Polygon","coordinates":[[[86.74499,20.79534],[86.74533,20.79683],[86.75017,20.79868],[86.75115,20.79816],[86.7524,20.79618],[86.75202,20.79495],[86.74979,20.79431],[86.74905,20.79466],[86.74759,20.79474],[86.74586,20.79393],[86.74499,20.79534]]]}},{"type":"Feature","properties":{"LCODE":"050230015001500143","LOCATION":"RAJENDRAPALI","V_TYPE":"VILLAGE","BLOCK":"CHANDABALI","DISTRICT":"BHADRAK"},"geometry":{"type":"Polygon","coordinates":[[[86.84367,20.78528],[86.84394,20.78827],[86.84473,20.78967],[86.85285,20.79569],[86.85545,20.79814],[86.85785,20.79845],[86.85851,20.79831],[86.85925,20.7977],[86.86136,20.7975],[86.86234,20.7969],[86.86338,20.79339],[86.86413,20.79209],[86.86677,20.79006],[86.87112,20.78466],[86.86651,20.78204],[86.86607,20.78142],[86.86613,20.78105],[86.86639,20.7808],[86.86769,20.78067],[86.86769,20.78011],[86.86384,20.77471],[86.84988,20.76945],[86.84497,20.78008],[86.84386,20.78305],[86.84367,20.78528]]]}},{"type":"Feature","properties":{"LCODE":"050240015001500093","LOCATION":"KUSUMA","V_TYPE":"VILLAGE","BLOCK":"CHANDABALI","DISTRICT":"BHADRAK"},"geometry":{"type":"Polygon","coordinates":[[[86.76265,20.79226],[86.76591,20.79614],[86.76886,20.79727],[86.76964,20.79681],[86.77323,20.79594],[86.77552,20.79482],[86.77724,20.79454],[86.7811,20.79214],[86.78167,20.79199],[86.78499,20.79273],[86.78661,20.79274],[86.78577,20.79021],[86.78442,20.78827],[86.77901,20.78391],[86.7765,20.78516],[86.77369,20.78789],[86.77262,20.78841],[86.76952,20.78905],[86.7661,20.78923],[86.76514,20.78897],[86.76387,20.7912],[86.76265,20.79226]]]}},{"type":"Feature","properties":{"LCODE":"05023001500150RIVE","LOCATION":"RIVER","V_TYPE":"RIVER","BLOCK":"CHANDABALI","DISTRICT":"BHADRAK"},"geometry":{"type":"Polygon","coordinates":[[[86.89857,20.79395],[86.89893,20.7944],[86.90391,20.7943],[86.9071,20.79465],[86.91179,20.79534],[86.91647,20.79649],[86.91887,20.79584],[86.92002,20.79509],[86.92879,20.7934],[86.93124,20.7932],[86.93338,20.79235],[86.93423,20.7923],[86.93558,20.7908],[86.93558,20.79036],[86.93059,20.79031],[86.92895,20.79001],[86.92201,20.79016],[86.91368,20.7916],[86.89867,20.7927],[86.89857,20.79395]]]}},{"type":"Feature","properties":{"LCODE":"050240015001500066","LOCATION":"KANDIASAHI","V_TYPE":"VILLAGE","BLOCK":"CHANDABALI","DISTRICT":"BHADRAK"},"geometry":{"type":"Polygon","coordinates":[[[86.67985,20.78863],[86.68034,20.79113],[86.68119,20.79359],[86.68171,20.79359],[86.68293,20.79428],[86.68406,20.7959],[86.68496,20.79605],[86.68822,20.79407],[86.68912,20.79331],[86.69018,20.79132],[86.6914,20.79071],[86.69328,20.78917],[86.69125,20.7855],[86.69126,20.78488],[86.69265,20.78305],[86.69312,20.78156],[86.69076,20.78247],[86.68413,20.78366],[86.68175,20.78557],[86.67985,20.78863]]]}},{"type":"Feature","properties":{"LCODE":"050230015001500138","LOCATION":"DHRUBAPAHALIPUR","V_TYPE":"VILLAGE","BLOCK":"CHANDABALI","DISTRICT":"BHADRAK"},"geometry":{"type":"Polygon","coordinates":[[[86.81857,20.76181],[86.82182,20.77314],[86.82331,20.77662],[86.82361,20.77854],[86.82336,20.78022],[86.82388,20.78169],[86.82384,20.7843],[86.82317,20.7856],[86.82169,20.7868],[86.82197,20.79152],[86.82332,20.79143],[86.82557,20.79292],[86.82729,20.79249],[86.82896,20.79412],[86.83004,20.79329],[86.83092,20.79369],[86.8318,20.7947],[86.8336,20.79427],[86.83602,20.79515],[86.83741,20.79501],[86.83848,20.79418],[86.83962,20.79405],[86.84115,20.79537],[86.84171,20.79546],[86.84286,20.79448],[86.84352,20.79425],[86.84482,20.7945],[86.84572,20.79398],[86.84558,20.79275],[86.84439,20.79081],[86.84473,20.78967],[86.84394,20.78827],[86.84369,20.7839],[86.84497,20.78008],[86.84988,20.76945],[86.83456,20.76122],[86.83171,20.75749],[86.83009,20.75289],[86.82935,20.75146],[86.82854,20.75041],[86.82809,20.75023],[86.82008,20.75967],[86.81857,20.76181]]]}},{"type":"Feature","properties":{"LCODE":"050240015001500082","LOCATION":"TENTULIDA","V_TYPE":"VILLAGE","BLOCK":"CHANDABALI","DISTRICT":"BHADRAK"},"geometry":{"type":"Polygon","coordinates":[[[86.8024,20.79244],[86.80272,20.79283],[86.80353,20.79299],[86.80799,20.79352],[86.8111,20.79295],[86.81492,20.793],[86.81976,20.7953],[86.82057,20.795],[86.82096,20.79442],[86.82051,20.79408],[86.82043,20.79346],[86.82133,20.7919],[86.8178,20.79066],[86.8139,20.79038],[86.80926,20.79085],[86.80373,20.79077],[86.80274,20.79129],[86.8024,20.79244]]]}},{"type":"Feature","properties":{"LCODE":"050240015001500081","LOCATION":"TENTULIDA-DIAN","V_TYPE":"VILLAGE","BLOCK":"CHANDABALI","DISTRICT":"BHADRAK"},"geometry":{"type":"Polygon","coordinates":[[[86.79599,20.7911],[86.7967,20.79274],[86.79687,20.79412],[86.79871,20.79436],[86.80223,20.79422],[86.80243,20.7942],[86.80206,20.79327],[86.80247,20.79252],[86.80241,20.79183],[86.80274,20.79129],[86.80376,20.79077],[86.80376,20.79052],[86.79599,20.7911]]]}},{"type":"Feature","properties":{"LCODE":"050240015001500067","LOCATION":"THOKARA","V_TYPE":"VILLAGE","BLOCK":"CHANDABALI","DISTRICT":"BHADRAK"},"geometry":{"type":"Polygon","coordinates":[[[86.69125,20.7855],[86.69433,20.79103],[86.69547,20.79172],[86.69929,20.79043],[86.70125,20.78998],[86.70312,20.78991],[86.70457,20.79114],[86.70563,20.79306],[86.70693,20.79268],[86.70914,20.79085],[86.70783,20.78939],[86.70654,20.78731],[86.70643,20.78665],[86.70525,20.78631],[86.70249,20.78316],[86.70103,20.78216],[86.69908,20.78131],[86.69851,20.78069],[86.69731,20.77812],[86.69312,20.78156],[86.69265,20.78305],[86.69126,20.78488],[86.69125,20.7855]]]}},{"type":"Feature","properties":{"LCODE":"050240015001500092","LOCATION":"BIJAYANAGAR","V_TYPE":"VILLAGE","BLOCK":"CHANDABALI","DISTRICT":"BHADRAK"},"geometry":{"type":"Polygon","coordinates":[[[86.77789,20.77988],[86.77939,20.78213],[86.77962,20.7829],[86.77901,20.78391],[86.78442,20.78827],[86.78577,20.79021],[86.78661,20.79274],[86.78817,20.79216],[86.79003,20.79272],[86.79134,20.79251],[86.79503,20.79088],[86.79599,20.7911],[86.80376,20.79052],[86.80382,20.78863],[86.80302,20.78884],[86.80214,20.78868],[86.79858,20.7874],[86.79729,20.78646],[86.7947,20.7858],[86.79314,20.78693],[86.79266,20.78639],[86.79229,20.78424],[86.79189,20.78369],[86.78914,20.78288],[86.7889,20.78234],[86.78927,20.77989],[86.78912,20.77928],[86.78705,20.77625],[86.78666,20.7751],[86.78674,20.77064],[86.78628,20.76641],[86.78194,20.76555],[86.7822,20.76958],[86.78032,20.7704],[86.7799,20.77085],[86.78017,20.77393],[86.77942,20.77662],[86.77996,20.777],[86.77995,20.77761],[86.77962,20.7783],[86.77789,20.77935],[86.77789,20.77988]]]}},{"type":"Feature","properties":{"LCODE":"05023001500150riv","LOCATION":"RIVER","V_TYPE":"RIVER","BLOCK":"CHANDABALI","DISTRICT":"BHADRAK"},"geometry":{"type":"Polygon","coordinates":[[[86.89874,20.79269],[86.91368,20.7916],[86.92201,20.79016],[86.92895,20.79001],[86.93059,20.79031],[86.93716,20.79056],[86.93713,20.79026],[86.93922,20.79001],[86.9449,20.78861],[86.94999,20.78696],[86.95223,20.78682],[86.95777,20.78432],[86.96006,20.78507],[86.96136,20.78662],[86.96219,20.78827],[86.96484,20.78628],[86.96659,20.7856],[86.96207,20.78147],[86.95585,20.77723],[86.9527,20.77565],[86.94575,20.77856],[86.94314,20.77906],[86.93922,20.77955],[86.93108,20.77968],[86.92108,20.78036],[86.9171,20.78105],[86.90585,20.78391],[86.90305,20.78496],[86.90041,20.78558],[86.89994,20.79022],[86.89874,20.79269]]]}},{"type":"Feature","properties":{"LCODE":"050240015001500094","LOCATION":"BADAHARIPUR","V_TYPE":"VILLAGE","BLOCK":"CHANDABALI","DISTRICT":"BHADRAK"},"geometry":{"type":"Polygon","coordinates":[[[86.76062,20.79066],[86.76265,20.79226],[86.76321,20.79196],[86.76471,20.78991],[86.76514,20.78897],[86.76481,20.78853],[86.76507,20.78791],[86.76614,20.78662],[86.76648,20.78579],[86.76625,20.78486],[86.76553,20.78416],[86.76367,20.78344],[86.76284,20.78242],[86.76237,20.78358],[86.76163,20.78886],[86.76062,20.79066]]]}},{"type":"Feature","properties":{"LCODE":"050240015001500083","LOCATION":"KANDAGARADI","V_TYPE":"VILLAGE","BLOCK":"CHANDABALI","DISTRICT":"BHADRAK"},"geometry":{"type":"Polygon","coordinates":[[[86.80376,20.79039],[86.80376,20.79077],[86.8056,20.79087],[86.81064,20.79079],[86.8139,20.79038],[86.81667,20.79049],[86.81902,20.79099],[86.82133,20.7919],[86.82197,20.79152],[86.82169,20.7868],[86.81796,20.78552],[86.81277,20.78468],[86.81165,20.7839],[86.80948,20.78127],[86.80851,20.78163],[86.80611,20.7842],[86.80382,20.78863],[86.80376,20.79039]]]}},{"type":"Feature","properties":{"LCODE":"05023001500150riv","LOCATION":"RIVER","V_TYPE":"RIVER","BLOCK":"CHANDABALI","DISTRICT":"BHADRAK"},"geometry":{"type":"Polygon","coordinates":[[[86.93713,20.79026],[86.93727,20.7916],[86.93822,20.79086],[86.94091,20.79031],[86.94241,20.78966],[86.95044,20.79031],[86.95512,20.7915],[86.95672,20.79135],[86.95972,20.79026],[86.96076,20.79016],[86.96146,20.7909],[86.96261,20.78906],[86.96136,20.78662],[86.96006,20.78507],[86.95777,20.78432],[86.95223,20.78682],[86.94999,20.78696],[86.9449,20.78861],[86.93922,20.79001],[86.93713,20.79026]]]}},{"type":"Feature","properties":{"LCODE":"05024001500150town","LOCATION":"CHANDBALI TOWN","V_TYPE":"TOWN","BLOCK":"CHANDABALI","DISTRICT":"BHADRAK"},"geometry":{"type":"Polygon","coordinates":[[[86.71426,20.76634],[86.71741,20.76965],[86.72009,20.77142],[86.72221,20.77212],[86.72375,20.77135],[86.72526,20.77114],[86.72831,20.76969],[86.72897,20.76999],[86.73334,20.77507],[86.73829,20.77716],[86.73878,20.77762],[86.73894,20.77884],[86.7382,20.78083],[86.7386,20.78214],[86.74266,20.78491],[86.74802,20.78731],[86.75308,20.79059],[86.7542,20.79099],[86.75639,20.79117],[86.75916,20.79082],[86.75989,20.79099],[86.76038,20.79092],[86.76122,20.78978],[86.76163,20.78886],[86.76254,20.78289],[86.76437,20.78107],[86.76369,20.77285],[86.766,20.76582],[86.76577,20.76505],[86.76521,20.76458],[86.76227,20.76371],[86.7616,20.76501],[86.75983,20.76708],[86.75755,20.76846],[86.75563,20.76901],[86.74992,20.76959],[86.74132,20.76927],[86.73616,20.76861],[86.73524,20.76825],[86.73006,20.76333],[86.72859,20.76241],[86.7271,20.762],[86.7222,20.76156],[86.71706,20.76],[86.71605,20.7645],[86.71442,20.7658],[86.71426,20.76634]]]}},{"type":"Feature","properties":{"LCODE":"050240015001500095","LOCATION":"PAIKARAPUR","V_TYPE":"VILLAGE","BLOCK":"CHANDABALI","DISTRICT":"BHADRAK"},"geometry":{"type":"Polygon","coordinates":[[[86.76284,20.78242],[86.76367,20.78344],[86.76553,20.78416],[86.76625,20.78486],[86.76648,20.78579],[86.76481,20.78853],[86.76521,20.78907],[86.76952,20.78905],[86.77262,20.78841],[86.77369,20.78789],[86.7765,20.78516],[86.77854,20.78435],[86.77928,20.78367],[86.77962,20.7829],[86.77939,20.78213],[86.77789,20.77988],[86.77789,20.77935],[86.77962,20.7783],[86.77996,20.777],[86.77942,20.77662],[86.77843,20.77667],[86.7753,20.77885],[86.77213,20.77834],[86.77081,20.77947],[86.76729,20.78111],[86.76526,20.78124],[86.76437,20.78097],[86.76284,20.78242]]]}},{"type":"Feature","properties":{"LCODE":"050240015001500085","LOCATION":"BISHRAMPUR","V_TYPE":"VILLAGE","BLOCK":"CHANDABALI","DISTRICT":"BHADRAK"},"geometry":{"type":"Polygon","coordinates":[[[86.79414,20.78495],[86.79445,20.78577],[86.79729,20.78646],[86.79858,20.7874],[86.80214,20.78868],[86.8036,20.78877],[86.80653,20.78367],[86.80851,20.78163],[86.81023,20.78096],[86.81049,20.78035],[86.81009,20.77988],[86.80782,20.77908],[86.80645,20.77822],[86.80559,20.77652],[86.80497,20.77444],[86.80484,20.77229],[86.80424,20.77184],[86.80245,20.77409],[86.79942,20.77559],[86.79843,20.77649],[86.79793,20.77741],[86.79691,20.77766],[86.79571,20.77876],[86.79632,20.78161],[86.79548,20.78282],[86.79425,20.78373],[86.79414,20.78495]]]}},{"type":"Feature","properties":{"LCODE":"050240015001500091","LOCATION":"MADHUPUR","V_TYPE":"VILLAGE","BLOCK":"CHANDABALI","DISTRICT":"BHADRAK"},"geometry":{"type":"Polygon","coordinates":[[[86.78628,20.76641],[86.78674,20.77064],[86.78666,20.7751],[86.78705,20.77625],[86.78912,20.77928],[86.78927,20.77989],[86.7889,20.78234],[86.78914,20.78288],[86.79189,20.78369],[86.79229,20.78424],[86.79266,20.78639],[86.79314,20.78693],[86.79437,20.78618],[86.79425,20.78373],[86.79548,20.78282],[86.79632,20.78161],[86.79571,20.77876],[86.79691,20.77766],[86.79662,20.77646],[86.79437,20.77628],[86.79365,20.77558],[86.79316,20.7755],[86.79169,20.77617],[86.79087,20.77623],[86.79031,20.77553],[86.79045,20.77216],[86.78934,20.77061],[86.78878,20.7669],[86.78628,20.76641]]]}},{"type":"Feature","properties":{"LCODE":"050240015001500084","LOCATION":"ORASAHI","V_TYPE":"VILLAGE","BLOCK":"CHANDABALI","DISTRICT":"BHADRAK"},"geometry":{"type":"Polygon","coordinates":[[[86.80807,20.77916],[86.81009,20.77988],[86.81049,20.78035],[86.81023,20.78096],[86.80948,20.78127],[86.81165,20.7839],[86.81277,20.78468],[86.81796,20.78552],[86.82169,20.7868],[86.82317,20.7856],[86.82384,20.7843],[86.82388,20.78169],[86.82336,20.78022],[86.81848,20.77839],[86.81475,20.77795],[86.81089,20.7756],[86.80982,20.77612],[86.80807,20.77916]]]}},{"type":"Feature","properties":{"LCODE":"050240015001500068","LOCATION":"KULIBINDHA","V_TYPE":"VILLAGE","BLOCK":"CHANDABALI","DISTRICT":"BHADRAK"},"geometry":{"type":"Polygon","coordinates":[[[86.69731,20.77812],[86.69794,20.77984],[86.69908,20.78131],[86.70103,20.78216],[86.70249,20.78316],[86.70435,20.78547],[86.70525,20.78631],[86.70621,20.7867],[86.70802,20.7844],[86.71188,20.78106],[86.71079,20.77966],[86.70869,20.77781],[86.70756,20.77604],[86.70631,20.77623],[86.70117,20.77595],[86.69958,20.77645],[86.69731,20.77812]]]}},{"type":"Feature","properties":{"LCODE":"050240015001500072","LOCATION":"PATULI","V_TYPE":"VILLAGE","BLOCK":"CHANDABALI","DISTRICT":"BHADRAK"},"geometry":{"type":"Polygon","coordinates":[[[86.72425,20.77706],[86.72552,20.77949],[86.72803,20.78057],[86.72949,20.78272],[86.73055,20.78341],[86.73413,20.7822],[86.73527,20.78213],[86.73795,20.78267],[86.73881,20.78228],[86.73828,20.78152],[86.7382,20.78083],[86.73894,20.77884],[86.73878,20.77762],[86.73829,20.77716],[86.73423,20.77561],[86.73307,20.77484],[86.73073,20.77636],[86.72894,20.77712],[86.72675,20.7775],[86.72425,20.77706]]]}},{"type":"Feature","properties":{"LCODE":"050240015001500070","LOCATION":"GOLADIA","V_TYPE":"VILLAGE","BLOCK":"CHANDABALI","DISTRICT":"BHADRAK"},"geometry":{"type":"Polygon","coordinates":[[[86.70756,20.77604],[86.70869,20.77781],[86.71079,20.77966],[86.71188,20.78106],[86.71575,20.78129],[86.71835,20.78107],[86.7246,20.77788],[86.72406,20.77657],[86.72398,20.77557],[86.72526,20.77114],[86.72375,20.77135],[86.72221,20.77212],[86.72083,20.77173],[86.71904,20.7708],[86.71606,20.76839],[86.71245,20.77193],[86.71114,20.77283],[86.7098,20.77497],[86.70756,20.77604]]]}},{"type":"Feature","properties":{"LCODE":"050240015001500096","LOCATION":"AMBILIGAN","V_TYPE":"VILLAGE","BLOCK":"CHANDABALI","DISTRICT":"BHADRAK"},"geometry":{"type":"Polygon","coordinates":[[[86.76434,20.77907],[86.76437,20.78097],[86.76656,20.78126],[86.76934,20.7803],[86.77213,20.77834],[86.7753,20.77885],[86.77785,20.77697],[86.77892,20.77652],[86.77942,20.77662],[86.78017,20.77393],[86.7799,20.77085],[86.78032,20.7704],[86.7822,20.76958],[86.78194,20.76555],[86.77935,20.76501],[86.77652,20.76382],[86.77427,20.7624],[86.77133,20.76144],[86.77126,20.76221],[86.77042,20.76373],[86.76632,20.76539],[86.76706,20.76575],[86.76762,20.76653],[86.76832,20.76831],[86.77029,20.77156],[86.77052,20.77264],[86.77033,20.77417],[86.76866,20.77676],[86.76546,20.77871],[86.76434,20.77907]]]}},{"type":"Feature","properties":{"LCODE":"050240015001500086","LOCATION":"BAGHANATA","V_TYPE":"VILLAGE","BLOCK":"CHANDABALI","DISTRICT":"BHADRAK"},"geometry":{"type":"Polygon","coordinates":[[[86.80483,20.77275],[86.80497,20.77444],[86.80605,20.77768],[86.80782,20.77908],[86.80807,20.77916],[86.80982,20.77612],[86.81089,20.7756],[86.81475,20.77795],[86.81848,20.77839],[86.82336,20.78022],[86.82361,20.77854],[86.82331,20.77662],[86.82182,20.77314],[86.8185,20.76156],[86.81736,20.76233],[86.81556,20.763],[86.81206,20.76364],[86.80669,20.7632],[86.80763,20.7658],[86.80907,20.76766],[86.8092,20.76943],[86.80827,20.77149],[86.80721,20.77209],[86.80484,20.77229],[86.80483,20.77275]]]}},{"type":"Feature","properties":{"LCODE":"050240015001500097","LOCATION":"SANAHARIPUR","V_TYPE":"VILLAGE","BLOCK":"CHANDABALI","DISTRICT":"BHADRAK"},"geometry":{"type":"Polygon","coordinates":[[[86.76366,20.77438],[86.76434,20.77907],[86.76546,20.77871],[86.76866,20.77676],[86.77033,20.77417],[86.77052,20.77264],[86.77029,20.77156],[86.76832,20.76831],[86.76762,20.76653],[86.76706,20.76575],[86.76609,20.76528],[86.76583,20.76525],[86.766,20.76582],[86.76387,20.77185],[86.76366,20.77438]]]}},{"type":"Feature","properties":{"LCODE":"050240015001500089","LOCATION":"JOGIPOKHARI","V_TYPE":"VILLAGE","BLOCK":"CHANDABALI","DISTRICT":"BHADRAK"},"geometry":{"type":"Polygon","coordinates":[[[86.79657,20.77593],[86.79694,20.77778],[86.79743,20.77771],[86.79942,20.77559],[86.80245,20.77409],[86.80424,20.77184],[86.80431,20.76998],[86.80416,20.76921],[86.80368,20.76858],[86.80231,20.76818],[86.80006,20.76832],[86.79751,20.77318],[86.79657,20.77593]]]}},{"type":"Feature","properties":{"LCODE":"050240015001500071","LOCATION":"PAHADAPUR","V_TYPE":"VILLAGE","BLOCK":"CHANDABALI","DISTRICT":"BHADRAK"},"geometry":{"type":"Polygon","coordinates":[[[86.72398,20.77557],[86.72425,20.77706],[86.72675,20.7775],[86.73008,20.77667],[86.73307,20.77484],[86.73018,20.77115],[86.72831,20.76969],[86.7253,20.77105],[86.72464,20.77266],[86.72398,20.77557]]]}},{"type":"Feature","properties":{"LCODE":"050240015001500090","LOCATION":"BALIKURI","V_TYPE":"VILLAGE","BLOCK":"CHANDABALI","DISTRICT":"BHADRAK"},"geometry":{"type":"Polygon","coordinates":[[[86.78878,20.7669],[86.78934,20.77061],[86.79045,20.77216],[86.79031,20.77553],[86.79055,20.77592],[86.79087,20.77623],[86.79169,20.77617],[86.79316,20.7755],[86.79365,20.77558],[86.79437,20.77628],[86.79662,20.77646],[86.79709,20.77409],[86.80006,20.76832],[86.79897,20.76821],[86.79833,20.76751],[86.79884,20.76591],[86.79884,20.76329],[86.7984,20.76316],[86.7979,20.76374],[86.79405,20.76576],[86.78878,20.7669]]]}},{"type":"Feature","properties":{"LCODE":"050240015001500069","LOCATION":"KULHI","V_TYPE":"VILLAGE","BLOCK":"CHANDABALI","DISTRICT":"BHADRAK"},"geometry":{"type":"Polygon","coordinates":[[[86.71068,20.7638],[86.71132,20.77054],[86.71114,20.77283],[86.71245,20.77193],[86.71606,20.76839],[86.71426,20.76634],[86.71442,20.7658],[86.71605,20.7645],[86.71706,20.76],[86.714,20.75886],[86.71268,20.75875],[86.71197,20.75907],[86.71143,20.75951],[86.71105,20.76047],[86.71068,20.7638]]]}},{"type":"Feature","properties":{"LCODE":"050240015001500088","LOCATION":"NERUALI","V_TYPE":"VILLAGE","BLOCK":"CHANDABALI","DISTRICT":"BHADRAK"},"geometry":{"type":"Polygon","coordinates":[[[86.79833,20.76751],[86.79897,20.76821],[86.79971,20.76837],[86.80231,20.76818],[86.80368,20.76858],[86.80416,20.76921],[86.80412,20.77166],[86.80444,20.77213],[86.80622,20.7723],[86.80827,20.77149],[86.8092,20.76943],[86.80907,20.76766],[86.80731,20.76518],[86.80539,20.7584],[86.80495,20.76085],[86.80361,20.76306],[86.80165,20.76349],[86.80011,20.76316],[86.79884,20.76329],[86.79884,20.76591],[86.79833,20.76751]]]}},{"type":"Feature","properties":{"LCODE":"050240015001500100","LOCATION":"BENTALPUR","V_TYPE":"VILLAGE","BLOCK":"CHANDABALI","DISTRICT":"BHADRAK"},"geometry":{"type":"Polygon","coordinates":[[[86.7706,20.7591],[86.77133,20.76144],[86.77427,20.7624],[86.77652,20.76382],[86.77935,20.76501],[86.78786,20.76682],[86.78891,20.76691],[86.79275,20.7662],[86.79405,20.76576],[86.7984,20.76329],[86.79842,20.76252],[86.79636,20.75896],[86.79542,20.75687],[86.79465,20.75418],[86.79394,20.75301],[86.79296,20.75277],[86.78855,20.75416],[86.78701,20.75391],[86.78583,20.75167],[86.78262,20.74805],[86.77967,20.75002],[86.77249,20.75693],[86.7706,20.7591]]]}},{"type":"Feature","properties":{"LCODE":"050240015001500098","LOCATION":"POKHARISAHI","V_TYPE":"VILLAGE","BLOCK":"CHANDABALI","DISTRICT":"BHADRAK"},"geometry":{"type":"Polygon","coordinates":[[[86.76192,20.75633],[86.76244,20.75776],[86.76272,20.76006],[86.76263,20.76253],[86.76227,20.76371],[86.76521,20.76458],[86.76632,20.76539],[86.77042,20.76373],[86.77126,20.76221],[86.77129,20.7609],[86.76971,20.75727],[86.76942,20.75573],[86.76886,20.75503],[86.76748,20.75486],[86.76705,20.75608],[86.76192,20.75633]]]}},{"type":"Feature","properties":{"LCODE":"050240015001500087","LOCATION":"KASTURIKANA","V_TYPE":"VILLAGE","BLOCK":"CHANDABALI","DISTRICT":"BHADRAK"},"geometry":{"type":"Polygon","coordinates":[[[86.80534,20.75694],[86.80539,20.7584],[86.80669,20.7632],[86.81075,20.7637],[86.81556,20.763],[86.81736,20.76233],[86.8185,20.76156],[86.81857,20.76181],[86.82008,20.75967],[86.82809,20.75023],[86.82611,20.75003],[86.82555,20.74972],[86.82518,20.74742],[86.82456,20.74655],[86.82381,20.74444],[86.82232,20.7432],[86.82082,20.74502],[86.81621,20.74827],[86.81339,20.74942],[86.81124,20.75212],[86.80906,20.75399],[86.80714,20.75523],[86.80538,20.75564],[86.80534,20.75694]]]}},{"type":"Feature","properties":{"LCODE":"050240015001500102","LOCATION":"DURGAPUR","V_TYPE":"VILLAGE","BLOCK":"CHANDABALI","DISTRICT":"BHADRAK"},"geometry":{"type":"Polygon","coordinates":[[[86.79818,20.762],[86.7984,20.76316],[86.79884,20.76329],[86.80011,20.76316],[86.80165,20.76349],[86.80361,20.76306],[86.80495,20.76085],[86.80539,20.75878],[86.80538,20.75564],[86.8026,20.75525],[86.8006,20.75386],[86.79984,20.7554],[86.79987,20.75832],[86.79818,20.762]]]}},{"type":"Feature","properties":{"LCODE":"050240015001500101","LOCATION":"KAUDIAPAL","V_TYPE":"VILLAGE","BLOCK":"CHANDABALI","DISTRICT":"BHADRAK"},"geometry":{"type":"Polygon","coordinates":[[[86.78262,20.74805],[86.78583,20.75167],[86.78701,20.75391],[86.78855,20.75416],[86.79296,20.75277],[86.79394,20.75301],[86.79465,20.75418],[86.79542,20.75687],[86.79636,20.75896],[86.79818,20.762],[86.79987,20.75832],[86.79984,20.7554],[86.8006,20.75386],[86.79894,20.75203],[86.79852,20.75086],[86.79852,20.74996],[86.79948,20.7476],[86.79949,20.7469],[86.79724,20.7395],[86.7961,20.7331],[86.79517,20.73108],[86.79488,20.73097],[86.7945,20.73132],[86.79155,20.73492],[86.78896,20.73741],[86.78612,20.73934],[86.78402,20.74022],[86.78493,20.74522],[86.78484,20.74613],[86.78262,20.74805]]]}},{"type":"Feature","properties":{"LCODE":"050240015001500099","LOCATION":"KANDHA","V_TYPE":"VILLAGE","BLOCK":"CHANDABALI","DISTRICT":"BHADRAK"},"geometry":{"type":"Polygon","coordinates":[[[86.75494,20.74401],[86.75529,20.74665],[86.75682,20.74951],[86.76048,20.75351],[86.76192,20.75633],[86.76705,20.75608],[86.76748,20.75486],[86.76886,20.75503],[86.76942,20.75573],[86.76971,20.75727],[86.7706,20.7591],[86.77249,20.75693],[86.77967,20.75002],[86.78371,20.74733],[86.78484,20.74613],[86.78493,20.74522],[86.78402,20.74022],[86.7809,20.74039],[86.77775,20.73968],[86.77444,20.73764],[86.77036,20.73358],[86.76823,20.73267],[86.76618,20.73248],[86.76199,20.73357],[86.75919,20.73546],[86.75563,20.74017],[86.75511,20.74135],[86.75494,20.74401]]]}}]}