{"type":"FeatureCollection","features":[{"type":"Feature","properties":{"LCODE":"100160005000500002","LOCATION":"BUDHIPADAR","V_TYPE":"VILLAGE","BLOCK":"KHARIAR","DISTRICT":"NUAPADA"},"geometry":{"type":"Polygon","coordinates":[[[83.48043,20.44574],[83.48481,20.44976],[83.48817,20.45402],[83.49033,20.45163],[83.49047,20.45085],[83.49071,20.45078],[83.49184,20.45152],[83.49165,20.45255],[83.49349,20.45246],[83.49368,20.45123],[83.49442,20.451],[83.49455,20.44977],[83.49503,20.44939],[83.49619,20.44949],[83.49559,20.44845],[83.49644,20.44767],[83.49619,20.44665],[83.49647,20.44394],[83.49603,20.44357],[83.49512,20.44386],[83.49509,20.44271],[83.49554,20.44207],[83.49667,20.44146],[83.49731,20.44024],[83.49737,20.43951],[83.49644,20.43871],[83.49606,20.43781],[83.49683,20.43682],[83.49638,20.43518],[83.49654,20.43496],[83.49763,20.43505],[83.49753,20.43406],[83.49788,20.43381],[83.49891,20.43483],[83.49945,20.43483],[83.49974,20.43451],[83.49852,20.43176],[83.4982,20.43147],[83.49615,20.43111],[83.49279,20.42868],[83.49234,20.42823],[83.49197,20.4266],[83.48986,20.42743],[83.4888,20.42997],[83.48841,20.43192],[83.48975,20.43569],[83.48953,20.43701],[83.48669,20.43872],[83.48646,20.43913],[83.48653,20.44004],[83.48722,20.44089],[83.48699,20.44164],[83.48651,20.44211],[83.48288,20.44395],[83.48043,20.44574]]]}},{"type":"Feature","properties":{"LCODE":"100160005000500001","LOCATION":"KHARJURA","V_TYPE":"VILLAGE","BLOCK":"KHARIAR","DISTRICT":"NUAPADA"},"geometry":{"type":"Polygon","coordinates":[[[83.47523,20.44146],[83.48043,20.44574],[83.48288,20.44395],[83.48651,20.44211],[83.48699,20.44164],[83.48722,20.44089],[83.48653,20.44004],[83.48646,20.43913],[83.48711,20.43837],[83.48953,20.43701],[83.48977,20.43638],[83.48949,20.43483],[83.48841,20.43192],[83.4895,20.42801],[83.4903,20.4272],[83.48858,20.42756],[83.48525,20.42922],[83.48135,20.43261],[83.48039,20.43401],[83.48092,20.43629],[83.48064,20.43739],[83.47968,20.43855],[83.47523,20.44146]]]}},{"type":"Feature","properties":{"LCODE":"100160005000500003","LOCATION":"PAURKELA","V_TYPE":"VILLAGE","BLOCK":"KHARIAR","DISTRICT":"NUAPADA"},"geometry":{"type":"Polygon","coordinates":[[[83.46409,20.43284],[83.46809,20.4364],[83.47523,20.44146],[83.47968,20.43855],[83.4808,20.43687],[83.48085,20.43578],[83.48039,20.43401],[83.48135,20.43261],[83.48525,20.42922],[83.48858,20.42756],[83.49197,20.4266],[83.49249,20.42465],[83.49218,20.42278],[83.49221,20.41939],[83.48965,20.41759],[83.49029,20.41615],[83.49061,20.41453],[83.48739,20.41502],[83.4851,20.41666],[83.48141,20.41844],[83.48038,20.41857],[83.47734,20.4157],[83.47759,20.41277],[83.47684,20.41175],[83.47633,20.41009],[83.47751,20.40795],[83.47774,20.40691],[83.47593,20.40815],[83.47223,20.40935],[83.46868,20.40861],[83.46503,20.4094],[83.46486,20.40982],[83.46677,20.41507],[83.46945,20.41812],[83.4694,20.41864],[83.46809,20.42044],[83.46874,20.42324],[83.46842,20.4256],[83.46807,20.42646],[83.46526,20.42989],[83.46409,20.43284]]]}},{"type":"Feature","properties":{"LCODE":"100160005000500004","LOCATION":"TEREKELA","V_TYPE":"VILLAGE","BLOCK":"KHARIAR","DISTRICT":"NUAPADA"},"geometry":{"type":"Polygon","coordinates":[[[83.45633,20.42492],[83.46409,20.43284],[83.46526,20.42989],[83.46807,20.42646],[83.46842,20.4256],[83.46874,20.42324],[83.46809,20.42044],[83.4694,20.41864],[83.46945,20.41812],[83.46815,20.41682],[83.46651,20.4145],[83.46561,20.41451],[83.46483,20.41521],[83.4642,20.41729],[83.46249,20.41772],[83.46162,20.42008],[83.45876,20.4207],[83.45779,20.42147],[83.45715,20.42245],[83.45633,20.42492]]]}},{"type":"Feature","properties":{"LCODE":"100160005000500005","LOCATION":"GOUDKONDEIPALLI","V_TYPE":"VILLAGE","BLOCK":"KHARIAR","DISTRICT":"NUAPADA"},"geometry":{"type":"Polygon","coordinates":[[[83.4513,20.42003],[83.45306,20.42253],[83.45633,20.42492],[83.45715,20.42245],[83.45779,20.42147],[83.45876,20.4207],[83.46162,20.42008],[83.46249,20.41772],[83.4642,20.41729],[83.46507,20.41481],[83.46651,20.4145],[83.46613,20.41278],[83.46486,20.40982],[83.46503,20.4094],[83.46254,20.40991],[83.45396,20.40942],[83.454,20.40994],[83.45499,20.4105],[83.455,20.41124],[83.45464,20.41165],[83.45442,20.4128],[83.45523,20.41405],[83.45487,20.41446],[83.45414,20.41412],[83.45329,20.41431],[83.45224,20.41393],[83.45206,20.41416],[83.45375,20.41643],[83.45154,20.4191],[83.4513,20.42003]]]}},{"type":"Feature","properties":{"LCODE":"100160005000500023","LOCATION":"TERESINGA","V_TYPE":"VILLAGE","BLOCK":"KHARIAR","DISTRICT":"NUAPADA"},"geometry":{"type":"Polygon","coordinates":[[[83.42053,20.39864],[83.42445,20.4034],[83.42852,20.4067],[83.4406,20.41263],[83.44832,20.41801],[83.45021,20.41894],[83.4513,20.42003],[83.45154,20.4191],[83.45375,20.41643],[83.45206,20.41416],[83.45224,20.41393],[83.45329,20.41431],[83.45414,20.41412],[83.45487,20.41446],[83.45523,20.41405],[83.45442,20.4128],[83.45464,20.41165],[83.455,20.41124],[83.45499,20.4105],[83.45425,20.41016],[83.45394,20.40959],[83.45402,20.40707],[83.45456,20.40683],[83.45484,20.40528],[83.45422,20.40437],[83.45408,20.40351],[83.45663,20.39607],[83.4583,20.39311],[83.45851,20.39156],[83.45842,20.38611],[83.45712,20.3818],[83.45267,20.3819],[83.4509,20.38141],[83.44602,20.38126],[83.44408,20.3807],[83.44346,20.38136],[83.44201,20.3819],[83.44026,20.38348],[83.43797,20.38478],[83.43557,20.387],[83.43473,20.38804],[83.4343,20.39098],[83.43382,20.39156],[83.43303,20.39191],[83.43175,20.39188],[83.4307,20.39149],[83.42972,20.39071],[83.4288,20.39061],[83.42571,20.3922],[83.42513,20.39325],[83.42521,20.39485],[83.4231,20.39621],[83.42053,20.39864]]]}},{"type":"Feature","properties":{"LCODE":"100160005000500007","LOCATION":"SIRABAHAL","V_TYPE":"VILLAGE","BLOCK":"KHARIAR","DISTRICT":"NUAPADA"},"geometry":{"type":"Polygon","coordinates":[[[83.47633,20.41009],[83.47684,20.41175],[83.47759,20.41277],[83.47734,20.4157],[83.48038,20.41857],[83.48141,20.41844],[83.4851,20.41666],[83.48739,20.41502],[83.49061,20.41453],[83.49039,20.41039],[83.49349,20.4042],[83.49257,20.40065],[83.49041,20.39913],[83.48801,20.39797],[83.48593,20.40098],[83.48491,20.40192],[83.48253,20.40511],[83.47774,20.40691],[83.47751,20.40795],[83.47633,20.41009]]]}},{"type":"Feature","properties":{"LCODE":"100160005000500008","LOCATION":"TETENGPADAR","V_TYPE":"VILLAGE","BLOCK":"KHARIAR","DISTRICT":"NUAPADA"},"geometry":{"type":"Polygon","coordinates":[[[83.49633,20.40471],[83.49996,20.41329],[83.50131,20.41533],[83.50482,20.41524],[83.5106,20.41437],[83.51017,20.41336],[83.51085,20.41233],[83.51061,20.41164],[83.51006,20.41117],[83.51031,20.40997],[83.50977,20.40945],[83.51027,20.40836],[83.50942,20.40732],[83.51029,20.4052],[83.5078,20.40536],[83.5064,20.40501],[83.49836,20.40426],[83.49633,20.40471]]]}},{"type":"Feature","properties":{"LCODE":"100160005000500009","LOCATION":"DHANRAKHAMAN","V_TYPE":"VILLAGE","BLOCK":"KHARIAR","DISTRICT":"NUAPADA"},"geometry":{"type":"Polygon","coordinates":[[[83.508,20.40151],[83.50806,20.40197],[83.5097,20.40289],[83.51025,20.40353],[83.51029,20.40537],[83.50942,20.40732],[83.51027,20.40836],[83.50977,20.40945],[83.51031,20.40997],[83.51006,20.41117],[83.51061,20.41164],[83.51085,20.41233],[83.51017,20.41336],[83.5106,20.41437],[83.51255,20.41383],[83.51537,20.412],[83.52162,20.41072],[83.52099,20.40533],[83.52146,20.40511],[83.52134,20.40441],[83.5219,20.40436],[83.51862,20.39937],[83.51594,20.39907],[83.51374,20.39987],[83.51289,20.3994],[83.51108,20.39755],[83.50938,20.39674],[83.50815,20.39938],[83.50826,20.40007],[83.5088,20.40082],[83.508,20.40151]]]}},{"type":"Feature","properties":{"LCODE":"100160005000500006","LOCATION":"RISIDAKANDAPARA","V_TYPE":"VILLAGE","BLOCK":"KHARIAR","DISTRICT":"NUAPADA"},"geometry":{"type":"Polygon","coordinates":[[[83.45385,20.40805],[83.45396,20.40942],[83.45668,20.40944],[83.46041,20.40989],[83.46254,20.40991],[83.46868,20.40861],[83.47223,20.40935],[83.47496,20.40856],[83.47774,20.40691],[83.48253,20.40511],[83.48805,20.39798],[83.48792,20.3962],[83.48611,20.39708],[83.48373,20.39752],[83.482,20.39927],[83.48091,20.39975],[83.47647,20.40051],[83.47549,20.40024],[83.47433,20.39687],[83.47244,20.39673],[83.47135,20.39703],[83.46707,20.39636],[83.46581,20.39718],[83.46075,20.40174],[83.45949,20.40239],[83.45729,20.40248],[83.45483,20.40121],[83.45403,20.40391],[83.45484,20.40528],[83.45468,20.40654],[83.45402,20.40707],[83.45385,20.40805]]]}},{"type":"Feature","properties":{"LCODE":"100160005000500020","LOCATION":"ABUJBAHAL","V_TYPE":"VILLAGE","BLOCK":"KHARIAR","DISTRICT":"NUAPADA"},"geometry":{"type":"Polygon","coordinates":[[[83.48788,20.39751],[83.48805,20.39798],[83.49041,20.39913],[83.49257,20.40065],[83.49349,20.4042],[83.49413,20.40459],[83.49633,20.40471],[83.49836,20.40426],[83.5064,20.40501],[83.5078,20.40536],[83.51029,20.4052],[83.51025,20.40353],[83.50994,20.40307],[83.508,20.40185],[83.50813,20.40128],[83.5088,20.40082],[83.50826,20.40007],[83.50815,20.39938],[83.50932,20.3968],[83.50867,20.39478],[83.51008,20.39376],[83.50947,20.39318],[83.50985,20.39186],[83.50906,20.39128],[83.50913,20.38984],[83.50871,20.3895],[83.50828,20.39036],[83.50803,20.39036],[83.50792,20.38938],[83.50743,20.38897],[83.50696,20.38708],[83.50545,20.38603],[83.50636,20.38558],[83.50735,20.3838],[83.50712,20.38265],[83.50658,20.38219],[83.50482,20.38224],[83.50291,20.38349],[83.49676,20.38507],[83.49052,20.38456],[83.49091,20.38891],[83.49065,20.39127],[83.49012,20.39283],[83.48814,20.39481],[83.48788,20.39751]]]}},{"type":"Feature","properties":{"LCODE":"100160005000500010","LOCATION":"KANSIL","V_TYPE":"VILLAGE","BLOCK":"KHARIAR","DISTRICT":"NUAPADA"},"geometry":{"type":"Polygon","coordinates":[[[83.51815,20.39609],[83.51839,20.39724],[83.51893,20.39794],[83.51855,20.39934],[83.51933,20.4007],[83.5203,20.40162],[83.5219,20.40436],[83.52896,20.40313],[83.53447,20.40108],[83.53674,20.39881],[83.53824,20.39842],[83.53768,20.39612],[83.53581,20.39445],[83.53534,20.39238],[83.53426,20.39001],[83.53426,20.38898],[83.53476,20.38847],[83.53659,20.38773],[83.53885,20.38584],[83.54154,20.38441],[83.54137,20.38246],[83.53997,20.38263],[83.53912,20.38205],[83.5376,20.38284],[83.53279,20.38277],[83.53053,20.38327],[83.52966,20.38301],[83.52834,20.38309],[83.52467,20.38618],[83.51967,20.38828],[83.51886,20.39081],[83.51815,20.39609]]]}},{"type":"Feature","properties":{"LCODE":"100160005000500022","LOCATION":"RISIDA","V_TYPE":"VILLAGE","BLOCK":"KHARIAR","DISTRICT":"NUAPADA"},"geometry":{"type":"Polygon","coordinates":[[[83.45483,20.40121],[83.45729,20.40248],[83.45869,20.40257],[83.46075,20.40174],[83.46581,20.39718],[83.46707,20.39636],[83.47135,20.39703],[83.47244,20.39673],[83.474,20.39676],[83.47295,20.39414],[83.46943,20.39184],[83.46862,20.39088],[83.46746,20.38839],[83.46378,20.38889],[83.46172,20.38996],[83.45928,20.39011],[83.4584,20.38959],[83.4583,20.39311],[83.45663,20.39607],[83.45483,20.40121]]]}},{"type":"Feature","properties":{"LCODE":"100160004000400013","LOCATION":"JAMALAKH BAHALI","V_TYPE":"VILLAGE","BLOCK":"KHARIAR","DISTRICT":"NUAPADA"},"geometry":{"type":"Polygon","coordinates":[[[83.55009,20.39681],[83.55076,20.39756],[83.55204,20.39687],[83.55197,20.39768],[83.55093,20.39899],[83.55177,20.39992],[83.55143,20.40067],[83.55231,20.40075],[83.55511,20.3998],[83.55734,20.39866],[83.55943,20.39435],[83.56213,20.39373],[83.56702,20.39316],[83.56716,20.39055],[83.56849,20.38856],[83.56835,20.3877],[83.56731,20.38571],[83.56268,20.38888],[83.5589,20.39053],[83.55835,20.39121],[83.5587,20.393],[83.55645,20.39316],[83.55412,20.39504],[83.55211,20.39538],[83.55052,20.39623],[83.55009,20.39681]]]}},{"type":"Feature","properties":{"LCODE":"100160004000400011","LOCATION":"PIRUMAL","V_TYPE":"VILLAGE","BLOCK":"KHARIAR","DISTRICT":"NUAPADA"},"geometry":{"type":"Polygon","coordinates":[[[83.5342,20.38955],[83.53534,20.39238],[83.53581,20.39445],[83.53768,20.39612],[83.53824,20.39842],[83.54225,20.39791],[83.54491,20.39625],[83.54552,20.39615],[83.54619,20.39629],[83.54809,20.39772],[83.55042,20.40052],[83.55143,20.40067],[83.55159,20.40043],[83.55166,20.39963],[83.55093,20.39899],[83.55185,20.39791],[83.5521,20.39699],[83.5518,20.39693],[83.55106,20.39756],[83.55016,20.39704],[83.55016,20.39664],[83.5509,20.39597],[83.54956,20.39416],[83.55037,20.39227],[83.55025,20.39193],[83.54946,20.39186],[83.5491,20.39152],[83.54916,20.39094],[83.5499,20.3902],[83.54978,20.38893],[83.5482,20.3891],[83.54734,20.38973],[83.54692,20.38967],[83.54729,20.38858],[83.54638,20.38806],[83.54614,20.38754],[83.54748,20.3876],[83.54712,20.38708],[83.54755,20.38657],[83.54736,20.38634],[83.54676,20.38639],[83.54523,20.38782],[83.54426,20.38707],[83.54371,20.38776],[83.54316,20.38787],[83.54292,20.38729],[83.54329,20.38609],[83.54324,20.38494],[83.54227,20.38419],[83.54172,20.3847],[83.54139,20.38448],[83.5405,20.38481],[83.53659,20.38773],[83.53445,20.38864],[83.5342,20.38955]]]}},{"type":"Feature","properties":{"LCODE":"100160005000500021","LOCATION":"SALANDIAMUNDA","V_TYPE":"VILLAGE","BLOCK":"KHARIAR","DISTRICT":"NUAPADA"},"geometry":{"type":"Polygon","coordinates":[[[83.46746,20.38839],[83.46862,20.39088],[83.46943,20.39184],[83.47295,20.39414],[83.47384,20.39648],[83.47478,20.39778],[83.47549,20.40024],[83.47647,20.40051],[83.48091,20.39975],[83.482,20.39927],[83.48373,20.39752],[83.48611,20.39708],[83.48792,20.3962],[83.48814,20.39481],[83.48982,20.39323],[83.49036,20.39236],[83.49091,20.38891],[83.49052,20.38456],[83.48623,20.38145],[83.48519,20.38241],[83.4827,20.38348],[83.47925,20.38451],[83.47705,20.38443],[83.47383,20.38377],[83.47073,20.38597],[83.46898,20.38674],[83.46746,20.38839]]]}},{"type":"Feature","properties":{"LCODE":"100160005000500019","LOCATION":"GAJABAHAL","V_TYPE":"VILLAGE","BLOCK":"KHARIAR","DISTRICT":"NUAPADA"},"geometry":{"type":"Polygon","coordinates":[[[83.50482,20.38224],[83.50658,20.38219],[83.50712,20.38265],[83.50742,20.38346],[83.50636,20.38558],[83.50545,20.38603],[83.50696,20.38708],[83.50743,20.38897],[83.50792,20.38938],[83.50803,20.39036],[83.50828,20.39036],[83.50871,20.3895],[83.50913,20.38984],[83.50906,20.39128],[83.50985,20.39186],[83.50947,20.39318],[83.51008,20.39358],[83.50995,20.39404],[83.50867,20.39478],[83.50932,20.3968],[83.51108,20.39755],[83.51289,20.3994],[83.51374,20.39987],[83.51594,20.39907],[83.51855,20.39934],[83.51893,20.39794],[83.51826,20.3969],[83.51816,20.39529],[83.51905,20.38995],[83.51985,20.38824],[83.51814,20.38885],[83.51687,20.38804],[83.51652,20.38672],[83.51732,20.38534],[83.51842,20.38454],[83.51885,20.38345],[83.51953,20.37388],[83.51714,20.37183],[83.51456,20.37211],[83.51089,20.37479],[83.50808,20.37581],[83.50698,20.37656],[83.50612,20.37764],[83.50574,20.38011],[83.50482,20.38224]]]}},{"type":"Feature","properties":{"LCODE":"100160005000500024","LOCATION":"BINDHANIA","V_TYPE":"VILLAGE","BLOCK":"KHARIAR","DISTRICT":"NUAPADA"},"geometry":{"type":"Polygon","coordinates":[[[83.4147,20.37494],[83.41577,20.37736],[83.41673,20.38424],[83.41753,20.38613],[83.41724,20.3887],[83.41814,20.39315],[83.42053,20.39864],[83.4231,20.39621],[83.42521,20.39485],[83.42513,20.39325],[83.42571,20.3922],[83.4288,20.39061],[83.42972,20.39071],[83.4307,20.39149],[83.43175,20.39188],[83.43303,20.39191],[83.43382,20.39156],[83.4343,20.39098],[83.43473,20.38804],[83.43557,20.387],[83.43797,20.38478],[83.44026,20.38348],[83.44257,20.38159],[83.44162,20.38053],[83.438,20.37927],[83.43591,20.3781],[83.4315,20.37748],[83.4307,20.37703],[83.42946,20.37562],[83.42701,20.37485],[83.42469,20.37472],[83.42206,20.37413],[83.41893,20.37252],[83.41826,20.3731],[83.41541,20.37429],[83.4147,20.37494]]]}},{"type":"Feature","properties":{"LCODE":"100160004000400012","LOCATION":"BUDHIKHAMAN","V_TYPE":"VILLAGE","BLOCK":"KHARIAR","DISTRICT":"NUAPADA"},"geometry":{"type":"Polygon","coordinates":[[[83.5491,20.39112],[83.54922,20.39175],[83.55031,20.39204],[83.55024,20.39296],[83.54956,20.39428],[83.5509,20.39597],[83.5526,20.39521],[83.5537,20.39527],[83.55645,20.39316],[83.5587,20.393],[83.55835,20.39121],[83.5589,20.39053],[83.56268,20.38888],[83.56728,20.38552],[83.56581,20.38493],[83.56356,20.38486],[83.56307,20.38497],[83.5621,20.38589],[83.56094,20.38588],[83.55949,20.38375],[83.55901,20.38352],[83.55883,20.38271],[83.55816,20.38225],[83.55664,20.38236],[83.55488,20.38195],[83.55296,20.38248],[83.55183,20.3832],[83.55152,20.38371],[83.55255,20.3847],[83.55254,20.3855],[83.55315,20.38608],[83.55302,20.38642],[83.55174,20.38716],[83.55283,20.38774],[83.55283,20.38809],[83.55222,20.38837],[83.55228,20.38906],[83.55112,20.38882],[83.55106,20.38946],[83.55051,20.38951],[83.55045,20.39003],[83.54987,20.39014],[83.5491,20.39112]]]}},{"type":"Feature","properties":{"LCODE":"100160005000500027","LOCATION":"BRAHMANIMUNDA","V_TYPE":"VILLAGE","BLOCK":"KHARIAR","DISTRICT":"NUAPADA"},"geometry":{"type":"Polygon","coordinates":[[[83.45707,20.38183],[83.45842,20.38611],[83.4584,20.38959],[83.45928,20.39011],[83.46172,20.38996],[83.46378,20.38889],[83.46718,20.38855],[83.46779,20.3882],[83.46898,20.38674],[83.47073,20.38597],[83.47383,20.38377],[83.47318,20.38272],[83.47213,20.38176],[83.47139,20.38125],[83.46955,20.38094],[83.46665,20.37868],[83.46362,20.37948],[83.45895,20.3814],[83.45707,20.38183]]]}},{"type":"Feature","properties":{"LCODE":"100160004000400016","LOCATION":"SIKELKUPA","V_TYPE":"VILLAGE","BLOCK":"KHARIAR","DISTRICT":"NUAPADA"},"geometry":{"type":"Polygon","coordinates":[[[83.53906,20.38206],[83.53997,20.38263],[83.54119,20.38235],[83.54155,20.38298],[83.54141,20.38459],[83.54172,20.3847],[83.54227,20.38419],[83.54306,20.38465],[83.54329,20.38609],[83.54292,20.38752],[83.54316,20.38787],[83.54371,20.38776],[83.54426,20.38707],[83.54523,20.38782],[83.54676,20.38639],[83.54749,20.38645],[83.54712,20.38691],[83.54736,20.38772],[83.54614,20.38754],[83.54638,20.38806],[83.54729,20.38858],[83.54692,20.38967],[83.54972,20.38882],[83.54987,20.39014],[83.55032,20.39009],[83.55051,20.38951],[83.55106,20.38946],[83.55112,20.38882],[83.55228,20.38906],[83.55222,20.38837],[83.55283,20.38809],[83.55283,20.38774],[83.55174,20.38716],[83.55302,20.38642],[83.55315,20.38608],[83.55254,20.3855],[83.55255,20.3847],[83.55152,20.38371],[83.55183,20.3832],[83.55296,20.38248],[83.55202,20.38211],[83.55209,20.38136],[83.55148,20.38078],[83.55173,20.37992],[83.55108,20.37779],[83.54798,20.37697],[83.54652,20.37714],[83.54427,20.37673],[83.54397,20.37615],[83.54398,20.37357],[83.54375,20.37345],[83.54099,20.37551],[83.53906,20.38206]]]}},{"type":"Feature","properties":{"LCODE":"100160005000500018","LOCATION":"DANGARMUNDA","V_TYPE":"VILLAGE","BLOCK":"KHARIAR","DISTRICT":"NUAPADA"},"geometry":{"type":"Polygon","coordinates":[[[83.51651,20.38735],[83.51687,20.38804],[83.51833,20.38885],[83.52467,20.38618],[83.52834,20.38309],[83.52966,20.38301],[83.52902,20.38212],[83.52861,20.38068],[83.52655,20.379],[83.52267,20.37772],[83.52177,20.37559],[83.51953,20.37388],[83.51885,20.38345],[83.51842,20.38454],[83.51732,20.38534],[83.51658,20.38631],[83.51651,20.38735]]]}},{"type":"Feature","properties":{"LCODE":"100160004000400112","LOCATION":"SARABEDA","V_TYPE":"VILLAGE","BLOCK":"KHARIAR","DISTRICT":"NUAPADA"},"geometry":{"type":"Polygon","coordinates":[[[83.64996,20.38006],[83.64996,20.38068],[83.65134,20.38187],[83.65092,20.38277],[83.65195,20.38694],[83.65258,20.38751],[83.65495,20.38528],[83.65566,20.38377],[83.65708,20.38339],[83.65832,20.38239],[83.66245,20.38054],[83.66628,20.38008],[83.66586,20.3782],[83.66676,20.37712],[83.66325,20.37698],[83.66077,20.37479],[83.66004,20.37456],[83.65864,20.37455],[83.65638,20.37569],[83.65553,20.37557],[83.65469,20.37208],[83.654,20.37641],[83.65234,20.37911],[83.65073,20.3795],[83.64996,20.38006]]]}},{"type":"Feature","properties":{"LCODE":"100160004000400014","LOCATION":"BANJIPADAR","V_TYPE":"VILLAGE","BLOCK":"KHARIAR","DISTRICT":"NUAPADA"},"geometry":{"type":"Polygon","coordinates":[[[83.55455,20.38202],[83.55853,20.38242],[83.55901,20.38352],[83.55949,20.38375],[83.56094,20.38588],[83.5621,20.38589],[83.56326,20.38491],[83.56581,20.38493],[83.56728,20.38552],[83.56811,20.38713],[83.57186,20.38718],[83.56854,20.38464],[83.56867,20.38099],[83.56983,20.37813],[83.57027,20.37514],[83.5712,20.37195],[83.57366,20.36683],[83.57473,20.36534],[83.57458,20.36492],[83.57533,20.36233],[83.57533,20.36124],[83.57509,20.36055],[83.57418,20.35963],[83.5726,20.35933],[83.56792,20.35977],[83.5664,20.36045],[83.56523,20.36148],[83.56426,20.36131],[83.56317,20.36009],[83.56129,20.36054],[83.56015,20.36674],[83.56179,20.36756],[83.56234,20.36744],[83.56319,20.36664],[83.56447,20.36671],[83.56525,20.36757],[83.56602,20.37051],[83.56602,20.37148],[83.56583,20.372],[83.56406,20.37331],[83.56321,20.37314],[83.56219,20.37204],[83.5617,20.37192],[83.56115,20.37221],[83.56091,20.37249],[83.5608,20.37876],[83.56049,20.37956],[83.55952,20.38013],[83.55574,20.3808],[83.55455,20.38202]]]}},{"type":"Feature","properties":{"LCODE":"10016000400040rf","LOCATION":"RF","V_TYPE":"FOREST","BLOCK":"KHARIAR","DISTRICT":"NUAPADA"},"geometry":{"type":"Polygon","coordinates":[[[83.56854,20.38464],[83.57187,20.38713],[83.57238,20.37817],[83.57452,20.37276],[83.57684,20.36853],[83.57888,20.36275],[83.57935,20.36275],[83.58106,20.36426],[83.58168,20.36431],[83.5841,20.36251],[83.58638,20.36194],[83.58756,20.3618],[83.58775,20.36202],[83.58923,20.35579],[83.58911,20.35493],[83.58833,20.35378],[83.58669,20.35394],[83.58552,20.3556],[83.58448,20.35617],[83.58321,20.35622],[83.58169,20.3557],[83.57974,20.35563],[83.57797,20.35666],[83.57856,20.35965],[83.57849,20.36103],[83.5769,20.36383],[83.57567,20.36509],[83.57473,20.36534],[83.57366,20.36683],[83.5712,20.37195],[83.57027,20.37514],[83.56983,20.37813],[83.56867,20.38099],[83.56854,20.38464]]]}},{"type":"Feature","properties":{"LCODE":"100160005000500029","LOCATION":"BADADUNGRIGUDA","V_TYPE":"VILLAGE","BLOCK":"KHARIAR","DISTRICT":"NUAPADA"},"geometry":{"type":"Polygon","coordinates":[[[83.4855,20.37925],[83.48558,20.38034],[83.4864,20.38164],[83.49108,20.38478],[83.49676,20.38507],[83.50291,20.38349],[83.50482,20.38224],[83.50574,20.38011],[83.50612,20.37764],[83.50698,20.37656],[83.50808,20.37581],[83.51089,20.37479],[83.51456,20.37211],[83.51714,20.37183],[83.51621,20.37051],[83.51616,20.36982],[83.51735,20.36716],[83.51107,20.36709],[83.50912,20.368],[83.50638,20.36828],[83.5043,20.36907],[83.50149,20.37124],[83.50051,20.3717],[83.49562,20.37214],[83.49128,20.3748],[83.4892,20.37494],[83.48753,20.37463],[83.48671,20.37515],[83.48655,20.37659],[83.48578,20.37769],[83.4855,20.37925]]]}},{"type":"Feature","properties":{"LCODE":"100160005000500028","LOCATION":"ORIYAMUNDA","V_TYPE":"VILLAGE","BLOCK":"KHARIAR","DISTRICT":"NUAPADA"},"geometry":{"type":"Polygon","coordinates":[[[83.46338,20.3691],[83.46384,20.37099],[83.46478,20.37258],[83.46663,20.37749],[83.46665,20.37868],[83.46955,20.38094],[83.47139,20.38125],[83.47213,20.38176],[83.47387,20.38379],[83.47705,20.38443],[83.47925,20.38451],[83.4827,20.38348],[83.48519,20.38241],[83.48623,20.38145],[83.48558,20.38034],[83.48555,20.37844],[83.48655,20.37659],[83.48671,20.37515],[83.48756,20.37451],[83.48637,20.37298],[83.48617,20.37189],[83.48647,20.37116],[83.48105,20.36859],[83.47742,20.36331],[83.4751,20.36272],[83.47365,20.36337],[83.472,20.36357],[83.46785,20.36324],[83.46599,20.36361],[83.46418,20.36634],[83.46338,20.3691]]]}},{"type":"Feature","properties":{"LCODE":"100160004000400017","LOCATION":"KUMERPATA","V_TYPE":"VILLAGE","BLOCK":"KHARIAR","DISTRICT":"NUAPADA"},"geometry":{"type":"Polygon","coordinates":[[[83.52177,20.37559],[83.52267,20.37772],[83.52655,20.379],[83.52861,20.38068],[83.52902,20.38212],[83.52969,20.38304],[83.53053,20.38327],[83.53279,20.38277],[83.5376,20.38284],[83.53864,20.38233],[83.53906,20.38206],[83.53962,20.38067],[83.54099,20.37551],[83.54247,20.37419],[83.54387,20.37351],[83.54363,20.37167],[83.54208,20.36867],[83.54167,20.36505],[83.53986,20.36435],[83.53779,20.36417],[83.53604,20.36123],[83.5332,20.3588],[83.53242,20.35731],[83.5309,20.356],[83.52985,20.36074],[83.52792,20.36602],[83.52796,20.36918],[83.5274,20.37062],[83.52624,20.37239],[83.52434,20.37336],[83.52177,20.37559]]]}},{"type":"Feature","properties":{"LCODE":"100160004000400015","LOCATION":"TALKUNA","V_TYPE":"VILLAGE","BLOCK":"KHARIAR","DISTRICT":"NUAPADA"},"geometry":{"type":"Polygon","coordinates":[[[83.54243,20.3693],[83.54363,20.37167],[83.54395,20.37355],[83.54638,20.37059],[83.54723,20.37008],[83.54766,20.37025],[83.54814,20.37111],[83.54826,20.37215],[83.54781,20.37393],[83.54757,20.37697],[83.55108,20.37779],[83.55173,20.37992],[83.55148,20.38078],[83.55209,20.38136],[83.55202,20.38211],[83.55296,20.38248],[83.55439,20.38212],[83.55574,20.3808],[83.56025,20.37979],[83.5608,20.37876],[83.56091,20.37249],[83.5617,20.37192],[83.56219,20.37204],[83.56321,20.37314],[83.56406,20.37331],[83.56583,20.372],[83.56602,20.37148],[83.56602,20.37051],[83.56525,20.36757],[83.56447,20.36671],[83.56319,20.36664],[83.56234,20.36744],[83.56179,20.36756],[83.56015,20.36674],[83.56059,20.36405],[83.55664,20.36466],[83.55426,20.3658],[83.55262,20.3647],[83.55244,20.36435],[83.55392,20.36091],[83.55393,20.36034],[83.55247,20.36039],[83.55148,20.36268],[83.55038,20.36308],[83.54714,20.36548],[83.54689,20.36703],[83.54652,20.36754],[83.54464,20.36759],[83.54438,20.36885],[83.54243,20.3693]]]}},{"type":"Feature","properties":{"LCODE":"100160005000500026","LOCATION":"JHARMUNDA","V_TYPE":"VILLAGE","BLOCK":"KHARIAR","DISTRICT":"NUAPADA"},"geometry":{"type":"Polygon","coordinates":[[[83.44408,20.3807],[83.44602,20.38126],[83.4509,20.38141],[83.45267,20.3819],[83.45712,20.3818],[83.45895,20.3814],[83.46362,20.37948],[83.46647,20.37887],[83.46677,20.37857],[83.46663,20.37749],[83.46478,20.37258],[83.46384,20.37099],[83.46338,20.3691],[83.46418,20.36634],[83.46599,20.36361],[83.46487,20.36357],[83.46346,20.36296],[83.46101,20.36243],[83.45814,20.36236],[83.45608,20.36302],[83.4515,20.36614],[83.4497,20.36789],[83.44887,20.3683],[83.44796,20.36958],[83.44691,20.37287],[83.44561,20.37501],[83.445,20.37835],[83.44408,20.3807]]]}},{"type":"Feature","properties":{"LCODE":"100160005000500025","LOCATION":"SANDUNGARIGUDA","V_TYPE":"VILLAGE","BLOCK":"KHARIAR","DISTRICT":"NUAPADA"},"geometry":{"type":"Polygon","coordinates":[[[83.41893,20.37252],[83.42206,20.37413],[83.42469,20.37472],[83.42701,20.37485],[83.42946,20.37562],[83.4307,20.37703],[83.4315,20.37748],[83.43591,20.3781],[83.438,20.37927],[83.44162,20.38053],[83.44257,20.38159],[83.44346,20.38136],[83.44424,20.38049],[83.445,20.37835],[83.44561,20.37501],[83.44691,20.37287],[83.44796,20.36958],[83.44887,20.3683],[83.44671,20.36794],[83.44312,20.36834],[83.44196,20.36801],[83.44022,20.36655],[83.43749,20.36711],[83.43113,20.36601],[83.42972,20.36528],[83.42917,20.36535],[83.42844,20.36559],[83.42707,20.36779],[83.42635,20.36832],[83.42332,20.3694],[83.42206,20.37057],[83.41976,20.3717],[83.41893,20.37252]]]}},{"type":"Feature","properties":{"LCODE":"10016000400040rf","LOCATION":"RF","V_TYPE":"FOREST","BLOCK":"KHARIAR","DISTRICT":"NUAPADA"},"geometry":{"type":"Polygon","coordinates":[[[83.6658,20.37859],[83.66599,20.37953],[83.66628,20.38008],[83.66653,20.38006],[83.66899,20.37912],[83.67322,20.37859],[83.67602,20.37793],[83.67991,20.37655],[83.68389,20.37556],[83.68812,20.37537],[83.69058,20.37276],[83.69267,20.37114],[83.6939,20.37062],[83.69566,20.37162],[83.69775,20.37223],[83.69969,20.372],[83.70084,20.37238],[83.70582,20.36872],[83.70514,20.36819],[83.70435,20.36816],[83.70264,20.36873],[83.70051,20.36877],[83.69814,20.36836],[83.69511,20.36726],[83.68805,20.36636],[83.68961,20.37056],[83.68931,20.37153],[83.68864,20.37199],[83.68675,20.37267],[83.68207,20.3719],[83.68085,20.37201],[83.67976,20.37287],[83.67871,20.37527],[83.67707,20.37487],[83.67609,20.37498],[83.67384,20.37697],[83.67231,20.37737],[83.67097,20.37673],[83.66763,20.37683],[83.66617,20.37757],[83.6658,20.37859]]]}},{"type":"Feature","properties":{"LCODE":"100160004000400113","LOCATION":"PANDAPADAR","V_TYPE":"VILLAGE","BLOCK":"KHARIAR","DISTRICT":"NUAPADA"},"geometry":{"type":"Polygon","coordinates":[[[83.65469,20.37208],[83.65553,20.37557],[83.65638,20.37569],[83.65864,20.37455],[83.66004,20.37456],[83.66077,20.37479],[83.66325,20.37698],[83.66676,20.37712],[83.66849,20.37672],[83.67097,20.37673],[83.67231,20.37737],[83.67384,20.37697],[83.6753,20.37572],[83.67506,20.37371],[83.67368,20.37158],[83.67338,20.37043],[83.67229,20.3695],[83.67121,20.36473],[83.67001,20.36318],[83.66959,20.36197],[83.6691,20.36174],[83.66618,20.36184],[83.66581,20.36235],[83.66574,20.36425],[83.66507,20.36476],[83.66319,20.36481],[83.6627,20.36527],[83.66215,20.36527],[83.66154,20.36475],[83.661,20.36469],[83.6602,20.36589],[83.65935,20.36566],[83.65886,20.36583],[83.65825,20.36674],[83.65655,20.36691],[83.65643,20.36713],[83.65703,20.36788],[83.65697,20.36828],[83.65611,20.36868],[83.65569,20.3697],[83.65566,20.37114],[83.65469,20.37208]]]}},{"type":"Feature","properties":{"LCODE":"10016000400040rf","LOCATION":"RF","V_TYPE":"FOREST","BLOCK":"KHARIAR","DISTRICT":"NUAPADA"},"geometry":{"type":"Polygon","coordinates":[[[83.54395,20.37355],[83.54397,20.37615],[83.54427,20.37673],[83.54652,20.37714],[83.54757,20.37697],[83.54781,20.37393],[83.54826,20.37215],[83.54814,20.37111],[83.54766,20.37025],[83.54723,20.37008],[83.54638,20.37059],[83.54395,20.37355]]]}},{"type":"Feature","properties":{"LCODE":"100160004000400114","LOCATION":"TEJIPADA","V_TYPE":"VILLAGE","BLOCK":"KHARIAR","DISTRICT":"NUAPADA"},"geometry":{"type":"Polygon","coordinates":[[[83.66959,20.36203],[83.67001,20.36318],[83.67152,20.36548],[83.67229,20.3695],[83.67338,20.37043],[83.67368,20.37158],[83.67531,20.37428],[83.6753,20.37559],[83.67664,20.37486],[83.67871,20.37527],[83.67976,20.37287],[83.68085,20.37201],[83.68207,20.3719],[83.68675,20.37267],[83.68864,20.37199],[83.68961,20.37102],[83.68781,20.36613],[83.68764,20.36355],[83.6862,20.3586],[83.6855,20.35757],[83.68049,20.35766],[83.67854,20.35696],[83.67629,20.35833],[83.67094,20.35939],[83.67008,20.36002],[83.66995,20.36186],[83.66959,20.36203]]]}},{"type":"Feature","properties":{"LCODE":"100160004000400030","LOCATION":"DHUMABHATA","V_TYPE":"VILLAGE","BLOCK":"KHARIAR","DISTRICT":"NUAPADA"},"geometry":{"type":"Polygon","coordinates":[[[83.51616,20.36982],[83.51621,20.37051],[83.51717,20.37189],[83.51838,20.3731],[83.52177,20.37559],[83.52434,20.37336],[83.5258,20.37273],[83.52697,20.37153],[83.52796,20.36918],[83.52792,20.36602],[83.52985,20.36074],[83.5309,20.356],[83.52934,20.3547],[83.52874,20.35367],[83.52807,20.3547],[83.5258,20.35624],[83.52059,20.36231],[83.51727,20.36729],[83.51616,20.36982]]]}},{"type":"Feature","properties":{"LCODE":"100160005000500057","LOCATION":"PUTIGAON","V_TYPE":"VILLAGE","BLOCK":"KHARIAR","DISTRICT":"NUAPADA"},"geometry":{"type":"Polygon","coordinates":[[[83.40285,20.36134],[83.4062,20.36288],[83.40728,20.36378],[83.40901,20.36592],[83.41369,20.37297],[83.4147,20.37494],[83.41541,20.37429],[83.41826,20.3731],[83.41976,20.3717],[83.42164,20.37086],[83.42332,20.3694],[83.42635,20.36832],[83.42707,20.36779],[83.42844,20.36559],[83.42972,20.36528],[83.43067,20.36582],[83.43128,20.36405],[83.43218,20.36341],[83.43278,20.36242],[83.4332,20.35868],[83.43262,20.35703],[83.43182,20.35259],[83.42873,20.35416],[83.42729,20.35522],[83.42656,20.35541],[83.42222,20.35444],[83.41752,20.35417],[83.41559,20.35558],[83.41407,20.35578],[83.41199,20.35524],[83.40996,20.35429],[83.40614,20.35368],[83.40285,20.36134]]]}},{"type":"Feature","properties":{"LCODE":"100160005000500053","LOCATION":"BHALUPIA","V_TYPE":"VILLAGE","BLOCK":"KHARIAR","DISTRICT":"NUAPADA"},"geometry":{"type":"Polygon","coordinates":[[[83.48617,20.37189],[83.48637,20.37298],[83.48743,20.37417],[83.48753,20.37463],[83.4892,20.37494],[83.49128,20.3748],[83.49562,20.37214],[83.49726,20.37183],[83.49908,20.37197],[83.50094,20.37153],[83.50339,20.36958],[83.50638,20.36828],[83.50912,20.368],[83.51107,20.36709],[83.51735,20.36716],[83.51891,20.3646],[83.51693,20.3643],[83.51553,20.36355],[83.51445,20.36222],[83.51302,20.35928],[83.51267,20.35618],[83.51292,20.35503],[83.51434,20.35228],[83.51412,20.34862],[83.51199,20.34956],[83.50506,20.3493],[83.50384,20.35033],[83.50291,20.35268],[83.5023,20.3532],[83.4974,20.35473],[83.49515,20.35844],[83.49352,20.35921],[83.49243,20.36026],[83.489,20.36628],[83.48828,20.3671],[83.48784,20.36963],[83.48622,20.37149],[83.48617,20.37189]]]}},{"type":"Feature","properties":{"LCODE":"100160005000500055","LOCATION":"RAJPUR","V_TYPE":"VILLAGE","BLOCK":"KHARIAR","DISTRICT":"NUAPADA"},"geometry":{"type":"Polygon","coordinates":[[[83.46352,20.34838],[83.46421,20.35004],[83.46707,20.35321],[83.46726,20.35378],[83.46688,20.3566],[83.46732,20.36072],[83.46674,20.36245],[83.46599,20.36361],[83.46785,20.36324],[83.472,20.36357],[83.47365,20.36337],[83.4751,20.36272],[83.47675,20.36298],[83.47786,20.36365],[83.48105,20.36859],[83.48647,20.37116],[83.48784,20.36963],[83.48804,20.36756],[83.49243,20.36026],[83.49352,20.35921],[83.49515,20.35844],[83.4968,20.35543],[83.49788,20.35443],[83.49702,20.35388],[83.49586,20.35384],[83.49505,20.35282],[83.49401,20.35266],[83.49319,20.35124],[83.49215,20.3508],[83.49014,20.3506],[83.4888,20.35103],[83.4879,20.35173],[83.48698,20.35151],[83.48547,20.34901],[83.48405,20.348],[83.48277,20.34785],[83.48227,20.34729],[83.48123,20.34276],[83.48013,20.34313],[83.47899,20.34424],[83.4782,20.34454],[83.47373,20.34352],[83.47246,20.34394],[83.47075,20.34374],[83.47027,20.34392],[83.47021,20.34455],[83.47139,20.34545],[83.47146,20.34579],[83.46975,20.34599],[83.46672,20.34696],[83.46674,20.34805],[83.46535,20.3487],[83.46394,20.34815],[83.46352,20.34838]]]}},{"type":"Feature","properties":{"LCODE":"10016000400040rf","LOCATION":"RF","V_TYPE":"FOREST","BLOCK":"KHARIAR","DISTRICT":"NUAPADA"},"geometry":{"type":"Polygon","coordinates":[[[83.45901,20.11823],[83.45942,20.11882],[83.46086,20.11927],[83.46266,20.12156],[83.46251,20.1223],[83.46037,20.12258],[83.4597,20.12279],[83.4595,20.12313],[83.45959,20.12404],[83.46066,20.12477],[83.46181,20.12509],[83.46197,20.12556],[83.46189,20.12601],[83.46002,20.12744],[83.45999,20.12819],[83.4609,20.12839],[83.46243,20.12798],[83.4633,20.12892],[83.46375,20.13032],[83.46516,20.13294],[83.46513,20.13386],[83.46455,20.13493],[83.46494,20.13592],[83.46613,20.13647],[83.46886,20.13656],[83.47083,20.13748],[83.473,20.13795],[83.47605,20.13765],[83.47725,20.13809],[83.47958,20.13759],[83.48084,20.13941],[83.48308,20.13977],[83.48396,20.14077],[83.48405,20.1414],[83.48362,20.14328],[83.48233,20.14536],[83.4823,20.14628],[83.48296,20.14641],[83.48401,20.1461],[83.4861,20.14691],[83.48828,20.1471],[83.49147,20.14634],[83.49248,20.14689],[83.49316,20.14883],[83.49945,20.14551],[83.49994,20.14564],[83.50281,20.14284],[83.50458,20.14232],[83.50615,20.14273],[83.50608,20.14492],[83.50632,20.14567],[83.50855,20.14671],[83.50867,20.14705],[83.50684,20.14894],[83.50653,20.15004],[83.50476,20.15158],[83.50427,20.1525],[83.50395,20.15543],[83.50102,20.15784],[83.50004,20.16002],[83.50101,20.16036],[83.50234,20.16031],[83.50405,20.15928],[83.50484,20.15842],[83.50642,20.15826],[83.51213,20.15903],[83.51449,20.1599],[83.51509,20.16099],[83.51231,20.16846],[83.51115,20.17081],[83.49686,20.17385],[83.49647,20.17476],[83.4968,20.17735],[83.49745,20.17783],[83.49813,20.17773],[83.49988,20.17657],[83.50961,20.17592],[83.51013,20.1792],[83.50873,20.17971],[83.5096,20.18252],[83.51079,20.18098],[83.51225,20.18001],[83.51485,20.18071],[83.51614,20.1806],[83.51881,20.17952],[83.52082,20.1793],[83.52216,20.17965],[83.52294,20.17902],[83.52428,20.17856],[83.52623,20.17857],[83.52726,20.178],[83.5285,20.1753],[83.53119,20.17287],[83.53223,20.17217],[83.53647,20.17125],[83.53828,20.17488],[83.53909,20.17977],[83.5397,20.1804],[83.54104,20.17989],[83.54225,20.17983],[83.54414,20.18019],[83.54638,20.18014],[83.54693,20.18025],[83.54886,20.1821],[83.55099,20.18222],[83.55154,20.18165],[83.5524,20.17958],[83.5555,20.17758],[83.55739,20.17696],[83.55951,20.17783],[83.56018,20.17783],[83.56366,20.17537],[83.56591,20.17475],[83.56639,20.17486],[83.56712,20.17602],[83.56673,20.18027],[83.56897,20.18039],[83.56957,20.18149],[83.57066,20.18201],[83.57066,20.18253],[83.57005,20.18287],[83.56854,20.182],[83.5672,20.18246],[83.56702,20.18274],[83.56761,20.1848],[83.56634,20.18504],[83.56381,20.18491],[83.56396,20.18652],[83.56521,20.19055],[83.56514,20.19205],[83.56471,20.19274],[83.56288,20.19428],[83.56117,20.19652],[83.56038,20.19709],[83.55849,20.19766],[83.55885,20.19881],[83.55877,20.20185],[83.55853,20.20254],[83.55676,20.20334],[83.55347,20.20563],[83.552,20.20718],[83.55145,20.20741],[83.54981,20.207],[83.54811,20.2082],[83.54586,20.20831],[83.54403,20.20962],[83.54343,20.20962],[83.54306,20.20933],[83.54295,20.20801],[83.54217,20.20662],[83.54266,20.2049],[83.54188,20.20346],[83.53988,20.20188],[83.53982,20.20242],[83.53921,20.20299],[83.53817,20.20338],[83.53854,20.20391],[83.53888,20.20679],[83.54015,20.20852],[83.54047,20.21048],[83.54099,20.21076],[83.54207,20.2122],[83.54259,20.2143],[83.54497,20.2152],[83.54601,20.21469],[83.54667,20.21526],[83.54704,20.21481],[83.54674,20.21354],[83.54807,20.21395],[83.54874,20.21475],[83.54873,20.21654],[83.55029,20.22016],[83.55161,20.22241],[83.55373,20.22339],[83.55538,20.22237],[83.55617,20.22248],[83.55653,20.22404],[83.55755,20.22485],[83.55803,20.22582],[83.55765,20.22939],[83.55788,20.23094],[83.55939,20.23187],[83.5597,20.23233],[83.55945,20.23319],[83.55756,20.2333],[83.55677,20.2341],[83.55392,20.23397],[83.55245,20.23483],[83.55179,20.23477],[83.55143,20.23408],[83.55046,20.23327],[83.55053,20.23189],[83.54951,20.23011],[83.54964,20.22832],[83.54867,20.22706],[83.54819,20.22579],[83.54632,20.22423],[83.54565,20.224],[83.54456,20.22411],[83.54404,20.22457],[83.54528,20.22532],[83.54588,20.22624],[83.54533,20.22762],[83.54544,20.2282],[83.54629,20.22981],[83.54676,20.23194],[83.54797,20.23338],[83.54814,20.2347],[83.54796,20.23533],[83.54655,20.23544],[83.54626,20.23516],[83.54585,20.2332],[83.54542,20.23268],[83.54275,20.23307],[83.54135,20.2318],[83.54057,20.23191],[83.53993,20.23634],[83.53931,20.23795],[83.53834,20.23944],[83.53923,20.24214],[83.54068,20.24393],[83.54109,20.24554],[83.5426,20.24733],[83.54362,20.24981],[83.54373,20.25242],[83.54404,20.25294],[83.5436,20.25409],[83.54414,20.25501],[83.54419,20.25691],[83.54594,20.25818],[83.54678,20.26014],[83.54738,20.26043],[83.54914,20.26027],[83.55077,20.26189],[83.55241,20.26184],[83.55338,20.26138],[83.55458,20.26164],[83.55588,20.26071],[83.55734,20.25899],[83.55766,20.25647],[83.55956,20.25343],[83.56187,20.24642],[83.5631,20.24407],[83.56445,20.24223],[83.56433,20.24068],[83.56658,20.24028],[83.56706,20.24092],[83.56699,20.24161],[83.56572,20.24235],[83.56596,20.24333],[83.56522,20.24471],[83.56594,20.24563],[83.56532,20.24706],[83.56605,20.24873],[83.56528,20.25197],[83.5654,20.25249],[83.566,20.25266],[83.56807,20.25244],[83.5697,20.25303],[83.57225,20.25274],[83.57272,20.25563],[83.57265,20.25695],[83.57179,20.25844],[83.5714,20.26234],[83.57188,20.26361],[83.57272,20.26465],[83.57228,20.26786],[83.57494,20.27],[83.57719,20.26829],[83.5803,20.26757],[83.57737,20.26927],[83.57498,20.27242],[83.57413,20.27299],[83.57522,20.2738],[83.57661,20.27369],[83.57807,20.27301],[83.57867,20.27336],[83.57855,20.27416],[83.5766,20.27576],[83.57642,20.27633],[83.57689,20.27806],[83.57603,20.27909],[83.57353,20.28057],[83.57244,20.28079],[83.57183,20.28033],[83.57112,20.27769],[83.56801,20.27816],[83.56732,20.28341],[83.56768,20.28422],[83.56853,20.28508],[83.57217,20.28579],[83.57325,20.28649],[83.57382,20.29183],[83.57188,20.29297],[83.57047,20.29331],[83.5692,20.2933],[83.56732,20.2926],[83.56636,20.29128],[83.56583,20.28811],[83.56511,20.28765],[83.56292,20.28821],[83.56249,20.28798],[83.56213,20.28723],[83.56232,20.28597],[83.56415,20.28621],[83.56482,20.28569],[83.56416,20.285],[83.56429,20.28357],[83.56387,20.2831],[83.56351,20.28144],[83.56346,20.27914],[83.56013,20.27889],[83.55952,20.27906],[83.55897,20.27986],[83.55775,20.2802],[83.5564,20.2822],[83.5547,20.283],[83.55468,20.28501],[83.55552,20.28685],[83.55545,20.288],[83.55331,20.28948],[83.55161,20.28959],[83.55161,20.29045],[83.5545,20.29328],[83.55529,20.29346],[83.55858,20.2929],[83.56241,20.29131],[83.56501,20.29345],[83.565,20.29431],[83.56439,20.29517],[83.56425,20.29678],[83.56377,20.29729],[83.5634,20.29729],[83.56092,20.29625],[83.5594,20.29652],[83.55655,20.29651],[83.55431,20.29546],[83.54901,20.2967],[83.5478,20.29681],[83.54612,20.29625],[83.54438,20.29961],[83.5394,20.30769],[83.53914,20.30998],[83.53962,20.31137],[83.54028,20.31229],[83.54173,20.31344],[83.54575,20.313],[83.5461,20.31467],[83.54578,20.31565],[83.54242,20.31919],[83.54102,20.32143],[83.54428,20.32242],[83.54713,20.32393],[83.54784,20.3252],[83.54869,20.32589],[83.55058,20.32579],[83.55112,20.32665],[83.55135,20.32837],[83.55183,20.3293],[83.55244,20.32982],[83.55547,20.3311],[83.55588,20.33288],[83.55414,20.33873],[83.55096,20.34193],[83.54985,20.34348],[83.54916,20.34537],[83.54819,20.34646],[83.54715,20.34651],[83.5448,20.3438],[83.54153,20.34229],[83.53077,20.34207],[83.52998,20.34224],[83.52991,20.34361],[83.5296,20.34419],[83.52905,20.3451],[83.52843,20.34551],[83.52692,20.34799],[83.52869,20.352],[83.52872,20.35365],[83.52934,20.3547],[83.53218,20.35702],[83.5332,20.3588],[83.53574,20.36088],[83.53779,20.36417],[83.53986,20.36435],[83.54156,20.36488],[83.54225,20.36913],[83.54243,20.3693],[83.54438,20.36885],[83.54464,20.36759],[83.54652,20.36754],[83.54689,20.36703],[83.54714,20.36548],[83.55038,20.36308],[83.55148,20.36268],[83.55247,20.36039],[83.55405,20.36051],[83.55244,20.36452],[83.5542,20.3658],[83.55664,20.36466],[83.55651,20.35644],[83.55706,20.35535],[83.55994,20.35261],[83.55983,20.35152],[83.55886,20.35036],[83.56065,20.34669],[83.5623,20.34492],[83.56304,20.34349],[83.56414,20.34263],[83.5659,20.34293],[83.56705,20.34397],[83.5682,20.34443],[83.56901,20.33981],[83.5675,20.34058],[83.56652,20.34057],[83.56384,20.34177],[83.56317,20.34153],[83.56197,20.34038],[83.55996,20.34066],[83.5591,20.34146],[83.55769,20.34404],[83.55666,20.34351],[83.55453,20.3431],[83.55466,20.34155],[83.55738,20.33541],[83.55817,20.33438],[83.55977,20.33319],[83.56232,20.33228],[83.56329,20.33149],[83.56149,20.3294],[83.56545,20.3273],[83.56736,20.32397],[83.56985,20.32358],[83.57088,20.32382],[83.57216,20.3248],[83.57349,20.32452],[83.57423,20.3247],[83.5767,20.32706],[83.57834,20.32788],[83.57851,20.32822],[83.57815,20.32891],[83.57801,20.33098],[83.58006,20.33266],[83.58141,20.3318],[83.5833,20.33129],[83.5847,20.33049],[83.58478,20.3282],[83.58648,20.3278],[83.58818,20.32798],[83.59076,20.33345],[83.59118,20.33524],[83.59122,20.3373],[83.59292,20.33858],[83.59444,20.33772],[83.59711,20.33946],[83.59738,20.34187],[83.59916,20.34194],[83.60117,20.34155],[83.60426,20.34248],[83.6056,20.34329],[83.60632,20.34329],[83.60748,20.34273],[83.60925,20.34268],[83.61028,20.34348],[83.61136,20.3451],[83.61305,20.34637],[83.61451,20.34712],[83.61909,20.34822],[83.61729,20.34938],[83.6154,20.35121],[83.61176,20.35061],[83.60986,20.35175],[83.60845,20.35201],[83.60717,20.35405],[83.60662,20.35587],[83.60934,20.35458],[83.6176,20.35283],[83.62254,20.34984],[83.62548,20.34941],[83.62666,20.3495],[83.62653,20.35192],[83.62467,20.3551],[83.62477,20.35795],[83.62439,20.35895],[83.62495,20.36217],[83.62752,20.36607],[83.62843,20.36622],[83.62841,20.36413],[83.62926,20.36276],[83.63242,20.36214],[83.6331,20.36151],[83.6331,20.36048],[83.63244,20.35933],[83.63287,20.35847],[83.6347,20.3583],[83.63664,20.3586],[83.63689,20.35895],[83.63737,20.35901],[83.63937,20.35884],[83.63974,20.3585],[83.6403,20.35586],[83.64073,20.35518],[83.64286,20.3549],[83.64396,20.35439],[83.6442,20.35381],[83.64368,20.35077],[83.64404,20.34991],[83.64459,20.34945],[83.64715,20.34877],[83.64873,20.34884],[83.65018,20.34936],[83.65303,20.35253],[83.6535,20.35661],[83.65257,20.35873],[83.65335,20.3608],[83.65317,20.36115],[83.65195,20.3616],[83.65146,20.36223],[83.65121,20.3644],[83.65191,20.36478],[83.65381,20.36502],[83.65499,20.36616],[83.65504,20.36668],[83.65409,20.36702],[83.65395,20.36754],[83.65495,20.3682],[83.65569,20.3697],[83.65611,20.36868],[83.65703,20.36811],[83.65643,20.36713],[83.65655,20.36691],[83.65825,20.36674],[83.65886,20.36583],[83.65935,20.36566],[83.6602,20.36589],[83.661,20.36469],[83.6627,20.36527],[83.66319,20.36481],[83.66452,20.36488],[83.66556,20.36454],[83.66581,20.36235],[83.66618,20.36184],[83.66995,20.36186],[83.67008,20.36002],[83.67094,20.35945],[83.671,20.35807],[83.67228,20.3571],[83.67198,20.35595],[83.66954,20.35784],[83.66894,20.35778],[83.66875,20.35743],[83.66923,20.3559],[83.66644,20.35667],[83.66126,20.35958],[83.66071,20.35969],[83.65987,20.35888],[83.66128,20.35659],[83.66129,20.35498],[83.66074,20.35297],[83.66112,20.35171],[83.66191,20.35172],[83.66354,20.3531],[83.6644,20.35305],[83.66824,20.34864],[83.66374,20.34914],[83.66331,20.34931],[83.66264,20.35074],[83.66143,20.35051],[83.66064,20.3509],[83.66016,20.34958],[83.65961,20.34941],[83.65974,20.3486],[83.66145,20.34666],[83.66254,20.34655],[83.6629,20.34627],[83.66309,20.34546],[83.66176,20.34523],[83.66017,20.3462],[83.65594,20.34784],[83.65519,20.34571],[83.65464,20.34502],[83.65113,20.34248],[83.65101,20.3419],[83.65169,20.34012],[83.65012,20.33908],[83.64732,20.33809],[83.6457,20.33796],[83.64538,20.33843],[83.64555,20.33946],[83.64725,20.34079],[83.64736,20.34223],[83.64724,20.3428],[83.64681,20.34297],[83.64511,20.34279],[83.64469,20.3421],[83.64427,20.33992],[83.64373,20.33934],[83.64209,20.3387],[83.64069,20.33875],[83.63837,20.34064],[83.63752,20.34086],[83.63651,20.33603],[83.63694,20.33575],[83.63815,20.33575],[83.63895,20.33507],[83.64126,20.33496],[83.64138,20.33456],[83.64086,20.33019],[83.63815,20.32611],[83.63809,20.3249],[83.63864,20.32375],[83.63865,20.32306],[83.63895,20.32238],[83.63975,20.32186],[83.64163,20.32182],[83.6432,20.32257],[83.64369,20.32251],[83.64522,20.32132],[83.64632,20.31971],[83.64749,20.31633],[83.64774,20.31404],[83.64775,20.31323],[83.64679,20.31145],[83.64667,20.31047],[83.64783,20.30801],[83.64742,20.30651],[83.64531,20.30329],[83.64447,20.30029],[83.64339,20.29908],[83.64157,20.29793],[83.64127,20.29746],[83.64049,20.29493],[83.64165,20.29345],[83.63978,20.29154],[83.63888,20.2889],[83.63821,20.28809],[83.63755,20.28768],[83.63628,20.28779],[83.63458,20.28589],[83.63168,20.28432],[83.62818,20.27994],[83.62765,20.27724],[83.62498,20.27579],[83.62445,20.27372],[83.62264,20.2717],[83.62125,20.27123],[83.62046,20.27054],[83.62004,20.26956],[83.61847,20.26846],[83.61768,20.26702],[83.61635,20.26701],[83.61604,20.26793],[83.61616,20.26913],[83.61591,20.26936],[83.6144,20.26924],[83.6133,20.26964],[83.61055,20.27278],[83.60928,20.27358],[83.60764,20.27357],[83.60467,20.27212],[83.60339,20.27228],[83.60107,20.27434],[83.60064,20.27646],[83.59966,20.27715],[83.59881,20.27731],[83.59821,20.27719],[83.59676,20.27598],[83.59586,20.27443],[83.59531,20.27431],[83.59306,20.27493],[83.59239,20.27464],[83.58955,20.27175],[83.58706,20.27237],[83.58633,20.27231],[83.58591,20.27173],[83.58574,20.27075],[83.58308,20.26896],[83.58144,20.2669],[83.58535,20.26386],[83.58646,20.26271],[83.58701,20.26134],[83.58776,20.2572],[83.5884,20.24937],[83.58914,20.24738],[83.59042,20.24617],[83.59206,20.24566],[83.5931,20.24463],[83.5942,20.24429],[83.5953,20.24326],[83.59798,20.24235],[83.59931,20.24264],[83.6004,20.24351],[83.60094,20.24431],[83.601,20.24512],[83.60075,20.24598],[83.59959,20.24678],[83.59873,20.24816],[83.59848,20.25034],[83.59812,20.25048],[83.59799,20.25157],[83.59658,20.2545],[83.59663,20.25518],[83.5976,20.25599],[83.59814,20.25732],[83.59941,20.25796],[83.60007,20.2598],[83.59988,20.26146],[83.59736,20.26599],[83.59711,20.26725],[83.59795,20.2676],[83.59934,20.26887],[83.60359,20.26924],[83.60518,20.26804],[83.60863,20.268],[83.61034,20.26721],[83.61253,20.26687],[83.61344,20.26613],[83.61412,20.26418],[83.61534,20.26379],[83.61625,20.26391],[83.61782,20.26524],[83.61897,20.26685],[83.61957,20.26703],[83.62012,20.26559],[83.61959,20.26312],[83.62049,20.26168],[83.61745,20.25965],[83.61755,20.25926],[83.61719,20.25886],[83.61591,20.25862],[83.6149,20.25586],[83.61151,20.25274],[83.61098,20.2517],[83.61137,20.24809],[83.61018,20.24331],[83.61067,20.24199],[83.61263,20.2397],[83.61269,20.23901],[83.61179,20.23722],[83.6118,20.23515],[83.61366,20.2301],[83.61317,20.22809],[83.61446,20.2262],[83.61677,20.22684],[83.61774,20.22764],[83.61828,20.2288],[83.61837,20.23357],[83.61934,20.23483],[83.62157,20.23668],[83.62242,20.2372],[83.62406,20.23755],[83.62559,20.2371],[83.62705,20.23572],[83.62759,20.23573],[83.62771,20.23699],[83.6264,20.24239],[83.62761,20.24406],[83.62779,20.24527],[83.62717,20.24664],[83.62601,20.24704],[83.62547,20.24767],[83.62557,20.25088],[83.6259,20.25236],[83.62468,20.25396],[83.62321,20.25504],[83.62315,20.25631],[83.62398,20.2593],[83.62416,20.2597],[83.6247,20.25993],[83.62556,20.25919],[83.62701,20.2592],[83.6279,20.26455],[83.62965,20.26582],[83.63122,20.26767],[83.63358,20.26837],[83.63497,20.27027],[83.63855,20.27069],[83.63945,20.2723],[83.64181,20.27519],[83.63901,20.2758],[83.63906,20.27741],[83.63815,20.27815],[83.63857,20.27884],[83.63826,20.27959],[83.63844,20.28103],[83.63801,20.28154],[83.6357,20.28187],[83.63581,20.28342],[83.6394,20.28373],[83.64024,20.28454],[83.6423,20.28472],[83.64339,20.28536],[83.64363,20.28617],[83.64259,20.28897],[83.64276,20.28995],[83.64548,20.29249],[83.64759,20.29601],[83.65296,20.30344],[83.65338,20.3039],[83.65441,20.30431],[83.65447,20.30534],[83.65416,20.30632],[83.6544,20.30741],[83.65578,20.30925],[83.65694,20.31018],[83.6585,20.31294],[83.65977,20.31433],[83.66036,20.31743],[83.66302,20.32301],[83.66294,20.32634],[83.66318,20.32686],[83.66166,20.32871],[83.66243,20.33036],[83.66768,20.33512],[83.66911,20.33401],[83.67038,20.33367],[83.67219,20.33689],[83.67291,20.33736],[83.67468,20.33725],[83.67522,20.33788],[83.67608,20.3368],[83.6756,20.33525],[83.67761,20.33382],[83.67786,20.33267],[83.67841,20.33216],[83.67969,20.33176],[83.68066,20.33085],[83.68005,20.33033],[83.67884,20.32998],[83.67654,20.3302],[83.67508,20.32899],[83.67338,20.32932],[83.67252,20.32903],[83.67095,20.32805],[83.66984,20.32667],[83.67078,20.32546],[83.67212,20.32535],[83.67328,20.32456],[83.67461,20.32439],[83.6779,20.32309],[83.67839,20.32234],[83.67858,20.32091],[83.6801,20.31988],[83.68083,20.32017],[83.68124,20.3223],[83.68312,20.32374],[83.68361,20.32478],[83.68421,20.32501],[83.68482,20.32496],[83.68964,20.32205],[83.69061,20.32177],[83.69194,20.32184],[83.69297,20.32265],[83.69437,20.32282],[83.69881,20.3217],[83.699,20.32072],[83.69828,20.31796],[83.69859,20.31716],[83.70276,20.31558],[83.7023,20.3146],[83.70012,20.31304],[83.69941,20.30919],[83.70032,20.30879],[83.70219,20.31029],[83.70396,20.3107],[83.70663,20.30871],[83.7076,20.30911],[83.70779,20.31044],[83.70721,20.31703],[83.70488,20.3238],[83.70651,20.32501],[83.7067,20.32604],[83.70602,20.32684],[83.70285,20.32872],[83.70133,20.33009],[83.70059,20.33129],[83.70022,20.33364],[83.70014,20.33766],[83.69984,20.33869],[83.69746,20.34046],[83.69659,20.34356],[83.69489,20.34544],[83.69458,20.34642],[83.69299,20.34693],[83.6933,20.34825],[83.69305,20.34865],[83.69171,20.34927],[83.69128,20.35128],[83.69127,20.353],[83.69229,20.35548],[83.69296,20.35611],[83.6963,20.35682],[83.70001,20.35592],[83.70081,20.35598],[83.70098,20.35735],[83.70029,20.36074],[83.70109,20.36166],[83.70096,20.36206],[83.70005,20.36275],[83.70016,20.36349],[83.70296,20.36511],[83.70673,20.36519],[83.70811,20.36588],[83.70525,20.36227],[83.70448,20.3598],[83.70415,20.35501],[83.70392,20.35439],[83.70287,20.35363],[83.70339,20.35065],[83.70515,20.34922],[83.70582,20.34827],[83.70648,20.34628],[83.70653,20.34391],[83.70544,20.34016],[83.70819,20.33669],[83.71061,20.33423],[83.71132,20.32939],[83.71217,20.32701],[83.71246,20.3249],[83.71016,20.32629],[83.70894,20.32617],[83.70876,20.32554],[83.7098,20.3237],[83.71181,20.32182],[83.71408,20.32113],[83.71407,20.31961],[83.71336,20.31605],[83.71336,20.3123],[83.71236,20.31188],[83.7116,20.31031],[83.71416,20.30609],[83.71573,20.30239],[83.7163,20.30167],[83.71635,20.30001],[83.71758,20.29873],[83.7182,20.29242],[83.71925,20.28976],[83.71938,20.2844],[83.72071,20.27738],[83.721,20.27178],[83.72057,20.26983],[83.72057,20.26352],[83.72119,20.25963],[83.721,20.25641],[83.72038,20.25285],[83.72047,20.25252],[83.72532,20.25123],[83.72556,20.24877],[83.72736,20.24146],[83.72679,20.23942],[83.72631,20.23894],[83.72437,20.23762],[83.72176,20.23652],[83.72176,20.23624],[83.72256,20.23515],[83.72603,20.23287],[83.73135,20.22869],[83.7368,20.22514],[83.74041,20.22324],[83.74311,20.22124],[83.74202,20.2193],[83.73348,20.20805],[83.7345,20.20808],[83.73489,20.20651],[83.73472,20.20542],[83.73345,20.20265],[83.73049,20.20017],[83.73029,20.1997],[83.72987,20.2023],[83.72901,20.20482],[83.72791,20.20643],[83.72657,20.20757],[83.72195,20.20744],[83.71934,20.20766],[83.71849,20.20725],[83.71807,20.20656],[83.71752,20.20645],[83.71618,20.20736],[83.71491,20.20684],[83.71388,20.20597],[83.7123,20.20562],[83.7114,20.2051],[83.71091,20.20418],[83.71104,20.20349],[83.7114,20.20257],[83.713,20.20074],[83.713,20.19953],[83.71373,20.19868],[83.71452,20.19856],[83.71531,20.19995],[83.71616,20.19983],[83.71963,20.19749],[83.72377,20.19561],[83.72486,20.19538],[83.72687,20.19568],[83.72869,20.19482],[83.72948,20.19546],[83.73093,20.19773],[83.73171,20.19817],[83.7331,20.20053],[83.73752,20.2033],[83.73833,20.20428],[83.73862,20.20336],[83.73978,20.20227],[83.74464,20.20074],[83.74794,20.19937],[83.75098,20.19667],[83.75201,20.19637],[83.7544,20.19629],[83.75388,20.19479],[83.75278,20.19388],[83.75228,20.19285],[83.75233,20.19192],[83.75294,20.19122],[83.75468,20.19092],[83.75929,20.19163],[83.76147,20.19149],[83.76233,20.19316],[83.76318,20.19402],[83.76482,20.19475],[83.76701,20.19525],[83.76632,20.19671],[83.76701,20.19669],[83.76744,20.19721],[83.76636,20.1978],[83.7657,20.19861],[83.76477,20.20237],[83.76212,20.20349],[83.76028,20.20693],[83.76382,20.20762],[83.76648,20.20743],[83.77013,20.20572],[83.7727,20.2052],[83.77977,20.20629],[83.78101,20.20966],[83.78328,20.21137],[83.78518,20.21223],[83.78761,20.20615],[83.79002,20.20121],[83.79168,20.19625],[83.7886,20.19557],[83.78461,20.19578],[83.78394,20.19463],[83.78372,20.19129],[83.78243,20.18922],[83.78365,20.18898],[83.78546,20.18937],[83.78769,20.18825],[83.78854,20.18824],[83.79036,20.18932],[83.79236,20.18968],[83.7914,20.18673],[83.79135,20.18351],[83.79211,20.18061],[83.79197,20.17952],[83.79154,20.17805],[83.79097,20.17729],[83.78703,20.17525],[83.78461,20.17316],[83.78214,20.17192],[83.78001,20.17183],[83.77892,20.16575],[83.77796,20.16352],[83.77763,20.16072],[83.7764,20.15849],[83.77407,20.15958],[83.77113,20.16167],[83.7699,20.163],[83.76847,20.16381],[83.76553,20.16381],[83.76415,20.16342],[83.7605,20.16091],[83.75745,20.1602],[83.75608,20.1592],[83.75433,20.15896],[83.75247,20.15754],[83.74909,20.15571],[83.74628,20.1501],[83.74472,20.14859],[83.74219,20.14762],[83.73869,20.14794],[83.73685,20.14778],[83.73438,20.14601],[83.73241,20.1437],[83.73097,20.1426],[83.7299,20.14056],[83.73,20.13948],[83.73318,20.13441],[83.73038,20.13039],[83.72887,20.1253],[83.72552,20.12843],[83.72169,20.13036],[83.7208,20.13066],[83.71899,20.13046],[83.71795,20.12987],[83.71755,20.12928],[83.71749,20.12422],[83.71819,20.12185],[83.71825,20.12066],[83.71911,20.11926],[83.71949,20.11748],[83.72127,20.11619],[83.7216,20.11448],[83.72031,20.11299],[83.71706,20.11112],[83.71722,20.10714],[83.71522,20.10225],[83.71411,20.10127],[83.71288,20.10066],[83.70496,20.09989],[83.70386,20.09909],[83.70278,20.099],[83.70119,20.09802],[83.69354,20.09968],[83.69016,20.10225],[83.6886,20.10272],[83.6823,20.10975],[83.68141,20.11005],[83.67751,20.11002],[83.67226,20.10826],[83.66676,20.10759],[83.66125,20.10407],[83.6593,20.10417],[83.657,20.10324],[83.65579,20.10231],[83.65251,20.10207],[83.64979,20.10045],[83.64785,20.0997],[83.64281,20.09882],[83.64179,20.0976],[83.64185,20.09732],[83.64295,20.09629],[83.64296,20.09525],[83.64479,20.09377],[83.64483,20.09243],[83.63711,20.08796],[83.63543,20.08732],[83.63345,20.08899],[83.63081,20.09233],[83.62115,20.09664],[83.62115,20.09606],[83.61877,20.09684],[83.61858,20.09877],[83.61749,20.10172],[83.6171,20.1023],[83.6141,20.1027],[83.61414,20.10313],[83.61322,20.10497],[83.61315,20.10606],[83.61279,20.10652],[83.60993,20.10702],[83.60823,20.1065],[83.60708,20.10695],[83.60484,20.107],[83.60399,20.10625],[83.60357,20.10522],[83.60363,20.10487],[83.60442,20.10436],[83.60522,20.1023],[83.60153,20.10166],[83.59838,20.10668],[83.59523,20.10906],[83.59047,20.11112],[83.58738,20.11305],[83.58395,20.10859],[83.5832,20.10742],[83.58314,20.10679],[83.58368,20.1062],[83.58561,20.10705],[83.58653,20.10641],[83.58677,20.10563],[83.58616,20.10402],[83.58645,20.10285],[83.5882,20.09975],[83.59026,20.09827],[83.59008,20.09746],[83.58733,20.0964],[83.58546,20.09513],[83.58369,20.09573],[83.58076,20.09573],[83.58059,20.09499],[83.58163,20.09364],[83.58057,20.09191],[83.58009,20.09167],[83.57887,20.09184],[83.57721,20.09287],[83.57663,20.09126],[83.57608,20.09057],[83.57494,20.09005],[83.56938,20.09502],[83.5678,20.09519],[83.56702,20.09444],[83.56831,20.09243],[83.56874,20.09019],[83.5685,20.08887],[83.56699,20.08789],[83.56702,20.08375],[83.56575,20.08225],[83.56582,20.08121],[83.56612,20.0811],[83.56781,20.0826],[83.56884,20.08249],[83.56945,20.08186],[83.56879,20.08048],[83.56892,20.07968],[83.5716,20.07813],[83.5733,20.07791],[83.5736,20.07843],[83.57274,20.08038],[83.57279,20.08136],[83.57455,20.08361],[83.57527,20.0826],[83.57603,20.08053],[83.57806,20.07884],[83.57787,20.07784],[83.57734,20.07728],[83.57272,20.07467],[83.5705,20.07389],[83.57014,20.07357],[83.56991,20.07261],[83.56792,20.07352],[83.56646,20.07495],[83.56527,20.08075],[83.56461,20.08098],[83.56071,20.08102],[83.55859,20.08199],[83.55762,20.08176],[83.5592,20.07975],[83.55982,20.07797],[83.55965,20.07636],[83.55882,20.07371],[83.55894,20.07187],[83.55931,20.07142],[83.56345,20.0689],[83.56516,20.06577],[83.56438,20.06488],[83.56464,20.06356],[83.5644,20.06264],[83.56307,20.06114],[83.56271,20.06022],[83.56265,20.0597],[83.56321,20.05844],[83.56287,20.05771],[83.55958,20.05601],[83.55838,20.05348],[83.55747,20.05255],[83.55721,20.05124],[83.55663,20.0518],[83.55575,20.0518],[83.55296,20.04715],[83.55006,20.04323],[83.5526,20.03529],[83.55032,20.03462],[83.54888,20.03167],[83.54047,20.03397],[83.53743,20.03436],[83.52851,20.03392],[83.52602,20.03414],[83.52274,20.03545],[83.52,20.03705],[83.5186,20.03722],[83.51642,20.03675],[83.51434,20.03789],[83.50869,20.03994],[83.50317,20.04003],[83.50073,20.04119],[83.49962,20.04321],[83.49866,20.04615],[83.49776,20.04767],[83.49054,20.05288],[83.48434,20.05817],[83.48083,20.05978],[83.47304,20.0617],[83.47361,20.06304],[83.47462,20.06852],[83.47726,20.07634],[83.48095,20.08197],[83.48182,20.08297],[83.48338,20.08337],[83.48367,20.08378],[83.48351,20.08658],[83.48397,20.09072],[83.48467,20.09161],[83.48754,20.09285],[83.48948,20.09291],[83.49134,20.09188],[83.49316,20.09194],[83.49357,20.09236],[83.49361,20.09329],[83.49505,20.09393],[83.49655,20.09528],[83.4968,20.09355],[83.49647,20.09274],[83.49651,20.09154],[83.49683,20.09092],[83.4994,20.08882],[83.4994,20.087],[83.50071,20.08625],[83.50108,20.08527],[83.50169,20.08522],[83.50272,20.08603],[83.50503,20.08581],[83.50751,20.08622],[83.50854,20.08662],[83.50949,20.08766],[83.50988,20.08628],[83.51164,20.08543],[83.51178,20.08342],[83.51154,20.08204],[83.51216,20.0802],[83.51399,20.07814],[83.51424,20.07647],[83.5162,20.07458],[83.51845,20.07321],[83.51973,20.07201],[83.52077,20.07161],[83.52076,20.07276],[83.52246,20.07288],[83.52276,20.07351],[83.52263,20.07478],[83.52335,20.07564],[83.52415,20.0749],[83.52609,20.07456],[83.52756,20.07353],[83.5281,20.07371],[83.5281,20.0744],[83.52779,20.07474],[83.52663,20.0756],[83.5262,20.07646],[83.52444,20.07768],[83.52498,20.07847],[83.5246,20.07921],[83.52485,20.07973],[83.5257,20.07962],[83.5274,20.07842],[83.52765,20.07842],[83.52795,20.07917],[83.52733,20.08164],[83.52452,20.0833],[83.52397,20.08421],[83.52378,20.08542],[83.52358,20.08841],[83.52412,20.09088],[83.52344,20.09249],[83.52399,20.09348],[83.52586,20.09405],[83.52647,20.09469],[83.52628,20.09549],[83.52585,20.09635],[83.52145,20.10099],[83.51718,20.1035],[83.51572,20.10402],[83.51324,20.1043],[83.51166,20.10412],[83.50875,20.10295],[83.50596,20.10231],[83.50323,20.10081],[83.50224,20.1006],[83.50096,20.1026],[83.49635,20.10596],[83.4934,20.1074],[83.49031,20.10826],[83.48824,20.1083],[83.48634,20.10754],[83.48392,20.1058],[83.48383,20.10548],[83.48233,20.10626],[83.47865,20.10746],[83.47275,20.10761],[83.47121,20.10808],[83.46999,20.10856],[83.46635,20.11148],[83.46291,20.11291],[83.46246,20.11336],[83.46214,20.11576],[83.46156,20.1166],[83.46074,20.11749],[83.45927,20.11778],[83.45901,20.11823]],[[83.63242,20.34931],[83.63529,20.34866],[83.63645,20.34746],[83.63768,20.34517],[83.63817,20.345],[83.64103,20.34518],[83.64303,20.34588],[83.64346,20.34646],[83.64344,20.34812],[83.64149,20.34921],[83.64197,20.35151],[83.64062,20.35271],[83.6394,20.35316],[83.63715,20.3532],[83.63664,20.35347],[83.63606,20.3532],[83.63503,20.35205],[83.63351,20.35164],[83.6334,20.35049],[83.63242,20.34931]],[[83.56563,20.31919],[83.56594,20.31839],[83.56802,20.31633],[83.56731,20.31386],[83.56872,20.31174],[83.56927,20.30962],[83.57098,20.31009],[83.57115,20.31055],[83.57024,20.31204],[83.56998,20.31307],[83.56919,20.31404],[83.56912,20.31479],[83.56948,20.31548],[83.56997,20.31554],[83.57113,20.31468],[83.57185,20.31474],[83.57319,20.31556],[83.57465,20.31464],[83.57532,20.3147],[83.57556,20.31505],[83.57568,20.31568],[83.57525,20.31654],[83.57129,20.3179],[83.56873,20.3203],[83.56606,20.31966],[83.56563,20.31919]],[[83.6814,20.30014],[83.68275,20.29785],[83.68361,20.29516],[83.68635,20.29443],[83.68745,20.29254],[83.6897,20.29129],[83.69141,20.28699],[83.69233,20.28585],[83.69331,20.28528],[83.69446,20.28557],[83.69519,20.28506],[83.69573,20.28506],[83.6964,20.28679],[83.69828,20.28674],[83.69912,20.28858],[83.69839,20.28875],[83.69615,20.28805],[83.6956,20.28816],[83.69481,20.28971],[83.69486,20.29131],[83.69072,20.29456],[83.6898,20.29622],[83.68943,20.29771],[83.68858,20.29863],[83.68578,20.2993],[83.68541,20.29999],[83.68444,20.30056],[83.68231,20.30072],[83.68158,20.30054],[83.6814,20.30014]],[[83.65865,20.29342],[83.65976,20.29205],[83.66043,20.29056],[83.66098,20.29022],[83.66189,20.29045],[83.66291,20.29201],[83.66395,20.29207],[83.66626,20.29134],[83.66754,20.28979],[83.66875,20.28894],[83.67027,20.28894],[83.67161,20.29021],[83.67136,20.29079],[83.6699,20.29147],[83.66923,20.2921],[83.66917,20.2933],[83.66874,20.29365],[83.66576,20.29392],[83.66531,20.29839],[83.6636,20.30223],[83.66261,20.30567],[83.66284,20.30757],[83.66235,20.30802],[83.66065,20.30784],[83.66011,20.30709],[83.6597,20.30405],[83.66148,20.30004],[83.66154,20.29901],[83.66143,20.29814],[83.66071,20.29665],[83.65865,20.29342]],[[83.70829,20.28811],[83.7083,20.28777],[83.70878,20.2876],[83.71078,20.2895],[83.71095,20.29042],[83.71028,20.29197],[83.70883,20.29087],[83.70829,20.28811]],[[83.69933,20.28209],[83.69969,20.28175],[83.70055,20.28187],[83.70097,20.28222],[83.70011,20.28359],[83.69945,20.28313],[83.69933,20.28209]],[[83.67359,20.2811],[83.67426,20.27955],[83.67554,20.27893],[83.67712,20.27899],[83.67797,20.27934],[83.68016,20.27889],[83.68089,20.27941],[83.6813,20.28148],[83.68105,20.28194],[83.67941,20.28308],[83.6788,20.28399],[83.67872,20.28905],[83.67847,20.28922],[83.67598,20.28926],[83.67575,20.28691],[83.67691,20.28548],[83.67691,20.28479],[83.67643,20.28387],[83.67638,20.28255],[83.67444,20.28214],[83.67359,20.2811]],[[83.70206,20.28205],[83.7028,20.28074],[83.70409,20.27621],[83.70439,20.27569],[83.70567,20.27507],[83.7067,20.27731],[83.70632,20.27903],[83.70668,20.28133],[83.70716,20.28265],[83.70885,20.28438],[83.70897,20.28559],[83.70866,20.28616],[83.70757,20.28696],[83.70727,20.28673],[83.70703,20.28495],[83.70649,20.28391],[83.70291,20.28286],[83.70206,20.28234],[83.70206,20.28205]],[[83.6619,20.27409],[83.66209,20.27363],[83.66349,20.27318],[83.66399,20.27083],[83.66478,20.26905],[83.66569,20.269],[83.66787,20.27114],[83.6678,20.2723],[83.66585,20.2744],[83.66627,20.27549],[83.66499,20.27807],[83.66449,20.27875],[83.66334,20.27943],[83.66248,20.27937],[83.66237,20.27857],[83.66299,20.27662],[83.6619,20.27466],[83.6619,20.27409]],[[83.71075,20.28043],[83.71075,20.27997],[83.71447,20.2758],[83.7149,20.275],[83.71509,20.27368],[83.7163,20.27277],[83.71709,20.27111],[83.71825,20.27072],[83.72056,20.2709],[83.72056,20.27199],[83.71921,20.27457],[83.71751,20.27559],[83.71555,20.27753],[83.71439,20.27994],[83.71281,20.28062],[83.71075,20.28043]],[[83.70526,20.27053],[83.70612,20.2687],[83.70691,20.26836],[83.70872,20.26998],[83.70902,20.27147],[83.70719,20.27341],[83.70659,20.27364],[83.70628,20.27352],[83.70532,20.27174],[83.70526,20.27053]],[[83.70991,20.26143],[83.71071,20.25954],[83.7132,20.2599],[83.7149,20.25933],[83.71568,20.25991],[83.71543,20.26117],[83.71172,20.26293],[83.71003,20.26177],[83.70991,20.26143]],[[83.6675,20.2585],[83.66756,20.25724],[83.6683,20.25483],[83.66898,20.25271],[83.66959,20.25191],[83.67269,20.25158],[83.67469,20.25085],[83.67579,20.25091],[83.6773,20.25184],[83.67924,20.25357],[83.6816,20.25387],[83.68439,20.25377],[83.68568,20.2534],[83.68554,20.25567],[83.68589,20.25667],[83.67965,20.2565],[83.67722,20.25718],[83.67564,20.2582],[83.67108,20.25898],[83.66889,20.25914],[83.66762,20.25885],[83.6675,20.2585]],[[83.70538,20.25578],[83.70605,20.25469],[83.70612,20.25326],[83.70564,20.25211],[83.70558,20.25113],[83.70625,20.24987],[83.70868,20.24989],[83.70966,20.2494],[83.71027,20.24958],[83.71167,20.24826],[83.71307,20.24769],[83.71439,20.24826],[83.71459,20.24729],[83.71555,20.24614],[83.71455,20.24537],[83.71631,20.24373],[83.71686,20.24368],[83.71813,20.24472],[83.71844,20.24466],[83.71893,20.24351],[83.71983,20.24346],[83.72057,20.24392],[83.72038,20.24478],[83.7197,20.24541],[83.71867,20.24564],[83.71653,20.24868],[83.7158,20.24902],[83.71478,20.249],[83.71402,20.24997],[83.70958,20.25138],[83.70873,20.2519],[83.70831,20.25327],[83.70842,20.25396],[83.70956,20.25575],[83.70932,20.25626],[83.70732,20.25596],[83.70592,20.25636],[83.70544,20.25612],[83.70538,20.25578]],[[83.70673,20.24411],[83.70686,20.24301],[83.70869,20.24166],[83.70985,20.24171],[83.71041,20.2425],[83.71037,20.24367],[83.70976,20.24441],[83.70752,20.24467],[83.70705,20.2446],[83.70673,20.24411]],[[83.68212,20.24172],[83.68255,20.24126],[83.68298,20.24126],[83.68655,20.24243],[83.68636,20.24409],[83.68513,20.24696],[83.68385,20.24673],[83.68271,20.24603],[83.68266,20.24408],[83.68212,20.24172]],[[83.68974,20.24001],[83.68996,20.2395],[83.69273,20.23856],[83.69346,20.24001],[83.69447,20.24028],[83.69473,20.24129],[83.69414,20.24226],[83.69344,20.24242],[83.69187,20.24157],[83.69086,20.24137],[83.69018,20.2416],[83.68974,20.24001]],[[83.66523,20.24132],[83.6656,20.24023],[83.66944,20.23857],[83.67284,20.23916],[83.67375,20.2387],[83.6757,20.23854],[83.67666,20.23963],[83.67593,20.24032],[83.67283,20.24111],[83.66924,20.243],[83.66862,20.24299],[83.66523,20.24132]],[[83.7115,20.23269],[83.71242,20.23206],[83.7154,20.23109],[83.71631,20.23132],[83.71613,20.2323],[83.71497,20.23362],[83.71175,20.23355],[83.7115,20.23269]],[[83.56341,20.23119],[83.56451,20.22861],[83.5655,20.22712],[83.56581,20.22585],[83.56654,20.22528],[83.56848,20.22494],[83.57157,20.22673],[83.57218,20.22731],[83.57242,20.22817],[83.57174,20.23024],[83.5721,20.23099],[83.57349,20.23209],[83.57481,20.23543],[83.5748,20.23755],[83.57442,20.23819],[83.57388,20.23847],[83.57217,20.23858],[83.56968,20.23972],[83.56883,20.23955],[83.56896,20.23817],[83.5683,20.2365],[83.56757,20.23644],[83.56678,20.23724],[83.56605,20.23718],[83.56636,20.23299],[83.56364,20.23188],[83.56341,20.23119]],[[83.68102,20.217],[83.68121,20.2162],[83.68188,20.21551],[83.68298,20.21546],[83.68528,20.21702],[83.68627,20.21896],[83.68758,20.2176],[83.68836,20.21922],[83.69183,20.21974],[83.69267,20.22044],[83.69267,20.22084],[83.69218,20.22124],[83.68958,20.22071],[83.6889,20.22117],[83.68858,20.22381],[83.6901,20.22503],[83.68954,20.22617],[83.68916,20.22933],[83.68703,20.23139],[83.68671,20.23392],[83.68604,20.23501],[83.68367,20.2354],[83.68306,20.23586],[83.68263,20.23586],[83.68197,20.23528],[83.68216,20.23408],[83.68545,20.23162],[83.6871,20.22932],[83.68808,20.22732],[83.68816,20.22485],[83.688,20.2241],[83.68737,20.22392],[83.68526,20.22139],[83.68496,20.21943],[83.68102,20.217]],[[83.70683,20.21882],[83.70781,20.21865],[83.7112,20.2205],[83.71336,20.22119],[83.7131,20.22227],[83.71053,20.22113],[83.70895,20.22113],[83.70683,20.21882]],[[83.72224,20.22209],[83.72282,20.22026],[83.72353,20.2198],[83.72475,20.21963],[83.72578,20.22021],[83.72741,20.22234],[83.72844,20.22252],[83.72904,20.22315],[83.72855,20.2239],[83.72765,20.22407],[83.72661,20.22492],[83.72619,20.22303],[83.72528,20.22228],[83.72431,20.2221],[83.72247,20.22252],[83.72224,20.22209]],[[83.56766,20.22046],[83.56889,20.21851],[83.56865,20.21701],[83.56956,20.21701],[83.57234,20.21944],[83.57185,20.22082],[83.57233,20.22139],[83.57227,20.2222],[83.57153,20.22237],[83.57014,20.22184],[83.56892,20.22218],[83.56857,20.22201],[83.56766,20.22046]],[[83.56605,20.20493],[83.56653,20.20458],[83.56805,20.20534],[83.56939,20.20396],[83.57115,20.2038],[83.57213,20.20322],[83.57371,20.20323],[83.57516,20.20358],[83.57703,20.20514],[83.57886,20.20572],[83.57921,20.20756],[83.57883,20.20911],[83.57967,20.21153],[83.57814,20.214],[83.57813,20.21555],[83.57847,20.21642],[83.57874,20.21641],[83.57917,20.21521],[83.58002,20.21464],[83.58099,20.2151],[83.58129,20.21608],[83.58086,20.21688],[83.57897,20.21814],[83.57799,20.22015],[83.57745,20.21974],[83.57715,20.21865],[83.57642,20.21847],[83.5744,20.2199],[83.57386,20.2199],[83.57349,20.21944],[83.5736,20.21845],[83.57236,20.21651],[83.57261,20.21541],[83.57195,20.21443],[83.57061,20.21414],[83.57001,20.21293],[83.56947,20.21247],[83.56887,20.20959],[83.56808,20.20879],[83.56605,20.20493]],[[83.72252,20.21543],[83.72283,20.21491],[83.7238,20.21486],[83.72544,20.21412],[83.72617,20.21446],[83.72598,20.2155],[83.72428,20.21635],[83.72379,20.21635],[83.72252,20.21543]],[[83.6376,20.20849],[83.63914,20.20688],[83.64324,20.20826],[83.64272,20.21119],[83.6404,20.21105],[83.6376,20.20849]],[[83.68326,20.20856],[83.68356,20.20782],[83.6843,20.20719],[83.6863,20.20622],[83.68697,20.20634],[83.68909,20.20853],[83.68854,20.20927],[83.6875,20.20973],[83.68513,20.20989],[83.6838,20.20966],[83.68326,20.20856]],[[83.6821,20.1969],[83.68283,20.19644],[83.68513,20.1976],[83.68707,20.198],[83.68694,20.19938],[83.68614,20.20151],[83.68644,20.20317],[83.68583,20.20398],[83.68522,20.20409],[83.68449,20.20357],[83.68439,20.20093],[83.6821,20.1969]],[[83.63831,20.1972],[83.63861,20.19668],[83.63959,20.19611],[83.6408,20.19606],[83.6422,20.19669],[83.64249,20.19761],[83.64207,20.19842],[83.64109,20.19905],[83.64036,20.1991],[83.63879,20.19841],[83.63831,20.1972]],[[83.66274,20.19251],[83.66293,20.19211],[83.6639,20.19171],[83.6659,20.19253],[83.66583,20.19408],[83.66522,20.19471],[83.66425,20.19465],[83.6628,20.19297],[83.66274,20.19251]],[[83.65942,20.19049],[83.66021,20.18888],[83.65968,20.18727],[83.65986,20.18618],[83.66273,20.18338],[83.66334,20.18332],[83.66345,20.18395],[83.66302,20.18516],[83.66435,20.18631],[83.66459,20.18735],[83.66434,20.18827],[83.66142,20.19096],[83.66002,20.1913],[83.65959,20.19112],[83.65942,20.19049]],[[83.78311,20.18379],[83.78419,20.18251],[83.7851,20.18256],[83.78578,20.18434],[83.78578,20.18504],[83.78464,20.18493],[83.78318,20.18414],[83.78311,20.18379]],[[83.77814,20.18199],[83.77873,20.18106],[83.78,20.18018],[83.78066,20.18041],[83.78159,20.18178],[83.78008,20.18347],[83.7782,20.18239],[83.77814,20.18199]],[[83.6269,20.17175],[83.62872,20.17038],[83.62928,20.16917],[83.63135,20.16866],[83.6331,20.16902],[83.63383,20.17034],[83.63449,20.17086],[83.6371,20.17075],[83.63802,20.17116],[83.63789,20.17185],[83.63746,20.17231],[83.63594,20.17305],[83.63538,20.17512],[83.63386,20.17597],[83.63319,20.17574],[83.63259,20.17384],[83.63181,20.17298],[83.63078,20.17251],[83.62749,20.17307],[83.6269,20.17175]],[[83.72233,20.15297],[83.72246,20.15233],[83.72325,20.15142],[83.72549,20.15298],[83.72797,20.15356],[83.73169,20.15191],[83.73254,20.15059],[83.73485,20.15175],[83.73533,20.15232],[83.73521,20.15347],[83.73611,20.15382],[83.73702,20.15474],[83.73738,20.15566],[83.73725,20.15687],[83.7345,20.15993],[83.73505,20.16037],[83.73571,20.16169],[83.73582,20.16411],[83.73148,20.16903],[83.73064,20.16897],[83.72961,20.16707],[83.72798,20.16597],[83.72732,20.16511],[83.72738,20.16425],[83.72897,20.16161],[83.72886,20.15914],[83.72808,20.15701],[83.72748,20.15655],[83.72675,20.15488],[83.72615,20.15419],[83.72561,20.15401],[83.72433,20.15435],[83.72263,20.15343],[83.72233,20.15297]],[[83.66168,20.16194],[83.66175,20.16084],[83.66309,20.15987],[83.66443,20.15965],[83.66655,20.16011],[83.66655,20.16057],[83.66545,20.16143],[83.66417,20.16338],[83.66216,20.16337],[83.6618,20.16303],[83.66168,20.16194]],[[83.74137,20.1589],[83.74162,20.15844],[83.74338,20.15799],[83.74459,20.15839],[83.7463,20.15782],[83.74648,20.1588],[83.74574,20.15932],[83.74568,20.15977],[83.74658,20.1611],[83.74615,20.16162],[83.74458,20.16126],[83.74137,20.1589]],[[83.65089,20.15793],[83.65132,20.15747],[83.65498,20.15588],[83.6577,20.15652],[83.65837,20.15692],[83.65836,20.15727],[83.65746,20.15813],[83.6518,20.15834],[83.65089,20.15793]],[[83.63527,20.16167],[83.63656,20.15937],[83.63705,20.15788],[83.63766,20.15725],[83.64137,20.15611],[83.64302,20.15445],[83.64405,20.15457],[83.6441,20.15653],[83.64336,20.15756],[83.64185,20.15818],[83.63953,20.15852],[83.6382,20.15932],[83.63801,20.15972],[83.63795,20.16041],[83.63855,20.16196],[83.64173,20.16784],[83.64173,20.16916],[83.64082,20.17019],[83.63972,20.17065],[83.63766,20.17076],[83.63821,20.16972],[83.63749,20.16616],[83.63677,20.16455],[83.63574,20.16333],[83.63527,20.16167]],[[83.60912,20.15732],[83.60913,20.15507],[83.60956,20.15393],[83.61097,20.15209],[83.61146,20.15083],[83.61243,20.15009],[83.61335,20.1498],[83.61438,20.15026],[83.61491,20.15205],[83.61381,20.15515],[83.61446,20.1567],[83.61555,20.15705],[83.61799,20.15597],[83.61878,20.15609],[83.61926,20.15666],[83.61913,20.15804],[83.61986,20.15874],[83.62071,20.15868],[83.62264,20.15777],[83.62236,20.15708],[83.62255,20.15484],[83.62225,20.15363],[83.6202,20.15167],[83.61834,20.14683],[83.61743,20.14637],[83.61604,20.14694],[83.6147,20.14601],[83.61301,20.14537],[83.61283,20.14486],[83.6132,20.14394],[83.61527,20.14159],[83.61649,20.14062],[83.61916,20.14063],[83.62038,20.14144],[83.62103,20.14305],[83.62194,20.1438],[83.62424,20.14409],[83.62775,20.14664],[83.62982,20.14676],[83.63012,20.14705],[83.62999,20.14969],[83.62919,20.15078],[83.62682,20.15295],[83.62679,20.15807],[83.62642,20.15876],[83.62526,20.15939],[83.62305,20.1626],[83.62141,20.1638],[83.62092,20.1646],[83.6194,20.16488],[83.61819,20.16442],[83.61747,20.16223],[83.61657,20.16108],[83.6156,20.1605],[83.6122,20.16106],[83.61134,20.16106],[83.61013,20.16054],[83.60941,20.15979],[83.60912,20.15732]],[[83.68226,20.16494],[83.68262,20.16385],[83.68415,20.16282],[83.68592,20.15984],[83.68648,20.15818],[83.68619,20.15645],[83.6874,20.15571],[83.68716,20.15439],[83.68814,20.1529],[83.68778,20.15198],[83.68791,20.15083],[83.68834,20.15031],[83.69114,20.14963],[83.69271,20.1485],[83.69151,20.1471],[83.68909,20.14595],[83.68769,20.14646],[83.68611,20.14617],[83.68484,20.14685],[83.68362,20.14673],[83.68362,20.1457],[83.68467,20.1434],[83.68874,20.14215],[83.68959,20.14221],[83.69226,20.14331],[83.6945,20.14361],[83.69808,20.14489],[83.70129,20.14668],[83.70329,20.1483],[83.70133,20.15093],[83.70071,20.15243],[83.70084,20.153],[83.70204,20.15421],[83.70198,20.15444],[83.70015,20.15639],[83.69906,20.15684],[83.69585,20.15563],[83.69341,20.15585],[83.69281,20.15561],[83.69289,20.15522],[83.68996,20.15509],[83.68922,20.15531],[83.68782,20.15646],[83.68744,20.15985],[83.68591,20.16157],[83.68439,20.16452],[83.68298,20.16529],[83.68256,20.16535],[83.68226,20.16494]],[[83.61699,20.13832],[83.61767,20.13683],[83.6195,20.13482],[83.62314,20.13581],[83.62526,20.13565],[83.62599,20.13542],[83.6274,20.13359],[83.62904,20.13267],[83.62965,20.13285],[83.63165,20.13452],[83.63352,20.13499],[83.63504,20.135],[83.63639,20.13247],[83.6364,20.13173],[83.63362,20.12838],[83.63344,20.12757],[83.63393,20.12706],[83.6346,20.12706],[83.63575,20.12712],[83.63805,20.12782],[83.63947,20.12564],[83.64037,20.12478],[83.64124,20.12214],[83.64063,20.1218],[83.63924,20.12173],[83.63882,20.12047],[83.6367,20.12],[83.63555,20.1185],[83.63531,20.1177],[83.63583,20.11178],[83.63676,20.1092],[83.63737,20.10857],[83.6387,20.10857],[83.63912,20.10886],[83.6393,20.11018],[83.63972,20.11036],[83.64204,20.10945],[83.64325,20.10945],[83.64465,20.10992],[83.64494,20.11026],[83.64536,20.11371],[83.64363,20.11761],[83.64369,20.11796],[83.64436,20.11859],[83.64737,20.11862],[83.64854,20.11844],[83.65055,20.11758],[83.6503,20.12011],[83.64931,20.12344],[83.65064,20.12419],[83.65162,20.12333],[83.65228,20.12328],[83.65331,20.12512],[83.65536,20.12622],[83.65543,20.12685],[83.65731,20.12657],[83.65878,20.12428],[83.65989,20.11986],[83.65966,20.11773],[83.66113,20.11527],[83.66449,20.11195],[83.66485,20.11172],[83.66564,20.11189],[83.66726,20.11546],[83.66713,20.11724],[83.6656,20.11879],[83.66256,20.12033],[83.66061,20.12297],[83.66042,20.12342],[83.66096,20.12452],[83.65949,20.12687],[83.65894,20.12957],[83.65861,20.12993],[83.66097,20.13038],[83.65886,20.13164],[83.65479,20.1322],[83.65363,20.1334],[83.65216,20.13615],[83.65197,20.13696],[83.65234,20.13788],[83.65421,20.14018],[83.65438,20.14076],[83.65335,20.14116],[83.65195,20.14098],[83.65098,20.14201],[83.64922,20.14218],[83.64848,20.14286],[83.64806,20.14292],[83.64655,20.14188],[83.64533,20.14055],[83.64479,20.14026],[83.64367,20.14026],[83.6432,20.14152],[83.6432,20.14336],[83.64259,20.1437],[83.64095,20.14347],[83.63882,20.14369],[83.63754,20.14437],[83.63529,20.14488],[83.63425,20.14574],[83.63419,20.1481],[83.63315,20.14873],[83.63255,20.14878],[83.63224,20.14866],[83.63206,20.14717],[83.63158,20.14636],[83.63068,20.14596],[83.6291,20.14589],[83.62891,20.14555],[83.62876,20.14083],[83.62894,20.14003],[83.63024,20.13926],[83.62962,20.13796],[83.62781,20.13733],[83.62695,20.13755],[83.62507,20.13875],[83.62342,20.13898],[83.62015,20.13862],[83.61747,20.13901],[83.61711,20.13884],[83.61699,20.13832]],[[83.68333,20.11863],[83.68433,20.11495],[83.68494,20.11455],[83.68797,20.11387],[83.68864,20.11405],[83.68802,20.11738],[83.68649,20.11835],[83.68581,20.12019],[83.68503,20.1203],[83.68363,20.11966],[83.68333,20.11863]],[[83.49375,20.11142],[83.49522,20.11007],[83.49531,20.10895],[83.49632,20.10837],[83.49751,20.10819],[83.4985,20.10731],[83.49976,20.10773],[83.50071,20.10758],[83.50132,20.10689],[83.50237,20.10443],[83.5031,20.10431],[83.50356,20.10468],[83.50893,20.10519],[83.51189,20.10663],[83.51216,20.10765],[83.5116,20.10892],[83.51069,20.10925],[83.50768,20.109],[83.50603,20.11013],[83.50503,20.11015],[83.50457,20.11047],[83.50439,20.11156],[83.50365,20.11213],[83.49966,20.11084],[83.49728,20.11262],[83.49567,20.1128],[83.49458,20.11252],[83.49375,20.11142]],[[83.58705,20.11688],[83.59258,20.11621],[83.59604,20.11622],[83.59617,20.11554],[83.5946,20.11277],[83.59624,20.1126],[83.5974,20.11129],[83.59801,20.111],[83.60007,20.11084],[83.60312,20.10935],[83.60432,20.11034],[83.60255,20.11211],[83.6031,20.11286],[83.60316,20.11344],[83.60091,20.11469],[83.60138,20.11653],[83.60252,20.11866],[83.60258,20.11935],[83.60166,20.12021],[83.59613,20.12174],[83.59078,20.12264],[83.58771,20.11924],[83.58705,20.11688]],[[83.55243,20.1083],[83.55334,20.10704],[83.55341,20.1064],[83.55415,20.10629],[83.55445,20.10549],[83.55511,20.10572],[83.55538,20.10233],[83.55497,20.09963],[83.55521,20.09842],[83.55565,20.09779],[83.55759,20.09682],[83.56282,20.09569],[83.56373,20.09644],[83.5639,20.09742],[83.56341,20.0992],[83.56274,20.1004],[83.5629,20.10253],[83.56339,20.10328],[83.5652,20.10484],[83.5658,20.10622],[83.57034,20.10865],[83.57076,20.10912],[83.57111,20.11055],[83.57127,20.11389],[83.56886,20.11399],[83.56783,20.11319],[83.56467,20.11156],[83.56053,20.11025],[83.55977,20.11045],[83.5583,20.11183],[83.55296,20.11267],[83.55296,20.11077],[83.55243,20.1083]],[[83.52615,20.10768],[83.52725,20.10521],[83.52788,20.10188],[83.52886,20.1001],[83.5299,20.09895],[83.53062,20.09896],[83.53184,20.09965],[83.53244,20.10046],[83.5322,20.10126],[83.53061,20.10258],[83.53103,20.1035],[83.53333,20.10351],[83.53387,20.10374],[83.53576,20.10352],[83.536,20.10404],[83.53503,20.10536],[83.53429,20.10581],[83.53003,20.10775],[83.52784,20.10832],[83.52633,20.10808],[83.52615,20.10768]],[[83.52975,20.09234],[83.53104,20.0912],[83.53262,20.09109],[83.53297,20.09143],[83.53224,20.09298],[83.53151,20.09344],[83.53048,20.09327],[83.52975,20.09234]],[[83.53035,20.08355],[83.53066,20.08211],[83.53176,20.08114],[83.53441,20.07511],[83.53624,20.07311],[83.53757,20.07254],[83.5383,20.07277],[83.54005,20.07416],[83.54108,20.07422],[83.54198,20.07356],[83.54164,20.07301],[83.54165,20.07175],[83.54195,20.07141],[83.5439,20.07003],[83.54488,20.07004],[83.54547,20.07107],[83.54633,20.07113],[83.54675,20.07154],[83.54686,20.07275],[83.54527,20.07579],[83.54611,20.07654],[83.54768,20.07718],[83.54797,20.08005],[83.54723,20.08212],[83.54673,20.08557],[83.54486,20.08921],[83.54757,20.08764],[83.54805,20.08781],[83.54919,20.08954],[83.5507,20.09271],[83.55251,20.09473],[83.5525,20.09582],[83.55122,20.09674],[83.55067,20.09794],[83.54921,20.09845],[83.5472,20.09845],[83.54485,20.09694],[83.54239,20.09643],[83.54132,20.09768],[83.53944,20.09704],[83.53684,20.09484],[83.53468,20.09144],[83.53219,20.09063],[83.53214,20.08942],[83.53288,20.08678],[83.53246,20.08597],[83.53053,20.08412],[83.53035,20.08355]],[[83.491,20.07731],[83.49103,20.07674],[83.49168,20.07556],[83.49321,20.07509],[83.4946,20.07365],[83.49608,20.07284],[83.49663,20.07285],[83.49696,20.07367],[83.49726,20.07373],[83.4977,20.07352],[83.49817,20.07216],[83.49957,20.07281],[83.50049,20.07245],[83.50317,20.06947],[83.50422,20.0674],[83.50611,20.06534],[83.50666,20.06529],[83.50672,20.06552],[83.50592,20.06747],[83.50585,20.06822],[83.5061,20.06845],[83.50664,20.06856],[83.50792,20.06765],[83.50999,20.06748],[83.51059,20.06777],[83.51016,20.06823],[83.50785,20.0692],[83.50668,20.07121],[83.50491,20.07298],[83.504,20.07482],[83.50363,20.07482],[83.50254,20.07372],[83.50048,20.074],[83.49679,20.07848],[83.49521,20.07848],[83.49471,20.07726],[83.49417,20.07696],[83.49265,20.07708],[83.49172,20.07762],[83.49106,20.0776],[83.491,20.07731]],[[83.55317,20.0734],[83.55421,20.07266],[83.55719,20.07152],[83.55779,20.0717],[83.55869,20.0732],[83.55863,20.07394],[83.55827,20.0744],[83.55747,20.07474],[83.55541,20.07496],[83.55425,20.07553],[83.55353,20.07507],[83.55317,20.0734]],[[83.51725,20.06923],[83.51742,20.06833],[83.51842,20.06813],[83.51971,20.06918],[83.51967,20.07036],[83.51872,20.07021],[83.51842,20.07054],[83.51765,20.07005],[83.51725,20.06923]],[[83.50277,20.06133],[83.50296,20.05872],[83.50454,20.05806],[83.50645,20.0586],[83.50694,20.05821],[83.50809,20.05914],[83.5088,20.06253],[83.50843,20.0634],[83.50642,20.06488],[83.50557,20.06488],[83.50321,20.06242],[83.50277,20.06133]],[[83.52254,20.0692],[83.52292,20.06742],[83.52287,20.06466],[83.52385,20.06306],[83.52398,20.06127],[83.52595,20.05749],[83.52655,20.05732],[83.52728,20.05881],[83.52684,20.06065],[83.52707,20.06307],[83.52663,20.06404],[83.52517,20.06548],[83.5248,20.06731],[83.52382,20.06909],[83.52284,20.06972],[83.52254,20.0692]],[[83.49139,20.05623],[83.49249,20.0542],[83.493,20.05376],[83.49371,20.05401],[83.49483,20.05348],[83.49542,20.05378],[83.49319,20.05692],[83.49161,20.05698],[83.49139,20.05623]],[[83.51562,20.05928],[83.51605,20.05693],[83.51734,20.05556],[83.51723,20.05412],[83.51802,20.05366],[83.51899,20.05389],[83.51959,20.05367],[83.52051,20.05281],[83.52222,20.05034],[83.52265,20.05029],[83.52165,20.05523],[83.5189,20.05866],[83.5184,20.06073],[83.51791,20.06108],[83.51713,20.06107],[83.51598,20.06055],[83.51562,20.05928]],[[83.52882,20.05319],[83.52902,20.05048],[83.52945,20.04945],[83.53049,20.04899],[83.5317,20.04923],[83.53243,20.04814],[83.53304,20.04797],[83.5334,20.04866],[83.53357,20.05073],[83.53387,20.05114],[83.5352,20.05166],[83.5352,20.05212],[83.53429,20.05315],[83.53367,20.05499],[83.53111,20.05647],[83.53057,20.0552],[83.52918,20.05462],[83.52882,20.05319]],[[83.52601,20.04633],[83.52656,20.04553],[83.52747,20.04507],[83.52912,20.0433],[83.53058,20.04313],[83.53119,20.04336],[83.53124,20.04428],[83.53057,20.04514],[83.53032,20.04664],[83.52964,20.04773],[83.52679,20.04726],[83.52625,20.04697],[83.52601,20.04633]]]}},{"type":"Feature","properties":{"LCODE":"100160004000400115","LOCATION":"LATER","V_TYPE":"VILLAGE","BLOCK":"KHARIAR","DISTRICT":"NUAPADA"},"geometry":{"type":"Polygon","coordinates":[[[83.68547,20.35774],[83.6862,20.3586],[83.68764,20.36355],[83.68781,20.36613],[83.68811,20.36642],[83.69511,20.36726],[83.69814,20.36836],[83.70155,20.36884],[83.70435,20.36816],[83.70514,20.36819],[83.70582,20.36872],[83.70805,20.36697],[83.70811,20.36588],[83.70673,20.36519],[83.70296,20.36511],[83.70016,20.36349],[83.70005,20.36275],[83.70096,20.36206],[83.70109,20.36166],[83.70029,20.36074],[83.70098,20.35735],[83.70081,20.35598],[83.70001,20.35592],[83.6963,20.35682],[83.69296,20.35611],[83.69229,20.35548],[83.69205,20.35479],[83.69138,20.35507],[83.68997,20.35736],[83.68839,20.35758],[83.68554,20.35734],[83.68547,20.35774]]]}},{"type":"Feature","properties":{"LCODE":"100160005000500056","LOCATION":"DUKERMAL","V_TYPE":"VILLAGE","BLOCK":"KHARIAR","DISTRICT":"NUAPADA"},"geometry":{"type":"Polygon","coordinates":[[[83.43067,20.36582],[83.43749,20.36711],[83.44022,20.36655],[83.44196,20.36801],[83.44312,20.36834],[83.44671,20.36794],[83.44891,20.3683],[83.4497,20.36789],[83.4515,20.36614],[83.45686,20.36261],[83.45936,20.36228],[83.46101,20.36243],[83.46346,20.36296],[83.46487,20.36357],[83.46599,20.36361],[83.46674,20.36245],[83.46732,20.36072],[83.46688,20.3566],[83.46727,20.35424],[83.46707,20.35321],[83.46421,20.35004],[83.46352,20.34838],[83.46304,20.34914],[83.46268,20.34921],[83.46213,20.34921],[83.46071,20.3482],[83.4595,20.34868],[83.45766,20.34865],[83.4556,20.34937],[83.45328,20.34872],[83.45264,20.34764],[83.44979,20.34832],[83.44958,20.34614],[83.44914,20.34581],[83.44853,20.34587],[83.44805,20.34634],[83.4472,20.34653],[83.44633,20.34585],[83.44481,20.34576],[83.44479,20.34404],[83.44339,20.34322],[83.44144,20.34484],[83.44109,20.34553],[83.44099,20.34657],[83.44193,20.34827],[83.44153,20.34977],[83.44051,20.35082],[83.43996,20.35117],[83.43874,20.35114],[83.43616,20.35014],[83.43336,20.34978],[83.43236,20.3521],[83.43182,20.35259],[83.43262,20.35703],[83.4332,20.35868],[83.43306,20.36127],[83.43254,20.36294],[83.43128,20.36405],[83.43067,20.36582]]]}},{"type":"Feature","properties":{"LCODE":"100160004000400106","LOCATION":"TALABAJU","V_TYPE":"VILLAGE","BLOCK":"KHARIAR","DISTRICT":"NUAPADA"},"geometry":{"type":"Polygon","coordinates":[[[83.62827,20.36476],[83.62843,20.36622],[83.6289,20.36649],[83.62927,20.36754],[83.63027,20.36834],[83.63117,20.36815],[83.63189,20.36749],[83.63307,20.36815],[83.63397,20.36768],[83.63459,20.36792],[83.63559,20.36773],[83.63705,20.36702],[83.63834,20.36706],[83.63948,20.36668],[83.64124,20.36554],[83.63803,20.36096],[83.63834,20.35964],[83.6392,20.35897],[83.63689,20.35895],[83.63664,20.3586],[83.6347,20.3583],[83.63342,20.35836],[83.63263,20.3587],[83.63244,20.35933],[83.6331,20.36048],[83.6331,20.36151],[83.63242,20.36214],[83.62926,20.36276],[83.62827,20.36476]]]}},{"type":"Feature","properties":{"LCODE":"100160004000400107","LOCATION":"KUTRUPALA","V_TYPE":"VILLAGE","BLOCK":"KHARIAR","DISTRICT":"NUAPADA"},"geometry":{"type":"Polygon","coordinates":[[[83.63803,20.36073],[83.63857,20.36188],[83.64124,20.36554],[83.64194,20.3654],[83.64308,20.36635],[83.64532,20.36692],[83.64849,20.36583],[83.64911,20.36526],[83.65006,20.36516],[83.65121,20.3644],[83.65164,20.36194],[83.65317,20.36115],[83.65335,20.3608],[83.65257,20.35873],[83.6535,20.35661],[83.65303,20.35253],[83.65146,20.35052],[83.64958,20.34901],[83.64715,20.34877],[83.64459,20.34945],[83.64374,20.35031],[83.64368,20.35077],[83.6442,20.35381],[83.64396,20.35439],[83.64286,20.3549],[83.64073,20.35518],[83.6403,20.35586],[83.63974,20.3585],[83.63834,20.35964],[83.63803,20.36073]]]}},{"type":"Feature","properties":{"LCODE":"100160004000400038","LOCATION":"BADASURDA","V_TYPE":"VILLAGE","BLOCK":"KHARIAR","DISTRICT":"NUAPADA"},"geometry":{"type":"Polygon","coordinates":[[[83.56747,20.35454],[83.5677,20.35695],[83.56812,20.3573],[83.56934,20.35742],[83.56969,20.35777],[83.56953,20.35956],[83.57376,20.3594],[83.57509,20.36055],[83.57533,20.36233],[83.57458,20.36509],[83.57506,20.36538],[83.57567,20.36509],[83.57751,20.36309],[83.57849,20.36103],[83.57856,20.35965],[83.57791,20.35695],[83.57864,20.35609],[83.57959,20.35567],[83.57848,20.35293],[83.57849,20.35097],[83.57902,20.34902],[83.57847,20.3487],[83.57777,20.35011],[83.57674,20.35073],[83.57442,20.35124],[83.57015,20.35329],[83.56802,20.3538],[83.56747,20.35454]]]}},{"type":"Feature","properties":{"LCODE":"100160004000400036","LOCATION":"KUJAMAHUL","V_TYPE":"VILLAGE","BLOCK":"KHARIAR","DISTRICT":"NUAPADA"},"geometry":{"type":"Polygon","coordinates":[[[83.55638,20.35713],[83.55664,20.36466],[83.56078,20.36393],[83.56129,20.36054],[83.56326,20.36012],[83.56276,20.35843],[83.56242,20.35434],[83.55968,20.353],[83.55706,20.35535],[83.55638,20.35713]]]}},{"type":"Feature","properties":{"LCODE":"100160005000500031","LOCATION":"PARAMANANDAPUR","V_TYPE":"VILLAGE","BLOCK":"KHARIAR","DISTRICT":"NUAPADA"},"geometry":{"type":"Polygon","coordinates":[[[83.51267,20.35618],[83.51302,20.35928],[83.51445,20.36222],[83.51614,20.36401],[83.51891,20.3646],[83.52489,20.35721],[83.5258,20.35624],[83.52807,20.3547],[83.52868,20.3539],[83.52869,20.352],[83.52642,20.34699],[83.52545,20.34578],[83.52473,20.34526],[83.52266,20.34542],[83.519,20.34667],[83.51736,20.34775],[83.5166,20.34748],[83.51412,20.34862],[83.51434,20.35228],[83.51292,20.35503],[83.51267,20.35618]]]}},{"type":"Feature","properties":{"LCODE":"100160004000400040","LOCATION":"KANDHASARABAHALI","V_TYPE":"VILLAGE","BLOCK":"KHARIAR","DISTRICT":"NUAPADA"},"geometry":{"type":"Polygon","coordinates":[[[83.58469,20.34997],[83.58609,20.35187],[83.58695,20.35386],[83.58833,20.35378],[83.58911,20.35493],[83.58923,20.35579],[83.58775,20.36202],[83.58799,20.36246],[83.59331,20.36023],[83.59587,20.35852],[83.59692,20.359],[83.59867,20.35715],[83.59996,20.35633],[83.59969,20.35487],[83.59983,20.35257],[83.59959,20.35193],[83.59801,20.35084],[83.59328,20.34938],[83.58469,20.34997]]]}},{"type":"Feature","properties":{"LCODE":"100160004000400037","LOCATION":"DUTENSUDRA","V_TYPE":"VILLAGE","BLOCK":"KHARIAR","DISTRICT":"NUAPADA"},"geometry":{"type":"Polygon","coordinates":[[[83.56236,20.35429],[83.56282,20.35883],[83.56326,20.36012],[83.56426,20.36131],[83.56523,20.36148],[83.56689,20.36017],[83.56953,20.35956],[83.56969,20.35777],[83.56934,20.35742],[83.56812,20.3573],[83.56757,20.35672],[83.56753,20.3542],[83.56802,20.3538],[83.57223,20.35244],[83.57442,20.35124],[83.57674,20.35073],[83.57777,20.35011],[83.57847,20.3487],[83.57766,20.34821],[83.57718,20.34718],[83.57706,20.34589],[83.57574,20.34504],[83.57154,20.34514],[83.56936,20.34475],[83.56921,20.34737],[83.56805,20.34839],[83.56821,20.35133],[83.56791,20.35259],[83.56602,20.35321],[83.5651,20.35407],[83.56382,20.35458],[83.56236,20.35429]]]}},{"type":"Feature","properties":{"LCODE":"100160004000400111","LOCATION":"MUCHALBEDA","V_TYPE":"VILLAGE","BLOCK":"KHARIAR","DISTRICT":"NUAPADA"},"geometry":{"type":"Polygon","coordinates":[[[83.65987,20.35871],[83.66071,20.35969],[83.66126,20.35958],[83.66644,20.35667],[83.66923,20.3559],[83.67017,20.35497],[83.67078,20.3536],[83.67085,20.35256],[83.6703,20.35072],[83.67031,20.34934],[83.66824,20.34864],[83.6644,20.35305],[83.66354,20.3531],[83.66191,20.35172],[83.66112,20.35171],[83.66074,20.35297],[83.66129,20.35498],[83.66128,20.35659],[83.65987,20.35871]]]}},{"type":"Feature","properties":{"LCODE":"100160004000400110","LOCATION":"KATARAHALI","V_TYPE":"VILLAGE","BLOCK":"KHARIAR","DISTRICT":"NUAPADA"},"geometry":{"type":"Polygon","coordinates":[[[83.66875,20.35743],[83.66917,20.35784],[83.66997,20.35767],[83.67198,20.35595],[83.67228,20.3571],[83.671,20.35807],[83.67094,20.35939],[83.67136,20.3594],[83.67629,20.35833],[83.67857,20.35697],[83.67879,20.35587],[83.67758,20.35477],[83.67746,20.35426],[83.67844,20.35288],[83.67912,20.35099],[83.67973,20.35025],[83.68027,20.35004],[83.67731,20.34857],[83.67416,20.34809],[83.6739,20.34862],[83.67213,20.34947],[83.67036,20.34974],[83.6703,20.35072],[83.67085,20.35256],[83.67078,20.3536],[83.67017,20.35497],[83.669,20.35611],[83.66875,20.35743]]]}},{"type":"Feature","properties":{"LCODE":"100160004000400116","LOCATION":"DALABAHALI","V_TYPE":"VILLAGE","BLOCK":"KHARIAR","DISTRICT":"NUAPADA"},"geometry":{"type":"Polygon","coordinates":[[[83.67746,20.35426],[83.67758,20.35477],[83.67879,20.35587],[83.67857,20.35697],[83.6797,20.35754],[83.68158,20.35772],[83.6855,20.35757],[83.68554,20.35734],[83.68839,20.35758],[83.68997,20.35736],[83.69138,20.35507],[83.69205,20.35479],[83.69127,20.353],[83.69128,20.35128],[83.69171,20.34927],[83.69305,20.34865],[83.6933,20.34825],[83.69299,20.34693],[83.69458,20.34642],[83.69489,20.34544],[83.69598,20.34447],[83.69314,20.34274],[83.69144,20.34106],[83.69047,20.34062],[83.69052,20.34158],[83.69009,20.34244],[83.68876,20.34329],[83.68784,20.34489],[83.6865,20.34546],[83.68473,20.34717],[83.68296,20.34745],[83.6829,20.34871],[83.68332,20.35027],[83.68003,20.35002],[83.67912,20.35099],[83.67844,20.35288],[83.67746,20.35426]]]}},{"type":"Feature","properties":{"LCODE":"100160004000400041","LOCATION":"BENAGUDA","V_TYPE":"VILLAGE","BLOCK":"KHARIAR","DISTRICT":"NUAPADA"},"geometry":{"type":"Polygon","coordinates":[[[83.59347,20.34942],[83.59801,20.35084],[83.59959,20.35193],[83.59983,20.35257],[83.59969,20.35487],[83.59996,20.35633],[83.60337,20.35648],[83.60423,20.35677],[83.60583,20.35643],[83.60662,20.35587],[83.60717,20.35405],[83.60845,20.35201],[83.60986,20.35175],[83.61176,20.35061],[83.6154,20.35121],[83.61729,20.34938],[83.61909,20.34822],[83.61451,20.34712],[83.61305,20.34637],[83.61136,20.3451],[83.61028,20.34348],[83.60925,20.34268],[83.60748,20.34273],[83.60632,20.34329],[83.6056,20.34329],[83.60426,20.34248],[83.60117,20.34155],[83.59916,20.34194],[83.59691,20.34199],[83.59623,20.34336],[83.59495,20.34462],[83.59487,20.34709],[83.59353,20.3488],[83.59347,20.34942]]]}},{"type":"Feature","properties":{"LCODE":"100160004000400039","LOCATION":"KANDHAKUNDELPALI","V_TYPE":"VILLAGE","BLOCK":"KHARIAR","DISTRICT":"NUAPADA"},"geometry":{"type":"Polygon","coordinates":[[[83.57843,20.35172],[83.57861,20.35339],[83.57959,20.35567],[83.5812,20.35564],[83.58321,20.35622],[83.58448,20.35617],[83.58515,20.35595],[83.58607,20.35451],[83.58695,20.35386],[83.58609,20.35187],[83.58469,20.34997],[83.58075,20.34978],[83.57902,20.34902],[83.57843,20.35172]]]}},{"type":"Feature","properties":{"LCODE":"100160005000500058","LOCATION":"SARGULM","V_TYPE":"VILLAGE","BLOCK":"KHARIAR","DISTRICT":"NUAPADA"},"geometry":{"type":"Polygon","coordinates":[[[83.40446,20.34635],[83.40485,20.34818],[83.40632,20.35154],[83.40645,20.35222],[83.40614,20.35368],[83.40996,20.35429],[83.41199,20.35524],[83.41407,20.35578],[83.41559,20.35558],[83.41752,20.35417],[83.42222,20.35444],[83.42601,20.35536],[83.42729,20.35522],[83.42873,20.35416],[83.43182,20.35259],[83.43236,20.3521],[83.43336,20.34978],[83.43301,20.34732],[83.43019,20.34295],[83.4302,20.33939],[83.43105,20.33868],[83.4286,20.33856],[83.42587,20.33941],[83.42392,20.33961],[83.41914,20.33831],[83.41626,20.33788],[83.41536,20.33825],[83.41262,20.33858],[83.40868,20.34014],[83.40736,20.34096],[83.40545,20.34363],[83.40446,20.34635]]]}},{"type":"Feature","properties":{"LCODE":"100160004000400035","LOCATION":"GOCHARDENGEN","V_TYPE":"VILLAGE","BLOCK":"KHARIAR","DISTRICT":"NUAPADA"},"geometry":{"type":"Polygon","coordinates":[[[83.55886,20.35036],[83.55983,20.35152],[83.56001,20.35226],[83.55968,20.353],[83.56358,20.35464],[83.5651,20.35407],[83.56602,20.35321],[83.5676,20.35287],[83.56791,20.35259],[83.56821,20.35133],[83.56805,20.34839],[83.56921,20.34737],[83.56936,20.34475],[83.56735,20.34414],[83.56517,20.34264],[83.56371,20.3428],[83.562,20.34532],[83.56065,20.34669],[83.55886,20.35036]]]}},{"type":"Feature","properties":{"LCODE":"100160005000500054","LOCATION":"SAURUJULI","V_TYPE":"VILLAGE","BLOCK":"KHARIAR","DISTRICT":"NUAPADA"},"geometry":{"type":"Polygon","coordinates":[[[83.48123,20.34276],[83.48227,20.34729],[83.48277,20.34785],[83.48405,20.348],[83.48547,20.34901],[83.48698,20.35151],[83.48753,20.35179],[83.48935,20.35085],[83.49129,20.35059],[83.49319,20.35124],[83.49401,20.35266],[83.49505,20.35282],[83.49604,20.35395],[83.49702,20.35388],[83.49788,20.35443],[83.49892,20.35431],[83.5026,20.35297],[83.50315,20.35222],[83.50384,20.35033],[83.50441,20.34974],[83.50294,20.34739],[83.5015,20.34629],[83.50017,20.34554],[83.49833,20.34497],[83.49648,20.34327],[83.49432,20.34256],[83.49382,20.34171],[83.49392,20.33999],[83.49338,20.33789],[83.49199,20.33801],[83.4911,20.33934],[83.48988,20.33948],[83.48911,20.34081],[83.48851,20.34105],[83.48709,20.34027],[83.48624,20.3404],[83.48564,20.34104],[83.48472,20.34059],[83.48371,20.34204],[83.48293,20.34251],[83.48123,20.34276]]]}},{"type":"Feature","properties":{"LCODE":"100160004000400104","LOCATION":"KUTIHEJU","V_TYPE":"VILLAGE","BLOCK":"KHARIAR","DISTRICT":"NUAPADA"},"geometry":{"type":"Polygon","coordinates":[[[83.63242,20.34931],[83.6334,20.35049],[83.63351,20.35164],[83.63503,20.35205],[83.63606,20.3532],[83.63664,20.35347],[83.63715,20.3532],[83.6394,20.35316],[83.64062,20.35271],[83.64197,20.35151],[83.64149,20.34921],[83.64344,20.34812],[83.64346,20.34646],[83.64303,20.34588],[83.64103,20.34518],[83.63817,20.345],[83.63768,20.34517],[83.63645,20.34746],[83.63529,20.34866],[83.63242,20.34931]]]}},{"type":"Feature","properties":{"LCODE":"100160005000500060","LOCATION":"BAGBURAI","V_TYPE":"VILLAGE","BLOCK":"KHARIAR","DISTRICT":"NUAPADA"},"geometry":{"type":"Polygon","coordinates":[[[83.43005,20.34175],[83.43057,20.34369],[83.43301,20.34732],[83.43336,20.34978],[83.43525,20.34993],[83.43948,20.35118],[83.44051,20.35082],[83.44153,20.34977],[83.44193,20.34827],[83.44092,20.34617],[83.44144,20.34484],[83.44339,20.34322],[83.44305,20.3428],[83.44173,20.34334],[83.44129,20.34329],[83.44055,20.34256],[83.43994,20.34257],[83.43977,20.34355],[83.43929,20.34367],[83.43884,20.34247],[83.43816,20.34168],[83.43554,20.34166],[83.43491,20.34087],[83.4349,20.34012],[83.43433,20.33881],[83.43378,20.33894],[83.43337,20.33992],[83.43288,20.34004],[83.43105,20.33868],[83.4302,20.33939],[83.43005,20.34175]]]}},{"type":"Feature","properties":{"LCODE":"100160004000400109","LOCATION":"BIJAMAL","V_TYPE":"VILLAGE","BLOCK":"KHARIAR","DISTRICT":"NUAPADA"},"geometry":{"type":"Polygon","coordinates":[[[83.65955,20.34906],[83.65961,20.34941],[83.66016,20.34958],[83.66045,20.35079],[83.66088,20.35091],[83.66143,20.35051],[83.66264,20.35074],[83.66331,20.34931],[83.66374,20.34914],[83.66867,20.34865],[83.67001,20.34911],[83.67036,20.34974],[83.67085,20.34975],[83.67213,20.34947],[83.6739,20.34862],[83.67421,20.34787],[83.67379,20.34626],[83.67391,20.34505],[83.67588,20.34128],[83.67504,20.33743],[83.67426,20.33719],[83.67291,20.33736],[83.67219,20.33689],[83.67038,20.33367],[83.66911,20.33401],[83.6677,20.33498],[83.66793,20.33699],[83.66621,20.34008],[83.66536,20.34232],[83.66334,20.345],[83.6629,20.34627],[83.66254,20.34655],[83.66145,20.34666],[83.65998,20.34809],[83.65955,20.34906]]]}},{"type":"Feature","properties":{"LCODE":"100160004000400117","LOCATION":"MOHANGIR","V_TYPE":"VILLAGE","BLOCK":"KHARIAR","DISTRICT":"NUAPADA"},"geometry":{"type":"Polygon","coordinates":[[[83.67379,20.34574],[83.67416,20.34809],[83.67451,20.34827],[83.67731,20.34857],[83.68027,20.35004],[83.68332,20.35027],[83.6829,20.34871],[83.68296,20.34745],[83.68473,20.34717],[83.6865,20.34546],[83.68784,20.34489],[83.68876,20.34329],[83.69009,20.34244],[83.69052,20.34158],[83.69047,20.34062],[83.68531,20.33931],[83.6841,20.3373],[83.68307,20.33454],[83.68066,20.33085],[83.67969,20.33176],[83.67841,20.33216],[83.67786,20.33267],[83.67761,20.33382],[83.6756,20.33525],[83.67608,20.3368],[83.67522,20.33788],[83.67588,20.34128],[83.67416,20.34419],[83.67379,20.34574]]]}},{"type":"Feature","properties":{"LCODE":"100160004000400042","LOCATION":"BALIGUDA","V_TYPE":"VILLAGE","BLOCK":"KHARIAR","DISTRICT":"NUAPADA"},"geometry":{"type":"Polygon","coordinates":[[[83.5796,20.3492],[83.58075,20.34978],[83.58379,20.35002],[83.59133,20.34937],[83.59347,20.34942],[83.59353,20.3488],[83.59487,20.34709],[83.59495,20.34462],[83.59623,20.34336],[83.59691,20.34199],[83.59738,20.34187],[83.59729,20.33969],[83.59444,20.33772],[83.59292,20.33858],[83.59122,20.3373],[83.59117,20.336],[83.59013,20.33649],[83.58813,20.33683],[83.58709,20.33803],[83.58579,20.34136],[83.58462,20.34348],[83.58199,20.34576],[83.58053,20.34662],[83.57973,20.34782],[83.5796,20.3492]]]}},{"type":"Feature","properties":{"LCODE":"100160005000500052","LOCATION":"GOINDAMUNDA","V_TYPE":"VILLAGE","BLOCK":"KHARIAR","DISTRICT":"NUAPADA"},"geometry":{"type":"Polygon","coordinates":[[[83.49333,20.33793],[83.49392,20.33999],[83.49382,20.34171],[83.49432,20.34256],[83.49648,20.34327],[83.49833,20.34497],[83.50017,20.34554],[83.5015,20.34629],[83.50294,20.34739],[83.50441,20.34974],[83.50506,20.3493],[83.51199,20.34956],[83.51595,20.34797],[83.5166,20.34748],[83.5155,20.34291],[83.51467,20.34096],[83.51244,20.33818],[83.5093,20.33604],[83.50901,20.33472],[83.50766,20.33517],[83.50529,20.33522],[83.5031,20.33641],[83.50103,20.33652],[83.4999,20.33702],[83.49703,20.33661],[83.49546,20.33773],[83.49333,20.33793]]]}},{"type":"Feature","properties":{"LCODE":"100160005000500064","LOCATION":"SANRENGALI","V_TYPE":"VILLAGE","BLOCK":"KHARIAR","DISTRICT":"NUAPADA"},"geometry":{"type":"Polygon","coordinates":[[[83.45451,20.34897],[83.45615,20.34931],[83.45766,20.34865],[83.4595,20.34868],[83.46071,20.3482],[83.46213,20.34921],[83.46304,20.34914],[83.46369,20.34821],[83.46535,20.3487],[83.46674,20.34805],[83.46672,20.34696],[83.46975,20.34599],[83.47146,20.34579],[83.46854,20.3424],[83.46826,20.34091],[83.46943,20.33762],[83.4724,20.3348],[83.47088,20.33312],[83.46939,20.33206],[83.46732,20.33215],[83.46677,20.33187],[83.46589,20.33045],[83.46442,20.32931],[83.46394,20.33014],[83.46361,20.33226],[83.46266,20.33423],[83.46228,20.33682],[83.46187,20.33774],[83.46097,20.3385],[83.4594,20.33916],[83.45844,20.34015],[83.45757,20.3432],[83.45661,20.34425],[83.45451,20.34897]]]}},{"type":"Feature","properties":{"LCODE":"100160004000400043","LOCATION":"METAGUDA","V_TYPE":"VILLAGE","BLOCK":"KHARIAR","DISTRICT":"NUAPADA"},"geometry":{"type":"Polygon","coordinates":[[[83.57588,20.33894],[83.57644,20.3397],[83.57721,20.34264],[83.57718,20.34718],[83.57766,20.34821],[83.5796,20.34937],[83.57967,20.34811],[83.58004,20.34719],[83.58462,20.34348],[83.58579,20.34136],[83.58717,20.33789],[83.58295,20.33795],[83.58223,20.33709],[83.58176,20.33467],[83.58024,20.33415],[83.57969,20.3331],[83.57793,20.33465],[83.57588,20.33894]]]}},{"type":"Feature","properties":{"LCODE":"100160005000500061","LOCATION":"RINJA","V_TYPE":"VILLAGE","BLOCK":"KHARIAR","DISTRICT":"NUAPADA"},"geometry":{"type":"Polygon","coordinates":[[[83.43105,20.33868],[83.43288,20.34004],[83.43337,20.33992],[83.43378,20.33894],[83.43433,20.33881],[83.4349,20.34012],[83.43491,20.34087],[83.43554,20.34166],[83.43816,20.34168],[83.43884,20.34247],[83.43929,20.34367],[83.43977,20.34355],[83.43994,20.34257],[83.44055,20.34256],[83.44129,20.34329],[83.44173,20.34334],[83.44305,20.3428],[83.44356,20.34348],[83.44479,20.34404],[83.44481,20.34576],[83.44633,20.34585],[83.4472,20.34653],[83.44914,20.34581],[83.44958,20.34614],[83.44979,20.34832],[83.45264,20.34764],[83.45328,20.34872],[83.45451,20.34897],[83.45661,20.34425],[83.45757,20.3432],[83.45818,20.34071],[83.45423,20.3405],[83.45325,20.34018],[83.45275,20.33921],[83.45045,20.33689],[83.44964,20.33547],[83.44937,20.33054],[83.44849,20.32872],[83.44816,20.32706],[83.44746,20.32558],[83.44591,20.32405],[83.44492,20.32259],[83.44408,20.32362],[83.44056,20.32505],[83.4399,20.32587],[83.43756,20.33164],[83.43607,20.3331],[83.43465,20.33611],[83.43274,20.33838],[83.43105,20.33868]]]}},{"type":"Feature","properties":{"LCODE":"100160004000400051","LOCATION":"NARASINGPUR","V_TYPE":"VILLAGE","BLOCK":"KHARIAR","DISTRICT":"NUAPADA"},"geometry":{"type":"Polygon","coordinates":[[[83.50895,20.3342],[83.5093,20.33604],[83.51244,20.33818],[83.51467,20.34096],[83.5155,20.34291],[83.5165,20.3474],[83.51693,20.34775],[83.5215,20.34576],[83.52473,20.34526],[83.52545,20.34578],[83.52692,20.34799],[83.52727,20.34763],[83.52843,20.34562],[83.5282,20.34435],[83.52731,20.34234],[83.52802,20.33642],[83.52785,20.33315],[83.52744,20.33222],[83.52653,20.33222],[83.52396,20.33324],[83.52015,20.33104],[83.5145,20.33147],[83.51353,20.33112],[83.51226,20.33014],[83.51025,20.32995],[83.50942,20.33005],[83.51019,20.33047],[83.51043,20.33105],[83.51036,20.33243],[83.50907,20.33363],[83.50895,20.3342]]]}},{"type":"Feature","properties":{"LCODE":"100160004000400108","LOCATION":"SINGPUR","V_TYPE":"VILLAGE","BLOCK":"KHARIAR","DISTRICT":"NUAPADA"},"geometry":{"type":"Polygon","coordinates":[[[83.65297,20.33875],[83.65297,20.33933],[83.65406,20.34014],[83.65448,20.34123],[83.65356,20.34168],[83.65338,20.3422],[83.65495,20.34422],[83.65475,20.34516],[83.65519,20.34571],[83.65566,20.34744],[83.65594,20.34784],[83.65633,20.34784],[83.65798,20.34687],[83.66017,20.3462],[83.66176,20.34523],[83.66309,20.34546],[83.66536,20.34232],[83.66621,20.34008],[83.66763,20.33773],[83.66793,20.33699],[83.66768,20.33512],[83.66243,20.33036],[83.66166,20.32871],[83.66036,20.33058],[83.66,20.33236],[83.66114,20.33426],[83.6629,20.33604],[83.66258,20.33673],[83.66119,20.33701],[83.66034,20.33684],[83.65858,20.33579],[83.65311,20.33509],[83.65341,20.33554],[83.65414,20.33577],[83.65395,20.33681],[83.65425,20.33853],[83.6534,20.33847],[83.65297,20.33875]]]}},{"type":"Feature","properties":{"LCODE":"100160004000400032","LOCATION":"ALATORA","V_TYPE":"VILLAGE","BLOCK":"KHARIAR","DISTRICT":"NUAPADA"},"geometry":{"type":"Polygon","coordinates":[[[83.52731,20.34153],[83.52731,20.34234],[83.52843,20.34551],[83.52905,20.3451],[83.52991,20.34361],[83.52991,20.34246],[83.53016,20.34212],[83.54153,20.34229],[83.5448,20.3438],[83.54715,20.34651],[83.54819,20.34646],[83.54916,20.34537],[83.54985,20.34348],[83.55096,20.34193],[83.55414,20.33873],[83.55439,20.33735],[83.55575,20.33374],[83.5557,20.33138],[83.55183,20.3293],[83.55135,20.32837],[83.55112,20.32665],[83.55058,20.32579],[83.54869,20.32589],[83.54784,20.3252],[83.54713,20.32393],[83.54428,20.32242],[83.54102,20.32143],[83.53967,20.32228],[83.53807,20.324],[83.53697,20.32474],[83.53259,20.32633],[83.5321,20.3269],[83.53233,20.32765],[83.5319,20.32857],[83.52953,20.32953],[83.52854,20.33119],[83.52751,20.33229],[83.52785,20.33315],[83.52802,20.33642],[83.52731,20.34153]]]}},{"type":"Feature","properties":{"LCODE":"100160004000400034","LOCATION":"TENTULIKUPA","V_TYPE":"VILLAGE","BLOCK":"KHARIAR","DISTRICT":"NUAPADA"},"geometry":{"type":"Polygon","coordinates":[[[83.5682,20.34443],[83.57154,20.34514],[83.57543,20.34498],[83.57706,20.34589],[83.57721,20.34264],[83.57644,20.3397],[83.57414,20.33728],[83.5715,20.33549],[83.57074,20.33761],[83.56901,20.33981],[83.5682,20.34443]]]}},{"type":"Feature","properties":{"LCODE":"100160004000400103","LOCATION":"KAMEGAON","V_TYPE":"VILLAGE","BLOCK":"KHARIAR","DISTRICT":"NUAPADA"},"geometry":{"type":"Polygon","coordinates":[[[83.63802,20.32553],[83.63844,20.32674],[83.64086,20.33019],[83.64127,20.33492],[83.6457,20.33796],[83.64817,20.33833],[83.65108,20.33966],[83.65175,20.34035],[83.65108,20.34162],[83.65113,20.34248],[83.65475,20.34516],[83.65495,20.34422],[83.65338,20.3422],[83.65356,20.34168],[83.65436,20.3414],[83.65442,20.34083],[83.65406,20.34014],[83.65297,20.33933],[83.65309,20.33852],[83.65425,20.33853],[83.65395,20.33681],[83.65414,20.33577],[83.65317,20.33537],[83.65269,20.33462],[83.65154,20.33386],[83.65105,20.33254],[83.65015,20.33145],[83.65022,20.33099],[83.65083,20.33082],[83.6526,20.32853],[83.65194,20.32611],[83.65195,20.32508],[83.65228,20.32472],[83.6511,20.32399],[83.6457,20.32229],[83.64478,20.3217],[83.64369,20.32251],[83.6432,20.32257],[83.64163,20.32182],[83.64041,20.32181],[83.63975,20.32186],[83.63895,20.32238],[83.63802,20.32553]]]}},{"type":"Feature","properties":{"LCODE":"100160005000500065","LOCATION":"SIALPALA","V_TYPE":"VILLAGE","BLOCK":"KHARIAR","DISTRICT":"NUAPADA"},"geometry":{"type":"Polygon","coordinates":[[[83.46822,20.34149],[83.46854,20.3424],[83.47018,20.34415],[83.47075,20.34374],[83.47246,20.34394],[83.47373,20.34352],[83.4782,20.34454],[83.47899,20.34424],[83.48013,20.34313],[83.48123,20.34276],[83.48009,20.34118],[83.47837,20.34012],[83.47657,20.33831],[83.47539,20.33667],[83.47413,20.33352],[83.47164,20.33529],[83.46943,20.33762],[83.46884,20.33878],[83.46822,20.34149]]]}},{"type":"Feature","properties":{"LCODE":"100160004000400120","LOCATION":"SITRUBALI","V_TYPE":"VILLAGE","BLOCK":"KHARIAR","DISTRICT":"NUAPADA"},"geometry":{"type":"Polygon","coordinates":[[[83.69047,20.34062],[83.69144,20.34106],[83.69314,20.34274],[83.69598,20.34447],[83.69629,20.34413],[83.69746,20.34046],[83.69947,20.33909],[83.70002,20.33824],[83.70059,20.33129],[83.70133,20.33009],[83.70285,20.32872],[83.70602,20.32684],[83.7067,20.32604],[83.70651,20.32501],[83.70488,20.3238],[83.70695,20.31762],[83.70612,20.31846],[83.70344,20.31856],[83.70277,20.32023],[83.7013,20.32108],[83.69996,20.32251],[83.69917,20.324],[83.69917,20.3248],[83.69994,20.32739],[83.69987,20.32813],[83.69945,20.32905],[83.69877,20.33301],[83.69821,20.3345],[83.69437,20.33918],[83.69296,20.34038],[83.69047,20.34062]]]}},{"type":"Feature","properties":{"LCODE":"100160004000400033","LOCATION":"KACHARDENGAN","V_TYPE":"VILLAGE","BLOCK":"KHARIAR","DISTRICT":"NUAPADA"},"geometry":{"type":"Polygon","coordinates":[[[83.55441,20.34264],[83.55453,20.3431],[83.55666,20.34351],[83.55769,20.34404],[83.5591,20.34146],[83.55996,20.34066],[83.56197,20.34038],[83.56317,20.34153],[83.56384,20.34177],[83.56652,20.34057],[83.5675,20.34058],[83.56951,20.33938],[83.57074,20.33761],[83.5715,20.33549],[83.57039,20.33496],[83.56638,20.33425],[83.56329,20.33149],[83.56232,20.33228],[83.55977,20.33319],[83.55817,20.33438],[83.55738,20.33541],[83.55528,20.33994],[83.55441,20.34264]]]}},{"type":"Feature","properties":{"LCODE":"100160004000400105","LOCATION":"DENGENMAL","V_TYPE":"VILLAGE","BLOCK":"KHARIAR","DISTRICT":"NUAPADA"},"geometry":{"type":"Polygon","coordinates":[[[83.63651,20.33603],[83.6377,20.34098],[83.64069,20.33875],[83.64209,20.3387],[83.64373,20.33934],[83.64427,20.33992],[83.64469,20.3421],[83.64511,20.34279],[83.6462,20.34303],[83.64724,20.3428],[83.64725,20.34079],[83.64555,20.33946],[83.64538,20.33843],[83.6457,20.33796],[83.64127,20.33492],[83.63895,20.33507],[83.63815,20.33575],[83.63694,20.33575],[83.63651,20.33603]]]}},{"type":"Feature","properties":{"LCODE":"100160005000500066","LOCATION":"KENDUMUNDI","V_TYPE":"VILLAGE","BLOCK":"KHARIAR","DISTRICT":"NUAPADA"},"geometry":{"type":"Polygon","coordinates":[[[83.47413,20.33352],[83.47539,20.33667],[83.47657,20.33831],[83.47837,20.34012],[83.48009,20.34118],[83.48123,20.34276],[83.48293,20.34251],[83.48371,20.34204],[83.48472,20.34059],[83.48564,20.34104],[83.48624,20.3404],[83.48709,20.34027],[83.48851,20.34105],[83.48911,20.34081],[83.48988,20.33948],[83.4911,20.33934],[83.49199,20.33801],[83.49242,20.33783],[83.49504,20.33785],[83.49673,20.33673],[83.49745,20.33655],[83.4999,20.33702],[83.50133,20.33646],[83.50273,20.33653],[83.50529,20.33522],[83.50766,20.33517],[83.50901,20.33472],[83.50907,20.33363],[83.50993,20.33306],[83.51048,20.33174],[83.51043,20.33105],[83.50989,20.33024],[83.50685,20.32954],[83.50601,20.3289],[83.50529,20.32798],[83.50446,20.32492],[83.50404,20.32435],[83.50114,20.32261],[83.50097,20.32214],[83.49995,20.32251],[83.49709,20.32227],[83.49563,20.32252],[83.49397,20.32192],[83.49263,20.32188],[83.49161,20.32264],[83.49109,20.324],[83.49098,20.32873],[83.4904,20.33035],[83.48772,20.33045],[83.48579,20.33168],[83.48427,20.33205],[83.48017,20.3312],[83.47858,20.33117],[83.47646,20.33177],[83.47413,20.33352]]]}},{"type":"Feature","properties":{"LCODE":"100160005000500063","LOCATION":"TOKARMAL","V_TYPE":"VILLAGE","BLOCK":"KHARIAR","DISTRICT":"NUAPADA"},"geometry":{"type":"Polygon","coordinates":[[[83.44945,20.3313],[83.44964,20.33547],[83.45045,20.33689],[83.45275,20.33921],[83.45325,20.34018],[83.45423,20.3405],[83.45818,20.34071],[83.45885,20.33957],[83.46097,20.3385],[83.46187,20.33774],[83.46228,20.33682],[83.46266,20.33423],[83.46361,20.33226],[83.46389,20.33048],[83.46304,20.33095],[83.46218,20.33102],[83.46057,20.32962],[83.45768,20.32805],[83.45542,20.3278],[83.4539,20.32817],[83.4515,20.33022],[83.44945,20.3313]]]}},{"type":"Feature","properties":{"LCODE":"100160004000400119","LOCATION":"DEULISULIA","V_TYPE":"VILLAGE","BLOCK":"KHARIAR","DISTRICT":"NUAPADA"},"geometry":{"type":"Polygon","coordinates":[[[83.67827,20.32268],[83.68092,20.32718],[83.68079,20.33105],[83.68307,20.33454],[83.6841,20.3373],[83.68531,20.33931],[83.69047,20.34062],[83.69296,20.34038],[83.69437,20.33918],[83.69821,20.3345],[83.69877,20.33301],[83.69994,20.32739],[83.69917,20.3248],[83.69917,20.324],[83.70057,20.32182],[83.70313,20.31977],[83.70344,20.31856],[83.70276,20.31558],[83.69859,20.31716],[83.69828,20.31796],[83.699,20.32072],[83.69881,20.3217],[83.69437,20.32282],[83.69297,20.32265],[83.69194,20.32184],[83.69012,20.32188],[83.68482,20.32496],[83.68361,20.32478],[83.68312,20.32374],[83.68124,20.3223],[83.68083,20.32017],[83.6804,20.31988],[83.67973,20.31994],[83.67858,20.32091],[83.67827,20.32268]]]}},{"type":"Feature","properties":{"LCODE":"100160005000500059","LOCATION":"JOGIPAL","V_TYPE":"VILLAGE","BLOCK":"KHARIAR","DISTRICT":"NUAPADA"},"geometry":{"type":"Polygon","coordinates":[[[83.41626,20.33788],[83.41914,20.33831],[83.42258,20.3394],[83.42484,20.33959],[83.4286,20.33856],[83.43092,20.33869],[83.43274,20.33838],[83.43465,20.33611],[83.43607,20.3331],[83.43723,20.33202],[83.43521,20.32956],[83.43218,20.32702],[83.43185,20.32588],[83.4318,20.32273],[83.4311,20.32073],[83.42962,20.31796],[83.42772,20.31912],[83.42556,20.32122],[83.42289,20.32172],[83.42284,20.32235],[83.42365,20.32337],[83.42294,20.32476],[83.42155,20.32576],[83.42072,20.32709],[83.41946,20.3278],[83.41924,20.32924],[83.41853,20.33074],[83.4191,20.33222],[83.41839,20.33321],[83.4178,20.33477],[83.41673,20.33616],[83.41675,20.3372],[83.41626,20.33788]]]}},{"type":"Feature","properties":{"LCODE":"100160004000400045","LOCATION":"PENDRA","V_TYPE":"VILLAGE","BLOCK":"KHARIAR","DISTRICT":"NUAPADA"},"geometry":{"type":"Polygon","coordinates":[[[83.57072,20.3351],[83.57414,20.33728],[83.57588,20.33894],[83.57793,20.33465],[83.58006,20.33266],[83.57801,20.33098],[83.57815,20.32891],[83.57851,20.32805],[83.5767,20.32706],[83.57392,20.32458],[83.57325,20.32463],[83.57317,20.32906],[83.57265,20.33273],[83.57072,20.3351]]]}},{"type":"Feature","properties":{"LCODE":"100160004000400044","LOCATION":"BELUR (BELPUR)","V_TYPE":"VILLAGE","BLOCK":"KHARIAR","DISTRICT":"NUAPADA"},"geometry":{"type":"Polygon","coordinates":[[[83.57969,20.3331],[83.58024,20.33415],[83.58176,20.33467],[83.58223,20.33709],[83.5832,20.33807],[83.58514,20.33779],[83.58717,20.33789],[83.58813,20.33683],[83.59013,20.33649],[83.59117,20.336],[83.59058,20.33299],[83.5886,20.32873],[83.58788,20.32787],[83.58648,20.3278],[83.58478,20.3282],[83.5847,20.33049],[83.5833,20.33129],[83.58141,20.3318],[83.57969,20.3331]]]}},{"type":"Feature","properties":{"LCODE":"100160004000400102","LOCATION":"SIRKIHEJU","V_TYPE":"VILLAGE","BLOCK":"KHARIAR","DISTRICT":"NUAPADA"},"geometry":{"type":"Polygon","coordinates":[[[83.65015,20.33145],[83.65105,20.33254],[83.65154,20.33386],[83.65318,20.33514],[83.65488,20.33515],[83.65645,20.33561],[83.65858,20.33579],[83.66034,20.33684],[83.66119,20.33701],[83.66228,20.33696],[83.66283,20.33645],[83.6629,20.33604],[83.66114,20.33426],[83.66,20.33236],[83.66036,20.33058],[83.66318,20.32686],[83.66294,20.32634],[83.66302,20.32301],[83.66045,20.31763],[83.65635,20.31925],[83.65487,20.32052],[83.65433,20.32199],[83.65195,20.32508],[83.65194,20.32611],[83.6526,20.32813],[83.65247,20.32887],[83.65083,20.33082],[83.65022,20.33099],[83.65015,20.33145]]]}},{"type":"Feature","properties":{"LCODE":"100160004000400046","LOCATION":"BORIGHAT","V_TYPE":"VILLAGE","BLOCK":"KHARIAR","DISTRICT":"NUAPADA"},"geometry":{"type":"Polygon","coordinates":[[[83.56149,20.3294],[83.56361,20.33183],[83.56638,20.33425],[83.57072,20.3351],[83.57265,20.33273],[83.57317,20.32906],[83.57325,20.32463],[83.57216,20.3248],[83.57047,20.32364],[83.56736,20.32397],[83.56545,20.3273],[83.56149,20.3294]]]}},{"type":"Feature","properties":{"LCODE":"100160005000500068","LOCATION":"BHATAPALA","V_TYPE":"VILLAGE","BLOCK":"KHARIAR","DISTRICT":"NUAPADA"},"geometry":{"type":"Polygon","coordinates":[[[83.46442,20.32931],[83.46589,20.33045],[83.46677,20.33187],[83.46732,20.33215],[83.46939,20.33206],[83.47088,20.33312],[83.4724,20.3348],[83.47646,20.33177],[83.47858,20.33117],[83.47992,20.33119],[83.47948,20.33001],[83.48019,20.3285],[83.48045,20.3262],[83.48074,20.32562],[83.48261,20.3241],[83.48364,20.32374],[83.49109,20.324],[83.49161,20.32264],[83.49263,20.32188],[83.49397,20.32192],[83.49563,20.32252],[83.49709,20.32227],[83.49995,20.32251],[83.50097,20.32214],[83.50097,20.32088],[83.50259,20.31583],[83.50162,20.31548],[83.49911,20.3157],[83.49623,20.31494],[83.49271,20.3158],[83.49198,20.31575],[83.49014,20.31509],[83.48958,20.31436],[83.48847,20.31391],[83.48611,20.31453],[83.48428,20.31455],[83.48238,20.31389],[83.48132,20.31311],[83.48051,20.31157],[83.48049,20.3106],[83.47976,20.31049],[83.47867,20.31086],[83.47674,20.31215],[83.47554,20.31027],[83.47518,20.31028],[83.47338,20.31174],[83.4734,20.31283],[83.47139,20.31309],[83.46986,20.31277],[83.4686,20.3136],[83.46756,20.31367],[83.46714,20.31425],[83.46765,20.31545],[83.46613,20.31593],[83.465,20.31709],[83.46779,20.31992],[83.46848,20.32111],[83.46669,20.32344],[83.46607,20.32655],[83.46442,20.32931]]]}},{"type":"Feature","properties":{"LCODE":"100160004000400050","LOCATION":"KABICHADRAPUR","V_TYPE":"VILLAGE","BLOCK":"KHARIAR","DISTRICT":"NUAPADA"},"geometry":{"type":"Polygon","coordinates":[[[83.50095,20.32209],[83.50114,20.32261],[83.50404,20.32435],[83.50446,20.32492],[83.50529,20.32798],[83.50685,20.32954],[83.50942,20.33005],[83.51226,20.33014],[83.51353,20.33112],[83.5145,20.33147],[83.52015,20.33104],[83.52396,20.33324],[83.52653,20.33222],[83.52751,20.33229],[83.52854,20.33119],[83.52953,20.32953],[83.53172,20.32874],[83.53233,20.32765],[83.53126,20.32489],[83.52931,20.32476],[83.52671,20.32354],[83.52532,20.32239],[83.52105,20.31656],[83.52052,20.31529],[83.51936,20.31465],[83.51645,20.31389],[83.51597,20.31343],[83.51537,20.31199],[83.51417,20.31106],[83.51026,20.31057],[83.50893,20.31207],[83.50748,20.31212],[83.5065,20.31246],[83.50466,20.31435],[83.50314,20.3152],[83.50233,20.31635],[83.50177,20.31893],[83.50097,20.32088],[83.50095,20.32209]]]}},{"type":"Feature","properties":{"LCODE":"100160005000500067","LOCATION":"AGADHUPUR","V_TYPE":"VILLAGE","BLOCK":"KHARIAR","DISTRICT":"NUAPADA"},"geometry":{"type":"Polygon","coordinates":[[[83.47948,20.33001],[83.47992,20.33119],[83.48427,20.33205],[83.48579,20.33168],[83.48772,20.33045],[83.4904,20.33035],[83.49098,20.32873],[83.49109,20.324],[83.48364,20.32374],[83.48261,20.3241],[83.48074,20.32562],[83.48028,20.32684],[83.48007,20.32891],[83.47948,20.33001]]]}},{"type":"Feature","properties":{"LCODE":"100160005000500199","LOCATION":"BIJAPATI","V_TYPE":"VILLAGE","BLOCK":"KHARIAR","DISTRICT":"NUAPADA"},"geometry":{"type":"Polygon","coordinates":[[[83.42962,20.31796],[83.4311,20.32073],[83.4318,20.32273],[83.43185,20.32588],[83.43218,20.32702],[83.43521,20.32956],[83.43723,20.33202],[83.43797,20.33078],[83.4399,20.32587],[83.44056,20.32505],[83.44408,20.32362],[83.44514,20.32223],[83.44599,20.32164],[83.4481,20.32046],[83.44965,20.31996],[83.44909,20.31746],[83.44741,20.31559],[83.44726,20.31359],[83.44644,20.31222],[83.44598,20.31028],[83.44511,20.30955],[83.44456,20.30944],[83.44262,20.30976],[83.43893,20.31165],[83.43558,20.31142],[83.43418,20.31169],[83.43475,20.31333],[83.43472,20.31459],[83.43306,20.31404],[83.43221,20.31417],[83.43091,20.31648],[83.42962,20.31796]]]}},{"type":"Feature","properties":{"LCODE":"100160005000500062","LOCATION":"DEGAON","V_TYPE":"VILLAGE","BLOCK":"KHARIAR","DISTRICT":"NUAPADA"},"geometry":{"type":"Polygon","coordinates":[[[83.44492,20.32259],[83.44778,20.32615],[83.44945,20.3313],[83.4515,20.33022],[83.4539,20.32817],[83.45542,20.3278],[83.45768,20.32805],[83.46057,20.32962],[83.46188,20.33086],[83.46255,20.33102],[83.46389,20.33048],[83.46458,20.32875],[83.46607,20.32655],[83.46669,20.32344],[83.46848,20.32111],[83.46779,20.31992],[83.46494,20.31698],[83.463,20.31799],[83.46194,20.32053],[83.46066,20.32061],[83.45986,20.32016],[83.45955,20.31965],[83.45949,20.31942],[83.46027,20.31866],[83.46032,20.31837],[83.45989,20.31804],[83.45934,20.31799],[83.45874,20.31851],[83.45801,20.31853],[83.45752,20.31836],[83.45686,20.31733],[83.45604,20.31724],[83.45444,20.31646],[83.45287,20.31729],[83.45216,20.31839],[83.45107,20.31927],[83.4481,20.32046],[83.44599,20.32164],[83.44492,20.32259]]]}},{"type":"Feature","properties":{"LCODE":"100160004000400118","LOCATION":"KUSUNGUL","V_TYPE":"VILLAGE","BLOCK":"KHARIAR","DISTRICT":"NUAPADA"},"geometry":{"type":"Polygon","coordinates":[[[83.66984,20.32667],[83.67095,20.32805],[83.67307,20.32932],[83.67508,20.32899],[83.67654,20.3302],[83.67884,20.32998],[83.68005,20.33033],[83.68079,20.33105],[83.68092,20.32718],[83.67827,20.32268],[83.67632,20.32377],[83.67328,20.32456],[83.67212,20.32535],[83.67078,20.32546],[83.66984,20.32667]]]}},{"type":"Feature","properties":{"LCODE":"100160004000400074","LOCATION":"MADANPUR","V_TYPE":"VILLAGE","BLOCK":"KHARIAR","DISTRICT":"NUAPADA"},"geometry":{"type":"Polygon","coordinates":[[[83.51855,20.30683],[83.51929,20.30781],[83.5205,20.30857],[83.52184,20.30898],[83.52261,20.31053],[83.52644,20.31044],[83.52692,20.31176],[83.52837,20.31343],[83.52896,20.31539],[83.53066,20.31534],[83.5334,20.31449],[83.53394,20.31536],[83.53398,20.31777],[83.5352,20.31766],[83.53562,20.3179],[83.5353,20.32077],[83.53468,20.32243],[83.53279,20.32305],[83.53132,20.32501],[83.5321,20.3269],[83.53259,20.32633],[83.53593,20.32525],[83.53807,20.324],[83.53967,20.32228],[83.54101,20.32149],[83.54242,20.31919],[83.5461,20.31513],[83.54575,20.313],[83.54258,20.31345],[83.54173,20.31344],[83.54112,20.3131],[83.53962,20.31137],[83.53909,20.30901],[83.54002,20.30654],[83.54438,20.29961],[83.54612,20.29625],[83.54581,20.29427],[83.54509,20.29306],[83.54407,20.29231],[83.54283,20.2908],[83.5403,20.29258],[83.53951,20.29188],[83.53703,20.29129],[83.53508,20.29163],[83.53398,20.29243],[83.53373,20.29323],[83.53371,20.29547],[83.53442,20.29852],[83.53418,20.29915],[83.53301,20.30024],[83.53235,20.30058],[83.53156,20.30046],[83.53036,20.29867],[83.52976,20.29666],[83.52885,20.2966],[83.5283,20.29717],[83.52776,20.29688],[83.5269,20.29693],[83.52605,20.29767],[83.52554,20.29765],[83.52395,20.3022],[83.52309,20.30266],[83.51994,20.30345],[83.5198,20.305],[83.51855,20.30683]]]}},{"type":"Feature","properties":{"LCODE":"100160004000400122","LOCATION":"TAGARBAJU","V_TYPE":"VILLAGE","BLOCK":"KHARIAR","DISTRICT":"NUAPADA"},"geometry":{"type":"Polygon","coordinates":[[[83.70876,20.32594],[83.70924,20.32628],[83.71076,20.32612],[83.71246,20.3249],[83.71365,20.32274],[83.71408,20.32113],[83.71218,20.32159],[83.71072,20.32279],[83.70937,20.32433],[83.70876,20.32594]]]}},{"type":"Feature","properties":{"LCODE":"100160004000400048","LOCATION":"SAGARPALI","V_TYPE":"VILLAGE","BLOCK":"KHARIAR","DISTRICT":"NUAPADA"},"geometry":{"type":"Polygon","coordinates":[[[83.52206,20.31781],[83.52532,20.32239],[83.52671,20.32354],[83.52931,20.32476],[83.53132,20.32501],[83.53279,20.32305],[83.53468,20.32243],[83.53499,20.32197],[83.53561,20.31887],[83.5355,20.31772],[83.53398,20.31777],[83.53394,20.31536],[83.5334,20.31449],[83.53304,20.31443],[83.53066,20.31534],[83.52896,20.31539],[83.52847,20.31625],[83.52755,20.31682],[83.52573,20.31733],[83.52329,20.31726],[83.52206,20.31781]]]}},{"type":"Feature","properties":{"LCODE":"100160004000400100","LOCATION":"TAL NUGAON","V_TYPE":"VILLAGE","BLOCK":"KHARIAR","DISTRICT":"NUAPADA"},"geometry":{"type":"Polygon","coordinates":[[[83.64478,20.3217],[83.6457,20.32229],[83.6511,20.32399],[83.65228,20.32472],[83.65433,20.32199],[83.65488,20.32073],[83.65447,20.31775],[83.6546,20.31619],[83.65606,20.3154],[83.65976,20.3143],[83.6585,20.31294],[83.65694,20.31018],[83.65578,20.30925],[83.6544,20.30741],[83.65416,20.30632],[83.65447,20.30477],[83.65423,20.30413],[83.65366,20.30399],[83.65295,20.30476],[83.65052,20.3059],[83.64796,20.30623],[83.64749,20.30667],[83.64783,20.30801],[83.64667,20.31047],[83.64679,20.31145],[83.64775,20.31323],[83.64749,20.31633],[83.64632,20.31971],[83.64478,20.3217]]]}},{"type":"Feature","properties":{"LCODE":"100160005000500200","LOCATION":"BHOIRPADA","V_TYPE":"VILLAGE","BLOCK":"KHARIAR","DISTRICT":"NUAPADA"},"geometry":{"type":"Polygon","coordinates":[[[83.42229,20.31513],[83.42334,20.3197],[83.42291,20.3217],[83.42343,20.32171],[83.42556,20.32122],[83.42772,20.31912],[83.43019,20.31753],[83.43221,20.31417],[83.43306,20.31404],[83.43472,20.31459],[83.43475,20.31333],[83.4341,20.3111],[83.43355,20.31036],[83.4343,20.30805],[83.43343,20.30721],[83.43286,20.30566],[83.43278,20.30452],[83.43309,20.30354],[83.43008,20.30347],[83.42735,20.30437],[83.42486,20.30446],[83.42488,20.30619],[83.4237,20.30833],[83.42363,20.31138],[83.42239,20.31404],[83.42229,20.31513]]]}},{"type":"Feature","properties":{"LCODE":"100160005000500197","LOCATION":"KHALIAPALLI","V_TYPE":"VILLAGE","BLOCK":"KHARIAR","DISTRICT":"NUAPADA"},"geometry":{"type":"Polygon","coordinates":[[[83.45637,20.30822],[83.45657,20.30937],[83.45847,20.3133],[83.45815,20.31594],[83.45773,20.31675],[83.45686,20.31733],[83.45752,20.31836],[83.45801,20.31853],[83.45874,20.31851],[83.45934,20.31799],[83.45989,20.31804],[83.46032,20.31837],[83.45949,20.31942],[83.45986,20.32016],[83.46066,20.32061],[83.46194,20.32053],[83.463,20.31799],[83.465,20.31709],[83.46656,20.31569],[83.46765,20.31545],[83.46714,20.31425],[83.46756,20.31367],[83.4686,20.3136],[83.46986,20.31277],[83.47139,20.31309],[83.4734,20.31283],[83.47338,20.31174],[83.47476,20.31051],[83.47694,20.30973],[83.4782,20.30874],[83.48161,20.30788],[83.48474,20.306],[83.48882,20.30163],[83.48928,20.30036],[83.4891,20.29704],[83.48942,20.29621],[83.4864,20.29593],[83.48135,20.29699],[83.4752,20.2968],[83.47252,20.29707],[83.46654,20.29659],[83.46308,20.29492],[83.4622,20.29614],[83.46162,20.29758],[83.46042,20.30265],[83.45744,20.30631],[83.45637,20.30822]]]}},{"type":"Feature","properties":{"LCODE":"100160004000400101","LOCATION":"SIRFI PADAR","V_TYPE":"VILLAGE","BLOCK":"KHARIAR","DISTRICT":"NUAPADA"},"geometry":{"type":"Polygon","coordinates":[[[83.65441,20.31671],[83.65487,20.32052],[83.65635,20.31925],[83.66045,20.31763],[83.66,20.31639],[83.65976,20.3143],[83.65606,20.3154],[83.6546,20.31619],[83.65441,20.31671]]]}},{"type":"Feature","properties":{"LCODE":"100160004000400047","LOCATION":"DANDIMASKA","V_TYPE":"VILLAGE","BLOCK":"KHARIAR","DISTRICT":"NUAPADA"},"geometry":{"type":"Polygon","coordinates":[[[83.56563,20.31919],[83.56606,20.31966],[83.56873,20.3203],[83.57129,20.3179],[83.57525,20.31654],[83.57568,20.31568],[83.57556,20.31505],[83.57532,20.3147],[83.57465,20.31464],[83.57319,20.31556],[83.57185,20.31474],[83.57113,20.31468],[83.56997,20.31554],[83.56948,20.31548],[83.56912,20.31479],[83.56919,20.31404],[83.56998,20.31307],[83.57024,20.31204],[83.57115,20.31055],[83.57098,20.31009],[83.56927,20.30962],[83.56872,20.31174],[83.56731,20.31386],[83.56802,20.31633],[83.56594,20.31839],[83.56563,20.31919]]]}},{"type":"Feature","properties":{"LCODE":"100160005000500198","LOCATION":"REGEDA","V_TYPE":"VILLAGE","BLOCK":"KHARIAR","DISTRICT":"NUAPADA"},"geometry":{"type":"Polygon","coordinates":[[[83.43278,20.30452],[83.43286,20.30566],[83.43343,20.30721],[83.4343,20.30805],[83.43354,20.31007],[83.43418,20.31169],[83.43558,20.31142],[83.43893,20.31165],[83.44335,20.30952],[83.44456,20.30944],[83.44549,20.30977],[83.44598,20.31028],[83.44644,20.31222],[83.44726,20.31359],[83.44741,20.31559],[83.44909,20.31746],[83.44965,20.31996],[83.45216,20.31839],[83.45287,20.31729],[83.45365,20.3167],[83.45444,20.31646],[83.45653,20.3174],[83.45707,20.31728],[83.45773,20.31675],[83.45815,20.31594],[83.45847,20.3133],[83.45657,20.30937],[83.45637,20.30822],[83.45744,20.30631],[83.46042,20.30265],[83.46191,20.29678],[83.46387,20.29399],[83.4644,20.29278],[83.46437,20.29106],[83.46359,20.28863],[83.46055,20.28836],[83.45781,20.28886],[83.45505,20.28776],[83.45291,20.28745],[83.45121,20.28765],[83.44901,20.28745],[83.44842,20.28832],[83.4481,20.29154],[83.4468,20.29397],[83.44636,20.29644],[83.44529,20.29795],[83.44402,20.2986],[83.44104,20.29899],[83.43805,20.29876],[83.43577,20.29815],[83.43443,20.30151],[83.43318,20.30331],[83.43278,20.30452]]]}},{"type":"Feature","properties":{"LCODE":"100160004000400121","LOCATION":"BODENSARA","V_TYPE":"VILLAGE","BLOCK":"KHARIAR","DISTRICT":"NUAPADA"},"geometry":{"type":"Polygon","coordinates":[[[83.6994,20.30942],[83.70012,20.31304],[83.70266,20.31512],[83.7035,20.31868],[83.70563,20.31857],[83.70648,20.31824],[83.70721,20.31703],[83.70779,20.31044],[83.7076,20.30911],[83.70663,20.30871],[83.70396,20.3107],[83.70219,20.31029],[83.70032,20.30879],[83.69959,20.30896],[83.6994,20.30942]]]}},{"type":"Feature","properties":{"LCODE":"100160004000400049","LOCATION":"GOPALPUR","V_TYPE":"VILLAGE","BLOCK":"KHARIAR","DISTRICT":"NUAPADA"},"geometry":{"type":"Polygon","coordinates":[[[83.51026,20.31057],[83.5144,20.31112],[83.51537,20.31199],[83.51597,20.31343],[83.51645,20.31389],[83.51936,20.31465],[83.52052,20.31529],[83.52105,20.31656],[83.52206,20.31781],[83.52329,20.31726],[83.52573,20.31733],[83.52755,20.31682],[83.52847,20.31625],[83.52895,20.31556],[83.52837,20.31343],[83.52692,20.31176],[83.52644,20.31044],[83.52261,20.31053],[83.52184,20.30898],[83.5205,20.30857],[83.51929,20.30781],[83.51855,20.30683],[83.51814,20.30717],[83.51632,20.30682],[83.51392,20.30691],[83.51225,20.30818],[83.51026,20.31057]]]}},{"type":"Feature","properties":{"LCODE":"10016000500050rf","LOCATION":"RF","V_TYPE":"FOREST","BLOCK":"KHARIAR","DISTRICT":"NUAPADA"},"geometry":{"type":"Polygon","coordinates":[[[83.49143,20.26544],[83.49241,20.26933],[83.49391,20.27166],[83.49447,20.27211],[83.49796,20.27344],[83.49995,20.27553],[83.50002,20.27645],[83.49956,20.27743],[83.49797,20.27768],[83.49683,20.27856],[83.49642,20.27966],[83.49631,20.28153],[83.49653,20.28218],[83.49801,20.28336],[83.49838,20.28417],[83.50059,20.28498],[83.50148,20.28559],[83.5022,20.28738],[83.50266,20.29129],[83.50246,20.29203],[83.50023,20.29439],[83.49883,20.29508],[83.49723,20.29473],[83.49669,20.29514],[83.49582,20.29732],[83.496,20.29808],[83.49905,20.30159],[83.49912,20.30193],[83.49847,20.30314],[83.4986,20.3036],[83.4994,20.30451],[83.50121,20.30565],[83.50187,20.30669],[83.50251,20.30957],[83.50255,20.31256],[83.50193,20.3137],[83.5006,20.31427],[83.50053,20.3149],[83.50058,20.31553],[83.50204,20.31554],[83.50259,20.31583],[83.50314,20.3152],[83.50466,20.31435],[83.5065,20.31246],[83.50748,20.31212],[83.50893,20.31207],[83.51225,20.30818],[83.51389,20.30698],[83.51381,20.30181],[83.5145,20.29842],[83.51381,20.29353],[83.51389,20.2914],[83.51493,20.28951],[83.51636,20.28578],[83.52177,20.28466],[83.52282,20.28283],[83.52289,20.28162],[83.52448,20.27945],[83.52171,20.27656],[83.52148,20.27437],[83.51925,20.27258],[83.51873,20.27258],[83.51913,20.27447],[83.51681,20.27429],[83.51364,20.27554],[83.51206,20.27553],[83.51176,20.2753],[83.51159,20.27386],[83.51228,20.27214],[83.51369,20.27014],[83.51393,20.26922],[83.51308,20.26933],[83.51143,20.27081],[83.5079,20.2716],[83.50723,20.27338],[83.50674,20.27361],[83.50595,20.27354],[83.50462,20.27262],[83.5042,20.27169],[83.50403,20.2702],[83.50435,20.26836],[83.50435,20.26802],[83.50394,20.2679],[83.50406,20.26669],[83.50443,20.26537],[83.50688,20.26211],[83.5069,20.26069],[83.50522,20.25796],[83.50437,20.25732],[83.50207,20.25754],[83.49964,20.25695],[83.49952,20.25735],[83.49818,20.2572],[83.49781,20.25749],[83.49725,20.25997],[83.49683,20.26042],[83.49953,20.26211],[83.49996,20.2627],[83.5016,20.26288],[83.50232,20.26352],[83.5022,20.26438],[83.50122,20.26461],[83.49781,20.26455],[83.49567,20.26329],[83.49549,20.26418],[83.49422,20.26466],[83.49348,20.2641],[83.49327,20.26272],[83.49302,20.26256],[83.49224,20.26314],[83.49143,20.26544]]]}},{"type":"Feature","properties":{"LCODE":"100160005000500069","LOCATION":"TELISARBAHALI","V_TYPE":"VILLAGE","BLOCK":"KHARIAR","DISTRICT":"NUAPADA"},"geometry":{"type":"Polygon","coordinates":[[[83.47554,20.31027],[83.47674,20.31215],[83.47867,20.31086],[83.48013,20.31049],[83.48049,20.3106],[83.48051,20.31157],[83.48089,20.31248],[83.48238,20.31389],[83.48428,20.31455],[83.48611,20.31453],[83.48847,20.31391],[83.48958,20.31436],[83.49014,20.31509],[83.49198,20.31575],[83.49271,20.3158],[83.49623,20.31494],[83.49911,20.3157],[83.50029,20.31565],[83.50058,20.31553],[83.5006,20.31427],[83.50193,20.3137],[83.50255,20.31256],[83.50251,20.30957],[83.50187,20.30669],[83.50121,20.30565],[83.4994,20.30451],[83.4986,20.3036],[83.49847,20.30314],[83.49912,20.30193],[83.49905,20.30159],[83.496,20.29808],[83.49568,20.29705],[83.49297,20.29543],[83.49138,20.29505],[83.49011,20.29547],[83.48915,20.29663],[83.48928,20.30036],[83.48882,20.30163],[83.48624,20.3046],[83.48474,20.306],[83.48251,20.30747],[83.4782,20.30874],[83.47694,20.30973],[83.47554,20.31027]]]}},{"type":"Feature","properties":{"LCODE":"100160004000400129","LOCATION":"KAMRENG","V_TYPE":"VILLAGE","BLOCK":"KHARIAR","DISTRICT":"NUAPADA"},"geometry":{"type":"Polygon","coordinates":[[[83.65865,20.29342],[83.66071,20.29665],[83.66143,20.29814],[83.66154,20.29901],[83.66148,20.30004],[83.6597,20.30405],[83.66011,20.30709],[83.66065,20.30784],[83.66235,20.30802],[83.66284,20.30757],[83.66261,20.30567],[83.6636,20.30223],[83.66531,20.29839],[83.66557,20.29443],[83.66576,20.29392],[83.66634,20.29375],[83.66519,20.29179],[83.66291,20.29201],[83.66189,20.29045],[83.66098,20.29022],[83.66043,20.29056],[83.65976,20.29205],[83.65865,20.29342]]]}},{"type":"Feature","properties":{"LCODE":"100160004000400070","LOCATION":"ANTARLA","V_TYPE":"VILLAGE","BLOCK":"KHARIAR","DISTRICT":"NUAPADA"},"geometry":{"type":"Polygon","coordinates":[[[83.51376,20.29238],[83.5145,20.29842],[83.51381,20.30181],[83.51392,20.30691],[83.51632,20.30682],[83.51814,20.30717],[83.51955,20.30552],[83.51992,20.3046],[83.51994,20.30345],[83.52309,20.30266],[83.52413,20.30192],[83.52554,20.29765],[83.5252,20.29704],[83.52534,20.29549],[83.52487,20.29284],[83.52385,20.29059],[83.52222,20.28967],[83.52224,20.28668],[83.52157,20.28479],[83.51636,20.28578],[83.51493,20.28951],[83.51389,20.2914],[83.51376,20.29238]]]}},{"type":"Feature","properties":{"LCODE":"100160004000400099","LOCATION":"UPAR NUAGAON","V_TYPE":"VILLAGE","BLOCK":"KHARIAR","DISTRICT":"NUAPADA"},"geometry":{"type":"Polygon","coordinates":[[[83.6428,20.29864],[83.64447,20.30029],[83.64555,20.3038],[83.64749,20.30667],[83.64796,20.30623],[83.64973,20.30618],[83.65131,20.30556],[83.65295,20.30476],[83.65366,20.30399],[83.6526,20.30298],[83.64771,20.29616],[83.6428,20.29864]]]}},{"type":"Feature","properties":{"LCODE":"100160005000500201","LOCATION":"DANDIBHANJA","V_TYPE":"VILLAGE","BLOCK":"KHARIAR","DISTRICT":"NUAPADA"},"geometry":{"type":"Polygon","coordinates":[[[83.41905,20.295],[83.4205,20.29932],[83.42113,20.3004],[83.42316,20.30169],[83.42403,20.30259],[83.42453,20.30321],[83.42486,20.30446],[83.42735,20.30437],[83.43008,20.30347],[83.43309,20.30354],[83.43443,20.30151],[83.43536,20.2988],[83.43643,20.29717],[83.43593,20.29632],[83.43433,20.29554],[83.43396,20.29503],[83.43456,20.29405],[83.43454,20.29319],[83.43237,20.29092],[83.43222,20.28965],[83.42851,20.28989],[83.42588,20.29321],[83.42491,20.29357],[83.42065,20.29392],[83.41905,20.295]]]}},{"type":"Feature","properties":{"LCODE":"100160004000400128","LOCATION":"TENTULIPADA","V_TYPE":"VILLAGE","BLOCK":"KHARIAR","DISTRICT":"NUAPADA"},"geometry":{"type":"Polygon","coordinates":[[[83.6814,20.30014],[83.68158,20.30054],[83.68231,20.30072],[83.68444,20.30056],[83.68504,20.30033],[83.68568,20.29944],[83.6853,20.29815],[83.68542,20.29712],[83.68377,20.29506],[83.68336,20.29556],[83.68275,20.29785],[83.6814,20.30014]]]}},{"type":"Feature","properties":{"LCODE":"100160004000400075","LOCATION":"SANAPITAMAL","V_TYPE":"VILLAGE","BLOCK":"KHARIAR","DISTRICT":"NUAPADA"},"geometry":{"type":"Polygon","coordinates":[[[83.52868,20.2955],[83.52885,20.2966],[83.52915,20.29677],[83.52952,20.29654],[83.52988,20.29683],[83.53036,20.29867],[83.53156,20.30046],[83.53271,20.30041],[83.53418,20.29915],[83.53437,20.29806],[83.53371,20.29547],[83.53386,20.29262],[83.53325,20.29311],[83.53185,20.29265],[83.53054,20.29],[83.52982,20.28935],[83.52949,20.29269],[83.52868,20.2955]]]}},{"type":"Feature","properties":{"LCODE":"100160004000400126","LOCATION":"SARANGPADA","V_TYPE":"VILLAGE","BLOCK":"KHARIAR","DISTRICT":"NUAPADA"},"geometry":{"type":"Polygon","coordinates":[[[83.68377,20.29506],[83.68542,20.29712],[83.6853,20.29815],[83.68568,20.29944],[83.68858,20.29863],[83.68943,20.29771],[83.6898,20.29622],[83.69072,20.29456],[83.69486,20.29131],[83.69481,20.28971],[83.6956,20.28816],[83.69591,20.28804],[83.69178,20.28655],[83.6897,20.29129],[83.68745,20.29254],[83.68635,20.29443],[83.68377,20.29506]]]}},{"type":"Feature","properties":{"LCODE":"100160005000500205","LOCATION":"KONDAREI","V_TYPE":"VILLAGE","BLOCK":"KHARIAR","DISTRICT":"NUAPADA"},"geometry":{"type":"Polygon","coordinates":[[[83.4233,20.27958],[83.42372,20.28084],[83.42429,20.28152],[83.42623,20.28149],[83.42771,20.28222],[83.42784,20.28273],[83.42701,20.28412],[83.42715,20.28498],[83.42758,20.28543],[83.43059,20.28642],[83.43157,20.28732],[83.43189,20.28789],[83.43237,20.29092],[83.43454,20.29319],[83.43456,20.29405],[83.43396,20.29503],[83.43433,20.29554],[83.43593,20.29632],[83.43643,20.29689],[83.43577,20.29815],[83.43805,20.29876],[83.44225,20.29892],[83.4448,20.29831],[83.44595,20.29714],[83.44636,20.29644],[83.4468,20.29397],[83.4481,20.29154],[83.44842,20.28832],[83.44901,20.28745],[83.4494,20.28745],[83.44809,20.28689],[83.44626,20.28669],[83.44613,20.28646],[83.44633,20.28388],[83.44501,20.28143],[83.44483,20.27828],[83.44527,20.27712],[83.44226,20.27752],[83.43361,20.27788],[83.43312,20.27771],[83.43063,20.27523],[83.42816,20.27624],[83.42485,20.27899],[83.4233,20.27958]]]}},{"type":"Feature","properties":{"LCODE":"100160004000400098","LOCATION":"PIPALPADA","V_TYPE":"VILLAGE","BLOCK":"KHARIAR","DISTRICT":"NUAPADA"},"geometry":{"type":"Polygon","coordinates":[[[83.64049,20.29493],[83.64127,20.29746],[83.64157,20.29793],[83.6428,20.29864],[83.64771,20.29616],[83.64548,20.29249],[83.64404,20.29105],[83.64317,20.29208],[83.64129,20.29304],[83.64159,20.29368],[83.64049,20.29493]]]}},{"type":"Feature","properties":{"LCODE":"100160004000400073","LOCATION":"BADAPITAMAL","V_TYPE":"VILLAGE","BLOCK":"KHARIAR","DISTRICT":"NUAPADA"},"geometry":{"type":"Polygon","coordinates":[[[83.52414,20.29108],[83.52511,20.29388],[83.52538,20.2975],[83.52605,20.29767],[83.52708,20.29688],[83.52854,20.29711],[83.52885,20.2966],[83.52874,20.29487],[83.52959,20.29176],[83.52876,20.29211],[83.52761,20.29205],[83.52664,20.29095],[83.52763,20.28918],[83.52758,20.28791],[83.52594,20.2879],[83.52538,20.2898],[83.52414,20.29108]]]}},{"type":"Feature","properties":{"LCODE":"100160005000500195","LOCATION":"JAMUNAPUR","V_TYPE":"VILLAGE","BLOCK":"KHARIAR","DISTRICT":"NUAPADA"},"geometry":{"type":"Polygon","coordinates":[[[83.47825,20.29342],[83.47845,20.29416],[83.48053,20.29704],[83.48318,20.29679],[83.4864,20.29593],[83.48942,20.29621],[83.49011,20.29547],[83.49138,20.29505],[83.49297,20.29543],[83.49582,20.29732],[83.49669,20.29514],[83.49723,20.29473],[83.49883,20.29508],[83.49967,20.29473],[83.50246,20.29203],[83.50266,20.29002],[83.5022,20.28738],[83.50139,20.28549],[83.49838,20.28417],[83.49742,20.28469],[83.49285,20.28465],[83.49023,20.28492],[83.48869,20.28402],[83.48701,20.28514],[83.48238,20.28538],[83.4824,20.28676],[83.48195,20.28894],[83.48089,20.29074],[83.47938,20.29191],[83.47825,20.29342]]]}},{"type":"Feature","properties":{"LCODE":"100160004000400081","LOCATION":"SIRIGUN","V_TYPE":"VILLAGE","BLOCK":"KHARIAR","DISTRICT":"NUAPADA"},"geometry":{"type":"Polygon","coordinates":[[[83.54732,20.29658],[83.5478,20.29681],[83.54901,20.2967],[83.55431,20.29546],[83.55655,20.29651],[83.5594,20.29652],[83.56092,20.29625],[83.56377,20.29729],[83.56425,20.29678],[83.56439,20.29517],[83.565,20.29431],[83.56507,20.29368],[83.56241,20.29131],[83.55858,20.2929],[83.55529,20.29346],[83.5545,20.29328],[83.55341,20.29207],[83.55311,20.29276],[83.55116,20.29338],[83.54927,20.29463],[83.54732,20.29658]]]}},{"type":"Feature","properties":{"LCODE":"100160005000500196","LOCATION":"BORPADAR","V_TYPE":"VILLAGE","BLOCK":"KHARIAR","DISTRICT":"NUAPADA"},"geometry":{"type":"Polygon","coordinates":[[[83.46308,20.29492],[83.46654,20.29659],[83.46758,20.29674],[83.46959,20.29666],[83.47252,20.29707],[83.4752,20.2968],[83.48053,20.29704],[83.47845,20.29416],[83.47825,20.29342],[83.47938,20.29191],[83.48089,20.29074],[83.48195,20.28894],[83.4824,20.28676],[83.48238,20.28538],[83.4797,20.28525],[83.4782,20.2835],[83.47599,20.28233],[83.47324,20.28208],[83.47135,20.28232],[83.47082,20.28298],[83.47077,20.2839],[83.46896,20.2849],[83.46777,20.28613],[83.46785,20.28785],[83.46696,20.28924],[83.4661,20.28913],[83.46394,20.28992],[83.46437,20.29106],[83.4644,20.29278],[83.46387,20.29399],[83.46308,20.29492]]]}},{"type":"Feature","properties":{"LCODE":"100160004000400079","LOCATION":"SARGIPALA","V_TYPE":"VILLAGE","BLOCK":"KHARIAR","DISTRICT":"NUAPADA"},"geometry":{"type":"Polygon","coordinates":[[[83.54274,20.29029],[83.54328,20.2915],[83.54509,20.29306],[83.54581,20.29427],[83.54598,20.29611],[83.54683,20.29663],[83.54732,20.29658],[83.54927,20.29463],[83.55116,20.29338],[83.55311,20.29276],[83.55341,20.29207],[83.55257,20.2912],[83.55173,20.2908],[83.55149,20.28993],[83.55161,20.28959],[83.55331,20.28948],[83.55545,20.288],[83.55552,20.28685],[83.55468,20.28501],[83.5547,20.283],[83.55385,20.28288],[83.5517,20.28168],[83.54971,20.2836],[83.54752,20.28497],[83.54379,20.28823],[83.54287,20.28954],[83.54274,20.29029]]]}},{"type":"Feature","properties":{"LCODE":"100160005000500202","LOCATION":"KARNIKHUNTI","V_TYPE":"VILLAGE","BLOCK":"KHARIAR","DISTRICT":"NUAPADA"},"geometry":{"type":"Polygon","coordinates":[[[83.41618,20.28382],[83.41748,20.28651],[83.41794,20.28828],[83.41905,20.295],[83.42065,20.29392],[83.42491,20.29357],[83.42588,20.29321],[83.42851,20.28989],[83.43222,20.28965],[83.43189,20.28789],[83.43127,20.28692],[83.42991,20.28614],[83.42814,20.28577],[83.42715,20.28498],[83.42706,20.28378],[83.42784,20.28273],[83.42771,20.28222],[83.42623,20.28149],[83.42429,20.28152],[83.42372,20.28084],[83.4233,20.27958],[83.42152,20.28036],[83.42059,20.28267],[83.42023,20.28291],[83.41618,20.28382]]]}},{"type":"Feature","properties":{"LCODE":"100160004000400130","LOCATION":"DAMGAON","V_TYPE":"VILLAGE","BLOCK":"KHARIAR","DISTRICT":"NUAPADA"},"geometry":{"type":"Polygon","coordinates":[[[83.66519,20.29179],[83.66634,20.29375],[83.66874,20.29365],[83.66917,20.2933],[83.66923,20.2921],[83.6699,20.29147],[83.67136,20.29079],[83.67161,20.29021],[83.67027,20.28894],[83.66875,20.28894],[83.66754,20.28979],[83.66626,20.29134],[83.66519,20.29179]]]}},{"type":"Feature","properties":{"LCODE":"100160004000400082","LOCATION":"ULIMUNDA","V_TYPE":"VILLAGE","BLOCK":"KHARIAR","DISTRICT":"NUAPADA"},"geometry":{"type":"Polygon","coordinates":[[[83.56526,20.28771],[83.56583,20.28811],[83.56666,20.29197],[83.56817,20.29301],[83.5692,20.2933],[83.57139,20.29314],[83.57382,20.29183],[83.57325,20.28649],[83.57283,20.28608],[83.56876,20.28517],[83.56754,20.28634],[83.56584,20.2865],[83.56526,20.28771]]]}},{"type":"Feature","properties":{"LCODE":"100160004000400072","LOCATION":"JHARANDUNG","V_TYPE":"VILLAGE","BLOCK":"KHARIAR","DISTRICT":"NUAPADA"},"geometry":{"type":"Polygon","coordinates":[[[83.52615,20.28325],[83.52959,20.28752],[83.52969,20.28913],[83.53054,20.29],[83.53185,20.29265],[83.53252,20.29305],[83.53368,20.29289],[83.53421,20.29216],[83.53357,20.29041],[83.53347,20.28737],[83.53305,20.28633],[83.52919,20.28355],[83.52835,20.28207],[83.52615,20.28325]]]}},{"type":"Feature","properties":{"LCODE":"100160004000400097","LOCATION":"MARDAJORI","V_TYPE":"VILLAGE","BLOCK":"KHARIAR","DISTRICT":"NUAPADA"},"geometry":{"type":"Polygon","coordinates":[[[83.63569,20.2836],[83.63586,20.28521],[83.6368,20.28777],[83.63786,20.2878],[83.63852,20.28843],[83.63978,20.29154],[83.64129,20.29304],[83.64317,20.29208],[83.64404,20.29105],[83.64276,20.28995],[83.64259,20.28949],[83.64363,20.28617],[83.64339,20.28536],[83.6423,20.28472],[83.64024,20.28454],[83.6394,20.28373],[83.63696,20.28366],[83.63581,20.28342],[83.63575,20.28314],[83.63569,20.2836]]]}},{"type":"Feature","properties":{"LCODE":"100160004000400076","LOCATION":"KUSUMEL","V_TYPE":"VILLAGE","BLOCK":"KHARIAR","DISTRICT":"NUAPADA"},"geometry":{"type":"Polygon","coordinates":[[[83.52835,20.28207],[83.52919,20.28355],[83.53305,20.28633],[83.53347,20.28737],[83.53357,20.29041],[83.53421,20.29216],[83.53508,20.29163],[83.53703,20.29129],[83.53951,20.29188],[83.5403,20.29258],[83.54283,20.2908],[83.54287,20.28954],[83.54324,20.28891],[83.545,20.28717],[83.54302,20.28535],[83.54195,20.28195],[83.54057,20.28045],[83.53904,20.28176],[83.53837,20.28153],[83.53765,20.28067],[83.53533,20.28152],[83.53339,20.28076],[83.53133,20.28069],[83.53048,20.28086],[83.52835,20.28207]]]}},{"type":"Feature","properties":{"LCODE":"100160004000400071","LOCATION":"MADANPURTUKOA","V_TYPE":"VILLAGE","BLOCK":"KHARIAR","DISTRICT":"NUAPADA"},"geometry":{"type":"Polygon","coordinates":[[[83.52157,20.28479],[83.52224,20.28668],[83.52216,20.28944],[83.5224,20.28995],[83.52367,20.29042],[83.52414,20.29108],[83.52538,20.2898],[83.52594,20.2879],[83.52746,20.28785],[83.52763,20.28918],[83.52664,20.29095],[83.52761,20.29205],[83.52876,20.29211],[83.52959,20.29176],[83.52982,20.28959],[83.52959,20.28752],[83.52652,20.28342],[83.52591,20.28313],[83.52502,20.27951],[83.52444,20.27939],[83.52289,20.28162],[83.52282,20.28283],[83.52157,20.28479]]]}},{"type":"Feature","properties":{"LCODE":"100160004000400123","LOCATION":"DEDARPADAR","V_TYPE":"VILLAGE","BLOCK":"KHARIAR","DISTRICT":"NUAPADA"},"geometry":{"type":"Polygon","coordinates":[[[83.70829,20.28811],[83.70883,20.29087],[83.71028,20.29197],[83.71095,20.29042],[83.71078,20.2895],[83.70878,20.2876],[83.7083,20.28777],[83.70829,20.28811]]]}},{"type":"Feature","properties":{"LCODE":"100160004000400194","LOCATION":"BANKEL","V_TYPE":"VILLAGE","BLOCK":"KHARIAR","DISTRICT":"NUAPADA"},"geometry":{"type":"Polygon","coordinates":[[[83.46291,20.28356],[83.46294,20.28557],[83.46394,20.28992],[83.4661,20.28913],[83.46696,20.28924],[83.46785,20.28785],[83.46777,20.28613],[83.46896,20.2849],[83.47077,20.2839],[83.47082,20.28298],[83.47135,20.28232],[83.47324,20.28208],[83.47599,20.28233],[83.4782,20.2835],[83.4797,20.28525],[83.48061,20.28541],[83.48592,20.28533],[83.48701,20.28514],[83.48869,20.28402],[83.49023,20.28492],[83.49285,20.28465],[83.49742,20.28469],[83.49838,20.28417],[83.49801,20.28336],[83.49653,20.28218],[83.49588,20.28001],[83.49304,20.27644],[83.49045,20.27591],[83.48868,20.27599],[83.48709,20.27567],[83.4858,20.27506],[83.48407,20.27365],[83.48334,20.27349],[83.48158,20.27398],[83.47907,20.27361],[83.47701,20.27416],[83.47532,20.27178],[83.47294,20.27142],[83.4717,20.27046],[83.47004,20.27318],[83.46896,20.2744],[83.4677,20.27505],[83.4672,20.2746],[83.46631,20.27249],[83.46501,20.27108],[83.46409,20.27098],[83.46385,20.27133],[83.46443,20.27315],[83.46325,20.27506],[83.46346,20.27701],[83.46297,20.27995],[83.46313,20.2808],[83.46291,20.28356]]]}},{"type":"Feature","properties":{"LCODE":"100160004000400131","LOCATION":"BATIMUNDADEDHSULI","V_TYPE":"VILLAGE","BLOCK":"KHARIAR","DISTRICT":"NUAPADA"},"geometry":{"type":"Polygon","coordinates":[[[83.67569,20.28737],[83.67598,20.28926],[83.6778,20.28933],[83.67872,20.28905],[83.6788,20.28399],[83.67941,20.28308],[83.68105,20.28194],[83.6813,20.28148],[83.6807,20.27913],[83.67979,20.27889],[83.67755,20.27934],[83.67638,20.2822],[83.67643,20.28387],[83.67691,20.28479],[83.67691,20.28548],[83.67575,20.28691],[83.67569,20.28737]]]}},{"type":"Feature","properties":{"LCODE":"100160005000500207","LOCATION":"SAPLAHARA","V_TYPE":"VILLAGE","BLOCK":"KHARIAR","DISTRICT":"NUAPADA"},"geometry":{"type":"Polygon","coordinates":[[[83.44483,20.27828],[83.44508,20.28177],[83.44633,20.28388],[83.44626,20.28669],[83.44809,20.28689],[83.4494,20.28745],[83.45121,20.28765],[83.45291,20.28745],[83.45505,20.28776],[83.45781,20.28886],[83.46055,20.28836],[83.46359,20.28863],[83.46294,20.28557],[83.46297,20.27995],[83.46339,20.27604],[83.46103,20.26999],[83.4605,20.26753],[83.46079,20.26678],[83.46217,20.26516],[83.46239,20.26429],[83.46217,20.2619],[83.46014,20.26106],[83.45663,20.26068],[83.45473,20.26189],[83.44987,20.26638],[83.44874,20.26766],[83.44621,20.27275],[83.44601,20.27568],[83.44483,20.27828]]]}},{"type":"Feature","properties":{"LCODE":"100160004000400127","LOCATION":"PITANGI","V_TYPE":"VILLAGE","BLOCK":"KHARIAR","DISTRICT":"NUAPADA"},"geometry":{"type":"Polygon","coordinates":[[[83.69178,20.28655],[83.69706,20.2884],[83.69839,20.28875],[83.69912,20.28858],[83.69828,20.28674],[83.6964,20.28679],[83.69573,20.28506],[83.69519,20.28506],[83.69446,20.28557],[83.69306,20.28533],[83.69178,20.28655]]]}},{"type":"Feature","properties":{"LCODE":"100160004000400083","LOCATION":"PENJIKUPA","V_TYPE":"VILLAGE","BLOCK":"KHARIAR","DISTRICT":"NUAPADA"},"geometry":{"type":"Polygon","coordinates":[[[83.56208,20.28643],[83.56231,20.28775],[83.56292,20.28821],[83.56526,20.28771],[83.56584,20.2865],[83.56754,20.28634],[83.56876,20.28517],[83.56768,20.28422],[83.56732,20.28341],[83.56801,20.27816],[83.56596,20.27771],[83.56423,20.27581],[83.56262,20.27804],[83.56255,20.27856],[83.56261,20.2789],[83.56346,20.27914],[83.56351,20.28144],[83.56387,20.2831],[83.56429,20.28357],[83.56416,20.285],[83.56482,20.28569],[83.56415,20.28621],[83.56232,20.28597],[83.56208,20.28643]]]}},{"type":"Feature","properties":{"LCODE":"100160004000400096","LOCATION":"SINDHIGUDA","V_TYPE":"VILLAGE","BLOCK":"KHARIAR","DISTRICT":"NUAPADA"},"geometry":{"type":"Polygon","coordinates":[[[83.6278,20.2781],[83.62818,20.27994],[83.63084,20.28346],[83.63283,20.28513],[83.63458,20.28589],[83.63628,20.28779],[83.6368,20.28777],[83.63586,20.28521],[83.6357,20.28209],[83.63273,20.28123],[83.63007,20.2784],[83.6278,20.2781]]]}},{"type":"Feature","properties":{"LCODE":"100160004000400078","LOCATION":"DUMERGUDA","V_TYPE":"VILLAGE","BLOCK":"KHARIAR","DISTRICT":"NUAPADA"},"geometry":{"type":"Polygon","coordinates":[[[83.53363,20.27443],[83.5362,20.27911],[83.53705,20.27928],[83.54004,20.27752],[83.54033,20.2789],[83.54288,20.27937],[83.54293,20.28041],[83.54185,20.28186],[83.54201,20.2827],[83.54302,20.28535],[83.545,20.28717],[83.54752,20.28497],[83.54971,20.2836],[83.55136,20.28206],[83.55247,20.28057],[83.55088,20.28097],[83.54979,20.28079],[83.54514,20.27743],[83.54205,20.27638],[83.54073,20.27488],[83.53617,20.27526],[83.53363,20.27443]]]}},{"type":"Feature","properties":{"LCODE":"100160004000400125","LOCATION":"JAMULI","V_TYPE":"VILLAGE","BLOCK":"KHARIAR","DISTRICT":"NUAPADA"},"geometry":{"type":"Polygon","coordinates":[[[83.70206,20.28205],[83.70206,20.28234],[83.70291,20.28286],[83.70649,20.28391],[83.70703,20.28495],[83.70727,20.28673],[83.70757,20.28696],[83.70866,20.28616],[83.70897,20.28559],[83.70885,20.28438],[83.70716,20.28265],[83.70668,20.28133],[83.70632,20.27903],[83.7067,20.27731],[83.70567,20.27507],[83.70439,20.27569],[83.70409,20.27621],[83.7028,20.28074],[83.70206,20.28205]]]}},{"type":"Feature","properties":{"LCODE":"100160005000500203","LOCATION":"SISAKHAL","V_TYPE":"VILLAGE","BLOCK":"KHARIAR","DISTRICT":"NUAPADA"},"geometry":{"type":"Polygon","coordinates":[[[83.40565,20.26815],[83.40639,20.27187],[83.41015,20.27451],[83.41177,20.27667],[83.41618,20.28382],[83.42023,20.28291],[83.42059,20.28267],[83.42152,20.28036],[83.4233,20.27958],[83.42219,20.27628],[83.42091,20.2763],[83.4198,20.27597],[83.41936,20.275],[83.41787,20.27353],[83.41737,20.27256],[83.41741,20.27159],[83.41777,20.27107],[83.41915,20.27054],[83.41792,20.26894],[83.41546,20.26754],[83.41544,20.26617],[83.41506,20.26544],[83.41281,20.26615],[83.40643,20.26711],[83.40565,20.26815]]]}},{"type":"Feature","properties":{"LCODE":"100160004000400132","LOCATION":"KODISARU","V_TYPE":"VILLAGE","BLOCK":"KHARIAR","DISTRICT":"NUAPADA"},"geometry":{"type":"Polygon","coordinates":[[[83.69933,20.28209],[83.69945,20.28313],[83.70011,20.28359],[83.70097,20.28222],[83.70055,20.28187],[83.69969,20.28175],[83.69933,20.28209]]]}},{"type":"Feature","properties":{"LCODE":"100160004000400188","LOCATION":"BORBHATA","V_TYPE":"VILLAGE","BLOCK":"KHARIAR","DISTRICT":"NUAPADA"},"geometry":{"type":"Polygon","coordinates":[[[83.52473,20.27939],[83.52515,20.27979],[83.52579,20.28279],[83.52615,20.28325],[83.53078,20.28074],[83.53339,20.28076],[83.53533,20.28152],[83.53765,20.28067],[83.53837,20.28153],[83.53904,20.28176],[83.54057,20.28045],[83.54185,20.28186],[83.54299,20.28012],[83.543,20.2796],[83.54252,20.27914],[83.54033,20.2789],[83.54004,20.27752],[83.53705,20.27928],[83.5362,20.27911],[83.53304,20.27351],[83.53144,20.2746],[83.52986,20.27482],[83.5284,20.27556],[83.5265,20.27762],[83.52563,20.27899],[83.52473,20.27939]]]}},{"type":"Feature","properties":{"LCODE":"100160004000400080","LOCATION":"BAGALMUNDA","V_TYPE":"VILLAGE","BLOCK":"KHARIAR","DISTRICT":"NUAPADA"},"geometry":{"type":"Polygon","coordinates":[[[83.5517,20.28168],[83.55385,20.28288],[83.55482,20.283],[83.55561,20.28266],[83.55689,20.28169],[83.55775,20.2802],[83.55897,20.27986],[83.55952,20.27906],[83.56275,20.27896],[83.56262,20.27804],[83.56423,20.27581],[83.56277,20.27425],[83.56052,20.27378],[83.55832,20.27388],[83.55547,20.27501],[83.55492,20.27541],[83.5517,20.28168]]]}},{"type":"Feature","properties":{"LCODE":"100160004000400137","LOCATION":"DAMANI","V_TYPE":"VILLAGE","BLOCK":"KHARIAR","DISTRICT":"NUAPADA"},"geometry":{"type":"Polygon","coordinates":[[[83.67359,20.2811],[83.67444,20.28214],[83.67638,20.28255],[83.67755,20.27934],[83.67712,20.27899],[83.67609,20.27887],[83.67506,20.2791],[83.6739,20.28001],[83.67359,20.2811]]]}},{"type":"Feature","properties":{"LCODE":"100160004000400095","LOCATION":"GANDPADAR","V_TYPE":"VILLAGE","BLOCK":"KHARIAR","DISTRICT":"NUAPADA"},"geometry":{"type":"Polygon","coordinates":[[[83.62722,20.27684],[83.62765,20.27724],[83.6278,20.2781],[83.63007,20.2784],[83.63273,20.28123],[83.6357,20.28209],[83.6357,20.28187],[83.63643,20.28159],[83.63825,20.28143],[83.63844,20.28103],[83.63826,20.27959],[83.63857,20.27884],[83.63815,20.27815],[83.63906,20.27741],[83.63901,20.2758],[83.63969,20.27549],[83.63731,20.27465],[83.63446,20.27503],[83.62924,20.27501],[83.62875,20.27512],[83.62722,20.27684]]]}},{"type":"Feature","properties":{"LCODE":"100160005000500193","LOCATION":"MADEKUSURLA","V_TYPE":"VILLAGE","BLOCK":"KHARIAR","DISTRICT":"NUAPADA"},"geometry":{"type":"Polygon","coordinates":[[[83.49004,20.26966],[83.4905,20.27189],[83.49332,20.27689],[83.49588,20.28001],[83.49631,20.28153],[83.49642,20.27966],[83.49701,20.27827],[83.49797,20.27768],[83.49956,20.27743],[83.49986,20.27702],[83.50002,20.27645],[83.49976,20.27513],[83.49796,20.27344],[83.49447,20.27211],[83.49391,20.27166],[83.49241,20.26933],[83.49143,20.26544],[83.49004,20.26966]]]}},{"type":"Feature","properties":{"LCODE":"100160004000400077","LOCATION":"DANGABAHAL","V_TYPE":"VILLAGE","BLOCK":"KHARIAR","DISTRICT":"NUAPADA"},"geometry":{"type":"Polygon","coordinates":[[[83.54147,20.27574],[83.54241,20.27655],[83.54514,20.27743],[83.55016,20.28096],[83.55247,20.28057],[83.55386,20.27732],[83.55238,20.2762],[83.55111,20.2747],[83.54845,20.27268],[83.54785,20.27164],[83.54758,20.2677],[83.54443,20.26662],[83.54345,20.26696],[83.5427,20.26797],[83.5427,20.26983],[83.54178,20.27167],[83.54182,20.27408],[83.54147,20.27574]]]}},{"type":"Feature","properties":{"LCODE":"100160004000400084","LOCATION":"DADENG","V_TYPE":"VILLAGE","BLOCK":"KHARIAR","DISTRICT":"NUAPADA"},"geometry":{"type":"Polygon","coordinates":[[[83.57112,20.27769],[83.57207,20.28068],[83.57286,20.28079],[83.57518,20.27971],[83.57689,20.27806],[83.57642,20.27633],[83.5766,20.27576],[83.57855,20.27416],[83.57867,20.27336],[83.57807,20.27301],[83.57661,20.27369],[83.57522,20.2738],[83.57413,20.27299],[83.57339,20.2735],[83.57183,20.27566],[83.57112,20.27769]]]}},{"type":"Feature","properties":{"LCODE":"100160004000400124","LOCATION":"BAGBILA","V_TYPE":"VILLAGE","BLOCK":"KHARIAR","DISTRICT":"NUAPADA"},"geometry":{"type":"Polygon","coordinates":[[[83.71075,20.28043],[83.71281,20.28062],[83.71439,20.27994],[83.71555,20.27753],[83.71751,20.27559],[83.71921,20.27457],[83.72056,20.27199],[83.72056,20.2709],[83.71825,20.27072],[83.71709,20.27111],[83.7163,20.27277],[83.71509,20.27368],[83.7149,20.275],[83.71447,20.2758],[83.71075,20.27997],[83.71075,20.28043]]]}},{"type":"Feature","properties":{"LCODE":"100160005000500204","LOCATION":"SILETPADA","V_TYPE":"VILLAGE","BLOCK":"KHARIAR","DISTRICT":"NUAPADA"},"geometry":{"type":"Polygon","coordinates":[[[83.4173,20.27216],[83.41787,20.27353],[83.41936,20.275],[83.4198,20.27597],[83.42091,20.2763],[83.42219,20.27628],[83.4233,20.27958],[83.42485,20.27899],[83.42816,20.27624],[83.43063,20.27523],[83.43203,20.27429],[83.4334,20.27214],[83.43367,20.2707],[83.43324,20.26996],[83.43023,20.26898],[83.4277,20.26712],[83.42599,20.26692],[83.42503,20.26751],[83.42276,20.27047],[83.42149,20.27084],[83.41915,20.27054],[83.41777,20.27107],[83.4173,20.27216]]]}},{"type":"Feature","properties":{"LCODE":"100160004000400138","LOCATION":"LADAMASKA","V_TYPE":"VILLAGE","BLOCK":"KHARIAR","DISTRICT":"NUAPADA"},"geometry":{"type":"Polygon","coordinates":[[[83.66237,20.27857],[83.66248,20.27937],[83.66273,20.27949],[83.66334,20.27943],[83.66449,20.27875],[83.66627,20.27549],[83.66585,20.2744],[83.66627,20.27394],[83.6639,20.27444],[83.66269,20.2753],[83.66248,20.27559],[83.66286,20.2761],[83.66293,20.27725],[83.66237,20.27857]]]}},{"type":"Feature","properties":{"LCODE":"100160004000400189","LOCATION":"PODELKONA","V_TYPE":"VILLAGE","BLOCK":"KHARIAR","DISTRICT":"NUAPADA"},"geometry":{"type":"Polygon","coordinates":[[[83.51859,20.27166],[83.51873,20.27258],[83.51962,20.27275],[83.52148,20.27437],[83.52171,20.27656],[83.52444,20.27939],[83.52563,20.27899],[83.5265,20.27762],[83.5284,20.27556],[83.52986,20.27482],[83.53144,20.2746],[83.53304,20.27351],[83.53165,20.27075],[83.53123,20.26885],[83.53075,20.26839],[83.5299,20.26867],[83.52947,20.26982],[83.5288,20.26993],[83.52771,20.26952],[83.5271,20.26975],[83.52576,20.27118],[83.52473,20.27094],[83.52407,20.26898],[83.52403,20.26651],[83.52361,20.26598],[83.52232,20.26725],[83.51995,20.26804],[83.51884,20.26982],[83.51859,20.27166]]]}},{"type":"Feature","properties":{"LCODE":"100160004000400183","LOCATION":"DOMKARLAKHUNTA","V_TYPE":"VILLAGE","BLOCK":"KHARIAR","DISTRICT":"NUAPADA"},"geometry":{"type":"Polygon","coordinates":[[[83.55429,20.26196],[83.555,20.26427],[83.55627,20.266],[83.55576,20.26789],[83.55617,20.27192],[83.55832,20.27388],[83.56052,20.27378],[83.56277,20.27425],[83.56518,20.27708],[83.56596,20.27771],[83.56717,20.27812],[83.57112,20.27769],[83.57183,20.27566],[83.57339,20.2735],[83.57498,20.27242],[83.57737,20.26927],[83.5803,20.26757],[83.57798,20.26795],[83.57652,20.26869],[83.57524,20.26995],[83.57469,20.27],[83.57252,20.26815],[83.57228,20.26739],[83.5715,20.26694],[83.56882,20.26704],[83.56586,20.26496],[83.56386,20.26535],[83.56174,20.26505],[83.56101,20.2639],[83.56135,20.25924],[83.5611,20.2589],[83.55856,20.25791],[83.55749,20.2571],[83.55734,20.25899],[83.55588,20.26071],[83.55429,20.26196]]]}},{"type":"Feature","properties":{"LCODE":"100160005000500206","LOCATION":"JURADUBRA","V_TYPE":"VILLAGE","BLOCK":"KHARIAR","DISTRICT":"NUAPADA"},"geometry":{"type":"Polygon","coordinates":[[[83.43063,20.27523],[83.43312,20.27771],[83.43361,20.27788],[83.44226,20.27752],[83.44527,20.27712],[83.44601,20.27568],[83.44621,20.27275],[83.44874,20.26766],[83.45473,20.26189],[83.45663,20.26068],[83.45579,20.2594],[83.45526,20.25717],[83.4553,20.25195],[83.4482,20.25355],[83.43803,20.25813],[83.43743,20.25871],[83.43697,20.25992],[83.43638,20.26492],[83.43581,20.2674],[83.43534,20.26833],[83.4332,20.26995],[83.4336,20.27025],[83.43367,20.2707],[83.4334,20.27214],[83.43203,20.27429],[83.43063,20.27523]]]}},{"type":"Feature","properties":{"LCODE":"100160004000400186","LOCATION":"PHATAMUNDA","V_TYPE":"VILLAGE","BLOCK":"KHARIAR","DISTRICT":"NUAPADA"},"geometry":{"type":"Polygon","coordinates":[[[83.54758,20.2677],[83.54785,20.27164],[83.54845,20.27268],[83.55111,20.2747],[83.55238,20.2762],[83.55383,20.2773],[83.55492,20.27541],[83.55832,20.27388],[83.55671,20.27255],[83.55598,20.27151],[83.55576,20.26789],[83.55627,20.266],[83.555,20.26427],[83.55441,20.26277],[83.55429,20.26196],[83.55458,20.26164],[83.55338,20.26138],[83.55241,20.26184],[83.55099,20.26189],[83.55063,20.26453],[83.54843,20.26682],[83.54806,20.26768],[83.54758,20.2677]]]}},{"type":"Feature","properties":{"LCODE":"100160004000400087","LOCATION":"JUGER","V_TYPE":"VILLAGE","BLOCK":"KHARIAR","DISTRICT":"NUAPADA"},"geometry":{"type":"Polygon","coordinates":[[[83.5956,20.27437],[83.59676,20.27598],[83.59821,20.27719],[83.59881,20.27731],[83.60021,20.2768],[83.60082,20.27595],[83.60107,20.27434],[83.60381,20.27217],[83.60363,20.26922],[83.59934,20.26887],[83.59705,20.26709],[83.59672,20.27121],[83.5956,20.27437]]]}},{"type":"Feature","properties":{"LCODE":"100160004000400093","LOCATION":"SAGURGAON","V_TYPE":"VILLAGE","BLOCK":"KHARIAR","DISTRICT":"NUAPADA"},"geometry":{"type":"Polygon","coordinates":[[[83.61791,20.26732],[83.61847,20.26846],[83.62004,20.26956],[83.62046,20.27054],[83.62125,20.27123],[83.62264,20.2717],[83.62445,20.27372],[83.62498,20.27579],[83.62722,20.27684],[83.6279,20.2762],[83.62748,20.27459],[83.62549,20.27223],[83.62563,20.26999],[83.62254,20.26905],[83.61974,20.2671],[83.61791,20.26732]]]}},{"type":"Feature","properties":{"LCODE":"100160004000400209","LOCATION":"SITARAMPALI","V_TYPE":"VILLAGE","BLOCK":"KHARIAR","DISTRICT":"NUAPADA"},"geometry":{"type":"Polygon","coordinates":[[[83.47163,20.26966],[83.4717,20.27046],[83.47294,20.27142],[83.47532,20.27178],[83.47701,20.27416],[83.47907,20.27361],[83.48158,20.27398],[83.48334,20.27349],[83.48407,20.27365],[83.4858,20.27506],[83.48709,20.27567],[83.48868,20.27599],[83.49045,20.27591],[83.49304,20.27644],[83.4905,20.27189],[83.49005,20.27058],[83.49047,20.26785],[83.48864,20.26647],[83.48571,20.26605],[83.48257,20.26771],[83.48086,20.26756],[83.47904,20.26845],[83.47646,20.26746],[83.47433,20.26709],[83.47257,20.26792],[83.4721,20.26838],[83.47222,20.26867],[83.47163,20.26966]]]}},{"type":"Feature","properties":{"LCODE":"100160004000400094","LOCATION":"SULESUR","V_TYPE":"VILLAGE","BLOCK":"KHARIAR","DISTRICT":"NUAPADA"},"geometry":{"type":"Polygon","coordinates":[[[83.62544,20.27022],[83.62567,20.27269],[83.62748,20.27459],[83.6279,20.2762],[83.62875,20.27512],[83.62924,20.27501],[83.63446,20.27503],[83.63731,20.27465],[83.63969,20.27549],[83.64181,20.2753],[83.64042,20.27323],[83.63945,20.2723],[83.63855,20.27069],[83.63794,20.27046],[83.63639,20.27045],[83.63508,20.27193],[83.63368,20.27216],[83.6312,20.2714],[83.62908,20.26978],[83.62805,20.26949],[83.62617,20.26965],[83.62544,20.27022]]]}},{"type":"Feature","properties":{"LCODE":"10016000400040rf","LOCATION":"RF","V_TYPE":"FOREST","BLOCK":"KHARIAR","DISTRICT":"NUAPADA"},"geometry":{"type":"Polygon","coordinates":[[[83.51995,20.25959],[83.52047,20.26333],[83.52234,20.26524],[83.52349,20.2653],[83.52403,20.26651],[83.52407,20.26898],[83.52473,20.27094],[83.52576,20.27118],[83.5271,20.26975],[83.52771,20.26952],[83.5288,20.26993],[83.52947,20.26982],[83.5299,20.26867],[83.53075,20.26839],[83.53123,20.26885],[83.53165,20.27075],[83.53368,20.2745],[83.53617,20.27526],[83.53799,20.27527],[83.54042,20.27482],[83.54147,20.27574],[83.54182,20.27408],[83.54178,20.27167],[83.54277,20.26932],[83.54272,20.26799],[83.54157,20.26615],[83.54024,20.26603],[83.54035,20.26498],[83.53777,20.264],[83.53643,20.26388],[83.53545,20.26439],[83.53386,20.26674],[83.53277,20.26731],[83.53197,20.26707],[83.53048,20.26494],[83.53152,20.26276],[83.53098,20.26178],[83.53093,20.26097],[83.53191,20.25885],[83.53163,20.25575],[83.53184,20.2523],[83.53309,20.2493],[83.53405,20.24558],[83.53297,20.24298],[83.53236,20.24315],[83.532,20.24292],[83.53073,20.24125],[83.5303,20.24119],[83.52872,20.24199],[83.52684,20.2417],[83.52593,20.24089],[83.52582,20.24031],[83.52635,20.23837],[83.5257,20.23882],[83.52345,20.2395],[83.52238,20.23901],[83.5226,20.2403],[83.52229,20.24082],[83.52045,20.24124],[83.52069,20.24449],[83.52105,20.24524],[83.52219,20.2464],[83.52335,20.24686],[83.52468,20.24715],[83.52669,20.24699],[83.52729,20.24728],[83.5285,20.24895],[83.5285,20.24955],[83.52778,20.25153],[83.52782,20.25366],[83.52721,20.25458],[83.52642,20.25486],[83.52576,20.25474],[83.52577,20.25192],[83.52535,20.25169],[83.52219,20.2534],[83.52047,20.255],[83.51995,20.25959]]]}},{"type":"Feature","properties":{"LCODE":"100160005000500190","LOCATION":"PODGUDIPADAR","V_TYPE":"VILLAGE","BLOCK":"KHARIAR","DISTRICT":"NUAPADA"},"geometry":{"type":"Polygon","coordinates":[[[83.51153,20.27444],[83.51176,20.2753],[83.51255,20.27559],[83.51364,20.27554],[83.51681,20.27429],[83.51913,20.27447],[83.5186,20.27051],[83.51995,20.26793],[83.51938,20.26735],[83.51771,20.2674],[83.51412,20.26818],[83.51373,20.26917],[83.51393,20.26956],[83.51228,20.27214],[83.51153,20.27444]]]}},{"type":"Feature","properties":{"LCODE":"100160004000400139","LOCATION":"PADELPADA","V_TYPE":"VILLAGE","BLOCK":"KHARIAR","DISTRICT":"NUAPADA"},"geometry":{"type":"Polygon","coordinates":[[[83.6619,20.27409],[83.6619,20.27466],[83.66248,20.27559],[83.6639,20.27444],[83.66627,20.27394],[83.6678,20.2723],[83.66787,20.27114],[83.66569,20.269],[83.66478,20.26905],[83.66399,20.27083],[83.66349,20.27318],[83.66209,20.27363],[83.6619,20.27409]]]}},{"type":"Feature","properties":{"LCODE":"100160005000500208","LOCATION":"KERNAPARA","V_TYPE":"VILLAGE","BLOCK":"KHARIAR","DISTRICT":"NUAPADA"},"geometry":{"type":"Polygon","coordinates":[[[83.4605,20.26753],[83.46199,20.27273],[83.46325,20.27526],[83.46443,20.27315],[83.46385,20.27133],[83.46409,20.27098],[83.46458,20.27091],[83.46631,20.27249],[83.46739,20.27489],[83.4677,20.27505],[83.46842,20.27476],[83.47004,20.27318],[83.47081,20.27162],[83.47165,20.27075],[83.47163,20.26966],[83.47227,20.2685],[83.47032,20.26807],[83.47048,20.26686],[83.47199,20.26609],[83.47375,20.26578],[83.47399,20.26549],[83.47352,20.26257],[83.47427,20.26049],[83.47395,20.25964],[83.47315,20.25873],[83.47105,20.25744],[83.46935,20.25747],[83.46868,20.25783],[83.46785,20.2587],[83.46709,20.26049],[83.46654,20.26084],[83.46339,20.26187],[83.46217,20.2619],[83.46239,20.26429],[83.46217,20.26516],[83.46079,20.26678],[83.4605,20.26753]]]}},{"type":"Feature","properties":{"LCODE":"100160004000400086","LOCATION":"PIPALPADA","V_TYPE":"VILLAGE","BLOCK":"KHARIAR","DISTRICT":"NUAPADA"},"geometry":{"type":"Polygon","coordinates":[[[83.5895,20.27031],[83.58955,20.27175],[83.59239,20.27464],[83.59306,20.27493],[83.5956,20.27437],[83.59672,20.27121],[83.59699,20.26691],[83.59988,20.26146],[83.60006,20.26042],[83.59435,20.25955],[83.59335,20.2662],[83.5925,20.26734],[83.59,20.26808],[83.5895,20.27031]]]}},{"type":"Feature","properties":{"LCODE":"100160004000400143","LOCATION":"KALADEI","V_TYPE":"VILLAGE","BLOCK":"KHARIAR","DISTRICT":"NUAPADA"},"geometry":{"type":"Polygon","coordinates":[[[83.70526,20.27053],[83.70532,20.27174],[83.70628,20.27352],[83.70659,20.27364],[83.70719,20.27341],[83.70902,20.27147],[83.70872,20.26998],[83.70691,20.26836],[83.70612,20.2687],[83.70526,20.27053]]]}},{"type":"Feature","properties":{"LCODE":"100160004000400088","LOCATION":"BANJAMUNDA","V_TYPE":"VILLAGE","BLOCK":"KHARIAR","DISTRICT":"NUAPADA"},"geometry":{"type":"Polygon","coordinates":[[[83.60358,20.27027],[83.60381,20.27217],[83.60467,20.27212],[83.60764,20.27357],[83.60928,20.27358],[83.61055,20.27278],[83.6133,20.26964],[83.6144,20.26924],[83.61591,20.26936],[83.61616,20.26913],[83.61604,20.26793],[83.61635,20.26701],[83.61726,20.2669],[83.61791,20.26732],[83.61974,20.2671],[83.61897,20.26685],[83.61782,20.26524],[83.61625,20.26391],[83.61473,20.26384],[83.61394,20.26447],[83.61308,20.26659],[83.61034,20.26721],[83.60863,20.268],[83.60518,20.26804],[83.60363,20.26922],[83.60358,20.27027]]]}},{"type":"Feature","properties":{"LCODE":"100160005000500191","LOCATION":"BATUKUPA","V_TYPE":"VILLAGE","BLOCK":"KHARIAR","DISTRICT":"NUAPADA"},"geometry":{"type":"Polygon","coordinates":[[[83.50394,20.2679],[83.50435,20.26802],[83.50403,20.2702],[83.50432,20.2721],[83.5051,20.27314],[83.50674,20.27361],[83.50723,20.27338],[83.5079,20.2716],[83.51143,20.27081],[83.51308,20.26933],[83.51373,20.26917],[83.51412,20.26818],[83.51488,20.26795],[83.51493,20.26623],[83.51463,20.26525],[83.51304,20.26313],[83.51252,20.2634],[83.51215,20.26329],[83.51089,20.26236],[83.50938,20.26195],[83.50883,20.26103],[83.5069,20.26069],[83.50688,20.26211],[83.50443,20.26537],[83.50394,20.2679]]]}},{"type":"Feature","properties":{"LCODE":"100160004000400085","LOCATION":"ARASKUPA","V_TYPE":"VILLAGE","BLOCK":"KHARIAR","DISTRICT":"NUAPADA"},"geometry":{"type":"Polygon","coordinates":[[[83.58144,20.2669],[83.58308,20.26896],[83.58574,20.27075],[83.58591,20.27173],[83.58633,20.27231],[83.58706,20.27237],[83.58955,20.27175],[83.58963,20.26916],[83.59,20.26808],[83.5925,20.26734],[83.59335,20.2662],[83.59435,20.25955],[83.58732,20.25961],[83.58646,20.26271],[83.58144,20.2669]]]}},{"type":"Feature","properties":{"LCODE":"100160004000400092","LOCATION":"MANIKERA","V_TYPE":"VILLAGE","BLOCK":"KHARIAR","DISTRICT":"NUAPADA"},"geometry":{"type":"Polygon","coordinates":[[[83.61957,20.26703],[83.62254,20.26905],[83.62357,20.26946],[83.62563,20.26999],[83.62617,20.26965],[83.62805,20.26949],[83.62908,20.26978],[83.6312,20.2714],[83.63368,20.27216],[83.63508,20.27193],[83.63639,20.27045],[83.63497,20.27027],[83.63358,20.26837],[83.63122,20.26767],[83.62965,20.26582],[83.62788,20.2644],[83.62663,20.26442],[83.62529,20.26401],[83.62336,20.26251],[83.62131,20.26037],[83.61959,20.26312],[83.62012,20.26559],[83.61957,20.26703]]]}},{"type":"Feature","properties":{"LCODE":"100160005000500242","LOCATION":"KUSURLA","V_TYPE":"VILLAGE","BLOCK":"KHARIAR","DISTRICT":"NUAPADA"},"geometry":{"type":"Polygon","coordinates":[[[83.41506,20.26544],[83.41544,20.26617],[83.41546,20.26754],[83.41792,20.26894],[83.41915,20.27054],[83.42149,20.27084],[83.42276,20.27047],[83.42503,20.26751],[83.42599,20.26692],[83.4277,20.26712],[83.43023,20.26898],[83.4332,20.26995],[83.43534,20.26833],[83.43581,20.2674],[83.43638,20.26492],[83.43697,20.25992],[83.43743,20.25871],[83.43803,20.25813],[83.4482,20.25355],[83.45524,20.25201],[83.45498,20.24982],[83.45416,20.24882],[83.45088,20.24889],[83.44716,20.24768],[83.44454,20.24766],[83.44164,20.24568],[83.43826,20.24517],[83.43695,20.24422],[83.43414,20.24115],[83.43333,20.23992],[83.43338,20.23939],[83.4314,20.23929],[83.43056,20.24115],[83.42765,20.24249],[83.42474,20.24579],[83.42314,20.24626],[83.42097,20.24573],[83.41993,20.24616],[83.41953,20.24712],[83.41962,20.24804],[83.42064,20.25002],[83.42138,20.24989],[83.422,20.25051],[83.42238,20.25125],[83.42222,20.2528],[83.42175,20.25407],[83.4197,20.25543],[83.41887,20.25659],[83.4182,20.25998],[83.41888,20.26118],[83.41896,20.26187],[83.41506,20.26544]]]}},{"type":"Feature","properties":{"LCODE":"100160004000400210","LOCATION":"BAMAK","V_TYPE":"VILLAGE","BLOCK":"KHARIAR","DISTRICT":"NUAPADA"},"geometry":{"type":"Polygon","coordinates":[[[83.47025,20.26773],[83.47063,20.26824],[83.4721,20.26838],[83.4736,20.26727],[83.47433,20.26709],[83.47646,20.26746],[83.47904,20.26845],[83.48086,20.26756],[83.48257,20.26771],[83.48504,20.26624],[83.48643,20.26599],[83.48864,20.26647],[83.49047,20.26785],[83.4915,20.26529],[83.49162,20.26281],[83.49244,20.26044],[83.49276,20.25803],[83.4923,20.25586],[83.48984,20.25111],[83.48974,20.25217],[83.48926,20.25257],[83.48855,20.25052],[83.48618,20.25039],[83.48606,20.25102],[83.48688,20.25244],[83.48605,20.2536],[83.48186,20.25498],[83.48112,20.25482],[83.48013,20.25352],[83.47794,20.25395],[83.47334,20.25348],[83.47295,20.25426],[83.47321,20.25517],[83.47312,20.25871],[83.47395,20.25964],[83.47427,20.26049],[83.47352,20.26257],[83.47399,20.26549],[83.47375,20.26578],[83.47084,20.26657],[83.47048,20.26686],[83.47025,20.26773]]]}},{"type":"Feature","properties":{"LCODE":"100160004000400212","LOCATION":"MANIKADKHOLA","V_TYPE":"VILLAGE","BLOCK":"KHARIAR","DISTRICT":"NUAPADA"},"geometry":{"type":"Polygon","coordinates":[[[83.50735,20.25694],[83.50788,20.25901],[83.5078,20.26091],[83.50883,20.26103],[83.50938,20.26195],[83.51089,20.26236],[83.51252,20.2634],[83.51374,20.26232],[83.51472,20.26054],[83.5154,20.26055],[83.51677,20.26383],[83.51779,20.26452],[83.51882,20.26459],[83.51973,20.26511],[83.51997,20.2658],[83.51929,20.26718],[83.51995,20.26804],[83.52232,20.26725],[83.52348,20.26628],[83.52349,20.2653],[83.52234,20.26524],[83.52047,20.26333],[83.52023,20.26264],[83.51996,20.25867],[83.52041,20.25511],[83.51938,20.25493],[83.51757,20.25395],[83.51552,20.25233],[83.51418,20.2522],[83.51339,20.25289],[83.51157,20.25277],[83.51066,20.25334],[83.50748,20.25326],[83.50798,20.25418],[83.50815,20.25585],[83.50735,20.25694]]]}},{"type":"Feature","properties":{"LCODE":"100160004000400185","LOCATION":"PAJIBAHAL","V_TYPE":"VILLAGE","BLOCK":"KHARIAR","DISTRICT":"NUAPADA"},"geometry":{"type":"Polygon","coordinates":[[[83.54012,20.26574],[83.54024,20.26603],[83.54157,20.26615],[83.5427,20.26797],[83.54345,20.26696],[83.54443,20.26662],[83.54806,20.26768],[83.54843,20.26682],[83.55063,20.26453],[83.55101,20.26252],[83.55099,20.26189],[83.54914,20.26027],[83.54738,20.26043],[83.54678,20.26014],[83.54594,20.25818],[83.54413,20.25679],[83.54414,20.25501],[83.5436,20.25409],[83.54404,20.25294],[83.54391,20.2526],[83.54149,20.25195],[83.54052,20.25241],[83.54033,20.2531],[83.54195,20.25563],[83.54219,20.25661],[83.5412,20.25867],[83.54148,20.26195],[83.54135,20.26373],[83.54056,20.26413],[83.54012,20.26574]]]}},{"type":"Feature","properties":{"LCODE":"10016000500050rf","LOCATION":"RF","V_TYPE":"FOREST","BLOCK":"KHARIAR","DISTRICT":"NUAPADA"},"geometry":{"type":"Polygon","coordinates":[[[83.51304,20.26313],[83.51463,20.26525],[83.51493,20.26623],[83.51488,20.26795],[83.51711,20.26745],[83.51938,20.26735],[83.51936,20.26672],[83.51997,20.26551],[83.51937,20.26482],[83.51779,20.26452],[83.51677,20.26383],[83.5154,20.26055],[83.51472,20.26054],[83.51304,20.26313]]]}},{"type":"Feature","properties":{"LCODE":"100160004000400184","LOCATION":"KANDEGAON","V_TYPE":"VILLAGE","BLOCK":"KHARIAR","DISTRICT":"NUAPADA"},"geometry":{"type":"Polygon","coordinates":[[[83.55749,20.2571],[83.55856,20.25791],[83.5611,20.2589],[83.56135,20.25924],[83.56101,20.2639],[83.56174,20.26505],[83.56386,20.26535],[83.56586,20.26496],[83.56882,20.26704],[83.57095,20.26682],[83.57228,20.26739],[83.57272,20.26465],[83.57188,20.26361],[83.5714,20.26234],[83.57179,20.25844],[83.57265,20.25695],[83.57272,20.25563],[83.57225,20.25274],[83.5697,20.25303],[83.56807,20.25244],[83.566,20.25266],[83.5654,20.25249],[83.56528,20.25197],[83.56605,20.24873],[83.56532,20.24706],[83.56594,20.24563],[83.56522,20.24471],[83.56596,20.24333],[83.56572,20.24235],[83.56699,20.24161],[83.56706,20.24092],[83.56658,20.24028],[83.56433,20.24068],[83.56445,20.24223],[83.5631,20.24407],[83.56187,20.24642],[83.55956,20.25343],[83.55749,20.2571]]]}},{"type":"Feature","properties":{"LCODE":"100160004000400187","LOCATION":"BELGOVA","V_TYPE":"VILLAGE","BLOCK":"KHARIAR","DISTRICT":"NUAPADA"},"geometry":{"type":"Polygon","coordinates":[[[83.53048,20.26494],[83.53197,20.26707],[83.53277,20.26731],[83.53423,20.2664],[83.53582,20.26405],[83.53777,20.264],[83.54035,20.26498],[83.54056,20.26413],[83.54135,20.26373],[83.54148,20.26195],[83.5412,20.25867],[83.54141,20.25823],[83.54048,20.25712],[83.53965,20.2551],[83.53899,20.25452],[83.53882,20.25257],[83.53773,20.25262],[83.53602,20.25399],[83.53323,20.25398],[83.53185,20.25277],[83.53163,20.25575],[83.53191,20.25885],[83.53093,20.26097],[83.53098,20.26178],[83.53152,20.26276],[83.53048,20.26494]]]}},{"type":"Feature","properties":{"LCODE":"100160004000400211","LOCATION":"KADAL","V_TYPE":"VILLAGE","BLOCK":"KHARIAR","DISTRICT":"NUAPADA"},"geometry":{"type":"Polygon","coordinates":[[[83.48982,20.25109],[83.4923,20.25586],[83.49276,20.25803],[83.49244,20.26044],[83.49162,20.26281],[83.4915,20.26529],[83.49266,20.26262],[83.49327,20.26272],[83.49348,20.2641],[83.49379,20.2645],[83.49483,20.26459],[83.49549,20.26418],[83.49573,20.26372],[83.49527,20.26223],[83.49538,20.26126],[83.49725,20.25997],[83.49781,20.25749],[83.49818,20.2572],[83.49952,20.25735],[83.49964,20.25695],[83.50207,20.25754],[83.50437,20.25732],[83.50522,20.25796],[83.50671,20.26056],[83.50784,20.26096],[83.50788,20.25901],[83.50735,20.25694],[83.50809,20.2562],[83.50816,20.25516],[83.50709,20.25159],[83.50558,20.25112],[83.5048,20.24996],[83.50201,20.2484],[83.5017,20.24795],[83.5005,20.24784],[83.4995,20.24716],[83.49841,20.24691],[83.49747,20.24603],[83.49713,20.24527],[83.49585,20.24495],[83.4956,20.24387],[83.49467,20.24451],[83.49216,20.24447],[83.49221,20.24529],[83.49387,20.24643],[83.49315,20.24778],[83.49359,20.24917],[83.49273,20.24932],[83.491,20.24841],[83.48982,20.25109]]]}},{"type":"Feature","properties":{"LCODE":"100160005000500192","LOCATION":"RATUDPADAR","V_TYPE":"VILLAGE","BLOCK":"KHARIAR","DISTRICT":"NUAPADA"},"geometry":{"type":"Polygon","coordinates":[[[83.4952,20.26172],[83.49567,20.26329],[83.49726,20.26438],[83.50122,20.26461],[83.50238,20.26415],[83.50232,20.26352],[83.5016,20.26288],[83.49996,20.2627],[83.49953,20.26211],[83.49683,20.26042],[83.49538,20.26126],[83.4952,20.26172]]]}},{"type":"Feature","properties":{"LCODE":"100160004000400089","LOCATION":"DENGENMAL","V_TYPE":"VILLAGE","BLOCK":"KHARIAR","DISTRICT":"NUAPADA"},"geometry":{"type":"Polygon","coordinates":[[[83.62131,20.26037],[83.62336,20.26251],[83.62529,20.26401],[83.62663,20.26442],[83.62788,20.2644],[83.62701,20.2592],[83.62592,20.25908],[83.62501,20.25982],[83.62447,20.25987],[83.62416,20.2597],[83.6236,20.258],[83.62276,20.25952],[83.62131,20.26037]]]}},{"type":"Feature","properties":{"LCODE":"100160004000400133","LOCATION":"PAJIBAPAN","V_TYPE":"VILLAGE","BLOCK":"KHARIAR","DISTRICT":"NUAPADA"},"geometry":{"type":"Polygon","coordinates":[[[83.70991,20.26143],[83.71003,20.26177],[83.71172,20.26293],[83.71543,20.26117],[83.71568,20.25991],[83.7149,20.25933],[83.7132,20.2599],[83.71071,20.25954],[83.70991,20.26143]]]}},{"type":"Feature","properties":{"LCODE":"100160004000400241","LOCATION":"TURCHI","V_TYPE":"VILLAGE","BLOCK":"KHARIAR","DISTRICT":"NUAPADA"},"geometry":{"type":"Polygon","coordinates":[[[83.4548,20.24949],[83.45528,20.25103],[83.45526,20.25717],[83.45579,20.2594],[83.45648,20.2606],[83.45697,20.26088],[83.46014,20.26106],[83.46278,20.26199],[83.46709,20.26049],[83.4682,20.25818],[83.46935,20.25747],[83.47105,20.25744],[83.47312,20.25871],[83.47321,20.25517],[83.47295,20.25426],[83.47336,20.25299],[83.47221,20.25037],[83.47179,20.25022],[83.47146,20.2478],[83.47219,20.24083],[83.4716,20.24024],[83.4707,20.23728],[83.47002,20.23709],[83.4696,20.23662],[83.46996,20.23526],[83.47104,20.23392],[83.47108,20.23294],[83.47036,20.23269],[83.46889,20.233],[83.46937,20.23306],[83.46922,20.23386],[83.46662,20.23848],[83.46577,20.23857],[83.46554,20.23833],[83.46494,20.23619],[83.46434,20.23612],[83.46408,20.23651],[83.46434,20.23784],[83.46649,20.2422],[83.46677,20.24479],[83.46619,20.24575],[83.45793,20.24882],[83.4548,20.24949]]]}},{"type":"Feature","properties":{"LCODE":"100160004000400090","LOCATION":"TENTULIGUDA","V_TYPE":"VILLAGE","BLOCK":"KHARIAR","DISTRICT":"NUAPADA"},"geometry":{"type":"Polygon","coordinates":[[[83.61496,20.25605],[83.61591,20.25862],[83.61719,20.25886],[83.61755,20.25926],[83.61745,20.25965],[83.62049,20.26168],[83.62131,20.26037],[83.61944,20.2572],[83.61884,20.25554],[83.61872,20.25594],[83.61787,20.25633],[83.61496,20.25605]]]}},{"type":"Feature","properties":{"LCODE":"100160004000400182","LOCATION":"DUTAMUNDA","V_TYPE":"VILLAGE","BLOCK":"KHARIAR","DISTRICT":"NUAPADA"},"geometry":{"type":"Polygon","coordinates":[[[83.58732,20.25961],[83.59424,20.25954],[83.60006,20.26042],[83.59941,20.25796],[83.59814,20.25732],[83.5976,20.25599],[83.59663,20.25518],[83.59657,20.25484],[83.59799,20.25157],[83.59812,20.25048],[83.59848,20.25034],[83.59873,20.24816],[83.59959,20.24678],[83.60075,20.24598],[83.60094,20.24552],[83.6007,20.24385],[83.59931,20.24264],[83.59798,20.24235],[83.5953,20.24326],[83.5942,20.24429],[83.5931,20.24463],[83.59206,20.24566],[83.59042,20.24617],[83.58914,20.24738],[83.5884,20.24937],[83.58776,20.2572],[83.58732,20.25961]]]}},{"type":"Feature","properties":{"LCODE":"100160004000400091","LOCATION":"BADPIDEL","V_TYPE":"VILLAGE","BLOCK":"KHARIAR","DISTRICT":"NUAPADA"},"geometry":{"type":"Polygon","coordinates":[[[83.61873,20.25376],[83.61884,20.25554],[83.61944,20.2572],[83.62131,20.26037],[83.62276,20.25952],[83.6236,20.258],[83.62315,20.25631],[83.62321,20.25504],[83.62468,20.25396],[83.6259,20.25236],[83.62546,20.24917],[83.62561,20.24735],[83.62535,20.24704],[83.62462,20.24698],[83.62346,20.24876],[83.62008,20.25078],[83.61874,20.25301],[83.61873,20.25376]]]}},{"type":"Feature","properties":{"LCODE":"100160004000400140","LOCATION":"ROBEN","V_TYPE":"VILLAGE","BLOCK":"KHARIAR","DISTRICT":"NUAPADA"},"geometry":{"type":"Polygon","coordinates":[[[83.6675,20.2585],[83.66762,20.25885],[83.66889,20.25914],[83.67541,20.2582],[83.67674,20.25517],[83.67596,20.25252],[83.67503,20.25085],[83.67269,20.25158],[83.67002,20.2518],[83.66923,20.25225],[83.66756,20.25724],[83.6675,20.2585]]]}},{"type":"Feature","properties":{"LCODE":"100160004000400215","LOCATION":"RAMVD","V_TYPE":"VILLAGE","BLOCK":"KHARIAR","DISTRICT":"NUAPADA"},"geometry":{"type":"Polygon","coordinates":[[[83.52998,20.2351],[83.53148,20.23758],[83.53201,20.23999],[83.53405,20.24558],[83.53185,20.25277],[83.53323,20.25398],[83.53602,20.25399],[83.53773,20.25262],[83.53882,20.25257],[83.53899,20.25452],[83.53965,20.2551],[83.54048,20.25712],[83.54141,20.25823],[83.54219,20.25627],[83.54033,20.2531],[83.54052,20.25241],[83.54125,20.25195],[83.54373,20.25242],[83.54383,20.25064],[83.5426,20.24733],[83.54109,20.24554],[83.54068,20.24393],[83.53923,20.24214],[83.53834,20.23944],[83.53931,20.23795],[83.53993,20.23634],[83.54037,20.23318],[83.53941,20.23243],[83.53631,20.23173],[83.53492,20.23075],[83.53358,20.23028],[83.53291,20.23057],[83.53249,20.23114],[83.53217,20.23286],[83.5315,20.23355],[83.53077,20.23384],[83.53016,20.23374],[83.52998,20.2351]]]}},{"type":"Feature","properties":{"LCODE":"100160004000400136","LOCATION":"TRASUPADAR","V_TYPE":"VILLAGE","BLOCK":"KHARIAR","DISTRICT":"NUAPADA"},"geometry":{"type":"Polygon","coordinates":[[[83.67503,20.25085],[83.67596,20.25252],[83.67674,20.25517],[83.67541,20.2582],[83.67722,20.25718],[83.67965,20.2565],[83.68589,20.25667],[83.68554,20.25567],[83.68568,20.2534],[83.68439,20.25377],[83.6816,20.25387],[83.67924,20.25357],[83.67651,20.25132],[83.67503,20.25085]]]}},{"type":"Feature","properties":{"LCODE":"100160004000400135","LOCATION":"BUNDELPADAR","V_TYPE":"VILLAGE","BLOCK":"KHARIAR","DISTRICT":"NUAPADA"},"geometry":{"type":"Polygon","coordinates":[[[83.70538,20.25578],[83.70544,20.25612],[83.70592,20.25636],[83.70732,20.25596],[83.70872,20.25626],[83.7095,20.25609],[83.70956,20.25575],[83.70842,20.25396],[83.70831,20.25327],[83.70873,20.2519],[83.71057,20.2511],[83.71001,20.25024],[83.71027,20.24958],[83.70966,20.2494],[83.70868,20.24989],[83.70625,20.24987],[83.70589,20.25022],[83.70557,20.25165],[83.70612,20.25326],[83.70612,20.25423],[83.70538,20.25578]]]}},{"type":"Feature","properties":{"LCODE":"100160004000400181","LOCATION":"PAJIKERI","V_TYPE":"VILLAGE","BLOCK":"KHARIAR","DISTRICT":"NUAPADA"},"geometry":{"type":"Polygon","coordinates":[[[83.61092,20.25096],[83.61151,20.25274],[83.61333,20.25418],[83.61496,20.25605],[83.61702,20.25633],[83.61835,20.25617],[83.61884,20.25565],[83.61874,20.25301],[83.61947,20.25146],[83.62069,20.25026],[83.62346,20.24876],[83.62462,20.24698],[83.62517,20.24693],[83.62561,20.24735],[83.62717,20.24664],[83.62779,20.24527],[83.62773,20.24435],[83.62671,20.24319],[83.62469,20.24411],[83.62384,20.24479],[83.62099,20.24484],[83.61855,20.24598],[83.61594,20.24557],[83.61308,20.24694],[83.61168,20.24688],[83.61117,20.24717],[83.61137,20.2486],[83.61092,20.25096]]]}},{"type":"Feature","properties":{"LCODE":"100160004000400213","LOCATION":"KUTIGUDAM","V_TYPE":"VILLAGE","BLOCK":"KHARIAR","DISTRICT":"NUAPADA"},"geometry":{"type":"Polygon","coordinates":[[[83.50141,20.24753],[83.50201,20.2484],[83.5048,20.24996],[83.50558,20.25112],[83.50709,20.25159],[83.50748,20.25326],[83.51066,20.25334],[83.51157,20.25277],[83.51339,20.25289],[83.51418,20.2522],[83.51473,20.25215],[83.51552,20.25233],[83.51757,20.25395],[83.52005,20.25511],[83.5209,20.25477],[83.52219,20.2534],[83.52365,20.25243],[83.52535,20.25169],[83.52577,20.25192],[83.52576,20.25474],[83.52642,20.25486],[83.52721,20.25458],[83.52782,20.25366],[83.52778,20.25153],[83.5285,20.24955],[83.5285,20.24895],[83.52729,20.24728],[83.52669,20.24699],[83.52468,20.24715],[83.52335,20.24686],[83.52219,20.2464],[83.52105,20.24524],[83.52069,20.24449],[83.52052,20.24127],[83.52016,20.2411],[83.51814,20.2427],[83.51626,20.24286],[83.51601,20.24482],[83.51534,20.24591],[83.51442,20.24614],[83.50732,20.24594],[83.50385,20.24547],[83.50233,20.24575],[83.50154,20.24644],[83.50141,20.24753]]]}},{"type":"Feature","properties":{"LCODE":"100160004000400238","LOCATION":"KENDUBANDHI","V_TYPE":"VILLAGE","BLOCK":"KHARIAR","DISTRICT":"NUAPADA"},"geometry":{"type":"Polygon","coordinates":[[[83.48027,20.25356],[83.48112,20.25482],[83.48156,20.25499],[83.48502,20.25407],[83.48605,20.2536],[83.48688,20.25244],[83.48606,20.25102],[83.48618,20.25039],[83.48855,20.25052],[83.48907,20.25223],[83.48944,20.25257],[83.48999,20.25057],[83.491,20.24841],[83.49273,20.24932],[83.49359,20.24917],[83.49315,20.24778],[83.49387,20.24643],[83.49221,20.24529],[83.49215,20.24345],[83.49254,20.24278],[83.49204,20.24133],[83.49205,20.23944],[83.49102,20.23941],[83.48995,20.2404],[83.48816,20.24127],[83.48644,20.24156],[83.48385,20.24119],[83.48322,20.24157],[83.48194,20.24407],[83.48369,20.24566],[83.48402,20.24653],[83.48027,20.25356]]]}},{"type":"Feature","properties":{"LCODE":"100160004000400240","LOCATION":"SAIDALANGA","V_TYPE":"VILLAGE","BLOCK":"KHARIAR","DISTRICT":"NUAPADA"},"geometry":{"type":"Polygon","coordinates":[[[83.4707,20.23728],[83.4716,20.24024],[83.47219,20.24083],[83.47224,20.24129],[83.47152,20.24614],[83.47158,20.24958],[83.47266,20.25128],[83.47334,20.25348],[83.47794,20.25395],[83.48027,20.25356],[83.48234,20.24946],[83.48343,20.24788],[83.48403,20.24613],[83.4821,20.24406],[83.48071,20.24408],[83.47982,20.24342],[83.47919,20.24237],[83.47842,20.23993],[83.47538,20.23491],[83.47479,20.23455],[83.474,20.23624],[83.47275,20.23712],[83.4707,20.23728]]]}},{"type":"Feature","properties":{"LCODE":"100160004000400134","LOCATION":"PARSELPADA","V_TYPE":"VILLAGE","BLOCK":"KHARIAR","DISTRICT":"NUAPADA"},"geometry":{"type":"Polygon","coordinates":[[[83.71001,20.25024],[83.71057,20.2511],[83.71128,20.25093],[83.71402,20.24997],[83.71478,20.249],[83.71439,20.24826],[83.71307,20.24769],[83.71118,20.2486],[83.71033,20.24946],[83.71001,20.25024]]]}},{"type":"Feature","properties":{"LCODE":"10016000400040rf","LOCATION":"RF","V_TYPE":"FOREST","BLOCK":"KHARIAR","DISTRICT":"NUAPADA"},"geometry":{"type":"Polygon","coordinates":[[[83.4533,20.227],[83.4537,20.22759],[83.45338,20.22838],[83.45552,20.22776],[83.45679,20.22791],[83.45786,20.22858],[83.45943,20.23069],[83.4594,20.23172],[83.45836,20.23507],[83.45844,20.23622],[83.45934,20.23831],[83.45941,20.23981],[83.45722,20.24662],[83.45462,20.24922],[83.4548,20.24949],[83.45725,20.24903],[83.46619,20.24575],[83.46677,20.24479],[83.46649,20.2422],[83.46434,20.23784],[83.46408,20.23651],[83.46434,20.23612],[83.46494,20.23619],[83.46554,20.23833],[83.46577,20.23857],[83.46662,20.23848],[83.46922,20.23386],[83.46937,20.23306],[83.46591,20.23284],[83.46473,20.23206],[83.4647,20.23114],[83.46608,20.2282],[83.46774,20.22602],[83.46842,20.22558],[83.47019,20.22535],[83.47027,20.22501],[83.46958,20.22384],[83.46999,20.22253],[83.47056,20.22198],[83.47169,20.2227],[83.47254,20.2225],[83.4728,20.22199],[83.47275,20.22021],[83.47326,20.21942],[83.47391,20.21916],[83.47247,20.21757],[83.47186,20.21617],[83.47162,20.21421],[83.47211,20.21188],[83.47117,20.21156],[83.46983,20.21169],[83.46725,20.21396],[83.46686,20.21493],[83.46689,20.21567],[83.46846,20.21939],[83.46869,20.22146],[83.46816,20.22271],[83.46031,20.22642],[83.45898,20.22643],[83.45815,20.22589],[83.45685,20.22642],[83.45387,20.22645],[83.45344,20.2266],[83.4533,20.227]]]}},{"type":"Feature","properties":{"LCODE":"100160004000400243","LOCATION":"MASKADANGIMASKADANDI","V_TYPE":"VILLAGE","BLOCK":"KHARIAR","DISTRICT":"NUAPADA"},"geometry":{"type":"Polygon","coordinates":[[[83.43333,20.23992],[83.43578,20.24298],[83.43826,20.24517],[83.44164,20.24568],[83.44454,20.24766],[83.44716,20.24768],[83.45088,20.24889],[83.45416,20.24882],[83.45462,20.24922],[83.45722,20.24662],[83.45941,20.23981],[83.45934,20.23831],[83.45844,20.23622],[83.45836,20.23507],[83.4594,20.23172],[83.45943,20.23069],[83.45786,20.22858],[83.45679,20.22791],[83.45552,20.22776],[83.45392,20.2284],[83.45161,20.22861],[83.44922,20.23077],[83.44605,20.23268],[83.44086,20.2351],[83.43891,20.23521],[83.43614,20.23628],[83.43349,20.23883],[83.43333,20.23992]]]}},{"type":"Feature","properties":{"LCODE":"100160004000400144","LOCATION":"GOSKAPADA","V_TYPE":"VILLAGE","BLOCK":"KHARIAR","DISTRICT":"NUAPADA"},"geometry":{"type":"Polygon","coordinates":[[[83.71439,20.24826],[83.71483,20.24902],[83.7158,20.24902],[83.71653,20.24868],[83.71883,20.24549],[83.71691,20.24552],[83.71575,20.24592],[83.71459,20.24729],[83.71439,20.24826]]]}},{"type":"Feature","properties":{"LCODE":"100160004000400236","LOCATION":"NUNPUR","V_TYPE":"VILLAGE","BLOCK":"KHARIAR","DISTRICT":"NUAPADA"},"geometry":{"type":"Polygon","coordinates":[[[83.4956,20.24387],[83.49598,20.24508],[83.49713,20.24527],[83.49747,20.24603],[83.49841,20.24691],[83.4995,20.24716],[83.5008,20.2479],[83.5017,20.24795],[83.50141,20.24753],[83.50154,20.24644],[83.50233,20.24575],[83.50385,20.24547],[83.50732,20.24594],[83.51442,20.24614],[83.51534,20.24591],[83.51601,20.24482],[83.51601,20.24356],[83.51644,20.2427],[83.51543,20.24022],[83.51501,20.2378],[83.51339,20.2355],[83.51097,20.23394],[83.51001,20.23221],[83.51044,20.23135],[83.51215,20.23009],[83.51318,20.22969],[83.51471,20.22809],[83.51745,20.22683],[83.518,20.2262],[83.51698,20.22488],[83.5163,20.2247],[83.51534,20.22338],[83.51395,20.22302],[83.51139,20.2233],[83.51049,20.22198],[83.5069,20.22306],[83.50586,20.22438],[83.50416,20.22489],[83.50432,20.22759],[83.50407,20.23023],[83.50089,20.23367],[83.50089,20.23419],[83.50172,20.235],[83.50214,20.23598],[83.50365,20.23736],[83.50365,20.23794],[83.50189,20.23793],[83.50213,20.23914],[83.50108,20.24069],[83.50114,20.24172],[83.50059,20.24264],[83.50052,20.24408],[83.49973,20.24373],[83.49905,20.24241],[83.49742,20.24157],[83.49683,20.24176],[83.4956,20.24387]]]}},{"type":"Feature","properties":{"LCODE":"100160004000400180","LOCATION":"TAPARANG","V_TYPE":"VILLAGE","BLOCK":"KHARIAR","DISTRICT":"NUAPADA"},"geometry":{"type":"Polygon","coordinates":[[[83.61018,20.24331],[83.61117,20.24717],[83.61198,20.24682],[83.61308,20.24694],[83.61594,20.24557],[83.61855,20.24598],[83.62099,20.24484],[83.62384,20.24479],[83.62469,20.24411],[83.62682,20.2432],[83.6264,20.24239],[83.62647,20.24153],[83.62771,20.23699],[83.62759,20.23573],[83.62705,20.23572],[83.62559,20.2371],[83.62406,20.23755],[83.62242,20.2372],[83.62157,20.23668],[83.61934,20.23483],[83.61837,20.23357],[83.61828,20.2288],[83.61774,20.22764],[83.61677,20.22684],[83.61446,20.2262],[83.61317,20.22809],[83.61366,20.2301],[83.6118,20.23515],[83.61179,20.23722],[83.61269,20.23901],[83.61263,20.2397],[83.61067,20.24199],[83.61018,20.24331]]]}},{"type":"Feature","properties":{"LCODE":"100160004000400148","LOCATION":"NAPADULI","V_TYPE":"VILLAGE","BLOCK":"KHARIAR","DISTRICT":"NUAPADA"},"geometry":{"type":"Polygon","coordinates":[[[83.68212,20.24172],[83.68266,20.24408],[83.68271,20.24603],[83.68385,20.24673],[83.68513,20.24696],[83.68636,20.24409],[83.68655,20.24243],[83.68298,20.24126],[83.68255,20.24126],[83.68212,20.24172]]]}},{"type":"Feature","properties":{"LCODE":"100160004000400245","LOCATION":"GOVINDPUR","V_TYPE":"VILLAGE","BLOCK":"KHARIAR","DISTRICT":"NUAPADA"},"geometry":{"type":"Polygon","coordinates":[[[83.41711,20.23916],[83.41841,20.23928],[83.41975,20.24082],[83.4203,20.24238],[83.42188,20.24249],[83.4218,20.24306],[83.42118,20.24344],[83.42133,20.24431],[83.42043,20.24585],[83.4217,20.24581],[83.42314,20.24626],[83.42474,20.24579],[83.42765,20.24249],[83.43056,20.24115],[83.4315,20.23848],[83.42776,20.23435],[83.42691,20.23156],[83.42645,20.23202],[83.42604,20.23321],[83.42518,20.2337],[83.42374,20.23647],[83.42255,20.23763],[83.42199,20.23779],[83.41927,20.23742],[83.41711,20.23916]]]}},{"type":"Feature","properties":{"LCODE":"100160004000400156","LOCATION":"KUTAPURDI","V_TYPE":"VILLAGE","BLOCK":"KHARIAR","DISTRICT":"NUAPADA"},"geometry":{"type":"Polygon","coordinates":[[[83.71455,20.24537],[83.71555,20.24614],[83.71691,20.24552],[83.7194,20.24553],[83.72001,20.24519],[83.72068,20.24415],[83.72038,20.24369],[83.71917,20.24346],[83.71868,20.24386],[83.71844,20.24466],[83.71813,20.24472],[83.71667,20.24362],[83.71558,20.24419],[83.71455,20.24537]]]}},{"type":"Feature","properties":{"LCODE":"100160004000400145","LOCATION":"MUDES","V_TYPE":"VILLAGE","BLOCK":"KHARIAR","DISTRICT":"NUAPADA"},"geometry":{"type":"Polygon","coordinates":[[[83.70673,20.24411],[83.70705,20.2446],[83.70752,20.24467],[83.70976,20.24441],[83.71037,20.24367],[83.71041,20.2425],[83.70985,20.24171],[83.70869,20.24166],[83.70686,20.24301],[83.70673,20.24411]]]}},{"type":"Feature","properties":{"LCODE":"100160004000400237","LOCATION":"PAJKSADAL","V_TYPE":"VILLAGE","BLOCK":"KHARIAR","DISTRICT":"NUAPADA"},"geometry":{"type":"Polygon","coordinates":[[[83.49204,20.24133],[83.49254,20.24278],[83.49215,20.24345],[83.49216,20.24447],[83.49467,20.24451],[83.49529,20.24424],[83.49683,20.24176],[83.49742,20.24157],[83.49905,20.24241],[83.49973,20.24373],[83.50052,20.24408],[83.50059,20.24264],[83.50114,20.24172],[83.50108,20.24069],[83.50213,20.23914],[83.50189,20.23793],[83.50365,20.23794],[83.50372,20.23765],[83.50089,20.23419],[83.50089,20.23367],[83.50272,20.23144],[83.50055,20.22902],[83.49964,20.22919],[83.49821,20.23017],[83.49626,20.23212],[83.49506,20.23489],[83.49406,20.23606],[83.49316,20.2389],[83.49213,20.2396],[83.49204,20.24133]]]}},{"type":"Feature","properties":{"LCODE":"100160004000400239","LOCATION":"AINLAPALI","V_TYPE":"VILLAGE","BLOCK":"KHARIAR","DISTRICT":"NUAPADA"},"geometry":{"type":"Polygon","coordinates":[[[83.47479,20.23455],[83.47608,20.23573],[83.4772,20.23823],[83.47842,20.23993],[83.47919,20.24237],[83.48016,20.24383],[83.48071,20.24408],[83.48194,20.24407],[83.48354,20.24124],[83.48644,20.24156],[83.48816,20.24127],[83.48995,20.2404],[83.49122,20.23934],[83.49027,20.23824],[83.49011,20.23755],[83.49033,20.23646],[83.49142,20.23483],[83.49149,20.23111],[83.49109,20.23052],[83.4899,20.22992],[83.48869,20.22953],[83.48661,20.22942],[83.48545,20.22852],[83.48425,20.22808],[83.48019,20.22789],[83.47679,20.2287],[83.47803,20.23023],[83.47811,20.23167],[83.47534,20.23262],[83.47502,20.23301],[83.47479,20.23455]]]}},{"type":"Feature","properties":{"LCODE":"100160004000400214","LOCATION":"GOTHBEDA","V_TYPE":"VILLAGE","BLOCK":"KHARIAR","DISTRICT":"NUAPADA"},"geometry":{"type":"Polygon","coordinates":[[[83.52582,20.24031],[83.52593,20.24089],[83.52684,20.2417],[83.52872,20.24199],[83.5303,20.24119],[83.53073,20.24125],[83.532,20.24292],[83.53236,20.24315],[83.533,20.24302],[83.53304,20.24229],[83.53201,20.23999],[83.53148,20.23758],[83.52998,20.2351],[83.53017,20.23366],[83.52901,20.23268],[83.52792,20.23228],[83.52773,20.23498],[83.52582,20.24031]]]}},{"type":"Feature","properties":{"LCODE":"100160004000400147","LOCATION":"KAUPADAR","V_TYPE":"VILLAGE","BLOCK":"KHARIAR","DISTRICT":"NUAPADA"},"geometry":{"type":"Polygon","coordinates":[[[83.66523,20.24132],[83.66862,20.24299],[83.66924,20.243],[83.67283,20.24111],[83.67593,20.24032],[83.67666,20.23963],[83.6757,20.23854],[83.67375,20.2387],[83.67284,20.23916],[83.66944,20.23857],[83.6656,20.24023],[83.66523,20.24132]]]}},{"type":"Feature","properties":{"LCODE":"100160004000400235","LOCATION":"ULURUPI","V_TYPE":"VILLAGE","BLOCK":"KHARIAR","DISTRICT":"NUAPADA"},"geometry":{"type":"Polygon","coordinates":[[[83.51001,20.23221],[83.51097,20.23394],[83.51339,20.2355],[83.51501,20.2378],[83.51543,20.24022],[83.51644,20.2427],[83.51626,20.24286],[83.51814,20.2427],[83.52016,20.2411],[83.52229,20.24082],[83.5226,20.2403],[83.5223,20.23835],[83.52256,20.23628],[83.52232,20.23559],[83.52087,20.23466],[83.51888,20.23109],[83.51805,20.22741],[83.51891,20.22661],[83.51891,20.22621],[83.518,20.2262],[83.51659,20.2274],[83.51471,20.22809],[83.51318,20.22969],[83.51215,20.23009],[83.51044,20.23135],[83.51001,20.23221]]]}},{"type":"Feature","properties":{"LCODE":"100160004000400146","LOCATION":"BADENDEI","V_TYPE":"VILLAGE","BLOCK":"KHARIAR","DISTRICT":"NUAPADA"},"geometry":{"type":"Polygon","coordinates":[[[83.68974,20.24001],[83.69018,20.2416],[83.69086,20.24137],[83.69187,20.24157],[83.69344,20.24242],[83.69414,20.24226],[83.69473,20.24129],[83.69447,20.24028],[83.69346,20.24001],[83.69273,20.23856],[83.68996,20.2395],[83.68974,20.24001]]]}},{"type":"Feature","properties":{"LCODE":"100160004000400246","LOCATION":"KARLABAHALI","V_TYPE":"VILLAGE","BLOCK":"KHARIAR","DISTRICT":"NUAPADA"},"geometry":{"type":"Polygon","coordinates":[[[83.40521,20.22459],[83.40646,20.22537],[83.40679,20.22619],[83.40582,20.22788],[83.40585,20.22857],[83.40643,20.22962],[83.40647,20.23169],[83.40728,20.23292],[83.40884,20.23365],[83.40992,20.23374],[83.41091,20.23337],[83.41109,20.23355],[83.4112,20.23539],[83.41203,20.23605],[83.41196,20.23788],[83.41246,20.2391],[83.41335,20.23981],[83.41441,20.23904],[83.41589,20.23852],[83.41711,20.23916],[83.41927,20.23742],[83.42199,20.23779],[83.42255,20.23763],[83.42374,20.23647],[83.42518,20.2337],[83.42604,20.23321],[83.42645,20.23202],[83.42691,20.23156],[83.42519,20.22814],[83.42369,20.22597],[83.42351,20.22441],[83.42242,20.22409],[83.42113,20.22285],[83.41791,20.22114],[83.41177,20.21963],[83.41122,20.21973],[83.40947,20.22111],[83.40681,20.22234],[83.40521,20.22459]]]}},{"type":"Feature","properties":{"LCODE":"100160004000400218","LOCATION":"BAKBEDA","V_TYPE":"VILLAGE","BLOCK":"KHARIAR","DISTRICT":"NUAPADA"},"geometry":{"type":"Polygon","coordinates":[[[83.56593,20.23683],[83.56605,20.23718],[83.56678,20.23724],[83.56757,20.23644],[83.5683,20.2365],[83.56896,20.23817],[83.56883,20.23955],[83.56919,20.23966],[83.57035,20.23955],[83.57217,20.23858],[83.57388,20.23847],[83.57442,20.23819],[83.5748,20.23755],[83.57457,20.23468],[83.57349,20.23209],[83.5721,20.23099],[83.57174,20.23024],[83.57242,20.22817],[83.57214,20.22727],[83.57145,20.22777],[83.57016,20.22966],[83.56638,20.23293],[83.56593,20.23683]]]}},{"type":"Feature","properties":{"LCODE":"10016000400040rf","LOCATION":"RF","V_TYPE":"FOREST","BLOCK":"KHARIAR","DISTRICT":"NUAPADA"},"geometry":{"type":"Polygon","coordinates":[[[83.48582,20.22681],[83.48622,20.22894],[83.48661,20.22942],[83.48917,20.22966],[83.49109,20.23052],[83.49149,20.23111],[83.49142,20.23483],[83.49033,20.23646],[83.49011,20.23755],[83.49097,20.23918],[83.49213,20.2396],[83.49254,20.23945],[83.49316,20.2389],[83.49406,20.23606],[83.49506,20.23489],[83.49626,20.23212],[83.49821,20.23017],[83.49964,20.22919],[83.50055,20.22902],[83.50079,20.22856],[83.50281,20.22713],[83.50281,20.22644],[83.50137,20.22361],[83.50139,20.21982],[83.50061,20.21872],[83.5,20.21838],[83.50009,20.2182],[83.49858,20.21803],[83.49769,20.21755],[83.49711,20.21679],[83.49699,20.21495],[83.49582,20.21359],[83.4926,20.21378],[83.48957,20.21249],[83.48862,20.2128],[83.48792,20.21369],[83.48721,20.21653],[83.48596,20.21759],[83.48669,20.21944],[83.48638,20.22115],[83.48663,20.22265],[83.48589,20.22475],[83.48582,20.22681]]]}},{"type":"Feature","properties":{"LCODE":"100160004000400234","LOCATION":"JAMBAHALI","V_TYPE":"VILLAGE","BLOCK":"KHARIAR","DISTRICT":"NUAPADA"},"geometry":{"type":"Polygon","coordinates":[[[83.51805,20.22741],[83.51888,20.23109],[83.52087,20.23466],[83.52232,20.23559],[83.52256,20.23628],[83.52238,20.23901],[83.52345,20.2395],[83.52631,20.23842],[83.52692,20.23762],[83.52773,20.23498],[83.52793,20.2313],[83.52782,20.23043],[83.52697,20.2298],[83.52601,20.22801],[83.52334,20.22657],[83.52231,20.22633],[83.51891,20.22621],[83.51891,20.22661],[83.51805,20.22741]]]}},{"type":"Feature","properties":{"LCODE":"100160005000500244","LOCATION":"TERCHAPALA","V_TYPE":"VILLAGE","BLOCK":"KHARIAR","DISTRICT":"NUAPADA"},"geometry":{"type":"Polygon","coordinates":[[[83.42343,20.22481],[83.42369,20.22597],[83.42519,20.22814],[83.42701,20.23175],[83.42776,20.23435],[83.43134,20.23808],[83.4314,20.23929],[83.43338,20.23939],[83.43349,20.23883],[83.43432,20.23788],[83.43614,20.23628],[83.43891,20.23521],[83.44086,20.2351],[83.44605,20.23268],[83.45072,20.22962],[83.4516,20.22873],[83.45122,20.22757],[83.45126,20.22619],[83.45208,20.22478],[83.45017,20.22444],[83.44864,20.22485],[83.44709,20.22583],[83.44594,20.22568],[83.44415,20.22477],[83.4433,20.22296],[83.44135,20.22141],[83.44046,20.21943],[83.43961,20.22084],[83.43831,20.22166],[83.43283,20.22195],[83.42561,20.22322],[83.42395,20.22385],[83.42343,20.22481]]]}},{"type":"Feature","properties":{"LCODE":"100160004000400254","LOCATION":"KARNIMAL","V_TYPE":"VILLAGE","BLOCK":"KHARIAR","DISTRICT":"NUAPADA"},"geometry":{"type":"Polygon","coordinates":[[[83.4647,20.23114],[83.46473,20.23206],[83.46591,20.23284],[83.4684,20.23303],[83.47036,20.23269],[83.47108,20.23294],[83.47104,20.23392],[83.46964,20.23594],[83.4696,20.23662],[83.47002,20.23709],[83.4707,20.23728],[83.47202,20.23727],[83.47343,20.23674],[83.47451,20.2354],[83.47502,20.23301],[83.47534,20.23262],[83.47811,20.23167],[83.47803,20.23023],[83.47524,20.22682],[83.47534,20.22568],[83.47631,20.22422],[83.47653,20.22302],[83.47565,20.22089],[83.47436,20.21934],[83.47357,20.2192],[83.47301,20.2197],[83.47254,20.2225],[83.47169,20.2227],[83.47056,20.22198],[83.46999,20.22253],[83.46958,20.22384],[83.47027,20.22501],[83.47019,20.22535],[83.46842,20.22558],[83.46774,20.22602],[83.46608,20.2282],[83.4647,20.23114]]]}},{"type":"Feature","properties":{"LCODE":"100160004000400150","LOCATION":"RAKHYASANDHA","V_TYPE":"VILLAGE","BLOCK":"KHARIAR","DISTRICT":"NUAPADA"},"geometry":{"type":"Polygon","coordinates":[[[83.68191,20.23465],[83.68197,20.23528],[83.68263,20.23586],[83.68306,20.23586],[83.68367,20.2354],[83.68568,20.23518],[83.68641,20.23461],[83.68703,20.23139],[83.68916,20.22933],[83.68954,20.22617],[83.69009,20.22543],[83.6901,20.22503],[83.68961,20.22451],[83.68858,20.22381],[83.688,20.2241],[83.68827,20.22617],[83.68771,20.22829],[83.68545,20.23162],[83.68271,20.23356],[83.68191,20.23465]]]}},{"type":"Feature","properties":{"LCODE":"100160004000400217","LOCATION":"DHEKUNKUPA","V_TYPE":"VILLAGE","BLOCK":"KHARIAR","DISTRICT":"NUAPADA"},"geometry":{"type":"Polygon","coordinates":[[[83.53203,20.22625],[83.53226,20.22763],[83.53333,20.23039],[83.53432,20.23046],[83.53631,20.23173],[83.53941,20.23243],[83.54034,20.23315],[83.54057,20.23191],[83.54099,20.23174],[83.54275,20.23307],[83.54542,20.23268],[83.54585,20.2332],[83.54626,20.23516],[83.54655,20.23544],[83.54796,20.23533],[83.54814,20.2347],[83.54797,20.23338],[83.54676,20.23194],[83.54629,20.22981],[83.54544,20.2282],[83.54533,20.22762],[83.54588,20.22624],[83.54558,20.22561],[83.54425,20.22457],[83.54321,20.22491],[83.54207,20.22404],[83.54057,20.22088],[83.5407,20.21915],[83.53968,20.21799],[83.53834,20.21759],[83.53741,20.2188],[83.53633,20.21804],[83.53535,20.21787],[83.53439,20.21844],[83.53228,20.22047],[83.53272,20.22137],[83.53211,20.22223],[83.53259,20.22361],[83.53203,20.22625]]]}},{"type":"Feature","properties":{"LCODE":"100160004000400216","LOCATION":"SIRINGPADAR","V_TYPE":"VILLAGE","BLOCK":"KHARIAR","DISTRICT":"NUAPADA"},"geometry":{"type":"Polygon","coordinates":[[[83.54805,20.22564],[83.54867,20.22706],[83.54964,20.22832],[83.54951,20.23011],[83.55053,20.23189],[83.55046,20.23327],[83.55143,20.23408],[83.55179,20.23477],[83.55245,20.23483],[83.55392,20.23397],[83.55677,20.2341],[83.55756,20.2333],[83.55908,20.23336],[83.55969,20.2329],[83.55939,20.23187],[83.55818,20.23129],[83.55764,20.23025],[83.55803,20.22582],[83.55755,20.22485],[83.55653,20.22404],[83.55617,20.22248],[83.55538,20.22237],[83.55373,20.22339],[83.55228,20.22287],[83.55141,20.22206],[83.55094,20.22304],[83.54892,20.22551],[83.54805,20.22564]]]}},{"type":"Feature","properties":{"LCODE":"100160004000400233","LOCATION":"TUJUNG","V_TYPE":"VILLAGE","BLOCK":"KHARIAR","DISTRICT":"NUAPADA"},"geometry":{"type":"Polygon","coordinates":[[[83.51054,20.22202],[83.51139,20.2233],[83.51395,20.22302],[83.51534,20.22338],[83.5163,20.2247],[83.51698,20.22488],[83.518,20.2262],[83.52231,20.22633],[83.52334,20.22657],[83.52601,20.22801],[83.52697,20.2298],[83.52782,20.23043],[83.52792,20.23228],[83.52901,20.23268],[83.53016,20.23374],[83.53077,20.23384],[83.5315,20.23355],[83.53217,20.23286],[83.53249,20.23114],[83.53333,20.23039],[83.53226,20.22763],[83.53203,20.22625],[83.53259,20.22361],[83.53211,20.22223],[83.53272,20.22137],[83.53249,20.22068],[83.53176,20.21993],[83.53129,20.21849],[83.53062,20.21837],[83.52976,20.21917],[83.52819,20.21813],[83.52643,20.21795],[83.52486,20.21461],[83.52323,20.21374],[83.52216,20.21144],[83.52222,20.21006],[83.5221,20.20954],[83.5218,20.20943],[83.52144,20.20954],[83.52125,20.21006],[83.52136,20.21144],[83.52118,20.21224],[83.52087,20.21241],[83.5202,20.21212],[83.51984,20.21109],[83.51862,20.21189],[83.51742,20.21096],[83.51662,20.21113],[83.5154,20.21234],[83.51522,20.21303],[83.51563,20.21446],[83.51351,20.21457],[83.51369,20.21572],[83.51464,20.21808],[83.51397,20.21969],[83.51402,20.22073],[83.51378,20.22095],[83.51177,20.22083],[83.51104,20.22181],[83.51054,20.22202]]]}},{"type":"Feature","properties":{"LCODE":"100160004000400142","LOCATION":"PADELPODAR","V_TYPE":"VILLAGE","BLOCK":"KHARIAR","DISTRICT":"NUAPADA"},"geometry":{"type":"Polygon","coordinates":[[[83.7115,20.23269],[83.71175,20.23355],[83.71497,20.23362],[83.71613,20.2323],[83.71631,20.23132],[83.7154,20.23109],[83.71242,20.23206],[83.7115,20.23269]]]}},{"type":"Feature","properties":{"LCODE":"100160004000400219","LOCATION":"ARANJHARAN","V_TYPE":"VILLAGE","BLOCK":"KHARIAR","DISTRICT":"NUAPADA"},"geometry":{"type":"Polygon","coordinates":[[[83.56341,20.23119],[83.56364,20.23188],[83.56636,20.23299],[83.56711,20.23207],[83.57016,20.22966],[83.57145,20.22777],[83.57214,20.22727],[83.56848,20.22494],[83.56654,20.22528],[83.56581,20.22585],[83.5655,20.22712],[83.56451,20.22861],[83.56341,20.23119]]]}},{"type":"Feature","properties":{"LCODE":"100160004000400259","LOCATION":"PANDAKAMAL","V_TYPE":"VILLAGE","BLOCK":"KHARIAR","DISTRICT":"NUAPADA"},"geometry":{"type":"Polygon","coordinates":[[[83.49706,20.21638],[83.49769,20.21755],[83.49858,20.21803],[83.50009,20.2182],[83.5,20.21838],[83.50061,20.21872],[83.50139,20.21982],[83.50137,20.22361],[83.50281,20.22644],[83.50281,20.22713],[83.50079,20.22856],[83.50055,20.22902],[83.50272,20.23144],[83.50375,20.23081],[83.50407,20.23023],[83.50432,20.22759],[83.50416,20.22489],[83.50586,20.22438],[83.5069,20.22306],[83.51104,20.22181],[83.51177,20.22083],[83.51378,20.22095],[83.51402,20.22073],[83.51397,20.21969],[83.51464,20.21808],[83.51369,20.21572],[83.51351,20.21457],[83.51236,20.21405],[83.51163,20.21324],[83.51128,20.21123],[83.51136,20.20864],[83.50742,20.20541],[83.50682,20.20523],[83.50451,20.20563],[83.50299,20.20643],[83.50195,20.20786],[83.50108,20.21108],[83.4998,20.21142],[83.49966,20.21004],[83.49872,20.2107],[83.49843,20.21121],[83.49829,20.21413],[83.49715,20.21576],[83.49706,20.21638]]]}},{"type":"Feature","properties":{"LCODE":"100160004000400255","LOCATION":"DHAURAMAL","V_TYPE":"VILLAGE","BLOCK":"KHARIAR","DISTRICT":"NUAPADA"},"geometry":{"type":"Polygon","coordinates":[[[83.47514,20.2263],[83.47552,20.22741],[83.47679,20.2287],[83.48019,20.22789],[83.48286,20.22792],[83.48545,20.22852],[83.48659,20.2294],[83.48622,20.22894],[83.48582,20.22681],[83.48589,20.22475],[83.48663,20.22265],[83.48638,20.22115],[83.48669,20.21944],[83.48596,20.21759],[83.48396,20.21769],[83.48141,20.21738],[83.47865,20.21971],[83.47565,20.22089],[83.47653,20.22302],[83.47651,20.22371],[83.47514,20.2263]]]}},{"type":"Feature","properties":{"LCODE":"100160004000400253","LOCATION":"KACHHARPAL","V_TYPE":"VILLAGE","BLOCK":"KHARIAR","DISTRICT":"NUAPADA"},"geometry":{"type":"Polygon","coordinates":[[[83.45119,20.22682],[83.45161,20.22861],[83.45288,20.22859],[83.45369,20.22805],[83.4533,20.227],[83.45344,20.2266],[83.45461,20.22635],[83.45685,20.22642],[83.45815,20.22589],[83.45898,20.22643],[83.46031,20.22642],[83.46816,20.22271],[83.46869,20.22146],[83.46846,20.21939],[83.46689,20.21567],[83.46686,20.21493],[83.46725,20.21396],[83.46796,20.21324],[83.46695,20.21229],[83.46423,20.21209],[83.46294,20.21045],[83.4624,20.21057],[83.46095,20.21354],[83.45983,20.21442],[83.45872,20.21484],[83.45731,20.21653],[83.4574,20.21778],[83.45672,20.21983],[83.45256,20.224],[83.45126,20.22619],[83.45119,20.22682]]]}},{"type":"Feature","properties":{"LCODE":"100160005000500251","LOCATION":"EKATARA","V_TYPE":"VILLAGE","BLOCK":"KHARIAR","DISTRICT":"NUAPADA"},"geometry":{"type":"Polygon","coordinates":[[[83.4389,20.21359],[83.43911,20.21612],[83.44048,20.21857],[83.44056,20.2199],[83.44135,20.22141],[83.4433,20.22296],[83.44415,20.22477],[83.44642,20.22581],[83.44709,20.22583],[83.44864,20.22485],[83.45017,20.22444],[83.45208,20.22478],[83.4537,20.22271],[83.45628,20.22038],[83.45725,20.21852],[83.45743,20.21698],[83.45699,20.21548],[83.45589,20.21407],[83.4536,20.21205],[83.45326,20.21112],[83.4531,20.20876],[83.45215,20.20661],[83.45114,20.20589],[83.44736,20.20652],[83.44657,20.20632],[83.44424,20.20483],[83.44321,20.20518],[83.44288,20.20592],[83.44288,20.20758],[83.44048,20.20831],[83.44022,20.21059],[83.43901,20.21228],[83.4389,20.21359]]]}},{"type":"Feature","properties":{"LCODE":"100160004000400223","LOCATION":"MADINGNALA","V_TYPE":"VILLAGE","BLOCK":"KHARIAR","DISTRICT":"NUAPADA"},"geometry":{"type":"Polygon","coordinates":[[[83.53968,20.21799],[83.5407,20.21915],[83.54057,20.22088],[83.54164,20.22335],[83.54261,20.22462],[83.54321,20.22491],[83.5437,20.22486],[83.54456,20.22411],[83.54565,20.224],[83.54632,20.22423],[83.54805,20.22564],[83.54849,20.22568],[83.54892,20.22551],[83.55094,20.22304],[83.55141,20.22206],[83.55029,20.22016],[83.54873,20.21654],[83.54874,20.21475],[83.54807,20.21395],[83.54716,20.21348],[83.54674,20.21354],[83.54704,20.21481],[83.54667,20.21526],[83.54601,20.21469],[83.54497,20.2152],[83.54279,20.21433],[83.54194,20.21467],[83.54096,20.2153],[83.54059,20.21639],[83.53986,20.21685],[83.53968,20.21799]]]}},{"type":"Feature","properties":{"LCODE":"100160004000400157","LOCATION":"KACHELAKU","V_TYPE":"VILLAGE","BLOCK":"KHARIAR","DISTRICT":"NUAPADA"},"geometry":{"type":"Polygon","coordinates":[[[83.72224,20.22209],[83.72247,20.22252],[83.72431,20.2221],[83.72528,20.22228],[83.72619,20.22303],[83.72661,20.22492],[83.72765,20.22407],[83.72855,20.2239],[83.72904,20.22315],[83.72844,20.22252],[83.72741,20.22234],[83.72578,20.22021],[83.72475,20.21963],[83.72353,20.2198],[83.72282,20.22026],[83.72224,20.22209]]]}},{"type":"Feature","properties":{"LCODE":"100160004000400247","LOCATION":"MUDING","V_TYPE":"VILLAGE","BLOCK":"KHARIAR","DISTRICT":"NUAPADA"},"geometry":{"type":"Polygon","coordinates":[[[83.39698,20.20345],[83.39701,20.20425],[83.39828,20.20636],[83.39874,20.20855],[83.39833,20.2133],[83.39931,20.21954],[83.40012,20.22099],[83.40135,20.222],[83.40419,20.22255],[83.4046,20.22291],[83.40527,20.22445],[83.40681,20.22234],[83.40947,20.22111],[83.41122,20.21973],[83.41177,20.21963],[83.41791,20.22114],[83.4193,20.22184],[83.41975,20.2208],[83.42245,20.21824],[83.42303,20.21729],[83.42358,20.21547],[83.42439,20.2101],[83.42537,20.20918],[83.4252,20.20754],[83.42455,20.20701],[83.4239,20.20682],[83.42261,20.20712],[83.42216,20.20957],[83.42117,20.21006],[83.42062,20.20992],[83.41956,20.20915],[83.41901,20.20574],[83.41703,20.20505],[83.41695,20.20562],[83.41775,20.20708],[83.41785,20.20783],[83.41688,20.20923],[83.41615,20.20944],[83.4151,20.20803],[83.41396,20.20777],[83.4136,20.20735],[83.41373,20.20575],[83.4134,20.20482],[83.41206,20.20329],[83.4091,20.20107],[83.40647,20.19979],[83.40395,20.20057],[83.3998,20.20124],[83.39868,20.20178],[83.39698,20.20345]]]}},{"type":"Feature","properties":{"LCODE":"100160004000400250","LOCATION":"CHITALPATA","V_TYPE":"VILLAGE","BLOCK":"KHARIAR","DISTRICT":"NUAPADA"},"geometry":{"type":"Polygon","coordinates":[[[83.4193,20.22184],[83.42113,20.22285],[83.42242,20.22409],[83.42351,20.22441],[83.42445,20.22352],[83.42561,20.22322],[83.43283,20.22195],[83.43702,20.22191],[83.43911,20.22123],[83.43961,20.22084],[83.44059,20.21904],[83.43911,20.21612],[83.43896,20.21258],[83.4381,20.21036],[83.43425,20.20605],[83.4323,20.20605],[83.43123,20.20727],[83.43044,20.20736],[83.42954,20.20688],[83.42893,20.20691],[83.42797,20.20826],[83.4249,20.20943],[83.42439,20.2101],[83.42358,20.21547],[83.42303,20.21729],[83.42245,20.21824],[83.41975,20.2208],[83.4193,20.22184]]]}},{"type":"Feature","properties":{"LCODE":"100160004000400153","LOCATION":"TUDAPADA","V_TYPE":"VILLAGE","BLOCK":"KHARIAR","DISTRICT":"NUAPADA"},"geometry":{"type":"Polygon","coordinates":[[[83.68102,20.217],[83.68496,20.21943],[83.68526,20.22139],[83.68737,20.22392],[83.68828,20.2241],[83.68858,20.22381],[83.68872,20.22157],[83.68915,20.22088],[83.69006,20.22077],[83.6917,20.22129],[83.69249,20.22113],[83.69267,20.22084],[83.69237,20.21998],[83.69115,20.21957],[83.68994,20.21962],[83.68831,20.21921],[83.68764,20.21973],[83.6869,20.21967],[83.68636,20.21915],[83.68528,20.21702],[83.68298,20.21546],[83.68188,20.21551],[83.68121,20.2162],[83.68102,20.217]]]}},{"type":"Feature","properties":{"LCODE":"100160004000400221","LOCATION":"MUNDABAHALI","V_TYPE":"VILLAGE","BLOCK":"KHARIAR","DISTRICT":"NUAPADA"},"geometry":{"type":"Polygon","coordinates":[[[83.56766,20.22046],[83.56857,20.22201],[83.56892,20.22218],[83.57014,20.22184],[83.57153,20.22237],[83.57227,20.2222],[83.57233,20.22139],[83.57185,20.22082],[83.57234,20.21944],[83.56956,20.21701],[83.56865,20.21701],[83.56889,20.21851],[83.56766,20.22046]]]}},{"type":"Feature","properties":{"LCODE":"100160004000400141","LOCATION":"DEGIANPADA","V_TYPE":"VILLAGE","BLOCK":"KHARIAR","DISTRICT":"NUAPADA"},"geometry":{"type":"Polygon","coordinates":[[[83.71117,20.22147],[83.7131,20.22227],[83.71336,20.22119],[83.7115,20.22054],[83.71117,20.22147]]]}},{"type":"Feature","properties":{"LCODE":"100160004000400155","LOCATION":"MUNDAMASKA","V_TYPE":"VILLAGE","BLOCK":"KHARIAR","DISTRICT":"NUAPADA"},"geometry":{"type":"Polygon","coordinates":[[[83.70683,20.21882],[83.70895,20.22113],[83.71022,20.22107],[83.71117,20.22147],[83.71144,20.22108],[83.7115,20.22054],[83.70817,20.21882],[83.70732,20.21859],[83.70683,20.21882]]]}},{"type":"Feature","properties":{"LCODE":"100160004000400256","LOCATION":"JHALIAGOVA","V_TYPE":"VILLAGE","BLOCK":"KHARIAR","DISTRICT":"NUAPADA"},"geometry":{"type":"Polygon","coordinates":[[[83.4716,20.21484],[83.47247,20.21757],[83.47565,20.22089],[83.47865,20.21971],[83.48141,20.21738],[83.48396,20.21769],[83.48602,20.21759],[83.48721,20.21653],[83.48792,20.21369],[83.4883,20.21313],[83.48957,20.21249],[83.48531,20.20839],[83.47905,20.20527],[83.47861,20.20478],[83.47749,20.20461],[83.47479,20.20531],[83.47392,20.20586],[83.47353,20.20676],[83.47333,20.20899],[83.47179,20.21296],[83.4716,20.21484]]]}},{"type":"Feature","properties":{"LCODE":"100160004000400232","LOCATION":"PATIGUDA","V_TYPE":"VILLAGE","BLOCK":"KHARIAR","DISTRICT":"NUAPADA"},"geometry":{"type":"Polygon","coordinates":[[[83.52216,20.21117],[83.52323,20.21374],[83.52486,20.21461],[83.52643,20.21795],[83.52819,20.21813],[83.52976,20.21917],[83.53062,20.21837],[83.53104,20.21837],[83.53228,20.22047],[83.53439,20.21844],[83.53535,20.21787],[83.53633,20.21804],[83.53741,20.2188],[83.53834,20.21759],[83.53968,20.21799],[83.53986,20.21685],[83.54059,20.21639],[83.54096,20.2153],[83.54261,20.21427],[83.54207,20.2122],[83.54099,20.21076],[83.53899,20.20995],[83.53728,20.20983],[83.53377,20.20889],[83.52872,20.20888],[83.5274,20.20841],[83.52618,20.20875],[83.52521,20.20863],[83.5241,20.21001],[83.52216,20.21117]]]}},{"type":"Feature","properties":{"LCODE":"100160004000400220","LOCATION":"HALADIPADA","V_TYPE":"VILLAGE","BLOCK":"KHARIAR","DISTRICT":"NUAPADA"},"geometry":{"type":"Polygon","coordinates":[[[83.57338,20.21898],[83.57386,20.2199],[83.5744,20.2199],[83.57587,20.2187],[83.57642,20.21847],[83.57715,20.21865],[83.57745,20.21974],[83.57799,20.22015],[83.57897,20.21814],[83.58086,20.21688],[83.58129,20.21556],[83.58057,20.21475],[83.58002,20.21464],[83.57917,20.21521],[83.57874,20.21641],[83.57847,20.21642],[83.57759,20.21549],[83.57692,20.2152],[83.57649,20.21537],[83.57545,20.21652],[83.57491,20.21772],[83.57368,20.21835],[83.57338,20.21898]]]}},{"type":"Feature","properties":{"LCODE":"100160004000400158","LOCATION":"DAKELPADA","V_TYPE":"VILLAGE","BLOCK":"KHARIAR","DISTRICT":"NUAPADA"},"geometry":{"type":"Polygon","coordinates":[[[83.68627,20.21896],[83.68721,20.21973],[83.68836,20.21922],[83.68758,20.2176],[83.68627,20.21896]]]}},{"type":"Feature","properties":{"LCODE":"100160004000400222","LOCATION":"GANJIPADAR","V_TYPE":"VILLAGE","BLOCK":"KHARIAR","DISTRICT":"NUAPADA"},"geometry":{"type":"Polygon","coordinates":[[[83.56605,20.20493],[83.56808,20.20879],[83.56887,20.20959],[83.56947,20.21247],[83.57001,20.21293],[83.57061,20.21414],[83.57158,20.21426],[83.57219,20.21466],[83.57261,20.21541],[83.57236,20.21651],[83.5736,20.21845],[83.57491,20.21772],[83.57545,20.21652],[83.57649,20.21537],[83.57692,20.2152],[83.57759,20.21549],[83.57847,20.21642],[83.57796,20.2148],[83.57814,20.214],[83.57967,20.21153],[83.57883,20.20911],[83.57921,20.20756],[83.57886,20.20572],[83.57703,20.20514],[83.57516,20.20358],[83.57371,20.20323],[83.57213,20.20322],[83.57115,20.2038],[83.56939,20.20396],[83.56805,20.20534],[83.56653,20.20458],[83.56605,20.20493]]]}},{"type":"Feature","properties":{"LCODE":"100160004000400252","LOCATION":"DUTA","V_TYPE":"VILLAGE","BLOCK":"KHARIAR","DISTRICT":"NUAPADA"},"geometry":{"type":"Polygon","coordinates":[[[83.44181,20.19677],[83.4428,20.19949],[83.44296,20.20214],[83.44431,20.20505],[83.44736,20.20652],[83.4506,20.20587],[83.45162,20.20613],[83.45215,20.20661],[83.4531,20.20876],[83.45326,20.21112],[83.4536,20.21205],[83.45642,20.2146],[83.45731,20.21653],[83.45872,20.21484],[83.45983,20.21442],[83.46095,20.21354],[83.46194,20.21133],[83.46381,20.20858],[83.46496,20.20351],[83.46426,20.19564],[83.46306,20.19548],[83.46151,20.1979],[83.45593,20.19583],[83.45236,20.19561],[83.44395,20.19305],[83.4437,20.19327],[83.44339,20.19498],[83.44181,20.19677]]]}},{"type":"Feature","properties":{"LCODE":"100160004000400154","LOCATION":"AMBULPADA","V_TYPE":"VILLAGE","BLOCK":"KHARIAR","DISTRICT":"NUAPADA"},"geometry":{"type":"Polygon","coordinates":[[[83.72252,20.21543],[83.72379,20.21635],[83.72428,20.21635],[83.72598,20.2155],[83.72617,20.21446],[83.72544,20.21412],[83.7238,20.21486],[83.72283,20.21491],[83.72252,20.21543]]]}},{"type":"Feature","properties":{"LCODE":"100160004000400258","LOCATION":"AMBAGAON","V_TYPE":"VILLAGE","BLOCK":"KHARIAR","DISTRICT":"NUAPADA"},"geometry":{"type":"Polygon","coordinates":[[[83.47842,20.19883],[83.47935,20.20024],[83.48064,20.20137],[83.4812,20.2027],[83.48119,20.20311],[83.48056,20.20383],[83.47932,20.20465],[83.47861,20.20478],[83.47905,20.20527],[83.48531,20.20839],[83.48814,20.21095],[83.4893,20.21242],[83.4926,20.21378],[83.49582,20.21359],[83.49699,20.21495],[83.49719,20.21569],[83.49829,20.21413],[83.49834,20.21104],[83.49793,20.21068],[83.49672,20.21058],[83.49529,20.20979],[83.4936,20.2094],[83.49319,20.20893],[83.49329,20.20801],[83.49566,20.2062],[83.49764,20.20677],[83.49889,20.20601],[83.49972,20.20483],[83.50008,20.20475],[83.50076,20.20354],[83.50095,20.20173],[83.50022,20.20042],[83.49934,20.20006],[83.49936,20.19949],[83.49987,20.19876],[83.49972,20.19807],[83.49821,20.19774],[83.49756,20.19708],[83.49755,20.19387],[83.49686,20.19355],[83.49348,20.19552],[83.48867,20.19938],[83.48797,20.20028],[83.48736,20.20055],[83.48618,20.19942],[83.48349,20.19309],[83.48296,20.19279],[83.48146,20.19377],[83.48026,20.19522],[83.47866,20.19747],[83.47842,20.19883]]]}},{"type":"Feature","properties":{"LCODE":"100160004000400260","LOCATION":"MADANPURRAMPUR","V_TYPE":"VILLAGE","BLOCK":"KHARIAR","DISTRICT":"NUAPADA"},"geometry":{"type":"Polygon","coordinates":[[[83.50587,20.18831],[83.50776,20.19],[83.50823,20.19242],[83.50902,20.19334],[83.51017,20.19375],[83.51369,20.19405],[83.51399,20.19434],[83.5144,20.19652],[83.51427,20.19825],[83.51078,20.20283],[83.50713,20.20532],[83.51136,20.20864],[83.51128,20.21123],[83.51163,20.21324],[83.51236,20.21405],[83.51351,20.21457],[83.51551,20.21452],[83.51564,20.21412],[83.51522,20.21303],[83.5154,20.21234],[83.51693,20.21096],[83.51772,20.21108],[83.51862,20.21189],[83.51984,20.21109],[83.5202,20.21212],[83.52087,20.21241],[83.52118,20.21224],[83.52144,20.20954],[83.5221,20.20954],[83.52216,20.21117],[83.5241,20.21001],[83.5251,20.20876],[83.52497,20.20697],[83.52547,20.20582],[83.52711,20.20548],[83.52747,20.20508],[83.52779,20.20376],[83.52882,20.20359],[83.529,20.20324],[83.52946,20.19836],[83.52869,20.19531],[83.52789,20.19502],[83.52625,20.19501],[83.52486,20.19443],[83.52444,20.1938],[83.52531,20.19127],[83.52787,20.18933],[83.52793,20.18829],[83.52728,20.18564],[83.52747,20.18369],[83.52795,20.18222],[83.52604,20.17978],[83.52519,20.1792],[83.52434,20.17919],[83.51953,20.1813],[83.51575,20.18348],[83.51441,20.18456],[83.51234,20.1853],[83.51143,20.18507],[83.51138,20.18409],[83.51309,20.18128],[83.51334,20.18025],[83.51225,20.18001],[83.51079,20.18098],[83.50975,20.18219],[83.50699,20.18695],[83.50587,20.18831]]]}},{"type":"Feature","properties":{"LCODE":"100160004000400257","LOCATION":"SALEBALI","V_TYPE":"VILLAGE","BLOCK":"KHARIAR","DISTRICT":"NUAPADA"},"geometry":{"type":"Polygon","coordinates":[[[83.4624,20.21057],[83.46294,20.21045],[83.46423,20.21209],[83.46695,20.21229],[83.46796,20.21324],[83.46983,20.21169],[83.47117,20.21156],[83.47211,20.21188],[83.47333,20.20899],[83.47353,20.20676],[83.47392,20.20586],[83.47479,20.20531],[83.47749,20.20461],[83.4761,20.20082],[83.47323,20.1981],[83.47107,20.19728],[83.4655,20.19688],[83.46432,20.1957],[83.46496,20.20351],[83.46381,20.20858],[83.4624,20.21057]]]}},{"type":"Feature","properties":{"LCODE":"100160004000400249","LOCATION":"GHODAPOKHARI","V_TYPE":"VILLAGE","BLOCK":"KHARIAR","DISTRICT":"NUAPADA"},"geometry":{"type":"Polygon","coordinates":[[[83.40634,20.19982],[83.40714,20.19992],[83.4091,20.20107],[83.41206,20.20329],[83.4134,20.20482],[83.41373,20.20575],[83.4136,20.20735],[83.41396,20.20777],[83.4151,20.20803],[83.41615,20.20944],[83.41688,20.20923],[83.41785,20.20783],[83.41775,20.20708],[83.41695,20.20562],[83.41703,20.20505],[83.41901,20.20574],[83.41956,20.20915],[83.42117,20.21006],[83.42216,20.20957],[83.42261,20.20712],[83.4239,20.20682],[83.42497,20.20731],[83.42531,20.20801],[83.42537,20.20918],[83.42747,20.20859],[83.42893,20.20691],[83.42954,20.20688],[83.43044,20.20736],[83.43123,20.20727],[83.4323,20.20605],[83.43382,20.20598],[83.43425,20.20605],[83.43683,20.20871],[83.4381,20.21036],[83.43896,20.21258],[83.44022,20.21059],[83.44048,20.20831],[83.44288,20.20758],[83.44296,20.20546],[83.44424,20.20483],[83.44296,20.20214],[83.4428,20.19949],[83.44183,20.19698],[83.44115,20.19657],[83.43922,20.19428],[83.43786,20.19337],[83.43586,20.19331],[83.4323,20.1944],[83.43163,20.19438],[83.43103,20.19425],[83.42998,20.19312],[83.42884,20.19097],[83.42892,20.19022],[83.42937,20.18961],[83.43136,20.18841],[83.43181,20.18779],[83.43203,20.18659],[83.43111,20.18502],[83.43015,20.1847],[83.42621,20.18469],[83.42265,20.18418],[83.4213,20.18425],[83.4192,20.18688],[83.41682,20.18881],[83.41619,20.18965],[83.41561,20.19061],[83.41519,20.19381],[83.41486,20.19454],[83.41405,20.19503],[83.4118,20.19508],[83.40725,20.19838],[83.40634,20.19982]]]}},{"type":"Feature","properties":{"LCODE":"10016000400040rf","LOCATION":"RF","V_TYPE":"FOREST","BLOCK":"KHARIAR","DISTRICT":"NUAPADA"},"geometry":{"type":"Polygon","coordinates":[[[83.49319,20.20893],[83.4936,20.2094],[83.49529,20.20979],[83.49672,20.21058],[83.49793,20.21068],[83.49843,20.21121],[83.4991,20.21032],[83.49966,20.21004],[83.4998,20.21142],[83.50108,20.21108],[83.50195,20.20786],[83.50299,20.20643],[83.50451,20.20563],[83.50713,20.20532],[83.50956,20.20381],[83.51078,20.20283],[83.51244,20.20077],[83.51427,20.19825],[83.5144,20.19761],[83.51399,20.19434],[83.51369,20.19405],[83.51017,20.19375],[83.50902,20.19334],[83.50823,20.19242],[83.50776,20.19],[83.50587,20.18831],[83.50368,20.19062],[83.50186,20.1909],[83.50078,20.18963],[83.50059,20.18887],[83.49932,20.18866],[83.49492,20.18328],[83.49395,20.18419],[83.49408,20.18563],[83.49678,20.1899],[83.4972,20.19192],[83.49716,20.193],[83.49686,20.19355],[83.49767,20.19411],[83.49756,20.19708],[83.49821,20.19774],[83.49972,20.19807],[83.49987,20.19876],[83.49936,20.19949],[83.49934,20.20006],[83.50011,20.20032],[83.5006,20.20101],[83.50095,20.20173],[83.50095,20.20257],[83.50076,20.20354],[83.50008,20.20475],[83.49972,20.20483],[83.49889,20.20601],[83.49764,20.20677],[83.49566,20.2062],[83.49329,20.20801],[83.49319,20.20893]]]}},{"type":"Feature","properties":{"LCODE":"100160004000400179","LOCATION":"GANIGUDA","V_TYPE":"VILLAGE","BLOCK":"KHARIAR","DISTRICT":"NUAPADA"},"geometry":{"type":"Polygon","coordinates":[[[83.6376,20.20849],[83.6404,20.21105],[83.64272,20.21119],[83.64324,20.20826],[83.63914,20.20688],[83.6376,20.20849]]]}},{"type":"Feature","properties":{"LCODE":"100160004000400231","LOCATION":"PHAPSI","V_TYPE":"VILLAGE","BLOCK":"KHARIAR","DISTRICT":"NUAPADA"},"geometry":{"type":"Polygon","coordinates":[[[83.52497,20.20697],[83.5251,20.20876],[83.5274,20.20841],[83.52872,20.20888],[83.53249,20.20872],[83.53728,20.20983],[83.53899,20.20995],[83.54047,20.21048],[83.54015,20.20852],[83.53888,20.20679],[83.53854,20.20391],[83.53817,20.20338],[83.53635,20.20367],[83.5321,20.20274],[83.52896,20.20289],[83.52882,20.20359],[83.52779,20.20376],[83.52747,20.20508],[83.52711,20.20548],[83.52547,20.20582],[83.52497,20.20697]]]}},{"type":"Feature","properties":{"LCODE":"100160004000400159","LOCATION":"KUREPADA","V_TYPE":"VILLAGE","BLOCK":"KHARIAR","DISTRICT":"NUAPADA"},"geometry":{"type":"Polygon","coordinates":[[[83.68326,20.20856],[83.6838,20.20966],[83.68513,20.20989],[83.6875,20.20973],[83.68854,20.20927],[83.68909,20.20853],[83.68697,20.20634],[83.6863,20.20622],[83.6843,20.20719],[83.68356,20.20782],[83.68326,20.20856]]]}},{"type":"Feature","properties":{"LCODE":"100160004000400224","LOCATION":"CHANDANPINDA","V_TYPE":"VILLAGE","BLOCK":"KHARIAR","DISTRICT":"NUAPADA"},"geometry":{"type":"Polygon","coordinates":[[[83.53982,20.20074],[83.53988,20.20188],[83.54188,20.20346],[83.54242,20.20421],[83.54266,20.2049],[83.54217,20.20662],[83.54295,20.20801],[83.54306,20.20933],[83.54366,20.20968],[83.54586,20.20831],[83.54811,20.2082],[83.54981,20.207],[83.55145,20.20741],[83.552,20.20718],[83.55347,20.20563],[83.55676,20.20334],[83.55853,20.20254],[83.55877,20.20185],[83.55885,20.19881],[83.55859,20.19759],[83.55601,20.19592],[83.5523,20.19677],[83.55073,20.19596],[83.55018,20.1959],[83.54951,20.19642],[83.54884,20.19636],[83.5466,20.19526],[83.5463,20.19531],[83.5463,20.19589],[83.54483,20.19692],[83.54397,20.19835],[83.54196,20.20001],[83.54056,20.20018],[83.53982,20.20074]]]}},{"type":"Feature","properties":{"LCODE":"100160004000400164","LOCATION":"KALESUR","V_TYPE":"VILLAGE","BLOCK":"KHARIAR","DISTRICT":"NUAPADA"},"geometry":{"type":"Polygon","coordinates":[[[83.7476,20.20265],[83.74809,20.20477],[83.74783,20.20742],[83.74806,20.20775],[83.75105,20.20895],[83.75185,20.2089],[83.75745,20.20672],[83.76028,20.20693],[83.76212,20.20349],[83.76477,20.20237],[83.7657,20.19861],[83.76636,20.1978],[83.76744,20.19721],[83.76701,20.19669],[83.76569,20.19682],[83.76425,20.19839],[83.7631,20.19881],[83.76165,20.19882],[83.75534,20.19645],[83.75135,20.19649],[83.74783,20.19942],[83.74847,20.2011],[83.7476,20.20265]]]}},{"type":"Feature","properties":{"LCODE":"100160004000400162","LOCATION":"PANGABAJO","V_TYPE":"VILLAGE","BLOCK":"KHARIAR","DISTRICT":"NUAPADA"},"geometry":{"type":"Polygon","coordinates":[[[83.73029,20.1997],[83.73049,20.20017],[83.73345,20.20265],[83.73489,20.20588],[83.7345,20.20808],[83.73837,20.20861],[83.73793,20.206],[83.73833,20.20428],[83.73776,20.20353],[83.7331,20.20053],[83.73171,20.19817],[83.73129,20.19788],[83.73093,20.19773],[83.73029,20.1997]]]}},{"type":"Feature","properties":{"LCODE":"100160004000400163","LOCATION":"GUMI","V_TYPE":"VILLAGE","BLOCK":"KHARIAR","DISTRICT":"NUAPADA"},"geometry":{"type":"Polygon","coordinates":[[[83.73793,20.206],[83.73837,20.20861],[83.74806,20.20775],[83.74777,20.2069],[83.74802,20.20633],[83.74802,20.20397],[83.7476,20.20265],[83.74847,20.2011],[83.74801,20.19966],[83.74782,20.19939],[83.74464,20.20074],[83.73978,20.20227],[83.73862,20.20336],[83.73793,20.206]]]}},{"type":"Feature","properties":{"LCODE":"100160004000400161","LOCATION":"LOBENGARH","V_TYPE":"VILLAGE","BLOCK":"KHARIAR","DISTRICT":"NUAPADA"},"geometry":{"type":"Polygon","coordinates":[[[83.71091,20.20418],[83.7114,20.2051],[83.7123,20.20562],[83.71388,20.20597],[83.71491,20.20684],[83.71618,20.20736],[83.71752,20.20645],[83.71807,20.20656],[83.71849,20.20725],[83.71934,20.20766],[83.72195,20.20744],[83.72657,20.20757],[83.72791,20.20643],[83.72932,20.20413],[83.73093,20.1977],[83.72948,20.19546],[83.72869,20.19482],[83.72687,20.19568],[83.72486,20.19538],[83.72377,20.19561],[83.71963,20.19749],[83.71616,20.19983],[83.71531,20.19995],[83.71452,20.19856],[83.71404,20.19856],[83.713,20.19953],[83.713,20.20074],[83.7114,20.20257],[83.71091,20.20418]]]}},{"type":"Feature","properties":{"LCODE":"100170003000300012","LOCATION":"DENGSARGI","V_TYPE":"VILLAGE","BLOCK":"SINAPALI","DISTRICT":"NUAPADA"},"geometry":{"type":"Polygon","coordinates":[[[83.46326,20.19546],[83.46426,20.19564],[83.4655,20.19688],[83.47107,20.19728],[83.47323,20.1981],[83.4761,20.20082],[83.47743,20.20459],[83.47932,20.20465],[83.48119,20.20311],[83.48064,20.20137],[83.47935,20.20024],[83.47842,20.19883],[83.47866,20.19747],[83.48135,20.19388],[83.48141,20.19188],[83.48055,20.18864],[83.47829,20.18238],[83.47731,20.17724],[83.47692,20.17649],[83.47357,20.17661],[83.47054,20.17812],[83.46898,20.17774],[83.46709,20.17933],[83.4651,20.18253],[83.46493,20.1839],[83.4656,20.18542],[83.46515,20.1862],[83.46506,20.18706],[83.46603,20.18864],[83.46461,20.19267],[83.46326,20.19546]]]}},{"type":"Feature","properties":{"LCODE":"100160004000400248","LOCATION":"DONGAPAJA","V_TYPE":"VILLAGE","BLOCK":"KHARIAR","DISTRICT":"NUAPADA"},"geometry":{"type":"Polygon","coordinates":[[[83.3852,20.19659],[83.38522,20.19763],[83.38595,20.19954],[83.38728,20.20108],[83.38959,20.20293],[83.39306,20.20453],[83.39568,20.2041],[83.39701,20.2042],[83.39698,20.20345],[83.39868,20.20178],[83.3998,20.20124],[83.40395,20.20057],[83.40634,20.19982],[83.40725,20.19838],[83.4118,20.19508],[83.41405,20.19503],[83.41486,20.19454],[83.41519,20.19381],[83.41561,20.19061],[83.41619,20.18965],[83.41682,20.18881],[83.4192,20.18688],[83.42153,20.1841],[83.41975,20.18368],[83.41867,20.18307],[83.41473,20.17974],[83.41288,20.17876],[83.40922,20.1791],[83.40423,20.1778],[83.40311,20.17679],[83.40293,20.17334],[83.40083,20.17115],[83.39987,20.17049],[83.39764,20.17013],[83.39581,20.17019],[83.39515,20.17005],[83.39471,20.1696],[83.39282,20.17239],[83.39142,20.17584],[83.38951,20.17825],[83.3893,20.18238],[83.39001,20.18458],[83.38984,20.18595],[83.38889,20.18885],[83.38716,20.19115],[83.38573,20.1939],[83.3852,20.19659]]]}},{"type":"Feature","properties":{"LCODE":"100160004000400160","LOCATION":"GADAPALA","V_TYPE":"VILLAGE","BLOCK":"KHARIAR","DISTRICT":"NUAPADA"},"geometry":{"type":"Polygon","coordinates":[[[83.68443,20.203],[83.68449,20.20357],[83.68522,20.20409],[83.68583,20.20398],[83.68644,20.20317],[83.68638,20.20252],[83.68584,20.20288],[83.6845,20.20271],[83.68443,20.203]]]}},{"type":"Feature","properties":{"LCODE":"100160004000400230","LOCATION":"HARICHANDRAPUR","V_TYPE":"VILLAGE","BLOCK":"KHARIAR","DISTRICT":"NUAPADA"},"geometry":{"type":"Polygon","coordinates":[[[83.52444,20.1938],[83.52486,20.19443],[83.52625,20.19501],[83.52789,20.19502],[83.52869,20.19531],[83.52946,20.19836],[83.52944,20.20025],[83.52896,20.20289],[83.5321,20.20274],[83.53635,20.20367],[83.53835,20.20333],[83.53982,20.20242],[83.53971,20.19966],[83.54044,20.19874],[83.54058,20.19719],[83.53967,20.19598],[83.53962,20.1946],[83.54036,20.19294],[83.5397,20.19161],[83.53726,20.19223],[83.53514,20.1924],[83.53156,20.19204],[83.52949,20.19272],[83.52731,20.19254],[83.52615,20.19179],[83.52506,20.19161],[83.52444,20.1938]]]}},{"type":"Feature","properties":{"LCODE":"100160004000400151","LOCATION":"DREMA","V_TYPE":"VILLAGE","BLOCK":"KHARIAR","DISTRICT":"NUAPADA"},"geometry":{"type":"Polygon","coordinates":[[[83.6821,20.1969],[83.68439,20.20093],[83.6845,20.20271],[83.68601,20.20283],[83.68638,20.20252],[83.68614,20.20151],[83.68694,20.19938],[83.68707,20.198],[83.68513,20.1976],[83.68283,20.19644],[83.6821,20.1969]]]}},{"type":"Feature","properties":{"LCODE":"10016000400040rf","LOCATION":"RF","V_TYPE":"FOREST","BLOCK":"KHARIAR","DISTRICT":"NUAPADA"},"geometry":{"type":"Polygon","coordinates":[[[83.53961,20.19535],[83.53967,20.19598],[83.54058,20.19719],[83.54044,20.19874],[83.53971,20.19966],[83.53982,20.20074],[83.54056,20.20018],[83.54196,20.20001],[83.54397,20.19835],[83.54483,20.19692],[83.5463,20.19589],[83.5463,20.19531],[83.54697,20.19537],[83.54884,20.19636],[83.54951,20.19642],[83.55018,20.1959],[83.55128,20.19635],[83.55079,20.19539],[83.55087,20.19315],[83.5499,20.19182],[83.54802,20.19147],[83.54766,20.19089],[83.54771,20.19038],[83.54493,20.19042],[83.5439,20.18979],[83.5425,20.19053],[83.5415,20.19011],[83.54073,20.19144],[83.53985,20.19186],[83.54036,20.19294],[83.53962,20.1946],[83.53961,20.19535]]]}},{"type":"Feature","properties":{"LCODE":"100170003000300013","LOCATION":"BHATEI","V_TYPE":"VILLAGE","BLOCK":"SINAPALI","DISTRICT":"NUAPADA"},"geometry":{"type":"Polygon","coordinates":[[[83.47692,20.17649],[83.47731,20.17724],[83.47829,20.18238],[83.48126,20.19084],[83.48135,20.19388],[83.48265,20.19289],[83.48349,20.19309],[83.48618,20.19942],[83.48711,20.20048],[83.48766,20.2005],[83.48867,20.19938],[83.49299,20.19591],[83.49658,20.19379],[83.49716,20.193],[83.49678,20.1899],[83.49408,20.18563],[83.49387,20.18453],[83.49421,20.1838],[83.49551,20.18292],[83.49535,20.18223],[83.49447,20.18163],[83.49442,20.18105],[83.49622,20.18014],[83.495,20.17866],[83.49693,20.17712],[83.49651,20.17516],[83.49658,20.17423],[83.49558,20.17415],[83.49422,20.17468],[83.49301,20.17476],[83.48784,20.17316],[83.48504,20.17353],[83.4819,20.17298],[83.48097,20.17317],[83.47797,20.17589],[83.47692,20.17649]]]}},{"type":"Feature","properties":{"LCODE":"100160004000400178","LOCATION":"BALIBAJU","V_TYPE":"VILLAGE","BLOCK":"KHARIAR","DISTRICT":"NUAPADA"},"geometry":{"type":"Polygon","coordinates":[[[83.63831,20.1972],[83.63879,20.19841],[83.64036,20.1991],[83.64109,20.19905],[83.64207,20.19842],[83.64249,20.19761],[83.6422,20.19669],[83.6408,20.19606],[83.63959,20.19611],[83.63861,20.19668],[83.63831,20.1972]]]}},{"type":"Feature","properties":{"LCODE":"100160004000400165","LOCATION":"POKHARI","V_TYPE":"VILLAGE","BLOCK":"KHARIAR","DISTRICT":"NUAPADA"},"geometry":{"type":"Polygon","coordinates":[[[83.75228,20.19233],[83.75278,20.19388],[83.75388,20.19479],[83.7544,20.19629],[83.75649,20.19673],[83.76165,20.19882],[83.7631,20.19881],[83.76425,20.19839],[83.76569,20.19682],[83.76632,20.19671],[83.76707,20.19554],[83.76652,20.19502],[83.76482,20.19475],[83.76318,20.19402],[83.76233,20.19316],[83.76147,20.19149],[83.75929,20.19163],[83.7565,20.19102],[83.75354,20.19099],[83.75252,20.19152],[83.75228,20.19233]]]}},{"type":"Feature","properties":{"LCODE":"100170003000300011","LOCATION":"UPHER","V_TYPE":"VILLAGE","BLOCK":"SINAPALI","DISTRICT":"NUAPADA"},"geometry":{"type":"Polygon","coordinates":[[[83.44034,20.19041],[83.44067,20.19123],[83.44276,20.19209],[83.4438,20.19318],[83.44498,20.1932],[83.45236,20.19561],[83.45593,20.19583],[83.46151,20.1979],[83.46268,20.19587],[83.46326,20.19546],[83.46461,20.19267],[83.46603,20.18864],[83.46506,20.18706],[83.46515,20.1862],[83.4656,20.18542],[83.46493,20.1839],[83.4651,20.18253],[83.46709,20.17933],[83.46898,20.17774],[83.46684,20.17611],[83.46158,20.17382],[83.45682,20.17298],[83.45486,20.17321],[83.45335,20.17292],[83.45181,20.18045],[83.45184,20.1812],[83.45381,20.18395],[83.45339,20.18543],[83.4529,20.18576],[83.45131,20.186],[83.45042,20.18517],[83.44952,20.18319],[83.44863,20.18264],[83.44772,20.18262],[83.4472,20.18363],[83.44693,20.18609],[83.44627,20.18779],[83.44674,20.1897],[83.44646,20.19072],[83.4455,20.19057],[83.44335,20.18936],[83.44093,20.18934],[83.44036,20.18984],[83.44034,20.19041]]]}},{"type":"Feature","properties":{"LCODE":"100160004000400225","LOCATION":"JEKABAHALI","V_TYPE":"VILLAGE","BLOCK":"KHARIAR","DISTRICT":"NUAPADA"},"geometry":{"type":"Polygon","coordinates":[[[83.54766,20.19089],[83.54802,20.19147],[83.5499,20.19182],[83.55062,20.19268],[83.55092,20.19372],[83.55079,20.19539],[83.55128,20.19635],[83.5523,20.19677],[83.55601,20.19592],[83.55859,20.19759],[83.56038,20.19709],[83.56117,20.19652],[83.56288,20.19428],[83.56471,20.19274],[83.56527,20.1913],[83.56396,20.18652],[83.56381,20.18491],[83.55886,20.18582],[83.55417,20.18573],[83.54882,20.18998],[83.54771,20.19038],[83.54766,20.19089]]]}},{"type":"Feature","properties":{"LCODE":"100170003000300006","LOCATION":"DHAUNRAMAL","V_TYPE":"VILLAGE","BLOCK":"SINAPALI","DISTRICT":"NUAPADA"},"geometry":{"type":"Polygon","coordinates":[[[83.42611,20.17447],[83.42775,20.17728],[83.4279,20.17803],[83.42737,20.18105],[83.42691,20.18207],[83.42663,20.1847],[83.43015,20.1847],[83.43111,20.18502],[83.43203,20.18659],[83.43181,20.18779],[83.43136,20.18841],[83.42937,20.18961],[83.42892,20.19022],[83.42884,20.19097],[83.42998,20.19312],[83.43103,20.19425],[83.4323,20.1944],[83.43586,20.19331],[83.43786,20.19337],[83.43922,20.19428],[83.44115,20.19657],[83.44183,20.19698],[83.44194,20.19654],[83.44339,20.19498],[83.4438,20.19318],[83.44276,20.19209],[83.44067,20.19123],[83.44034,20.19041],[83.44096,20.18819],[83.44192,20.1869],[83.44012,20.18278],[83.43943,20.18178],[83.43778,20.18035],[83.43639,20.18014],[83.43616,20.17984],[83.43735,20.1789],[83.43739,20.17764],[83.43789,20.17731],[83.43744,20.17644],[83.43441,20.17401],[83.43343,20.17488],[83.43209,20.17489],[83.43143,20.17619],[83.4301,20.17604],[83.4296,20.17648],[83.42896,20.17571],[83.42812,20.17563],[83.42818,20.17374],[83.42692,20.17341],[83.42611,20.17447]]]}},{"type":"Feature","properties":{"LCODE":"100160004000400166","LOCATION":"MATAKUPA","V_TYPE":"VILLAGE","BLOCK":"KHARIAR","DISTRICT":"NUAPADA"},"geometry":{"type":"Polygon","coordinates":[[[83.78243,20.18922],[83.78372,20.19129],[83.78394,20.19463],[83.78461,20.19578],[83.7886,20.19557],[83.79168,20.19625],[83.79292,20.19229],[83.79278,20.19067],[83.79236,20.18968],[83.79036,20.18932],[83.78854,20.18824],[83.78769,20.18825],[83.78546,20.18937],[83.78365,20.18898],[83.78243,20.18922]]]}},{"type":"Feature","properties":{"LCODE":"100160004000400149","LOCATION":"KUDTEL","V_TYPE":"VILLAGE","BLOCK":"KHARIAR","DISTRICT":"NUAPADA"},"geometry":{"type":"Polygon","coordinates":[[[83.66274,20.19251],[83.6628,20.19297],[83.66425,20.19465],[83.66522,20.19471],[83.66583,20.19408],[83.6659,20.19253],[83.6639,20.19171],[83.66293,20.19211],[83.66274,20.19251]]]}},{"type":"Feature","properties":{"LCODE":"100160004000400229","LOCATION":"MOTOGANDA","V_TYPE":"VILLAGE","BLOCK":"KHARIAR","DISTRICT":"NUAPADA"},"geometry":{"type":"Polygon","coordinates":[[[83.52518,20.19162],[83.52809,20.19272],[83.52949,20.19272],[83.53156,20.19204],[83.53514,20.1924],[83.53726,20.19223],[83.53921,20.19167],[83.54031,20.19179],[83.54153,20.19018],[83.54044,20.18788],[83.54132,20.18449],[83.53841,20.18316],[83.53775,20.18189],[83.53795,20.18161],[83.53605,20.18194],[83.53361,20.18348],[83.53191,20.18376],[83.52954,20.18335],[83.52795,20.18222],[83.52747,20.18369],[83.52728,20.18564],[83.52793,20.18829],[83.52787,20.18933],[83.52598,20.19064],[83.52518,20.19162]]]}},{"type":"Feature","properties":{"LCODE":"100160004000400152","LOCATION":"PUIJURI","V_TYPE":"VILLAGE","BLOCK":"KHARIAR","DISTRICT":"NUAPADA"},"geometry":{"type":"Polygon","coordinates":[[[83.65942,20.19049],[83.65959,20.19112],[83.66002,20.1913],[83.66142,20.19096],[83.66434,20.18827],[83.66459,20.18735],[83.66435,20.18631],[83.66302,20.18516],[83.66345,20.18395],[83.66334,20.18332],[83.66273,20.18338],[83.65986,20.18618],[83.65968,20.18727],[83.66021,20.18888],[83.65942,20.19049]]]}},{"type":"Feature","properties":{"LCODE":"100160004000400261","LOCATION":"BURAT","V_TYPE":"VILLAGE","BLOCK":"KHARIAR","DISTRICT":"NUAPADA"},"geometry":{"type":"Polygon","coordinates":[[[83.49442,20.18128],[83.49552,20.18269],[83.49526,20.1832],[83.49492,20.18328],[83.49932,20.18866],[83.50059,20.18887],[83.50078,20.18963],[83.50186,20.1909],[83.50368,20.19062],[83.50497,20.18947],[83.50699,20.18695],[83.5096,20.18252],[83.50873,20.17971],[83.51013,20.1792],[83.50961,20.17592],[83.49988,20.17657],[83.49782,20.17784],[83.4968,20.17735],[83.495,20.17866],[83.49622,20.18014],[83.49455,20.18089],[83.49442,20.18128]]]}},{"type":"Feature","properties":{"LCODE":"100170003000300007","LOCATION":"SADENGTARA","V_TYPE":"VILLAGE","BLOCK":"SINAPALI","DISTRICT":"NUAPADA"},"geometry":{"type":"Polygon","coordinates":[[[83.4332,20.17281],[83.43427,20.17353],[83.43454,20.17428],[83.43585,20.17496],[83.43625,20.17571],[83.4372,20.17615],[83.43784,20.17703],[83.43788,20.17749],[83.43739,20.17764],[83.43722,20.17919],[83.43655,20.17934],[83.43616,20.17984],[83.43639,20.18014],[83.43778,20.18035],[83.43943,20.18178],[83.44035,20.18324],[83.44106,20.18539],[83.44192,20.1869],[83.44096,20.18819],[83.44077,20.18943],[83.44335,20.18936],[83.4455,20.19057],[83.44646,20.19072],[83.44674,20.1897],[83.44627,20.18779],[83.44693,20.18609],[83.4472,20.18363],[83.44772,20.18262],[83.44863,20.18264],[83.44952,20.18319],[83.45042,20.18517],[83.45131,20.186],[83.4529,20.18576],[83.45339,20.18543],[83.45381,20.18395],[83.45184,20.1812],[83.45181,20.18045],[83.45335,20.17299],[83.45326,20.17207],[83.45234,20.17066],[83.45033,20.16911],[83.45023,20.16876],[83.44776,20.16805],[83.4405,20.16719],[83.43768,20.16962],[83.43534,20.17052],[83.43346,20.17213],[83.4332,20.17281]]]}},{"type":"Feature","properties":{"LCODE":"100160004000400227","LOCATION":"GOUNKARLA KHUNTI","V_TYPE":"VILLAGE","BLOCK":"KHARIAR","DISTRICT":"NUAPADA"},"geometry":{"type":"Polygon","coordinates":[[[83.53775,20.18189],[83.53841,20.18316],[83.54132,20.18449],[83.54044,20.18788],[83.5415,20.19011],[83.54189,20.19041],[83.5425,20.19053],[83.5439,20.18979],[83.54493,20.19042],[83.54821,20.19032],[83.55417,20.18573],[83.55262,20.18338],[83.55182,20.18075],[83.55154,20.18165],[83.55099,20.18222],[83.54989,20.18233],[83.54813,20.18164],[83.54693,20.18025],[83.54104,20.17989],[83.53897,20.18074],[83.53775,20.18189]]]}},{"type":"Feature","properties":{"LCODE":"100160004000400226","LOCATION":"GOUDKELA","V_TYPE":"VILLAGE","BLOCK":"KHARIAR","DISTRICT":"NUAPADA"},"geometry":{"type":"Polygon","coordinates":[[[83.55182,20.18075],[83.55262,20.18338],[83.55417,20.18573],[83.55886,20.18582],[83.56257,20.18502],[83.56725,20.18493],[83.56761,20.1848],[83.56702,20.18274],[83.5672,20.18246],[83.56854,20.182],[83.56975,20.18287],[83.57066,20.18253],[83.57066,20.18201],[83.56957,20.18149],[83.56897,20.18039],[83.56673,20.18027],[83.56712,20.17602],[83.56639,20.17486],[83.56591,20.17475],[83.56366,20.17537],[83.56018,20.17783],[83.55951,20.17783],[83.55739,20.17696],[83.5555,20.17758],[83.5524,20.17958],[83.55182,20.18075]]]}},{"type":"Feature","properties":{"LCODE":"100160004000400228","LOCATION":"KUSUMKHAL","V_TYPE":"VILLAGE","BLOCK":"KHARIAR","DISTRICT":"NUAPADA"},"geometry":{"type":"Polygon","coordinates":[[[83.51131,20.18484],[83.51234,20.1853],[83.51368,20.1849],[83.51953,20.1813],[83.52434,20.17919],[83.52519,20.1792],[83.52604,20.17978],[83.5276,20.18191],[83.52954,20.18335],[83.53191,20.18376],[83.53361,20.18348],[83.53605,20.18194],[83.53795,20.18161],[83.5397,20.1804],[83.53909,20.17977],[83.53828,20.17488],[83.53647,20.17125],[83.53223,20.17217],[83.5285,20.1753],[83.52726,20.178],[83.52623,20.17857],[83.52428,20.17856],[83.52294,20.17902],[83.52216,20.17965],[83.52082,20.1793],[83.51881,20.17952],[83.51614,20.1806],[83.51485,20.18071],[83.51334,20.18043],[83.5126,20.18214],[83.51156,20.18352],[83.51131,20.18484]]]}},{"type":"Feature","properties":{"LCODE":"100160004000400167","LOCATION":"SITAPODI","V_TYPE":"VILLAGE","BLOCK":"KHARIAR","DISTRICT":"NUAPADA"},"geometry":{"type":"Polygon","coordinates":[[[83.78311,20.18379],[83.78318,20.18414],[83.78464,20.18493],[83.78578,20.18504],[83.78578,20.18434],[83.7851,20.18256],[83.78419,20.18251],[83.78311,20.18379]]]}},{"type":"Feature","properties":{"LCODE":"100170003000300005","LOCATION":"BRAMHANI","V_TYPE":"VILLAGE","BLOCK":"SINAPALI","DISTRICT":"NUAPADA"},"geometry":{"type":"Polygon","coordinates":[[[83.41023,20.1746],[83.41074,20.17726],[83.41155,20.17876],[83.41288,20.17876],[83.41413,20.17932],[83.41779,20.18247],[83.41975,20.18368],[83.42088,20.18406],[83.42663,20.1847],[83.42691,20.18207],[83.42782,20.17872],[83.42775,20.17728],[83.42632,20.17465],[83.4243,20.17356],[83.42375,20.17199],[83.42228,20.17063],[83.42144,20.17031],[83.42136,20.16916],[83.42095,20.16875],[83.41944,20.16841],[83.41821,20.16728],[83.41652,20.167],[83.41569,20.16657],[83.4135,20.16662],[83.41147,20.16731],[83.41109,20.16929],[83.41207,20.17248],[83.41149,20.17344],[83.41037,20.17409],[83.41023,20.1746]]]}},{"type":"Feature","properties":{"LCODE":"100160004000400168","LOCATION":"KACHUPADA","V_TYPE":"VILLAGE","BLOCK":"KHARIAR","DISTRICT":"NUAPADA"},"geometry":{"type":"Polygon","coordinates":[[[83.77814,20.18199],[83.7782,20.18239],[83.78008,20.18347],[83.78159,20.18178],[83.78066,20.18041],[83.78,20.18018],[83.77873,20.18106],[83.77814,20.18199]]]}},{"type":"Feature","properties":{"LCODE":"100170003000300004","LOCATION":"JODABANDHA","V_TYPE":"VILLAGE","BLOCK":"SINAPALI","DISTRICT":"NUAPADA"},"geometry":{"type":"Polygon","coordinates":[[[83.39464,20.16923],[83.39474,20.16975],[83.39515,20.17005],[83.39867,20.17022],[83.39987,20.17049],[83.40083,20.17115],[83.40293,20.17334],[83.40311,20.17679],[83.40423,20.1778],[83.40922,20.1791],[83.41155,20.17876],[83.41074,20.17726],[83.41023,20.1746],[83.41037,20.17409],[83.41149,20.17344],[83.41207,20.17248],[83.41109,20.16929],[83.41147,20.16731],[83.4101,20.1664],[83.40871,20.1644],[83.40736,20.1635],[83.40495,20.16285],[83.40394,20.16224],[83.40363,20.16235],[83.40014,20.16476],[83.39599,20.16617],[83.39593,20.16715],[83.39478,20.16861],[83.39464,20.16923]]]}},{"type":"Feature","properties":{"LCODE":"100170003000300010","LOCATION":"SERGARH","V_TYPE":"VILLAGE","BLOCK":"SINAPALI","DISTRICT":"NUAPADA"},"geometry":{"type":"Polygon","coordinates":[[[83.44743,20.15691],[83.44902,20.15828],[83.44839,20.15901],[83.44854,20.15982],[83.44803,20.16049],[83.44813,20.16118],[83.44866,20.16154],[83.44946,20.16145],[83.45016,20.16211],[83.44867,20.16464],[83.44872,20.16516],[83.45031,20.16641],[83.45047,20.16705],[83.45022,20.16887],[83.45234,20.17066],[83.45326,20.17207],[83.45335,20.17292],[83.45486,20.17321],[83.45682,20.17298],[83.46158,20.17382],[83.46684,20.17611],[83.46867,20.1776],[83.47054,20.17812],[83.47357,20.17661],[83.47722,20.17644],[83.48091,20.17346],[83.48098,20.17312],[83.48006,20.17183],[83.48021,20.17097],[83.48258,20.16744],[83.48384,20.1645],[83.4838,20.16375],[83.47946,20.16132],[83.47823,20.1599],[83.47563,20.15953],[83.47486,20.15916],[83.47269,20.15675],[83.46648,20.15574],[83.46378,20.15468],[83.46178,20.15468],[83.46106,20.15437],[83.46069,20.15447],[83.46011,20.15571],[83.4562,20.15622],[83.4527,20.15731],[83.45015,20.15717],[83.4478,20.15664],[83.44746,20.15662],[83.44743,20.15691]]]}},{"type":"Feature","properties":{"LCODE":"100170003000300003","LOCATION":"GHODABANDHA","V_TYPE":"VILLAGE","BLOCK":"SINAPALI","DISTRICT":"NUAPADA"},"geometry":{"type":"Polygon","coordinates":[[[83.40326,20.15751],[83.40419,20.1603],[83.40412,20.16242],[83.40736,20.1635],[83.40871,20.1644],[83.4101,20.1664],[83.41122,20.16723],[83.41165,20.16736],[83.4135,20.16662],[83.41526,20.16656],[83.41821,20.16728],[83.41944,20.16841],[83.42095,20.16875],[83.42136,20.16916],[83.42144,20.17031],[83.42228,20.17063],[83.42375,20.17199],[83.4243,20.17356],[83.42477,20.17397],[83.42611,20.17447],[83.42692,20.17341],[83.42818,20.17374],[83.42812,20.17563],[83.42896,20.17571],[83.4296,20.17648],[83.4301,20.17604],[83.43143,20.17619],[83.43209,20.17489],[83.43343,20.17488],[83.43441,20.17401],[83.43427,20.17353],[83.4332,20.17281],[83.43333,20.17229],[83.43127,20.17217],[83.43123,20.17166],[83.43194,20.17053],[83.43202,20.16985],[83.43246,20.16952],[83.43313,20.16954],[83.43298,20.16684],[83.4324,20.16607],[83.43226,20.16515],[83.43148,20.16472],[83.43051,20.16463],[83.43021,20.16468],[83.42944,20.16575],[83.4286,20.16549],[83.4285,20.16474],[83.42907,20.16258],[83.42756,20.16052],[83.42474,20.15785],[83.42486,20.15637],[83.42258,20.15377],[83.42244,20.15273],[83.42116,20.15109],[83.42012,20.14801],[83.41766,20.1473],[83.41402,20.14707],[83.41301,20.14635],[83.4119,20.14395],[83.41058,20.14467],[83.40891,20.14404],[83.40768,20.14451],[83.40685,20.14535],[83.40595,20.14515],[83.40416,20.1456],[83.40445,20.14648],[83.40403,20.14956],[83.40471,20.1509],[83.4046,20.15222],[83.40569,20.15415],[83.4057,20.15553],[83.40542,20.15655],[83.4034,20.15694],[83.40326,20.15751]]]}},{"type":"Feature","properties":{"LCODE":"100160004000400177","LOCATION":"SANKUS","V_TYPE":"VILLAGE","BLOCK":"KHARIAR","DISTRICT":"NUAPADA"},"geometry":{"type":"Polygon","coordinates":[[[83.6269,20.17175],[83.62749,20.17307],[83.63078,20.17251],[83.63181,20.17298],[83.63259,20.17384],[83.63319,20.17574],[83.63386,20.17597],[83.63538,20.17512],[83.63594,20.17305],[83.63746,20.17231],[83.63789,20.17185],[83.63802,20.17116],[83.6371,20.17075],[83.63449,20.17086],[83.63383,20.17034],[83.6331,20.16902],[83.63135,20.16866],[83.62928,20.16917],[83.62872,20.17038],[83.6269,20.17175]]]}},{"type":"Feature","properties":{"LCODE":"100170003000300014","LOCATION":"SRIPALLI","V_TYPE":"VILLAGE","BLOCK":"SINAPALI","DISTRICT":"NUAPADA"},"geometry":{"type":"Polygon","coordinates":[[[83.47763,20.15971],[83.47823,20.1599],[83.47946,20.16132],[83.4838,20.16375],[83.48384,20.1645],[83.48258,20.16744],[83.48021,20.17097],[83.48006,20.17183],[83.48097,20.17317],[83.48263,20.173],[83.48576,20.17356],[83.48724,20.17309],[83.48784,20.17316],[83.49301,20.17476],[83.49422,20.17468],[83.49558,20.17415],[83.49658,20.17423],[83.49742,20.17364],[83.50197,20.1729],[83.51115,20.17081],[83.51231,20.16846],[83.51509,20.16099],[83.51449,20.1599],[83.51213,20.15903],[83.50642,20.15826],[83.50484,20.15842],[83.50405,20.15928],[83.50234,20.16031],[83.50101,20.16036],[83.50004,20.16002],[83.50018,20.1596],[83.49885,20.15913],[83.49707,20.15787],[83.49539,20.15558],[83.4942,20.15319],[83.49276,20.14747],[83.49201,20.14647],[83.49147,20.14634],[83.48828,20.1471],[83.4861,20.14691],[83.48401,20.1461],[83.48296,20.14641],[83.48226,20.1461],[83.48073,20.14605],[83.47956,20.14642],[83.47947,20.14733],[83.48017,20.14988],[83.47774,20.15496],[83.4779,20.15737],[83.47763,20.15971]]]}},{"type":"Feature","properties":{"LCODE":"100170003000300008","LOCATION":"KHARIKA","V_TYPE":"VILLAGE","BLOCK":"SINAPALI","DISTRICT":"NUAPADA"},"geometry":{"type":"Polygon","coordinates":[[[83.43122,20.17194],[83.43176,20.17236],[83.43333,20.17229],[83.43534,20.17052],[83.43768,20.16962],[83.44,20.16746],[83.44114,20.16715],[83.44017,20.16466],[83.43864,20.16334],[83.438,20.16224],[83.43671,20.16191],[83.43656,20.16351],[83.43507,20.16639],[83.43437,20.16699],[83.43302,20.16718],[83.43288,20.16804],[83.43313,20.16954],[83.43215,20.16968],[83.43122,20.17194]]]}},{"type":"Feature","properties":{"LCODE":"100160004000400176","LOCATION":"MUSUNG","V_TYPE":"VILLAGE","BLOCK":"KHARIAR","DISTRICT":"NUAPADA"},"geometry":{"type":"Polygon","coordinates":[[[83.63527,20.16167],[83.63574,20.16333],[83.63677,20.16455],[83.63749,20.16616],[83.63821,20.16972],[83.63766,20.17076],[83.63972,20.17065],[83.64082,20.17019],[83.64173,20.16916],[83.64173,20.16784],[83.63855,20.16196],[83.63795,20.16041],[83.63801,20.15972],[83.6382,20.15932],[83.63953,20.15852],[83.64185,20.15818],[83.64336,20.15756],[83.6441,20.15653],[83.64405,20.15457],[83.64302,20.15445],[83.64137,20.15611],[83.63766,20.15725],[83.63705,20.15788],[83.63656,20.15937],[83.63527,20.16167]]]}},{"type":"Feature","properties":{"LCODE":"100160004000400169","LOCATION":"MASKAPADAR","V_TYPE":"VILLAGE","BLOCK":"KHARIAR","DISTRICT":"NUAPADA"},"geometry":{"type":"Polygon","coordinates":[[[83.73092,20.16908],[83.73148,20.16903],[83.73191,20.16863],[83.73582,20.16411],[83.73571,20.16169],[83.73505,20.16037],[83.7345,20.15993],[83.73305,20.16047],[83.73145,20.16369],[83.73168,20.16691],[83.73092,20.16908]]]}},{"type":"Feature","properties":{"LCODE":"100160004000400171","LOCATION":"LAHADI","V_TYPE":"VILLAGE","BLOCK":"KHARIAR","DISTRICT":"NUAPADA"},"geometry":{"type":"Polygon","coordinates":[[[83.72233,20.15297],[83.72263,20.15343],[83.72433,20.15435],[83.72561,20.15401],[83.72615,20.15419],[83.72675,20.15488],[83.72748,20.15655],[83.72808,20.15701],[83.72886,20.15914],[83.72897,20.16161],[83.72738,20.16425],[83.72732,20.16511],[83.72798,20.16597],[83.72961,20.16707],[83.73039,20.16862],[83.73092,20.16908],[83.73168,20.16691],[83.73145,20.16369],[83.73305,20.16047],[83.73414,20.16019],[83.73512,20.15951],[83.73725,20.15687],[83.73738,20.15566],[83.73702,20.15474],[83.73611,20.15382],[83.73521,20.15347],[83.73533,20.15232],[83.73485,20.15175],[83.73254,20.15059],[83.73169,20.15191],[83.72797,20.15356],[83.72549,20.15298],[83.72325,20.15142],[83.72246,20.15233],[83.72233,20.15297]]]}},{"type":"Feature","properties":{"LCODE":"100170003000300009","LOCATION":"RATANPUR","V_TYPE":"VILLAGE","BLOCK":"SINAPALI","DISTRICT":"NUAPADA"},"geometry":{"type":"Polygon","coordinates":[[[83.43665,20.16116],[83.43671,20.16191],[83.438,20.16224],[83.43864,20.16334],[83.43993,20.1643],[83.44114,20.16715],[83.44776,20.16805],[83.45023,20.16876],[83.45047,20.16705],[83.45031,20.16641],[83.44883,20.16539],[83.44867,20.16464],[83.45016,20.16211],[83.44946,20.16145],[83.44836,20.16142],[83.44801,20.16095],[83.44803,20.16049],[83.44854,20.15982],[83.44839,20.15901],[83.44902,20.15828],[83.44743,20.15691],[83.44717,20.15547],[83.44589,20.15394],[83.44528,20.15249],[83.44296,20.15104],[83.44296,20.14949],[83.44244,20.1489],[83.44126,20.1511],[83.43987,20.15254],[83.43908,20.15441],[83.43932,20.15786],[83.43751,20.15929],[83.43681,20.16025],[83.43665,20.16116]]]}},{"type":"Feature","properties":{"LCODE":"100170003000300019","LOCATION":"TULAPADA","V_TYPE":"VILLAGE","BLOCK":"SINAPALI","DISTRICT":"NUAPADA"},"geometry":{"type":"Polygon","coordinates":[[[83.41222,20.11259],[83.41254,20.11398],[83.41418,20.11564],[83.41434,20.11633],[83.41439,20.12167],[83.41405,20.12407],[83.41493,20.12668],[83.41472,20.12765],[83.41396,20.12848],[83.41423,20.13113],[83.41364,20.13231],[83.41396,20.13424],[83.41492,20.13551],[83.4164,20.13636],[83.41678,20.13781],[83.41815,20.13854],[83.41866,20.13965],[83.41844,20.14056],[83.41896,20.1431],[83.41805,20.14468],[83.41763,20.1465],[83.41712,20.14728],[83.42012,20.14801],[83.42116,20.15109],[83.42244,20.15273],[83.42258,20.15377],[83.42486,20.15637],[83.42474,20.15785],[83.42756,20.16052],[83.42907,20.16258],[83.4285,20.16474],[83.4286,20.16549],[83.42944,20.16575],[83.43021,20.16468],[83.43148,20.16472],[83.43226,20.16515],[83.4324,20.16607],[83.43302,20.16718],[83.43437,20.16699],[83.43533,20.16599],[83.43656,20.16351],[83.43681,20.16025],[83.43751,20.15929],[83.43932,20.15786],[83.43906,20.15498],[83.43928,20.15384],[83.44026,20.15193],[83.44164,20.15054],[83.4424,20.14893],[83.44173,20.14796],[83.4419,20.1467],[83.44153,20.14531],[83.44028,20.1447],[83.43946,20.14381],[83.43909,20.14042],[83.43831,20.13861],[83.43744,20.1375],[83.43636,20.13712],[83.43565,20.13641],[83.43432,20.13636],[83.43386,20.13566],[83.43436,20.13172],[83.43351,20.13026],[83.43315,20.12669],[83.43398,20.12391],[83.43477,20.12296],[83.43521,20.1201],[83.43476,20.11901],[83.43291,20.11968],[83.43182,20.11976],[83.43011,20.11827],[83.42892,20.11772],[83.42819,20.11758],[83.42673,20.11794],[83.42522,20.1176],[83.42505,20.11725],[83.42548,20.11692],[83.42538,20.11663],[83.42416,20.1151],[83.42246,20.11481],[83.4216,20.11347],[83.41903,20.11252],[83.41763,20.11111],[83.41714,20.11114],[83.41348,20.10951],[83.41252,20.11122],[83.41222,20.11259]]]}},{"type":"Feature","properties":{"LCODE":"100170003000300002","LOCATION":"LAMSINGA","V_TYPE":"VILLAGE","BLOCK":"SINAPALI","DISTRICT":"NUAPADA"},"geometry":{"type":"Polygon","coordinates":[[[83.39322,20.15308],[83.39385,20.15555],[83.3959,20.1594],[83.39461,20.16493],[83.39586,20.16566],[83.39599,20.16617],[83.40014,20.16476],[83.40363,20.16235],[83.40412,20.16242],[83.40419,20.1603],[83.40326,20.15751],[83.40336,20.15712],[83.4013,20.15464],[83.39708,20.15192],[83.39562,20.15193],[83.39413,20.15303],[83.39322,20.15308]]]}},{"type":"Feature","properties":{"LCODE":"100160004000400173","LOCATION":"JARKA","V_TYPE":"VILLAGE","BLOCK":"KHARIAR","DISTRICT":"NUAPADA"},"geometry":{"type":"Polygon","coordinates":[[[83.68226,20.16494],[83.68256,20.16535],[83.68298,20.16529],[83.68439,20.16452],[83.68591,20.16157],[83.68744,20.15985],[83.68764,20.15732],[83.688,20.15611],[83.68996,20.15509],[83.69281,20.15527],[83.69342,20.15464],[83.69598,20.15344],[83.6964,20.15264],[83.69635,20.15155],[83.69527,20.14947],[83.69266,20.14849],[83.69205,20.14918],[83.69114,20.14963],[83.68834,20.15031],[83.68779,20.15111],[83.68814,20.1529],[83.68716,20.15439],[83.6874,20.15571],[83.68619,20.15645],[83.68648,20.15818],[83.68592,20.15984],[83.68415,20.16282],[83.68262,20.16385],[83.68226,20.16494]]]}},{"type":"Feature","properties":{"LCODE":"100160004000400300","LOCATION":"JHARKHMAN","V_TYPE":"VILLAGE","BLOCK":"KHARIAR","DISTRICT":"NUAPADA"},"geometry":{"type":"Polygon","coordinates":[[[83.60912,20.15732],[83.60941,20.15979],[83.61013,20.16054],[83.61134,20.16106],[83.6156,20.1605],[83.61602,20.16068],[83.61747,20.16223],[83.61819,20.16442],[83.6194,20.16488],[83.62092,20.1646],[83.62141,20.1638],[83.62305,20.1626],[83.62343,20.16174],[83.62534,20.15936],[83.62417,20.15904],[83.62284,20.15777],[83.62071,20.15868],[83.61986,20.15874],[83.61913,20.15804],[83.61926,20.15666],[83.61878,20.15609],[83.61799,20.15597],[83.61555,20.15705],[83.61446,20.1567],[83.61381,20.15515],[83.61491,20.15205],[83.61438,20.15026],[83.61335,20.1498],[83.61243,20.15009],[83.61146,20.15083],[83.61097,20.15209],[83.60956,20.15393],[83.60913,20.15507],[83.60912,20.15732]]]}},{"type":"Feature","properties":{"LCODE":"100160004000400174","LOCATION":"BUDUNG","V_TYPE":"VILLAGE","BLOCK":"KHARIAR","DISTRICT":"NUAPADA"},"geometry":{"type":"Polygon","coordinates":[[[83.66168,20.16194],[83.6618,20.16303],[83.66216,20.16337],[83.66417,20.16338],[83.66545,20.16143],[83.66655,20.16057],[83.66655,20.16011],[83.66443,20.15965],[83.66309,20.15987],[83.66175,20.16084],[83.66168,20.16194]]]}},{"type":"Feature","properties":{"LCODE":"100160004000400170","LOCATION":"PIDEL","V_TYPE":"VILLAGE","BLOCK":"KHARIAR","DISTRICT":"NUAPADA"},"geometry":{"type":"Polygon","coordinates":[[[83.74137,20.1589],[83.74458,20.16126],[83.74615,20.16162],[83.74658,20.1611],[83.74568,20.15977],[83.74574,20.15932],[83.74648,20.1588],[83.7463,20.15782],[83.74459,20.15839],[83.74338,20.15799],[83.74162,20.15844],[83.74137,20.1589]]]}},{"type":"Feature","properties":{"LCODE":"100170003000300015","LOCATION":"LIMURSINGH","V_TYPE":"VILLAGE","BLOCK":"SINAPALI","DISTRICT":"NUAPADA"},"geometry":{"type":"Polygon","coordinates":[[[83.4581,20.14728],[83.45843,20.14821],[83.4609,20.14869],[83.46156,20.14899],[83.4619,20.14958],[83.46199,20.15038],[83.46153,20.1514],[83.46135,20.15306],[83.46069,20.15447],[83.46378,20.15468],[83.46648,20.15574],[83.47216,20.15656],[83.47269,20.15675],[83.47486,20.15916],[83.47563,20.15953],[83.47763,20.15971],[83.4779,20.15737],[83.47774,20.15496],[83.48017,20.14988],[83.47973,20.14796],[83.47733,20.14944],[83.47379,20.14984],[83.47366,20.15041],[83.47484,20.15114],[83.47481,20.152],[83.47321,20.15269],[83.47115,20.15268],[83.47031,20.15208],[83.46939,20.1524],[83.46839,20.15323],[83.46784,20.15321],[83.46661,20.15219],[83.46628,20.15115],[83.467,20.14986],[83.46978,20.1484],[83.4706,20.14733],[83.47069,20.14671],[83.4692,20.1458],[83.46891,20.14539],[83.4691,20.14511],[83.47008,20.14508],[83.47108,20.14408],[83.47308,20.14437],[83.47351,20.14404],[83.4733,20.14335],[83.47139,20.14231],[83.47099,20.14178],[83.47113,20.14116],[83.47265,20.14104],[83.47403,20.14142],[83.47538,20.14273],[83.47629,20.14293],[83.47719,20.13975],[83.47662,20.13793],[83.47605,20.13765],[83.473,20.13795],[83.47173,20.13774],[83.46886,20.13656],[83.46613,20.13647],[83.46512,20.13601],[83.46528,20.13661],[83.46658,20.13757],[83.4668,20.13832],[83.46599,20.13881],[83.46416,20.13887],[83.46355,20.13914],[83.46352,20.13988],[83.46427,20.14111],[83.46412,20.14197],[83.46324,20.14257],[83.46069,20.14283],[83.45975,20.1436],[83.45866,20.14523],[83.4581,20.14728]]]}},{"type":"Feature","properties":{"LCODE":"100160004000400262","LOCATION":"CHOCHOBAHALI","V_TYPE":"VILLAGE","BLOCK":"KHARIAR","DISTRICT":"NUAPADA"},"geometry":{"type":"Polygon","coordinates":[[[83.49316,20.14883],[83.4942,20.15319],[83.49603,20.15657],[83.49789,20.15858],[83.50018,20.1596],[83.50102,20.15784],[83.50395,20.15543],[83.50427,20.1525],[83.50476,20.15158],[83.50653,20.15004],[83.50684,20.14894],[83.50867,20.14705],[83.50855,20.14671],[83.50632,20.14567],[83.50608,20.14492],[83.50615,20.14273],[83.50458,20.14232],[83.50281,20.14284],[83.49994,20.14564],[83.49945,20.14551],[83.49316,20.14883]]]}},{"type":"Feature","properties":{"LCODE":"100160004000400297","LOCATION":"KURUPADAR","V_TYPE":"VILLAGE","BLOCK":"KHARIAR","DISTRICT":"NUAPADA"},"geometry":{"type":"Polygon","coordinates":[[[83.61283,20.14486],[83.61337,20.14566],[83.6147,20.14601],[83.61567,20.14682],[83.61658,20.14688],[83.61743,20.14637],[83.61834,20.14683],[83.6202,20.15167],[83.62225,20.15363],[83.62255,20.15484],[83.62236,20.15708],[83.62264,20.15777],[83.62417,20.15904],[83.62534,20.15936],[83.62642,20.15876],[83.62691,20.15767],[83.62682,20.15295],[83.62919,20.15078],[83.62999,20.14969],[83.63012,20.14705],[83.62982,20.14676],[83.62775,20.14664],[83.62424,20.14409],[83.62194,20.1438],[83.62103,20.14305],[83.62038,20.14144],[83.61874,20.14057],[83.61649,20.14062],[83.616,20.14096],[83.6132,20.14394],[83.61283,20.14486]]]}},{"type":"Feature","properties":{"LCODE":"100160004000400175","LOCATION":"KUSUMDIG","V_TYPE":"VILLAGE","BLOCK":"KHARIAR","DISTRICT":"NUAPADA"},"geometry":{"type":"Polygon","coordinates":[[[83.65089,20.15793],[83.6518,20.15834],[83.65746,20.15813],[83.65836,20.15727],[83.65837,20.15692],[83.6577,20.15652],[83.65498,20.15588],[83.65132,20.15747],[83.65089,20.15793]]]}},{"type":"Feature","properties":{"LCODE":"100170003000300016","LOCATION":"JAMPADAR","V_TYPE":"VILLAGE","BLOCK":"SINAPALI","DISTRICT":"NUAPADA"},"geometry":{"type":"Polygon","coordinates":[[[83.44516,20.15243],[83.44589,20.15394],[83.44717,20.15547],[83.44746,20.15662],[83.45015,20.15717],[83.4527,20.15731],[83.4562,20.15622],[83.46011,20.15571],[83.46135,20.15306],[83.46201,20.14998],[83.46156,20.14899],[83.4612,20.14881],[83.45843,20.14821],[83.45811,20.14691],[83.45194,20.14611],[83.44981,20.14804],[83.44738,20.14975],[83.44516,20.15243]]]}},{"type":"Feature","properties":{"LCODE":"100170003000300001","LOCATION":"RASKI","V_TYPE":"VILLAGE","BLOCK":"SINAPALI","DISTRICT":"NUAPADA"},"geometry":{"type":"Polygon","coordinates":[[[83.39284,20.14343],[83.39313,20.14376],[83.39356,20.14676],[83.39349,20.149],[83.39316,20.14973],[83.39322,20.15308],[83.39413,20.15303],[83.39562,20.15193],[83.39708,20.15192],[83.4013,20.15464],[83.40336,20.15712],[83.40542,20.15655],[83.40569,20.15415],[83.4046,20.15222],[83.40471,20.1509],[83.40403,20.14956],[83.40445,20.14648],[83.40395,20.1452],[83.40418,20.14377],[83.40376,20.1421],[83.40267,20.14022],[83.40214,20.13986],[83.39984,20.13939],[83.39825,20.13658],[83.39754,20.13604],[83.39662,20.13607],[83.39631,20.13635],[83.39615,20.13737],[83.39462,20.13778],[83.39451,20.13916],[83.39362,20.14011],[83.39297,20.14152],[83.39284,20.14343]]]}},{"type":"Feature","properties":{"LCODE":"100160004000400172","LOCATION":"MARDING","V_TYPE":"VILLAGE","BLOCK":"KHARIAR","DISTRICT":"NUAPADA"},"geometry":{"type":"Polygon","coordinates":[[[83.68356,20.14627],[83.68386,20.14685],[83.68484,20.14685],[83.68611,20.14617],[83.68769,20.14646],[83.68933,20.146],[83.69151,20.1471],[83.69321,20.14883],[83.69527,20.14947],[83.69635,20.15155],[83.69628,20.15304],[83.69598,20.15344],[83.69342,20.15464],[83.69289,20.15522],[83.69299,20.15579],[83.69585,20.15563],[83.69906,20.15684],[83.70015,20.15639],[83.70198,20.15444],[83.70204,20.15421],[83.70084,20.153],[83.70071,20.15243],[83.70133,20.15093],[83.70329,20.1483],[83.70129,20.14668],[83.69808,20.14489],[83.6965,20.14419],[83.69226,20.14331],[83.68959,20.14221],[83.68874,20.14215],[83.68467,20.1434],[83.68394,20.14478],[83.68356,20.14627]]]}},{"type":"Feature","properties":{"LCODE":"10017000300030rf","LOCATION":"RF","V_TYPE":"FOREST","BLOCK":"SINAPALI","DISTRICT":"NUAPADA"},"geometry":{"type":"Polygon","coordinates":[[[83.46628,20.15115],[83.46661,20.15219],[83.46784,20.15321],[83.46839,20.15323],[83.46989,20.15213],[83.47031,20.15208],[83.47115,20.15268],[83.47253,20.15278],[83.47481,20.152],[83.47484,20.15114],[83.47366,20.15041],[83.47379,20.14984],[83.47472,20.14959],[83.4761,20.14969],[83.4782,20.14907],[83.47973,20.14796],[83.47947,20.14733],[83.47956,20.14642],[83.48073,20.14605],[83.48226,20.1461],[83.48233,20.14536],[83.48329,20.14407],[83.48397,20.14197],[83.48373,20.14025],[83.48308,20.13977],[83.48084,20.13941],[83.47958,20.13759],[83.47927,20.13752],[83.47804,20.138],[83.47662,20.13793],[83.47719,20.13975],[83.47629,20.14293],[83.47538,20.14273],[83.47403,20.14142],[83.47265,20.14104],[83.47113,20.14116],[83.47099,20.14178],[83.47139,20.14231],[83.4733,20.14335],[83.47351,20.14404],[83.47308,20.14437],[83.47108,20.14408],[83.47008,20.14508],[83.4691,20.14511],[83.46891,20.14539],[83.4692,20.1458],[83.47069,20.14671],[83.4706,20.14733],[83.46978,20.1484],[83.467,20.14986],[83.46628,20.15115]]]}},{"type":"Feature","properties":{"LCODE":"100170003000300017","LOCATION":"KANAKPUR","V_TYPE":"VILLAGE","BLOCK":"SINAPALI","DISTRICT":"NUAPADA"},"geometry":{"type":"Polygon","coordinates":[[[83.43703,20.13735],[83.43744,20.1375],[83.43831,20.13861],[83.43909,20.14042],[83.43946,20.14381],[83.44028,20.1447],[83.44153,20.14531],[83.4419,20.1467],[83.44173,20.14796],[83.44296,20.14949],[83.44296,20.15104],[83.44516,20.15243],[83.44738,20.14975],[83.44981,20.14804],[83.45194,20.14611],[83.45811,20.14691],[83.45866,20.14523],[83.45975,20.1436],[83.46069,20.14283],[83.46324,20.14257],[83.46412,20.14197],[83.46427,20.14111],[83.46352,20.13988],[83.46355,20.13914],[83.46416,20.13887],[83.46599,20.13881],[83.4668,20.13832],[83.46658,20.13757],[83.46528,20.13661],[83.46465,20.13556],[83.46455,20.13493],[83.46513,20.13386],[83.46516,20.13294],[83.46358,20.12978],[83.46008,20.13083],[83.45122,20.13416],[83.44885,20.13402],[83.44497,20.13579],[83.44381,20.13581],[83.44243,20.13536],[83.43703,20.13735]]]}},{"type":"Feature","properties":{"LCODE":"100160004000400299","LOCATION":"URLADANI","V_TYPE":"VILLAGE","BLOCK":"KHARIAR","DISTRICT":"NUAPADA"},"geometry":{"type":"Polygon","coordinates":[[[83.61699,20.13832],[83.61711,20.13884],[83.61747,20.13901],[83.62015,20.13862],[83.62342,20.13898],[83.62507,20.13875],[83.62695,20.13755],[83.62781,20.13733],[83.62962,20.13796],[83.63024,20.13926],[83.62894,20.14003],[83.62876,20.14083],[83.62891,20.14555],[83.6291,20.14589],[83.63128,20.14613],[83.63206,20.14717],[83.63224,20.14866],[83.63315,20.14873],[83.63419,20.1481],[83.63425,20.14574],[83.63529,20.14488],[83.63754,20.14437],[83.63882,20.14369],[83.64095,20.14347],[83.64259,20.1437],[83.6432,20.14336],[83.64333,20.14095],[83.64437,20.13871],[83.64542,20.13515],[83.64592,20.13268],[83.64606,20.13009],[83.64491,20.12911],[83.64078,20.12904],[83.63902,20.12817],[83.63575,20.12712],[83.63393,20.12706],[83.63344,20.12757],[83.63362,20.12838],[83.6364,20.13173],[83.63639,20.13247],[83.63504,20.135],[83.63352,20.13499],[83.63165,20.13452],[83.62965,20.13285],[83.62904,20.13267],[83.6274,20.13359],[83.62599,20.13542],[83.62526,20.13565],[83.62314,20.13581],[83.6195,20.13482],[83.61767,20.13683],[83.61699,20.13832]]]}},{"type":"Feature","properties":{"LCODE":"100170003000300020","LOCATION":"DASARATHIPUR","V_TYPE":"VILLAGE","BLOCK":"SINAPALI","DISTRICT":"NUAPADA"},"geometry":{"type":"Polygon","coordinates":[[[83.4119,20.14395],[83.41227,20.14506],[83.41342,20.14671],[83.4145,20.1472],[83.41712,20.14728],[83.41763,20.1465],[83.41805,20.14468],[83.41896,20.1431],[83.41844,20.14056],[83.41856,20.13918],[83.41815,20.13854],[83.41678,20.13781],[83.4164,20.13636],[83.41492,20.13551],[83.41396,20.13424],[83.41311,20.13522],[83.41318,20.13672],[83.41283,20.13803],[83.41321,20.13924],[83.41244,20.14048],[83.41247,20.14295],[83.4119,20.14395]]]}},{"type":"Feature","properties":{"LCODE":"100170003000300021","LOCATION":"BHANPUR","V_TYPE":"VILLAGE","BLOCK":"SINAPALI","DISTRICT":"NUAPADA"},"geometry":{"type":"Polygon","coordinates":[[[83.38416,20.12637],[83.38424,20.12752],[83.38496,20.12933],[83.38464,20.13339],[83.38515,20.13444],[83.38854,20.13954],[83.39284,20.14343],[83.39297,20.14152],[83.39362,20.14011],[83.39451,20.13916],[83.39462,20.13778],[83.39615,20.13737],[83.39631,20.13635],[83.39699,20.13602],[83.39754,20.13604],[83.39825,20.13658],[83.39984,20.13939],[83.40214,20.13986],[83.40302,20.14064],[83.40376,20.1421],[83.40418,20.14377],[83.40395,20.1452],[83.40416,20.1456],[83.40595,20.14515],[83.40685,20.14535],[83.40768,20.14451],[83.40891,20.14404],[83.41058,20.14467],[83.41201,20.14391],[83.41247,20.14295],[83.41244,20.14048],[83.41321,20.13924],[83.41283,20.13803],[83.41318,20.13672],[83.41311,20.13522],[83.41406,20.13399],[83.41364,20.13231],[83.41423,20.13113],[83.41396,20.12848],[83.41472,20.12765],[83.41493,20.12668],[83.41405,20.12407],[83.41439,20.12167],[83.41434,20.11633],[83.41418,20.11564],[83.41254,20.11398],[83.41226,20.11328],[83.41232,20.11185],[83.41348,20.10951],[83.41219,20.10702],[83.41158,20.10649],[83.4102,20.11488],[83.40483,20.11901],[83.40517,20.12148],[83.40377,20.12316],[83.40215,20.12443],[83.40115,20.12503],[83.40036,20.12512],[83.39867,20.12472],[83.39793,20.12337],[83.39663,20.12253],[83.39564,20.12135],[83.39352,20.12099],[83.39199,20.1214],[83.39146,20.12121],[83.39024,20.11971],[83.38972,20.12041],[83.38818,20.12111],[83.38618,20.12282],[83.38428,20.12359],[83.38416,20.12637]]]}},{"type":"Feature","properties":{"LCODE":"100140001000100001","LOCATION":"TURKEL","V_TYPE":"VILLAGE","BLOCK":"NUAPARA","DISTRICT":"NUAPADA"},"geometry":{"type":"Polygon","coordinates":[[[83.07948,20.13018],[83.08125,20.13233],[83.08387,20.13769],[83.08474,20.13839],[83.08623,20.14068],[83.08967,20.14318],[83.09322,20.14509],[83.09638,20.14535],[83.09881,20.14504],[83.10595,20.14093],[83.10547,20.13956],[83.10272,20.13826],[83.10161,20.13712],[83.10074,20.13167],[83.09959,20.128],[83.09944,20.12633],[83.09979,20.12506],[83.09977,20.12351],[83.09879,20.11926],[83.09727,20.11904],[83.09533,20.11929],[83.09448,20.11971],[83.09311,20.12093],[83.09043,20.12481],[83.08803,20.12696],[83.08659,20.12779],[83.07948,20.13018]]]}},{"type":"Feature","properties":{"LCODE":"100160004000400298","LOCATION":"BIDABARU","V_TYPE":"VILLAGE","BLOCK":"KHARIAR","DISTRICT":"NUAPADA"},"geometry":{"type":"Polygon","coordinates":[[[83.64367,20.14026],[83.64479,20.14026],[83.64533,20.14055],[83.64655,20.14188],[83.64806,20.14292],[83.64848,20.14286],[83.64922,20.14218],[83.65098,20.14201],[83.65195,20.14098],[83.65335,20.14116],[83.65438,20.14076],[83.65421,20.14018],[83.65234,20.13788],[83.65197,20.13696],[83.65363,20.1334],[83.65479,20.1322],[83.65886,20.13164],[83.66097,20.13038],[83.6582,20.12974],[83.65536,20.12754],[83.65512,20.12708],[83.65543,20.12668],[83.65536,20.12622],[83.6524,20.1246],[83.651,20.12506],[83.64935,20.12735],[83.64734,20.12843],[83.6458,20.12974],[83.64606,20.13009],[83.64599,20.13193],[83.64542,20.13515],[83.64367,20.14026]]]}},{"type":"Feature","properties":{"LCODE":"100140001000100003","LOCATION":"MANKADIPADA","V_TYPE":"VILLAGE","BLOCK":"NUAPARA","DISTRICT":"NUAPADA"},"geometry":{"type":"Polygon","coordinates":[[[83.1095,20.14007],[83.11332,20.14028],[83.11613,20.14135],[83.11908,20.14292],[83.11912,20.14189],[83.12055,20.14009],[83.12109,20.14009],[83.12227,20.14134],[83.12324,20.14099],[83.12435,20.13844],[83.12434,20.13787],[83.12323,20.13673],[83.12303,20.13546],[83.12511,20.1328],[83.12582,20.13123],[83.1255,20.12991],[83.12421,20.12887],[83.12188,20.12765],[83.12151,20.12714],[83.12158,20.12409],[83.12127,20.1234],[83.11942,20.12175],[83.11911,20.12106],[83.1191,20.12043],[83.12016,20.11829],[83.12021,20.11754],[83.11947,20.11651],[83.1188,20.11623],[83.11109,20.11469],[83.11054,20.11689],[83.11053,20.11994],[83.11019,20.12213],[83.11044,20.13053],[83.10957,20.13733],[83.1095,20.14007]]]}},{"type":"Feature","properties":{"LCODE":"100140001000100002","LOCATION":"BUDHIPADAR","V_TYPE":"VILLAGE","BLOCK":"NUAPARA","DISTRICT":"NUAPADA"},"geometry":{"type":"Polygon","coordinates":[[[83.09879,20.11863],[83.09886,20.12012],[83.09977,20.12351],[83.09979,20.12506],[83.09944,20.12633],[83.09959,20.128],[83.10074,20.13167],[83.10161,20.13712],[83.10272,20.13826],[83.10547,20.13956],[83.10595,20.14093],[83.10725,20.14034],[83.1095,20.14007],[83.10957,20.13733],[83.11044,20.13053],[83.11019,20.12213],[83.11053,20.11994],[83.11054,20.11689],[83.11109,20.11469],[83.10941,20.11386],[83.10721,20.11186],[83.10127,20.1144],[83.10007,20.11562],[83.09879,20.11863]]]}},{"type":"Feature","properties":{"LCODE":"100170003000300018","LOCATION":"BALISINGA","V_TYPE":"VILLAGE","BLOCK":"SINAPALI","DISTRICT":"NUAPADA"},"geometry":{"type":"Polygon","coordinates":[[[83.43314,20.12709],[83.43351,20.12859],[83.43351,20.13026],[83.43436,20.13172],[83.43386,20.13566],[83.43432,20.13636],[83.43565,20.13641],[83.43636,20.13712],[83.43703,20.13735],[83.44243,20.13536],[83.44381,20.13581],[83.44497,20.13579],[83.44885,20.13402],[83.45122,20.13416],[83.46008,20.13083],[83.46358,20.12978],[83.4633,20.12892],[83.46243,20.12798],[83.4609,20.12839],[83.45999,20.12819],[83.46002,20.12744],[83.46189,20.12601],[83.46197,20.12556],[83.46181,20.12509],[83.46066,20.12477],[83.45959,20.12404],[83.4595,20.12313],[83.4597,20.12279],[83.46227,20.12241],[83.4627,20.12208],[83.46266,20.12156],[83.46127,20.11968],[83.46086,20.11927],[83.45786,20.11843],[83.4566,20.11965],[83.45383,20.12036],[83.45337,20.11989],[83.45284,20.11769],[83.45173,20.11651],[83.45089,20.11614],[83.44867,20.11727],[83.44562,20.11763],[83.443,20.11944],[83.44104,20.12],[83.44035,20.12078],[83.43948,20.12276],[83.43912,20.12292],[83.43771,20.12305],[83.43542,20.12275],[83.43449,20.12312],[83.43398,20.12391],[83.43314,20.12709]]]}},{"type":"Feature","properties":{"LCODE":"100170003000300026","LOCATION":"PALASAPARA","V_TYPE":"VILLAGE","BLOCK":"SINAPALI","DISTRICT":"NUAPADA"},"geometry":{"type":"Polygon","coordinates":[[[83.34844,20.11024],[83.34855,20.11076],[83.34995,20.11229],[83.35053,20.11449],[83.35142,20.11527],[83.35201,20.11718],[83.35162,20.11815],[83.35051,20.1184],[83.3503,20.11914],[83.3513,20.12164],[83.35123,20.1237],[83.35239,20.12535],[83.35223,20.12775],[83.35246,20.12834],[83.35496,20.12974],[83.35641,20.13001],[83.35777,20.13075],[83.35826,20.1308],[83.35908,20.13004],[83.35922,20.1293],[83.36097,20.12809],[83.35867,20.12796],[83.35791,20.12702],[83.35699,20.12705],[83.35516,20.1259],[83.35519,20.12504],[83.35667,20.12434],[83.35996,20.12393],[83.36184,20.12255],[83.36219,20.12291],[83.36171,20.12599],[83.36297,20.12685],[83.36485,20.125],[83.36861,20.12346],[83.37151,20.1204],[83.37466,20.11872],[83.37863,20.11591],[83.37826,20.11522],[83.37743,20.11135],[83.37462,20.11005],[83.37239,20.10791],[83.37152,20.10829],[83.37098,20.10982],[83.37016,20.11094],[83.36864,20.11089],[83.36812,20.11007],[83.3682,20.10783],[83.36713,20.10458],[83.366,20.10489],[83.36369,20.10487],[83.36231,20.10621],[83.36001,20.10607],[83.35889,20.10696],[83.35712,20.10701],[83.35553,20.10742],[83.35358,20.10925],[83.35139,20.10924],[83.34844,20.11024]]]}},{"type":"Feature","properties":{"LCODE":"100140001000100005","LOCATION":"GHANTABAHAL","V_TYPE":"VILLAGE","BLOCK":"NUAPARA","DISTRICT":"NUAPADA"},"geometry":{"type":"Polygon","coordinates":[[[83.07368,20.12186],[83.07425,20.12354],[83.07531,20.12514],[83.07948,20.13018],[83.08659,20.12779],[83.08803,20.12696],[83.09043,20.12481],[83.09311,20.12093],[83.09448,20.11971],[83.09533,20.11929],[83.09727,20.11904],[83.09879,20.11926],[83.09937,20.11684],[83.10082,20.11486],[83.09985,20.11257],[83.0993,20.11223],[83.09795,20.11196],[83.09704,20.11145],[83.09637,20.11163],[83.09584,20.1125],[83.09535,20.11256],[83.09365,20.11099],[83.09194,20.11191],[83.08949,20.11446],[83.08449,20.11757],[83.08231,20.11799],[83.07912,20.12021],[83.07658,20.12052],[83.07368,20.12186]]]}},{"type":"Feature","properties":{"LCODE":"100160004000400307","LOCATION":"PUTRIMAHUL","V_TYPE":"VILLAGE","BLOCK":"KHARIAR","DISTRICT":"NUAPADA"},"geometry":{"type":"Polygon","coordinates":[[[83.65512,20.12708],[83.65645,20.12852],[83.65861,20.12993],[83.65887,20.12968],[83.65949,20.12687],[83.66096,20.12452],[83.66042,20.12342],[83.66091,20.12234],[83.66256,20.12033],[83.6656,20.11879],[83.66701,20.11759],[83.66726,20.11546],[83.66564,20.11189],[83.66485,20.11172],[83.66449,20.11195],[83.66113,20.11527],[83.65966,20.11773],[83.65989,20.11986],[83.65878,20.12428],[83.65731,20.12657],[83.65603,20.12691],[83.65532,20.1268],[83.65512,20.12708]]]}},{"type":"Feature","properties":{"LCODE":"100160004000400302","LOCATION":"HARLONGA","V_TYPE":"VILLAGE","BLOCK":"KHARIAR","DISTRICT":"NUAPADA"},"geometry":{"type":"Polygon","coordinates":[[[83.63805,20.12782],[83.64078,20.12904],[83.64406,20.12894],[83.64491,20.12911],[83.6458,20.12974],[83.64691,20.12879],[83.6468,20.12625],[83.64748,20.12464],[83.64725,20.12119],[83.64745,20.11866],[83.64436,20.11859],[83.64363,20.11761],[83.64413,20.11606],[83.64219,20.11491],[83.64066,20.11749],[83.6412,20.11939],[83.63972,20.12168],[83.64112,20.12191],[83.64124,20.12214],[83.64037,20.12478],[83.63947,20.12564],[83.63805,20.12782]]]}},{"type":"Feature","properties":{"LCODE":"10014000100010rf","LOCATION":"RF","V_TYPE":"FOREST","BLOCK":"NUAPARA","DISTRICT":"NUAPADA"},"geometry":{"type":"Polygon","coordinates":[[[83.08195,20.10524],[83.08578,20.10581],[83.08631,20.1092],[83.08537,20.11146],[83.08759,20.11567],[83.08949,20.11446],[83.09194,20.11191],[83.09544,20.11009],[83.1012,20.10945],[83.10289,20.10892],[83.10339,20.10838],[83.1038,20.10879],[83.10507,20.10855],[83.1063,20.10928],[83.10669,20.11101],[83.10725,20.11192],[83.11008,20.11431],[83.11154,20.11487],[83.1188,20.11623],[83.11996,20.11697],[83.12016,20.11829],[83.1191,20.12043],[83.11911,20.12106],[83.11942,20.12175],[83.12127,20.1234],[83.12158,20.12409],[83.12151,20.12714],[83.12188,20.12765],[83.12329,20.1285],[83.12421,20.12887],[83.12505,20.12802],[83.12521,20.12727],[83.12502,20.12664],[83.12435,20.1263],[83.12403,20.12515],[83.12444,20.12423],[83.12741,20.12351],[83.13131,20.12421],[83.13523,20.12671],[83.13755,20.12703],[83.13834,20.12696],[83.13882,20.1265],[83.1389,20.12419],[83.13753,20.12191],[83.13715,20.12065],[83.13634,20.1195],[83.13505,20.11871],[83.13277,20.11637],[83.12886,20.11118],[83.12794,20.11056],[83.12709,20.11074],[83.12577,20.11173],[83.12517,20.11179],[83.12456,20.11163],[83.12412,20.11088],[83.12372,20.10836],[83.12424,20.10703],[83.12639,20.10442],[83.12672,20.10205],[83.12658,20.10062],[83.12614,20.10039],[83.12398,20.10122],[83.12349,20.10117],[83.12324,20.10094],[83.1233,20.10021],[83.12182,20.099],[83.11967,20.09781],[83.11643,20.09658],[83.10797,20.09505],[83.10442,20.09319],[83.10234,20.09252],[83.09991,20.09261],[83.09817,20.09349],[83.09625,20.09563],[83.09713,20.09724],[83.10007,20.10121],[83.09824,20.10298],[83.09528,20.10324],[83.09243,20.10413],[83.08776,20.10441],[83.08195,20.10524]]]}},{"type":"Feature","properties":{"LCODE":"100160004000400303","LOCATION":"DUKED","V_TYPE":"VILLAGE","BLOCK":"KHARIAR","DISTRICT":"NUAPADA"},"geometry":{"type":"Polygon","coordinates":[[[83.6468,20.12625],[83.64691,20.12879],[83.64935,20.12735],[83.651,20.12506],[83.6524,20.1246],[83.65331,20.12512],[83.65228,20.12328],[83.65162,20.12333],[83.65064,20.12419],[83.64931,20.12344],[83.6503,20.12011],[83.65055,20.11758],[83.64854,20.11844],[83.64737,20.11862],[83.64748,20.12464],[83.6468,20.12625]]]}},{"type":"Feature","properties":{"LCODE":"100170003000300027","LOCATION":"RUKHAMUNDA","V_TYPE":"VILLAGE","BLOCK":"SINAPALI","DISTRICT":"NUAPADA"},"geometry":{"type":"Polygon","coordinates":[[[83.35506,20.12543],[83.35516,20.1259],[83.35699,20.12705],[83.35791,20.12702],[83.35867,20.12796],[83.36099,20.12824],[83.36238,20.12762],[83.36297,20.12685],[83.36171,20.12599],[83.36219,20.12291],[83.36184,20.12255],[83.35996,20.12393],[83.35667,20.12434],[83.35575,20.12465],[83.35506,20.12543]]]}},{"type":"Feature","properties":{"LCODE":"100170003000300022","LOCATION":"BAFULA","V_TYPE":"VILLAGE","BLOCK":"SINAPALI","DISTRICT":"NUAPADA"},"geometry":{"type":"Polygon","coordinates":[[[83.39024,20.11971],[83.39146,20.12121],[83.39199,20.1214],[83.39352,20.12099],[83.39564,20.12135],[83.39663,20.12253],[83.39793,20.12337],[83.39867,20.12472],[83.40036,20.12512],[83.40115,20.12503],[83.40215,20.12443],[83.40377,20.12316],[83.40517,20.12148],[83.40483,20.11901],[83.4102,20.11488],[83.41158,20.10649],[83.40943,20.10484],[83.4078,20.10579],[83.40554,20.106],[83.40382,20.10658],[83.40255,20.10826],[83.39854,20.10985],[83.39671,20.1118],[83.3941,20.11367],[83.39098,20.11747],[83.39024,20.11971]]]}},{"type":"Feature","properties":{"LCODE":"100170003000300023","LOCATION":"BAGPUR","V_TYPE":"VILLAGE","BLOCK":"SINAPALI","DISTRICT":"NUAPADA"},"geometry":{"type":"Polygon","coordinates":[[[83.38042,20.11752],[83.38334,20.12066],[83.38407,20.1223],[83.38428,20.12359],[83.38512,20.1233],[83.38618,20.12282],[83.38818,20.12111],[83.38972,20.12041],[83.39017,20.11991],[83.39098,20.11747],[83.39283,20.115],[83.3941,20.11367],[83.39722,20.11136],[83.39854,20.10985],[83.40255,20.10826],[83.40382,20.10658],[83.40543,20.10606],[83.4049,20.10541],[83.4049,20.10369],[83.40091,20.09977],[83.39956,20.09691],[83.39786,20.09525],[83.39763,20.09479],[83.39774,20.09353],[83.39824,20.0925],[83.39774,20.09175],[83.39669,20.09217],[83.39487,20.09223],[83.39403,20.09381],[83.39252,20.09336],[83.39118,20.09515],[83.39059,20.09484],[83.39058,20.09341],[83.38992,20.09299],[83.38931,20.09308],[83.38889,20.0933],[83.38779,20.09504],[83.38648,20.09591],[83.38627,20.09677],[83.38657,20.0985],[83.38823,20.09953],[83.38834,20.10011],[83.3877,20.10066],[83.38644,20.10062],[83.3857,20.10226],[83.38389,20.10392],[83.38351,20.10592],[83.38364,20.10736],[83.3826,20.10928],[83.38285,20.11078],[83.38226,20.11208],[83.38255,20.11381],[83.3821,20.11471],[83.38066,20.11587],[83.38042,20.11752]]]}},{"type":"Feature","properties":{"LCODE":"100170003000300072","LOCATION":"BORINGPADAR","V_TYPE":"VILLAGE","BLOCK":"SINAPALI","DISTRICT":"NUAPADA"},"geometry":{"type":"Polygon","coordinates":[[[83.43476,20.11901],[83.43525,20.12068],[83.43477,20.12296],[83.43633,20.12272],[83.43832,20.12307],[83.43948,20.12276],[83.44035,20.12078],[83.44104,20.12],[83.443,20.11944],[83.44562,20.11763],[83.44867,20.11727],[83.45052,20.11618],[83.45173,20.11651],[83.45284,20.11769],[83.45337,20.11989],[83.45383,20.12036],[83.4566,20.11965],[83.45786,20.11843],[83.45931,20.11873],[83.45901,20.11823],[83.45878,20.11628],[83.45886,20.11571],[83.45976,20.11436],[83.46047,20.11146],[83.46067,20.10917],[83.46018,20.10755],[83.45918,20.10666],[83.45766,20.10672],[83.45625,20.10725],[83.4543,20.10742],[83.4528,20.10851],[83.45158,20.10888],[83.4511,20.10846],[83.45051,20.10655],[83.45021,20.10642],[83.44781,20.10709],[83.44486,20.10648],[83.44392,20.10587],[83.44179,20.10592],[83.44054,20.10519],[83.43945,20.10516],[83.43738,20.10571],[83.43805,20.10689],[83.43796,20.10775],[83.43758,20.10831],[83.43806,20.10981],[83.43781,20.11009],[83.43647,20.11034],[83.43602,20.11095],[83.4362,20.11296],[83.43542,20.11409],[83.43494,20.11591],[83.43525,20.11735],[83.43476,20.11901]]]}},{"type":"Feature","properties":{"LCODE":"100160004000400295","LOCATION":"NAGJORI","V_TYPE":"VILLAGE","BLOCK":"KHARIAR","DISTRICT":"NUAPADA"},"geometry":{"type":"Polygon","coordinates":[[[83.58705,20.11688],[83.58771,20.11924],[83.59078,20.12264],[83.59613,20.12174],[83.60166,20.12021],[83.60258,20.11935],[83.60252,20.11866],[83.60138,20.11653],[83.60091,20.11469],[83.60316,20.11344],[83.6031,20.11286],[83.60255,20.11211],[83.60432,20.11034],[83.60312,20.10935],[83.60007,20.11084],[83.59801,20.111],[83.5974,20.11129],[83.59624,20.1126],[83.5946,20.11277],[83.59617,20.11554],[83.59604,20.11622],[83.59258,20.11621],[83.58705,20.11688]]]}},{"type":"Feature","properties":{"LCODE":"100140001000100007","LOCATION":"CHAHAGAON","V_TYPE":"VILLAGE","BLOCK":"NUAPARA","DISTRICT":"NUAPADA"},"geometry":{"type":"Polygon","coordinates":[[[83.0736,20.12073],[83.07368,20.12186],[83.07658,20.12052],[83.07912,20.12021],[83.08231,20.11799],[83.08449,20.11757],[83.08759,20.11567],[83.08537,20.11146],[83.08631,20.1092],[83.08578,20.10581],[83.08195,20.10524],[83.08226,20.10608],[83.08249,20.10953],[83.08012,20.10996],[83.07922,20.10997],[83.07872,20.10945],[83.07902,20.10893],[83.08041,20.10834],[83.07967,20.10732],[83.0799,20.10639],[83.07964,20.10567],[83.07601,20.10666],[83.07637,20.11034],[83.07621,20.11201],[83.07552,20.11467],[83.07475,20.11605],[83.07365,20.1194],[83.0736,20.12073]]]}},{"type":"Feature","properties":{"LCODE":"100160004000400301","LOCATION":"KHALIAMUNDA","V_TYPE":"VILLAGE","BLOCK":"KHARIAR","DISTRICT":"NUAPADA"},"geometry":{"type":"Polygon","coordinates":[[[83.63531,20.11683],[83.63555,20.1185],[83.63622,20.11954],[83.6367,20.12],[83.63882,20.12047],[83.63924,20.12173],[83.63972,20.12179],[83.6412,20.11939],[83.64066,20.11749],[83.64164,20.11617],[83.64194,20.11502],[83.64249,20.11502],[83.64417,20.11632],[83.64437,20.11595],[83.64536,20.11371],[83.64494,20.11026],[83.64404,20.10963],[83.64288,20.10939],[83.64204,20.10945],[83.63972,20.11036],[83.6393,20.11018],[83.63912,20.10886],[83.6387,20.10857],[83.63737,20.10857],[83.63676,20.1092],[83.63608,20.11074],[83.63531,20.11683]]]}},{"type":"Feature","properties":{"LCODE":"100160004000400308","LOCATION":"SANPIDEL","V_TYPE":"VILLAGE","BLOCK":"KHARIAR","DISTRICT":"NUAPADA"},"geometry":{"type":"Polygon","coordinates":[[[83.68333,20.11863],[83.68363,20.11966],[83.68503,20.1203],[83.68581,20.12019],[83.68649,20.11835],[83.68802,20.11738],[83.68864,20.11405],[83.68797,20.11387],[83.68494,20.11455],[83.68433,20.11495],[83.68333,20.11863]]]}},{"type":"Feature","properties":{"LCODE":"100170003000300068","LOCATION":"KAMEGAON","V_TYPE":"VILLAGE","BLOCK":"SINAPALI","DISTRICT":"NUAPADA"},"geometry":{"type":"Polygon","coordinates":[[[83.41763,20.11111],[83.41903,20.11252],[83.4216,20.11347],[83.42246,20.11481],[83.42416,20.1151],[83.42538,20.11663],[83.42548,20.11692],[83.42505,20.11725],[83.42522,20.1176],[83.42673,20.11794],[83.42819,20.11758],[83.42892,20.11772],[83.43011,20.11827],[83.43182,20.11976],[83.43291,20.11968],[83.43476,20.11901],[83.43525,20.11735],[83.43494,20.11591],[83.43542,20.11409],[83.4362,20.11296],[83.43602,20.11095],[83.43647,20.11034],[83.43781,20.11009],[83.43806,20.10981],[83.43758,20.10831],[83.43796,20.10775],[83.43805,20.10689],[83.43633,20.10419],[83.43301,20.10185],[83.43085,20.10115],[83.43068,20.10074],[83.43122,20.09927],[83.43118,20.09858],[83.43018,20.09768],[83.43051,20.09648],[83.42903,20.0961],[83.42779,20.09686],[83.42487,20.09711],[83.42099,20.09847],[83.41998,20.10108],[83.42142,20.10336],[83.42135,20.10543],[83.42073,20.10736],[83.41849,20.10889],[83.41817,20.10934],[83.41826,20.1102],[83.41763,20.11111]]]}},{"type":"Feature","properties":{"LCODE":"100170003000300032","LOCATION":"DENDARABAHALI","V_TYPE":"VILLAGE","BLOCK":"SINAPALI","DISTRICT":"NUAPADA"},"geometry":{"type":"Polygon","coordinates":[[[83.30064,20.11753],[83.30157,20.11848],[83.30283,20.11898],[83.30714,20.11796],[83.3075,20.1177],[83.30734,20.11689],[83.30605,20.11575],[83.3064,20.11456],[83.30783,20.11351],[83.31207,20.11227],[83.31387,20.11107],[83.31503,20.10973],[83.31564,20.10768],[83.3156,20.10693],[83.31459,20.10454],[83.31372,20.10342],[83.3131,20.10156],[83.3104,20.1013],[83.30903,20.10063],[83.30701,20.10108],[83.30568,20.10092],[83.30376,20.10023],[83.30306,20.09951],[83.30186,20.09925],[83.30175,20.10045],[83.30221,20.10282],[83.30212,20.10385],[83.3008,20.10656],[83.30119,20.10827],[83.30482,20.10957],[83.30517,20.10998],[83.30525,20.1109],[83.30503,20.11204],[83.30472,20.11232],[83.30221,20.11317],[83.3026,20.11363],[83.30387,20.1139],[83.30441,20.1157],[83.30355,20.11596],[83.3024,20.11581],[83.30189,20.11665],[83.30064,20.11753]]]}},{"type":"Feature","properties":{"LCODE":"10017000300030rf","LOCATION":"RF","V_TYPE":"FOREST","BLOCK":"SINAPALI","DISTRICT":"NUAPADA"},"geometry":{"type":"Polygon","coordinates":[[[83.43652,20.10449],[83.43738,20.10571],[83.43945,20.10516],[83.44054,20.10519],[83.44179,20.10592],[83.44392,20.10587],[83.44486,20.10648],[83.44781,20.10709],[83.45021,20.10642],[83.45051,20.10655],[83.4511,20.10846],[83.45158,20.10888],[83.4528,20.10851],[83.4543,20.10742],[83.45918,20.10666],[83.46018,20.10755],[83.46067,20.10917],[83.46017,20.11294],[83.45976,20.11436],[83.45886,20.11571],[83.45882,20.11691],[83.45912,20.11787],[83.46049,20.1176],[83.46214,20.11576],[83.46246,20.11336],[83.46291,20.11291],[83.46635,20.11148],[83.46902,20.10925],[83.4693,20.10739],[83.46808,20.10574],[83.46805,20.10494],[83.46896,20.1017],[83.47098,20.09764],[83.4727,20.09529],[83.47704,20.09119],[83.4789,20.08998],[83.47906,20.08907],[83.47775,20.08811],[83.47702,20.08815],[83.47487,20.08899],[83.47295,20.08853],[83.47236,20.08799],[83.4726,20.08468],[83.47313,20.0832],[83.47316,20.08257],[83.47271,20.08153],[83.47214,20.08059],[83.47048,20.07916],[83.46785,20.07472],[83.46336,20.07124],[83.46279,20.07036],[83.46207,20.06822],[83.45982,20.0661],[83.45762,20.06561],[83.45597,20.06578],[83.45553,20.06623],[83.45564,20.0668],[83.45519,20.0673],[83.45397,20.06732],[83.45244,20.06784],[83.45178,20.06759],[83.45071,20.06526],[83.45023,20.06507],[83.44796,20.0658],[83.44656,20.06581],[83.44617,20.06672],[83.44682,20.06869],[83.44691,20.06984],[83.44643,20.07114],[83.44617,20.07349],[83.44548,20.07409],[83.44357,20.07483],[83.44342,20.07563],[83.44439,20.07727],[83.44411,20.07818],[83.44424,20.07973],[83.44398,20.08008],[83.44413,20.08116],[83.44429,20.0818],[83.44506,20.08234],[83.44498,20.08268],[83.4433,20.084],[83.44297,20.08468],[83.4434,20.08904],[83.44402,20.08936],[83.44614,20.08932],[83.44781,20.08874],[83.45053,20.08722],[83.45157,20.08697],[83.45305,20.08805],[83.45383,20.08825],[83.45654,20.08736],[83.4575,20.08739],[83.45798,20.08769],[83.4594,20.09044],[83.46083,20.09117],[83.4625,20.09535],[83.46156,20.09613],[83.45811,20.09607],[83.45606,20.09555],[83.4544,20.09457],[83.45325,20.09448],[83.45287,20.09464],[83.45267,20.09521],[83.45287,20.09647],[83.452,20.09719],[83.44936,20.09785],[83.44762,20.09883],[83.44594,20.10026],[83.44526,20.10047],[83.44398,20.10049],[83.44225,20.09968],[83.44115,20.09988],[83.43951,20.10166],[83.4393,20.1024],[83.43822,20.10385],[83.43652,20.10449]]]}},{"type":"Feature","properties":{"LCODE":"100170003000300024","LOCATION":"TENTULIKHUNTI","V_TYPE":"VILLAGE","BLOCK":"SINAPALI","DISTRICT":"NUAPADA"},"geometry":{"type":"Polygon","coordinates":[[[83.37585,20.10619],[83.37633,20.10804],[83.37642,20.11057],[83.37771,20.11187],[83.37826,20.11522],[83.37912,20.11645],[83.38042,20.11752],[83.38066,20.11587],[83.3821,20.11471],[83.38255,20.11381],[83.38226,20.11208],[83.38285,20.11078],[83.3826,20.10928],[83.3835,20.10793],[83.38367,20.10466],[83.38413,20.10352],[83.38331,20.10299],[83.38252,20.10302],[83.38121,20.10406],[83.37928,20.10372],[83.37855,20.10386],[83.37651,20.10477],[83.37607,20.10516],[83.37585,20.10619]]]}},{"type":"Feature","properties":{"LCODE":"100140002000200010","LOCATION":"BHEJAPADAR","V_TYPE":"VILLAGE","BLOCK":"NUAPARA","DISTRICT":"NUAPADA"},"geometry":{"type":"Polygon","coordinates":[[[83.12372,20.10836],[83.12412,20.11088],[83.12456,20.11163],[83.12517,20.11179],[83.12577,20.11173],[83.12709,20.11074],[83.12794,20.11056],[83.12879,20.11113],[83.13135,20.11069],[83.1328,20.11079],[83.13445,20.11101],[83.14026,20.11336],[83.1455,20.11469],[83.14616,20.11457],[83.14719,20.11375],[83.14845,20.11339],[83.15363,20.11351],[83.15478,20.11385],[83.15797,20.11588],[83.1624,20.11544],[83.16274,20.11405],[83.16234,20.11137],[83.15565,20.10722],[83.15321,20.10638],[83.15002,20.10406],[83.14837,20.10367],[83.14113,20.103],[83.13564,20.10133],[83.13199,20.10114],[83.12907,20.1003],[83.1265,20.10058],[83.12672,20.10205],[83.12639,20.10442],[83.12424,20.10703],[83.12372,20.10836]]]}},{"type":"Feature","properties":{"LCODE":"100140001000100004","LOCATION":"DANGARIBAHAL","V_TYPE":"VILLAGE","BLOCK":"NUAPARA","DISTRICT":"NUAPADA"},"geometry":{"type":"Polygon","coordinates":[[[83.09365,20.11099],[83.09535,20.11256],[83.09584,20.1125],[83.09637,20.11163],[83.09704,20.11145],[83.09795,20.11196],[83.0993,20.11223],[83.09985,20.11257],[83.10082,20.11486],[83.10308,20.11352],[83.10721,20.11186],[83.10599,20.10894],[83.10507,20.10855],[83.1038,20.10879],[83.10339,20.10838],[83.10229,20.10921],[83.09544,20.11009],[83.09365,20.11099]]]}},{"type":"Feature","properties":{"LCODE":"100160004000400293","LOCATION":"DINGSURDIPADI","V_TYPE":"VILLAGE","BLOCK":"KHARIAR","DISTRICT":"NUAPADA"},"geometry":{"type":"Polygon","coordinates":[[[83.55496,20.10026],[83.55538,20.10233],[83.55511,20.10572],[83.55572,20.10624],[83.55706,20.10613],[83.5593,20.10769],[83.55996,20.10884],[83.56075,20.10936],[83.56086,20.10971],[83.56053,20.11025],[83.56104,20.11057],[83.56467,20.11156],[83.56783,20.11319],[83.56886,20.11399],[83.57127,20.11389],[83.57111,20.11055],[83.57076,20.10912],[83.57034,20.10865],[83.5658,20.10622],[83.5652,20.10484],[83.56339,20.10328],[83.5629,20.10253],[83.56274,20.1004],[83.56341,20.0992],[83.5639,20.09742],[83.56373,20.09644],[83.56331,20.09592],[83.56239,20.09563],[83.55643,20.09722],[83.55521,20.09842],[83.55496,20.10026]]]}},{"type":"Feature","properties":{"LCODE":"10017000300030rf","LOCATION":"RF","V_TYPE":"FOREST","BLOCK":"SINAPALI","DISTRICT":"NUAPADA"},"geometry":{"type":"Polygon","coordinates":[[[83.29858,20.10997],[83.30023,20.11045],[83.30177,20.11148],[83.30221,20.11317],[83.30434,20.11254],[83.30503,20.11204],[83.30527,20.11044],[83.30482,20.10957],[83.3017,20.10838],[83.30049,20.10822],[83.29951,20.10848],[83.29858,20.10997]]]}},{"type":"Feature","properties":{"LCODE":"100160004000400263","LOCATION":"PUJILADU","V_TYPE":"VILLAGE","BLOCK":"KHARIAR","DISTRICT":"NUAPADA"},"geometry":{"type":"Polygon","coordinates":[[[83.49375,20.11142],[83.49458,20.11252],[83.49567,20.1128],[83.49728,20.11262],[83.49966,20.11084],[83.49902,20.10967],[83.49758,20.10928],[83.49729,20.10881],[83.49739,20.10815],[83.49531,20.10895],[83.49522,20.11007],[83.49375,20.11142]]]}},{"type":"Feature","properties":{"LCODE":"100160004000400294","LOCATION":"UDLGIRI","V_TYPE":"VILLAGE","BLOCK":"KHARIAR","DISTRICT":"NUAPADA"},"geometry":{"type":"Polygon","coordinates":[[[83.55243,20.1083],[83.55296,20.11077],[83.55289,20.11244],[83.55319,20.11273],[83.5583,20.11183],[83.55977,20.11045],[83.56053,20.11025],[83.56086,20.10971],[83.55996,20.10884],[83.5593,20.10769],[83.55742,20.10636],[83.55706,20.10613],[83.55572,20.10624],[83.55445,20.10549],[83.55415,20.10629],[83.55341,20.1064],[83.55334,20.10704],[83.55243,20.1083]]]}},{"type":"Feature","properties":{"LCODE":"100160004000400265","LOCATION":"TILEIMAL","V_TYPE":"VILLAGE","BLOCK":"KHARIAR","DISTRICT":"NUAPADA"},"geometry":{"type":"Polygon","coordinates":[[[83.49729,20.10881],[83.49794,20.10946],[83.49902,20.10967],[83.49976,20.11096],[83.50105,20.11115],[83.50262,20.11196],[83.50365,20.11213],[83.50451,20.11128],[83.50457,20.11047],[83.50404,20.10943],[83.50381,20.10541],[83.5037,20.10489],[83.5031,20.10431],[83.50212,20.10471],[83.50132,20.10689],[83.50071,20.10758],[83.49976,20.10773],[83.49892,20.10732],[83.49819,20.10741],[83.49757,20.10802],[83.49729,20.10881]]]}},{"type":"Feature","properties":{"LCODE":"100140002000200011","LOCATION":"KOKADMAL","V_TYPE":"VILLAGE","BLOCK":"NUAPARA","DISTRICT":"NUAPADA"},"geometry":{"type":"Polygon","coordinates":[[[83.12806,20.10031],[83.12991,20.10047],[83.13199,20.10114],[83.13564,20.10133],[83.14113,20.103],[83.14837,20.10367],[83.15002,20.10406],[83.15321,20.10638],[83.15565,20.10722],[83.16234,20.11137],[83.16283,20.10818],[83.16349,20.10766],[83.16476,20.1073],[83.16493,20.10644],[83.1646,20.10465],[83.16354,20.103],[83.16058,20.10009],[83.15963,20.09723],[83.15936,20.0951],[83.16042,20.09331],[83.16116,20.09025],[83.16097,20.08594],[83.16046,20.0845],[83.15949,20.08338],[83.15797,20.08436],[83.15561,20.08846],[83.15308,20.09005],[83.15105,20.09248],[83.14806,20.0951],[83.14431,20.09641],[83.13583,20.09799],[83.13021,20.09995],[83.12806,20.10031]]]}},{"type":"Feature","properties":{"LCODE":"10017000300030rf","LOCATION":"RF","V_TYPE":"FOREST","BLOCK":"SINAPALI","DISTRICT":"NUAPADA"},"geometry":{"type":"Polygon","coordinates":[[[83.409,20.10422],[83.40923,20.10469],[83.41219,20.10702],[83.41348,20.10951],[83.41714,20.11114],[83.418,20.11083],[83.41826,20.1102],[83.41817,20.10934],[83.41849,20.10889],[83.42073,20.10736],[83.42151,20.1044],[83.4212,20.10278],[83.41998,20.10108],[83.42099,20.09847],[83.42041,20.09777],[83.42037,20.09536],[83.4199,20.09395],[83.41928,20.09366],[83.4178,20.09424],[83.41586,20.09423],[83.41518,20.0945],[83.41474,20.09494],[83.41343,20.09783],[83.40989,20.10161],[83.409,20.10422]]]}},{"type":"Feature","properties":{"LCODE":"100170003000300025","LOCATION":"KERANDIKHUNTI","V_TYPE":"VILLAGE","BLOCK":"SINAPALI","DISTRICT":"NUAPADA"},"geometry":{"type":"Polygon","coordinates":[[[83.36411,20.09923],[83.36449,20.10117],[83.36677,20.10388],[83.36733,20.10499],[83.3682,20.10783],[83.36829,20.11053],[83.36864,20.11089],[83.3696,20.11109],[83.3706,20.11044],[83.37152,20.10829],[83.37239,20.10791],[83.37462,20.11005],[83.37545,20.11059],[83.3765,20.11078],[83.37633,20.10804],[83.37585,20.10619],[83.37607,20.10516],[83.37855,20.10386],[83.37928,20.10372],[83.38121,20.10406],[83.38252,20.10302],[83.38331,20.10299],[83.38426,20.10348],[83.3857,20.10226],[83.38644,20.10062],[83.38795,20.10055],[83.38827,20.10033],[83.38835,20.09971],[83.3868,20.09885],[83.38641,20.09798],[83.38627,20.09677],[83.38648,20.09591],[83.38769,20.09512],[83.38685,20.09409],[83.38614,20.09206],[83.38561,20.09135],[83.38333,20.0907],[83.38013,20.0918],[83.37951,20.09236],[83.3793,20.0931],[83.37631,20.09346],[83.37485,20.09542],[83.3741,20.09586],[83.37149,20.09588],[83.37031,20.09671],[83.36935,20.09645],[83.36906,20.09604],[83.36796,20.09623],[83.36411,20.09923]]]}},{"type":"Feature","properties":{"LCODE":"100160004000400264","LOCATION":"GUNANGBEDA","V_TYPE":"VILLAGE","BLOCK":"KHARIAR","DISTRICT":"NUAPADA"},"geometry":{"type":"Polygon","coordinates":[[[83.50356,20.10468],[83.50381,20.10541],[83.50404,20.10943],[83.50457,20.11047],[83.50503,20.11015],[83.50603,20.11013],[83.50768,20.109],[83.51069,20.10925],[83.5116,20.10892],[83.51201,20.10844],[83.51216,20.10765],[83.51189,20.10663],[83.51045,20.1061],[83.50994,20.10556],[83.506,20.10477],[83.50356,20.10468]]]}},{"type":"Feature","properties":{"LCODE":"100170003000300028","LOCATION":"BHIMKELA","V_TYPE":"VILLAGE","BLOCK":"SINAPALI","DISTRICT":"NUAPADA"},"geometry":{"type":"Polygon","coordinates":[[[83.34537,20.09766],[83.34646,20.09817],[83.34678,20.10088],[83.34855,20.10243],[83.34788,20.10419],[83.34698,20.10554],[83.34737,20.1063],[83.34679,20.10731],[83.34847,20.11021],[83.35139,20.10924],[83.35358,20.10925],[83.35553,20.10742],[83.35712,20.10701],[83.35889,20.10696],[83.36001,20.10607],[83.36231,20.10621],[83.36369,20.10487],[83.366,20.10489],[83.36713,20.10458],[83.36449,20.10117],[83.36436,20.09973],[83.36379,20.09891],[83.35764,20.09629],[83.35648,20.09471],[83.35626,20.09397],[83.35572,20.09376],[83.35397,20.09342],[83.35272,20.09441],[83.35011,20.09461],[83.34892,20.09544],[83.34679,20.09583],[83.3461,20.09626],[83.34537,20.09766]]]}},{"type":"Feature","properties":{"LCODE":"100170003000300033","LOCATION":"BALBASPUR","V_TYPE":"VILLAGE","BLOCK":"SINAPALI","DISTRICT":"NUAPADA"},"geometry":{"type":"Polygon","coordinates":[[[83.28748,20.10418],[83.28825,20.1046],[83.28848,20.10634],[83.28883,20.10698],[83.2896,20.10729],[83.29361,20.10725],[83.29705,20.10937],[83.29858,20.10997],[83.29951,20.10848],[83.30119,20.10827],[83.3008,20.10656],[83.30212,20.10385],[83.30221,20.10282],[83.30175,20.10045],[83.30186,20.09925],[83.30306,20.09951],[83.30376,20.10023],[83.30568,20.10092],[83.30701,20.10108],[83.30903,20.10063],[83.3104,20.1013],[83.3131,20.10156],[83.31425,20.10068],[83.31657,20.10024],[83.31721,20.09952],[83.31847,20.09973],[83.31889,20.09836],[83.32138,20.09822],[83.32206,20.09789],[83.32348,20.0957],[83.327,20.09553],[83.32959,20.09463],[83.33111,20.09463],[83.33302,20.09377],[83.3338,20.09391],[83.33498,20.09481],[83.33714,20.09563],[83.33781,20.09714],[83.33878,20.09817],[83.34052,20.09637],[83.34088,20.09448],[83.34123,20.09428],[83.341,20.09277],[83.34123,20.09203],[83.34,20.0921],[83.33906,20.09127],[83.33891,20.08891],[83.3379,20.08807],[83.33784,20.08646],[83.33745,20.08553],[83.33697,20.08528],[83.33465,20.08578],[83.33283,20.08722],[83.33173,20.08752],[83.33102,20.08698],[83.32985,20.08413],[83.3267,20.08392],[83.3257,20.08308],[83.32501,20.08202],[83.32535,20.08106],[83.32526,20.08036],[83.32351,20.07835],[83.32293,20.07747],[83.32291,20.07694],[83.32067,20.07636],[83.32029,20.07676],[83.31762,20.07661],[83.31619,20.07742],[83.31475,20.07876],[83.31348,20.07859],[83.31236,20.07925],[83.31268,20.08047],[83.3115,20.08129],[83.3109,20.08288],[83.30888,20.08316],[83.30818,20.084],[83.30792,20.08462],[83.30837,20.08555],[83.30792,20.08611],[83.30782,20.0872],[83.30703,20.08746],[83.3064,20.08808],[83.30521,20.08746],[83.30405,20.08765],[83.30331,20.08797],[83.30247,20.0891],[83.30215,20.08966],[83.30219,20.09035],[83.30375,20.09236],[83.30367,20.09304],[83.30213,20.095],[83.30218,20.09552],[83.30304,20.09681],[83.3024,20.09765],[83.30109,20.09876],[83.29836,20.09873],[83.29487,20.09942],[83.29308,20.1004],[83.29256,20.10101],[83.29215,20.10226],[83.29141,20.10253],[83.29039,20.10238],[83.29001,20.10288],[83.28915,20.10285],[83.28871,20.10336],[83.28787,20.10321],[83.28748,20.10418]]]}},{"type":"Feature","properties":{"LCODE":"100140001000100006","LOCATION":"GHUGUPPALA","V_TYPE":"VILLAGE","BLOCK":"NUAPARA","DISTRICT":"NUAPADA"},"geometry":{"type":"Polygon","coordinates":[[[83.07872,20.10945],[83.07922,20.10997],[83.08249,20.10953],[83.08226,20.10608],[83.08195,20.10524],[83.07964,20.10567],[83.0799,20.10639],[83.07967,20.10732],[83.08041,20.10834],[83.07902,20.10893],[83.07872,20.10945]]]}},{"type":"Feature","properties":{"LCODE":"100170003000300031","LOCATION":"LAKHPADAR","V_TYPE":"VILLAGE","BLOCK":"SINAPALI","DISTRICT":"NUAPADA"},"geometry":{"type":"Polygon","coordinates":[[[83.31306,20.10168],[83.3156,20.10693],[83.31564,20.10768],[83.31503,20.10973],[83.31735,20.10871],[83.31967,20.10689],[83.32388,20.10622],[83.32646,20.10544],[83.32914,20.10519],[83.33246,20.10409],[83.33402,20.10288],[83.33552,20.10005],[83.33743,20.09931],[83.33878,20.09817],[83.33781,20.09714],[83.33714,20.09563],[83.33498,20.09481],[83.3338,20.09391],[83.33302,20.09377],[83.33111,20.09463],[83.32959,20.09463],[83.327,20.09553],[83.32348,20.0957],[83.32206,20.09789],[83.32138,20.09822],[83.31889,20.09836],[83.31847,20.09973],[83.31721,20.09952],[83.31657,20.10024],[83.31425,20.10068],[83.31306,20.10168]]]}},{"type":"Feature","properties":{"LCODE":"100170003000300073","LOCATION":"TERLO","V_TYPE":"VILLAGE","BLOCK":"SINAPALI","DISTRICT":"NUAPADA"},"geometry":{"type":"Polygon","coordinates":[[[83.46805,20.10494],[83.46808,20.10574],[83.4693,20.10739],[83.46902,20.10925],[83.46999,20.10856],[83.47275,20.10761],[83.47865,20.10746],[83.48233,20.10626],[83.48381,20.10551],[83.49123,20.09475],[83.49224,20.0938],[83.49359,20.09339],[83.49357,20.09236],[83.49316,20.09194],[83.49194,20.09179],[83.48881,20.093],[83.48627,20.09246],[83.48467,20.09161],[83.48397,20.09072],[83.48351,20.08623],[83.48254,20.08678],[83.48183,20.08767],[83.47874,20.08864],[83.47906,20.08907],[83.4789,20.08998],[83.47704,20.09119],[83.4727,20.09529],[83.47098,20.09764],[83.46896,20.1017],[83.46805,20.10494]]]}},{"type":"Feature","properties":{"LCODE":"100160004000400292","LOCATION":"GUNDURUPI","V_TYPE":"VILLAGE","BLOCK":"KHARIAR","DISTRICT":"NUAPADA"},"geometry":{"type":"Polygon","coordinates":[[[83.52615,20.10768],[83.52633,20.10808],[83.52784,20.10832],[83.53003,20.10775],[83.53429,20.10581],[83.53503,20.10536],[83.536,20.10404],[83.53576,20.10352],[83.53387,20.10374],[83.53333,20.10351],[83.53103,20.1035],[83.53061,20.10258],[83.5322,20.10126],[83.53244,20.10046],[83.53184,20.09965],[83.53062,20.09896],[83.5299,20.09895],[83.52886,20.1001],[83.52788,20.10188],[83.52725,20.10521],[83.52615,20.10768]]]}},{"type":"Feature","properties":{"LCODE":"100160004000400266","LOCATION":"BALBEDA","V_TYPE":"VILLAGE","BLOCK":"KHARIAR","DISTRICT":"NUAPADA"},"geometry":{"type":"Polygon","coordinates":[[[83.48383,20.10548],[83.48517,20.10681],[83.48824,20.1083],[83.49031,20.10826],[83.49414,20.10703],[83.49476,20.10547],[83.49354,20.10004],[83.4921,20.09829],[83.48969,20.09675],[83.48383,20.10548]]]}},{"type":"Feature","properties":{"LCODE":"100160004000400267","LOCATION":"SADELGOCHHA","V_TYPE":"VILLAGE","BLOCK":"KHARIAR","DISTRICT":"NUAPADA"},"geometry":{"type":"Polygon","coordinates":[[[83.48969,20.09675],[83.4921,20.09829],[83.49354,20.10004],[83.49476,20.10547],[83.49414,20.10703],[83.49635,20.10596],[83.50096,20.1026],[83.50224,20.1006],[83.50063,20.09943],[83.49782,20.09628],[83.49592,20.09494],[83.49505,20.09393],[83.49361,20.09329],[83.49193,20.09402],[83.48969,20.09675]]]}},{"type":"Feature","properties":{"LCODE":"100160004000400305","LOCATION":"GADADI","V_TYPE":"VILLAGE","BLOCK":"KHARIAR","DISTRICT":"NUAPADA"},"geometry":{"type":"Polygon","coordinates":[[[83.60823,20.1065],[83.60993,20.10702],[83.61279,20.10652],[83.61315,20.10606],[83.61322,20.10497],[83.61414,20.10313],[83.6141,20.1027],[83.60847,20.10256],[83.60867,20.10558],[83.60823,20.1065]]]}},{"type":"Feature","properties":{"LCODE":"100160004000400304","LOCATION":"BHURKUNDI","V_TYPE":"VILLAGE","BLOCK":"KHARIAR","DISTRICT":"NUAPADA"},"geometry":{"type":"Polygon","coordinates":[[[83.60356,20.10562],[83.60484,20.107],[83.60786,20.10679],[83.60867,20.10558],[83.60847,20.10256],[83.60522,20.1023],[83.60442,20.10436],[83.60363,20.10487],[83.60356,20.10562]]]}},{"type":"Feature","properties":{"LCODE":"100140001000100008","LOCATION":"PADAIAGAON","V_TYPE":"VILLAGE","BLOCK":"NUAPARA","DISTRICT":"NUAPADA"},"geometry":{"type":"Polygon","coordinates":[[[83.07439,20.10018],[83.07442,20.10173],[83.07601,20.10666],[83.08128,20.10528],[83.0912,20.1042],[83.08995,20.10053],[83.08865,20.09842],[83.08863,20.09727],[83.08939,20.0953],[83.0892,20.09462],[83.08701,20.09083],[83.08365,20.09329],[83.07875,20.09495],[83.07709,20.095],[83.07503,20.09764],[83.07439,20.10018]]]}},{"type":"Feature","properties":{"LCODE":"100170003000300036","LOCATION":"CHANPADAR","V_TYPE":"VILLAGE","BLOCK":"SINAPALI","DISTRICT":"NUAPADA"},"geometry":{"type":"Polygon","coordinates":[[[83.25651,20.10086],[83.25861,20.10491],[83.25961,20.10586],[83.26129,20.10609],[83.26864,20.10443],[83.26971,20.1036],[83.27019,20.10201],[83.27081,20.10145],[83.27216,20.10121],[83.27303,20.10072],[83.2734,20.09889],[83.27232,20.09702],[83.27212,20.09581],[83.271,20.09496],[83.27052,20.09323],[83.26974,20.09262],[83.26929,20.09169],[83.26814,20.09144],[83.26697,20.09219],[83.26488,20.09293],[83.2639,20.09473],[83.26356,20.09742],[83.26292,20.09826],[83.2618,20.09892],[83.2577,20.09982],[83.25651,20.10086]]]}},{"type":"Feature","properties":{"LCODE":"10017000300030rf","LOCATION":"RF","V_TYPE":"FOREST","BLOCK":"SINAPALI","DISTRICT":"NUAPADA"},"geometry":{"type":"Polygon","coordinates":[[[83.24284,20.10442],[83.24364,20.10591],[83.24474,20.10596],[83.24592,20.10364],[83.24873,20.10097],[83.25,20.09936],[83.24965,20.09916],[83.24944,20.09836],[83.24698,20.09782],[83.24678,20.0969],[83.24698,20.09397],[83.24673,20.09368],[83.24588,20.09363],[83.24516,20.0941],[83.24445,20.0952],[83.24467,20.0975],[83.24421,20.09946],[83.24477,20.10032],[83.24474,20.10193],[83.24305,20.10334],[83.24284,20.10442]]]}},{"type":"Feature","properties":{"LCODE":"100170003000300064","LOCATION":"JAMAPADA","V_TYPE":"VILLAGE","BLOCK":"SINAPALI","DISTRICT":"NUAPADA"},"geometry":{"type":"Polygon","coordinates":[[[83.39763,20.09479],[83.39956,20.09691],[83.40091,20.09977],[83.4049,20.10369],[83.4049,20.10541],[83.40543,20.10606],[83.4078,20.10579],[83.40943,20.10484],[83.409,20.10422],[83.40989,20.10161],[83.41291,20.09839],[83.41142,20.09782],[83.41071,20.09722],[83.41053,20.09572],[83.40971,20.09472],[83.40823,20.09381],[83.40674,20.09147],[83.40524,20.09115],[83.40503,20.09164],[83.40436,20.09168],[83.40379,20.09051],[83.40313,20.09055],[83.40257,20.09237],[83.40208,20.09258],[83.3999,20.09079],[83.39941,20.09083],[83.39903,20.09127],[83.39881,20.09236],[83.39824,20.0925],[83.39774,20.09353],[83.39763,20.09479]]]}},{"type":"Feature","properties":{"LCODE":"100170003000300034","LOCATION":"BUDHIPADAR","V_TYPE":"VILLAGE","BLOCK":"SINAPALI","DISTRICT":"NUAPADA"},"geometry":{"type":"Polygon","coordinates":[[[83.28125,20.10372],[83.28286,20.10414],[83.28374,20.10475],[83.2854,20.1044],[83.28622,20.105],[83.28748,20.10418],[83.28787,20.10321],[83.28871,20.10336],[83.28915,20.10285],[83.29001,20.10288],[83.29039,20.10238],[83.29141,20.10253],[83.29215,20.10226],[83.29256,20.10101],[83.29308,20.1004],[83.29487,20.09942],[83.29836,20.09873],[83.30109,20.09876],[83.30304,20.09681],[83.30218,20.09552],[83.30213,20.095],[83.30367,20.09304],[83.30375,20.09236],[83.30219,20.09035],[83.30215,20.08972],[83.29968,20.09061],[83.29804,20.09068],[83.29711,20.09133],[83.29632,20.09137],[83.29125,20.08755],[83.29163,20.08851],[83.29156,20.09029],[83.29044,20.0929],[83.2893,20.09407],[83.28909,20.09659],[83.28822,20.09886],[83.28388,20.10113],[83.28242,20.10287],[83.28125,20.10372]]]}},{"type":"Feature","properties":{"LCODE":"100170003000300035","LOCATION":"ARJUNGAON","V_TYPE":"VILLAGE","BLOCK":"SINAPALI","DISTRICT":"NUAPADA"},"geometry":{"type":"Polygon","coordinates":[[[83.26814,20.09144],[83.26929,20.09169],[83.26974,20.09262],[83.27052,20.09323],[83.271,20.09496],[83.27212,20.09581],[83.27232,20.09702],[83.2734,20.09889],[83.27343,20.09964],[83.27489,20.09969],[83.2759,20.10012],[83.27582,20.10248],[83.2777,20.10237],[83.27805,20.10261],[83.27816,20.10474],[83.27864,20.10487],[83.27959,20.10369],[83.28125,20.10372],[83.28242,20.10287],[83.28388,20.10113],[83.28822,20.09886],[83.28909,20.09659],[83.2893,20.09407],[83.29044,20.0929],[83.29156,20.09029],[83.29163,20.08851],[83.29067,20.08647],[83.29028,20.08399],[83.2896,20.0832],[83.28908,20.08366],[83.28671,20.08364],[83.28596,20.08425],[83.28395,20.08435],[83.28064,20.08528],[83.27764,20.08432],[83.27537,20.08398],[83.27509,20.08452],[83.27374,20.08465],[83.27283,20.0864],[83.27076,20.08657],[83.27025,20.08724],[83.26904,20.09042],[83.26814,20.09144]]]}},{"type":"Feature","properties":{"LCODE":"100170003000300069","LOCATION":"PATANGPADAR","V_TYPE":"VILLAGE","BLOCK":"SINAPALI","DISTRICT":"NUAPADA"},"geometry":{"type":"Polygon","coordinates":[[[83.43014,20.09722],[83.43018,20.09768],[83.43118,20.09858],[83.43122,20.09927],[83.43068,20.10074],[83.43085,20.10115],[83.43301,20.10185],[83.43652,20.10449],[83.43822,20.10385],[83.4393,20.1024],[83.43951,20.10166],[83.44115,20.09988],[83.44225,20.09968],[83.44465,20.10056],[83.4444,20.09918],[83.44299,20.09632],[83.44307,20.09547],[83.44373,20.09417],[83.44301,20.09392],[83.43816,20.09347],[83.43579,20.09379],[83.43389,20.09247],[83.43329,20.09234],[83.43191,20.09539],[83.4306,20.09632],[83.43014,20.09722]]]}},{"type":"Feature","properties":{"LCODE":"100160004000400268","LOCATION":"JAMGUDA","V_TYPE":"VILLAGE","BLOCK":"KHARIAR","DISTRICT":"NUAPADA"},"geometry":{"type":"Polygon","coordinates":[[[83.50268,20.10062],[83.50596,20.10231],[83.50875,20.10295],[83.51166,20.10412],[83.51324,20.1043],[83.51572,20.10402],[83.51718,20.1035],[83.52145,20.10099],[83.52585,20.09635],[83.52647,20.09469],[83.52586,20.09405],[83.52422,20.09347],[83.52155,20.09375],[83.52088,20.09392],[83.51856,20.09586],[83.51322,20.09642],[83.51157,20.09779],[83.50671,20.09823],[83.50343,20.09989],[83.50268,20.10062]]]}},{"type":"Feature","properties":{"LCODE":"100140001000100009","LOCATION":"DANGARIGUDA","V_TYPE":"VILLAGE","BLOCK":"NUAPARA","DISTRICT":"NUAPADA"},"geometry":{"type":"Polygon","coordinates":[[[83.08701,20.09083],[83.0892,20.09462],[83.08939,20.0953],[83.08863,20.09727],[83.08865,20.09842],[83.08995,20.10053],[83.0912,20.1042],[83.09328,20.10395],[83.09528,20.10324],[83.09824,20.10298],[83.10004,20.10129],[83.09625,20.09563],[83.0974,20.09417],[83.09541,20.09231],[83.09431,20.09174],[83.09158,20.09171],[83.08863,20.08909],[83.08797,20.09008],[83.08701,20.09083]]]}},{"type":"Feature","properties":{"LCODE":"100160004000400306","LOCATION":"RANGAPADAR","V_TYPE":"VILLAGE","BLOCK":"KHARIAR","DISTRICT":"NUAPADA"},"geometry":{"type":"Polygon","coordinates":[[[83.64179,20.0976],[83.64281,20.09882],[83.64349,20.09911],[83.64785,20.0997],[83.64979,20.10045],[83.65251,20.10207],[83.65579,20.10231],[83.657,20.10324],[83.6593,20.10417],[83.66125,20.10407],[83.64991,20.09645],[83.6478,20.09455],[83.64483,20.09243],[83.64479,20.09377],[83.64296,20.09525],[83.64295,20.09629],[83.64179,20.0976]]]}},{"type":"Feature","properties":{"LCODE":"100140002000200012","LOCATION":"AMATHA","V_TYPE":"VILLAGE","BLOCK":"NUAPARA","DISTRICT":"NUAPADA"},"geometry":{"type":"Polygon","coordinates":[[[83.12323,20.10031],[83.12324,20.10094],[83.12398,20.10122],[83.12614,20.10039],[83.1265,20.10058],[83.13021,20.09995],[83.13583,20.09799],[83.1408,20.09719],[83.14703,20.09557],[83.14902,20.09446],[83.15105,20.09248],[83.1523,20.09074],[83.15561,20.08846],[83.15797,20.08436],[83.15949,20.08338],[83.15806,20.08194],[83.15765,20.07941],[83.15578,20.07569],[83.15556,20.07402],[83.15579,20.06939],[83.15187,20.07044],[83.14938,20.07058],[83.14729,20.07244],[83.14523,20.07355],[83.14402,20.07363],[83.14153,20.0729],[83.13904,20.07333],[83.13777,20.07404],[83.13496,20.07642],[83.13163,20.08141],[83.13063,20.08343],[83.12801,20.09059],[83.12781,20.09347],[83.12734,20.09509],[83.12323,20.10031]]]}},{"type":"Feature","properties":{"LCODE":"100170003000300037","LOCATION":"SARIA","V_TYPE":"VILLAGE","BLOCK":"SINAPALI","DISTRICT":"NUAPADA"},"geometry":{"type":"Polygon","coordinates":[[[83.24931,20.09541],[83.24943,20.09857],[83.24965,20.09916],[83.25007,20.0994],[83.25475,20.09904],[83.256,20.09994],[83.25651,20.10086],[83.25726,20.10009],[83.25838,20.09955],[83.2618,20.09892],[83.26292,20.09826],[83.26356,20.09742],[83.2639,20.09473],[83.26488,20.09293],[83.26697,20.09219],[83.26871,20.09098],[83.27025,20.08724],[83.27076,20.08657],[83.27283,20.0864],[83.27374,20.08465],[83.27509,20.08452],[83.27541,20.08385],[83.27516,20.08252],[83.27575,20.08133],[83.27456,20.07905],[83.2743,20.07772],[83.27544,20.07637],[83.2756,20.07402],[83.27784,20.07232],[83.27949,20.0722],[83.28103,20.07156],[83.28122,20.07122],[83.28075,20.06925],[83.27956,20.06852],[83.27853,20.06665],[83.27595,20.06438],[83.27538,20.06344],[83.27539,20.06155],[83.27342,20.06056],[83.27184,20.05913],[83.27129,20.059],[83.26976,20.05946],[83.26889,20.05943],[83.26831,20.06091],[83.26817,20.06297],[83.26746,20.06399],[83.26666,20.0643],[83.26467,20.06407],[83.26236,20.06594],[83.26082,20.06653],[83.25937,20.06791],[83.25771,20.06872],[83.2555,20.06916],[83.25603,20.07603],[83.25551,20.08038],[83.2533,20.08416],[83.25026,20.08768],[83.24959,20.0895],[83.24931,20.09541]]]}},{"type":"Feature","properties":{"LCODE":"100160004000400271","LOCATION":"BELGAON","V_TYPE":"VILLAGE","BLOCK":"KHARIAR","DISTRICT":"NUAPADA"},"geometry":{"type":"Polygon","coordinates":[[[83.49782,20.09628],[83.50063,20.09943],[83.50231,20.10065],[83.50671,20.09823],[83.51157,20.09779],[83.51273,20.09688],[83.51304,20.09561],[83.51469,20.09384],[83.51488,20.09251],[83.51369,20.08802],[83.50957,20.08761],[83.50955,20.0895],[83.50773,20.08984],[83.50736,20.0907],[83.50687,20.09093],[83.50414,20.09052],[83.50299,20.09086],[83.50213,20.09264],[83.49984,20.09354],[83.49835,20.09607],[83.49782,20.09628]]]}},{"type":"Feature","properties":{"LCODE":"100170003000300071","LOCATION":"KERBANDI","V_TYPE":"VILLAGE","BLOCK":"SINAPALI","DISTRICT":"NUAPADA"},"geometry":{"type":"Polygon","coordinates":[[[83.44299,20.09632],[83.4444,20.09918],[83.44462,20.10036],[83.44526,20.10047],[83.44594,20.10026],[83.44762,20.09883],[83.44936,20.09785],[83.452,20.09719],[83.45255,20.09681],[83.45287,20.09647],[83.45267,20.09521],[83.45287,20.09464],[83.45325,20.09448],[83.4544,20.09457],[83.45606,20.09555],[83.45811,20.09607],[83.46156,20.09613],[83.4625,20.09535],[83.46083,20.09117],[83.4594,20.09044],[83.45798,20.08769],[83.4575,20.08739],[83.45654,20.08736],[83.45383,20.08825],[83.45305,20.08805],[83.45157,20.08697],[83.45053,20.08722],[83.44781,20.08874],[83.44614,20.08932],[83.44402,20.08936],[83.4434,20.08904],[83.44358,20.08975],[83.44417,20.09034],[83.44572,20.09091],[83.44595,20.09126],[83.44551,20.09182],[83.44405,20.09211],[83.44373,20.09417],[83.44307,20.09547],[83.44299,20.09632]]]}},{"type":"Feature","properties":{"LCODE":"100170003000300030","LOCATION":"KISAMUNDA","V_TYPE":"VILLAGE","BLOCK":"SINAPALI","DISTRICT":"NUAPADA"},"geometry":{"type":"Polygon","coordinates":[[[83.33878,20.09817],[83.33965,20.09841],[83.34159,20.10014],[83.34267,20.10046],[83.34454,20.09891],[83.34537,20.09766],[83.3437,20.09705],[83.34126,20.09427],[83.34088,20.09448],[83.34052,20.09637],[83.33878,20.09817]]]}},{"type":"Feature","properties":{"LCODE":"100140001000100013","LOCATION":"KARLAPADA","V_TYPE":"VILLAGE","BLOCK":"NUAPARA","DISTRICT":"NUAPADA"},"geometry":{"type":"Polygon","coordinates":[[[83.09695,20.08419],[83.09805,20.08561],[83.09891,20.08611],[83.10751,20.08884],[83.10873,20.09519],[83.11643,20.09658],[83.12077,20.09838],[83.1233,20.10021],[83.12734,20.09509],[83.12781,20.09347],[83.12801,20.09059],[83.13063,20.08343],[83.13163,20.08141],[83.13496,20.07642],[83.13777,20.07404],[83.13904,20.07333],[83.14153,20.0729],[83.14402,20.07363],[83.14523,20.07355],[83.14729,20.07244],[83.14909,20.07098],[83.14997,20.06971],[83.15032,20.06861],[83.15031,20.06741],[83.14992,20.06609],[83.14796,20.06121],[83.1463,20.05997],[83.14401,20.05694],[83.1423,20.05627],[83.1383,20.05654],[83.13389,20.05791],[83.13177,20.05891],[83.13213,20.06172],[83.13113,20.06415],[83.13017,20.06508],[83.12721,20.06609],[83.119,20.06542],[83.11124,20.06637],[83.10809,20.06628],[83.10741,20.06583],[83.1066,20.06405],[83.10501,20.06355],[83.10381,20.06352],[83.10352,20.06547],[83.10191,20.06733],[83.10133,20.06883],[83.10152,20.06992],[83.10239,20.07135],[83.10224,20.07325],[83.1031,20.07381],[83.10361,20.07565],[83.10339,20.07709],[83.10262,20.07871],[83.10082,20.08005],[83.09999,20.08116],[83.09921,20.08179],[83.09745,20.08222],[83.09735,20.08366],[83.09695,20.08419]]]}},{"type":"Feature","properties":{"LCODE":"100170003000300056","LOCATION":"ASURGARH","V_TYPE":"VILLAGE","BLOCK":"SINAPALI","DISTRICT":"NUAPADA"},"geometry":{"type":"Polygon","coordinates":[[[83.34937,20.07719],[83.35126,20.08122],[83.3512,20.08443],[83.35177,20.08571],[83.35372,20.08698],[83.35686,20.08766],[83.35773,20.08855],[83.35797,20.09028],[83.35637,20.09264],[83.35625,20.09407],[83.35764,20.09629],[83.36411,20.09923],[83.36796,20.09623],[83.36906,20.09604],[83.36737,20.09236],[83.36694,20.09074],[83.3672,20.08846],[83.36818,20.08682],[83.36851,20.08281],[83.36686,20.07955],[83.36656,20.07803],[83.36575,20.07825],[83.36507,20.07886],[83.36412,20.07813],[83.36283,20.07855],[83.36194,20.07818],[83.36183,20.07772],[83.36214,20.07744],[83.36424,20.07648],[83.36451,20.07579],[83.36401,20.07463],[83.36305,20.07414],[83.3621,20.07543],[83.36091,20.07642],[83.36025,20.07606],[83.36053,20.07492],[83.35957,20.07328],[83.35883,20.07343],[83.35912,20.07556],[83.35836,20.07628],[83.35873,20.07767],[83.35657,20.07881],[83.35609,20.07879],[83.35497,20.07789],[83.35419,20.07764],[83.35297,20.07783],[83.34937,20.07719]]]}},{"type":"Feature","properties":{"LCODE":"100160004000400291","LOCATION":"SHIKULI","V_TYPE":"VILLAGE","BLOCK":"KHARIAR","DISTRICT":"NUAPADA"},"geometry":{"type":"Polygon","coordinates":[[[83.54163,20.09549],[83.54272,20.09665],[83.54485,20.09694],[83.54678,20.09827],[83.54854,20.09851],[83.55067,20.09794],[83.55122,20.09674],[83.5525,20.09582],[83.55251,20.09473],[83.5507,20.09271],[83.54919,20.08954],[83.54805,20.08781],[83.54757,20.08764],[83.54477,20.0893],[83.54458,20.09056],[83.54409,20.09108],[83.54444,20.0924],[83.54431,20.09389],[83.54353,20.09469],[83.54163,20.09549]]]}},{"type":"Feature","properties":{"LCODE":"100170003000300067","LOCATION":"KHIRMAL","V_TYPE":"VILLAGE","BLOCK":"SINAPALI","DISTRICT":"NUAPADA"},"geometry":{"type":"Polygon","coordinates":[[[83.41982,20.09373],[83.42037,20.09536],[83.42041,20.09777],[83.42099,20.09847],[83.42487,20.09711],[83.42779,20.09686],[83.42903,20.0961],[83.43051,20.09648],[83.43191,20.09539],[83.43298,20.09267],[83.43336,20.09235],[83.43238,20.0907],[83.43209,20.0869],[83.43227,20.08508],[83.43281,20.08389],[83.43401,20.08249],[83.43494,20.08025],[83.42938,20.08114],[83.42722,20.0821],[83.4251,20.08381],[83.42441,20.08447],[83.42303,20.08741],[83.4222,20.08853],[83.42027,20.08973],[83.42016,20.09282],[83.41982,20.09373]]]}},{"type":"Feature","properties":{"LCODE":"100170003000300065","LOCATION":"EKNAPALI","V_TYPE":"VILLAGE","BLOCK":"SINAPALI","DISTRICT":"NUAPADA"},"geometry":{"type":"Polygon","coordinates":[[[83.4043,20.09001],[83.40524,20.09115],[83.40674,20.09147],[83.40823,20.09381],[83.40971,20.09472],[83.41053,20.09572],[83.41071,20.09722],[83.41142,20.09782],[83.41291,20.09839],[83.41387,20.09721],[83.41474,20.09494],[83.41518,20.0945],[83.41586,20.09423],[83.4178,20.09424],[83.41928,20.09366],[83.4199,20.09395],[83.42016,20.09282],[83.42024,20.08983],[83.41868,20.09025],[83.41641,20.08915],[83.41319,20.08921],[83.41139,20.0903],[83.40958,20.0899],[83.40746,20.08989],[83.40665,20.08949],[83.40601,20.0899],[83.4043,20.09001]]]}},{"type":"Feature","properties":{"LCODE":"100160004000400289","LOCATION":"DUDUKARANDA","V_TYPE":"VILLAGE","BLOCK":"KHARIAR","DISTRICT":"NUAPADA"},"geometry":{"type":"Polygon","coordinates":[[[83.53035,20.08355],[83.53053,20.08412],[83.53246,20.08597],[83.53288,20.08678],[83.53214,20.08942],[83.53219,20.09063],[83.53468,20.09144],[83.53516,20.0919],[83.53594,20.09369],[83.53775,20.09576],[83.53944,20.09704],[83.54132,20.09768],[83.54239,20.09643],[83.54163,20.09549],[83.54353,20.09469],[83.5445,20.09349],[83.54409,20.09108],[83.54458,20.09056],[83.54464,20.08958],[83.54673,20.08557],[83.54723,20.08212],[83.54797,20.08005],[83.54768,20.07718],[83.54557,20.07613],[83.54382,20.07394],[83.54309,20.07354],[83.54188,20.07359],[83.54073,20.07433],[83.53945,20.07387],[83.5383,20.07277],[83.53721,20.07254],[83.53624,20.07311],[83.53441,20.07511],[83.53176,20.08114],[83.53066,20.08211],[83.53035,20.08355]]]}},{"type":"Feature","properties":{"LCODE":"100170003000300029","LOCATION":"LAKHGUDA","V_TYPE":"VILLAGE","BLOCK":"SINAPALI","DISTRICT":"NUAPADA"},"geometry":{"type":"Polygon","coordinates":[[[83.341,20.09277],[83.34123,20.09428],[83.34218,20.09556],[83.3437,20.09705],[83.34537,20.09766],[83.34635,20.09604],[83.34892,20.09544],[83.35011,20.09461],[83.35272,20.09441],[83.35397,20.09342],[83.35626,20.09397],[83.35637,20.09264],[83.35777,20.09085],[83.358,20.08959],[83.35773,20.08855],[83.35686,20.08766],[83.35289,20.08661],[83.35177,20.08571],[83.35133,20.08496],[83.3469,20.0859],[83.34189,20.0886],[83.34148,20.08968],[83.3417,20.09049],[83.34147,20.09169],[83.341,20.09277]]]}},{"type":"Feature","properties":{"LCODE":"100160004000400269","LOCATION":"KHINIPADIR","V_TYPE":"VILLAGE","BLOCK":"KHARIAR","DISTRICT":"NUAPADA"},"geometry":{"type":"Polygon","coordinates":[[[83.51273,20.09619],[83.51273,20.09688],[83.51322,20.09642],[83.51462,20.09613],[83.51765,20.09609],[83.51899,20.09558],[83.52088,20.09392],[83.52399,20.09348],[83.52344,20.09249],[83.52412,20.09088],[83.52364,20.0891],[83.52365,20.08766],[83.5205,20.08667],[83.51892,20.08655],[83.51655,20.08689],[83.51369,20.08802],[83.51476,20.092],[83.51482,20.09309],[83.51444,20.09424],[83.51273,20.09619]]]}},{"type":"Feature","properties":{"LCODE":"100170003000300057","LOCATION":"REKHPUR","V_TYPE":"VILLAGE","BLOCK":"SINAPALI","DISTRICT":"NUAPADA"},"geometry":{"type":"Polygon","coordinates":[[[83.36684,20.07947],[83.36851,20.08281],[83.36818,20.08682],[83.3672,20.08846],[83.36694,20.09074],[83.36737,20.09236],[83.36935,20.09645],[83.37031,20.09671],[83.37149,20.09588],[83.3741,20.09586],[83.37485,20.09542],[83.37631,20.09346],[83.3793,20.0931],[83.37951,20.09236],[83.38013,20.0918],[83.38351,20.09073],[83.38351,20.08916],[83.38397,20.08814],[83.38377,20.08682],[83.38443,20.08277],[83.38344,20.08273],[83.38278,20.08236],[83.38221,20.08143],[83.38132,20.08071],[83.38071,20.07937],[83.38099,20.07834],[83.3827,20.07811],[83.3838,20.07738],[83.38233,20.07194],[83.38051,20.07305],[83.37725,20.07438],[83.37475,20.0763],[83.37138,20.077],[83.37013,20.0781],[83.36684,20.07947]]]}},{"type":"Feature","properties":{"LCODE":"100160004000400272","LOCATION":"TARKABAHAL","V_TYPE":"VILLAGE","BLOCK":"KHARIAR","DISTRICT":"NUAPADA"},"geometry":{"type":"Polygon","coordinates":[[[83.49642,20.09233],[83.4968,20.09355],[83.49655,20.09528],[83.49714,20.09597],[83.49786,20.09628],[83.49835,20.09607],[83.49984,20.09354],[83.50213,20.09264],[83.50299,20.09086],[83.50494,20.09052],[83.50687,20.09093],[83.50736,20.0907],[83.50773,20.08984],[83.50955,20.0895],[83.50963,20.08789],[83.50824,20.08645],[83.50503,20.08581],[83.50272,20.08603],[83.50193,20.08533],[83.50127,20.08516],[83.50071,20.08625],[83.4994,20.087],[83.4994,20.08882],[83.49683,20.09092],[83.49642,20.09233]]]}},{"type":"Feature","properties":{"LCODE":"100160004000400287","LOCATION":"DUMER","V_TYPE":"VILLAGE","BLOCK":"KHARIAR","DISTRICT":"NUAPADA"},"geometry":{"type":"Polygon","coordinates":[[[83.56569,20.08156],[83.56575,20.08225],[83.56702,20.08375],[83.56699,20.08789],[83.5685,20.08887],[83.56868,20.08956],[83.56849,20.09192],[83.56702,20.09444],[83.5678,20.09519],[83.56938,20.09502],[83.57494,20.09005],[83.57608,20.09057],[83.57663,20.09126],[83.57721,20.09287],[83.57814,20.09213],[83.58009,20.09167],[83.58057,20.09191],[83.58163,20.09364],[83.58316,20.09213],[83.58578,20.09033],[83.58532,20.0897],[83.5772,20.0853],[83.5749,20.08513],[83.57434,20.08482],[83.57416,20.08426],[83.57455,20.08361],[83.57279,20.08136],[83.57274,20.08038],[83.5736,20.07843],[83.5733,20.07791],[83.5716,20.07813],[83.56892,20.07968],[83.56879,20.08048],[83.56945,20.08186],[83.56884,20.08249],[83.56781,20.0826],[83.56593,20.08104],[83.56569,20.08156]]]}},{"type":"Feature","properties":{"LCODE":"100140001000100014","LOCATION":"DOMUHANI","V_TYPE":"VILLAGE","BLOCK":"NUAPARA","DISTRICT":"NUAPADA"},"geometry":{"type":"Polygon","coordinates":[[[83.08863,20.08909],[83.09158,20.09171],[83.09431,20.09174],[83.09486,20.09197],[83.09733,20.09419],[83.09931,20.09278],[83.10162,20.09242],[83.10442,20.09319],[83.10724,20.09477],[83.10873,20.09519],[83.10751,20.08884],[83.09891,20.08611],[83.09805,20.08561],[83.09695,20.08419],[83.09451,20.08426],[83.09409,20.0845],[83.09338,20.086],[83.09237,20.08722],[83.09103,20.08769],[83.08932,20.08751],[83.08863,20.08909]]]}},{"type":"Feature","properties":{"LCODE":"100170003000300062","LOCATION":"PIPALPADAR","V_TYPE":"VILLAGE","BLOCK":"SINAPALI","DISTRICT":"NUAPADA"},"geometry":{"type":"Polygon","coordinates":[[[83.38348,20.08996],[83.38351,20.09073],[83.38591,20.09165],[83.38685,20.09409],[83.38769,20.09512],[83.38889,20.0933],[83.38931,20.09308],[83.38992,20.09299],[83.39058,20.09341],[83.39059,20.09484],[83.39088,20.09514],[83.39181,20.0946],[83.39252,20.09336],[83.39403,20.09381],[83.39453,20.09264],[83.39332,20.08977],[83.39335,20.08902],[83.39479,20.08775],[83.39577,20.0856],[83.39719,20.08525],[83.39832,20.08425],[83.39804,20.08189],[83.39837,20.08104],[83.3982,20.07893],[83.39552,20.07945],[83.39346,20.07939],[83.39259,20.07982],[83.39175,20.08105],[83.39102,20.08108],[83.39025,20.08072],[83.38982,20.08087],[83.38864,20.0833],[83.38808,20.08357],[83.38729,20.0836],[83.38448,20.08271],[83.38377,20.08682],[83.38397,20.08814],[83.38358,20.08882],[83.38348,20.08996]]]}},{"type":"Feature","properties":{"LCODE":"100170003000300070","LOCATION":"KUSMEL","V_TYPE":"VILLAGE","BLOCK":"SINAPALI","DISTRICT":"NUAPADA"},"geometry":{"type":"Polygon","coordinates":[[[83.43209,20.0869],[83.43238,20.0907],[83.43336,20.09235],[83.43579,20.09379],[83.43896,20.0935],[83.44361,20.09413],[83.44405,20.09211],[83.44588,20.0916],[83.44572,20.09091],[83.44417,20.09034],[83.44358,20.08975],[83.44296,20.08531],[83.4433,20.084],[83.44498,20.08268],[83.44506,20.08234],[83.44429,20.0818],[83.44398,20.08008],[83.44362,20.08017],[83.44154,20.07896],[83.43994,20.07959],[83.43623,20.07981],[83.43501,20.08018],[83.43401,20.08249],[83.43281,20.08389],[83.43227,20.08508],[83.43209,20.0869]]]}},{"type":"Feature","properties":{"LCODE":"100160004000400296","LOCATION":"KARLABARU","V_TYPE":"VILLAGE","BLOCK":"KHARIAR","DISTRICT":"NUAPADA"},"geometry":{"type":"Polygon","coordinates":[[[83.52975,20.09234],[83.53048,20.09327],[83.53151,20.09344],[83.53224,20.09298],[83.53297,20.09143],[83.53262,20.09109],[83.53104,20.0912],[83.52975,20.09234]]]}},{"type":"Feature","properties":{"LCODE":"100170003000300063","LOCATION":"JURKABHATA","V_TYPE":"VILLAGE","BLOCK":"SINAPALI","DISTRICT":"NUAPADA"},"geometry":{"type":"Polygon","coordinates":[[[83.39327,20.08942],[83.39453,20.09264],[83.39524,20.09207],[83.39669,20.09217],[83.39738,20.09174],[83.39774,20.09175],[83.39838,20.09263],[83.39881,20.09236],[83.39903,20.09127],[83.39941,20.09083],[83.3999,20.09079],[83.40208,20.09258],[83.40257,20.09237],[83.40313,20.09055],[83.40379,20.09051],[83.40436,20.09168],[83.40503,20.09164],[83.40524,20.09108],[83.4043,20.09001],[83.40601,20.0899],[83.40712,20.0893],[83.40714,20.08884],[83.40661,20.08831],[83.40681,20.0878],[83.40857,20.0878],[83.4087,20.08746],[83.40811,20.08704],[83.40812,20.08669],[83.4101,20.08567],[83.41007,20.08486],[83.41102,20.08369],[83.41066,20.08196],[83.41121,20.0818],[83.41217,20.08218],[83.41318,20.08124],[83.41242,20.08029],[83.4105,20.07972],[83.41011,20.07873],[83.41054,20.07851],[83.41151,20.07866],[83.41372,20.07965],[83.41547,20.07976],[83.41628,20.0795],[83.41696,20.07878],[83.41657,20.07791],[83.41615,20.07789],[83.41527,20.07867],[83.41467,20.07859],[83.41421,20.07789],[83.41451,20.07623],[83.41409,20.07455],[83.41402,20.07272],[83.41308,20.07045],[83.41328,20.06833],[83.41414,20.06629],[83.41392,20.06531],[83.40839,20.06421],[83.40623,20.06494],[83.40208,20.06567],[83.39793,20.06823],[83.3988,20.07084],[83.39873,20.07296],[83.39906,20.07538],[83.39822,20.07868],[83.39837,20.08104],[83.39804,20.08189],[83.39832,20.08425],[83.39719,20.08525],[83.39577,20.0856],[83.39517,20.08719],[83.39361,20.08863],[83.39327,20.08942]]]}},{"type":"Feature","properties":{"LCODE":"100170003000300051","LOCATION":"RUPRA  ROAD","V_TYPE":"VILLAGE","BLOCK":"SINAPALI","DISTRICT":"NUAPADA"},"geometry":{"type":"Polygon","coordinates":[[[83.32985,20.08413],[83.33102,20.08698],[83.33173,20.08752],[83.33283,20.08722],[83.33465,20.08578],[83.33697,20.08528],[83.33745,20.08553],[83.33784,20.08646],[83.3379,20.08807],[83.33891,20.08891],[83.33906,20.09127],[83.34,20.0921],[83.34123,20.09203],[83.34147,20.09169],[83.3417,20.09049],[83.34157,20.08911],[83.34264,20.08811],[83.3469,20.0859],[83.35133,20.08496],[83.35126,20.08286],[83.35013,20.08244],[83.34914,20.08132],[83.34683,20.07952],[83.34544,20.07792],[83.34362,20.07704],[83.34196,20.07838],[83.34011,20.07919],[83.3387,20.0796],[83.33303,20.08027],[83.33126,20.08211],[83.33065,20.08376],[83.33028,20.08415],[83.32985,20.08413]]]}},{"type":"Feature","properties":{"LCODE":"100170003000300048","LOCATION":"RAKSI","V_TYPE":"VILLAGE","BLOCK":"SINAPALI","DISTRICT":"NUAPADA"},"geometry":{"type":"Polygon","coordinates":[[[83.2896,20.0832],[83.29028,20.08399],[83.29067,20.08647],[83.29125,20.08755],[83.29288,20.08896],[83.29438,20.08969],[83.29585,20.09112],[83.29711,20.09133],[83.29804,20.09068],[83.30036,20.09041],[83.30123,20.08986],[83.30215,20.08972],[83.30331,20.08797],[83.30405,20.08765],[83.30521,20.08746],[83.3064,20.08808],[83.30703,20.08746],[83.30782,20.0872],[83.30792,20.08611],[83.30837,20.08555],[83.30792,20.08462],[83.30845,20.08355],[83.30888,20.08316],[83.3109,20.08288],[83.3115,20.08129],[83.31268,20.08047],[83.31236,20.07925],[83.31348,20.07859],[83.31274,20.07559],[83.31223,20.07471],[83.31067,20.0742],[83.30997,20.07349],[83.30931,20.07323],[83.30759,20.07358],[83.30665,20.07298],[83.30637,20.07239],[83.30667,20.07062],[83.30653,20.06952],[83.30468,20.06877],[83.30424,20.06782],[83.30257,20.06848],[83.30037,20.06869],[83.29945,20.069],[83.29515,20.07196],[83.29411,20.07216],[83.2925,20.07314],[83.28968,20.07412],[83.29108,20.07539],[83.29129,20.0762],[83.29084,20.07866],[83.29102,20.08039],[83.29051,20.08089],[83.29062,20.08141],[83.2903,20.08186],[83.29058,20.08239],[83.2896,20.0832]]]}},{"type":"Feature","properties":{"LCODE":"100170003000300066","LOCATION":"GOKHEL","V_TYPE":"VILLAGE","BLOCK":"SINAPALI","DISTRICT":"NUAPADA"},"geometry":{"type":"Polygon","coordinates":[[[83.40661,20.08819],[83.40714,20.08884],[83.40712,20.0893],[83.40665,20.08949],[83.40686,20.08964],[83.40746,20.08989],[83.40958,20.0899],[83.41072,20.09028],[83.41139,20.0903],[83.41257,20.08942],[83.41368,20.08911],[83.41531,20.08934],[83.41641,20.08915],[83.41795,20.09],[83.41911,20.09021],[83.42182,20.08892],[83.42303,20.08741],[83.42394,20.08532],[83.42364,20.08393],[83.42307,20.08294],[83.42349,20.08123],[83.42343,20.07957],[83.42419,20.07879],[83.42426,20.07833],[83.42396,20.07683],[83.42465,20.07611],[83.42479,20.07548],[83.42372,20.07315],[83.42465,20.0709],[83.42357,20.07068],[83.423,20.07118],[83.42273,20.07203],[83.42211,20.07229],[83.4222,20.0735],[83.42178,20.07469],[83.42265,20.07581],[83.42061,20.07695],[83.41941,20.07829],[83.41715,20.07867],[83.41628,20.0795],[83.41547,20.07976],[83.41372,20.07965],[83.41151,20.07866],[83.41054,20.07851],[83.41011,20.07873],[83.4105,20.07972],[83.41242,20.08029],[83.41318,20.08124],[83.41217,20.08218],[83.41121,20.0818],[83.41066,20.08196],[83.41102,20.08369],[83.41007,20.08486],[83.4101,20.08567],[83.40812,20.08669],[83.40811,20.08704],[83.4087,20.08746],[83.40857,20.0878],[83.40705,20.08775],[83.40661,20.08819]]]}},{"type":"Feature","properties":{"LCODE":"100170003000300074","LOCATION":"DUDALO","V_TYPE":"VILLAGE","BLOCK":"SINAPALI","DISTRICT":"NUAPADA"},"geometry":{"type":"Polygon","coordinates":[[[83.46855,20.07564],[83.47048,20.07916],[83.47214,20.08059],[83.47316,20.08257],[83.47235,20.0865],[83.47236,20.08799],[83.47295,20.08853],[83.47487,20.08899],[83.47702,20.08815],[83.47775,20.08811],[83.47874,20.08864],[83.4795,20.08857],[83.4808,20.08787],[83.48183,20.08767],[83.48254,20.08678],[83.48351,20.08623],[83.48356,20.08355],[83.48182,20.08297],[83.4795,20.08003],[83.47726,20.07634],[83.47551,20.07138],[83.47189,20.07393],[83.46855,20.07564]]]}},{"type":"Feature","properties":{"LCODE":"10017000300030rf","LOCATION":"RF","V_TYPE":"FOREST","BLOCK":"SINAPALI","DISTRICT":"NUAPADA"},"geometry":{"type":"Polygon","coordinates":[[[83.2459,20.08391],[83.24624,20.08609],[83.24706,20.08775],[83.24841,20.08849],[83.24987,20.08868],[83.25084,20.08684],[83.2533,20.08416],[83.25551,20.08038],[83.25603,20.07603],[83.25521,20.06554],[83.25623,20.06103],[83.25761,20.05826],[83.25803,20.05666],[83.25784,20.05372],[83.25726,20.05284],[83.25729,20.05221],[83.25773,20.05159],[83.25824,20.05098],[83.26166,20.04885],[83.26318,20.04718],[83.26599,20.0448],[83.27025,20.04287],[83.27127,20.04164],[83.2719,20.03942],[83.27228,20.03903],[83.27395,20.03811],[83.27591,20.0376],[83.27745,20.03684],[83.27903,20.03535],[83.28637,20.0303],[83.28836,20.0291],[83.291,20.02816],[83.29169,20.02766],[83.29323,20.02536],[83.29327,20.02421],[83.29259,20.02316],[83.28934,20.0223],[83.28786,20.02271],[83.28565,20.02522],[83.28396,20.02666],[83.28228,20.0277],[83.27927,20.02892],[83.27639,20.03118],[83.27522,20.03171],[83.27309,20.03193],[83.27267,20.03163],[83.27177,20.02976],[83.27071,20.02944],[83.27018,20.03016],[83.26993,20.03205],[83.26947,20.03296],[83.2663,20.03308],[83.26493,20.03424],[83.26406,20.0355],[83.26257,20.03876],[83.26104,20.04084],[83.25908,20.04474],[83.25639,20.0485],[83.25592,20.04964],[83.25559,20.05198],[83.25454,20.05413],[83.25153,20.05691],[83.25043,20.05854],[83.2486,20.06283],[83.24774,20.06623],[83.24766,20.06859],[83.24831,20.07129],[83.24819,20.07515],[83.24628,20.08097],[83.2459,20.08391]]]}},{"type":"Feature","properties":{"LCODE":"100160004000400270","LOCATION":"BARABANDHA","V_TYPE":"VILLAGE","BLOCK":"KHARIAR","DISTRICT":"NUAPADA"},"geometry":{"type":"Polygon","coordinates":[[[83.50957,20.0868],[83.50957,20.08761],[83.51017,20.08784],[83.51376,20.08802],[83.51655,20.08689],[83.51892,20.08655],[83.5205,20.08667],[83.52365,20.08766],[83.52415,20.08375],[83.52507,20.08278],[83.52733,20.08164],[83.52795,20.07917],[83.52765,20.07842],[83.52704,20.07853],[83.5257,20.07962],[83.52485,20.07973],[83.5246,20.07921],[83.52492,20.07818],[83.52341,20.07679],[83.52335,20.07559],[83.52263,20.07478],[83.5227,20.07323],[83.52246,20.07288],[83.52076,20.07276],[83.52083,20.07167],[83.52028,20.07166],[83.51845,20.07321],[83.5162,20.07458],[83.51424,20.07647],[83.51399,20.07814],[83.51216,20.0802],[83.51154,20.08204],[83.51178,20.08342],[83.51164,20.08543],[83.51019,20.08606],[83.50957,20.0868]]]}},{"type":"Feature","properties":{"LCODE":"100140001000100015","LOCATION":"CHHELIAMAL:","V_TYPE":"VILLAGE","BLOCK":"NUAPARA","DISTRICT":"NUAPADA"},"geometry":{"type":"Polygon","coordinates":[[[83.08009,20.07948],[83.08163,20.07985],[83.08549,20.08205],[83.089,20.08581],[83.08938,20.08667],[83.08932,20.08751],[83.09103,20.08769],[83.09237,20.08722],[83.09338,20.086],[83.09409,20.0845],[83.09711,20.08406],[83.09745,20.08222],[83.09921,20.08179],[83.09999,20.08116],[83.10082,20.08005],[83.10262,20.07871],[83.10339,20.07709],[83.10361,20.07565],[83.1031,20.07381],[83.10224,20.07325],[83.10239,20.07135],[83.10152,20.06992],[83.10133,20.06883],[83.10161,20.06779],[83.10357,20.06517],[83.10235,20.06433],[83.09954,20.06338],[83.09831,20.06253],[83.09739,20.06133],[83.09699,20.05943],[83.0957,20.05772],[83.09586,20.0568],[83.09543,20.05594],[83.09402,20.05544],[83.08998,20.05295],[83.08968,20.05295],[83.08938,20.05341],[83.08714,20.05781],[83.08734,20.05936],[83.08905,20.06429],[83.08883,20.06585],[83.08813,20.06775],[83.08506,20.07365],[83.08303,20.07598],[83.08129,20.07732],[83.08009,20.07948]]]}},{"type":"Feature","properties":{"LCODE":"100170003000300088","LOCATION":"KURMEL","V_TYPE":"VILLAGE","BLOCK":"SINAPALI","DISTRICT":"NUAPADA"},"geometry":{"type":"Polygon","coordinates":[[[83.42261,20.06359],[83.42301,20.06418],[83.42531,20.06448],[83.42679,20.06551],[83.42701,20.06614],[83.42686,20.067],[83.42635,20.06773],[83.42576,20.07058],[83.42465,20.0709],[83.42372,20.07315],[83.42479,20.07548],[83.42465,20.07611],[83.42396,20.07683],[83.42426,20.07833],[83.42419,20.07879],[83.42343,20.07957],[83.42349,20.08123],[83.42307,20.08294],[83.42364,20.08393],[83.42394,20.08532],[83.42441,20.08447],[83.42661,20.08254],[83.42938,20.08114],[83.43494,20.08025],[83.43623,20.07981],[83.43994,20.07959],[83.44154,20.07896],[83.44092,20.07773],[83.44072,20.07652],[83.44093,20.07383],[83.44135,20.07247],[83.44154,20.06892],[83.44202,20.06727],[83.44173,20.06543],[83.44113,20.06495],[83.43962,20.06478],[83.43871,20.06493],[83.43977,20.06588],[83.43958,20.06604],[83.43758,20.06592],[83.43514,20.06624],[83.4334,20.06584],[83.43214,20.06522],[83.43157,20.06417],[83.43127,20.06164],[83.42984,20.06176],[83.42891,20.06225],[83.42788,20.06216],[83.42531,20.06276],[83.42282,20.06285],[83.42261,20.06359]]]}},{"type":"Feature","properties":{"LCODE":"100170003000300047","LOCATION":"KHAICHUAN","V_TYPE":"VILLAGE","BLOCK":"SINAPALI","DISTRICT":"NUAPADA"},"geometry":{"type":"Polygon","coordinates":[[[83.27428,20.07829],[83.2757,20.08098],[83.27568,20.08161],[83.27516,20.08252],[83.27537,20.08398],[83.27764,20.08432],[83.28064,20.08528],[83.28395,20.08435],[83.28596,20.08425],[83.28671,20.08364],[83.28908,20.08366],[83.29032,20.08272],[83.29058,20.08239],[83.2903,20.08186],[83.29062,20.08141],[83.29051,20.08089],[83.29102,20.08039],[83.29084,20.07866],[83.29129,20.0762],[83.29108,20.07539],[83.28968,20.07412],[83.28753,20.07464],[83.28595,20.07459],[83.28278,20.07317],[83.27995,20.07267],[83.27952,20.07218],[83.27784,20.07232],[83.2756,20.07402],[83.27544,20.07637],[83.27463,20.07715],[83.27428,20.07829]]]}},{"type":"Feature","properties":{"LCODE":"100170003000300050","LOCATION":"BARGAON","V_TYPE":"VILLAGE","BLOCK":"SINAPALI","DISTRICT":"NUAPADA"},"geometry":{"type":"Polygon","coordinates":[[[83.32291,20.07694],[83.32293,20.07747],[83.32351,20.07835],[83.32526,20.08036],[83.32535,20.08106],[83.32501,20.08202],[83.3257,20.08308],[83.3267,20.08392],[83.33028,20.08415],[83.33126,20.08211],[83.33303,20.08027],[83.3387,20.0796],[83.34011,20.07919],[83.34196,20.07838],[83.34362,20.07704],[83.34258,20.07484],[83.34053,20.07374],[83.34048,20.07414],[83.33978,20.0747],[83.33905,20.0749],[83.3378,20.07589],[83.33665,20.07591],[83.3354,20.07702],[83.33479,20.07694],[83.33409,20.07612],[83.33361,20.07599],[83.33244,20.07658],[83.33159,20.07649],[83.33013,20.07549],[83.32883,20.07704],[83.3281,20.07718],[83.32515,20.07668],[83.32291,20.07694]]]}},{"type":"Feature","properties":{"LCODE":"100170003000300060","LOCATION":"DEHELI","V_TYPE":"VILLAGE","BLOCK":"SINAPALI","DISTRICT":"NUAPADA"},"geometry":{"type":"Polygon","coordinates":[[[83.38233,20.07194],[83.3838,20.07738],[83.38506,20.07819],[83.38593,20.07948],[83.38591,20.07988],[83.3849,20.08077],[83.38443,20.08277],[83.38729,20.0836],[83.38808,20.08357],[83.38864,20.0833],[83.38982,20.08087],[83.39025,20.08072],[83.39102,20.08108],[83.39175,20.08105],[83.39259,20.07982],[83.39346,20.07939],[83.39552,20.07945],[83.3982,20.07893],[83.39906,20.07538],[83.39876,20.07344],[83.39664,20.07186],[83.3935,20.07141],[83.39291,20.0711],[83.39162,20.06974],[83.39088,20.06679],[83.39053,20.06615],[83.38988,20.06572],[83.3894,20.06565],[83.38872,20.06609],[83.38718,20.06816],[83.38233,20.07194]]]}},{"type":"Feature","properties":{"LCODE":"100170003000300053","LOCATION":"BILAT","V_TYPE":"VILLAGE","BLOCK":"SINAPALI","DISTRICT":"NUAPADA"},"geometry":{"type":"Polygon","coordinates":[[[83.33404,20.06474],[83.3343,20.06533],[83.33409,20.06767],[83.33459,20.06918],[83.33517,20.06966],[83.33716,20.07025],[83.33835,20.07092],[83.33801,20.07182],[83.33839,20.07298],[83.3418,20.07425],[83.34303,20.07555],[83.34353,20.077],[83.34544,20.07792],[83.34683,20.07952],[83.34914,20.08132],[83.35013,20.08244],[83.35126,20.08286],[83.35126,20.08122],[83.34956,20.07783],[83.34921,20.07615],[83.34967,20.07158],[83.35056,20.06828],[83.34942,20.06697],[83.34872,20.06448],[83.34802,20.06365],[83.34731,20.0599],[83.34673,20.05896],[83.34615,20.05841],[83.34613,20.05888],[83.34576,20.0591],[83.34356,20.05949],[83.34235,20.06094],[83.34125,20.06136],[83.34052,20.06145],[83.33877,20.06099],[83.33691,20.06197],[83.3346,20.06212],[83.33414,20.06291],[83.33429,20.06395],[83.33404,20.06474]]]}},{"type":"Feature","properties":{"LCODE":"100170003000300061","LOCATION":"SIKERBANDHA","V_TYPE":"VILLAGE","BLOCK":"SINAPALI","DISTRICT":"NUAPADA"},"geometry":{"type":"Polygon","coordinates":[[[83.38071,20.07937],[83.38132,20.08071],[83.38221,20.08143],[83.38278,20.08236],[83.3838,20.0828],[83.38448,20.08259],[83.3849,20.08077],[83.38591,20.07988],[83.38576,20.07913],[83.38506,20.07819],[83.38388,20.07735],[83.3827,20.07811],[83.38099,20.07834],[83.38071,20.07937]]]}},{"type":"Feature","properties":{"LCODE":"100160004000400285","LOCATION":"RANGAPARU","V_TYPE":"VILLAGE","BLOCK":"KHARIAR","DISTRICT":"NUAPADA"},"geometry":{"type":"Polygon","coordinates":[[[83.55762,20.08176],[83.55859,20.08199],[83.56071,20.08102],[83.56461,20.08098],[83.56527,20.08075],[83.56646,20.07495],[83.56792,20.07352],[83.56991,20.07261],[83.56898,20.07163],[83.56956,20.06927],[83.56802,20.06697],[83.56609,20.06552],[83.5656,20.0654],[83.56499,20.06598],[83.56345,20.0689],[83.55931,20.07142],[83.55894,20.07187],[83.55882,20.07371],[83.55965,20.07636],[83.55982,20.07797],[83.5592,20.07975],[83.55762,20.08176]]]}},{"type":"Feature","properties":{"LCODE":"100170006000600087","LOCATION":"PIPALPADA","V_TYPE":"VILLAGE","BLOCK":"SINAPALI","DISTRICT":"NUAPADA"},"geometry":{"type":"Polygon","coordinates":[[[83.43552,20.0623],[83.43588,20.06403],[83.43648,20.06451],[83.43791,20.06501],[83.44035,20.06475],[83.44113,20.06495],[83.44189,20.06566],[83.44202,20.06727],[83.44154,20.06892],[83.44076,20.07709],[83.4416,20.07907],[83.44386,20.08018],[83.44424,20.07973],[83.44411,20.07818],[83.44439,20.07727],[83.44342,20.07563],[83.44357,20.07483],[83.44548,20.07409],[83.44617,20.07349],[83.44643,20.07114],[83.44691,20.06984],[83.44682,20.06869],[83.44617,20.06672],[83.44631,20.06604],[83.44656,20.06581],[83.44796,20.0658],[83.44975,20.06506],[83.45071,20.06526],[83.45098,20.06576],[83.4512,20.06516],[83.451,20.06206],[83.4514,20.05949],[83.45095,20.0585],[83.4511,20.0571],[83.45003,20.05549],[83.44866,20.05476],[83.44637,20.05445],[83.44543,20.05339],[83.4447,20.05342],[83.44344,20.05493],[83.44154,20.05544],[83.44077,20.0565],[83.43928,20.05737],[83.43578,20.05838],[83.43581,20.06099],[83.43552,20.0623]]]}},{"type":"Feature","properties":{"LCODE":"100140001000100016","LOCATION":"PADIAGAON'","V_TYPE":"VILLAGE","BLOCK":"NUAPARA","DISTRICT":"NUAPADA"},"geometry":{"type":"Polygon","coordinates":[[[83.06134,20.06129],[83.06351,20.06196],[83.0698,20.06823],[83.07137,20.07115],[83.0722,20.07382],[83.07424,20.0771],[83.07529,20.07796],[83.08009,20.07948],[83.08129,20.07732],[83.08303,20.07598],[83.08506,20.07365],[83.08813,20.06775],[83.08883,20.06585],[83.08905,20.06429],[83.08734,20.05936],[83.08714,20.05781],[83.08949,20.05324],[83.08788,20.05061],[83.085,20.04885],[83.08276,20.04815],[83.07909,20.05104],[83.07384,20.05392],[83.07198,20.05543],[83.06525,20.05556],[83.06483,20.05579],[83.06166,20.05945],[83.06134,20.06129]]]}},{"type":"Feature","properties":{"LCODE":"100170003000300058","LOCATION":"MANDEL","V_TYPE":"VILLAGE","BLOCK":"SINAPALI","DISTRICT":"NUAPADA"},"geometry":{"type":"Polygon","coordinates":[[[83.35745,20.05639],[83.35899,20.05902],[83.35918,20.06069],[83.35865,20.06146],[83.36049,20.06297],[83.361,20.06385],[83.36217,20.06837],[83.36374,20.07037],[83.3664,20.07218],[83.36732,20.07376],[83.36732,20.07531],[83.36676,20.0757],[83.36636,20.07677],[83.36684,20.07947],[83.37013,20.0781],[83.37138,20.077],[83.37475,20.0763],[83.37601,20.07514],[83.37836,20.0739],[83.37824,20.07194],[83.3788,20.07018],[83.37856,20.06994],[83.37692,20.07006],[83.37663,20.06976],[83.37659,20.06896],[83.37713,20.06754],[83.37696,20.06558],[83.3775,20.06244],[83.37683,20.05915],[83.37563,20.05716],[83.37286,20.05649],[83.37038,20.05446],[83.36869,20.05435],[83.36797,20.05398],[83.36615,20.05403],[83.36393,20.05339],[83.36305,20.05238],[83.36263,20.05079],[83.36135,20.05095],[83.36036,20.05149],[83.35954,20.05244],[83.35893,20.05397],[83.35754,20.05547],[83.35745,20.05639]]]}},{"type":"Feature","properties":{"LCODE":"100170003000300055","LOCATION":"PUJIBADAR","V_TYPE":"VILLAGE","BLOCK":"SINAPALI","DISTRICT":"NUAPADA"},"geometry":{"type":"Polygon","coordinates":[[[83.34921,20.07615],[83.34937,20.07719],[83.35297,20.07783],[83.35419,20.07764],[83.35497,20.07789],[83.35609,20.07879],[83.35657,20.07881],[83.35873,20.07767],[83.35836,20.07628],[83.35912,20.07556],[83.35883,20.07343],[83.35957,20.07328],[83.36053,20.07492],[83.36025,20.07606],[83.36043,20.07629],[83.36091,20.07642],[83.3621,20.07543],[83.36305,20.07414],[83.36401,20.07463],[83.36451,20.07579],[83.36424,20.07648],[83.36214,20.07744],[83.36183,20.07772],[83.36194,20.07818],[83.36283,20.07855],[83.36412,20.07813],[83.36507,20.07886],[83.36575,20.07825],[83.36656,20.07803],[83.36643,20.07643],[83.36676,20.0757],[83.36732,20.07531],[83.36741,20.07451],[83.36732,20.07376],[83.3664,20.07218],[83.36374,20.07037],[83.36217,20.06837],[83.361,20.06385],[83.36049,20.06297],[83.35865,20.06146],[83.35625,20.06278],[83.35616,20.06341],[83.35649,20.06433],[83.35629,20.06479],[83.35426,20.06547],[83.35399,20.06632],[83.35323,20.06716],[83.35078,20.06782],[83.34967,20.07158],[83.34921,20.07615]]]}},{"type":"Feature","properties":{"LCODE":"10017000300030rf","LOCATION":"RF","V_TYPE":"FOREST","BLOCK":"SINAPALI","DISTRICT":"NUAPADA"},"geometry":{"type":"Polygon","coordinates":[[[83.29963,20.04603],[83.30013,20.04714],[83.30078,20.04767],[83.30219,20.04755],[83.30272,20.0478],[83.30367,20.0499],[83.30433,20.05032],[83.30975,20.05125],[83.31208,20.05236],[83.31227,20.05369],[83.31187,20.05453],[83.31082,20.05525],[83.30922,20.05749],[83.30662,20.05896],[83.30609,20.06164],[83.30527,20.06265],[83.30512,20.06333],[83.3054,20.06581],[83.30423,20.06778],[83.30468,20.06877],[83.30653,20.06952],[83.30667,20.07062],[83.30637,20.07239],[83.30665,20.07298],[83.30759,20.07358],[83.30931,20.07323],[83.31067,20.0742],[83.31223,20.07471],[83.31274,20.07559],[83.31326,20.07825],[83.31372,20.07878],[83.31475,20.07876],[83.31713,20.07677],[83.31823,20.07657],[83.32029,20.07676],[83.32053,20.07671],[83.32068,20.07614],[83.31867,20.0744],[83.31663,20.07405],[83.31579,20.07356],[83.31427,20.06874],[83.31425,20.06765],[83.3145,20.06737],[83.31499,20.06739],[83.31754,20.06879],[83.3187,20.06878],[83.31902,20.06827],[83.31911,20.0658],[83.31994,20.06468],[83.32043,20.06441],[83.32201,20.06452],[83.32301,20.06363],[83.32383,20.06458],[83.32468,20.06472],[83.32694,20.06244],[83.3302,20.0614],[83.33133,20.06195],[83.33263,20.06464],[83.33292,20.06499],[83.33353,20.06507],[83.33421,20.06441],[83.33414,20.06291],[83.3346,20.06212],[83.33691,20.06197],[83.33877,20.06099],[83.34052,20.06145],[83.34125,20.06136],[83.34235,20.06094],[83.34356,20.05949],[83.34508,20.05936],[83.34613,20.05888],[83.34605,20.05779],[83.34476,20.0566],[83.34471,20.05625],[83.34608,20.05538],[83.34727,20.0526],[83.34757,20.05101],[83.3475,20.04641],[83.34859,20.04461],[83.34864,20.04329],[83.34831,20.04225],[83.349,20.04039],[83.3503,20.04037],[83.3518,20.03989],[83.35452,20.03838],[83.35841,20.03483],[83.36055,20.03246],[83.3621,20.03036],[83.36317,20.0277],[83.36456,20.02631],[83.36709,20.02502],[83.37174,20.02414],[83.37266,20.02365],[83.37372,20.02277],[83.3738,20.02048],[83.37307,20.01902],[83.37286,20.01791],[83.37164,20.01839],[83.36977,20.01816],[83.36816,20.01822],[83.36702,20.01858],[83.36319,20.01868],[83.36172,20.01898],[83.35956,20.02011],[83.35575,20.02314],[83.35515,20.02456],[83.35265,20.02809],[83.35016,20.03604],[83.34882,20.03714],[83.34781,20.03747],[83.34682,20.03645],[83.34357,20.03434],[83.34159,20.03364],[83.33878,20.03435],[83.33469,20.03645],[83.33433,20.0365],[83.33412,20.03546],[83.33364,20.03533],[83.33041,20.03585],[83.32945,20.03536],[83.3288,20.03321],[83.32817,20.03233],[83.32768,20.03237],[83.32712,20.03287],[83.32678,20.03378],[83.32645,20.03796],[83.32601,20.03823],[83.32504,20.03814],[83.32488,20.0375],[83.32578,20.0361],[83.32594,20.03524],[83.32556,20.03396],[83.32439,20.03278],[83.32332,20.03217],[83.3201,20.03235],[83.31938,20.03209],[83.31808,20.03096],[83.31699,20.0292],[83.31574,20.02858],[83.31351,20.02834],[83.31213,20.02938],[83.31178,20.03063],[83.31199,20.03334],[83.31087,20.03577],[83.31128,20.03946],[83.31028,20.0419],[83.31021,20.04368],[83.31071,20.0468],[83.31021,20.04713],[83.30949,20.04704],[83.30383,20.04399],[83.30268,20.04383],[83.30128,20.04384],[83.30054,20.04416],[83.29998,20.04478],[83.29963,20.04603]]]}},{"type":"Feature","properties":{"LCODE":"100170003000300092","LOCATION":"KRUPAPADAR","V_TYPE":"VILLAGE","BLOCK":"SINAPALI","DISTRICT":"NUAPADA"},"geometry":{"type":"Polygon","coordinates":[[[83.41308,20.07045],[83.41402,20.07272],[83.41409,20.07455],[83.41451,20.07623],[83.41422,20.07748],[83.41438,20.07824],[83.41467,20.07859],[83.41551,20.07862],[83.41627,20.07784],[83.41681,20.07803],[83.41696,20.07878],[83.41941,20.07829],[83.42061,20.07695],[83.42265,20.07581],[83.42178,20.07469],[83.4222,20.0735],[83.42211,20.07229],[83.42273,20.07203],[83.423,20.07118],[83.42357,20.07068],[83.42496,20.07095],[83.42576,20.07058],[83.42635,20.06773],[83.42693,20.06677],[83.42696,20.0658],[83.42495,20.0643],[83.42301,20.06418],[83.42266,20.06394],[83.42275,20.06293],[83.42136,20.0647],[83.42081,20.06485],[83.41587,20.06543],[83.41392,20.06531],[83.41414,20.06629],[83.41328,20.06833],[83.41308,20.07045]]]}},{"type":"Feature","properties":{"LCODE":"100160004000400273","LOCATION":"LAMER","V_TYPE":"VILLAGE","BLOCK":"KHARIAR","DISTRICT":"NUAPADA"},"geometry":{"type":"Polygon","coordinates":[[[83.491,20.07731],[83.49106,20.0776],[83.49172,20.07762],[83.49265,20.07708],[83.49417,20.07696],[83.49471,20.07726],[83.49521,20.07848],[83.4963,20.07858],[83.49716,20.07826],[83.49977,20.07491],[83.49986,20.07457],[83.49928,20.07447],[83.49911,20.07253],[83.49817,20.07216],[83.4977,20.07352],[83.49726,20.07373],[83.49638,20.07273],[83.4946,20.07365],[83.49321,20.07509],[83.49168,20.07556],[83.49103,20.07674],[83.491,20.07731]]]}},{"type":"Feature","properties":{"LCODE":"100160004000400290","LOCATION":"RAHANGI","V_TYPE":"VILLAGE","BLOCK":"KHARIAR","DISTRICT":"NUAPADA"},"geometry":{"type":"Polygon","coordinates":[[[83.52335,20.07564],[83.52359,20.0772],[83.52444,20.07768],[83.5262,20.07646],[83.52663,20.0756],[83.52779,20.07474],[83.5281,20.0744],[83.5281,20.07371],[83.52756,20.07353],[83.52609,20.07456],[83.52415,20.0749],[83.52335,20.07564]]]}},{"type":"Feature","properties":{"LCODE":"100170003000300049","LOCATION":"CHHATAMAHUL","V_TYPE":"VILLAGE","BLOCK":"SINAPALI","DISTRICT":"NUAPADA"},"geometry":{"type":"Polygon","coordinates":[[[83.31417,20.06817],[83.31579,20.07356],[83.31663,20.07405],[83.31921,20.07471],[83.32033,20.07566],[83.32067,20.07636],[83.32283,20.07695],[83.326,20.07671],[83.3281,20.07718],[83.32927,20.07676],[83.33013,20.07549],[83.32958,20.07493],[83.32899,20.07262],[83.32795,20.07149],[83.32761,20.06901],[83.32497,20.06657],[83.32462,20.06473],[83.32383,20.06458],[83.32326,20.0637],[83.32301,20.06363],[83.32201,20.06452],[83.32043,20.06441],[83.31937,20.06518],[83.31911,20.0658],[83.31902,20.06827],[83.3187,20.06878],[83.31754,20.06879],[83.31499,20.06739],[83.3145,20.06737],[83.31417,20.06817]]]}},{"type":"Feature","properties":{"LCODE":"100170003000300052","LOCATION":"BORINGPADAR","V_TYPE":"VILLAGE","BLOCK":"SINAPALI","DISTRICT":"NUAPADA"},"geometry":{"type":"Polygon","coordinates":[[[83.32462,20.06473],[83.32497,20.06657],[83.32761,20.06901],[83.32795,20.07149],[83.32899,20.07262],[83.32958,20.07493],[83.33093,20.07619],[83.33244,20.07658],[83.33361,20.07599],[83.33409,20.07612],[83.33479,20.07694],[83.3354,20.07702],[83.33665,20.07591],[83.3378,20.07589],[83.34048,20.07414],[83.34053,20.07374],[83.33839,20.07298],[83.33801,20.07182],[83.33835,20.07092],[83.33716,20.07025],[83.33517,20.06966],[83.33459,20.06918],[83.33409,20.06767],[83.3343,20.06533],[83.33404,20.06474],[83.33353,20.06507],[83.33292,20.06499],[83.33098,20.0616],[83.3302,20.0614],[83.32744,20.06217],[83.32632,20.06294],[83.32561,20.06395],[83.32462,20.06473]]]}},{"type":"Feature","properties":{"LCODE":"100160004000400288","LOCATION":"TOLAPADA","V_TYPE":"VILLAGE","BLOCK":"KHARIAR","DISTRICT":"NUAPADA"},"geometry":{"type":"Polygon","coordinates":[[[83.54164,20.07227],[83.54164,20.07301],[83.54198,20.07356],[83.54255,20.07342],[83.54382,20.07394],[83.54527,20.07579],[83.54686,20.07275],[83.54675,20.07154],[83.54633,20.07113],[83.54547,20.07107],[83.54523,20.07038],[83.54445,20.06992],[83.54342,20.07032],[83.54195,20.07141],[83.54164,20.07227]]]}},{"type":"Feature","properties":{"LCODE":"100170003000300075","LOCATION":"PONGA","V_TYPE":"VILLAGE","BLOCK":"SINAPALI","DISTRICT":"NUAPADA"},"geometry":{"type":"Polygon","coordinates":[[[83.45982,20.0661],[83.46207,20.06822],[83.46279,20.07036],[83.46336,20.07124],[83.46785,20.07472],[83.46855,20.07564],[83.47189,20.07393],[83.47551,20.07138],[83.47414,20.06672],[83.47387,20.06419],[83.47317,20.06188],[83.46984,20.05982],[83.46675,20.05971],[83.46399,20.06054],[83.46249,20.06187],[83.46138,20.06561],[83.46082,20.066],[83.45982,20.0661]]]}},{"type":"Feature","properties":{"LCODE":"100160004000400286","LOCATION":"KARLKAIPADAR","V_TYPE":"VILLAGE","BLOCK":"KHARIAR","DISTRICT":"NUAPADA"},"geometry":{"type":"Polygon","coordinates":[[[83.55317,20.0734],[83.55353,20.07507],[83.55425,20.07553],[83.55541,20.07496],[83.55747,20.07474],[83.55827,20.0744],[83.55863,20.07394],[83.55869,20.0732],[83.55779,20.0717],[83.55719,20.07152],[83.55421,20.07266],[83.55317,20.0734]]]}},{"type":"Feature","properties":{"LCODE":"100160004000400274","LOCATION":"MANSARA","V_TYPE":"VILLAGE","BLOCK":"KHARIAR","DISTRICT":"NUAPADA"},"geometry":{"type":"Polygon","coordinates":[[[83.49908,20.07303],[83.49928,20.07447],[83.49986,20.07457],[83.50103,20.07377],[83.50206,20.07366],[83.50254,20.07372],[83.50363,20.07482],[83.504,20.07482],[83.50491,20.07298],[83.50668,20.07121],[83.50785,20.0692],[83.51016,20.06823],[83.51059,20.06777],[83.50999,20.06748],[83.50792,20.06765],[83.50664,20.06856],[83.5061,20.06845],[83.50585,20.06822],[83.50592,20.06747],[83.50672,20.06552],[83.50666,20.06529],[83.50611,20.06534],[83.50422,20.0674],[83.50317,20.06947],[83.50195,20.07056],[83.50098,20.07205],[83.49982,20.07279],[83.49912,20.07256],[83.49908,20.07303]]]}},{"type":"Feature","properties":{"LCODE":"100170003000300046","LOCATION":"GOKHARA","V_TYPE":"VILLAGE","BLOCK":"SINAPALI","DISTRICT":"NUAPADA"},"geometry":{"type":"Polygon","coordinates":[[[83.27538,20.06344],[83.27595,20.06438],[83.27853,20.06665],[83.27956,20.06852],[83.28075,20.06925],[83.28122,20.07122],[83.28103,20.07156],[83.27952,20.07218],[83.27995,20.07267],[83.28278,20.07317],[83.28595,20.07459],[83.28899,20.07435],[83.2925,20.07314],[83.29411,20.07216],[83.29515,20.07196],[83.29945,20.069],[83.30257,20.06848],[83.30424,20.06782],[83.30547,20.06541],[83.30511,20.06372],[83.30025,20.06208],[83.29655,20.06207],[83.29533,20.06065],[83.29314,20.05914],[83.29156,20.0576],[83.29053,20.05889],[83.28817,20.05886],[83.28537,20.06084],[83.28397,20.06068],[83.28092,20.05966],[83.28007,20.05975],[83.27812,20.06141],[83.27545,20.06182],[83.27538,20.06344]]]}},{"type":"Feature","properties":{"LCODE":"100170003000300059","LOCATION":"NARLA","V_TYPE":"VILLAGE","BLOCK":"SINAPALI","DISTRICT":"NUAPADA"},"geometry":{"type":"Polygon","coordinates":[[[83.37505,20.05694],[83.37563,20.05716],[83.37683,20.05915],[83.3775,20.06244],[83.37696,20.06558],[83.37713,20.06754],[83.37658,20.06942],[83.37692,20.07006],[83.37856,20.06994],[83.3788,20.07018],[83.37824,20.07194],[83.37838,20.07377],[83.38194,20.07223],[83.38548,20.06962],[83.38452,20.06801],[83.38328,20.067],[83.38347,20.06528],[83.38415,20.06479],[83.38537,20.0646],[83.38595,20.06376],[83.38775,20.06255],[83.38889,20.06121],[83.39056,20.06024],[83.3911,20.05893],[83.39339,20.05608],[83.39255,20.05588],[83.39019,20.0538],[83.39042,20.05248],[83.39003,20.04983],[83.39065,20.0461],[83.3877,20.04734],[83.38625,20.04718],[83.3852,20.04749],[83.38475,20.04828],[83.38376,20.04888],[83.38226,20.04837],[83.38128,20.04856],[83.38007,20.04829],[83.37958,20.04862],[83.37795,20.05167],[83.37843,20.05369],[83.37808,20.05471],[83.37505,20.05694]]]}},{"type":"Feature","properties":{"LCODE":"100170003000300093","LOCATION":"DANGARMAL","V_TYPE":"VILLAGE","BLOCK":"SINAPALI","DISTRICT":"NUAPADA"},"geometry":{"type":"Polygon","coordinates":[[[83.38323,20.06665],[83.38328,20.067],[83.38452,20.06801],[83.38548,20.06962],[83.38718,20.06816],[83.38872,20.06609],[83.3894,20.06565],[83.38988,20.06572],[83.39053,20.06615],[83.39088,20.06679],[83.39162,20.06974],[83.39291,20.0711],[83.3935,20.07141],[83.39664,20.07186],[83.39876,20.07344],[83.3988,20.07084],[83.39791,20.06857],[83.39793,20.06823],[83.39874,20.06757],[83.40295,20.06535],[83.40623,20.06494],[83.40839,20.06421],[83.41392,20.06531],[83.41428,20.06417],[83.41339,20.06346],[83.41487,20.06288],[83.415,20.06253],[83.41387,20.06181],[83.41428,20.06085],[83.41386,20.06055],[83.41293,20.06044],[83.41226,20.06112],[83.41092,20.06125],[83.4095,20.0619],[83.40823,20.06162],[83.40779,20.06052],[83.40692,20.0594],[83.40603,20.05897],[83.4041,20.05701],[83.40375,20.05648],[83.40353,20.05499],[83.40082,20.05524],[83.3985,20.05579],[83.39656,20.05561],[83.3955,20.05644],[83.39339,20.05608],[83.3911,20.05893],[83.39056,20.06024],[83.38889,20.06121],[83.38775,20.06255],[83.38595,20.06376],[83.38537,20.0646],[83.38378,20.06501],[83.38326,20.06573],[83.38323,20.06665]]]}},{"type":"Feature","properties":{"LCODE":"100140002000200021","LOCATION":"BORINGPADAR","V_TYPE":"VILLAGE","BLOCK":"NUAPARA","DISTRICT":"NUAPADA"},"geometry":{"type":"Polygon","coordinates":[[[83.14684,20.06036],[83.14796,20.06121],[83.15031,20.06741],[83.15032,20.06861],[83.14938,20.07058],[83.15187,20.07044],[83.15568,20.06948],[83.1577,20.06681],[83.15793,20.06554],[83.15907,20.06496],[83.16191,20.06435],[83.16293,20.06365],[83.16389,20.06226],[83.16485,20.06156],[83.16811,20.06095],[83.17091,20.06144],[83.17225,20.06131],[83.1728,20.06073],[83.17097,20.05701],[83.17058,20.0554],[83.17123,20.05424],[83.1729,20.0525],[83.17313,20.05169],[83.173,20.05054],[83.17229,20.04877],[83.1693,20.04385],[83.16891,20.0423],[83.16769,20.04174],[83.1655,20.04153],[83.16354,20.04339],[83.159,20.04465],[83.15707,20.04576],[83.15349,20.04948],[83.15173,20.05318],[83.15035,20.05463],[83.14984,20.05728],[83.14834,20.05805],[83.14684,20.06036]]]}},{"type":"Feature","properties":{"LCODE":"100160004000400278","LOCATION":"KAPKUCHA","V_TYPE":"VILLAGE","BLOCK":"KHARIAR","DISTRICT":"NUAPADA"},"geometry":{"type":"Polygon","coordinates":[[[83.51725,20.06923],[83.51765,20.07005],[83.51842,20.07054],[83.51872,20.07021],[83.51967,20.07036],[83.51971,20.06918],[83.51842,20.06813],[83.51742,20.06833],[83.51725,20.06923]]]}},{"type":"Feature","properties":{"LCODE":"100160004000400281","LOCATION":"KANKERADA","V_TYPE":"VILLAGE","BLOCK":"KHARIAR","DISTRICT":"NUAPADA"},"geometry":{"type":"Polygon","coordinates":[[[83.52254,20.0692],[83.52284,20.06972],[83.52382,20.06909],[83.5248,20.06731],[83.52517,20.06548],[83.52663,20.06404],[83.52707,20.06307],[83.52684,20.06065],[83.52728,20.05881],[83.52655,20.05732],[83.52595,20.05749],[83.52398,20.06127],[83.52385,20.06306],[83.52287,20.06466],[83.52292,20.06742],[83.52254,20.0692]]]}},{"type":"Feature","properties":{"LCODE":"100160004000400284","LOCATION":"CHITRA","V_TYPE":"VILLAGE","BLOCK":"KHARIAR","DISTRICT":"NUAPADA"},"geometry":{"type":"Polygon","coordinates":[[[83.56265,20.0597],[83.56307,20.06114],[83.5641,20.06212],[83.56464,20.06327],[83.56438,20.06488],[83.56463,20.06529],[83.56516,20.06577],[83.5656,20.0654],[83.56609,20.06552],[83.56747,20.06639],[83.56956,20.06927],[83.57169,20.06673],[83.57388,20.06602],[83.57427,20.06557],[83.57477,20.06267],[83.57272,20.06144],[83.57095,20.05904],[83.57032,20.05678],[83.57124,20.05477],[83.57067,20.05431],[83.5677,20.05319],[83.56699,20.05403],[83.56499,20.05511],[83.56377,20.05695],[83.56291,20.05758],[83.56321,20.05844],[83.56265,20.0597]]]}},{"type":"Feature","properties":{"LCODE":"100170003000300038","LOCATION":"DENDOGUDA","V_TYPE":"VILLAGE","BLOCK":"SINAPALI","DISTRICT":"NUAPADA"},"geometry":{"type":"Polygon","coordinates":[[[83.25519,20.06623],[83.2555,20.06916],[83.25574,20.06912],[83.25771,20.06872],[83.25937,20.06791],[83.26082,20.06653],[83.26236,20.06594],[83.26467,20.06407],[83.26666,20.0643],[83.26746,20.06399],[83.26817,20.06297],[83.26831,20.06091],[83.26892,20.05921],[83.26818,20.05743],[83.26704,20.05765],[83.26565,20.05749],[83.26447,20.05642],[83.26405,20.05473],[83.26353,20.05408],[83.26257,20.05382],[83.26115,20.05286],[83.26022,20.05311],[83.25951,20.05418],[83.25872,20.05433],[83.25787,20.05392],[83.25803,20.05666],[83.25761,20.05826],[83.25623,20.06103],[83.25531,20.06439],[83.25519,20.06623]]]}},{"type":"Feature","properties":{"LCODE":"100170003000300054","LOCATION":"DAHAL","V_TYPE":"VILLAGE","BLOCK":"SINAPALI","DISTRICT":"NUAPADA"},"geometry":{"type":"Polygon","coordinates":[[[83.34471,20.05625],[83.34476,20.0566],[83.34605,20.05779],[83.34615,20.05841],[83.34731,20.0599],[83.34802,20.06365],[83.34872,20.06448],[83.34942,20.06697],[83.35056,20.06828],[83.35078,20.06782],[83.35323,20.06716],[83.35399,20.06632],[83.35426,20.06547],[83.35489,20.06509],[83.35629,20.06479],[83.35649,20.06433],[83.35616,20.06341],[83.35625,20.06278],[83.35737,20.06201],[83.35828,20.06175],[83.35918,20.06069],[83.35871,20.05827],[83.35746,20.05621],[83.35582,20.05605],[83.35489,20.05492],[83.35384,20.05541],[83.35342,20.05528],[83.35345,20.05436],[83.35413,20.05421],[83.3528,20.05416],[83.35008,20.05545],[83.34769,20.05583],[83.346,20.05545],[83.34471,20.05625]]]}},{"type":"Feature","properties":{"LCODE":"100170006000600081","LOCATION":"KURLUBHATA","V_TYPE":"VILLAGE","BLOCK":"SINAPALI","DISTRICT":"NUAPADA"},"geometry":{"type":"Polygon","coordinates":[[[83.45092,20.05776],[83.4514,20.05949],[83.451,20.06206],[83.4512,20.06516],[83.45098,20.06576],[83.45149,20.06707],[83.45226,20.06784],[83.45397,20.06732],[83.45519,20.0673],[83.45564,20.0668],[83.45566,20.066],[83.45659,20.06551],[83.45736,20.06434],[83.45835,20.06374],[83.4588,20.06312],[83.45662,20.06121],[83.45654,20.06012],[83.45764,20.05987],[83.45938,20.06045],[83.45987,20.06035],[83.46007,20.05995],[83.45997,20.0592],[83.4595,20.05896],[83.45822,20.05897],[83.45775,20.05861],[83.4577,20.05666],[83.45853,20.05526],[83.45612,20.055],[83.45328,20.05404],[83.45258,20.05712],[83.4522,20.05751],[83.4511,20.0571],[83.45092,20.05776]]]}},{"type":"Feature","properties":{"LCODE":"100140001000100019","LOCATION":"MADINGAPADAR","V_TYPE":"VILLAGE","BLOCK":"NUAPARA","DISTRICT":"NUAPADA"},"geometry":{"type":"Polygon","coordinates":[[[83.10282,20.03912],[83.10665,20.04351],[83.10712,20.04679],[83.10757,20.04793],[83.10893,20.04959],[83.109,20.05045],[83.1089,20.05154],[83.10814,20.05351],[83.10396,20.05833],[83.10443,20.06126],[83.10381,20.06352],[83.10611,20.06377],[83.10697,20.06457],[83.10741,20.06583],[83.10809,20.06628],[83.10912,20.06639],[83.11531,20.06604],[83.119,20.06542],[83.12672,20.06615],[83.13017,20.06508],[83.13077,20.06455],[83.13148,20.06351],[83.13213,20.06172],[83.13177,20.05891],[83.1287,20.06015],[83.12755,20.06016],[83.12724,20.05987],[83.12666,20.05752],[83.12422,20.05294],[83.1223,20.05049],[83.12184,20.04819],[83.12222,20.04502],[83.1211,20.04348],[83.12106,20.04106],[83.12081,20.04038],[83.11847,20.03793],[83.11675,20.03662],[83.11664,20.03582],[83.11434,20.03774],[83.11186,20.03851],[83.10596,20.03748],[83.10458,20.03626],[83.10352,20.03716],[83.10282,20.03912]]]}},{"type":"Feature","properties":{"LCODE":"10017000300030rf","LOCATION":"RF","V_TYPE":"FOREST","BLOCK":"SINAPALI","DISTRICT":"NUAPADA"},"geometry":{"type":"Polygon","coordinates":[[[83.38755,20.03121],[83.39027,20.03652],[83.39138,20.03782],[83.39228,20.03808],[83.39558,20.03733],[83.39703,20.03749],[83.39774,20.03798],[83.39906,20.04015],[83.40002,20.04362],[83.40067,20.0445],[83.40211,20.04472],[83.40255,20.04445],[83.40265,20.04336],[83.40191,20.04196],[83.40198,20.04162],[83.40218,20.04134],[83.40346,20.0411],[83.40414,20.04054],[83.40511,20.04075],[83.40575,20.04134],[83.40681,20.04408],[83.40754,20.04399],[83.40841,20.04344],[83.40919,20.04381],[83.40916,20.04633],[83.41013,20.04791],[83.40874,20.05091],[83.40798,20.0518],[83.4075,20.05351],[83.40718,20.05396],[83.40595,20.0542],[83.40527,20.05464],[83.40394,20.05465],[83.4035,20.05521],[83.4041,20.05701],[83.40603,20.05897],[83.40692,20.0594],[83.40779,20.06052],[83.40823,20.06162],[83.4095,20.0619],[83.41092,20.06125],[83.41226,20.06112],[83.41293,20.06044],[83.41279,20.05994],[83.41311,20.05955],[83.41606,20.05838],[83.41641,20.05713],[83.41595,20.05643],[83.4161,20.05557],[83.41802,20.05277],[83.41795,20.05156],[83.41907,20.05068],[83.4201,20.04922],[83.42126,20.04542],[83.42591,20.04437],[83.42809,20.04438],[83.42875,20.04486],[83.42923,20.04832],[83.42907,20.0494],[83.42821,20.05133],[83.42818,20.05224],[83.42864,20.05283],[83.43139,20.05407],[83.4319,20.05495],[83.43105,20.05848],[83.43157,20.06417],[83.43192,20.06482],[83.43214,20.06522],[83.43453,20.06622],[83.43976,20.06599],[83.43871,20.06493],[83.43726,20.06482],[83.43588,20.06403],[83.43552,20.0623],[83.43581,20.06099],[83.43578,20.05838],[83.43531,20.05638],[83.43538,20.05455],[83.43453,20.05108],[83.43459,20.04792],[83.43382,20.04371],[83.43263,20.04132],[83.42955,20.03766],[83.42806,20.0352],[83.42447,20.03227],[83.42408,20.03162],[83.42204,20.0323],[83.41931,20.0356],[83.41724,20.03736],[83.41541,20.03765],[83.41422,20.03709],[83.41387,20.03656],[83.41352,20.0346],[83.41415,20.03388],[83.41558,20.03301],[83.41597,20.03233],[83.41919,20.02471],[83.41814,20.02408],[83.41723,20.02268],[83.4175,20.02028],[83.41734,20.01947],[83.41688,20.01894],[83.41455,20.01782],[83.4137,20.01636],[83.4141,20.01024],[83.41394,20.00616],[83.41312,20.00533],[83.41083,20.00424],[83.40962,20.00314],[83.40453,19.99664],[83.40424,19.99515],[83.40451,19.99055],[83.40379,19.98946],[83.4038,19.98733],[83.40332,19.98681],[83.40247,19.98681],[83.40198,19.98847],[83.40162,19.98882],[83.40119,19.98876],[83.39975,19.98709],[83.39915,19.98691],[83.39823,19.98892],[83.39895,19.99047],[83.39935,19.99306],[83.39795,19.99455],[83.39758,19.99742],[83.39684,19.99931],[83.39424,20.00142],[83.39008,20.0039],[83.39269,20.00498],[83.39378,20.00651],[83.39399,20.00767],[83.39346,20.00868],[83.3921,20.00961],[83.39171,20.01034],[83.391,20.01646],[83.39046,20.01776],[83.38953,20.01842],[83.38895,20.01932],[83.38892,20.02035],[83.39053,20.02264],[83.39096,20.02415],[83.39047,20.0293],[83.38982,20.03071],[83.38793,20.03076],[83.38755,20.03121]]]}},{"type":"Feature","properties":{"LCODE":"100170006000600080","LOCATION":"TURIBAKTI","V_TYPE":"VILLAGE","BLOCK":"SINAPALI","DISTRICT":"NUAPADA"},"geometry":{"type":"Polygon","coordinates":[[[83.45628,20.06572],[83.45762,20.06561],[83.46021,20.06615],[83.46082,20.066],[83.46164,20.06516],[83.46249,20.06187],[83.46318,20.06109],[83.46475,20.06029],[83.4647,20.0593],[83.46287,20.05787],[83.46284,20.05718],[83.46385,20.05578],[83.46326,20.05536],[83.46322,20.0549],[83.46455,20.05322],[83.46504,20.05318],[83.46587,20.05372],[83.46654,20.05363],[83.46645,20.05277],[83.46587,20.05206],[83.46651,20.05122],[83.46675,20.04951],[83.46764,20.04839],[83.46683,20.04733],[83.46685,20.0467],[83.46749,20.04563],[83.46876,20.04505],[83.46938,20.04363],[83.46941,20.04277],[83.4679,20.04129],[83.46803,20.04078],[83.46709,20.04149],[83.46472,20.0417],[83.4612,20.0433],[83.46064,20.04329],[83.46004,20.04688],[83.45798,20.05025],[83.45809,20.05065],[83.46019,20.0513],[83.46066,20.05194],[83.45915,20.05316],[83.45872,20.05492],[83.4577,20.05666],[83.45759,20.05798],[83.45775,20.05861],[83.45822,20.05897],[83.4595,20.05896],[83.46014,20.05961],[83.45987,20.06035],[83.45938,20.06045],[83.45764,20.05987],[83.45654,20.06012],[83.45662,20.06121],[83.4588,20.06312],[83.45835,20.06374],[83.45736,20.06434],[83.45628,20.06572]]]}},{"type":"Feature","properties":{"LCODE":"100170003000300091","LOCATION":"DUDUNGKUPA","V_TYPE":"VILLAGE","BLOCK":"SINAPALI","DISTRICT":"NUAPADA"},"geometry":{"type":"Polygon","coordinates":[[[83.41277,20.06034],[83.41428,20.06085],[83.41387,20.06181],[83.415,20.06253],[83.41487,20.06288],[83.41339,20.06346],[83.41428,20.06417],[83.41392,20.06531],[83.41587,20.06543],[83.42081,20.06485],[83.42136,20.0647],[83.42275,20.06293],[83.42231,20.06008],[83.4201,20.0576],[83.4201,20.05663],[83.41611,20.05856],[83.41335,20.05938],[83.41292,20.05971],[83.41277,20.06034]]]}},{"type":"Feature","properties":{"LCODE":"100140001000100018","LOCATION":"PODOMUNDI:","V_TYPE":"VILLAGE","BLOCK":"NUAPARA","DISTRICT":"NUAPADA"},"geometry":{"type":"Polygon","coordinates":[[[83.08958,20.03822],[83.09084,20.0416],[83.09222,20.04418],[83.09354,20.0517],[83.0946,20.05399],[83.09621,20.05513],[83.09621,20.05553],[83.09559,20.05613],[83.09586,20.0568],[83.0957,20.05772],[83.09699,20.05943],[83.09739,20.06133],[83.09831,20.06253],[83.09954,20.06338],[83.10235,20.06433],[83.10357,20.06517],[83.10443,20.06126],[83.10396,20.05833],[83.10814,20.05351],[83.1089,20.05154],[83.10893,20.04959],[83.10757,20.04793],[83.10712,20.04679],[83.10665,20.04351],[83.10301,20.03946],[83.10293,20.03854],[83.09996,20.03857],[83.09742,20.03906],[83.09596,20.0389],[83.09054,20.03741],[83.08961,20.03689],[83.08958,20.03822]]]}},{"type":"Feature","properties":{"LCODE":"100160004000400276","LOCATION":"GUNGUTI","V_TYPE":"VILLAGE","BLOCK":"KHARIAR","DISTRICT":"NUAPADA"},"geometry":{"type":"Polygon","coordinates":[[[83.50443,20.06355],[83.50478,20.0643],[83.506,20.06494],[83.50642,20.06488],[83.50855,20.06322],[83.5088,20.06213],[83.50815,20.06017],[83.50809,20.05914],[83.50694,20.05821],[83.50645,20.05856],[83.50546,20.06212],[83.50443,20.06355]]]}},{"type":"Feature","properties":{"LCODE":"100170003000300045","LOCATION":"FATKABAHALI","V_TYPE":"VILLAGE","BLOCK":"SINAPALI","DISTRICT":"NUAPADA"},"geometry":{"type":"Polygon","coordinates":[[[83.29156,20.0576],[83.29314,20.05914],[83.29533,20.06065],[83.29655,20.06207],[83.30025,20.06208],[83.30511,20.06372],[83.30527,20.06265],[83.30609,20.06164],[83.30662,20.05896],[83.30959,20.05716],[83.31082,20.05525],[83.31213,20.0542],[83.31219,20.05276],[83.31208,20.05236],[83.30975,20.05125],[83.30717,20.05065],[83.30511,20.05046],[83.30285,20.0509],[83.30055,20.05232],[83.29639,20.05339],[83.29423,20.05435],[83.29345,20.05559],[83.2924,20.05602],[83.29156,20.0576]]]}},{"type":"Feature","properties":{"LCODE":"100160004000400275","LOCATION":"BIMALPADAR","V_TYPE":"VILLAGE","BLOCK":"KHARIAR","DISTRICT":"NUAPADA"},"geometry":{"type":"Polygon","coordinates":[[[83.50277,20.06133],[83.50321,20.06242],[83.50443,20.06355],[83.50546,20.06212],[83.50645,20.0586],[83.50454,20.05806],[83.50296,20.05872],[83.50277,20.06133]]]}},{"type":"Feature","properties":{"LCODE":"100170003000300089","LOCATION":"KIRLIBEDA","V_TYPE":"VILLAGE","BLOCK":"SINAPALI","DISTRICT":"NUAPADA"},"geometry":{"type":"Polygon","coordinates":[[[83.41993,20.05725],[83.42231,20.06008],[83.42275,20.06293],[83.42531,20.06276],[83.42788,20.06216],[83.42891,20.06225],[83.42984,20.06176],[83.43127,20.06164],[83.43108,20.05773],[83.43181,20.05592],[83.4319,20.05495],[83.43139,20.05407],[83.42864,20.05283],[83.42827,20.05243],[83.42761,20.0528],[83.42677,20.05432],[83.42439,20.05447],[83.42308,20.05552],[83.4212,20.05551],[83.42026,20.0564],[83.41993,20.05725]]]}},{"type":"Feature","properties":{"LCODE":"100170003000300043","LOCATION":"SANGUNDRI","V_TYPE":"VILLAGE","BLOCK":"SINAPALI","DISTRICT":"NUAPADA"},"geometry":{"type":"Polygon","coordinates":[[[83.26818,20.05743],[83.26889,20.05943],[83.26976,20.05946],[83.27129,20.059],[83.27184,20.05913],[83.27342,20.06056],[83.27491,20.06124],[83.27545,20.06182],[83.27586,20.06179],[83.27812,20.06141],[83.27969,20.05991],[83.28043,20.0597],[83.28537,20.06084],[83.28817,20.05886],[83.29053,20.05889],[83.29256,20.05592],[83.29163,20.05542],[83.28821,20.05456],[83.28726,20.05223],[83.2853,20.05027],[83.28446,20.05093],[83.28313,20.05088],[83.28229,20.05057],[83.28022,20.04901],[83.27776,20.05013],[83.27576,20.04978],[83.27507,20.05039],[83.2744,20.05048],[83.27395,20.05121],[83.27161,20.05223],[83.27077,20.05329],[83.27011,20.05321],[83.26983,20.05441],[83.26991,20.05688],[83.26818,20.05743]]]}},{"type":"Feature","properties":{"LCODE":"10017000600060rf","LOCATION":"RF","V_TYPE":"FOREST","BLOCK":"SINAPALI","DISTRICT":"NUAPADA"},"geometry":{"type":"Polygon","coordinates":[[[83.41087,19.98822],[83.41152,19.99092],[83.41285,19.99167],[83.41333,19.99225],[83.41356,19.99426],[83.41325,19.99529],[83.4147,19.99633],[83.41475,19.99748],[83.41621,20.00061],[83.41603,20.00204],[83.41682,20.00353],[83.41923,20.00427],[83.42004,20.0051],[83.42052,20.00523],[83.42224,20.00471],[83.42297,20.00491],[83.4237,20.00643],[83.42537,20.00717],[83.42571,20.0077],[83.42525,20.00878],[83.4232,20.01008],[83.422,20.01125],[83.42167,20.01221],[83.42242,20.01333],[83.42856,20.01967],[83.42922,20.01975],[83.4296,20.0193],[83.43222,20.01911],[83.43278,20.01884],[83.43413,20.01498],[83.43627,20.01282],[83.43837,20.01168],[83.4395,20.01241],[83.4401,20.01243],[83.44326,20.01064],[83.4444,20.01097],[83.44516,20.01197],[83.44569,20.01216],[83.44607,20.01194],[83.44641,20.01092],[83.44696,20.01071],[83.44732,20.01084],[83.44854,20.01248],[83.44967,20.01298],[83.4513,20.01149],[83.45328,20.01058],[83.45405,20.0094],[83.45405,20.00774],[83.4561,20.00614],[83.4569,20.00411],[83.46045,20.00053],[83.46143,19.99796],[83.46198,19.99796],[83.4632,20.00008],[83.46414,19.99894],[83.46482,19.99762],[83.46482,19.99676],[83.46465,19.9963],[83.46302,19.9948],[83.46297,19.99354],[83.46339,19.99285],[83.46473,19.99251],[83.46769,19.99281],[83.46774,19.99396],[83.46845,19.99609],[83.46821,19.99758],[83.46568,20.00183],[83.46463,20.00297],[83.46508,20.0045],[83.46432,20.00688],[83.46443,20.00746],[83.46531,20.00838],[83.46784,20.00878],[83.46978,20.00878],[83.47046,20.00852],[83.47145,20.00787],[83.47221,20.00692],[83.47276,20.00521],[83.473,20.00517],[83.4742,20.00578],[83.47475,20.007],[83.47623,20.00808],[83.47714,20.00817],[83.47959,20.00573],[83.48026,20.00564],[83.48186,20.01372],[83.48289,20.01525],[83.48434,20.01575],[83.48642,20.01519],[83.48868,20.01297],[83.48989,20.01302],[83.4917,20.01176],[83.49255,20.01179],[83.49275,20.01277],[83.49212,20.01349],[83.48892,20.01986],[83.48766,20.02102],[83.48599,20.0217],[83.48635,20.02218],[83.48627,20.02253],[83.48502,20.02363],[83.48483,20.02414],[83.48491,20.02512],[83.48526,20.02564],[83.48511,20.02633],[83.48363,20.02708],[83.48283,20.02717],[83.48056,20.02635],[83.47943,20.0274],[83.47807,20.02804],[83.47807,20.02833],[83.47943,20.02917],[83.47992,20.0308],[83.4799,20.0312],[83.47897,20.0319],[83.47924,20.03272],[83.47922,20.03519],[83.47974,20.03578],[83.4818,20.03562],[83.48196,20.03631],[83.47824,20.0386],[83.47805,20.03899],[83.47848,20.04061],[83.47788,20.04357],[83.47816,20.04421],[83.47784,20.04489],[83.47536,20.0463],[83.47276,20.04697],[83.4734,20.04847],[83.47357,20.05209],[83.47336,20.05305],[83.47302,20.05407],[83.47047,20.05726],[83.46993,20.0589],[83.47017,20.05994],[83.47263,20.06169],[83.4739,20.06161],[83.48083,20.05978],[83.48434,20.05817],[83.49054,20.05288],[83.49776,20.04767],[83.49866,20.04615],[83.49962,20.04321],[83.50073,20.04119],[83.50317,20.04003],[83.50869,20.03994],[83.50748,20.03809],[83.50714,20.03436],[83.508,20.03269],[83.50845,20.03016],[83.50948,20.02965],[83.51099,20.02989],[83.51148,20.0296],[83.51478,20.0257],[83.5146,20.02467],[83.51315,20.02351],[83.50994,20.02264],[83.50959,20.02097],[83.50998,20.01637],[83.50994,20.01286],[83.51037,20.01195],[83.51177,20.01057],[83.51302,20.00603],[83.51197,20.00523],[83.51086,20.00936],[83.50994,20.01018],[83.50879,20.01234],[83.50793,20.01286],[83.50713,20.01481],[83.50488,20.01681],[83.50402,20.01824],[83.50432,20.0198],[83.50726,20.02372],[83.50762,20.02452],[83.5075,20.02493],[83.50543,20.02544],[83.50361,20.02669],[83.50215,20.0268],[83.50155,20.0264],[83.5004,20.02484],[83.4992,20.02254],[83.49908,20.0211],[83.50027,20.01702],[83.50124,20.01519],[83.50145,20.01225],[83.50073,20.00966],[83.49873,20.00856],[83.49819,20.00787],[83.49796,20.00689],[83.49828,20.00494],[83.49921,20.00336],[83.50514,19.9995],[83.50557,19.99876],[83.50737,19.99771],[83.50536,19.99541],[83.50273,19.99308],[83.50179,19.98972],[83.502,19.98619],[83.50239,19.98528],[83.50364,19.98429],[83.50553,19.98421],[83.50571,19.97723],[83.50506,19.97322],[83.50437,19.97124],[83.50104,19.96661],[83.49776,19.96929],[83.4957,19.96979],[83.49346,19.96979],[83.49116,19.97092],[83.48963,19.97327],[83.48878,19.97539],[83.48882,19.97924],[83.48838,19.98027],[83.48457,19.98203],[83.48371,19.98277],[83.48316,19.98426],[83.48054,19.9873],[83.48011,19.98867],[83.47962,19.98924],[83.47793,19.98998],[83.47581,19.99009],[83.47192,19.99208],[83.47102,19.99179],[83.47109,19.99053],[83.47202,19.98703],[83.47209,19.98474],[83.47167,19.98381],[83.47071,19.98347],[83.46956,19.98346],[83.46664,19.98489],[83.4658,19.98477],[83.46526,19.98379],[83.4663,19.9815],[83.47257,19.97521],[83.47288,19.97429],[83.47276,19.97337],[83.47186,19.97291],[83.47004,19.97313],[83.46156,19.9766],[83.45603,19.98031],[83.45427,19.98208],[83.44968,19.98108],[83.44647,19.98079],[83.44527,19.98101],[83.4435,19.98204],[83.44229,19.98197],[83.44061,19.98059],[83.43883,19.97484],[83.43696,19.97397],[83.43557,19.97379],[83.43158,19.97355],[83.42953,19.97371],[83.42812,19.97485],[83.42654,19.97749],[83.42592,19.98018],[83.42582,19.98627],[83.42446,19.99109],[83.42403,19.99137],[83.42277,19.99108],[83.42212,19.98827],[83.42146,19.98689],[83.42002,19.98504],[83.41864,19.98383],[83.41727,19.9813],[83.41654,19.98066],[83.41388,19.98065],[83.41309,19.98116],[83.4129,19.98335],[83.41222,19.98518],[83.411,19.98707],[83.41087,19.98822]],[[83.48289,20.04953],[83.48309,20.0489],[83.48536,20.04823],[83.48625,20.04717],[83.48796,20.04694],[83.4882,20.04701],[83.48816,20.0481],[83.48948,20.05026],[83.48831,20.0524],[83.48755,20.05324],[83.48669,20.05355],[83.48621,20.05342],[83.48588,20.05249],[83.48444,20.0521],[83.48289,20.04953]],[[83.49706,19.98518],[83.49755,19.98381],[83.49775,19.98105],[83.49963,19.98014],[83.50054,19.98009],[83.50126,19.98049],[83.50192,19.98182],[83.50203,19.98314],[83.5016,19.98428],[83.50063,19.98554],[83.50014,19.98737],[83.49959,19.98754],[83.49863,19.9872],[83.49748,19.98639],[83.49712,19.98604],[83.49706,19.98518]]]}},{"type":"Feature","properties":{"LCODE":"100140001000100017","LOCATION":"TURPI","V_TYPE":"VILLAGE","BLOCK":"NUAPARA","DISTRICT":"NUAPADA"},"geometry":{"type":"Polygon","coordinates":[[[83.0551,20.0443],[83.05612,20.04587],[83.05671,20.04903],[83.05618,20.05462],[83.0563,20.05807],[83.05852,20.0604],[83.06134,20.06129],[83.06166,20.05945],[83.06483,20.05579],[83.06525,20.05556],[83.07198,20.05543],[83.07384,20.05392],[83.07909,20.05104],[83.08276,20.04815],[83.08139,20.04711],[83.07899,20.04454],[83.0758,20.03802],[83.07455,20.03601],[83.07436,20.03481],[83.07573,20.03347],[83.07814,20.03206],[83.07902,20.02981],[83.08112,20.02812],[83.08134,20.02674],[83.07948,20.02371],[83.07696,20.01804],[83.07436,20.01467],[83.06956,20.01029],[83.06796,20.00789],[83.06543,20.00532],[83.06527,20.00487],[83.06459,20.00637],[83.06363,20.00714],[83.06323,20.00857],[83.06447,20.01005],[83.06548,20.01315],[83.06665,20.01452],[83.06745,20.01485],[83.07036,20.01477],[83.07191,20.01699],[83.07373,20.02123],[83.07405,20.02261],[83.07152,20.02747],[83.07131,20.03029],[83.07091,20.03133],[83.07037,20.03186],[83.06953,20.03213],[83.06984,20.03307],[83.06967,20.03417],[83.06854,20.03602],[83.0666,20.03644],[83.06643,20.03679],[83.06729,20.03753],[83.06718,20.03805],[83.06494,20.03853],[83.06453,20.03974],[83.0638,20.03946],[83.06356,20.03975],[83.06351,20.04096],[83.06218,20.04086],[83.06103,20.04116],[83.06054,20.04099],[83.0603,20.04053],[83.05933,20.04077],[83.05668,20.04264],[83.0551,20.0443]]]}},{"type":"Feature","properties":{"LCODE":"100160004000400277","LOCATION":"BARCHARM","V_TYPE":"VILLAGE","BLOCK":"KHARIAR","DISTRICT":"NUAPADA"},"geometry":{"type":"Polygon","coordinates":[[[83.51562,20.05928],[83.51598,20.06055],[83.51713,20.06107],[83.51791,20.06108],[83.5184,20.06073],[83.5189,20.05866],[83.52165,20.05523],[83.52265,20.05029],[83.52222,20.05034],[83.52051,20.05281],[83.51959,20.05367],[83.51899,20.05389],[83.51802,20.05366],[83.51723,20.05412],[83.51734,20.05556],[83.51605,20.05693],[83.51562,20.05928]]]}},{"type":"Feature","properties":{"LCODE":"100140002000200032","LOCATION":"ADHAMUNDA","V_TYPE":"VILLAGE","BLOCK":"NUAPARA","DISTRICT":"NUAPADA"},"geometry":{"type":"Polygon","coordinates":[[[83.13953,20.04226],[83.13955,20.04295],[83.14097,20.04466],[83.14142,20.04632],[83.14236,20.04827],[83.14427,20.05026],[83.14491,20.05181],[83.1451,20.05261],[83.14498,20.05302],[83.14433,20.05349],[83.14355,20.05664],[83.14684,20.06036],[83.14834,20.05805],[83.14984,20.05728],[83.15059,20.05417],[83.15173,20.05318],[83.15349,20.04948],[83.15611,20.04663],[83.159,20.04465],[83.16354,20.04339],[83.16542,20.04157],[83.16147,20.03927],[83.15983,20.03912],[83.15775,20.03822],[83.15619,20.03564],[83.15347,20.034],[83.15264,20.03384],[83.15123,20.03264],[83.15121,20.03155],[83.15196,20.02936],[83.15159,20.02861],[83.15092,20.02879],[83.14847,20.03095],[83.1469,20.03131],[83.14397,20.03305],[83.14374,20.03525],[83.14339,20.03577],[83.14261,20.03641],[83.14133,20.03666],[83.14043,20.03719],[83.14011,20.04007],[83.13953,20.04226]]]}},{"type":"Feature","properties":{"LCODE":"100170006000600076","LOCATION":"DHAMANKATA","V_TYPE":"VILLAGE","BLOCK":"SINAPALI","DISTRICT":"NUAPADA"},"geometry":{"type":"Polygon","coordinates":[[[83.46284,20.05718],[83.46287,20.05787],[83.4647,20.0593],[83.46475,20.06029],[83.46675,20.05971],[83.46899,20.05967],[83.47017,20.05994],[83.47002,20.05822],[83.47137,20.05597],[83.47302,20.05407],[83.47357,20.05209],[83.4734,20.04847],[83.47276,20.04697],[83.47206,20.04688],[83.47059,20.04574],[83.46915,20.04506],[83.46749,20.04563],[83.46685,20.0467],[83.46683,20.04733],[83.46764,20.04839],[83.46675,20.04951],[83.46651,20.05122],[83.46587,20.05206],[83.46645,20.05277],[83.46654,20.05363],[83.46587,20.05372],[83.46504,20.05318],[83.46455,20.05322],[83.46322,20.0549],[83.46326,20.05536],[83.46385,20.05578],[83.46284,20.05718]]]}},{"type":"Feature","properties":{"LCODE":"100140002000200020","LOCATION":"JHARKUSUMKHUNTI","V_TYPE":"VILLAGE","BLOCK":"NUAPARA","DISTRICT":"NUAPADA"},"geometry":{"type":"Polygon","coordinates":[[[83.11662,20.0361],[83.11675,20.03662],[83.11847,20.03793],[83.12081,20.04038],[83.12106,20.04106],[83.1211,20.04348],[83.12222,20.04502],[83.12184,20.04819],[83.1223,20.05049],[83.12422,20.05294],[83.12666,20.05752],[83.12724,20.05987],[83.12755,20.06016],[83.1287,20.06015],[83.13389,20.05791],[83.1383,20.05654],[83.1423,20.05627],[83.14355,20.05664],[83.14433,20.05349],[83.14498,20.05302],[83.1451,20.05261],[83.14427,20.05026],[83.14236,20.04827],[83.14142,20.04632],[83.14097,20.04466],[83.13955,20.04295],[83.14063,20.03694],[83.14037,20.0369],[83.14035,20.03586],[83.13998,20.03523],[83.13878,20.03605],[83.13776,20.03744],[83.13637,20.03723],[83.13617,20.03642],[83.13651,20.03492],[83.13631,20.03383],[83.13459,20.03235],[83.13384,20.0306],[83.13177,20.0306],[83.12994,20.0297],[83.12696,20.02932],[83.12581,20.02957],[83.12509,20.03038],[83.12261,20.03075],[83.12067,20.0314],[83.11667,20.03524],[83.11662,20.0361]]]}},{"type":"Feature","properties":{"LCODE":"100140002000200026","LOCATION":"KHAMARI","V_TYPE":"VILLAGE","BLOCK":"NUAPARA","DISTRICT":"NUAPADA"},"geometry":{"type":"Polygon","coordinates":[[[83.21902,20.04511],[83.2198,20.04638],[83.22018,20.04811],[83.22154,20.04942],[83.22314,20.05026],[83.22446,20.05359],[83.22564,20.05478],[83.22751,20.0577],[83.2291,20.05901],[83.23006,20.05848],[83.23341,20.05827],[83.23551,20.05733],[83.2365,20.05559],[83.23615,20.05514],[83.23537,20.05238],[83.23553,20.0506],[83.2366,20.04921],[83.23759,20.04689],[83.23727,20.04592],[83.23678,20.04564],[83.23441,20.04531],[83.23306,20.0447],[83.23167,20.04149],[83.23109,20.03868],[83.22999,20.03869],[83.22913,20.03801],[83.22816,20.03796],[83.22419,20.04019],[83.22123,20.04096],[83.22076,20.04229],[83.22005,20.04305],[83.21947,20.04489],[83.21902,20.04511]]]}},{"type":"Feature","properties":{"LCODE":"100170003000300090","LOCATION":"BAMAK","V_TYPE":"VILLAGE","BLOCK":"SINAPALI","DISTRICT":"NUAPADA"},"geometry":{"type":"Polygon","coordinates":[[[83.41589,20.05858],[83.4201,20.05663],[83.4212,20.05551],[83.42308,20.05552],[83.42439,20.05447],[83.42677,20.05432],[83.42761,20.0528],[83.42827,20.05243],[83.42821,20.05133],[83.42907,20.0494],[83.4292,20.0474],[83.42857,20.04457],[83.42591,20.04437],[83.42126,20.04542],[83.4201,20.04922],[83.41907,20.05068],[83.41795,20.05156],[83.41802,20.05277],[83.4161,20.05557],[83.41595,20.05643],[83.41636,20.0569],[83.4164,20.05747],[83.41589,20.05858]]]}},{"type":"Feature","properties":{"LCODE":"100170006000600086","LOCATION":"MASKAGUDA","V_TYPE":"VILLAGE","BLOCK":"SINAPALI","DISTRICT":"NUAPADA"},"geometry":{"type":"Polygon","coordinates":[[[83.43318,20.04243],[83.43382,20.04371],[83.43459,20.04792],[83.43453,20.05108],[83.43538,20.05455],[83.43531,20.05638],[83.43578,20.05838],[83.43928,20.05737],[83.44077,20.0565],[83.44154,20.05544],[83.44344,20.05493],[83.4447,20.05342],[83.44556,20.05354],[83.44595,20.05255],[83.44687,20.05229],[83.44688,20.05189],[83.44588,20.05105],[83.44594,20.04951],[83.44752,20.04766],[83.44772,20.04704],[83.44759,20.04577],[83.44877,20.0449],[83.44904,20.04357],[83.44736,20.04353],[83.44503,20.04259],[83.44339,20.04254],[83.44149,20.04144],[83.43978,20.04173],[83.43572,20.04165],[83.43318,20.04243]]]}},{"type":"Feature","properties":{"LCODE":"100160004000400283","LOCATION":"LUNDURUBAOJ","V_TYPE":"VILLAGE","BLOCK":"KHARIAR","DISTRICT":"NUAPADA"},"geometry":{"type":"Polygon","coordinates":[[[83.55721,20.05124],[83.55747,20.05255],[83.55838,20.05348],[83.55958,20.05601],[83.56287,20.05771],[83.56377,20.05695],[83.56499,20.05511],[83.56699,20.05403],[83.5677,20.05319],[83.56654,20.05244],[83.56538,20.05],[83.56407,20.04894],[83.5622,20.05],[83.55783,20.05078],[83.55721,20.05124]]]}},{"type":"Feature","properties":{"LCODE":"100170003000300042","LOCATION":"DANGARGUNDRI","V_TYPE":"VILLAGE","BLOCK":"SINAPALI","DISTRICT":"NUAPADA"},"geometry":{"type":"Polygon","coordinates":[[[83.25726,20.05284],[83.25787,20.05392],[83.25903,20.05434],[83.25951,20.05418],[83.26022,20.05311],[83.26115,20.05286],[83.26257,20.05382],[83.26353,20.05408],[83.26405,20.05473],[83.26447,20.05642],[83.26565,20.05749],[83.26771,20.05756],[83.26991,20.05688],[83.26983,20.05441],[83.27011,20.05321],[83.27077,20.05329],[83.27161,20.05223],[83.27395,20.05121],[83.2744,20.05048],[83.27507,20.05039],[83.27576,20.04978],[83.27776,20.05013],[83.27879,20.04982],[83.2794,20.04928],[83.27879,20.0466],[83.27888,20.04402],[83.27862,20.04303],[83.27747,20.04133],[83.27725,20.03908],[83.27659,20.0373],[83.27395,20.03811],[83.27228,20.03903],[83.2719,20.03942],[83.27127,20.04164],[83.27025,20.04287],[83.26599,20.0448],[83.26097,20.0494],[83.25824,20.05098],[83.25729,20.05221],[83.25726,20.05284]]]}},{"type":"Feature","properties":{"LCODE":"100160004000400282","LOCATION":"MATANGJODI","V_TYPE":"VILLAGE","BLOCK":"KHARIAR","DISTRICT":"NUAPADA"},"geometry":{"type":"Polygon","coordinates":[[[83.49139,20.05623],[83.49161,20.05698],[83.49319,20.05692],[83.49542,20.05378],[83.49483,20.05348],[83.49371,20.05401],[83.493,20.05376],[83.49249,20.0542],[83.49139,20.05623]]]}},{"type":"Feature","properties":{"LCODE":"100170003000300099","LOCATION":"SARGIGUDA","V_TYPE":"VILLAGE","BLOCK":"SINAPALI","DISTRICT":"NUAPADA"},"geometry":{"type":"Polygon","coordinates":[[[83.36118,20.04732],[83.36122,20.04773],[83.36262,20.04777],[83.36423,20.04857],[83.3643,20.05007],[83.36355,20.05062],[83.36263,20.05079],[83.36283,20.05191],[83.36369,20.05326],[83.36615,20.05403],[83.36797,20.05398],[83.36869,20.05435],[83.37038,20.05446],[83.37286,20.05649],[83.37505,20.05694],[83.37808,20.05471],[83.37843,20.05369],[83.37794,20.05213],[83.37809,20.05116],[83.37911,20.0497],[83.37926,20.04901],[83.37984,20.04845],[83.37908,20.04734],[83.37819,20.04502],[83.37726,20.0439],[83.377,20.04113],[83.37647,20.04048],[83.37593,20.04041],[83.37447,20.04042],[83.37151,20.04198],[83.37072,20.0419],[83.36913,20.04014],[83.36893,20.04121],[83.36823,20.04193],[83.36781,20.04192],[83.3668,20.04119],[83.36649,20.0413],[83.36654,20.04176],[83.36781,20.04335],[83.36734,20.04466],[83.36555,20.0454],[83.36398,20.04523],[83.36301,20.04549],[83.36144,20.04676],[83.36118,20.04732]]]}},{"type":"Feature","properties":{"LCODE":"100160004000400279","LOCATION":"BANKUNI","V_TYPE":"VILLAGE","BLOCK":"KHARIAR","DISTRICT":"NUAPADA"},"geometry":{"type":"Polygon","coordinates":[[[83.52882,20.05319],[83.52918,20.05462],[83.53057,20.0552],[83.53111,20.05647],[83.53367,20.05499],[83.53429,20.05315],[83.5352,20.05212],[83.5352,20.05166],[83.53387,20.05114],[83.53357,20.05073],[83.5334,20.04866],[83.53304,20.04797],[83.53243,20.04814],[83.5317,20.04923],[83.53049,20.04899],[83.52945,20.04945],[83.52902,20.05048],[83.52882,20.05319]]]}},{"type":"Feature","properties":{"LCODE":"100170003000300094","LOCATION":"REGEDIMAL","V_TYPE":"VILLAGE","BLOCK":"SINAPALI","DISTRICT":"NUAPADA"},"geometry":{"type":"Polygon","coordinates":[[[83.39,20.0508],[83.39042,20.05248],[83.39019,20.0538],[83.39285,20.05601],[83.3955,20.05644],[83.39656,20.05561],[83.3985,20.05579],[83.40082,20.05524],[83.40319,20.05515],[83.40437,20.05449],[83.40527,20.05464],[83.40595,20.0542],[83.40681,20.05412],[83.4075,20.05351],[83.40798,20.0518],[83.40874,20.05091],[83.41013,20.04791],[83.40916,20.04633],[83.40919,20.04381],[83.40841,20.04344],[83.40754,20.04399],[83.40681,20.04408],[83.40575,20.04134],[83.40481,20.04062],[83.40414,20.04054],[83.40346,20.0411],[83.40218,20.04134],[83.40198,20.04162],[83.40191,20.04196],[83.40265,20.04336],[83.40255,20.04445],[83.40211,20.04472],[83.40067,20.0445],[83.40002,20.04362],[83.39967,20.04219],[83.39928,20.04245],[83.3985,20.04236],[83.39646,20.04149],[83.39605,20.04286],[83.39554,20.04353],[83.39394,20.04399],[83.39256,20.04555],[83.39065,20.0461],[83.39,20.0508]]]}},{"type":"Feature","properties":{"LCODE":"100170003000300100","LOCATION":"BEHERAPATI","V_TYPE":"VILLAGE","BLOCK":"SINAPALI","DISTRICT":"NUAPADA"},"geometry":{"type":"Polygon","coordinates":[[[83.35023,20.04024],[83.35035,20.0414],[83.35116,20.04246],[83.35212,20.04283],[83.35127,20.04441],[83.35138,20.04465],[83.35186,20.04483],[83.35272,20.04452],[83.35381,20.04455],[83.35443,20.04595],[83.35534,20.04598],[83.35568,20.04651],[83.35551,20.04794],[83.35591,20.0487],[83.3557,20.04944],[83.3539,20.05053],[83.35475,20.05222],[83.35475,20.05377],[83.35345,20.05436],[83.35331,20.05504],[83.35384,20.05541],[83.35489,20.05492],[83.35582,20.05605],[83.35746,20.05621],[83.35754,20.05547],[83.35893,20.05397],[83.35954,20.05244],[83.36036,20.05149],[83.36135,20.05095],[83.36355,20.05062],[83.3643,20.05007],[83.36433,20.04892],[83.36388,20.04822],[83.36226,20.0477],[83.36122,20.04773],[83.36124,20.04704],[83.36301,20.04549],[83.36398,20.04523],[83.36555,20.0454],[83.36734,20.04466],[83.36781,20.04335],[83.36654,20.04176],[83.36649,20.0413],[83.36728,20.04138],[83.36781,20.04192],[83.36842,20.04182],[83.36893,20.04121],[83.36918,20.03932],[83.36913,20.03903],[83.36828,20.03901],[83.3663,20.03986],[83.36533,20.03983],[83.36539,20.0389],[83.36443,20.03819],[83.36298,20.03619],[83.36173,20.03534],[83.3616,20.03396],[83.36066,20.03318],[83.36055,20.03246],[83.35841,20.03483],[83.35452,20.03838],[83.35272,20.03952],[83.35023,20.04024]]]}},{"type":"Feature","properties":{"LCODE":"10014000100010rf","LOCATION":"RF","V_TYPE":"FOREST","BLOCK":"NUAPARA","DISTRICT":"NUAPADA"},"geometry":{"type":"Polygon","coordinates":[[[83.0301,19.9716],[83.0301,19.97212],[83.0331,19.97629],[83.03275,19.97704],[83.03125,19.97797],[83.03065,19.9789],[83.03048,19.97987],[83.03076,19.98366],[83.03168,19.98463],[83.0324,19.98468],[83.0332,19.98525],[83.03526,19.98586],[83.03562,19.98632],[83.03551,19.98712],[83.03497,19.98793],[83.03281,19.98893],[83.03245,19.98974],[83.03277,19.99146],[83.03376,19.99392],[83.03349,19.99668],[83.03453,19.99828],[83.03479,19.99977],[83.03485,20.00029],[83.03406,20.00092],[83.03407,20.00201],[83.03661,20.01045],[83.03903,20.01376],[83.04204,20.01632],[83.04674,20.018],[83.0492,20.02045],[83.05027,20.0225],[83.05106,20.02267],[83.05283,20.02404],[83.05711,20.02641],[83.05989,20.02932],[83.06405,20.03163],[83.06557,20.03208],[83.06831,20.03234],[83.06995,20.03203],[83.07091,20.03133],[83.07131,20.03029],[83.07152,20.02747],[83.07405,20.02261],[83.07373,20.02123],[83.07191,20.01699],[83.07036,20.01477],[83.06745,20.01485],[83.06665,20.01452],[83.06592,20.01378],[83.06517,20.0124],[83.06447,20.01005],[83.06323,20.00857],[83.06364,20.00707],[83.06313,20.00604],[83.05951,20.00331],[83.05745,20.00327],[83.05539,20.0037],[83.05447,20.00313],[83.05431,20.00026],[83.05385,20.0001],[83.05341,19.99804],[83.054,19.99711],[83.05623,19.99634],[83.05737,19.99553],[83.05888,19.98896],[83.05953,19.98729],[83.06007,19.98694],[83.06087,19.98745],[83.06204,19.99043],[83.06339,19.99179],[83.0652,19.9916],[83.06706,19.98986],[83.06827,19.98945],[83.06851,19.98973],[83.06846,19.99054],[83.06667,19.99302],[83.06567,19.99562],[83.06539,19.99878],[83.06566,20.00026],[83.0649,20.00228],[83.06499,20.00406],[83.06543,20.00532],[83.06796,20.00789],[83.06956,20.01029],[83.07436,20.01467],[83.07696,20.01804],[83.07948,20.02371],[83.08134,20.02674],[83.08112,20.02812],[83.07902,20.02981],[83.07814,20.03206],[83.07459,20.03435],[83.07436,20.03481],[83.07455,20.03601],[83.0758,20.03802],[83.07899,20.04454],[83.08139,20.04711],[83.08268,20.04813],[83.085,20.04885],[83.08788,20.05061],[83.08949,20.05324],[83.08998,20.05295],[83.09402,20.05544],[83.09559,20.05613],[83.09591,20.05594],[83.09621,20.05513],[83.0946,20.05399],[83.09354,20.0517],[83.09222,20.04418],[83.08978,20.03897],[83.08936,20.03575],[83.08824,20.03398],[83.08804,20.033],[83.08822,20.03254],[83.08858,20.03242],[83.09023,20.03252],[83.091,20.03188],[83.09124,20.0313],[83.09121,20.02957],[83.08887,20.02729],[83.08831,20.02626],[83.0901,20.02418],[83.09099,20.02261],[83.09179,20.01921],[83.09326,20.01632],[83.09283,20.01224],[83.09319,20.00706],[83.09386,20.00348],[83.09352,20.00118],[83.09235,19.99987],[83.09003,20.00003],[83.08887,19.99924],[83.08875,19.99849],[83.08916,19.99797],[83.08922,19.99722],[83.09035,19.99601],[83.09084,19.99618],[83.09286,19.99851],[83.09346,19.99856],[83.09389,19.99827],[83.095,19.9951],[83.09522,19.99315],[83.09449,19.99258],[83.09189,19.99255],[83.09103,19.99118],[83.09024,19.99055],[83.08921,19.99028],[83.08322,19.99062],[83.08141,19.99035],[83.0817,19.98972],[83.08374,19.98809],[83.08481,19.98561],[83.08757,19.98375],[83.08897,19.9839],[83.0918,19.98273],[83.09361,19.98271],[83.09538,19.98401],[83.09737,19.98422],[83.0989,19.98541],[83.09933,19.98547],[83.10071,19.98471],[83.10184,19.98292],[83.10135,19.982],[83.1005,19.98207],[83.1002,19.98178],[83.10019,19.98133],[83.10072,19.98046],[83.10145,19.97994],[83.10118,19.97718],[83.10141,19.97638],[83.10261,19.97476],[83.10091,19.9742],[83.09982,19.97444],[83.09862,19.97491],[83.09537,19.97724],[83.09405,19.97771],[83.09373,19.97702],[83.09384,19.97519],[83.09278,19.97215],[83.08919,19.97],[83.08695,19.9706],[83.08214,19.97306],[83.08213,19.97202],[83.08243,19.97156],[83.08315,19.97081],[83.08465,19.96999],[83.08477,19.96947],[83.08276,19.96806],[83.08263,19.9672],[83.08395,19.96569],[83.08587,19.96458],[83.08647,19.96469],[83.08709,19.9656],[83.08739,19.96566],[83.08794,19.96565],[83.08871,19.96495],[83.0893,19.96277],[83.08867,19.96036],[83.09023,19.95948],[83.09251,19.9578],[83.0927,19.95739],[83.09143,19.95218],[83.09058,19.95127],[83.08961,19.95134],[83.08577,19.95419],[83.08547,19.95499],[83.08392,19.95696],[83.08299,19.9549],[83.08248,19.95238],[83.0815,19.95147],[83.077,19.94916],[83.07386,19.9493],[83.07191,19.94754],[83.07233,19.94684],[83.07445,19.94757],[83.07529,19.9467],[83.07533,19.9455],[83.0757,19.94526],[83.07915,19.94569],[83.08276,19.94347],[83.08674,19.94258],[83.08788,19.94188],[83.08847,19.94091],[83.08664,19.93861],[83.0862,19.93735],[83.08395,19.93531],[83.08345,19.93405],[83.08331,19.9321],[83.08282,19.93101],[83.08136,19.93085],[83.08028,19.93143],[83.07944,19.93305],[83.07904,19.93466],[83.07376,19.93885],[83.07256,19.93943],[83.07031,19.93876],[83.06957,19.93808],[83.06963,19.93693],[83.06931,19.93579],[83.06754,19.93419],[83.06596,19.93317],[83.06432,19.93284],[83.06342,19.9332],[83.0633,19.93366],[83.06367,19.9348],[83.06544,19.93605],[83.06557,19.93651],[83.06346,19.93751],[83.06122,19.9373],[83.05354,19.93742],[83.05185,19.93807],[83.05071,19.93958],[83.04969,19.93987],[83.04569,19.9391],[83.0411,19.93989],[83.03966,19.94065],[83.03835,19.94308],[83.03784,19.94682],[83.03738,19.94814],[83.03739,19.95044],[83.03703,19.95114],[83.03338,19.9545],[83.03165,19.95716],[83.03136,19.95814],[83.03117,19.96326],[83.03172,19.96452],[83.03282,19.96543],[83.03223,19.96716],[83.03039,19.97039],[83.0301,19.9716]]]}},{"type":"Feature","properties":{"LCODE":"100170003000300044","LOCATION":"GADEBANDH","V_TYPE":"VILLAGE","BLOCK":"SINAPALI","DISTRICT":"NUAPADA"},"geometry":{"type":"Polygon","coordinates":[[[83.2853,20.05027],[83.28726,20.05223],[83.28821,20.05456],[83.29163,20.05542],[83.29256,20.05592],[83.29345,20.05559],[83.29423,20.05435],[83.29528,20.05376],[83.30055,20.05232],[83.30285,20.0509],[83.30484,20.05049],[83.30367,20.0499],[83.30272,20.0478],[83.30219,20.04755],[83.30078,20.04767],[83.30013,20.04714],[83.29964,20.04557],[83.30054,20.04416],[83.30128,20.04384],[83.30268,20.04383],[83.30383,20.04399],[83.30949,20.04704],[83.31021,20.04713],[83.31071,20.0468],[83.31025,20.04443],[83.31028,20.0419],[83.31128,20.03946],[83.31078,20.03646],[83.31163,20.0343],[83.30994,20.03482],[83.30884,20.03484],[83.30812,20.03453],[83.30622,20.03504],[83.30354,20.03524],[83.30162,20.03478],[83.29942,20.03516],[83.29826,20.0338],[83.29778,20.03367],[83.29666,20.03427],[83.29639,20.035],[83.29477,20.03472],[83.2944,20.03494],[83.29386,20.03618],[83.2918,20.03772],[83.29183,20.03864],[83.29097,20.03885],[83.29115,20.04058],[83.29076,20.04137],[83.29062,20.04343],[83.29105,20.04488],[83.28957,20.04581],[83.28909,20.04729],[83.28664,20.04784],[83.28595,20.04833],[83.2853,20.05027]]]}},{"type":"Feature","properties":{"LCODE":"100170003000300101","LOCATION":"DORAPADAR","V_TYPE":"VILLAGE","BLOCK":"SINAPALI","DISTRICT":"NUAPADA"},"geometry":{"type":"Polygon","coordinates":[[[83.346,20.05545],[83.34769,20.05583],[83.35008,20.05545],[83.3528,20.05416],[83.35413,20.05421],[83.35475,20.05377],[83.35475,20.05222],[83.3539,20.05053],[83.3557,20.04944],[83.35591,20.0487],[83.35551,20.04794],[83.35568,20.04651],[83.35534,20.04598],[83.35443,20.04595],[83.35381,20.04455],[83.35272,20.04452],[83.35186,20.04483],[83.35138,20.04465],[83.35127,20.04441],[83.35212,20.04283],[83.35116,20.04246],[83.35035,20.0414],[83.3503,20.04037],[83.349,20.04039],[83.34839,20.0419],[83.34866,20.04427],[83.3475,20.04641],[83.34741,20.05203],[83.346,20.05545]]]}},{"type":"Feature","properties":{"LCODE":"100170003000300039","LOCATION":"DHOBEN","V_TYPE":"VILLAGE","BLOCK":"SINAPALI","DISTRICT":"NUAPADA"},"geometry":{"type":"Polygon","coordinates":[[[83.23333,20.04489],[83.23441,20.04531],[83.23678,20.04564],[83.23727,20.04592],[83.23759,20.04689],[83.2366,20.04921],[83.23553,20.0506],[83.23536,20.05158],[83.23634,20.05559],[83.24487,20.0539],[83.2468,20.05278],[83.24764,20.05266],[83.25153,20.05314],[83.25201,20.05192],[83.25301,20.05138],[83.25343,20.05145],[83.25507,20.053],[83.25559,20.05198],[83.25592,20.04964],[83.25639,20.0485],[83.25908,20.04474],[83.26104,20.04084],[83.26257,20.03876],[83.26406,20.0355],[83.26319,20.03516],[83.26168,20.03511],[83.25689,20.03674],[83.2554,20.03761],[83.25455,20.03741],[83.25404,20.0367],[83.2532,20.03621],[83.25048,20.03628],[83.2492,20.03795],[83.24742,20.03937],[83.24536,20.03939],[83.24246,20.04046],[83.24077,20.04076],[83.23993,20.04123],[83.23917,20.04285],[83.23856,20.0432],[83.23638,20.04351],[83.23333,20.04489]]]}},{"type":"Feature","properties":{"LCODE":"100170006000600082","LOCATION":"MADANGDANI","V_TYPE":"VILLAGE","BLOCK":"SINAPALI","DISTRICT":"NUAPADA"},"geometry":{"type":"Polygon","coordinates":[[[83.45022,20.04001],[83.45058,20.04174],[83.45293,20.04412],[83.45392,20.04684],[83.45404,20.05018],[83.45328,20.05404],[83.45612,20.055],[83.45853,20.05526],[83.45915,20.05316],[83.46066,20.05194],[83.46019,20.0513],[83.45809,20.05065],[83.45798,20.05025],[83.46004,20.04688],[83.46069,20.04254],[83.45975,20.04171],[83.45908,20.04151],[83.45786,20.04193],[83.45762,20.04175],[83.45766,20.03887],[83.45706,20.03864],[83.45548,20.03875],[83.45477,20.03833],[83.4521,20.03847],[83.45099,20.03883],[83.45022,20.04001]]]}},{"type":"Feature","properties":{"LCODE":"100170006000600077","LOCATION":"SOURAGAON","V_TYPE":"VILLAGE","BLOCK":"SINAPALI","DISTRICT":"NUAPADA"},"geometry":{"type":"Polygon","coordinates":[[[83.48289,20.04953],[83.48444,20.0521],[83.48588,20.05249],[83.48621,20.05342],[83.48669,20.05355],[83.48755,20.05324],[83.48831,20.0524],[83.48948,20.05026],[83.48816,20.0481],[83.4882,20.04701],[83.48796,20.04694],[83.48625,20.04717],[83.48536,20.04823],[83.48309,20.0489],[83.48289,20.04953]]]}},{"type":"Feature","properties":{"LCODE":"100170003000300041","LOCATION":"GUNUPUR","V_TYPE":"VILLAGE","BLOCK":"SINAPALI","DISTRICT":"NUAPADA"},"geometry":{"type":"Polygon","coordinates":[[[83.27659,20.0373],[83.27725,20.03908],[83.27747,20.04133],[83.27862,20.04303],[83.27888,20.04402],[83.27879,20.0466],[83.2794,20.04928],[83.28053,20.04902],[83.28229,20.05057],[83.28446,20.05093],[83.28527,20.05032],[83.28595,20.04833],[83.28664,20.04784],[83.28909,20.04729],[83.28957,20.04581],[83.29105,20.04488],[83.29062,20.04343],[83.29076,20.04137],[83.29115,20.04058],[83.29097,20.03885],[83.29196,20.03848],[83.2918,20.03772],[83.29386,20.03618],[83.2944,20.03494],[83.29477,20.03472],[83.29639,20.035],[83.29621,20.03333],[83.2954,20.03221],[83.29546,20.03055],[83.29474,20.0288],[83.29497,20.02766],[83.29465,20.0265],[83.29324,20.02485],[83.2929,20.0261],[83.29169,20.02766],[83.291,20.02816],[83.28836,20.0291],[83.28637,20.0303],[83.27659,20.0373]]]}},{"type":"Feature","properties":{"LCODE":"100140002000200024","LOCATION":"PUJIGUDA","V_TYPE":"VILLAGE","BLOCK":"NUAPARA","DISTRICT":"NUAPADA"},"geometry":{"type":"Polygon","coordinates":[[[83.19509,20.05055],[83.19509,20.05078],[83.19607,20.05077],[83.19733,20.0503],[83.19973,20.04814],[83.20256,20.04673],[83.20303,20.04621],[83.2035,20.04465],[83.20446,20.04401],[83.20536,20.04366],[83.20937,20.04327],[83.21234,20.04358],[83.21319,20.0434],[83.21486,20.0424],[83.21439,20.04224],[83.21432,20.04155],[83.21357,20.04052],[83.2135,20.04001],[83.21484,20.03637],[83.21452,20.03499],[83.216,20.03308],[83.21542,20.03136],[83.21541,20.03032],[83.216,20.02876],[83.21587,20.02787],[83.21386,20.02815],[83.21147,20.0268],[83.21092,20.02697],[83.20908,20.02906],[83.20787,20.02959],[83.20641,20.02921],[83.20526,20.02968],[83.2038,20.02969],[83.2024,20.02919],[83.20046,20.02927],[83.19949,20.02876],[83.19918,20.02789],[83.19772,20.02872],[83.19743,20.02958],[83.19855,20.03095],[83.19888,20.0325],[83.1973,20.03614],[83.19724,20.03683],[83.19846,20.04045],[83.19861,20.04234],[83.19743,20.04494],[83.1952,20.04837],[83.19509,20.05055]]]}},{"type":"Feature","properties":{"LCODE":"100140002000200023","LOCATION":"THEMERA","V_TYPE":"VILLAGE","BLOCK":"NUAPARA","DISTRICT":"NUAPADA"},"geometry":{"type":"Polygon","coordinates":[[[83.18388,20.03231],[83.18539,20.03247],[83.18523,20.03316],[83.18439,20.03392],[83.18597,20.03448],[83.1843,20.03593],[83.18424,20.03633],[83.18474,20.03685],[83.18439,20.03789],[83.18482,20.03834],[83.18641,20.0389],[83.1871,20.03987],[83.18559,20.04104],[83.18536,20.04156],[83.18549,20.04213],[83.18617,20.04293],[83.18807,20.04406],[83.18778,20.0451],[83.1881,20.04556],[83.18857,20.04509],[83.1893,20.04497],[83.19007,20.04393],[83.19092,20.04398],[83.19075,20.04473],[83.19009,20.0456],[83.19011,20.04646],[83.19086,20.04818],[83.1916,20.04909],[83.19264,20.04925],[83.1952,20.04837],[83.19743,20.04494],[83.19861,20.04234],[83.19846,20.04045],[83.19724,20.03683],[83.19887,20.03199],[83.19855,20.03095],[83.19743,20.02958],[83.19772,20.02872],[83.19918,20.02789],[83.19913,20.02571],[83.19796,20.02452],[83.19774,20.02228],[83.1973,20.02124],[83.19628,20.02023],[83.19566,20.02109],[83.19488,20.02138],[83.19427,20.02197],[83.19371,20.0245],[83.19241,20.02653],[83.19139,20.02735],[83.18729,20.02946],[83.1852,20.03103],[83.18446,20.03118],[83.18388,20.03231]]]}},{"type":"Feature","properties":{"LCODE":"100170003000300095","LOCATION":"BHATANG","V_TYPE":"VILLAGE","BLOCK":"SINAPALI","DISTRICT":"NUAPADA"},"geometry":{"type":"Polygon","coordinates":[[[83.37647,20.04048],[83.37717,20.04148],[83.37726,20.0439],[83.37819,20.04502],[83.37908,20.04734],[83.37984,20.04845],[83.38226,20.04837],[83.38376,20.04888],[83.38419,20.04878],[83.3852,20.04749],[83.38576,20.04728],[83.3877,20.04734],[83.39011,20.04622],[83.39256,20.04555],[83.39394,20.04399],[83.39579,20.04331],[83.39646,20.04149],[83.3985,20.04236],[83.39928,20.04245],[83.39967,20.04219],[83.39906,20.04015],[83.39838,20.03892],[83.39774,20.03798],[83.39703,20.03749],[83.39479,20.03736],[83.39228,20.03808],[83.39102,20.03752],[83.38759,20.03138],[83.3843,20.03219],[83.38342,20.03325],[83.38332,20.034],[83.3846,20.03582],[83.38413,20.03684],[83.38285,20.03708],[83.38165,20.03853],[83.3798,20.03922],[83.37886,20.03993],[83.37745,20.04046],[83.37647,20.04048]]]}},{"type":"Feature","properties":{"LCODE":"100160004000400280","LOCATION":"LOHARSADA","V_TYPE":"VILLAGE","BLOCK":"KHARIAR","DISTRICT":"NUAPADA"},"geometry":{"type":"Polygon","coordinates":[[[83.52601,20.04633],[83.52625,20.04697],[83.52679,20.04726],[83.52964,20.04773],[83.53032,20.04664],[83.53057,20.04514],[83.53124,20.04428],[83.53119,20.04336],[83.53058,20.04313],[83.52912,20.0433],[83.52747,20.04507],[83.52656,20.04553],[83.52601,20.04633]]]}},{"type":"Feature","properties":{"LCODE":"100170006000600078","LOCATION":"GOTEN(GODMEN)","V_TYPE":"VILLAGE","BLOCK":"SINAPALI","DISTRICT":"NUAPADA"},"geometry":{"type":"Polygon","coordinates":[[[83.46776,20.03148],[83.46801,20.03286],[83.46877,20.03386],[83.46902,20.03496],[83.46895,20.0372],[83.46957,20.03853],[83.46859,20.04051],[83.46803,20.04078],[83.4679,20.04129],[83.46941,20.04277],[83.46925,20.0442],[83.46876,20.04505],[83.47005,20.04543],[83.47254,20.04701],[83.47536,20.0463],[83.47784,20.04489],[83.47816,20.04421],[83.47788,20.04357],[83.47848,20.04061],[83.47805,20.03899],[83.47824,20.0386],[83.48196,20.03631],[83.4818,20.03562],[83.48132,20.03549],[83.48029,20.0358],[83.47939,20.03554],[83.47911,20.03461],[83.47915,20.03197],[83.47795,20.03153],[83.47627,20.02924],[83.47549,20.02893],[83.47495,20.02897],[83.47358,20.02978],[83.47173,20.02915],[83.46921,20.02987],[83.46804,20.02963],[83.46776,20.03148]]]}},{"type":"Feature","properties":{"LCODE":"100140002000200025","LOCATION":"KANABIRA","V_TYPE":"VILLAGE","BLOCK":"NUAPARA","DISTRICT":"NUAPADA"},"geometry":{"type":"Polygon","coordinates":[[[83.2135,20.04001],[83.21357,20.04052],[83.21432,20.04155],[83.21439,20.04224],[83.21713,20.04302],[83.21899,20.04513],[83.21947,20.04489],[83.22005,20.04305],[83.22076,20.04229],[83.22123,20.04096],[83.22419,20.04019],[83.22816,20.03796],[83.22913,20.03801],[83.22999,20.03869],[83.23109,20.03868],[83.23107,20.03804],[83.23159,20.03716],[83.23002,20.03673],[83.22867,20.03577],[83.22823,20.0352],[83.22784,20.03324],[83.22727,20.0321],[83.2251,20.03258],[83.22436,20.02781],[83.22208,20.02646],[83.22021,20.02488],[83.21916,20.02585],[83.21587,20.02787],[83.216,20.02876],[83.21541,20.03032],[83.21542,20.03136],[83.216,20.03308],[83.21452,20.03499],[83.21484,20.03637],[83.2135,20.04001]]]}},{"type":"Feature","properties":{"LCODE":"100170003000300040","LOCATION":"ULIKUPA","V_TYPE":"VILLAGE","BLOCK":"SINAPALI","DISTRICT":"NUAPADA"},"geometry":{"type":"Polygon","coordinates":[[[83.23107,20.03804],[83.23167,20.04149],[83.23275,20.04412],[83.23333,20.04489],[83.23638,20.04351],[83.23856,20.0432],[83.23917,20.04285],[83.23993,20.04123],[83.24077,20.04076],[83.24246,20.04046],[83.24536,20.03939],[83.24742,20.03937],[83.2492,20.03795],[83.25048,20.03628],[83.2532,20.03621],[83.25404,20.0367],[83.25455,20.03741],[83.2554,20.03761],[83.25689,20.03674],[83.26168,20.03511],[83.26319,20.03516],[83.26391,20.03559],[83.26531,20.0338],[83.2663,20.03308],[83.26947,20.03296],[83.26993,20.03205],[83.27018,20.03016],[83.27074,20.0295],[83.27052,20.02914],[83.26962,20.02888],[83.26927,20.02835],[83.26931,20.02749],[83.26788,20.02842],[83.26743,20.03059],[83.26699,20.03098],[83.26614,20.03112],[83.2653,20.03092],[83.26346,20.02965],[83.26111,20.02923],[83.25758,20.02773],[83.25665,20.02684],[83.25672,20.02588],[83.25544,20.02502],[83.25447,20.02504],[83.25293,20.02557],[83.25078,20.02468],[83.24894,20.02429],[83.24342,20.02434],[83.23878,20.01984],[83.23856,20.02019],[83.23872,20.0233],[83.2382,20.02503],[83.2379,20.02504],[83.23788,20.02704],[83.23689,20.0301],[83.23593,20.03046],[83.23276,20.02934],[83.23179,20.02987],[83.23212,20.03165],[83.23341,20.03261],[83.23399,20.03451],[83.23347,20.03572],[83.2319,20.0366],[83.23107,20.03804]]]}},{"type":"Feature","properties":{"LCODE":"100140001000100036","LOCATION":"TENTULIPADA","V_TYPE":"VILLAGE","BLOCK":"NUAPARA","DISTRICT":"NUAPADA"},"geometry":{"type":"Polygon","coordinates":[[[83.04839,20.03969],[83.05341,20.04279],[83.0551,20.0443],[83.05668,20.04264],[83.05933,20.04077],[83.0603,20.04053],[83.06054,20.04099],[83.06103,20.04116],[83.06218,20.04086],[83.06351,20.04096],[83.06356,20.03975],[83.0638,20.03946],[83.06453,20.03974],[83.06494,20.03853],[83.06718,20.03805],[83.06729,20.03753],[83.06643,20.03679],[83.0666,20.03644],[83.06854,20.03602],[83.06967,20.03417],[83.06977,20.03273],[83.06953,20.03213],[83.06721,20.03229],[83.06405,20.03163],[83.06117,20.03017],[83.05989,20.02932],[83.05711,20.02641],[83.05283,20.02404],[83.05106,20.02267],[83.05027,20.0225],[83.05054,20.02492],[83.04964,20.02971],[83.0496,20.03126],[83.04979,20.03207],[83.05072,20.03321],[83.05074,20.0343],[83.04887,20.03582],[83.04839,20.03969]]]}},{"type":"Feature","properties":{"LCODE":"100170006000600085","LOCATION":"GANDARBARU","V_TYPE":"VILLAGE","BLOCK":"SINAPALI","DISTRICT":"NUAPADA"},"geometry":{"type":"Polygon","coordinates":[[[83.42484,20.03257],[83.42806,20.0352],[83.42955,20.03766],[83.43263,20.04132],[83.43318,20.04243],[83.43572,20.04165],[83.43978,20.04173],[83.44149,20.04144],[83.44339,20.04254],[83.44503,20.04259],[83.44736,20.04353],[83.44904,20.04357],[83.44876,20.04174],[83.44772,20.0385],[83.44776,20.03746],[83.44862,20.03715],[83.44882,20.0367],[83.44894,20.03521],[83.44801,20.03242],[83.44768,20.028],[83.44734,20.02703],[83.44592,20.02788],[83.44592,20.02954],[83.44553,20.03016],[83.44315,20.03072],[83.44234,20.03126],[83.44071,20.03602],[83.43852,20.03612],[83.4372,20.03579],[83.43567,20.03299],[83.43497,20.03222],[83.43325,20.0309],[83.43138,20.02895],[83.43019,20.02833],[83.42964,20.02831],[83.42768,20.0306],[83.42484,20.03257]]]}},{"type":"Feature","properties":{"LCODE":"100170006000600079","LOCATION":"BADIBAHAL","V_TYPE":"VILLAGE","BLOCK":"SINAPALI","DISTRICT":"NUAPADA"},"geometry":{"type":"Polygon","coordinates":[[[83.45753,20.03934],[83.45762,20.04175],[83.45786,20.04193],[83.45908,20.04151],[83.45975,20.04171],[83.46069,20.04254],[83.46064,20.04329],[83.4612,20.0433],[83.46472,20.0417],[83.46709,20.04149],[83.46859,20.04051],[83.46957,20.03853],[83.46895,20.0372],[83.46902,20.03496],[83.46877,20.03386],[83.46785,20.03229],[83.46804,20.02963],[83.4669,20.0283],[83.46423,20.02821],[83.46369,20.02968],[83.46379,20.03215],[83.46309,20.03304],[83.46248,20.0332],[83.45988,20.03271],[83.45901,20.03337],[83.45882,20.0337],[83.45898,20.03411],[83.46,20.03472],[83.46042,20.03639],[83.45984,20.03746],[83.45883,20.03835],[83.45786,20.0386],[83.45753,20.03934]]]}},{"type":"Feature","properties":{"LCODE":"100140002000200022","LOCATION":"PHATAKAMAL","V_TYPE":"VILLAGE","BLOCK":"NUAPARA","DISTRICT":"NUAPADA"},"geometry":{"type":"Polygon","coordinates":[[[83.15196,20.02936],[83.15288,20.02964],[83.15424,20.03106],[83.15551,20.03105],[83.15619,20.03167],[83.15602,20.03242],[83.15493,20.03272],[83.15404,20.03388],[83.15347,20.034],[83.15619,20.03564],[83.15775,20.03822],[83.15983,20.03912],[83.16147,20.03927],[83.16542,20.04157],[83.16769,20.04174],[83.16891,20.0423],[83.16928,20.04195],[83.17261,20.04123],[83.17809,20.03864],[83.18439,20.03789],[83.18474,20.03685],[83.18424,20.03633],[83.1843,20.03593],[83.18598,20.03465],[83.18591,20.03431],[83.18439,20.03392],[83.18552,20.0327],[83.18515,20.0323],[83.18394,20.03248],[83.18446,20.03118],[83.18416,20.0307],[83.18256,20.02962],[83.18074,20.02958],[83.18055,20.02901],[83.18012,20.02873],[83.17879,20.02914],[83.17702,20.02876],[83.17768,20.02806],[83.17743,20.02755],[83.1776,20.02703],[83.1768,20.02617],[83.17648,20.02537],[83.1741,20.0243],[83.17351,20.02528],[83.17273,20.02581],[83.17163,20.0253],[83.16969,20.02561],[83.16853,20.02528],[83.16779,20.02442],[83.16682,20.02397],[83.16674,20.02334],[83.16602,20.02323],[83.1657,20.02272],[83.16574,20.02145],[83.16507,20.02094],[83.16305,20.02101],[83.16223,20.022],[83.16145,20.02241],[83.15488,20.02513],[83.15237,20.02832],[83.15196,20.02936]]]}},{"type":"Feature","properties":{"LCODE":"100170003000300097","LOCATION":"TULAGAON","V_TYPE":"VILLAGE","BLOCK":"SINAPALI","DISTRICT":"NUAPADA"},"geometry":{"type":"Polygon","coordinates":[[[83.36533,20.03983],[83.36588,20.03996],[83.36828,20.03901],[83.36913,20.03903],[83.36913,20.04014],[83.37072,20.0419],[83.37151,20.04198],[83.37447,20.04042],[83.37745,20.04046],[83.37849,20.04009],[83.3798,20.03922],[83.38165,20.03853],[83.38285,20.03708],[83.38438,20.03661],[83.38454,20.03559],[83.38328,20.03371],[83.38424,20.03226],[83.38305,20.03158],[83.38182,20.03205],[83.38068,20.03156],[83.37874,20.03166],[83.37701,20.02931],[83.37598,20.02904],[83.37446,20.02756],[83.37232,20.02622],[83.37113,20.02585],[83.37131,20.02745],[83.37109,20.02825],[83.37061,20.02835],[83.36912,20.02767],[83.36897,20.02818],[83.36996,20.02925],[83.3701,20.03045],[83.36911,20.03283],[83.36855,20.03333],[83.36781,20.03348],[83.36736,20.03421],[83.36832,20.03631],[83.36792,20.03716],[83.36761,20.03726],[83.36666,20.03666],[83.3661,20.03692],[83.36536,20.03897],[83.36533,20.03983]]]}},{"type":"Feature","properties":{"LCODE":"100140001000100037","LOCATION":"THEMERA","V_TYPE":"VILLAGE","BLOCK":"NUAPARA","DISTRICT":"NUAPADA"},"geometry":{"type":"Polygon","coordinates":[[[83.03536,20.01846],[83.03647,20.02138],[83.03676,20.0246],[83.03774,20.02971],[83.039,20.03298],[83.04148,20.03647],[83.04234,20.03715],[83.04839,20.03969],[83.04887,20.03582],[83.05074,20.0343],[83.05072,20.03321],[83.04979,20.03207],[83.0496,20.03126],[83.04964,20.02971],[83.05054,20.02492],[83.05001,20.02176],[83.0492,20.02045],[83.04674,20.018],[83.04216,20.01632],[83.03883,20.01699],[83.03536,20.01846]]]}},{"type":"Feature","properties":{"LCODE":"100140001000100035","LOCATION":"BHIKAJHARAN","V_TYPE":"VILLAGE","BLOCK":"NUAPARA","DISTRICT":"NUAPADA"},"geometry":{"type":"Polygon","coordinates":[[[83.08804,20.03277],[83.08824,20.03398],[83.08936,20.03575],[83.08961,20.03689],[83.09054,20.03741],[83.09596,20.0389],[83.09742,20.03906],[83.09996,20.03857],[83.10293,20.03854],[83.10352,20.03716],[83.10592,20.03495],[83.1065,20.03316],[83.10614,20.02931],[83.10648,20.02792],[83.10638,20.02545],[83.10667,20.02452],[83.10957,20.02294],[83.11033,20.02132],[83.11117,20.02057],[83.11134,20.01976],[83.11114,20.01873],[83.10911,20.01679],[83.10728,20.01675],[83.10551,20.01591],[83.10382,20.01615],[83.10133,20.01566],[83.09593,20.01635],[83.09328,20.01561],[83.09326,20.01632],[83.09179,20.01921],[83.09099,20.02261],[83.0901,20.02418],[83.08831,20.02626],[83.08887,20.02729],[83.09121,20.02957],[83.09124,20.0313],[83.091,20.03188],[83.09023,20.03252],[83.08858,20.03242],[83.08804,20.03277]]]}},{"type":"Feature","properties":{"LCODE":"100170003000300098","LOCATION":"BUDELPADAR","V_TYPE":"VILLAGE","BLOCK":"SINAPALI","DISTRICT":"NUAPADA"},"geometry":{"type":"Polygon","coordinates":[[[83.3605,20.03278],[83.36089,20.03348],[83.3616,20.03396],[83.36173,20.03534],[83.36202,20.03576],[83.36298,20.03619],[83.36443,20.03819],[83.36539,20.0389],[83.3661,20.03692],[83.36642,20.03671],[83.36761,20.03726],[83.36792,20.03716],[83.36827,20.03585],[83.36736,20.03421],[83.36781,20.03348],[83.36855,20.03333],[83.36911,20.03283],[83.3701,20.03045],[83.36996,20.02925],[83.36897,20.02818],[83.36912,20.02767],[83.37061,20.02835],[83.37109,20.02825],[83.37131,20.02745],[83.37115,20.02504],[83.37174,20.02414],[83.36807,20.0247],[83.36456,20.02631],[83.36317,20.0277],[83.3621,20.03036],[83.3605,20.03278]]]}},{"type":"Feature","properties":{"LCODE":"100170006000600083","LOCATION":"ANAJORE","V_TYPE":"VILLAGE","BLOCK":"SINAPALI","DISTRICT":"NUAPADA"},"geometry":{"type":"Polygon","coordinates":[[[83.45355,20.02487],[83.45365,20.0255],[83.4552,20.02802],[83.45567,20.02999],[83.45486,20.03248],[83.45497,20.03449],[83.45657,20.03564],[83.45657,20.03719],[83.45766,20.03887],[83.4594,20.03791],[83.46042,20.03639],[83.46,20.03472],[83.45898,20.03411],[83.45882,20.0337],[83.45901,20.03337],[83.45988,20.03271],[83.46175,20.033],[83.46172,20.03219],[83.461,20.03039],[83.46123,20.0292],[83.46078,20.02815],[83.46062,20.02574],[83.46021,20.02534],[83.45893,20.02539],[83.45775,20.02455],[83.45605,20.02444],[83.45516,20.02406],[83.45481,20.02353],[83.45409,20.02357],[83.45355,20.02487]]]}},{"type":"Feature","properties":{"LCODE":"100140001000100034","LOCATION":"PASTIPADA","V_TYPE":"VILLAGE","BLOCK":"NUAPARA","DISTRICT":"NUAPADA"},"geometry":{"type":"Polygon","coordinates":[[[83.10458,20.03626],[83.10596,20.03748],[83.10791,20.03798],[83.11186,20.03851],[83.11319,20.03827],[83.11434,20.03774],[83.11664,20.03582],[83.11667,20.03524],[83.11882,20.03332],[83.11977,20.03204],[83.12067,20.0314],[83.12225,20.03083],[83.12197,20.02874],[83.12232,20.0277],[83.12199,20.02621],[83.12253,20.02546],[83.12234,20.02465],[83.12299,20.02338],[83.12247,20.023],[83.12319,20.02207],[83.12202,20.01944],[83.12149,20.01691],[83.12096,20.01429],[83.12057,20.00904],[83.11964,20.00598],[83.11815,20.00302],[83.11561,19.99974],[83.11403,20.00081],[83.1112,20.0015],[83.11107,20.00181],[83.11123,20.00837],[83.11077,20.01016],[83.11105,20.0124],[83.11004,20.01396],[83.10904,20.01633],[83.10936,20.01713],[83.11114,20.01873],[83.11134,20.01976],[83.11117,20.02057],[83.11033,20.02132],[83.10957,20.02294],[83.10667,20.02452],[83.10638,20.02545],[83.10648,20.02792],[83.10614,20.02931],[83.1065,20.03316],[83.10592,20.03495],[83.10458,20.03626]]]}},{"type":"Feature","properties":{"LCODE":"100170003000300106","LOCATION":"ADRING","V_TYPE":"VILLAGE","BLOCK":"SINAPALI","DISTRICT":"NUAPADA"},"geometry":{"type":"Polygon","coordinates":[[[83.32076,20.02627],[83.3213,20.02751],[83.32349,20.02907],[83.32321,20.03216],[83.32439,20.03278],[83.32578,20.03449],[83.32578,20.0361],[83.32488,20.0375],[83.32504,20.03814],[83.32601,20.03823],[83.32645,20.03796],[83.32678,20.03378],[83.32712,20.03287],[83.32768,20.03237],[83.32847,20.03245],[83.32945,20.03536],[83.32986,20.03566],[83.33083,20.03586],[83.33321,20.03531],[83.33403,20.03543],[83.33466,20.03398],[83.33478,20.03243],[83.33537,20.03119],[83.33532,20.02935],[83.33569,20.02898],[83.33441,20.02748],[83.33431,20.02685],[83.33477,20.02595],[83.33482,20.0248],[83.33398,20.02259],[83.33302,20.02095],[83.33115,20.02048],[83.33105,20.01996],[83.33229,20.01812],[83.32627,20.01946],[83.3251,20.02005],[83.32507,20.02102],[83.32747,20.02168],[83.32817,20.02234],[83.32867,20.02528],[83.32965,20.02658],[83.32962,20.02744],[83.32931,20.02783],[83.32718,20.02954],[83.32658,20.02923],[83.32606,20.02698],[83.32362,20.02747],[83.32278,20.02687],[83.32247,20.02553],[83.32201,20.02489],[83.32159,20.02481],[83.32076,20.02627]]]}},{"type":"Feature","properties":{"LCODE":"100170003000300141","LOCATION":"SAMARKOTA","V_TYPE":"VILLAGE","BLOCK":"SINAPALI","DISTRICT":"NUAPADA"},"geometry":{"type":"Polygon","coordinates":[[[83.41352,20.0346],[83.41365,20.03598],[83.41422,20.03709],[83.41541,20.03765],[83.41724,20.03736],[83.41931,20.0356],[83.42204,20.0323],[83.42408,20.03162],[83.42352,20.03012],[83.42148,20.0277],[83.42075,20.02595],[83.41988,20.025],[83.41919,20.02471],[83.41558,20.03301],[83.41415,20.03388],[83.41352,20.0346]]]}},{"type":"Feature","properties":{"LCODE":"10014000200020rf","LOCATION":"RF","V_TYPE":"FOREST","BLOCK":"NUAPARA","DISTRICT":"NUAPADA"},"geometry":{"type":"Polygon","coordinates":[[[83.13384,20.0306],[83.13459,20.03235],[83.13631,20.03383],[83.13651,20.03492],[83.13617,20.03642],[83.13637,20.03723],[83.13776,20.03744],[83.13967,20.03524],[83.14028,20.03558],[83.14037,20.0369],[83.14067,20.03695],[83.14261,20.03641],[83.14374,20.03525],[83.14397,20.03305],[83.14333,20.03215],[83.14301,20.03071],[83.14196,20.02992],[83.1366,20.029],[83.13545,20.02929],[83.13384,20.0306]]]}},{"type":"Feature","properties":{"LCODE":"100170003000300102","LOCATION":"TILEIMAL","V_TYPE":"VILLAGE","BLOCK":"SINAPALI","DISTRICT":"NUAPADA"},"geometry":{"type":"Polygon","coordinates":[[[83.33403,20.03543],[83.33433,20.0365],[83.33469,20.03645],[83.33878,20.03435],[83.34159,20.03364],[83.34357,20.03434],[83.34682,20.03645],[83.34781,20.03747],[83.34882,20.03714],[83.35016,20.03604],[83.34871,20.03474],[83.34904,20.03245],[83.34844,20.03214],[83.34774,20.0331],[83.3472,20.03285],[83.34587,20.03108],[83.34581,20.02951],[83.34247,20.02965],[83.3419,20.03009],[83.34106,20.03155],[83.33836,20.03066],[83.33726,20.02924],[83.3363,20.02881],[83.33551,20.02901],[83.33532,20.02935],[83.33537,20.03119],[83.33478,20.03243],[83.33466,20.03398],[83.33403,20.03543]]]}},{"type":"Feature","properties":{"LCODE":"100140002000200027","LOCATION":"DUNGURIGUDA","V_TYPE":"VILLAGE","BLOCK":"NUAPARA","DISTRICT":"NUAPADA"},"geometry":{"type":"Polygon","coordinates":[[[83.21941,20.02356],[83.22021,20.02488],[83.22208,20.02646],[83.22436,20.02781],[83.2251,20.03258],[83.22727,20.0321],[83.22784,20.03324],[83.22823,20.0352],[83.22867,20.03577],[83.23002,20.03673],[83.23159,20.03716],[83.2319,20.0366],[83.23347,20.03572],[83.23399,20.03451],[83.23341,20.03261],[83.23212,20.03165],[83.23179,20.02987],[83.23221,20.02946],[83.23342,20.02939],[83.23593,20.03046],[83.23653,20.0304],[83.23689,20.0301],[83.23788,20.02704],[83.2379,20.02504],[83.23692,20.02452],[83.23584,20.02482],[83.23367,20.02617],[83.23259,20.02647],[83.23161,20.02619],[83.23118,20.02567],[83.23071,20.02269],[83.22984,20.02126],[83.22874,20.02058],[83.22703,20.02071],[83.22348,20.02247],[83.21941,20.02356]]]}},{"type":"Feature","properties":{"LCODE":"100170006000600084","LOCATION":"KAMARDA","V_TYPE":"VILLAGE","BLOCK":"SINAPALI","DISTRICT":"NUAPADA"},"geometry":{"type":"Polygon","coordinates":[[[83.42941,20.01953],[83.43069,20.02118],[83.43224,20.02186],[83.43249,20.02348],[83.43197,20.0277],[83.43215,20.02989],[83.43567,20.03299],[83.4372,20.03579],[83.43852,20.03612],[83.44071,20.03602],[83.44234,20.03126],[83.44315,20.03072],[83.44553,20.03016],[83.44592,20.02954],[83.44592,20.02788],[83.44741,20.02696],[83.44665,20.02286],[83.44682,20.02143],[83.44655,20.02056],[83.44555,20.01789],[83.44397,20.01635],[83.44383,20.01514],[83.44348,20.01461],[83.44164,20.01346],[83.44056,20.0123],[83.4395,20.01241],[83.43837,20.01168],[83.43627,20.01282],[83.43413,20.01498],[83.43278,20.01884],[83.43222,20.01911],[83.4307,20.01905],[83.42941,20.01953]]]}},{"type":"Feature","properties":{"LCODE":"100170003000300103","LOCATION":"INDRAMAL","V_TYPE":"VILLAGE","BLOCK":"SINAPALI","DISTRICT":"NUAPADA"},"geometry":{"type":"Polygon","coordinates":[[[83.34196,20.0205],[83.34256,20.02035],[83.34329,20.02187],[83.34412,20.02253],[83.34455,20.02403],[83.34521,20.0244],[83.34515,20.02583],[83.34636,20.02604],[83.34689,20.02652],[83.34687,20.02704],[83.34579,20.0285],[83.34576,20.03079],[83.34743,20.03303],[83.34774,20.0331],[83.34844,20.03214],[83.34886,20.03222],[83.34901,20.03308],[83.34871,20.03474],[83.35011,20.03594],[83.35098,20.03395],[83.35158,20.0311],[83.35265,20.02809],[83.35515,20.02456],[83.35606,20.0227],[83.35956,20.02011],[83.36172,20.01898],[83.36319,20.01868],[83.36702,20.01858],[83.36816,20.01822],[83.36698,20.01784],[83.36516,20.01634],[83.36345,20.0133],[83.3626,20.0131],[83.362,20.01354],[83.36177,20.01261],[83.3624,20.00723],[83.36228,20.00528],[83.36086,20.00115],[83.35928,20.00037],[83.35886,20.00091],[83.35879,20.00303],[83.35789,20.0045],[83.35782,20.00622],[83.35497,20.00974],[83.35476,20.01031],[83.35479,20.01444],[83.35396,20.01893],[83.35168,20.01836],[83.34997,20.01859],[83.34835,20.01796],[83.34603,20.01834],[83.34428,20.01828],[83.34316,20.01888],[83.34196,20.0205]]]}},{"type":"Feature","properties":{"LCODE":"100170003000300108","LOCATION":"RINIPITA","V_TYPE":"VILLAGE","BLOCK":"SINAPALI","DISTRICT":"NUAPADA"},"geometry":{"type":"Polygon","coordinates":[[[83.29469,20.0266],[83.29497,20.02766],[83.29474,20.0288],[83.29546,20.03055],[83.2954,20.03221],[83.29621,20.03333],[83.29642,20.0346],[83.29691,20.03404],[83.29778,20.03367],[83.29826,20.0338],[83.29942,20.03516],[83.30162,20.03478],[83.30354,20.03524],[83.30622,20.03504],[83.30812,20.03453],[83.30884,20.03484],[83.30994,20.03482],[83.31163,20.0343],[83.31185,20.03391],[83.31201,20.03271],[83.31178,20.03063],[83.3122,20.02929],[83.31079,20.02807],[83.31034,20.02708],[83.30868,20.02599],[83.30854,20.02482],[83.30646,20.02546],[83.30422,20.02504],[83.30119,20.02522],[83.29469,20.0266]]]}},{"type":"Feature","properties":{"LCODE":"100170006000600148","LOCATION":"MERDIKUPA","V_TYPE":"VILLAGE","BLOCK":"SINAPALI","DISTRICT":"NUAPADA"},"geometry":{"type":"Polygon","coordinates":[[[83.52488,20.02109],[83.52493,20.02195],[83.5262,20.02426],[83.52619,20.025],[83.52704,20.02621],[83.52726,20.0288],[83.52706,20.03405],[83.5347,20.03406],[83.53743,20.03436],[83.54047,20.03397],[83.54888,20.03167],[83.54372,20.02086],[83.54311,20.02008],[83.54118,20.01959],[83.53973,20.01874],[83.53828,20.01885],[83.53761,20.01825],[83.5343,20.01772],[83.53034,20.01624],[83.52712,20.01624],[83.52488,20.02109]]]}},{"type":"Feature","properties":{"LCODE":"10014000200020rf","LOCATION":"RF","V_TYPE":"FOREST","BLOCK":"NUAPARA","DISTRICT":"NUAPADA"},"geometry":{"type":"Polygon","coordinates":[[[83.1511,20.03224],[83.15123,20.03264],[83.15264,20.03384],[83.15362,20.034],[83.15404,20.03388],[83.15457,20.03296],[83.15602,20.03242],[83.15626,20.03202],[83.15588,20.03127],[83.15424,20.03106],[83.15288,20.02964],[83.15196,20.02936],[83.15161,20.02988],[83.1511,20.03224]]]}},{"type":"Feature","properties":{"LCODE":"100170006000600147","LOCATION":"GAMBHARGHATI","V_TYPE":"VILLAGE","BLOCK":"SINAPALI","DISTRICT":"NUAPADA"},"geometry":{"type":"Polygon","coordinates":[[[83.46021,20.02534],[83.46051,20.02545],[83.46066,20.02596],[83.46164,20.02565],[83.46319,20.02672],[83.46304,20.02825],[83.46261,20.02885],[83.46122,20.02939],[83.46101,20.02999],[83.46172,20.03219],[83.46172,20.0331],[83.46248,20.0332],[83.46352,20.03271],[83.46387,20.03158],[83.46385,20.02877],[83.46423,20.02821],[83.46472,20.02811],[83.4669,20.0283],[83.46794,20.02959],[83.46921,20.02987],[83.47173,20.02915],[83.47358,20.02978],[83.47495,20.02897],[83.47591,20.029],[83.4783,20.03177],[83.47897,20.0319],[83.4799,20.0312],[83.47943,20.02917],[83.47559,20.02635],[83.47472,20.02518],[83.47312,20.0218],[83.47083,20.02172],[83.46764,20.02282],[83.46686,20.02268],[83.46632,20.02243],[83.46435,20.01995],[83.46336,20.01953],[83.46133,20.02123],[83.46088,20.02362],[83.46023,20.02475],[83.46021,20.02534]]]}},{"type":"Feature","properties":{"LCODE":"100140001000100033","LOCATION":"BORAGUDA","V_TYPE":"VILLAGE","BLOCK":"NUAPARA","DISTRICT":"NUAPADA"},"geometry":{"type":"Polygon","coordinates":[[[83.12197,20.02874],[83.12225,20.03083],[83.12509,20.03038],[83.12581,20.02957],[83.12696,20.02932],[83.12994,20.0297],[83.13177,20.0306],[83.13377,20.03064],[83.13545,20.02929],[83.1366,20.029],[83.14196,20.02992],[83.14301,20.03071],[83.14333,20.03215],[83.14397,20.03305],[83.146,20.03178],[83.14622,20.0312],[83.14619,20.02913],[83.14562,20.02724],[83.14594,20.02044],[83.14456,20.01758],[83.14405,20.01575],[83.14402,20.01396],[83.14332,20.01167],[83.14342,20.01114],[83.14214,20.01007],[83.141,20.00712],[83.13913,20.00768],[83.13701,20.00765],[83.13616,20.008],[83.13521,20.00893],[83.13339,20.00918],[83.13182,20.00994],[83.1311,20.01064],[83.12917,20.01451],[83.12684,20.01747],[83.12632,20.0192],[83.12489,20.02094],[83.12386,20.02147],[83.12247,20.023],[83.12299,20.02338],[83.12234,20.02465],[83.12253,20.02546],[83.12199,20.02621],[83.12232,20.0277],[83.12197,20.02874]]]}},{"type":"Feature","properties":{"LCODE":"100170006000600143","LOCATION":"ULIGUNDULI","V_TYPE":"VILLAGE","BLOCK":"SINAPALI","DISTRICT":"NUAPADA"},"geometry":{"type":"Polygon","coordinates":[[[83.41919,20.02471],[83.42035,20.02536],[83.42148,20.0277],[83.42294,20.02924],[83.42401,20.03151],[83.42484,20.03257],[83.42768,20.0306],[83.42964,20.02831],[83.43085,20.02852],[83.43215,20.02989],[83.43197,20.0277],[83.43249,20.02348],[83.43224,20.02186],[83.43069,20.02118],[83.42941,20.01953],[83.42922,20.01975],[83.42856,20.01967],[83.42796,20.01931],[83.42635,20.01741],[83.42397,20.01762],[83.42268,20.01822],[83.42274,20.01936],[83.42189,20.01962],[83.42157,20.02001],[83.42159,20.02133],[83.42126,20.02195],[83.42028,20.02215],[83.41996,20.0226],[83.41919,20.02471]]]}},{"type":"Feature","properties":{"LCODE":"100170003000300107","LOCATION":"LUHAJORE","V_TYPE":"VILLAGE","BLOCK":"SINAPALI","DISTRICT":"NUAPADA"},"geometry":{"type":"Polygon","coordinates":[[[83.30846,20.02535],[83.30868,20.02599],[83.31034,20.02708],[83.31079,20.02807],[83.3122,20.02929],[83.31351,20.02834],[83.31574,20.02858],[83.31699,20.0292],[83.31808,20.03096],[83.31938,20.03209],[83.3201,20.03235],[83.32321,20.03216],[83.32349,20.02907],[83.3213,20.02751],[83.32076,20.02627],[83.32019,20.02649],[83.31796,20.02607],[83.31601,20.02629],[83.31293,20.02573],[83.31217,20.02502],[83.31209,20.02417],[83.31052,20.02398],[83.30854,20.02482],[83.30846,20.02535]]]}},{"type":"Feature","properties":{"LCODE":"100170003000300096","LOCATION":"ULISIRKA","V_TYPE":"VILLAGE","BLOCK":"SINAPALI","DISTRICT":"NUAPADA"},"geometry":{"type":"Polygon","coordinates":[[[83.37112,20.02567],[83.37446,20.02756],[83.37569,20.02886],[83.37701,20.02931],[83.37874,20.03166],[83.38068,20.03156],[83.38182,20.03205],[83.38305,20.03158],[83.38424,20.03226],[83.38759,20.03138],[83.38775,20.03082],[83.38957,20.03076],[83.39007,20.03049],[83.39063,20.02833],[83.39096,20.02415],[83.39053,20.02264],[83.38892,20.02035],[83.38895,20.01939],[83.38707,20.01931],[83.38438,20.01985],[83.38227,20.02122],[83.37687,20.02305],[83.37595,20.02302],[83.37514,20.02224],[83.37384,20.02223],[83.37334,20.02322],[83.3716,20.02425],[83.37112,20.02567]]]}},{"type":"Feature","properties":{"LCODE":"100140002000200031","LOCATION":"LATAKABAHALI","V_TYPE":"VILLAGE","BLOCK":"NUAPARA","DISTRICT":"NUAPADA"},"geometry":{"type":"Polygon","coordinates":[[[83.14332,20.01167],[83.14389,20.01304],[83.14405,20.01575],[83.14456,20.01758],[83.14594,20.02044],[83.14562,20.02724],[83.14619,20.02913],[83.14622,20.0312],[83.14582,20.03195],[83.1469,20.03131],[83.14847,20.03095],[83.15092,20.02879],[83.15159,20.02861],[83.15196,20.02936],[83.15237,20.02832],[83.15488,20.02513],[83.16145,20.02241],[83.16223,20.022],[83.16305,20.02101],[83.16233,20.02056],[83.16174,20.01901],[83.16036,20.01892],[83.159,20.01743],[83.15894,20.01709],[83.15983,20.01553],[83.15993,20.01432],[83.15888,20.00961],[83.15796,20.00853],[83.1568,20.00814],[83.15656,20.00831],[83.15646,20.00935],[83.15495,20.00994],[83.15123,20.00917],[83.14609,20.00997],[83.14452,20.01039],[83.14343,20.01109],[83.14332,20.01167]]]}},{"type":"Feature","properties":{"LCODE":"100170003000300111","LOCATION":"NISHANPUR","V_TYPE":"VILLAGE","BLOCK":"SINAPALI","DISTRICT":"NUAPADA"},"geometry":{"type":"Polygon","coordinates":[[[83.2658,20.01065],[83.26678,20.01287],[83.26984,20.01487],[83.27027,20.01775],[83.26958,20.01958],[83.27048,20.02035],[83.2695,20.02129],[83.26838,20.02453],[83.26963,20.02681],[83.26931,20.02749],[83.26945,20.02865],[83.27177,20.02976],[83.27267,20.03163],[83.27309,20.03193],[83.27522,20.03171],[83.27639,20.03118],[83.27927,20.02892],[83.28228,20.0277],[83.28396,20.02666],[83.28565,20.02522],[83.28786,20.02271],[83.28934,20.0223],[83.29206,20.02286],[83.2905,20.02044],[83.28834,20.01819],[83.28806,20.01743],[83.28812,20.01577],[83.28749,20.01477],[83.28762,20.01335],[83.2861,20.01133],[83.28484,20.01123],[83.28306,20.01157],[83.28271,20.0111],[83.28208,20.0085],[83.2804,20.00798],[83.28006,20.00751],[83.2807,20.00644],[83.28056,20.00552],[83.27578,20.00667],[83.27409,20.00639],[83.2728,20.0068],[83.27179,20.00637],[83.27132,20.00767],[83.27052,20.00793],[83.26992,20.00751],[83.26903,20.00875],[83.26657,20.00953],[83.26601,20.01002],[83.2658,20.01065]]]}},{"type":"Feature","properties":{"LCODE":"100170003000300105","LOCATION":"GHANTMAL","V_TYPE":"VILLAGE","BLOCK":"SINAPALI","DISTRICT":"NUAPADA"},"geometry":{"type":"Polygon","coordinates":[[[83.33105,20.01996],[83.33115,20.02048],[83.33302,20.02095],[83.33398,20.02259],[83.33482,20.0248],[83.33477,20.02595],[83.33431,20.02685],[83.33441,20.02748],[83.33569,20.02898],[83.33678,20.02894],[83.33836,20.03066],[83.34106,20.03155],[83.3419,20.03009],[83.34247,20.02965],[83.34581,20.02951],[83.34579,20.0285],[83.34687,20.02704],[83.34689,20.02652],[83.34636,20.02604],[83.34515,20.02583],[83.34521,20.0244],[83.34455,20.02403],[83.34412,20.02253],[83.34329,20.02187],[83.34268,20.02047],[83.34158,20.02049],[83.34052,20.01982],[83.33984,20.01693],[83.33995,20.01555],[83.33948,20.01502],[83.33856,20.01449],[83.33813,20.01526],[83.3372,20.0158],[83.33485,20.01555],[83.33418,20.0161],[83.33421,20.01662],[83.33362,20.01764],[83.33229,20.01812],[83.33105,20.01996]]]}},{"type":"Feature","properties":{"LCODE":"100140002000200030","LOCATION":"PASTIKUDI","V_TYPE":"VILLAGE","BLOCK":"NUAPARA","DISTRICT":"NUAPADA"},"geometry":{"type":"Polygon","coordinates":[[[83.16174,20.01901],[83.16257,20.02085],[83.16507,20.02094],[83.16556,20.02122],[83.1657,20.02272],[83.16602,20.02323],[83.16674,20.02334],[83.16682,20.02397],[83.16779,20.02442],[83.16853,20.02528],[83.16969,20.02561],[83.17163,20.0253],[83.17273,20.02581],[83.17351,20.02528],[83.17386,20.02442],[83.17459,20.02435],[83.17648,20.02537],[83.1768,20.02617],[83.17754,20.02674],[83.17743,20.02755],[83.17768,20.02806],[83.17702,20.02876],[83.17879,20.02914],[83.18012,20.02873],[83.18055,20.02901],[83.18074,20.02958],[83.18256,20.02962],[83.18416,20.0307],[83.18429,20.03121],[83.1852,20.03103],[83.18729,20.02946],[83.19139,20.02735],[83.19241,20.02653],[83.19371,20.0245],[83.19427,20.02197],[83.19566,20.02109],[83.19628,20.02023],[83.19607,20.01999],[83.19636,20.01901],[83.19785,20.01767],[83.19803,20.01715],[83.19793,20.01659],[83.19711,20.01641],[83.19611,20.01464],[83.19444,20.01299],[83.18996,20.00571],[83.189,20.00631],[83.18658,20.00691],[83.18513,20.00762],[83.18375,20.00884],[83.18279,20.00914],[83.17988,20.00945],[83.17702,20.0092],[83.17654,20.00978],[83.17551,20.00973],[83.17487,20.01077],[83.17438,20.01083],[83.17316,20.01033],[83.17219,20.01057],[83.17146,20.0104],[83.17074,20.01081],[83.1683,20.01065],[83.16833,20.01228],[83.16763,20.01349],[83.16482,20.01628],[83.16309,20.01866],[83.16174,20.01901]]]}},{"type":"Feature","properties":{"LCODE":"10017000300030rf","LOCATION":"RF","V_TYPE":"FOREST","BLOCK":"SINAPALI","DISTRICT":"NUAPADA"},"geometry":{"type":"Polygon","coordinates":[[[83.25665,20.02684],[83.25705,20.02743],[83.25872,20.02829],[83.26177,20.02942],[83.26257,20.02934],[83.26346,20.02965],[83.2653,20.03092],[83.26699,20.03098],[83.26768,20.0302],[83.26788,20.02842],[83.26956,20.02716],[83.26947,20.02641],[83.26838,20.02453],[83.2695,20.02129],[83.26694,20.02098],[83.26535,20.02127],[83.26342,20.02264],[83.26189,20.02449],[83.26066,20.02508],[83.25706,20.0257],[83.25672,20.02588],[83.25665,20.02684]]]}},{"type":"Feature","properties":{"LCODE":"100140002000200029","LOCATION":"PIPALBHADI","V_TYPE":"VILLAGE","BLOCK":"NUAPARA","DISTRICT":"NUAPADA"},"geometry":{"type":"Polygon","coordinates":[[[83.19607,20.01999],[83.1973,20.02124],[83.19774,20.02228],[83.19796,20.02452],[83.19913,20.02571],[83.19917,20.02813],[83.19949,20.02876],[83.20046,20.02927],[83.2024,20.02919],[83.2038,20.02969],[83.20526,20.02968],[83.20641,20.02921],[83.20787,20.02959],[83.20908,20.02906],[83.21092,20.02697],[83.21147,20.0268],[83.21386,20.02815],[83.21555,20.02802],[83.21916,20.02585],[83.22021,20.02488],[83.21918,20.02338],[83.21899,20.02258],[83.21819,20.02172],[83.21806,20.02092],[83.21853,20.02017],[83.21851,20.01925],[83.2174,20.01828],[83.21738,20.01684],[83.21847,20.01666],[83.21802,20.01499],[83.2168,20.01495],[83.21513,20.01312],[83.21517,20.01238],[83.21288,20.01234],[83.20914,20.01428],[83.20744,20.01418],[83.20599,20.01465],[83.20406,20.01456],[83.20278,20.01497],[83.20038,20.01655],[83.19793,20.01659],[83.19785,20.01767],[83.19636,20.01901],[83.19607,20.01999]]]}},{"type":"Feature","properties":{"LCODE":"10017000300030rf","LOCATION":"RF","V_TYPE":"FOREST","BLOCK":"SINAPALI","DISTRICT":"NUAPADA"},"geometry":{"type":"Polygon","coordinates":[[[83.30585,20.00872],[83.30624,20.01132],[83.3068,20.01277],[83.30762,20.01372],[83.30852,20.01398],[83.31071,20.01354],[83.31173,20.01403],[83.31248,20.01486],[83.31281,20.01596],[83.31276,20.01906],[83.31441,20.0221],[83.31401,20.02295],[83.31202,20.02427],[83.31264,20.02561],[83.31601,20.02629],[83.31796,20.02607],[83.32019,20.02649],[83.32068,20.02639],[83.32159,20.02481],[83.32201,20.02489],[83.32247,20.02553],[83.32278,20.02687],[83.32362,20.02747],[83.32606,20.02698],[83.32642,20.02877],[83.32693,20.02959],[83.32931,20.02783],[83.32962,20.02744],[83.32965,20.02658],[83.32867,20.02528],[83.32817,20.02234],[83.32747,20.02168],[83.32507,20.02102],[83.3251,20.02005],[83.32627,20.01946],[83.33306,20.01796],[83.33362,20.01764],[83.33421,20.01662],[83.33417,20.01605],[83.33175,20.01568],[83.33126,20.01417],[83.33165,20.0101],[83.33252,20.00623],[83.33322,20.00545],[83.33517,20.00522],[83.33689,20.00459],[83.33827,20.00326],[83.33837,20.00223],[83.33791,20.00147],[83.3372,20.0011],[83.33542,20.00167],[83.33507,20.00143],[83.33578,19.99983],[83.33569,19.99936],[83.33462,19.9974],[83.33362,19.9932],[83.33224,19.99158],[83.33211,19.99065],[83.33133,19.99187],[83.32842,19.99237],[83.32667,19.993],[83.32441,19.99621],[83.32313,19.99747],[83.31944,19.99866],[83.31707,19.99894],[83.31426,20.00048],[83.31259,20.00211],[83.30798,20.00397],[83.30646,20.0057],[83.30592,20.007],[83.30585,20.00872]]]}},{"type":"Feature","properties":{"LCODE":"100170006000600146","LOCATION":"TENTULIKHUNTI","V_TYPE":"VILLAGE","BLOCK":"SINAPALI","DISTRICT":"NUAPADA"},"geometry":{"type":"Polygon","coordinates":[[[83.46066,20.02596],[83.46078,20.02815],[83.46122,20.02939],[83.46172,20.02929],[83.46261,20.02885],[83.46304,20.02825],[83.46319,20.02672],[83.46164,20.02565],[83.46066,20.02596]]]}},{"type":"Feature","properties":{"LCODE":"100170003000300109","LOCATION":"SINANGBAHALI","V_TYPE":"VILLAGE","BLOCK":"SINAPALI","DISTRICT":"NUAPADA"},"geometry":{"type":"Polygon","coordinates":[[[83.29245,20.02308],[83.29327,20.02421],[83.29324,20.02485],[83.29469,20.0266],[83.29623,20.02609],[83.29837,20.02593],[83.30235,20.02509],[83.30422,20.02504],[83.30646,20.02546],[83.30878,20.02473],[83.30991,20.02408],[83.31209,20.02417],[83.31401,20.02295],[83.31441,20.0221],[83.31298,20.01964],[83.31274,20.01789],[83.30938,20.0186],[83.30746,20.01802],[83.30414,20.01912],[83.30134,20.01943],[83.30028,20.0202],[83.29709,20.02118],[83.29479,20.02248],[83.29245,20.02308]]]}},{"type":"Feature","properties":{"LCODE":"100140001000100028","LOCATION":"SALEPALI","V_TYPE":"VILLAGE","BLOCK":"NUAPARA","DISTRICT":"NUAPADA"},"geometry":{"type":"Polygon","coordinates":[[[83.21806,20.02092],[83.21819,20.02172],[83.21899,20.02258],[83.21918,20.02338],[83.2198,20.02349],[83.22348,20.02247],[83.22703,20.02071],[83.22874,20.02058],[83.22984,20.02126],[83.23071,20.02269],[83.23118,20.02567],[83.23161,20.02619],[83.23259,20.02647],[83.23692,20.02452],[83.2382,20.02503],[83.23884,20.02266],[83.23856,20.02019],[83.23902,20.01962],[83.23843,20.01668],[83.23788,20.01594],[83.23715,20.01583],[83.23413,20.0169],[83.23261,20.0168],[83.23231,20.01652],[83.23141,20.01405],[83.22999,20.01228],[83.23026,20.00969],[83.2301,20.00785],[83.22868,20.00626],[83.22775,20.00618],[83.22757,20.00512],[83.22689,20.00446],[83.22648,20.00507],[83.22557,20.00554],[83.22424,20.00527],[83.22393,20.00544],[83.22329,20.00706],[83.22238,20.00718],[83.22185,20.00765],[83.22204,20.00839],[83.22169,20.00932],[83.22149,20.01208],[83.22187,20.01311],[83.22141,20.01444],[83.22149,20.01582],[83.22102,20.01663],[83.22097,20.01761],[83.22033,20.01923],[83.2198,20.01975],[83.21861,20.01972],[83.21806,20.02092]]]}},{"type":"Feature","properties":{"LCODE":"100170006000600150","LOCATION":"SIRIGAON","V_TYPE":"VILLAGE","BLOCK":"SINAPALI","DISTRICT":"NUAPADA"},"geometry":{"type":"Polygon","coordinates":[[[83.50959,20.02097],[83.50994,20.02264],[83.51315,20.02351],[83.5146,20.02467],[83.51473,20.02583],[83.51526,20.02617],[83.51562,20.02588],[83.51631,20.02301],[83.51711,20.0214],[83.52052,20.01831],[83.5223,20.0151],[83.52258,20.01357],[83.51302,20.00603],[83.51177,20.01057],[83.51037,20.01195],[83.50994,20.01286],[83.50998,20.01637],[83.50959,20.02097]]]}},{"type":"Feature","properties":{"LCODE":"100170006000600149","LOCATION":"KAJUMASKA","V_TYPE":"VILLAGE","BLOCK":"SINAPALI","DISTRICT":"NUAPADA"},"geometry":{"type":"Polygon","coordinates":[[[83.51598,20.0244],[83.5207,20.026],[83.52231,20.02493],[83.52617,20.02489],[83.5262,20.02426],[83.52493,20.02195],[83.52488,20.02109],[83.52712,20.01624],[83.52563,20.01584],[83.52258,20.01357],[83.5223,20.0151],[83.52107,20.01762],[83.51711,20.0214],[83.51598,20.0244]]]}},{"type":"Feature","properties":{"LCODE":"100170003000300112","LOCATION":"PARBANGI","V_TYPE":"VILLAGE","BLOCK":"SINAPALI","DISTRICT":"NUAPADA"},"geometry":{"type":"Polygon","coordinates":[[[83.24662,20.02333],[83.24678,20.02425],[83.24979,20.02445],[83.25293,20.02557],[83.25447,20.02504],[83.25544,20.02502],[83.25681,20.02592],[83.25742,20.0256],[83.26066,20.02508],[83.26189,20.02449],[83.26342,20.02264],[83.26535,20.02127],[83.26694,20.02098],[83.26953,20.02129],[83.27048,20.02035],[83.26958,20.01958],[83.26788,20.02026],[83.26649,20.01998],[83.26531,20.01908],[83.26441,20.01715],[83.26298,20.01642],[83.26176,20.01477],[83.25906,20.01422],[83.25829,20.01523],[83.25776,20.01537],[83.25786,20.01711],[83.2548,20.01781],[83.2524,20.01785],[83.25185,20.01869],[83.24662,20.02333]]]}},{"type":"Feature","properties":{"LCODE":"100170006000600145","LOCATION":"MUNDAGAON","V_TYPE":"VILLAGE","BLOCK":"SINAPALI","DISTRICT":"NUAPADA"},"geometry":{"type":"Polygon","coordinates":[[[83.44386,20.01545],[83.44397,20.01635],[83.44555,20.01789],[83.44576,20.01887],[83.44624,20.019],[83.44802,20.01843],[83.44852,20.01954],[83.45026,20.02006],[83.45113,20.01968],[83.45368,20.01965],[83.45437,20.02082],[83.45481,20.02365],[83.45516,20.02406],[83.45605,20.02444],[83.45775,20.02455],[83.45893,20.02539],[83.46021,20.02538],[83.46023,20.02475],[83.46088,20.02362],[83.46133,20.02123],[83.46358,20.0193],[83.46574,20.01484],[83.465,20.0135],[83.46529,20.01202],[83.46531,20.00838],[83.46443,20.00746],[83.46432,20.00688],[83.465,20.00507],[83.46498,20.00386],[83.46294,19.9994],[83.46198,19.99796],[83.46167,19.99784],[83.46113,19.9983],[83.46045,20.00053],[83.4569,20.00411],[83.4561,20.00614],[83.45405,20.00774],[83.45405,20.0094],[83.45359,20.0103],[83.45271,20.01096],[83.4513,20.01149],[83.4501,20.01282],[83.44512,20.01466],[83.44386,20.01545]]]}},{"type":"Feature","properties":{"LCODE":"100170003000300113","LOCATION":"KANAGAON","V_TYPE":"VILLAGE","BLOCK":"SINAPALI","DISTRICT":"NUAPADA"},"geometry":{"type":"Polygon","coordinates":[[[83.23878,20.01984],[83.24065,20.02178],[83.24236,20.02309],[83.24299,20.02417],[83.24678,20.02425],[83.2468,20.02304],[83.25217,20.01835],[83.2524,20.01785],[83.25172,20.01748],[83.2515,20.01678],[83.25191,20.01559],[83.25169,20.01489],[83.2522,20.01439],[83.25294,20.01401],[83.25391,20.01404],[83.25792,20.01539],[83.25905,20.0145],[83.25766,20.01106],[83.25555,20.0072],[83.2557,20.00669],[83.25651,20.00614],[83.25513,20.00391],[83.25504,20.00304],[83.25454,20.00289],[83.25134,20.0047],[83.25053,20.00686],[83.2499,20.00753],[83.24638,20.00907],[83.24187,20.0117],[83.23954,20.01339],[83.2393,20.01414],[83.23962,20.01489],[83.24129,20.01642],[83.24216,20.01814],[83.24163,20.01895],[83.23921,20.0195],[83.23878,20.01984]]]}},{"type":"Feature","properties":{"LCODE":"100170003000300135","LOCATION":"BANKEL","V_TYPE":"VILLAGE","BLOCK":"SINAPALI","DISTRICT":"NUAPADA"},"geometry":{"type":"Polygon","coordinates":[[[83.37286,20.01791],[83.37307,20.01902],[83.3738,20.02048],[83.37384,20.02223],[83.37514,20.02224],[83.37566,20.02283],[83.37638,20.02309],[83.38227,20.02122],[83.38438,20.01985],[83.38707,20.01931],[83.38895,20.01939],[83.38953,20.01842],[83.39046,20.01776],[83.391,20.01646],[83.39171,20.01034],[83.3921,20.00961],[83.39378,20.00829],[83.394,20.00709],[83.3935,20.00598],[83.39227,20.00468],[83.39083,20.0044],[83.39008,20.0039],[83.38738,20.00578],[83.3855,20.00594],[83.38375,20.00554],[83.38219,20.00681],[83.37963,20.00707],[83.37897,20.00693],[83.37844,20.00645],[83.37573,20.00745],[83.37492,20.008],[83.37485,20.00857],[83.37726,20.01049],[83.37754,20.01119],[83.3774,20.0117],[83.37453,20.01218],[83.37396,20.01273],[83.37363,20.01352],[83.37375,20.01709],[83.37286,20.01791]]]}},{"type":"Feature","properties":{"LCODE":"100170003000300110","LOCATION":"KARANJA","V_TYPE":"VILLAGE","BLOCK":"SINAPALI","DISTRICT":"NUAPADA"},"geometry":{"type":"Polygon","coordinates":[[[83.28745,20.01419],[83.28749,20.01477],[83.28812,20.01577],[83.28806,20.01743],[83.28834,20.01819],[83.2905,20.02044],[83.29206,20.02286],[83.29245,20.02308],[83.29479,20.02248],[83.29709,20.02118],[83.30028,20.0202],[83.30134,20.01943],[83.30414,20.01912],[83.30666,20.01811],[83.30746,20.01802],[83.30938,20.0186],[83.31274,20.01789],[83.31281,20.01596],[83.31208,20.01439],[83.31071,20.01354],[83.30852,20.01398],[83.30762,20.01372],[83.3068,20.01277],[83.30623,20.01123],[83.30514,20.01168],[83.30322,20.0111],[83.30022,20.01198],[83.29475,20.01208],[83.29144,20.01306],[83.28762,20.01335],[83.28745,20.01419]]]}},{"type":"Feature","properties":{"LCODE":"100140001000100043","LOCATION":"KARLAGUDA","V_TYPE":"VILLAGE","BLOCK":"NUAPARA","DISTRICT":"NUAPADA"},"geometry":{"type":"Polygon","coordinates":[[[83.1148,19.99634],[83.11597,19.9988],[83.11603,19.99922],[83.11561,19.99974],[83.11815,20.00302],[83.11964,20.00598],[83.12057,20.00904],[83.12096,20.01429],[83.12202,20.01944],[83.12319,20.02207],[83.12489,20.02094],[83.12632,20.0192],[83.12684,20.01747],[83.12917,20.01451],[83.13051,20.01145],[83.13182,20.00994],[83.13339,20.00918],[83.13521,20.00893],[83.13616,20.008],[83.13701,20.00765],[83.13913,20.00768],[83.141,20.00712],[83.14007,20.00531],[83.14006,20.00474],[83.14049,20.00411],[83.1386,20.00406],[83.13792,20.00367],[83.13489,19.99984],[83.13303,19.99817],[83.1271,19.99771],[83.12381,19.99568],[83.12331,19.99436],[83.12209,19.99346],[83.12124,19.99324],[83.12009,19.99371],[83.1201,19.99422],[83.12072,19.99525],[83.12054,19.99571],[83.11976,19.99589],[83.11748,19.99538],[83.11733,19.99574],[83.11661,19.99604],[83.11504,19.99605],[83.1148,19.99634]]]}},{"type":"Feature","properties":{"LCODE":"100170003000300104","LOCATION":"KESPALA","V_TYPE":"VILLAGE","BLOCK":"SINAPALI","DISTRICT":"NUAPADA"},"geometry":{"type":"Polygon","coordinates":[[[83.33847,20.01435],[83.33995,20.01555],[83.33984,20.01693],[83.34024,20.01912],[83.34069,20.02006],[83.34158,20.02049],[83.34196,20.0205],[83.34316,20.01888],[83.34428,20.01828],[83.34603,20.01834],[83.34835,20.01796],[83.34997,20.01859],[83.35168,20.01836],[83.35396,20.01893],[83.35479,20.01444],[83.35476,20.01031],[83.35548,20.0089],[83.35782,20.00622],[83.35789,20.0045],[83.35879,20.00303],[83.35873,20.00125],[83.35985,19.99979],[83.3597,19.99916],[83.35785,19.99651],[83.35658,19.99639],[83.35324,19.9977],[83.351,19.99902],[83.34948,19.99953],[83.3476,19.99963],[83.347,20.00008],[83.3465,20.00063],[83.34631,20.00244],[83.34481,20.00371],[83.34439,20.00519],[83.34139,20.00621],[83.33987,20.00768],[83.33961,20.00991],[83.34019,20.01039],[83.34048,20.01109],[83.34016,20.01142],[83.33949,20.0114],[83.33927,20.01249],[83.33859,20.01286],[83.33886,20.01368],[83.33847,20.01435]]]}},{"type":"Feature","properties":{"LCODE":"10017000300030rf","LOCATION":"RF","V_TYPE":"FOREST","BLOCK":"SINAPALI","DISTRICT":"NUAPADA"},"geometry":{"type":"Polygon","coordinates":[[[83.25497,20.00327],[83.25651,20.00614],[83.2557,20.00669],[83.25555,20.0072],[83.25906,20.01422],[83.26176,20.01477],[83.26298,20.01642],[83.26441,20.01715],[83.26531,20.01908],[83.26649,20.01998],[83.26788,20.02026],[83.26941,20.01979],[83.27027,20.01775],[83.26984,20.01487],[83.26678,20.01287],[83.26225,20.01162],[83.26019,20.00971],[83.25861,20.00667],[83.25698,20.00483],[83.25673,20.00333],[83.25504,20.00304],[83.25497,20.00327]]]}},{"type":"Feature","properties":{"LCODE":"100140001000100049","LOCATION":"JAMUNABAHAL","V_TYPE":"VILLAGE","BLOCK":"NUAPARA","DISTRICT":"NUAPADA"},"geometry":{"type":"Polygon","coordinates":[[[83.20859,19.97517],[83.20892,19.97592],[83.209,19.97798],[83.21029,19.97992],[83.21082,19.98381],[83.2126,19.98695],[83.21342,19.99096],[83.21379,19.99147],[83.21452,19.99158],[83.21489,19.99237],[83.21635,19.99339],[83.21667,19.995],[83.21741,19.99562],[83.21688,19.99752],[83.21763,19.99998],[83.21806,20.00032],[83.21833,20.00015],[83.21882,20.00072],[83.21896,20.00146],[83.21778,20.00412],[83.21701,20.00499],[83.21616,20.00541],[83.21637,20.00673],[83.21564,20.00702],[83.2156,20.00783],[83.21641,20.00914],[83.21513,20.01249],[83.21513,20.01312],[83.2168,20.01495],[83.21802,20.01499],[83.21847,20.01666],[83.21738,20.01684],[83.21747,20.01857],[83.21832,20.01902],[83.21861,20.01972],[83.2198,20.01975],[83.22033,20.01923],[83.22097,20.01761],[83.22102,20.01663],[83.22149,20.01582],[83.22141,20.01444],[83.22187,20.01311],[83.22149,20.01208],[83.22169,20.00932],[83.22204,20.00839],[83.22185,20.00765],[83.22238,20.00718],[83.22329,20.00706],[83.22393,20.00544],[83.22424,20.00527],[83.22557,20.00554],[83.22648,20.00507],[83.22689,20.00449],[83.22705,20.00317],[83.22753,20.00253],[83.22691,20.0019],[83.22678,20.0011],[83.22731,20.00029],[83.22525,19.99956],[83.22464,19.99899],[83.22475,19.99767],[83.22516,19.99675],[83.22436,19.99538],[83.22549,19.99353],[83.22523,19.99182],[83.2254,19.99015],[83.22695,19.9883],[83.22743,19.98835],[83.2281,19.98892],[83.22919,19.98851],[83.22803,19.98709],[83.22796,19.98651],[83.22838,19.98582],[83.2299,19.98477],[83.22908,19.98352],[83.22817,19.98359],[83.22771,19.98324],[83.2272,19.98377],[83.22655,19.98395],[83.22472,19.98339],[83.22363,19.98226],[83.22318,19.98014],[83.22123,19.97872],[83.21601,19.97722],[83.21416,19.97559],[83.21261,19.97588],[83.20974,19.97379],[83.20902,19.97402],[83.20859,19.97517]]]}},{"type":"Feature","properties":{"LCODE":"100140001000100051","LOCATION":"JHIKIMIKI","V_TYPE":"VILLAGE","BLOCK":"NUAPARA","DISTRICT":"NUAPADA"},"geometry":{"type":"Polygon","coordinates":[[[83.22678,20.0011],[83.22691,20.0019],[83.22753,20.00253],[83.22688,20.00363],[83.22689,20.00446],[83.22757,20.00512],[83.22775,20.00618],[83.22868,20.00626],[83.2301,20.00785],[83.23026,20.00969],[83.22999,20.01228],[83.23141,20.01405],[83.23231,20.01652],[83.23261,20.0168],[83.23413,20.0169],[83.23715,20.01583],[83.23775,20.01589],[83.23843,20.01668],[83.23902,20.01962],[83.24163,20.01895],[83.24216,20.01814],[83.24197,20.0174],[83.23957,20.01477],[83.23866,20.01501],[83.23804,20.01468],[83.23658,20.01457],[83.23627,20.01389],[83.23648,20.01199],[83.23725,20.01077],[83.23686,20.00928],[83.23819,20.00881],[83.23817,20.008],[83.23888,20.00621],[83.23952,20.00517],[83.24043,20.00476],[83.23993,20.00378],[83.24057,20.00228],[83.24062,20.00113],[83.24007,19.99987],[83.24102,19.99745],[83.24075,19.99493],[83.24142,19.99312],[83.2403,19.99247],[83.24059,19.99069],[83.23846,19.99008],[83.23749,19.989],[83.23646,19.98947],[83.23471,19.98966],[83.23315,19.99071],[83.23285,19.99145],[83.23277,19.99478],[83.23223,19.99599],[83.2293,19.99911],[83.22737,19.99988],[83.22678,20.0011]]]}},{"type":"Feature","properties":{"LCODE":"100140001000100046","LOCATION":"THUAPADAR","V_TYPE":"VILLAGE","BLOCK":"NUAPARA","DISTRICT":"NUAPADA"},"geometry":{"type":"Polygon","coordinates":[[[83.15222,19.99602],[83.15305,19.99751],[83.15318,19.99878],[83.15465,20.0002],[83.15575,20.00262],[83.15595,20.00458],[83.15548,20.00545],[83.15582,20.00723],[83.15668,20.00822],[83.15796,20.00853],[83.15888,20.00961],[83.15939,20.01127],[83.15994,20.01501],[83.15965,20.0161],[83.15894,20.01709],[83.159,20.01743],[83.16036,20.01892],[83.16182,20.01902],[83.16309,20.01866],[83.16482,20.01628],[83.16763,20.01349],[83.16833,20.01228],[83.16817,20.00952],[83.1673,20.0082],[83.16715,20.00665],[83.16997,20.00443],[83.17055,20.00242],[83.17126,20.00114],[83.17245,20.00032],[83.17275,19.9998],[83.17248,19.99785],[83.17135,19.99458],[83.17146,19.99309],[83.17199,19.99188],[83.17192,19.99096],[83.17123,19.99021],[83.1692,19.99104],[83.16805,19.99083],[83.1647,19.98925],[83.16259,19.9895],[83.16101,19.98883],[83.16022,19.98884],[83.15703,19.99013],[83.15619,19.99106],[83.15476,19.99354],[83.15222,19.99602]]]}},{"type":"Feature","properties":{"LCODE":"100140001000100038","LOCATION":"BILEIKUNI","V_TYPE":"VILLAGE","BLOCK":"NUAPARA","DISTRICT":"NUAPADA"},"geometry":{"type":"Polygon","coordinates":[[[83.01988,19.9861],[83.02132,19.9895],[83.02176,19.99151],[83.02196,19.9987],[83.02481,20.00372],[83.03074,20.01097],[83.03536,20.01846],[83.03883,20.01699],[83.04204,20.01632],[83.03823,20.01285],[83.03661,20.01045],[83.03586,20.00844],[83.03407,20.00201],[83.03406,20.00092],[83.03485,20.00029],[83.03453,19.99828],[83.03349,19.99668],[83.03376,19.99392],[83.03258,19.99071],[83.03259,19.98924],[83.02956,19.98494],[83.03095,19.98404],[83.03056,19.97941],[83.02902,19.97954],[83.02782,19.98007],[83.02668,19.98106],[83.02444,19.98148],[83.02296,19.9838],[83.0208,19.98566],[83.01988,19.9861]]]}},{"type":"Feature","properties":{"LCODE":"100170006000600134","LOCATION":"LAKTAKHAMAN","V_TYPE":"VILLAGE","BLOCK":"SINAPALI","DISTRICT":"NUAPADA"},"geometry":{"type":"Polygon","coordinates":[[[83.36177,20.01261],[83.362,20.01354],[83.3626,20.0131],[83.36345,20.0133],[83.36516,20.01634],[83.36698,20.01784],[83.36776,20.01821],[83.37164,20.01839],[83.37305,20.01781],[83.37375,20.01709],[83.37363,20.01352],[83.37396,20.01273],[83.37453,20.01218],[83.37715,20.01186],[83.37754,20.01119],[83.37726,20.01049],[83.37502,20.00881],[83.37483,20.00824],[83.37286,20.00644],[83.37172,20.0045],[83.371,20.00414],[83.3693,20.00408],[83.36888,20.00412],[83.36835,20.00525],[83.3676,20.00591],[83.36657,20.00594],[83.36447,20.00696],[83.36237,20.0074],[83.36177,20.01261]]]}},{"type":"Feature","properties":{"LCODE":"100170006000600142","LOCATION":"MAGARDANI","V_TYPE":"VILLAGE","BLOCK":"SINAPALI","DISTRICT":"NUAPADA"},"geometry":{"type":"Polygon","coordinates":[[[83.41681,20.00402],[83.41749,20.00708],[83.41881,20.00913],[83.41893,20.0108],[83.4204,20.01705],[83.42075,20.01734],[83.42191,20.01738],[83.42268,20.01822],[83.42397,20.01762],[83.42635,20.01741],[83.42242,20.01333],[83.42167,20.01221],[83.422,20.01125],[83.4232,20.01008],[83.42525,20.00878],[83.4257,20.0081],[83.42537,20.00717],[83.4237,20.00643],[83.42297,20.00491],[83.42224,20.00471],[83.42052,20.00523],[83.42004,20.0051],[83.41923,20.00427],[83.41682,20.00353],[83.41681,20.00402]]]}},{"type":"Feature","properties":{"LCODE":"10017000300030rf","LOCATION":"RF","V_TYPE":"FOREST","BLOCK":"SINAPALI","DISTRICT":"NUAPADA"},"geometry":{"type":"Polygon","coordinates":[[[83.2515,20.01678],[83.25207,20.01778],[83.25334,20.01793],[83.25755,20.01727],[83.258,20.01654],[83.25776,20.01537],[83.2533,20.01397],[83.25251,20.01417],[83.25169,20.01489],[83.25191,20.01559],[83.2515,20.01678]]]}},{"type":"Feature","properties":{"LCODE":"100140001000100042","LOCATION":"DUNGIPUNGA","V_TYPE":"VILLAGE","BLOCK":"NUAPARA","DISTRICT":"NUAPADA"},"geometry":{"type":"Polygon","coordinates":[[[83.09283,20.01224],[83.09328,20.01561],[83.09496,20.01619],[83.09593,20.01635],[83.10133,20.01566],[83.10382,20.01615],[83.10551,20.01591],[83.10728,20.01675],[83.10911,20.01679],[83.10909,20.01593],[83.11105,20.0124],[83.11077,20.01016],[83.11123,20.00837],[83.11102,20.00262],[83.1112,20.0015],[83.11011,20.00124],[83.1059,20.00514],[83.10385,20.0062],[83.09755,20.00695],[83.09335,20.00652],[83.09283,20.01224]]]}},{"type":"Feature","properties":{"LCODE":"100140002000200048","LOCATION":"NASIGAON","V_TYPE":"VILLAGE","BLOCK":"NUAPARA","DISTRICT":"NUAPADA"},"geometry":{"type":"Polygon","coordinates":[[[83.18556,19.99375],[83.18594,19.99564],[83.18674,19.99695],[83.18675,19.99822],[83.18804,20.00061],[83.18778,20.00236],[83.18792,20.00356],[83.19107,20.00721],[83.19176,20.00893],[83.19314,20.0111],[83.19444,20.01299],[83.19611,20.01464],[83.19723,20.01653],[83.20038,20.01655],[83.20278,20.01497],[83.20406,20.01456],[83.20599,20.01465],[83.20744,20.01418],[83.20914,20.01428],[83.21288,20.01234],[83.21517,20.01238],[83.21641,20.00914],[83.2156,20.00783],[83.21564,20.00702],[83.21637,20.00673],[83.21616,20.00541],[83.21754,20.00447],[83.21896,20.00146],[83.21882,20.00072],[83.21833,20.00015],[83.21806,20.00032],[83.21763,19.99998],[83.217,19.99803],[83.21693,19.99694],[83.21741,19.99562],[83.21667,19.995],[83.21654,19.99374],[83.21489,19.99237],[83.21452,19.99158],[83.21379,19.99147],[83.21342,19.99096],[83.21291,19.98786],[83.21082,19.98381],[83.21048,19.98055],[83.209,19.97798],[83.20892,19.97592],[83.20843,19.975],[83.20557,19.97377],[83.20274,19.97489],[83.20013,19.97451],[83.19938,19.97784],[83.19849,19.97952],[83.19556,19.98367],[83.19448,19.98443],[83.19493,19.98672],[83.19422,19.98839],[83.19278,19.98967],[83.19212,19.99071],[83.19068,19.99187],[83.18827,19.99224],[83.18604,19.99369],[83.18556,19.99375]]]}},{"type":"Feature","properties":{"LCODE":"100170003000300126","LOCATION":"BURAT","V_TYPE":"VILLAGE","BLOCK":"SINAPALI","DISTRICT":"NUAPADA"},"geometry":{"type":"Polygon","coordinates":[[[83.33126,20.01417],[83.33175,20.01568],[83.33356,20.0158],[83.33418,20.0161],[83.33485,20.01555],[83.3372,20.0158],[83.33813,20.01526],[83.33886,20.01368],[83.33859,20.01286],[83.33927,20.01249],[83.33949,20.0114],[83.34016,20.01142],[83.34048,20.01109],[83.34019,20.01039],[83.33961,20.00991],[83.33987,20.00768],[83.34139,20.00621],[83.34439,20.00519],[83.34481,20.00371],[83.34631,20.00244],[83.3465,20.00063],[83.3476,19.99963],[83.34652,19.99894],[83.34496,19.99698],[83.34436,19.99675],[83.34261,19.99709],[83.34151,19.99696],[83.34145,19.99755],[83.3409,19.99783],[83.33739,19.99821],[83.33636,19.99867],[83.33534,20.00041],[83.33507,20.00143],[83.33542,20.00167],[83.33634,20.00125],[83.33755,20.00123],[83.33826,20.002],[83.33841,20.00292],[83.33689,20.00459],[83.33517,20.00522],[83.33322,20.00545],[83.33266,20.00583],[83.33165,20.0101],[83.33126,20.01417]]]}},{"type":"Feature","properties":{"LCODE":"100170006000600144","LOCATION":"SAURAPADAR","V_TYPE":"VILLAGE","BLOCK":"SINAPALI","DISTRICT":"NUAPADA"},"geometry":{"type":"Polygon","coordinates":[[[83.44056,20.0123],[83.44164,20.01346],[83.44348,20.01461],[83.44386,20.01545],[83.44512,20.01466],[83.44942,20.01295],[83.44854,20.01248],[83.44732,20.01084],[83.44696,20.01071],[83.44641,20.01092],[83.44607,20.01194],[83.44569,20.01216],[83.44516,20.01197],[83.4444,20.01097],[83.44326,20.01064],[83.44056,20.0123]]]}},{"type":"Feature","properties":{"LCODE":"100140001000100052","LOCATION":"DUMERBAHAL","V_TYPE":"VILLAGE","BLOCK":"NUAPARA","DISTRICT":"NUAPADA"},"geometry":{"type":"Polygon","coordinates":[[[83.23626,20.01348],[83.23658,20.01457],[83.23804,20.01468],[83.23866,20.01501],[83.23938,20.01489],[83.23954,20.01339],[83.24026,20.01281],[83.24638,20.00907],[83.2499,20.00753],[83.25053,20.00686],[83.25134,20.0047],[83.25454,20.00289],[83.25478,20.00297],[83.25648,19.99749],[83.25713,19.99635],[83.25523,19.99496],[83.25446,19.99311],[83.25349,19.99219],[83.25308,19.99081],[83.25098,19.98913],[83.25068,19.98821],[83.25094,19.98603],[83.25003,19.98515],[83.24918,19.98476],[83.24828,19.98483],[83.2478,19.98632],[83.24654,19.98742],[83.24601,19.98863],[83.24445,19.98951],[83.24361,19.99055],[83.24302,19.99199],[83.2414,19.99315],[83.24075,19.99493],[83.24102,19.99745],[83.24007,19.99987],[83.24062,20.00113],[83.24057,20.00228],[83.23993,20.00378],[83.24043,20.00476],[83.23952,20.00517],[83.23888,20.00621],[83.23817,20.008],[83.23819,20.00881],[83.23686,20.00928],[83.23725,20.01077],[83.23648,20.01199],[83.23626,20.01348]]]}},{"type":"Feature","properties":{"LCODE":"100170003000300116","LOCATION":"PANIMUNDA","V_TYPE":"VILLAGE","BLOCK":"SINAPALI","DISTRICT":"NUAPADA"},"geometry":{"type":"Polygon","coordinates":[[[83.28006,20.00751],[83.2804,20.00798],[83.28208,20.0085],[83.28271,20.0111],[83.28306,20.01157],[83.28484,20.01123],[83.2861,20.01133],[83.28767,20.01339],[83.29144,20.01306],[83.29475,20.01208],[83.30022,20.01198],[83.30322,20.0111],[83.30514,20.01168],[83.30623,20.01123],[83.30585,20.00872],[83.30592,20.007],[83.30646,20.0057],[83.30801,20.00395],[83.30662,20.00289],[83.30179,20.00065],[83.30127,19.99989],[83.3013,19.99899],[83.30019,19.99956],[83.29729,19.99915],[83.297,19.99869],[83.29686,19.99678],[83.29434,19.99793],[83.29137,19.99821],[83.28864,20.00032],[83.2884,20.00003],[83.28567,20.00178],[83.28557,20.00286],[83.28481,20.00382],[83.28285,20.00415],[83.28049,20.00557],[83.2807,20.00644],[83.28006,20.00751]]]}},{"type":"Feature","properties":{"LCODE":"100170003000300114","LOCATION":"GHUGHUTI","V_TYPE":"VILLAGE","BLOCK":"SINAPALI","DISTRICT":"NUAPADA"},"geometry":{"type":"Polygon","coordinates":[[[83.25478,20.00297],[83.25673,20.00333],[83.25698,20.00483],[83.25861,20.00667],[83.26019,20.00971],[83.26137,20.0109],[83.26225,20.01162],[83.26501,20.01229],[83.26633,20.01291],[83.26688,20.0127],[83.26582,20.01036],[83.26657,20.00953],[83.26903,20.00875],[83.26992,20.00751],[83.27052,20.00793],[83.27132,20.00767],[83.27179,20.00637],[83.2728,20.0068],[83.27409,20.00639],[83.27567,20.00667],[83.27525,20.00482],[83.27209,20.00217],[83.27064,19.99767],[83.26926,19.99634],[83.26891,19.99409],[83.26814,19.99179],[83.26759,19.99098],[83.26549,19.98942],[83.26374,19.98857],[83.26337,19.9901],[83.26185,19.99165],[83.26019,19.99532],[83.25958,19.99572],[83.25728,19.99623],[83.2568,19.99663],[83.25478,20.00297]]]}},{"type":"Feature","properties":{"LCODE":"100140001000100045","LOCATION":"KUKUDABHADI","V_TYPE":"VILLAGE","BLOCK":"NUAPARA","DISTRICT":"NUAPADA"},"geometry":{"type":"Polygon","coordinates":[[[83.14006,20.00474],[83.14007,20.00531],[83.14214,20.01007],[83.14342,20.01114],[83.14452,20.01039],[83.14996,20.00924],[83.15123,20.00917],[83.15434,20.00994],[83.15646,20.00935],[83.15668,20.00822],[83.15582,20.00723],[83.15549,20.00591],[83.15595,20.00458],[83.15575,20.00262],[83.15465,20.0002],[83.15318,19.99878],[83.1528,19.99689],[83.15206,19.99592],[83.15121,19.99593],[83.15019,19.99663],[83.14649,20.00105],[83.14095,20.00381],[83.14024,20.00428],[83.14006,20.00474]]]}},{"type":"Feature","properties":{"LCODE":"100140002000200047","LOCATION":"BELAMAL","V_TYPE":"VILLAGE","BLOCK":"NUAPARA","DISTRICT":"NUAPADA"},"geometry":{"type":"Polygon","coordinates":[[[83.16711,20.00751],[83.16817,20.00952],[83.1683,20.01065],[83.17074,20.01081],[83.17146,20.0104],[83.17219,20.01057],[83.17316,20.01033],[83.17438,20.01083],[83.17487,20.01077],[83.17551,20.00973],[83.17654,20.00978],[83.17702,20.0092],[83.17988,20.00945],[83.18375,20.00884],[83.18513,20.00762],[83.18971,20.0059],[83.18996,20.00571],[83.18983,20.0055],[83.18792,20.00356],[83.18778,20.00236],[83.18804,20.00061],[83.18675,19.99822],[83.18674,19.99695],[83.18594,19.99564],[83.18556,19.99375],[83.18429,19.99354],[83.18253,19.99258],[83.18021,19.99036],[83.17669,19.98994],[83.17578,19.98955],[83.17541,19.98886],[83.17534,19.98783],[83.17491,19.98737],[83.174,19.98738],[83.17316,19.98779],[83.17148,19.98919],[83.17113,19.99005],[83.17192,19.99096],[83.17199,19.99188],[83.17146,19.99309],[83.17135,19.99458],[83.17248,19.99785],[83.17275,19.9998],[83.17245,20.00032],[83.17126,20.00114],[83.17055,20.00242],[83.16997,20.00443],[83.16715,20.00665],[83.16711,20.00751]]]}},{"type":"Feature","properties":{"LCODE":"100170006000600136","LOCATION":"PAIDMAL","V_TYPE":"VILLAGE","BLOCK":"SINAPALI","DISTRICT":"NUAPADA"},"geometry":{"type":"Polygon","coordinates":[[[83.37174,20.00204],[83.37238,20.00298],[83.37181,20.00464],[83.37286,20.00644],[83.37483,20.00824],[83.37573,20.00745],[83.37844,20.00645],[83.37897,20.00693],[83.37963,20.00707],[83.38219,20.00681],[83.38375,20.00554],[83.3855,20.00594],[83.38738,20.00578],[83.38962,20.00442],[83.39056,20.00348],[83.39166,20.00312],[83.39424,20.00142],[83.39684,19.99931],[83.39758,19.99742],[83.39795,19.99455],[83.39935,19.99306],[83.39865,19.98961],[83.39811,19.9892],[83.39768,19.98926],[83.39525,19.99155],[83.39362,19.99217],[83.38338,19.99368],[83.38193,19.99448],[83.37991,19.99729],[83.37773,19.99849],[83.37597,19.99997],[83.37359,20.00019],[83.37385,20.0009],[83.37213,20.00147],[83.37174,20.00204]]]}},{"type":"Feature","properties":{"LCODE":"100170006000600133","LOCATION":"MADHUPUR","V_TYPE":"VILLAGE","BLOCK":"SINAPALI","DISTRICT":"NUAPADA"},"geometry":{"type":"Polygon","coordinates":[[[83.35419,19.99225],[83.35446,19.99575],[83.35494,19.99696],[83.35725,19.99628],[83.35785,19.99651],[83.35989,19.99951],[83.35928,20.00037],[83.36086,20.00115],[83.36228,20.00528],[83.36237,20.0074],[83.36447,20.00696],[83.36657,20.00594],[83.3676,20.00591],[83.36835,20.00525],[83.36888,20.00412],[83.371,20.00414],[83.37181,20.00464],[83.37202,20.00434],[83.37238,20.00298],[83.37181,20.00187],[83.37256,20.00126],[83.3736,20.00112],[83.3738,20.00044],[83.37126,19.998],[83.37037,19.99645],[83.36995,19.99495],[83.36996,19.99357],[83.37061,19.99253],[83.36997,19.99208],[83.36908,19.98978],[83.36898,19.98733],[83.36813,19.98725],[83.36516,19.98821],[83.36353,19.98786],[83.36069,19.98601],[83.3604,19.98543],[83.36029,19.98285],[83.35993,19.9825],[83.3595,19.98261],[83.35793,19.98416],[83.35623,19.98432],[83.35464,19.98604],[83.35441,19.986],[83.35421,19.98799],[83.35451,19.9896],[83.35419,19.99225]]]}},{"type":"Feature","properties":{"LCODE":"100140001000100040","LOCATION":"KHOLANDI","V_TYPE":"VILLAGE","BLOCK":"NUAPARA","DISTRICT":"NUAPADA"},"geometry":{"type":"Polygon","coordinates":[[[83.05341,19.99804],[83.05385,20.0001],[83.05431,20.00026],[83.05447,20.00313],[83.05491,20.00359],[83.05951,20.00331],[83.06313,20.00604],[83.06363,20.00714],[83.06406,20.00695],[83.06527,20.00487],[83.0649,20.00228],[83.06566,20.00026],[83.06539,19.99878],[83.06567,19.99562],[83.06667,19.99302],[83.06846,19.99054],[83.06851,19.98973],[83.06827,19.98945],[83.06706,19.98986],[83.0652,19.9916],[83.06339,19.99179],[83.06204,19.99043],[83.06087,19.98745],[83.06007,19.98694],[83.05953,19.98729],[83.05888,19.98896],[83.05737,19.99553],[83.05623,19.99634],[83.054,19.99711],[83.05341,19.99804]]]}},{"type":"Feature","properties":{"LCODE":"100140001000100041","LOCATION":"PALSIJHARAN","V_TYPE":"VILLAGE","BLOCK":"NUAPARA","DISTRICT":"NUAPADA"},"geometry":{"type":"Polygon","coordinates":[[[83.08875,19.99849],[83.08887,19.99924],[83.09003,20.00003],[83.09235,19.99987],[83.09352,20.00118],[83.09386,20.00348],[83.09335,20.00652],[83.09755,20.00695],[83.10385,20.0062],[83.1059,20.00514],[83.11011,20.00124],[83.10748,19.99928],[83.10677,19.99763],[83.10578,19.99649],[83.10372,19.99599],[83.10062,19.99441],[83.09729,19.9937],[83.09519,19.99411],[83.09418,19.99764],[83.09346,19.99856],[83.09243,19.99823],[83.09138,19.99674],[83.09035,19.99601],[83.08922,19.99722],[83.08916,19.99797],[83.08875,19.99849]]]}},{"type":"Feature","properties":{"LCODE":"100170003000300115","LOCATION":"DHAMANKHUNTA","V_TYPE":"VILLAGE","BLOCK":"SINAPALI","DISTRICT":"NUAPADA"},"geometry":{"type":"Polygon","coordinates":[[[83.26345,19.98694],[83.26374,19.98857],[83.26549,19.98942],[83.26759,19.99098],[83.26814,19.99179],[83.26891,19.99409],[83.26926,19.99634],[83.27064,19.99767],[83.27209,20.00217],[83.27525,20.00482],[83.27567,20.00667],[83.28056,20.00552],[83.28285,20.00415],[83.28481,20.00382],[83.28557,20.00286],[83.28567,20.00178],[83.2884,20.00003],[83.28864,20.00032],[83.2915,19.99803],[83.29164,19.99441],[83.28924,19.9917],[83.28815,19.99106],[83.28793,19.98905],[83.28746,19.98802],[83.28679,19.98778],[83.28297,19.98765],[83.28069,19.98626],[83.27973,19.98516],[83.27906,19.98499],[83.27689,19.98538],[83.2761,19.98515],[83.27623,19.98377],[83.27855,19.98096],[83.27971,19.97884],[83.27983,19.97803],[83.27888,19.97648],[83.27646,19.97606],[83.27519,19.97617],[83.26895,19.97764],[83.26797,19.98063],[83.26358,19.98504],[83.26345,19.98694]]]}},{"type":"Feature","properties":{"LCODE":"100170006000600140","LOCATION":"AMJORE(AMAJHARI)","V_TYPE":"VILLAGE","BLOCK":"SINAPALI","DISTRICT":"NUAPADA"},"geometry":{"type":"Polygon","coordinates":[[[83.40362,19.98791],[83.40379,19.98946],[83.40451,19.99055],[83.40424,19.99515],[83.40453,19.99664],[83.40962,20.00314],[83.41083,20.00424],[83.41355,20.00566],[83.41364,20.00425],[83.41441,20.0017],[83.41563,19.99967],[83.41588,19.99984],[83.41475,19.99748],[83.4147,19.99633],[83.41325,19.99529],[83.41356,19.99369],[83.41315,19.99191],[83.41152,19.99092],[83.41089,19.98814],[83.40967,19.98707],[83.40586,19.98671],[83.40386,19.98716],[83.40362,19.98791]]]}},{"type":"Feature","properties":{"LCODE":"100140001000100044","LOCATION":"GOIPITA","V_TYPE":"VILLAGE","BLOCK":"NUAPARA","DISTRICT":"NUAPADA"},"geometry":{"type":"Polygon","coordinates":[[[83.12212,19.99349],[83.12331,19.99436],[83.12381,19.99568],[83.1271,19.99771],[83.13303,19.99817],[83.13489,19.99984],[83.13792,20.00367],[83.1386,20.00406],[83.14049,20.00411],[83.14649,20.00105],[83.15019,19.99663],[83.15121,19.99593],[83.15222,19.99602],[83.15476,19.99354],[83.15579,19.99198],[83.15498,19.99118],[83.15359,19.99091],[83.15214,19.98866],[83.1511,19.99002],[83.15044,19.99031],[83.14789,19.98993],[83.1462,19.99047],[83.14426,19.98974],[83.14336,19.99061],[83.14136,19.9904],[83.13893,19.98933],[83.13765,19.98791],[83.13744,19.98607],[83.13689,19.98468],[83.13441,19.98553],[83.13297,19.9864],[83.13046,19.9889],[83.12798,19.98944],[83.12702,19.9906],[83.1266,19.99077],[83.12576,19.99044],[83.12497,19.99056],[83.12212,19.99349]]]}},{"type":"Feature","properties":{"LCODE":"100170003000300118","LOCATION":"NAKATIPANIMUNDA","V_TYPE":"VILLAGE","BLOCK":"SINAPALI","DISTRICT":"NUAPADA"},"geometry":{"type":"Polygon","coordinates":[[[83.30127,19.99989],[83.3025,20.00114],[83.30662,20.00289],[83.30801,20.00395],[83.31259,20.00211],[83.31389,20.00089],[83.31266,19.99846],[83.31098,19.9969],[83.30456,19.99374],[83.30252,19.9952],[83.30221,19.99727],[83.30135,19.99876],[83.30127,19.99989]]]}},{"type":"Feature","properties":{"LCODE":"100140001000100075","LOCATION":"GHUSURIGUDI","V_TYPE":"VILLAGE","BLOCK":"NUAPARA","DISTRICT":"NUAPADA"},"geometry":{"type":"Polygon","coordinates":[[[83.08141,19.99035],[83.08322,19.99062],[83.08921,19.99028],[83.09024,19.99055],[83.09103,19.99118],[83.09189,19.99255],[83.09225,19.99272],[83.09492,19.99275],[83.09522,19.99315],[83.09519,19.99411],[83.09729,19.9937],[83.10062,19.99441],[83.10372,19.99599],[83.10578,19.99649],[83.10677,19.99763],[83.10748,19.99928],[83.10953,20.00097],[83.11089,20.00152],[83.11403,20.00081],[83.11578,19.99964],[83.11597,19.9988],[83.1148,19.99634],[83.11504,19.99605],[83.11661,19.99604],[83.11733,19.99574],[83.11757,19.99517],[83.11719,19.99305],[83.1164,19.99294],[83.11598,19.99363],[83.11532,19.99375],[83.11465,19.99296],[83.1137,19.98964],[83.11417,19.98774],[83.10406,19.98657],[83.10082,19.98457],[83.09933,19.98547],[83.0989,19.98541],[83.09737,19.98422],[83.09538,19.98401],[83.09361,19.98271],[83.0918,19.98273],[83.08897,19.9839],[83.08757,19.98375],[83.08678,19.9841],[83.08481,19.98561],[83.08374,19.98809],[83.0817,19.98972],[83.08141,19.99035]]]}},{"type":"Feature","properties":{"LCODE":"100170003000300119","LOCATION":"SANKARMAL","V_TYPE":"VILLAGE","BLOCK":"SINAPALI","DISTRICT":"NUAPADA"},"geometry":{"type":"Polygon","coordinates":[[[83.30456,19.99374],[83.31098,19.9969],[83.31266,19.99846],[83.31389,20.00089],[83.31616,19.9994],[83.31794,19.99886],[83.31733,19.99687],[83.31583,19.99485],[83.31615,19.99238],[83.31592,19.98997],[83.31705,19.98836],[83.31606,19.98778],[83.31358,19.98806],[83.31206,19.98869],[83.31145,19.98932],[83.31067,19.98909],[83.31054,19.98943],[83.30656,19.99002],[83.30636,19.99068],[83.30484,19.99199],[83.30456,19.99374]]]}},{"type":"Feature","properties":{"LCODE":"100140001000100050","LOCATION":"JAJALDEIPUR","V_TYPE":"VILLAGE","BLOCK":"NUAPARA","DISTRICT":"NUAPADA"},"geometry":{"type":"Polygon","coordinates":[[[83.22436,19.99538],[83.22516,19.99675],[83.22475,19.99767],[83.2247,19.99922],[83.22731,20.00029],[83.22737,19.99988],[83.22972,19.99877],[83.23223,19.99599],[83.23277,19.99478],[83.23285,19.99145],[83.23315,19.99071],[83.23471,19.98966],[83.23628,19.98951],[83.23663,19.9878],[83.23746,19.98717],[83.23836,19.98572],[83.23846,19.98366],[83.23929,19.9821],[83.23909,19.98027],[83.23927,19.97935],[83.23914,19.97889],[83.23811,19.97822],[83.23785,19.97684],[83.23595,19.97531],[83.23511,19.97532],[83.235,19.97698],[83.23194,19.97942],[83.2316,19.98086],[83.23257,19.98223],[83.23174,19.98384],[83.23138,19.98424],[83.23012,19.9846],[83.22808,19.98617],[83.22803,19.98709],[83.22919,19.98851],[83.2281,19.98892],[83.22743,19.98835],[83.22695,19.9883],[83.22648,19.98911],[83.22546,19.98998],[83.22523,19.99182],[83.22549,19.99353],[83.22436,19.99538]]]}},{"type":"Feature","properties":{"LCODE":"100170006000600137","LOCATION":"GOBARDHANPUR","V_TYPE":"VILLAGE","BLOCK":"SINAPALI","DISTRICT":"NUAPADA"},"geometry":{"type":"Polygon","coordinates":[[[83.36995,19.99495],[83.37037,19.99645],[83.37247,19.99939],[83.37359,20.00019],[83.37518,20.00014],[83.3764,19.99975],[83.37773,19.99849],[83.37991,19.99729],[83.38193,19.99448],[83.38266,19.99402],[83.3846,19.9934],[83.39017,19.99268],[83.39053,19.99141],[83.39043,19.98975],[83.3881,19.98451],[83.38539,19.98145],[83.38602,19.97976],[83.3848,19.98065],[83.38298,19.98093],[83.38243,19.9819],[83.38236,19.98328],[83.38054,19.98488],[83.37877,19.98734],[83.37731,19.98843],[83.37464,19.98899],[83.37379,19.9906],[83.37075,19.99237],[83.36996,19.99357],[83.36995,19.99495]]]}},{"type":"Feature","properties":{"LCODE":"100170003000300127","LOCATION":"ALABULA","V_TYPE":"VILLAGE","BLOCK":"SINAPALI","DISTRICT":"NUAPADA"},"geometry":{"type":"Polygon","coordinates":[[[83.33211,19.99065],[83.33224,19.99158],[83.33362,19.9932],[83.33462,19.9974],[83.33578,19.99983],[83.33636,19.99867],[83.33698,19.99833],[83.3409,19.99783],[83.34145,19.99755],[83.34129,19.99421],[83.34087,19.99363],[83.34009,19.99323],[83.33883,19.99167],[83.33599,19.99097],[83.33481,19.98971],[83.33273,19.98969],[83.33231,19.98986],[83.33211,19.99065]]]}},{"type":"Feature","properties":{"LCODE":"100170006000600131","LOCATION":"RAMCHANDRAPUR","V_TYPE":"VILLAGE","BLOCK":"SINAPALI","DISTRICT":"NUAPADA"},"geometry":{"type":"Polygon","coordinates":[[[83.34541,19.99756],[83.34652,19.99894],[83.3476,19.99963],[83.34827,19.99964],[83.351,19.99902],[83.35494,19.99696],[83.35446,19.99575],[83.35429,19.99409],[83.35419,19.99225],[83.35451,19.98909],[83.35421,19.98765],[83.35441,19.98564],[83.35594,19.98156],[83.35584,19.97909],[83.35554,19.97857],[83.35385,19.97788],[83.35137,19.97775],[83.35125,19.97861],[83.34832,19.98199],[83.34825,19.98372],[83.34879,19.98561],[83.34811,19.98722],[83.34732,19.98797],[83.34777,19.99245],[83.34679,19.99417],[83.34642,19.99607],[83.34541,19.99756]]]}},{"type":"Feature","properties":{"LCODE":"10017000300030rf","LOCATION":"RF","V_TYPE":"FOREST","BLOCK":"SINAPALI","DISTRICT":"NUAPADA"},"geometry":{"type":"Polygon","coordinates":[[[83.29686,19.99678],[83.29706,19.99898],[83.30019,19.99956],[83.3013,19.99899],[83.30221,19.99727],[83.30228,19.99612],[83.30004,19.99508],[83.29877,19.99507],[83.29768,19.99576],[83.29686,19.99678]]]}},{"type":"Feature","properties":{"LCODE":"100170003000300124","LOCATION":"SUKUNABHATA","V_TYPE":"VILLAGE","BLOCK":"SINAPALI","DISTRICT":"NUAPADA"},"geometry":{"type":"Polygon","coordinates":[[[83.31583,19.99457],[83.31757,19.99733],[83.31794,19.99886],[83.32216,19.99787],[83.32371,19.99697],[83.32339,19.99408],[83.32388,19.99264],[83.32269,19.98999],[83.32271,19.98798],[83.32159,19.98316],[83.31802,19.98348],[83.31741,19.98399],[83.31698,19.98554],[83.3172,19.98784],[83.31586,19.99031],[83.31615,19.99238],[83.31583,19.99457]]]}},{"type":"Feature","properties":{"LCODE":"100170003000300117","LOCATION":"KHAISBAHALI","V_TYPE":"VILLAGE","BLOCK":"SINAPALI","DISTRICT":"NUAPADA"},"geometry":{"type":"Polygon","coordinates":[[[83.29002,19.99268],[83.29164,19.99441],[83.29137,19.99821],[83.29434,19.99793],[83.29659,19.99696],[83.29768,19.99576],[83.29877,19.99507],[83.30004,19.99508],[83.30228,19.99612],[83.30264,19.99503],[83.30459,19.99372],[83.30484,19.99199],[83.30636,19.99068],[83.30656,19.99002],[83.30438,19.98843],[83.30197,19.98732],[83.3007,19.9868],[83.29798,19.9865],[83.29626,19.98474],[83.29497,19.98534],[83.29586,19.98701],[83.29518,19.98879],[83.2947,19.98936],[83.29252,19.99016],[83.29093,19.99245],[83.29002,19.99268]]]}},{"type":"Feature","properties":{"LCODE":"100170006000600130","LOCATION":"TEKERTULA","V_TYPE":"VILLAGE","BLOCK":"SINAPALI","DISTRICT":"NUAPADA"},"geometry":{"type":"Polygon","coordinates":[[[83.33473,19.98918],[83.33485,19.98998],[83.33545,19.99062],[83.33659,19.9912],[83.33883,19.99167],[83.34009,19.99323],[83.34087,19.99363],[83.34141,19.99478],[83.34151,19.99696],[83.34261,19.99709],[83.34436,19.99675],[83.34496,19.99698],[83.34541,19.99756],[83.34642,19.99607],[83.34679,19.99417],[83.34777,19.99245],[83.34732,19.98797],[83.34811,19.98722],[83.34879,19.98561],[83.34825,19.98372],[83.34832,19.98199],[83.35125,19.97861],[83.35132,19.97666],[83.35096,19.97551],[83.35207,19.97264],[83.35078,19.97009],[83.34747,19.97245],[83.34565,19.9744],[83.34442,19.97772],[83.33614,19.98614],[83.33511,19.98757],[83.33473,19.98918]]]}},{"type":"Feature","properties":{"LCODE":"100170003000300125","LOCATION":"GUGURBAHALI","V_TYPE":"VILLAGE","BLOCK":"SINAPALI","DISTRICT":"NUAPADA"},"geometry":{"type":"Polygon","coordinates":[[[83.32159,19.98316],[83.32271,19.98798],[83.32269,19.98999],[83.32388,19.99264],[83.32339,19.99408],[83.32371,19.99697],[83.32667,19.993],[83.32842,19.99237],[83.33133,19.99187],[83.33225,19.98998],[83.33128,19.98911],[83.3299,19.98882],[83.32737,19.98628],[83.32715,19.98392],[83.32667,19.98323],[83.32688,19.98187],[83.32401,19.98264],[83.3228,19.98258],[83.32159,19.98316]]]}},{"type":"Feature","properties":{"LCODE":"100140001000100053","LOCATION":"KHAIRBHADI","V_TYPE":"VILLAGE","BLOCK":"NUAPARA","DISTRICT":"NUAPADA"},"geometry":{"type":"Polygon","coordinates":[[[83.24993,19.98511],[83.25094,19.98603],[83.25068,19.98821],[83.25098,19.98913],[83.25308,19.99081],[83.25349,19.99219],[83.25446,19.99311],[83.25523,19.99496],[83.25713,19.99635],[83.25958,19.99572],[83.26019,19.99532],[83.26185,19.99165],[83.26337,19.9901],[83.26374,19.98924],[83.26345,19.98694],[83.26364,19.98495],[83.2625,19.98377],[83.26111,19.98382],[83.26069,19.98348],[83.25896,19.97967],[83.25668,19.97834],[83.25603,19.97766],[83.25534,19.97805],[83.25278,19.98183],[83.24993,19.98511]]]}},{"type":"Feature","properties":{"LCODE":"100140001000100074","LOCATION":"BADAKHAIRMAL","V_TYPE":"VILLAGE","BLOCK":"NUAPARA","DISTRICT":"NUAPADA"},"geometry":{"type":"Polygon","coordinates":[[[83.1137,19.98964],[83.11446,19.99244],[83.11514,19.99364],[83.11598,19.99363],[83.1164,19.99294],[83.11719,19.99305],[83.11756,19.99413],[83.11748,19.99538],[83.11976,19.99589],[83.12054,19.99571],[83.12072,19.99525],[83.1201,19.99422],[83.12028,19.99347],[83.12124,19.99324],[83.12212,19.99349],[83.12497,19.99056],[83.12576,19.99044],[83.1266,19.99077],[83.12822,19.98932],[83.13049,19.98888],[83.12897,19.98558],[83.12759,19.98066],[83.12698,19.97969],[83.1243,19.97834],[83.12314,19.97674],[83.12289,19.97594],[83.12364,19.97272],[83.12296,19.9714],[83.1223,19.97135],[83.12103,19.97188],[83.1195,19.9712],[83.1191,19.97236],[83.11783,19.97243],[83.11765,19.97266],[83.11803,19.98023],[83.1169,19.98226],[83.11564,19.98347],[83.11591,19.98571],[83.11452,19.98687],[83.1137,19.98964]]]}},{"type":"Feature","properties":{"LCODE":"100140001000100068","LOCATION":"TENTULIKHUNTI","V_TYPE":"VILLAGE","BLOCK":"NUAPARA","DISTRICT":"NUAPADA"},"geometry":{"type":"Polygon","coordinates":[[[83.17525,19.98774],[83.17578,19.98955],[83.17669,19.98994],[83.18021,19.99036],[83.18253,19.99258],[83.1849,19.99376],[83.18604,19.99369],[83.18767,19.99247],[83.19068,19.99187],[83.19141,19.99134],[83.19422,19.98839],[83.19493,19.98672],[83.19448,19.98443],[83.19574,19.98344],[83.19938,19.97784],[83.19995,19.97474],[83.20023,19.97449],[83.19817,19.972],[83.19799,19.97051],[83.19689,19.9711],[83.19389,19.97388],[83.19275,19.97446],[83.18823,19.97629],[83.18701,19.97567],[83.1861,19.97568],[83.18412,19.97673],[83.18304,19.97835],[83.18113,19.9798],[83.18041,19.9813],[83.17903,19.98188],[83.1779,19.98379],[83.17664,19.98472],[83.17635,19.9857],[83.17738,19.98632],[83.17726,19.98689],[83.17593,19.98719],[83.17525,19.98774]]]}},{"type":"Feature","properties":{"LCODE":"100140001000100065","LOCATION":"DADPUR","V_TYPE":"VILLAGE","BLOCK":"NUAPARA","DISTRICT":"NUAPADA"},"geometry":{"type":"Polygon","coordinates":[[[83.21911,19.97547],[83.22206,19.97717],[83.22353,19.97859],[83.22546,19.9792],[83.22614,19.97971],[83.2278,19.9821],[83.22771,19.98324],[83.22817,19.98359],[83.22926,19.98358],[83.2299,19.98477],[83.23138,19.98424],[83.23252,19.98245],[83.23245,19.98188],[83.2316,19.98086],[83.23177,19.97982],[83.23224,19.97902],[83.235,19.97698],[83.23511,19.97532],[83.23571,19.9752],[83.23742,19.97633],[83.23785,19.97684],[83.23811,19.97822],[83.23926,19.97918],[83.23929,19.9821],[83.23846,19.98366],[83.23836,19.98572],[83.23746,19.98717],[83.23663,19.9878],[83.23628,19.98951],[83.23724,19.989],[83.23772,19.98906],[83.23846,19.99008],[83.24028,19.99046],[83.24065,19.99098],[83.2403,19.99247],[83.24142,19.99312],[83.24302,19.99199],[83.24361,19.99055],[83.24445,19.98951],[83.24601,19.98863],[83.24654,19.98742],[83.2478,19.98632],[83.24828,19.98483],[83.24888,19.9847],[83.24998,19.9851],[83.25182,19.98294],[83.25078,19.98223],[83.24928,19.98223],[83.24909,19.98195],[83.24932,19.98063],[83.24804,19.97978],[83.24761,19.97904],[83.24867,19.97662],[83.24878,19.9749],[83.24924,19.97335],[83.24905,19.97157],[83.25031,19.96897],[83.25003,19.96744],[83.24992,19.96795],[83.2495,19.96819],[83.24822,19.96814],[83.24803,19.96694],[83.24839,19.96508],[83.24672,19.95932],[83.24633,19.96065],[83.24484,19.96301],[83.24493,19.96508],[83.24296,19.96768],[83.24162,19.97296],[83.24102,19.97349],[83.23969,19.97379],[83.23813,19.97472],[83.23753,19.97478],[83.23692,19.97439],[83.23719,19.9718],[83.23803,19.97082],[83.23817,19.96772],[83.23787,19.96704],[83.23672,19.96659],[83.23628,19.96551],[83.23704,19.96286],[83.23884,19.96112],[83.23869,19.95923],[83.23921,19.95732],[83.23777,19.95752],[83.23663,19.95816],[83.23523,19.95777],[83.23331,19.95911],[83.23272,19.95917],[83.23321,19.96054],[83.23282,19.96405],[83.23174,19.96509],[83.23168,19.96584],[83.23193,19.96663],[83.23346,19.96759],[83.23249,19.96806],[83.23268,19.96892],[83.23154,19.9691],[83.23191,19.97036],[83.23156,19.97145],[83.23048,19.9729],[83.22977,19.97331],[83.22849,19.97349],[83.2274,19.9727],[83.22666,19.97179],[83.22587,19.96997],[83.22519,19.96957],[83.22511,19.96842],[83.22481,19.96802],[83.22227,19.96776],[83.21991,19.96672],[83.22003,19.96807],[83.21975,19.96991],[83.22018,19.97111],[83.22014,19.9726],[83.21911,19.97547]]]}},{"type":"Feature","properties":{"LCODE":"10017000300030rf","LOCATION":"RF","V_TYPE":"FOREST","BLOCK":"SINAPALI","DISTRICT":"NUAPADA"},"geometry":{"type":"Polygon","coordinates":[[[83.28746,19.98802],[83.28793,19.98905],[83.28815,19.99106],[83.28924,19.9917],[83.29002,19.99268],[83.29038,19.99268],[83.29093,19.99245],[83.29252,19.99016],[83.2947,19.98936],[83.29549,19.98833],[83.29586,19.98701],[83.29497,19.98534],[83.29406,19.98534],[83.29145,19.98619],[83.28872,19.9879],[83.28746,19.98802]]]}},{"type":"Feature","properties":{"LCODE":"100170006000600139","LOCATION":"KATHAJANIPADAR","V_TYPE":"VILLAGE","BLOCK":"SINAPALI","DISTRICT":"NUAPADA"},"geometry":{"type":"Polygon","coordinates":[[[83.38539,19.98145],[83.3881,19.98451],[83.38959,19.9875],[83.39043,19.98975],[83.39053,19.99141],[83.39024,19.99252],[83.39198,19.99251],[83.39525,19.99155],[83.39725,19.98955],[83.39827,19.98927],[83.39835,19.98823],[83.39915,19.98691],[83.39975,19.98709],[83.40119,19.98876],[83.40162,19.98882],[83.40186,19.98876],[83.40229,19.98704],[83.40266,19.98669],[83.40332,19.98681],[83.4038,19.98733],[83.40429,19.98699],[83.40508,19.98705],[83.40575,19.98676],[83.40606,19.98395],[83.40571,19.98251],[83.40287,19.98158],[83.40239,19.98101],[83.40289,19.97906],[83.40416,19.97713],[83.40369,19.97699],[83.40054,19.97698],[83.39732,19.97823],[83.39436,19.97827],[83.39196,19.97678],[83.39002,19.97806],[83.39025,19.9782],[83.39025,19.97883],[83.38982,19.97952],[83.38946,19.97969],[83.38807,19.9794],[83.38602,19.97976],[83.38539,19.98145]]]}},{"type":"Feature","properties":{"LCODE":"100170006000600138","LOCATION":"BHALUCHANCHARA","V_TYPE":"VILLAGE","BLOCK":"SINAPALI","DISTRICT":"NUAPADA"},"geometry":{"type":"Polygon","coordinates":[[[83.36759,19.97569],[83.3687,19.98219],[83.36923,19.98386],[83.36908,19.98978],[83.36997,19.99208],[83.37061,19.99253],[83.37379,19.9906],[83.37464,19.98899],[83.37731,19.98843],[83.37877,19.98734],[83.38054,19.98488],[83.38236,19.98328],[83.38243,19.9819],[83.38298,19.98093],[83.3848,19.98065],[83.38602,19.97976],[83.38258,19.978],[83.38107,19.9777],[83.37876,19.9785],[83.37718,19.97947],[83.37379,19.98043],[83.37355,19.98014],[83.37333,19.97629],[83.37154,19.97216],[83.37038,19.97369],[83.36808,19.97443],[83.36759,19.97569]]]}},{"type":"Feature","properties":{"LCODE":"100170006000600153","LOCATION":"PUSAMADI(PUSAMANDI)","V_TYPE":"VILLAGE","BLOCK":"SINAPALI","DISTRICT":"NUAPADA"},"geometry":{"type":"Polygon","coordinates":[[[83.47102,19.99128],[83.4712,19.99196],[83.47192,19.99208],[83.47581,19.99009],[83.47793,19.98998],[83.47962,19.98924],[83.48011,19.98867],[83.48049,19.98742],[83.47186,19.98408],[83.47209,19.98474],[83.47202,19.98703],[83.47102,19.99128]]]}},{"type":"Feature","properties":{"LCODE":"100140001000100070","LOCATION":"KUSUMKHUNTI","V_TYPE":"VILLAGE","BLOCK":"NUAPARA","DISTRICT":"NUAPADA"},"geometry":{"type":"Polygon","coordinates":[[[83.15102,19.98233],[83.1522,19.98484],[83.15149,19.98691],[83.15181,19.98823],[83.15359,19.99091],[83.15498,19.99118],[83.15579,19.99198],[83.15619,19.99106],[83.15703,19.99013],[83.16022,19.98884],[83.16101,19.98883],[83.16259,19.9895],[83.1647,19.98925],[83.16805,19.99083],[83.1692,19.99104],[83.17123,19.99021],[83.17118,19.98965],[83.17148,19.98919],[83.17284,19.98804],[83.17213,19.98706],[83.17162,19.98511],[83.17033,19.9834],[83.16977,19.98186],[83.16963,19.98008],[83.17004,19.9779],[83.16905,19.9763],[83.16897,19.97428],[83.16579,19.97668],[83.16151,19.97884],[83.16073,19.97879],[83.15865,19.97686],[83.15768,19.97681],[83.156,19.97786],[83.15523,19.9793],[83.15378,19.97983],[83.15306,19.98053],[83.15123,19.98153],[83.15102,19.98233]]]}},{"type":"Feature","properties":{"LCODE":"100140001000100072","LOCATION":"BHIMADANGA","V_TYPE":"VILLAGE","BLOCK":"NUAPARA","DISTRICT":"NUAPADA"},"geometry":{"type":"Polygon","coordinates":[[[83.13689,19.98468],[83.13744,19.98607],[83.13765,19.98791],[83.13893,19.98933],[83.14136,19.9904],[83.14336,19.99061],[83.14426,19.98974],[83.1462,19.99047],[83.14789,19.98993],[83.15044,19.99031],[83.1511,19.99002],[83.15214,19.98866],[83.15149,19.98691],[83.1522,19.98484],[83.15115,19.9829],[83.15107,19.98124],[83.14912,19.97936],[83.14537,19.9802],[83.14349,19.9797],[83.14324,19.97902],[83.14348,19.97804],[83.14275,19.97724],[83.14206,19.97524],[83.14037,19.97612],[83.13958,19.97585],[83.14096,19.98019],[83.13869,19.98302],[83.13689,19.98468]]]}},{"type":"Feature","properties":{"LCODE":"100170003000300120","LOCATION":"PAJIBAHALI","V_TYPE":"VILLAGE","BLOCK":"SINAPALI","DISTRICT":"NUAPADA"},"geometry":{"type":"Polygon","coordinates":[[[83.29119,19.97969],[83.29131,19.98044],[83.29197,19.98113],[83.29594,19.98333],[83.29642,19.98408],[83.29626,19.98474],[83.29798,19.9865],[83.3007,19.9868],[83.30197,19.98732],[83.30438,19.98843],[83.30656,19.99002],[83.31066,19.98931],[83.31079,19.98788],[83.31026,19.98655],[83.31087,19.98546],[83.31081,19.98489],[83.30952,19.97971],[83.30852,19.97717],[83.30699,19.97751],[83.30464,19.97635],[83.30367,19.97618],[83.30204,19.97617],[83.30107,19.97674],[83.29938,19.97668],[83.29764,19.97596],[83.29659,19.97741],[83.2958,19.97781],[83.29175,19.97837],[83.29126,19.97883],[83.29119,19.97969]]]}},{"type":"Feature","properties":{"LCODE":"100170003000300128","LOCATION":"LHAING","V_TYPE":"VILLAGE","BLOCK":"SINAPALI","DISTRICT":"NUAPADA"},"geometry":{"type":"Polygon","coordinates":[[[83.32667,19.98259],[83.32667,19.98323],[83.32715,19.98392],[83.32737,19.98628],[83.3299,19.98882],[83.33128,19.98911],[83.33225,19.98998],[83.33273,19.98969],[83.33481,19.98971],[83.3348,19.98728],[83.33719,19.98321],[83.33625,19.97844],[83.33705,19.9766],[83.3298,19.9793],[83.32868,19.98019],[83.32831,19.98134],[83.32688,19.98187],[83.32667,19.98259]]]}},{"type":"Feature","properties":{"LCODE":"100170003000300121","LOCATION":"MAREL","V_TYPE":"VILLAGE","BLOCK":"SINAPALI","DISTRICT":"NUAPADA"},"geometry":{"type":"Polygon","coordinates":[[[83.30852,19.97717],[83.30952,19.97971],[83.31081,19.98489],[83.31087,19.98546],[83.31026,19.98655],[83.31079,19.98788],[83.31067,19.98909],[83.31145,19.98932],[83.31206,19.98869],[83.31358,19.98806],[83.31606,19.98778],[83.31705,19.98836],[83.31716,19.98451],[83.31765,19.98365],[83.3185,19.98342],[83.31767,19.98181],[83.3172,19.97893],[83.3169,19.97853],[83.31495,19.97688],[83.31297,19.97754],[83.30852,19.97717]]]}},{"type":"Feature","properties":{"LCODE":"100140001000100039","LOCATION":"GHATIKANA","V_TYPE":"VILLAGE","BLOCK":"NUAPARA","DISTRICT":"NUAPADA"},"geometry":{"type":"Polygon","coordinates":[[[83.02956,19.98494],[83.03259,19.98924],[83.03497,19.98793],[83.03551,19.98712],[83.03562,19.98632],[83.03526,19.98586],[83.0332,19.98525],[83.0324,19.98468],[83.03168,19.98463],[83.03095,19.98404],[83.02956,19.98494]]]}},{"type":"Feature","properties":{"LCODE":"100140001000100073","LOCATION":"SANKHAIRMAL","V_TYPE":"VILLAGE","BLOCK":"NUAPARA","DISTRICT":"NUAPADA"},"geometry":{"type":"Polygon","coordinates":[[[83.12289,19.97594],[83.12381,19.97788],[83.12698,19.97969],[83.12759,19.98066],[83.12897,19.98558],[83.13049,19.98888],[83.13297,19.9864],[83.1352,19.98518],[83.13689,19.98468],[83.13869,19.98302],[83.14096,19.98019],[83.13958,19.97585],[83.13727,19.97448],[83.13714,19.97362],[83.13789,19.97183],[83.1373,19.97138],[83.13554,19.97117],[83.13094,19.97127],[83.12755,19.97067],[83.12473,19.97196],[83.12346,19.97212],[83.12364,19.97272],[83.12289,19.97594]]]}},{"type":"Feature","properties":{"LCODE":"100170006000600132","LOCATION":"GOPALPUR","V_TYPE":"VILLAGE","BLOCK":"SINAPALI","DISTRICT":"NUAPADA"},"geometry":{"type":"Polygon","coordinates":[[[83.35078,19.97009],[83.35207,19.97264],[83.35096,19.97551],[83.35137,19.97775],[83.35385,19.97788],[83.35554,19.97857],[83.35584,19.97909],[83.35594,19.98156],[83.35441,19.986],[83.35464,19.98604],[83.35623,19.98432],[83.35793,19.98416],[83.35908,19.98284],[83.35993,19.9825],[83.36029,19.98285],[83.3604,19.98543],[83.36069,19.98601],[83.36353,19.98786],[83.36516,19.98821],[83.36813,19.98725],[83.36898,19.98733],[83.36929,19.98564],[83.36923,19.98386],[83.3687,19.98219],[83.36759,19.97569],[83.36808,19.97443],[83.37038,19.97369],[83.37154,19.97216],[83.37181,19.97017],[83.36903,19.9684],[83.36344,19.96234],[83.3623,19.96156],[83.35592,19.96599],[83.35078,19.97009]]]}},{"type":"Feature","properties":{"LCODE":"100170006000600162","LOCATION":"KADAMGUDA","V_TYPE":"VILLAGE","BLOCK":"SINAPALI","DISTRICT":"NUAPADA"},"geometry":{"type":"Polygon","coordinates":[[[83.40239,19.98066],[83.40287,19.98158],[83.40571,19.98251],[83.40606,19.98395],[83.40575,19.98676],[83.40967,19.98707],[83.41089,19.98814],[83.411,19.98707],[83.41222,19.98518],[83.4129,19.98335],[83.41309,19.98116],[83.41388,19.98065],[83.4166,19.98071],[83.41718,19.98025],[83.41734,19.97952],[83.41704,19.97888],[83.41523,19.97796],[83.41536,19.97681],[83.41476,19.97491],[83.41512,19.97474],[83.41605,19.97285],[83.41811,19.96778],[83.41553,19.96745],[83.41366,19.96755],[83.41209,19.96709],[83.40813,19.96667],[83.40706,19.96856],[83.40736,19.96971],[83.4071,19.97166],[83.40782,19.97316],[83.40872,19.9742],[83.40884,19.97529],[83.4081,19.97592],[83.40707,19.97603],[83.40392,19.97722],[83.40289,19.97906],[83.40239,19.98066]]]}},{"type":"Feature","properties":{"LCODE":"100140001000100054","LOCATION":"KHAIRMAL","V_TYPE":"VILLAGE","BLOCK":"NUAPARA","DISTRICT":"NUAPADA"},"geometry":{"type":"Polygon","coordinates":[[[83.27599,19.98457],[83.2761,19.98515],[83.27689,19.98538],[83.27858,19.98499],[83.27973,19.98516],[83.28069,19.98626],[83.28297,19.98765],[83.28679,19.98778],[83.28775,19.98813],[83.28872,19.9879],[83.29206,19.9859],[83.29406,19.98534],[83.29503,19.98534],[83.2963,19.98471],[83.29642,19.98408],[83.29594,19.98333],[83.29197,19.98113],[83.29131,19.98044],[83.29119,19.97969],[83.29126,19.97883],[83.29175,19.97837],[83.2958,19.97781],[83.29659,19.97741],[83.29764,19.97596],[83.29648,19.97523],[83.29576,19.97425],[83.2956,19.97149],[83.29403,19.97039],[83.29314,19.96906],[83.28915,19.96801],[83.28719,19.96661],[83.28484,19.96989],[83.28391,19.97368],[83.28215,19.9758],[83.28082,19.97637],[83.27956,19.97736],[83.27983,19.97803],[83.27971,19.97884],[83.27855,19.98096],[83.27623,19.98377],[83.27599,19.98457]]]}},{"type":"Feature","properties":{"LCODE":"10017000300030rf","LOCATION":"RF","V_TYPE":"FOREST","BLOCK":"SINAPALI","DISTRICT":"NUAPADA"},"geometry":{"type":"Polygon","coordinates":[[[83.33436,19.93337],[83.33453,19.93394],[83.33706,19.93591],[83.33881,19.93672],[83.34116,19.93731],[83.34231,19.93823],[83.34387,19.93898],[83.34454,19.94008],[83.34628,19.94043],[83.34688,19.9417],[83.34737,19.94182],[83.3522,19.94098],[83.35378,19.94098],[83.35438,19.94144],[83.35455,19.94248],[83.3526,19.94529],[83.35179,19.94885],[83.3521,19.94948],[83.35444,19.95127],[83.35503,19.95254],[83.35691,19.95318],[83.35853,19.95474],[83.35851,19.95882],[83.36068,19.95906],[83.36122,19.95935],[83.36176,19.96044],[83.36103,19.96153],[83.35975,19.96262],[83.35825,19.96192],[83.3574,19.96203],[83.35364,19.96351],[83.35152,19.96396],[83.35074,19.96338],[83.35087,19.96097],[83.35021,19.9597],[83.34895,19.95924],[83.34798,19.95981],[83.34754,19.96176],[83.34753,19.96331],[83.34705,19.96388],[83.34559,19.96445],[83.34498,19.96566],[83.34503,19.96635],[83.34599,19.96767],[83.34605,19.96859],[83.34574,19.96871],[83.34406,19.96772],[83.34303,19.96766],[83.34236,19.96795],[83.34138,19.96978],[83.34149,19.97168],[83.34094,19.97288],[83.34003,19.97385],[83.33809,19.97511],[83.33643,19.97775],[83.3363,19.97919],[83.33719,19.98321],[83.33505,19.98671],[83.33488,19.98807],[83.33614,19.98614],[83.34369,19.9787],[83.34442,19.97772],[83.34565,19.9744],[83.34747,19.97245],[83.34991,19.97085],[83.35592,19.96599],[83.36217,19.96176],[83.36376,19.95907],[83.36505,19.95569],[83.36525,19.95327],[83.36507,19.95224],[83.36334,19.94867],[83.36347,19.94798],[83.3653,19.94494],[83.36666,19.94081],[83.36607,19.93908],[83.36607,19.93811],[83.36656,19.93667],[83.36639,19.93592],[83.36603,19.935],[83.36434,19.93362],[83.35099,19.932],[83.34193,19.93127],[83.33756,19.93026],[83.33497,19.93228],[83.33436,19.93337]]]}},{"type":"Feature","properties":{"LCODE":"100140001000100069","LOCATION":"DANGARIPADAR","V_TYPE":"VILLAGE","BLOCK":"NUAPARA","DISTRICT":"NUAPADA"},"geometry":{"type":"Polygon","coordinates":[[[83.16891,19.97504],[83.16905,19.9763],[83.17004,19.9779],[83.16963,19.98008],[83.16977,19.98186],[83.17033,19.9834],[83.17162,19.98511],[83.17213,19.98706],[83.17284,19.98804],[83.174,19.98738],[83.17491,19.98737],[83.17525,19.98774],[83.17593,19.98719],[83.17726,19.98689],[83.17738,19.98632],[83.17635,19.9857],[83.17664,19.98472],[83.1779,19.98379],[83.17903,19.98188],[83.18041,19.9813],[83.18113,19.9798],[83.18304,19.97835],[83.18412,19.97673],[83.1861,19.97568],[83.18701,19.97567],[83.18823,19.97629],[83.19323,19.97423],[83.19725,19.97081],[83.19799,19.97051],[83.19803,19.96965],[83.19862,19.96856],[83.20013,19.9678],[83.202,19.96795],[83.20295,19.96709],[83.20204,19.96612],[83.20142,19.964],[83.20055,19.96252],[83.19769,19.95991],[83.19611,19.95906],[83.19483,19.9589],[83.1927,19.9576],[83.18932,19.95646],[83.18666,19.95858],[83.18381,19.96331],[83.18249,19.96452],[83.18085,19.96488],[83.17674,19.96504],[83.17464,19.96649],[83.17201,19.97019],[83.17075,19.9706],[83.16975,19.9705],[83.16891,19.97504]]]}},{"type":"Feature","properties":{"LCODE":"100140001000100076","LOCATION":"TENTULICHUAN","V_TYPE":"VILLAGE","BLOCK":"NUAPARA","DISTRICT":"NUAPADA"},"geometry":{"type":"Polygon","coordinates":[[[83.10019,19.98133],[83.1002,19.98178],[83.1005,19.98207],[83.10135,19.982],[83.10184,19.98292],[83.10082,19.98457],[83.10406,19.98657],[83.11417,19.98774],[83.11452,19.98687],[83.11591,19.98571],[83.11564,19.98347],[83.1169,19.98226],[83.11803,19.98023],[83.11765,19.97266],[83.11783,19.97243],[83.1191,19.97236],[83.1195,19.9712],[83.11805,19.9703],[83.11636,19.97032],[83.11502,19.9697],[83.11219,19.97082],[83.10778,19.97166],[83.10439,19.97152],[83.10203,19.9744],[83.10261,19.97476],[83.10141,19.97638],[83.10118,19.97718],[83.10145,19.97994],[83.10072,19.98046],[83.10019,19.98133]]]}},{"type":"Feature","properties":{"LCODE":"100140001000100079","LOCATION":"KALAM","V_TYPE":"VILLAGE","BLOCK":"NUAPARA","DISTRICT":"NUAPADA"},"geometry":{"type":"Polygon","coordinates":[[[83.01109,19.96478],[83.01118,19.96782],[83.01214,19.97258],[83.01212,19.97626],[83.01244,19.97809],[83.01354,19.98021],[83.01513,19.98186],[83.01952,19.9855],[83.01988,19.9861],[83.0208,19.98566],[83.02296,19.9838],[83.02444,19.98148],[83.02668,19.98106],[83.02782,19.98007],[83.02902,19.97954],[83.03056,19.97941],[83.03125,19.97797],[83.03305,19.97669],[83.03286,19.97577],[83.0301,19.97212],[83.03015,19.97097],[83.03223,19.96716],[83.03282,19.96543],[83.03172,19.96452],[83.03117,19.96326],[83.03129,19.95942],[83.02941,19.95701],[83.02752,19.95542],[83.02709,19.95537],[83.02336,19.95701],[83.02209,19.95725],[83.01868,19.96154],[83.01766,19.96218],[83.0144,19.96325],[83.01109,19.96478]]]}},{"type":"Feature","properties":{"LCODE":"100140001000100061","LOCATION":"DEPUR","V_TYPE":"VILLAGE","BLOCK":"NUAPARA","DISTRICT":"NUAPADA"},"geometry":{"type":"Polygon","coordinates":[[[83.24984,19.96621],[83.25062,19.96963],[83.25164,19.97067],[83.25254,19.97257],[83.25404,19.97333],[83.25619,19.97794],[83.25896,19.97967],[83.26069,19.98348],[83.26111,19.98382],[83.2625,19.98377],[83.26364,19.98495],[83.26797,19.98063],[83.26901,19.97762],[83.26914,19.97621],[83.26801,19.97494],[83.26771,19.97379],[83.26778,19.97298],[83.26839,19.97189],[83.26803,19.97068],[83.2684,19.96936],[83.26817,19.96867],[83.26836,19.96689],[83.26794,19.96589],[83.26734,19.96533],[83.26765,19.96378],[83.26718,19.9617],[83.26791,19.96033],[83.26768,19.95935],[83.26684,19.95848],[83.26611,19.959],[83.26338,19.95973],[83.26192,19.96168],[83.26083,19.96151],[83.25981,19.9607],[83.25865,19.96196],[83.25574,19.96321],[83.25313,19.96538],[83.25108,19.96526],[83.24984,19.96621]]]}},{"type":"Feature","properties":{"LCODE":"100170006000600154","LOCATION":"BHURTIGARH","V_TYPE":"VILLAGE","BLOCK":"SINAPALI","DISTRICT":"NUAPADA"},"geometry":{"type":"Polygon","coordinates":[[[83.4523,19.97696],[83.45236,19.97786],[83.45381,19.97771],[83.45434,19.9803],[83.45494,19.98019],[83.45495,19.97984],[83.45537,19.97956],[83.45599,19.98034],[83.46053,19.97722],[83.46283,19.97603],[83.47004,19.97313],[83.47101,19.9729],[83.47247,19.97303],[83.47288,19.97377],[83.47257,19.97521],[83.4663,19.9815],[83.46526,19.98379],[83.4658,19.98477],[83.46641,19.98488],[83.46956,19.98346],[83.47125,19.98358],[83.47179,19.98397],[83.47198,19.98336],[83.47398,19.98118],[83.47629,19.98079],[83.47738,19.97999],[83.47835,19.98011],[83.4784,19.98046],[83.47742,19.982],[83.47773,19.9824],[83.47845,19.98264],[83.47967,19.98201],[83.48046,19.98092],[83.48106,19.98058],[83.48354,19.98002],[83.4847,19.98048],[83.48522,19.98171],[83.48838,19.98027],[83.48882,19.97924],[83.48867,19.97657],[83.48677,19.97699],[83.4864,19.97681],[83.48581,19.97561],[83.48565,19.97239],[83.4859,19.97004],[83.48534,19.96572],[83.48273,19.96526],[83.48158,19.96459],[83.48096,19.96477],[83.48013,19.96455],[83.47534,19.9626],[83.47489,19.96563],[83.47456,19.96586],[83.47028,19.96604],[83.46864,19.9669],[83.46665,19.96855],[83.46508,19.96863],[83.46201,19.96818],[83.45943,19.96863],[83.45831,19.9714],[83.45568,19.9714],[83.45346,19.97277],[83.45365,19.97421],[83.45328,19.97519],[83.45351,19.97605],[83.4523,19.97696]]]}},{"type":"Feature","properties":{"LCODE":"10014000100010rf","LOCATION":"RF","V_TYPE":"FOREST","BLOCK":"NUAPARA","DISTRICT":"NUAPADA"},"geometry":{"type":"Polygon","coordinates":[[[83.21381,19.97466],[83.21394,19.97535],[83.21601,19.97722],[83.22123,19.97872],[83.22287,19.97974],[83.22363,19.98226],[83.22472,19.98339],[83.22655,19.98395],[83.22768,19.9833],[83.2278,19.9821],[83.22749,19.98141],[83.22675,19.98027],[83.22546,19.9792],[83.22353,19.97859],[83.22206,19.97717],[83.21902,19.97542],[83.21713,19.97498],[83.21501,19.97402],[83.21416,19.97392],[83.21381,19.97466]]]}},{"type":"Feature","properties":{"LCODE":"100170003000300123","LOCATION":"SANTPUR","V_TYPE":"VILLAGE","BLOCK":"SINAPALI","DISTRICT":"NUAPADA"},"geometry":{"type":"Polygon","coordinates":[[[83.31437,19.97004],[83.31464,19.97157],[83.31537,19.97243],[83.31542,19.97289],[83.31499,19.97479],[83.3154,19.97622],[83.31495,19.97688],[83.3172,19.97893],[83.31743,19.98106],[83.3185,19.98342],[83.32056,19.98337],[83.3228,19.98258],[83.32401,19.98264],[83.32758,19.98174],[83.32831,19.98134],[83.32868,19.98019],[83.3298,19.9793],[83.32966,19.97887],[83.33015,19.97743],[83.33003,19.97669],[83.32907,19.9753],[83.32896,19.97456],[83.32994,19.97249],[83.32983,19.97111],[83.33051,19.9695],[83.32967,19.96766],[83.32998,19.96657],[83.32956,19.96507],[83.32999,19.96364],[83.32957,19.96277],[83.32855,19.96237],[83.3275,19.96255],[83.32703,19.96386],[83.32551,19.96523],[83.32278,19.96614],[83.32054,19.96739],[83.31751,19.96732],[83.31599,19.96944],[83.31437,19.97004]]]}},{"type":"Feature","properties":{"LCODE":"100140001000100062","LOCATION":"SUAGPUR","V_TYPE":"VILLAGE","BLOCK":"NUAPARA","DISTRICT":"NUAPADA"},"geometry":{"type":"Polygon","coordinates":[[[83.24761,19.97904],[83.24804,19.97978],[83.24932,19.98063],[83.24909,19.98195],[83.24928,19.98223],[83.25078,19.98223],[83.25182,19.98294],[83.25485,19.97862],[83.25603,19.97766],[83.25404,19.97333],[83.25217,19.97217],[83.25164,19.97067],[83.25031,19.96897],[83.24905,19.97157],[83.24924,19.97335],[83.24878,19.9749],[83.24867,19.97662],[83.24761,19.97904]]]}},{"type":"Feature","properties":{"LCODE":"100170006000600157","LOCATION":"KHIKSABHATA","V_TYPE":"VILLAGE","BLOCK":"SINAPALI","DISTRICT":"NUAPADA"},"geometry":{"type":"Polygon","coordinates":[[[83.42947,19.97302],[83.42973,19.97367],[83.43557,19.97379],[83.43696,19.97397],[83.43883,19.97484],[83.44061,19.98059],[83.44169,19.98168],[83.44302,19.98209],[83.44559,19.98089],[83.44588,19.97877],[83.44649,19.97797],[83.44625,19.97705],[83.44704,19.97659],[83.44717,19.97619],[83.44566,19.97498],[83.44585,19.97355],[83.44817,19.97182],[83.44831,19.97099],[83.44678,19.97097],[83.44563,19.97056],[83.44329,19.96665],[83.44228,19.964],[83.44066,19.96256],[83.44036,19.96182],[83.43951,19.96204],[83.43866,19.96284],[83.43829,19.96398],[83.4384,19.96571],[83.43505,19.96954],[83.43372,19.96999],[83.43353,19.97154],[83.43165,19.97268],[83.43068,19.97302],[83.42947,19.97302]]]}},{"type":"Feature","properties":{"LCODE":"100170006000600155","LOCATION":"SORE PARU","V_TYPE":"VILLAGE","BLOCK":"SINAPALI","DISTRICT":"NUAPADA"},"geometry":{"type":"Polygon","coordinates":[[[83.44727,19.98085],[83.44968,19.98108],[83.45427,19.98208],[83.45599,19.98034],[83.45537,19.97956],[83.45495,19.97984],[83.45494,19.98019],[83.45434,19.9803],[83.45381,19.97771],[83.45229,19.97788],[83.45139,19.97753],[83.45055,19.97787],[83.4492,19.97902],[83.44811,19.97924],[83.44727,19.98085]]]}},{"type":"Feature","properties":{"LCODE":"100140001000100071","LOCATION":"DUMAL","V_TYPE":"VILLAGE","BLOCK":"NUAPARA","DISTRICT":"NUAPADA"},"geometry":{"type":"Polygon","coordinates":[[[83.13714,19.97362],[83.13751,19.97482],[83.13988,19.97601],[83.14037,19.97612],[83.14206,19.97524],[83.14275,19.97724],[83.14348,19.97804],[83.14324,19.97902],[83.14349,19.9797],[83.14537,19.9802],[83.14912,19.97936],[83.15123,19.98153],[83.15306,19.98053],[83.15378,19.97983],[83.15523,19.9793],[83.156,19.97786],[83.15768,19.97681],[83.15865,19.97686],[83.16073,19.97879],[83.16151,19.97884],[83.16579,19.97668],[83.16897,19.97428],[83.16975,19.9705],[83.16887,19.96999],[83.16764,19.96851],[83.16616,19.96554],[83.16401,19.96229],[83.16193,19.96013],[83.16174,19.95961],[83.16203,19.95881],[83.15879,19.96022],[83.15607,19.96036],[83.15438,19.96106],[83.15276,19.96234],[83.1507,19.96293],[83.14951,19.96363],[83.14539,19.96367],[83.1433,19.96604],[83.14188,19.96916],[83.13791,19.97178],[83.13714,19.97362]]]}},{"type":"Feature","properties":{"LCODE":"100170006000600156","LOCATION":"JAMGUDA","V_TYPE":"VILLAGE","BLOCK":"SINAPALI","DISTRICT":"NUAPADA"},"geometry":{"type":"Polygon","coordinates":[[[83.44559,19.98089],[83.44727,19.98085],[83.44811,19.97924],[83.44981,19.97867],[83.45097,19.97759],[83.45236,19.97786],[83.4523,19.97696],[83.45351,19.97605],[83.45328,19.97519],[83.45365,19.97421],[83.45346,19.97277],[83.44838,19.97271],[83.4479,19.97252],[83.44817,19.97182],[83.44585,19.97355],[83.44566,19.97498],[83.44717,19.97619],[83.44704,19.97659],[83.44625,19.97705],[83.44649,19.97797],[83.44588,19.97877],[83.44559,19.98089]]]}},{"type":"Feature","properties":{"LCODE":"100170006000600161","LOCATION":"KARKULI","V_TYPE":"VILLAGE","BLOCK":"SINAPALI","DISTRICT":"NUAPADA"},"geometry":{"type":"Polygon","coordinates":[[[83.41476,19.97526],[83.41536,19.97681],[83.41523,19.97796],[83.41704,19.97888],[83.41734,19.97952],[83.41718,19.98025],[83.4192,19.98016],[83.42162,19.98063],[83.42326,19.98],[83.42507,19.98001],[83.42617,19.979],[83.42654,19.97749],[83.42812,19.97485],[83.42973,19.97367],[83.42929,19.97302],[83.42831,19.97319],[83.42607,19.97456],[83.42498,19.97484],[83.42456,19.9749],[83.42311,19.97408],[83.42081,19.97476],[83.41978,19.97424],[83.41925,19.97326],[83.41834,19.97274],[83.41731,19.97326],[83.41639,19.97549],[83.41591,19.97566],[83.41537,19.97537],[83.41512,19.97474],[83.41483,19.9748],[83.41476,19.97526]]]}},{"type":"Feature","properties":{"LCODE":"100170006000600166","LOCATION":"PATVALER","V_TYPE":"VILLAGE","BLOCK":"SINAPALI","DISTRICT":"NUAPADA"},"geometry":{"type":"Polygon","coordinates":[[[83.37154,19.97186],[83.37154,19.97243],[83.37244,19.97382],[83.37333,19.97629],[83.37355,19.98014],[83.37379,19.98043],[83.37718,19.97947],[83.37876,19.9785],[83.38107,19.9777],[83.38258,19.978],[83.38602,19.97976],[83.38807,19.9794],[83.38946,19.97969],[83.39018,19.97912],[83.39013,19.97808],[83.38838,19.97767],[83.38755,19.97468],[83.38689,19.97405],[83.38602,19.97237],[83.38164,19.97276],[83.37831,19.97269],[83.375,19.97107],[83.37181,19.97017],[83.37154,19.97186]]]}},{"type":"Feature","properties":{"LCODE":"100170003000300129","LOCATION":"SANDHARPUR","V_TYPE":"VILLAGE","BLOCK":"SINAPALI","DISTRICT":"NUAPADA"},"geometry":{"type":"Polygon","coordinates":[[[83.32896,19.97456],[83.32907,19.9753],[83.33003,19.97669],[83.33015,19.97743],[83.32966,19.97887],[83.3298,19.9793],[83.33129,19.97888],[83.33293,19.97796],[83.33572,19.97729],[83.33705,19.9766],[83.33809,19.97511],[83.34003,19.97385],[83.34094,19.97288],[83.34149,19.97168],[83.34144,19.97048],[83.33914,19.97046],[83.33478,19.97182],[83.33333,19.97147],[83.33212,19.9725],[83.32992,19.97253],[83.32896,19.97456]]]}},{"type":"Feature","properties":{"LCODE":"100170006000600165","LOCATION":"PODA PADAR","V_TYPE":"VILLAGE","BLOCK":"SINAPALI","DISTRICT":"NUAPADA"},"geometry":{"type":"Polygon","coordinates":[[[83.3915,19.97183],[83.39233,19.97534],[83.39196,19.97678],[83.39436,19.97827],[83.39732,19.97823],[83.40054,19.97698],[83.40416,19.97713],[83.40707,19.97603],[83.4081,19.97592],[83.40884,19.97529],[83.40872,19.9742],[83.40782,19.97316],[83.4071,19.97166],[83.40736,19.96971],[83.40706,19.96856],[83.40797,19.9673],[83.4081,19.96644],[83.40676,19.96496],[83.40636,19.96523],[83.40315,19.96527],[83.39921,19.9668],[83.39752,19.96651],[83.39532,19.96529],[83.39455,19.96679],[83.39424,19.96816],[83.39345,19.96925],[83.39205,19.97011],[83.3915,19.97183]]]}},{"type":"Feature","properties":{"LCODE":"100140001000100077","LOCATION":"KAUGOPANA","V_TYPE":"VILLAGE","BLOCK":"NUAPARA","DISTRICT":"NUAPADA"},"geometry":{"type":"Polygon","coordinates":[[[83.08868,19.97005],[83.08919,19.97],[83.09101,19.97091],[83.09278,19.97215],[83.09384,19.97519],[83.0938,19.97754],[83.09453,19.97765],[83.09862,19.97491],[83.10091,19.9742],[83.10203,19.9744],[83.10417,19.97168],[83.10378,19.97096],[83.10371,19.96987],[83.10447,19.96773],[83.10409,19.96578],[83.10426,19.96423],[83.10022,19.96553],[83.0981,19.96556],[83.0969,19.96694],[83.0954,19.96753],[83.0902,19.9685],[83.08868,19.97005]]]}},{"type":"Feature","properties":{"LCODE":"100140001000100060","LOCATION":"DANGARIGUDA","V_TYPE":"VILLAGE","BLOCK":"NUAPARA","DISTRICT":"NUAPADA"},"geometry":{"type":"Polygon","coordinates":[[[83.26771,19.97333],[83.26801,19.97494],[83.26914,19.97621],[83.26901,19.97762],[83.276,19.9761],[83.27708,19.9744],[83.27763,19.97279],[83.27723,19.96882],[83.27784,19.96671],[83.2755,19.9664],[83.27349,19.9672],[83.27174,19.96719],[83.27017,19.96701],[83.26794,19.96589],[83.26836,19.96689],[83.26817,19.96867],[83.26839,19.96988],[83.26803,19.97097],[83.26839,19.97189],[83.26771,19.97333]]]}},{"type":"Feature","properties":{"LCODE":"100170003000300122","LOCATION":"SANCHICHING","V_TYPE":"VILLAGE","BLOCK":"SINAPALI","DISTRICT":"NUAPADA"},"geometry":{"type":"Polygon","coordinates":[[[83.29764,19.97596],[83.29992,19.97674],[83.30107,19.97674],[83.30204,19.97617],[83.30415,19.97624],[83.30644,19.97734],[83.30753,19.97757],[83.30905,19.97706],[83.31104,19.97753],[83.31358,19.97742],[83.31528,19.97663],[83.31541,19.97577],[83.31499,19.97433],[83.31542,19.97318],[83.31537,19.97243],[83.31464,19.97157],[83.31435,19.97001],[83.31107,19.96753],[83.31049,19.96781],[83.30887,19.96752],[83.30681,19.96762],[83.3045,19.96888],[83.30377,19.96962],[83.30151,19.97392],[83.30096,19.9745],[83.298,19.97535],[83.29764,19.97596]]]}},{"type":"Feature","properties":{"LCODE":"100140001000100059","LOCATION":"SINANGBHATA","V_TYPE":"VILLAGE","BLOCK":"NUAPARA","DISTRICT":"NUAPADA"},"geometry":{"type":"Polygon","coordinates":[[[83.276,19.9761],[83.27888,19.97648],[83.27956,19.97736],[83.28082,19.97637],[83.28215,19.9758],[83.28391,19.97368],[83.28484,19.96989],[83.28719,19.96661],[83.2841,19.96249],[83.28239,19.96499],[83.28076,19.9651],[83.27931,19.96555],[83.27784,19.96671],[83.27723,19.96882],[83.27763,19.97279],[83.27708,19.9744],[83.276,19.9761]]]}},{"type":"Feature","properties":{"LCODE":"100170006000600152","LOCATION":"MUNDIGHATI","V_TYPE":"VILLAGE","BLOCK":"SINAPALI","DISTRICT":"NUAPADA"},"geometry":{"type":"Polygon","coordinates":[[[83.48534,19.96572],[83.4859,19.97004],[83.48569,19.97498],[83.4864,19.97681],[83.48713,19.97705],[83.48867,19.97657],[83.4892,19.97413],[83.49116,19.97092],[83.49329,19.96984],[83.49317,19.96743],[83.49179,19.9661],[83.49126,19.96495],[83.49102,19.9634],[83.49066,19.96312],[83.48891,19.96345],[83.48684,19.96522],[83.48534,19.96572]]]}},{"type":"Feature","properties":{"LCODE":"100140001000100055","LOCATION":"CHHATIKUDA","V_TYPE":"VILLAGE","BLOCK":"NUAPARA","DISTRICT":"NUAPADA"},"geometry":{"type":"Polygon","coordinates":[[[83.2791,19.96581],[83.28022,19.96521],[83.28239,19.96499],[83.2841,19.96249],[83.28789,19.96726],[83.29018,19.96842],[83.29314,19.96906],[83.29403,19.97039],[83.29536,19.9712],[83.2956,19.97149],[83.29576,19.97425],[83.29648,19.97523],[83.29764,19.97596],[83.298,19.97535],[83.30096,19.9745],[83.30151,19.97392],[83.30377,19.96962],[83.3045,19.96888],[83.30681,19.96762],[83.30887,19.96752],[83.31049,19.96781],[83.31104,19.96758],[83.31117,19.96643],[83.31065,19.96275],[83.31096,19.96172],[83.31157,19.96092],[83.31097,19.95976],[83.31084,19.95871],[83.30934,19.95976],[83.30619,19.96038],[83.30437,19.96152],[83.30153,19.96116],[83.29881,19.96023],[83.29815,19.96057],[83.29723,19.96223],[83.29445,19.9624],[83.28714,19.96133],[83.28593,19.96144],[83.28525,19.96183],[83.28551,19.96046],[83.28516,19.95843],[83.28371,19.95815],[83.28286,19.95844],[83.28214,19.95918],[83.28151,19.96188],[83.27993,19.9636],[83.2791,19.96581]]]}},{"type":"Feature","properties":{"LCODE":"100140001000100067","LOCATION":"BORGUDA","V_TYPE":"VILLAGE","BLOCK":"NUAPARA","DISTRICT":"NUAPADA"},"geometry":{"type":"Polygon","coordinates":[[[83.20267,19.96662],[83.2056,19.97079],[83.2058,19.97216],[83.20519,19.97388],[83.20599,19.97382],[83.20859,19.97517],[83.20902,19.97402],[83.20974,19.97379],[83.21291,19.97593],[83.21416,19.97559],[83.21381,19.97466],[83.21416,19.97392],[83.21911,19.97547],[83.21944,19.97484],[83.22014,19.9726],[83.22018,19.97111],[83.21975,19.96991],[83.22002,19.96755],[83.21889,19.96252],[83.21923,19.96108],[83.21795,19.95734],[83.214,19.9582],[83.2128,19.95867],[83.21136,19.95995],[83.20847,19.96084],[83.20703,19.96263],[83.2048,19.96351],[83.2039,19.96426],[83.20267,19.96662]]]}},{"type":"Feature","properties":{"LCODE":"100170006000600160","LOCATION":"TADABALA","V_TYPE":"VILLAGE","BLOCK":"SINAPALI","DISTRICT":"NUAPADA"},"geometry":{"type":"Polygon","coordinates":[[[83.41512,19.97474],[83.41537,19.97537],[83.41591,19.97566],[83.41639,19.97549],[83.41731,19.97326],[83.41834,19.97274],[83.41925,19.97326],[83.41978,19.97424],[83.42081,19.97476],[83.42311,19.97408],[83.42456,19.9749],[83.42498,19.97484],[83.42607,19.97456],[83.42831,19.97319],[83.43068,19.97302],[83.43317,19.97189],[83.43353,19.97154],[83.43372,19.96999],[83.43505,19.96954],[83.4384,19.96571],[83.43829,19.96398],[83.43866,19.96284],[83.43951,19.96204],[83.44084,19.9617],[83.4417,19.96101],[83.44158,19.959],[83.44171,19.95785],[83.44208,19.95722],[83.44335,19.95637],[83.44556,19.95644],[83.44552,19.95319],[83.44234,19.95355],[83.44186,19.95303],[83.44137,19.95446],[83.44009,19.95595],[83.43681,19.95829],[83.4319,19.96103],[83.43129,19.96217],[83.43267,19.96384],[83.43236,19.96459],[83.43151,19.96539],[83.42921,19.96572],[83.42656,19.96451],[83.42522,19.96582],[83.424,19.96628],[83.42117,19.96615],[83.41947,19.96649],[83.41819,19.96757],[83.41512,19.97474]]]}},{"type":"Feature","properties":{"LCODE":"10014000100010rf","LOCATION":"RF","V_TYPE":"FOREST","BLOCK":"NUAPARA","DISTRICT":"NUAPADA"},"geometry":{"type":"Polygon","coordinates":[[[83.19797,19.97023],[83.19817,19.972],[83.20023,19.97449],[83.20274,19.97489],[83.20519,19.97388],[83.2058,19.97216],[83.2056,19.97079],[83.20295,19.96709],[83.202,19.96795],[83.20013,19.9678],[83.19862,19.96856],[83.19797,19.97023]]]}},{"type":"Feature","properties":{"LCODE":"100140001000100064","LOCATION":"UDEPUR","V_TYPE":"VILLAGE","BLOCK":"NUAPARA","DISTRICT":"NUAPADA"},"geometry":{"type":"Polygon","coordinates":[[[83.23628,19.96551],[83.23672,19.96659],[83.23787,19.96704],[83.23817,19.96772],[83.23803,19.97082],[83.23719,19.9718],[83.23692,19.97439],[83.23753,19.97478],[83.23813,19.97472],[83.23969,19.97379],[83.24132,19.97331],[83.24197,19.97222],[83.24296,19.96768],[83.24493,19.96508],[83.24484,19.96301],[83.24669,19.95973],[83.24668,19.9591],[83.24545,19.95722],[83.24412,19.95706],[83.24316,19.95867],[83.24178,19.95886],[83.24123,19.95846],[83.24116,19.95709],[83.24078,19.95612],[83.23969,19.95647],[83.23875,19.95877],[83.23884,19.96112],[83.23704,19.96286],[83.23628,19.96551]]]}},{"type":"Feature","properties":{"LCODE":"100140001000100066","LOCATION":"BALAJIPITA","V_TYPE":"VILLAGE","BLOCK":"NUAPARA","DISTRICT":"NUAPADA"},"geometry":{"type":"Polygon","coordinates":[[[83.22585,19.9695],[83.22592,19.97036],[83.2274,19.9727],[83.22849,19.97349],[83.2291,19.97349],[83.23048,19.9729],[83.2312,19.97215],[83.23191,19.97036],[83.23154,19.9691],[83.23268,19.96892],[83.23249,19.96806],[83.23346,19.96759],[83.23193,19.96663],[83.23168,19.96584],[83.23174,19.96509],[83.23282,19.96405],[83.23321,19.96054],[83.23301,19.95957],[83.23215,19.95838],[83.23219,19.95643],[83.23164,19.9554],[83.23067,19.95524],[83.22959,19.95628],[83.22958,19.96041],[83.22802,19.9626],[83.22787,19.96495],[83.22654,19.96594],[83.22699,19.96806],[83.22615,19.96876],[83.22585,19.9695]]]}},{"type":"Feature","properties":{"LCODE":"100140001000100078","LOCATION":"KAMACHUAN","V_TYPE":"VILLAGE","BLOCK":"NUAPARA","DISTRICT":"NUAPADA"},"geometry":{"type":"Polygon","coordinates":[[[83.08208,19.97271],[83.08214,19.97306],[83.0825,19.97305],[83.08466,19.9716],[83.08868,19.97005],[83.0902,19.9685],[83.0963,19.96724],[83.0969,19.96694],[83.09819,19.96554],[83.09693,19.9639],[83.09431,19.96174],[83.09231,19.96119],[83.08878,19.96123],[83.0893,19.96277],[83.08871,19.96495],[83.08794,19.96565],[83.08739,19.96566],[83.08709,19.9656],[83.08647,19.96469],[83.08587,19.96458],[83.08395,19.96569],[83.08263,19.9672],[83.08276,19.96806],[83.08477,19.96947],[83.08465,19.96999],[83.08315,19.97081],[83.08243,19.97156],[83.08208,19.97271]]]}},{"type":"Feature","properties":{"LCODE":"100170003000300168","LOCATION":"BADHARPUR","V_TYPE":"VILLAGE","BLOCK":"SINAPALI","DISTRICT":"NUAPADA"},"geometry":{"type":"Polygon","coordinates":[[[83.32954,19.96276],[83.32999,19.96364],[83.32956,19.96507],[83.32998,19.96657],[83.32967,19.96766],[83.33051,19.9695],[83.32983,19.97111],[83.32992,19.97253],[83.3317,19.97261],[83.33333,19.97147],[83.33478,19.97182],[83.33914,19.97046],[83.34144,19.97048],[83.34138,19.96978],[83.34187,19.96857],[83.34236,19.96795],[83.34303,19.96766],[83.34406,19.96772],[83.34574,19.96871],[83.34605,19.96859],[83.34599,19.96767],[83.34503,19.96635],[83.34498,19.96566],[83.34559,19.96445],[83.34705,19.96388],[83.34753,19.96331],[83.34766,19.96107],[83.34823,19.95957],[83.34762,19.95871],[83.34695,19.95854],[83.34538,19.95928],[83.34387,19.95881],[83.34061,19.95914],[83.33788,19.95976],[83.33608,19.95965],[83.32954,19.96276]]]}},{"type":"Feature","properties":{"LCODE":"100140001000100090","LOCATION":"KAMTHANA","V_TYPE":"VILLAGE","BLOCK":"NUAPARA","DISTRICT":"NUAPADA"},"geometry":{"type":"Polygon","coordinates":[[[83.11774,19.96422],[83.11879,19.9657],[83.11852,19.96886],[83.1195,19.9712],[83.12012,19.97166],[83.12103,19.97188],[83.1223,19.97135],[83.12296,19.9714],[83.12346,19.97212],[83.12405,19.97208],[83.12822,19.97061],[83.13094,19.97127],[83.13639,19.97122],[83.1373,19.97138],[83.13789,19.97183],[83.14152,19.96956],[83.14235,19.96852],[83.1433,19.96604],[83.14539,19.96367],[83.14951,19.96363],[83.1507,19.96293],[83.15276,19.96234],[83.15438,19.96106],[83.15607,19.96036],[83.15879,19.96022],[83.16336,19.95799],[83.16367,19.9577],[83.16346,19.9557],[83.16363,19.95426],[83.16512,19.95212],[83.16547,19.95091],[83.16515,19.94902],[83.1635,19.94743],[83.16294,19.94635],[83.16287,19.94537],[83.16128,19.94332],[83.16017,19.94132],[83.15883,19.94053],[83.15508,19.93999],[83.15125,19.93831],[83.14883,19.93793],[83.14683,19.93789],[83.14538,19.93836],[83.14345,19.93849],[83.14296,19.93821],[83.14236,19.93827],[83.14188,19.93856],[83.14116,19.93995],[83.13886,19.93986],[83.1382,19.94038],[83.13979,19.94197],[83.13999,19.94392],[83.13818,19.94399],[83.13697,19.94464],[83.13518,19.94672],[83.13348,19.9461],[83.13314,19.94829],[83.13194,19.9491],[83.12898,19.94988],[83.12748,19.9511],[83.12749,19.95179],[83.12939,19.95493],[83.1294,19.95556],[83.12791,19.95764],[83.12383,19.96124],[83.1233,19.96256],[83.12227,19.96274],[83.12144,19.96407],[83.1192,19.96409],[83.11799,19.96382],[83.11774,19.96422]]]}},{"type":"Feature","properties":{"LCODE":"100140001000100086","LOCATION":"KACHHARPADAR","V_TYPE":"VILLAGE","BLOCK":"NUAPARA","DISTRICT":"NUAPADA"},"geometry":{"type":"Polygon","coordinates":[[[83.10371,19.96987],[83.10378,19.97096],[83.10417,19.97168],[83.10778,19.97166],[83.11219,19.97082],[83.11502,19.9697],[83.11636,19.97032],[83.11805,19.9703],[83.1195,19.9712],[83.11852,19.96886],[83.11879,19.9657],[83.11774,19.96422],[83.11799,19.96382],[83.11962,19.96409],[83.1204,19.9631],[83.12033,19.96242],[83.11924,19.96225],[83.11893,19.96117],[83.11862,19.961],[83.1179,19.961],[83.11729,19.96044],[83.11541,19.95999],[83.11449,19.95914],[83.11249,19.95853],[83.11127,19.95742],[83.11018,19.95775],[83.10958,19.95833],[83.10947,19.95947],[83.10918,19.95976],[83.10665,19.96128],[83.10461,19.96302],[83.10407,19.96425],[83.10426,19.96423],[83.10409,19.96578],[83.10442,19.96825],[83.10371,19.96987]]]}},{"type":"Feature","properties":{"LCODE":"100170006000600158","LOCATION":"DANBAHAL(DHANBAHAL)","V_TYPE":"VILLAGE","BLOCK":"SINAPALI","DISTRICT":"NUAPADA"},"geometry":{"type":"Polygon","coordinates":[[[83.44036,19.96182],[83.44066,19.96256],[83.44228,19.964],[83.44329,19.96665],[83.44563,19.97056],[83.44678,19.97097],[83.44829,19.97084],[83.44797,19.96911],[83.44804,19.96619],[83.44759,19.96436],[83.44647,19.96177],[83.44556,19.95644],[83.44335,19.95637],[83.44208,19.95722],[83.44171,19.95785],[83.44158,19.959],[83.4417,19.96101],[83.44036,19.96182]]]}},{"type":"Feature","properties":{"LCODE":"10014000100010rf","LOCATION":"RF","V_TYPE":"FOREST","BLOCK":"NUAPARA","DISTRICT":"NUAPADA"},"geometry":{"type":"Polygon","coordinates":[[[83.16174,19.95961],[83.16193,19.96013],[83.16401,19.96229],[83.16616,19.96554],[83.16764,19.96851],[83.16887,19.96999],[83.17014,19.97061],[83.17201,19.97019],[83.17464,19.96649],[83.17614,19.96533],[83.17753,19.96491],[83.18085,19.96488],[83.18249,19.96452],[83.18375,19.96337],[83.18434,19.96227],[83.18491,19.95968],[83.18479,19.95894],[83.18329,19.95743],[83.18049,19.95846],[83.17898,19.95871],[83.1768,19.95798],[83.17529,19.95811],[83.17291,19.95704],[83.17126,19.95539],[83.17084,19.95534],[83.17037,19.95707],[83.16995,19.95736],[83.16843,19.95726],[83.1674,19.95652],[83.16727,19.95526],[83.16767,19.95365],[83.16749,19.95302],[83.16663,19.95251],[83.16566,19.95258],[83.1641,19.95345],[83.16351,19.95484],[83.16367,19.9577],[83.16216,19.95863],[83.16174,19.95961]]]}},{"type":"Feature","properties":{"LCODE":"100170003000300170","LOCATION":"BADCHICHING","V_TYPE":"VILLAGE","BLOCK":"SINAPALI","DISTRICT":"NUAPADA"},"geometry":{"type":"Polygon","coordinates":[[[83.31065,19.96373],[83.31117,19.96643],[83.31107,19.96753],[83.31437,19.97004],[83.31599,19.96944],[83.31751,19.96732],[83.32054,19.96739],[83.32278,19.96614],[83.32551,19.96523],[83.32703,19.96386],[83.32752,19.96271],[83.32729,19.9619],[83.32536,19.96086],[83.32421,19.96045],[83.32076,19.96038],[83.32004,19.95986],[83.31973,19.9586],[83.31673,19.95835],[83.31582,19.95858],[83.31156,19.96089],[83.31096,19.96172],[83.31065,19.96373]]]}},{"type":"Feature","properties":{"LCODE":"100140001000100101","LOCATION":"SALEBHATA","V_TYPE":"VILLAGE","BLOCK":"NUAPARA","DISTRICT":"NUAPADA"},"geometry":{"type":"Polygon","coordinates":[[[83.21642,19.95204],[83.21822,19.9561],[83.21795,19.95734],[83.21923,19.96108],[83.21889,19.96252],[83.21991,19.96672],[83.22227,19.96776],[83.22481,19.96802],[83.22511,19.96842],[83.22519,19.96957],[83.22587,19.96997],[83.22591,19.9691],[83.22699,19.96806],[83.22654,19.96594],[83.22787,19.96495],[83.22791,19.96306],[83.22833,19.96225],[83.22789,19.96151],[83.22769,19.95974],[83.22683,19.95843],[83.22712,19.95751],[83.22699,19.95619],[83.22776,19.95568],[83.22691,19.95476],[83.22576,19.95419],[83.22484,19.95311],[83.22263,19.95151],[83.22016,19.95086],[83.21804,19.95082],[83.21669,19.95031],[83.21642,19.95204]]]}},{"type":"Feature","properties":{"LCODE":"100170006000600151","LOCATION":"KAPELPADAR","V_TYPE":"VILLAGE","BLOCK":"SINAPALI","DISTRICT":"NUAPADA"},"geometry":{"type":"Polygon","coordinates":[[[83.48158,19.96459],[83.48273,19.96526],[83.48405,19.96561],[83.48611,19.96562],[83.48891,19.96345],[83.49066,19.96312],[83.49102,19.9634],[83.49126,19.96495],[83.49179,19.9661],[83.49317,19.96743],[83.49329,19.96984],[83.4957,19.96979],[83.49776,19.96929],[83.50104,19.96661],[83.49687,19.96005],[83.49047,19.96069],[83.48313,19.96237],[83.48279,19.96249],[83.48158,19.96459]]]}},{"type":"Feature","properties":{"LCODE":"100140001000100063","LOCATION":"GAJARIBHAG","V_TYPE":"VILLAGE","BLOCK":"NUAPARA","DISTRICT":"NUAPADA"},"geometry":{"type":"Polygon","coordinates":[[[83.24803,19.96694],[83.24822,19.96814],[83.24925,19.96825],[83.24998,19.96784],[83.25003,19.96709],[83.24966,19.96658],[83.24851,19.96654],[83.24803,19.96694]]]}},{"type":"Feature","properties":{"LCODE":"100170006000600163","LOCATION":"KOSAMA(KUSAMA)","V_TYPE":"VILLAGE","BLOCK":"SINAPALI","DISTRICT":"NUAPADA"},"geometry":{"type":"Polygon","coordinates":[[[83.40676,19.96496],[83.40762,19.96569],[83.40813,19.96667],[83.40907,19.96662],[83.41426,19.96762],[83.41553,19.96745],[83.41811,19.96778],[83.41947,19.96649],[83.42032,19.96626],[83.424,19.96628],[83.42479,19.96605],[83.42678,19.96451],[83.42693,19.96388],[83.42686,19.96313],[83.42549,19.96094],[83.42555,19.96008],[83.42598,19.95962],[83.42798,19.95929],[83.42816,19.95866],[83.42786,19.95808],[83.42732,19.95802],[83.42387,19.95852],[83.42158,19.95828],[83.42044,19.95862],[83.41745,19.96085],[83.41575,19.96125],[83.41346,19.96089],[83.41103,19.96111],[83.40892,19.9607],[83.40807,19.96156],[83.40676,19.96496]]]}},{"type":"Feature","properties":{"LCODE":"10014000600060rf","LOCATION":"RF","V_TYPE":"FOREST","BLOCK":"NUAPARA","DISTRICT":"NUAPADA"},"geometry":{"type":"Polygon","coordinates":[[[83.23271,19.92959],[83.23327,19.93073],[83.23508,19.9314],[83.23588,19.93208],[83.23756,19.93642],[83.23976,19.93864],[83.2416,19.94137],[83.24429,19.94358],[83.24448,19.94542],[83.24491,19.94559],[83.24551,19.94529],[83.24602,19.9477],[83.24669,19.94798],[83.24766,19.9478],[83.24969,19.94612],[83.25121,19.94547],[83.25253,19.94554],[83.25368,19.94652],[83.25349,19.94761],[83.25082,19.94864],[83.24862,19.95341],[83.24863,19.95438],[83.24913,19.95566],[83.25,19.95684],[83.25089,19.95749],[83.25269,19.9575],[83.25404,19.95498],[83.25465,19.95458],[83.25598,19.9547],[83.25706,19.9551],[83.25803,19.95597],[83.25874,19.95856],[83.25929,19.95891],[83.2597,19.9588],[83.26007,19.95817],[83.26039,19.95523],[83.26106,19.95374],[83.26368,19.9514],[83.26698,19.94669],[83.26764,19.94664],[83.26794,19.94733],[83.26763,19.94848],[83.26781,19.9494],[83.26942,19.95085],[83.2696,19.95177],[83.26911,19.95291],[83.26668,19.95572],[83.2663,19.95653],[83.2663,19.95745],[83.26648,19.95802],[83.26792,19.95981],[83.26791,19.96033],[83.26718,19.9617],[83.26765,19.96378],[83.2674,19.96562],[83.27017,19.96701],[83.27349,19.9672],[83.2755,19.9664],[83.27803,19.9667],[83.2791,19.96581],[83.27993,19.9636],[83.28151,19.96188],[83.28244,19.95878],[83.28371,19.95815],[83.28516,19.95843],[83.28553,19.95787],[83.28656,19.95736],[83.2871,19.9573],[83.28806,19.95829],[83.29005,19.95916],[83.29047,19.95968],[83.29101,19.9614],[83.29155,19.96181],[83.29445,19.9624],[83.2951,19.96231],[83.29475,19.96153],[83.29482,19.96067],[83.2964,19.95913],[83.29816,19.95844],[83.29919,19.95862],[83.30172,19.95978],[83.30414,19.95951],[83.30554,19.95813],[83.30627,19.95802],[83.3073,19.95825],[83.30856,19.95791],[83.30994,19.95932],[83.31084,19.95871],[83.31143,19.9539],[83.31358,19.94931],[83.31364,19.94851],[83.31256,19.94793],[83.31238,19.94735],[83.31312,19.94575],[83.31295,19.94345],[83.31205,19.94183],[83.31079,19.94068],[83.30886,19.94038],[83.30686,19.94077],[83.30234,19.93897],[83.30072,19.93638],[83.29837,19.93516],[83.29705,19.93406],[83.29644,19.93417],[83.2948,19.93531],[83.29353,19.93531],[83.29366,19.93451],[83.29605,19.93131],[83.29036,19.93087],[83.28803,19.9297],[83.28177,19.93123],[83.27687,19.93132],[83.27615,19.93086],[83.27489,19.92873],[83.27351,19.92826],[83.27281,19.9275],[83.27127,19.92722],[83.26952,19.92732],[83.2674,19.92863],[83.26691,19.92858],[83.26565,19.92759],[83.26506,19.92529],[83.26421,19.925],[83.26379,19.92517],[83.26251,19.92677],[83.26081,19.92723],[83.25937,19.92676],[83.2575,19.92525],[83.25599,19.92519],[83.25539,19.92565],[83.2547,19.928],[83.24989,19.92854],[83.24866,19.92824],[83.24818,19.92887],[83.24571,19.92941],[83.24416,19.93074],[83.24343,19.93098],[83.24265,19.93087],[83.24094,19.92934],[83.23779,19.92977],[83.23689,19.92966],[83.23482,19.92871],[83.23282,19.92893],[83.23271,19.92959]]]}},{"type":"Feature","properties":{"LCODE":"100170006000600164","LOCATION":"DURVATA","V_TYPE":"VILLAGE","BLOCK":"SINAPALI","DISTRICT":"NUAPADA"},"geometry":{"type":"Polygon","coordinates":[[[83.39532,19.96529],[83.39752,19.96651],[83.39921,19.9668],[83.40315,19.96527],[83.40636,19.96523],[83.40696,19.96477],[83.40807,19.96156],[83.4091,19.9607],[83.40857,19.95903],[83.40858,19.95662],[83.40895,19.95564],[83.41035,19.95404],[83.41158,19.95158],[83.41177,19.94991],[83.41123,19.94882],[83.41081,19.94859],[83.40996,19.94927],[83.40845,19.9499],[83.40614,19.95],[83.40427,19.95126],[83.40093,19.95257],[83.39934,19.9556],[83.39788,19.95703],[83.39629,19.95961],[83.39554,19.96029],[83.39683,19.96116],[83.39706,19.96231],[83.39663,19.96369],[83.39532,19.96529]]]}},{"type":"Feature","properties":{"LCODE":"100140001000100110","LOCATION":"GOPINATHPUR","V_TYPE":"VILLAGE","BLOCK":"NUAPARA","DISTRICT":"NUAPADA"},"geometry":{"type":"Polygon","coordinates":[[[83.24531,19.95713],[83.24706,19.9599],[83.24777,19.96251],[83.24834,19.96206],[83.24908,19.96303],[83.25005,19.9636],[83.2497,19.9644],[83.24839,19.96508],[83.24827,19.96661],[83.24966,19.96658],[83.24992,19.9668],[83.24984,19.96621],[83.25108,19.96526],[83.25313,19.96538],[83.25574,19.96321],[83.25865,19.96196],[83.25981,19.9607],[83.25929,19.95891],[83.25874,19.95856],[83.25803,19.95597],[83.25706,19.9551],[83.25598,19.9547],[83.25465,19.95458],[83.25404,19.95498],[83.25312,19.95693],[83.25227,19.95767],[83.25089,19.95749],[83.25,19.95684],[83.2485,19.95427],[83.247,19.95468],[83.24599,19.9567],[83.24531,19.95713]]]}},{"type":"Feature","properties":{"LCODE":"100140001000100099","LOCATION":"KURLUBHATA","V_TYPE":"VILLAGE","BLOCK":"NUAPARA","DISTRICT":"NUAPADA"},"geometry":{"type":"Polygon","coordinates":[[[83.18932,19.95646],[83.1927,19.9576],[83.19483,19.9589],[83.19611,19.95906],[83.19769,19.95991],[83.20055,19.96252],[83.20142,19.964],[83.20204,19.96612],[83.20267,19.96662],[83.2039,19.96426],[83.2048,19.96351],[83.20703,19.96263],[83.20882,19.96064],[83.20734,19.95769],[83.20701,19.95454],[83.20566,19.95237],[83.2037,19.95079],[83.20345,19.94993],[83.20266,19.9489],[83.20132,19.94886],[83.19994,19.94967],[83.19881,19.95186],[83.19768,19.95285],[83.19411,19.95392],[83.19086,19.95544],[83.18932,19.95646]]]}},{"type":"Feature","properties":{"LCODE":"10017000600060rf","LOCATION":"RF","V_TYPE":"FOREST","BLOCK":"SINAPALI","DISTRICT":"NUAPADA"},"geometry":{"type":"Polygon","coordinates":[[[83.4063,19.9334],[83.40733,19.93433],[83.40932,19.93526],[83.41083,19.93635],[83.41376,19.93999],[83.41455,19.94033],[83.41896,19.94058],[83.42059,19.94197],[83.42081,19.94519],[83.41982,19.94748],[83.41939,19.94972],[83.42063,19.95449],[83.42056,19.95638],[83.42025,19.95724],[83.42036,19.95857],[83.42061,19.95874],[83.42194,19.95823],[83.42387,19.95852],[83.42581,19.95807],[83.42786,19.95808],[83.42816,19.95866],[83.42798,19.95929],[83.42598,19.95962],[83.42555,19.96008],[83.42549,19.96094],[83.42686,19.96313],[83.42678,19.96451],[83.42848,19.96555],[83.43054,19.96567],[83.43194,19.96505],[83.43267,19.96384],[83.43129,19.96217],[83.43135,19.96171],[83.43238,19.96063],[83.43681,19.95829],[83.44009,19.95595],[83.44137,19.95446],[83.44186,19.95303],[83.44193,19.95229],[83.44097,19.95033],[83.44098,19.94952],[83.44297,19.94976],[83.44525,19.94803],[83.44366,19.94695],[83.44329,19.94586],[83.44423,19.94129],[83.44366,19.9347],[83.44378,19.93242],[83.43962,19.92942],[83.43768,19.9313],[83.43348,19.93148],[83.43124,19.9307],[83.4276,19.92849],[83.42551,19.9277],[83.4249,19.92774],[83.42348,19.93032],[83.42158,19.93178],[83.4203,19.93362],[83.41441,19.92709],[83.41293,19.92735],[83.41227,19.92786],[83.4105,19.92946],[83.40946,19.93164],[83.40752,19.9322],[83.4063,19.9334]]]}},{"type":"Feature","properties":{"LCODE":"100140001000100085","LOCATION":"LOHARAKUNI","V_TYPE":"VILLAGE","BLOCK":"NUAPARA","DISTRICT":"NUAPADA"},"geometry":{"type":"Polygon","coordinates":[[[83.08867,19.96036],[83.08878,19.96123],[83.09231,19.96119],[83.09431,19.96174],[83.09693,19.9639],[83.09819,19.96554],[83.10022,19.96553],[83.10407,19.96425],[83.10461,19.96302],[83.10515,19.9625],[83.10947,19.95947],[83.10982,19.95798],[83.11127,19.95742],[83.10889,19.95529],[83.1067,19.95468],[83.10621,19.9533],[83.10542,19.95262],[83.10408,19.95281],[83.10316,19.95173],[83.10177,19.95145],[83.10085,19.9506],[83.10037,19.95055],[83.09929,19.95136],[83.0985,19.95143],[83.09438,19.94859],[83.09346,19.9494],[83.09166,19.95023],[83.09077,19.95141],[83.09162,19.9527],[83.09263,19.95665],[83.09251,19.9578],[83.08867,19.96036]]]}},{"type":"Feature","properties":{"LCODE":"100140001000100063","LOCATION":"GAJARIBHAG","V_TYPE":"VILLAGE","BLOCK":"NUAPARA","DISTRICT":"NUAPADA"},"geometry":{"type":"Polygon","coordinates":[[[83.24774,19.96259],[83.24831,19.96505],[83.24994,19.96417],[83.25005,19.9636],[83.24908,19.96303],[83.24853,19.96218],[83.24792,19.96218],[83.24774,19.96259]]]}},{"type":"Feature","properties":{"LCODE":"100140001000100080","LOCATION":"CHANDOPALA","V_TYPE":"VILLAGE","BLOCK":"NUAPARA","DISTRICT":"NUAPADA"},"geometry":{"type":"Polygon","coordinates":[[[83.00733,19.95113],[83.00734,19.9517],[83.0097,19.95225],[83.01098,19.95316],[83.01178,19.9543],[83.01228,19.95585],[83.01201,19.95913],[83.01119,19.96224],[83.01109,19.96478],[83.0144,19.96325],[83.01766,19.96218],[83.01868,19.96154],[83.02143,19.95783],[83.02259,19.95711],[83.02296,19.95334],[83.02569,19.94744],[83.02399,19.94666],[83.02217,19.94668],[83.01932,19.94596],[83.01611,19.94581],[83.0126,19.94631],[83.01069,19.94788],[83.00918,19.94841],[83.00834,19.94905],[83.00733,19.95113]]]}},{"type":"Feature","properties":{"LCODE":"100140001000100089","LOCATION":"BORBHATA","V_TYPE":"VILLAGE","BLOCK":"NUAPARA","DISTRICT":"NUAPADA"},"geometry":{"type":"Polygon","coordinates":[[[83.11127,19.95742],[83.11249,19.95853],[83.11449,19.95914],[83.11541,19.95999],[83.11698,19.96032],[83.1179,19.961],[83.11893,19.96117],[83.119,19.96203],[83.12009,19.9623],[83.12039,19.96264],[83.1204,19.9631],[83.11962,19.96409],[83.12144,19.96407],[83.12227,19.96274],[83.1233,19.96256],[83.12383,19.96124],[83.1246,19.96037],[83.12659,19.95891],[83.12917,19.95619],[83.12939,19.95493],[83.12749,19.95179],[83.12748,19.9511],[83.12898,19.94988],[83.13194,19.9491],[83.13314,19.94829],[83.13348,19.9461],[83.13518,19.94672],[83.13654,19.9451],[83.1346,19.94294],[83.13385,19.94059],[83.13244,19.93848],[83.13143,19.9351],[83.13039,19.93356],[83.12917,19.93248],[83.12889,19.93232],[83.12809,19.93324],[83.12701,19.93377],[83.1238,19.93397],[83.12254,19.9357],[83.12267,19.93627],[83.12371,19.93747],[83.12477,19.9405],[83.12556,19.94113],[83.12551,19.94181],[83.1234,19.94252],[83.12202,19.94345],[83.12154,19.9434],[83.1208,19.94278],[83.12019,19.94278],[83.11948,19.94359],[83.11943,19.94491],[83.11907,19.94521],[83.11852,19.94486],[83.1182,19.94326],[83.11784,19.9428],[83.11616,19.94431],[83.11604,19.94489],[83.11714,19.94562],[83.11702,19.94597],[83.11564,19.94644],[83.11631,19.94753],[83.11626,19.94913],[83.11671,19.95074],[83.11551,19.95213],[83.11359,19.95341],[83.11168,19.95613],[83.11127,19.95742]]]}},{"type":"Feature","properties":{"LCODE":"100170003000300167","LOCATION":"KUCHEIJORE","V_TYPE":"VILLAGE","BLOCK":"SINAPALI","DISTRICT":"NUAPADA"},"geometry":{"type":"Polygon","coordinates":[[[83.34464,19.95909],[83.34538,19.95928],[83.34732,19.95854],[83.34823,19.95957],[83.34895,19.95924],[83.35021,19.9597],[83.35087,19.96097],[83.35074,19.96338],[83.35152,19.96396],[83.35364,19.96351],[83.3574,19.96203],[83.35825,19.96192],[83.35975,19.96262],[83.36103,19.96153],[83.36176,19.96044],[83.36122,19.95935],[83.36068,19.95906],[83.35851,19.95882],[83.35853,19.95474],[83.35691,19.95318],[83.35503,19.95254],[83.35432,19.95116],[83.35207,19.95339],[83.35,19.95602],[83.34464,19.95909]]]}},{"type":"Feature","properties":{"LCODE":"100140001000100092","LOCATION":"RAISINGPUR","V_TYPE":"VILLAGE","BLOCK":"NUAPARA","DISTRICT":"NUAPADA"},"geometry":{"type":"Polygon","coordinates":[[[83.17971,19.94908],[83.18118,19.9553],[83.18479,19.95894],[83.18487,19.96071],[83.18375,19.96337],[83.18666,19.95858],[83.18932,19.95646],[83.18928,19.95385],[83.18996,19.94971],[83.18916,19.94874],[83.18903,19.94748],[83.19034,19.94518],[83.19027,19.94477],[83.18918,19.94456],[83.18646,19.94475],[83.18472,19.9454],[83.18314,19.94513],[83.18055,19.94542],[83.18105,19.94744],[83.18099,19.94865],[83.18057,19.949],[83.17971,19.94908]]]}},{"type":"Feature","properties":{"LCODE":"100170003000300169","LOCATION":"TIKAPARA","V_TYPE":"VILLAGE","BLOCK":"SINAPALI","DISTRICT":"NUAPADA"},"geometry":{"type":"Polygon","coordinates":[[[83.31973,19.9586],[83.32004,19.95986],[83.32076,19.96038],[83.32421,19.96045],[83.32632,19.96127],[83.32729,19.9619],[83.3275,19.96255],[83.32855,19.96237],[83.32954,19.96276],[83.33595,19.95987],[83.33625,19.95924],[83.33686,19.9589],[83.33771,19.95879],[83.33881,19.95707],[83.33943,19.95368],[83.34016,19.9523],[83.34011,19.95144],[83.33999,19.95115],[83.33872,19.95074],[83.33752,19.94873],[83.33757,19.94832],[83.33644,19.94769],[83.33572,19.94774],[83.33475,19.94837],[83.33353,19.9486],[83.33244,19.94957],[83.33081,19.94962],[83.32977,19.95036],[83.32863,19.95053],[83.32765,19.95133],[83.32468,19.95206],[83.32395,19.95298],[83.32335,19.95326],[83.32322,19.95464],[83.32273,19.95568],[83.32127,19.95762],[83.31973,19.9586]]]}},{"type":"Feature","properties":{"LCODE":"100140006000600056","LOCATION":"MATIBEDA","V_TYPE":"VILLAGE","BLOCK":"NUAPARA","DISTRICT":"NUAPADA"},"geometry":{"type":"Polygon","coordinates":[[[83.29475,19.96153],[83.2951,19.96231],[83.29723,19.96223],[83.29815,19.96057],[83.29881,19.96023],[83.30153,19.96116],[83.30437,19.96152],[83.30619,19.96038],[83.30867,19.95998],[83.30994,19.95932],[83.3091,19.95832],[83.30827,19.95786],[83.3073,19.95825],[83.30554,19.95813],[83.30414,19.95951],[83.30275,19.95973],[83.30172,19.95978],[83.29919,19.95862],[83.29816,19.95844],[83.2964,19.95913],[83.29482,19.96067],[83.29475,19.96153]]]}},{"type":"Feature","properties":{"LCODE":"100140001000100102","LOCATION":"UPARABHATA","V_TYPE":"VILLAGE","BLOCK":"NUAPARA","DISTRICT":"NUAPADA"},"geometry":{"type":"Polygon","coordinates":[[[83.22683,19.95814],[83.22781,19.96008],[83.22801,19.9618],[83.22833,19.96225],[83.22856,19.96202],[83.22958,19.96041],[83.22974,19.95914],[83.22954,19.95697],[83.22983,19.95582],[83.23067,19.95524],[83.2317,19.95546],[83.2318,19.95396],[83.23434,19.95297],[83.2347,19.95256],[83.2347,19.95216],[83.23377,19.95137],[83.23413,19.95033],[83.234,19.94987],[83.23167,19.94889],[83.23167,19.95219],[83.23125,19.953],[83.22906,19.95181],[83.22816,19.95234],[83.22781,19.95343],[83.22825,19.95509],[83.22699,19.95619],[83.22712,19.95751],[83.22683,19.95814]]]}},{"type":"Feature","properties":{"LCODE":"100140001000100057","LOCATION":"UPARCHHATIKUDA","V_TYPE":"VILLAGE","BLOCK":"NUAPARA","DISTRICT":"NUAPADA"},"geometry":{"type":"Polygon","coordinates":[[[83.28516,19.95839],[83.28551,19.96046],[83.28525,19.96183],[83.28635,19.96133],[83.29162,19.96183],[83.29101,19.9614],[83.29047,19.95968],[83.29005,19.95916],[83.28806,19.95829],[83.2871,19.9573],[83.28553,19.95787],[83.28516,19.95839]]]}},{"type":"Feature","properties":{"LCODE":"100140001000100111","LOCATION":"DENGEN","V_TYPE":"VILLAGE","BLOCK":"NUAPARA","DISTRICT":"NUAPADA"},"geometry":{"type":"Polygon","coordinates":[[[83.25929,19.95891],[83.25981,19.9607],[83.26083,19.96151],[83.26192,19.96168],[83.26338,19.95973],[83.26611,19.959],[83.26684,19.95848],[83.2663,19.95745],[83.2663,19.95653],[83.26668,19.95572],[83.26911,19.95291],[83.2696,19.95177],[83.26942,19.95085],[83.26781,19.9494],[83.26763,19.94848],[83.26794,19.94733],[83.26764,19.94664],[83.26698,19.94669],[83.26368,19.9514],[83.26106,19.95374],[83.26039,19.95523],[83.26007,19.95817],[83.2597,19.9588],[83.25929,19.95891]]]}},{"type":"Feature","properties":{"LCODE":"100170003000300171","LOCATION":"GUMAPADAR","V_TYPE":"VILLAGE","BLOCK":"SINAPALI","DISTRICT":"NUAPADA"},"geometry":{"type":"Polygon","coordinates":[[[83.3108,19.95827],[83.31097,19.95976],[83.31156,19.96089],[83.31582,19.95858],[83.31673,19.95835],[83.32005,19.95854],[83.32127,19.95762],[83.32273,19.95568],[83.32322,19.95464],[83.32335,19.95331],[83.32002,19.95319],[83.31863,19.95278],[83.31653,19.95099],[83.31606,19.94932],[83.31533,19.94921],[83.31429,19.9507],[83.31285,19.95086],[83.31143,19.9539],[83.3108,19.95827]]]}},{"type":"Feature","properties":{"LCODE":"100140001000100100","LOCATION":"DORAPADAR","V_TYPE":"VILLAGE","BLOCK":"NUAPARA","DISTRICT":"NUAPADA"},"geometry":{"type":"Polygon","coordinates":[[[83.20653,19.95373],[83.20701,19.95454],[83.20734,19.95769],[83.20882,19.96064],[83.21136,19.95995],[83.2128,19.95867],[83.214,19.9582],[83.21745,19.95754],[83.21816,19.95708],[83.21803,19.95535],[83.21642,19.95204],[83.21669,19.95031],[83.21354,19.94817],[83.21121,19.94707],[83.21063,19.94803],[83.21054,19.95055],[83.20843,19.95172],[83.20653,19.95373]]]}},{"type":"Feature","properties":{"LCODE":"100170006000600184","LOCATION":"KAKBHATA","V_TYPE":"VILLAGE","BLOCK":"SINAPALI","DISTRICT":"NUAPADA"},"geometry":{"type":"Polygon","coordinates":[[[83.39484,19.95961],[83.39554,19.96029],[83.39629,19.95961],[83.39788,19.95703],[83.39934,19.9556],[83.40057,19.95302],[83.40124,19.95228],[83.40427,19.95126],[83.40614,19.95],[83.40845,19.9499],[83.40996,19.94927],[83.41081,19.94859],[83.41093,19.94738],[83.41264,19.94521],[83.41315,19.94501],[83.40984,19.94397],[83.40611,19.9457],[83.40368,19.9485],[83.40093,19.94697],[83.40096,19.94797],[83.39924,19.95256],[83.3952,19.9576],[83.39484,19.95961]]]}},{"type":"Feature","properties":{"LCODE":"100170003000300180","LOCATION":"DHURKUTI","V_TYPE":"VILLAGE","BLOCK":"SINAPALI","DISTRICT":"NUAPADA"},"geometry":{"type":"Polygon","coordinates":[[[83.33608,19.95965],[83.33788,19.95976],[83.3429,19.95887],[83.34464,19.95909],[83.35,19.95602],[83.35207,19.95339],[83.35432,19.95116],[83.3521,19.94948],[83.3518,19.94873],[83.35101,19.94873],[83.34846,19.94924],[83.34682,19.95015],[83.3455,19.95014],[83.34374,19.95071],[83.3421,19.95202],[83.34021,19.95199],[83.33943,19.95368],[83.3385,19.95764],[83.33771,19.95879],[83.33686,19.9589],[83.33608,19.95965]]]}},{"type":"Feature","properties":{"LCODE":"100140001000100081","LOCATION":"BEHERAKUNI","V_TYPE":"VILLAGE","BLOCK":"NUAPARA","DISTRICT":"NUAPADA"},"geometry":{"type":"Polygon","coordinates":[[[83.02744,19.95541],[83.02941,19.95701],[83.03129,19.95942],[83.03136,19.95814],[83.03224,19.95595],[83.03416,19.95369],[83.03703,19.95114],[83.03751,19.94975],[83.03738,19.94814],[83.03689,19.94867],[83.03592,19.9485],[83.03342,19.9461],[83.03072,19.9489],[83.02744,19.95541]]]}},{"type":"Feature","properties":{"LCODE":"100140001000100107","LOCATION":"JANAKPUR","V_TYPE":"VILLAGE","BLOCK":"NUAPARA","DISTRICT":"NUAPADA"},"geometry":{"type":"Polygon","coordinates":[[[83.23169,19.95425],[83.23188,19.955],[83.2317,19.95546],[83.23219,19.95643],[83.23215,19.95838],[83.23272,19.95917],[83.23331,19.95911],[83.23523,19.95777],[83.23663,19.95816],[83.23777,19.95752],[83.23921,19.95732],[83.23969,19.95647],[83.24067,19.95608],[83.24144,19.95514],[83.24297,19.95481],[83.24184,19.95347],[83.23991,19.95343],[83.2393,19.95298],[83.23934,19.9512],[83.2356,19.95267],[83.23393,19.95469],[83.23302,19.95464],[83.23206,19.95377],[83.23169,19.95425]]]}},{"type":"Feature","properties":{"LCODE":"10014000100010rf","LOCATION":"RF","V_TYPE":"FOREST","BLOCK":"NUAPARA","DISTRICT":"NUAPADA"},"geometry":{"type":"Polygon","coordinates":[[[83.24067,19.95608],[83.24109,19.95674],[83.24123,19.95846],[83.24178,19.95886],[83.24268,19.95879],[83.24353,19.95838],[83.24412,19.95706],[83.24501,19.95706],[83.24484,19.95682],[83.24519,19.95539],[83.24404,19.95528],[83.24297,19.95481],[83.24198,19.95496],[83.24113,19.95537],[83.24067,19.95608]]]}},{"type":"Feature","properties":{"LCODE":"100140001000100091","LOCATION":"DAKABAHALI","V_TYPE":"VILLAGE","BLOCK":"NUAPARA","DISTRICT":"NUAPADA"},"geometry":{"type":"Polygon","coordinates":[[[83.16017,19.94132],[83.16128,19.94332],[83.16287,19.94537],[83.16294,19.94635],[83.1635,19.94743],[83.16515,19.94902],[83.16547,19.95091],[83.1646,19.953],[83.16663,19.95251],[83.16749,19.95302],[83.16767,19.95365],[83.16721,19.95601],[83.16783,19.95697],[83.16995,19.95736],[83.17037,19.95707],[83.17084,19.95534],[83.17169,19.95573],[83.17291,19.95704],[83.17467,19.95794],[83.17589,19.95816],[83.1768,19.95798],[83.1785,19.95865],[83.18049,19.95846],[83.18329,19.95743],[83.18118,19.9553],[83.17966,19.94889],[83.17844,19.94724],[83.17484,19.94452],[83.1744,19.94222],[83.17358,19.94086],[83.16895,19.94159],[83.16695,19.9416],[83.16512,19.94047],[83.16355,19.94026],[83.16084,19.94132],[83.16017,19.94132]]]}},{"type":"Feature","properties":{"LCODE":"100170006000600183","LOCATION":"MAHESWARIPUR","V_TYPE":"VILLAGE","BLOCK":"SINAPALI","DISTRICT":"NUAPADA"},"geometry":{"type":"Polygon","coordinates":[[[83.39185,19.954],[83.39263,19.95471],[83.39299,19.95592],[83.39468,19.95685],[83.3952,19.9576],[83.39881,19.95325],[83.40096,19.94797],[83.40104,19.94458],[83.40087,19.94263],[83.40063,19.94236],[83.39893,19.94342],[83.39748,19.9437],[83.39615,19.9433],[83.39477,19.94243],[83.39469,19.94415],[83.39408,19.94547],[83.394,19.94771],[83.39346,19.94891],[83.39471,19.95013],[83.39495,19.95099],[83.39344,19.95184],[83.39289,19.95247],[83.39281,19.95408],[83.39185,19.954]]]}},{"type":"Feature","properties":{"LCODE":"100140001000100087","LOCATION":"KULIHAMAL","V_TYPE":"VILLAGE","BLOCK":"NUAPARA","DISTRICT":"NUAPADA"},"geometry":{"type":"Polygon","coordinates":[[[83.09438,19.94859],[83.0985,19.95143],[83.09929,19.95136],[83.10037,19.95055],[83.10085,19.9506],[83.10177,19.95145],[83.10316,19.95173],[83.10408,19.95281],[83.10542,19.95262],[83.10621,19.9533],[83.1067,19.95468],[83.10889,19.95529],[83.11127,19.95742],[83.11168,19.95613],[83.11237,19.9551],[83.11152,19.95257],[83.11115,19.95222],[83.11043,19.95218],[83.10931,19.94972],[83.10909,19.94484],[83.10829,19.94358],[83.10705,19.94026],[83.10582,19.93867],[83.10403,19.93518],[83.1027,19.93519],[83.10172,19.93463],[83.10076,19.93458],[83.10016,19.93487],[83.09842,19.93684],[83.09709,19.93737],[83.09597,19.93991],[83.09447,19.9417],[83.09521,19.94284],[83.09537,19.94646],[83.09526,19.94738],[83.09438,19.94859]]]}},{"type":"Feature","properties":{"LCODE":"100140001000100108","LOCATION":"GAJAKHOLA","V_TYPE":"VILLAGE","BLOCK":"NUAPARA","DISTRICT":"NUAPADA"},"geometry":{"type":"Polygon","coordinates":[[[83.23917,19.95269],[83.23991,19.95343],[83.24184,19.95347],[83.24271,19.95461],[83.24349,19.95512],[83.24519,19.95539],[83.24484,19.95682],[83.24531,19.95713],[83.24599,19.9567],[83.247,19.95468],[83.24863,19.95424],[83.24879,19.95289],[83.24998,19.95087],[83.25045,19.94927],[83.24918,19.94899],[83.24893,19.9487],[83.24867,19.94687],[83.24766,19.9478],[83.24669,19.94798],[83.24602,19.9477],[83.24557,19.94541],[83.24533,19.9453],[83.24346,19.94623],[83.2416,19.94762],[83.24021,19.94798],[83.23927,19.94988],[83.2394,19.95137],[83.23917,19.95269]]]}},{"type":"Feature","properties":{"LCODE":"10014000100010rf","LOCATION":"RF","V_TYPE":"FOREST","BLOCK":"NUAPARA","DISTRICT":"NUAPADA"},"geometry":{"type":"Polygon","coordinates":[[[83.02257,19.95656],[83.02259,19.95711],[83.02336,19.95701],[83.02643,19.9556],[83.02744,19.95541],[83.03072,19.9489],[83.03342,19.9461],[83.03316,19.94525],[83.03434,19.94122],[83.03433,19.94036],[83.03396,19.93979],[83.03244,19.9394],[83.03033,19.9393],[83.02835,19.94133],[83.02296,19.95334],[83.02257,19.95656]]]}},{"type":"Feature","properties":{"LCODE":"100140001000100084","LOCATION":"RAJANAGUDA","V_TYPE":"VILLAGE","BLOCK":"NUAPARA","DISTRICT":"NUAPADA"},"geometry":{"type":"Polygon","coordinates":[[[83.07191,19.94754],[83.07386,19.9493],[83.077,19.94916],[83.0815,19.95147],[83.08248,19.95238],[83.08299,19.9549],[83.08392,19.95696],[83.08547,19.95499],[83.08577,19.95419],[83.08961,19.95134],[83.09021,19.95116],[83.09077,19.95141],[83.09166,19.95023],[83.09346,19.9494],[83.09496,19.94795],[83.09537,19.94646],[83.09521,19.94284],[83.0949,19.9421],[83.09375,19.94142],[83.09082,19.94086],[83.08847,19.94091],[83.0874,19.94228],[83.08276,19.94347],[83.07915,19.94569],[83.0757,19.94526],[83.07533,19.9455],[83.07529,19.9467],[83.07445,19.94757],[83.07233,19.94684],[83.07191,19.94754]]]}},{"type":"Feature","properties":{"LCODE":"100140001000100098","LOCATION":"SARADHAPUR","V_TYPE":"VILLAGE","BLOCK":"NUAPARA","DISTRICT":"NUAPADA"},"geometry":{"type":"Polygon","coordinates":[[[83.18903,19.94748],[83.18916,19.94874],[83.18996,19.94971],[83.18928,19.95385],[83.18932,19.95646],[83.19086,19.95544],[83.19411,19.95392],[83.19827,19.9525],[83.19923,19.95123],[83.19994,19.94967],[83.20132,19.94886],[83.20201,19.94877],[83.20205,19.94839],[83.20137,19.94714],[83.20152,19.9449],[83.20055,19.94353],[83.20071,19.94152],[83.19951,19.9392],[83.19694,19.93995],[83.19392,19.94027],[83.19096,19.94003],[83.19071,19.94053],[83.19091,19.94167],[83.19165,19.94304],[83.19202,19.94464],[83.19167,19.9451],[83.19032,19.94509],[83.18903,19.94748]]]}},{"type":"Feature","properties":{"LCODE":"100140001000100103","LOCATION":"BIJEPUR","V_TYPE":"VILLAGE","BLOCK":"NUAPARA","DISTRICT":"NUAPADA"},"geometry":{"type":"Polygon","coordinates":[[[83.22263,19.95151],[83.22484,19.95311],[83.22576,19.95419],[83.22691,19.95476],[83.22776,19.95568],[83.2283,19.95474],[83.22781,19.95343],[83.22816,19.95234],[83.22906,19.95181],[83.23125,19.953],[83.23167,19.95219],[83.23167,19.94889],[83.23096,19.94766],[83.23064,19.94541],[83.22893,19.94487],[83.228,19.94311],[83.22668,19.94323],[83.2249,19.9452],[83.22495,19.94583],[83.22411,19.94675],[83.22389,19.94876],[83.22324,19.95066],[83.22263,19.95151]]]}},{"type":"Feature","properties":{"LCODE":"100140001000100088","LOCATION":"KUSUMDARA","V_TYPE":"VILLAGE","BLOCK":"NUAPARA","DISTRICT":"NUAPADA"},"geometry":{"type":"Polygon","coordinates":[[[83.10395,19.93517],[83.10582,19.93867],[83.10705,19.94026],[83.10829,19.94358],[83.10909,19.94484],[83.10931,19.94972],[83.11043,19.95218],[83.11115,19.95222],[83.11152,19.95257],[83.11237,19.9551],[83.11359,19.95341],[83.11551,19.95213],[83.11671,19.95074],[83.11626,19.94913],[83.11631,19.94753],[83.11564,19.94644],[83.11714,19.9458],[83.11678,19.94517],[83.11604,19.94489],[83.11604,19.9446],[83.11723,19.94316],[83.1176,19.94286],[83.11808,19.94292],[83.11852,19.94486],[83.11907,19.94521],[83.11943,19.94491],[83.11948,19.94359],[83.12019,19.94278],[83.1208,19.94278],[83.12154,19.9434],[83.12202,19.94345],[83.1234,19.94252],[83.12515,19.94205],[83.12563,19.94159],[83.12556,19.94113],[83.12477,19.9405],[83.12371,19.93747],[83.12255,19.93604],[83.12334,19.93443],[83.12028,19.93262],[83.11955,19.93263],[83.11781,19.93362],[83.11552,19.93433],[83.11322,19.93429],[83.11147,19.93483],[83.10892,19.93468],[83.10516,19.93379],[83.10462,19.93408],[83.10395,19.93517]]]}},{"type":"Feature","properties":{"LCODE":"100140001000100106","LOCATION":"BASUMATIPUR","V_TYPE":"VILLAGE","BLOCK":"NUAPARA","DISTRICT":"NUAPADA"},"geometry":{"type":"Polygon","coordinates":[[[83.23064,19.94541],[83.23064,19.94652],[83.23114,19.94824],[83.23212,19.94926],[83.234,19.94987],[83.23384,19.9516],[83.2347,19.95216],[83.23434,19.95297],[83.23206,19.95377],[83.23266,19.95441],[83.23327,19.95475],[83.23393,19.95469],[83.2356,19.95267],[83.23937,19.9512],[83.23929,19.94983],[83.23739,19.94927],[83.2366,19.9487],[83.23537,19.94705],[83.23401,19.9442],[83.23291,19.94323],[83.2317,19.94292],[83.231,19.94526],[83.23064,19.94541]]]}},{"type":"Feature","properties":{"LCODE":"100170006000600181","LOCATION":"MADIBANDHA","V_TYPE":"VILLAGE","BLOCK":"SINAPALI","DISTRICT":"NUAPADA"},"geometry":{"type":"Polygon","coordinates":[[[83.37783,19.94276],[83.37824,19.94523],[83.3781,19.94896],[83.3784,19.94983],[83.37936,19.95075],[83.38286,19.95174],[83.38472,19.95353],[83.38611,19.95394],[83.39053,19.95361],[83.39281,19.95408],[83.39289,19.95247],[83.39344,19.95184],[83.39495,19.95099],[83.39471,19.95013],[83.39346,19.94891],[83.394,19.94771],[83.39401,19.94627],[83.3931,19.94621],[83.39034,19.94442],[83.38684,19.94303],[83.38341,19.94077],[83.37974,19.93754],[83.37914,19.93742],[83.37894,19.93775],[83.37943,19.93897],[83.38015,19.93984],[83.38014,19.94058],[83.37947,19.94156],[83.37856,19.94195],[83.37783,19.94276]]]}},{"type":"Feature","properties":{"LCODE":"100140001000100097","LOCATION":"GUDIALIPADAR","V_TYPE":"VILLAGE","BLOCK":"NUAPARA","DISTRICT":"NUAPADA"},"geometry":{"type":"Polygon","coordinates":[[[83.20136,19.94706],[83.20192,19.94794],[83.20201,19.94877],[83.20266,19.9489],[83.20309,19.94936],[83.2037,19.95079],[83.20566,19.95237],[83.20653,19.95373],[83.20843,19.95172],[83.21054,19.95055],[83.21087,19.94751],[83.21357,19.94519],[83.21416,19.94427],[83.21398,19.94404],[83.21095,19.94384],[83.21016,19.94275],[83.20984,19.94152],[83.20815,19.9414],[83.20628,19.94199],[83.20563,19.944],[83.2037,19.94482],[83.20323,19.94592],[83.20136,19.94706]]]}},{"type":"Feature","properties":{"LCODE":"100170006000600159","LOCATION":"SAMJHULA","V_TYPE":"VILLAGE","BLOCK":"SINAPALI","DISTRICT":"NUAPADA"},"geometry":{"type":"Polygon","coordinates":[[[83.44091,19.94987],[83.44193,19.95229],[83.44186,19.95303],[83.44234,19.95355],[83.44552,19.95319],[83.44745,19.95073],[83.44745,19.94976],[83.44711,19.94905],[83.44525,19.94803],[83.44297,19.94976],[83.44122,19.94941],[83.44091,19.94987]]]}},{"type":"Feature","properties":{"LCODE":"100170003000300176","LOCATION":"RATUL","V_TYPE":"VILLAGE","BLOCK":"SINAPALI","DISTRICT":"NUAPADA"},"geometry":{"type":"Polygon","coordinates":[[[83.31238,19.94735],[83.31256,19.94793],[83.31364,19.94851],[83.31358,19.94931],[83.31285,19.95086],[83.31429,19.9507],[83.31484,19.94972],[83.3157,19.94915],[83.31606,19.94932],[83.31683,19.9514],[83.31863,19.95278],[83.32002,19.95319],[83.32335,19.95331],[83.32523,19.95178],[83.32765,19.95133],[83.32863,19.95053],[83.32977,19.95036],[83.33051,19.94973],[83.33244,19.94957],[83.33317,19.94911],[83.33341,19.94871],[83.33336,19.94756],[83.33203,19.94686],[83.33169,19.94456],[83.33273,19.9425],[83.33213,19.94158],[83.3322,19.93969],[83.33099,19.93919],[83.33063,19.93996],[83.32917,19.94099],[83.32723,19.94115],[83.32529,19.94212],[83.32257,19.94251],[83.31984,19.94394],[83.31845,19.94387],[83.31642,19.94267],[83.31561,19.94323],[83.31307,19.94393],[83.31312,19.94575],[83.31238,19.94735]]]}},{"type":"Feature","properties":{"LCODE":"100170003000300179","LOCATION":"TENTULPADAR","V_TYPE":"VILLAGE","BLOCK":"SINAPALI","DISTRICT":"NUAPADA"},"geometry":{"type":"Polygon","coordinates":[[[83.33752,19.9485],[83.33872,19.95074],[83.33999,19.95115],[83.34035,19.95201],[83.3421,19.95202],[83.34374,19.95071],[83.3455,19.95014],[83.34682,19.95015],[83.34846,19.94924],[83.34998,19.94884],[83.3518,19.94873],[83.3526,19.94529],[83.35419,19.94323],[83.35456,19.94185],[83.35378,19.94098],[83.3522,19.94098],[83.34737,19.94182],[83.34658,19.94141],[83.34628,19.94043],[83.34531,19.9402],[83.34313,19.9422],[83.34372,19.94404],[83.34341,19.94519],[83.34365,19.94588],[83.34347,19.94657],[83.34097,19.94817],[83.33783,19.94827],[83.33752,19.9485]]]}},{"type":"Feature","properties":{"LCODE":"10014000100010rf","LOCATION":"RF","V_TYPE":"FOREST","BLOCK":"NUAPARA","DISTRICT":"NUAPADA"},"geometry":{"type":"Polygon","coordinates":[[[83.20984,19.94144],[83.21016,19.94275],[83.21095,19.94384],[83.21398,19.94404],[83.21416,19.94427],[83.21357,19.94519],[83.21121,19.94707],[83.21354,19.94817],[83.21732,19.95066],[83.22016,19.95086],[83.22228,19.95159],[83.22282,19.95147],[83.22389,19.94876],[83.22399,19.9471],[83.22495,19.94583],[83.22495,19.94537],[83.22427,19.94394],[83.22218,19.94196],[83.22091,19.94134],[83.21709,19.94103],[83.2163,19.94052],[83.21571,19.93967],[83.21364,19.94026],[83.21158,19.94005],[83.21026,19.94057],[83.20984,19.94144]]]}},{"type":"Feature","properties":{"LCODE":"100140001000100105","LOCATION":"DANGARGADA","V_TYPE":"VILLAGE","BLOCK":"NUAPARA","DISTRICT":"NUAPADA"},"geometry":{"type":"Polygon","coordinates":[[[83.23101,19.94113],[83.2317,19.94292],[83.23291,19.94323],[83.23401,19.9442],[83.23537,19.94705],[83.2366,19.9487],[83.23739,19.94927],[83.23929,19.94983],[83.24021,19.94798],[83.2416,19.94762],[83.24467,19.94555],[83.24429,19.94358],[83.2416,19.94137],[83.23976,19.93864],[83.23756,19.93642],[83.23643,19.93322],[83.23534,19.93157],[83.23433,19.93399],[83.23325,19.93469],[83.2325,19.93448],[83.23203,19.93951],[83.23101,19.94113]]]}},{"type":"Feature","properties":{"LCODE":"100140001000100109","LOCATION":"UPARGAJKOLA","V_TYPE":"VILLAGE","BLOCK":"NUAPARA","DISTRICT":"NUAPADA"},"geometry":{"type":"Polygon","coordinates":[[[83.24867,19.94687],[83.24893,19.9487],[83.24918,19.94899],[83.25045,19.94927],[83.25106,19.94841],[83.25349,19.94761],[83.25373,19.94721],[83.25368,19.94652],[83.25332,19.94606],[83.25181,19.94542],[83.25066,19.9456],[83.24867,19.94687]]]}},{"type":"Feature","properties":{"LCODE":"10014000100010rf","LOCATION":"RF","V_TYPE":"FOREST","BLOCK":"NUAPARA","DISTRICT":"NUAPADA"},"geometry":{"type":"Polygon","coordinates":[[[83.17773,19.94662],[83.17899,19.94786],[83.17971,19.94908],[83.18088,19.94888],[83.18105,19.94744],[83.18055,19.94542],[83.17773,19.94662]]]}},{"type":"Feature","properties":{"LCODE":"100170003000300178","LOCATION":"NAGSHARI","V_TYPE":"VILLAGE","BLOCK":"SINAPALI","DISTRICT":"NUAPADA"},"geometry":{"type":"Polygon","coordinates":[[[83.33169,19.94456],[83.33203,19.94686],[83.33318,19.94733],[83.33341,19.94867],[83.33475,19.94837],[83.33608,19.94763],[83.33757,19.94832],[83.34097,19.94817],[83.34347,19.94657],[83.34365,19.94588],[83.34341,19.94519],[83.34372,19.94404],[83.34313,19.9422],[83.34531,19.9402],[83.34454,19.94008],[83.34387,19.93898],[83.34038,19.93701],[83.33794,19.93639],[83.33578,19.93694],[83.33305,19.93842],[83.33232,19.93928],[83.33213,19.94158],[83.33273,19.9425],[83.33169,19.94456]]]}},{"type":"Feature","properties":{"LCODE":"100140009000900083","LOCATION":"BHATAGUDA","V_TYPE":"VILLAGE","BLOCK":"NUAPARA","DISTRICT":"NUAPADA"},"geometry":{"type":"Polygon","coordinates":[[[83.02615,19.93302],[83.02652,19.93365],[83.02622,19.93462],[83.02849,19.93668],[83.03045,19.93942],[83.03244,19.9394],[83.03396,19.93979],[83.03433,19.94036],[83.03434,19.94122],[83.03334,19.94439],[83.03329,19.94594],[83.035,19.94782],[83.03592,19.9485],[83.03689,19.94867],[83.03738,19.94814],[83.03784,19.94682],[83.03835,19.94308],[83.03888,19.94175],[83.03966,19.94065],[83.04044,19.94024],[83.03885,19.93877],[83.0363,19.9377],[83.03532,19.93633],[83.03453,19.93587],[83.03263,19.93388],[83.02881,19.93236],[83.02753,19.93238],[83.02615,19.93302]]]}},{"type":"Feature","properties":{"LCODE":"100170006000600185","LOCATION":"LANJIGARHROAD","V_TYPE":"VILLAGE","BLOCK":"SINAPALI","DISTRICT":"NUAPADA"},"geometry":{"type":"Polygon","coordinates":[[[83.40063,19.94236],[83.40087,19.94263],[83.40104,19.94458],[83.40093,19.94697],[83.40368,19.9485],[83.40611,19.9457],[83.40984,19.94397],[83.40649,19.94311],[83.40372,19.94092],[83.40282,19.94109],[83.40063,19.94236]]]}},{"type":"Feature","properties":{"LCODE":"100140001000100082","LOCATION":"BARGAON","V_TYPE":"VILLAGE","BLOCK":"NUAPARA","DISTRICT":"NUAPADA"},"geometry":{"type":"Polygon","coordinates":[[[83.0126,19.94631],[83.01611,19.94581],[83.01932,19.94596],[83.02217,19.94668],[83.02399,19.94666],[83.02569,19.94744],[83.02835,19.94133],[83.03033,19.9393],[83.02849,19.93668],[83.02458,19.93349],[83.02252,19.93271],[83.01992,19.93291],[83.01819,19.93557],[83.01438,19.93617],[83.01349,19.93704],[83.01379,19.94302],[83.0126,19.94631]]]}},{"type":"Feature","properties":{"LCODE":"100140001000100096","LOCATION":"PODELPITA","V_TYPE":"VILLAGE","BLOCK":"NUAPARA","DISTRICT":"NUAPADA"},"geometry":{"type":"Polygon","coordinates":[[[83.20043,19.94084],[83.20071,19.94152],[83.20055,19.94353],[83.20159,19.9453],[83.20136,19.94706],[83.20323,19.94592],[83.2037,19.94482],[83.20563,19.944],[83.20628,19.94199],[83.20833,19.94139],[83.20661,19.93958],[83.20613,19.93946],[83.20311,19.93989],[83.20167,19.94071],[83.20043,19.94084]]]}},{"type":"Feature","properties":{"LCODE":"100140001000100093","LOCATION":"BHEJIPADAR","V_TYPE":"VILLAGE","BLOCK":"NUAPARA","DISTRICT":"NUAPADA"},"geometry":{"type":"Polygon","coordinates":[[[83.17358,19.94086],[83.1744,19.94222],[83.17484,19.94452],[83.17773,19.94662],[83.1797,19.94562],[83.18223,19.94514],[83.18472,19.9454],[83.18646,19.94475],[83.1899,19.94455],[83.19032,19.94509],[83.19167,19.9451],[83.19202,19.94464],[83.19189,19.9439],[83.19091,19.94167],[83.19071,19.94053],[83.19173,19.93874],[83.19183,19.9373],[83.19225,19.93667],[83.19369,19.93562],[83.19386,19.93424],[83.19331,19.9335],[83.19196,19.93266],[83.1916,19.9312],[83.18983,19.93118],[83.18815,19.93194],[83.18699,19.93132],[83.18578,19.93145],[83.18512,19.93123],[83.18335,19.93009],[83.18305,19.9305],[83.18325,19.93199],[83.18307,19.93251],[83.182,19.93384],[83.18164,19.93493],[83.18154,19.93705],[83.18101,19.93763],[83.17818,19.9388],[83.17528,19.93958],[83.17358,19.94086]]]}},{"type":"Feature","properties":{"LCODE":"100170006000600182","LOCATION":"KIDING","V_TYPE":"VILLAGE","BLOCK":"SINAPALI","DISTRICT":"NUAPADA"},"geometry":{"type":"Polygon","coordinates":[[[83.37489,19.93033],[83.37518,19.93177],[83.37692,19.93287],[83.37734,19.93362],[83.3771,19.93465],[83.37557,19.93706],[83.3755,19.9378],[83.37629,19.93815],[83.37726,19.93816],[83.37894,19.93775],[83.37914,19.93742],[83.37974,19.93754],[83.38341,19.94077],[83.38684,19.94303],[83.39034,19.94442],[83.3931,19.94621],[83.39401,19.94627],[83.3942,19.94501],[83.39469,19.94415],[83.3952,19.94025],[83.39571,19.93933],[83.39323,19.93513],[83.39263,19.93466],[83.38648,19.93222],[83.3813,19.92956],[83.38064,19.92892],[83.37962,19.9254],[83.37611,19.92746],[83.37532,19.92844],[83.37489,19.93033]]]}},{"type":"Feature","properties":{"LCODE":"100170006000600186","LOCATION":"GAJRAJPUR","V_TYPE":"VILLAGE","BLOCK":"SINAPALI","DISTRICT":"NUAPADA"},"geometry":{"type":"Polygon","coordinates":[[[83.39477,19.94231],[83.39681,19.94359],[83.39814,19.94365],[83.39978,19.94297],[83.40282,19.94109],[83.40372,19.94092],[83.40649,19.94311],[83.41542,19.94556],[83.41633,19.9454],[83.41882,19.94374],[83.42064,19.94306],[83.4207,19.94249],[83.42023,19.94145],[83.41896,19.94058],[83.41455,19.94033],[83.41376,19.93999],[83.41083,19.93635],[83.40932,19.93526],[83.40733,19.93433],[83.40633,19.93344],[83.40316,19.93419],[83.40195,19.93505],[83.40067,19.93504],[83.39842,19.93762],[83.39606,19.93887],[83.3952,19.94025],[83.39477,19.94231]]]}},{"type":"Feature","properties":{"LCODE":"100140001000100104","LOCATION":"ICHHAPUR","V_TYPE":"VILLAGE","BLOCK":"NUAPARA","DISTRICT":"NUAPADA"},"geometry":{"type":"Polygon","coordinates":[[[83.21571,19.93967],[83.2163,19.94052],[83.21709,19.94103],[83.22146,19.9415],[83.22346,19.94303],[83.2249,19.9452],[83.22668,19.94323],[83.22764,19.94299],[83.22819,19.94328],[83.22893,19.94487],[83.23069,19.94543],[83.231,19.94526],[83.2317,19.94296],[83.23101,19.94113],[83.23203,19.93951],[83.23251,19.93332],[83.23177,19.93286],[83.23032,19.93288],[83.22808,19.93221],[83.22488,19.9327],[83.22306,19.93237],[83.22208,19.93169],[83.22171,19.93095],[83.2197,19.92999],[83.21842,19.92851],[83.21631,19.92817],[83.21685,19.92904],[83.21804,19.93282],[83.21724,19.93713],[83.21744,19.93879],[83.21599,19.9392],[83.21571,19.93967]]]}},{"type":"Feature","properties":{"LCODE":"100140001000100145","LOCATION":"KARLASODA","V_TYPE":"VILLAGE","BLOCK":"NUAPARA","DISTRICT":"NUAPADA"},"geometry":{"type":"Polygon","coordinates":[[[83.12889,19.93232],[83.13039,19.93356],[83.13143,19.9351],[83.13244,19.93848],[83.13385,19.94059],[83.13503,19.94368],[83.13654,19.9451],[83.13818,19.94399],[83.13999,19.94392],[83.13979,19.94197],[83.1382,19.94038],[83.13886,19.93986],[83.14116,19.93995],[83.1422,19.93837],[83.14192,19.93765],[83.14203,19.93569],[83.14166,19.9353],[83.1399,19.93468],[83.13965,19.93342],[83.13915,19.93256],[83.1369,19.93155],[83.13641,19.93104],[83.13567,19.92978],[83.13535,19.92852],[83.13132,19.92908],[83.13078,19.92948],[83.12889,19.93232]]]}},{"type":"Feature","properties":{"LCODE":"100170003000300175","LOCATION":"PAJIDAHANI","V_TYPE":"VILLAGE","BLOCK":"SINAPALI","DISTRICT":"NUAPADA"},"geometry":{"type":"Polygon","coordinates":[[[83.31642,19.94267],[83.31845,19.94387],[83.31984,19.94394],[83.32257,19.94251],[83.32529,19.94212],[83.32723,19.94115],[83.32917,19.94099],[83.33093,19.93962],[83.33099,19.93887],[83.32695,19.93318],[83.32655,19.93339],[83.32571,19.93252],[83.32529,19.93258],[83.32499,19.93304],[83.32498,19.93396],[83.32171,19.93486],[83.32064,19.93471],[83.31971,19.93526],[83.31947,19.93629],[83.32067,19.9371],[83.32054,19.93779],[83.31921,19.93928],[83.31932,19.94008],[83.31859,19.94146],[83.31804,19.94209],[83.31642,19.94267]]]}},{"type":"Feature","properties":{"LCODE":"100170003000300172","LOCATION":"DHUSUGUDA","V_TYPE":"VILLAGE","BLOCK":"SINAPALI","DISTRICT":"NUAPADA"},"geometry":{"type":"Polygon","coordinates":[[[83.30192,19.93851],[83.30234,19.93897],[83.30686,19.94077],[83.30886,19.94038],[83.31079,19.94068],[83.31205,19.94183],[83.31307,19.94393],[83.31561,19.94323],[83.31664,19.94248],[83.31804,19.94209],[83.31932,19.94008],[83.31921,19.93928],[83.31618,19.93886],[83.31216,19.93562],[83.31107,19.93562],[83.30827,19.93727],[83.3073,19.93733],[83.30643,19.93666],[83.30476,19.93731],[83.30222,19.93782],[83.30192,19.93851]]]}},{"type":"Feature","properties":{"LCODE":"100140001000100150","LOCATION":"PHATAPADA","V_TYPE":"VILLAGE","BLOCK":"NUAPARA","DISTRICT":"NUAPADA"},"geometry":{"type":"Polygon","coordinates":[[[83.08839,19.91821],[83.0894,19.91791],[83.09026,19.91877],[83.09051,19.91991],[83.09026,19.92445],[83.09122,19.93093],[83.09127,19.93587],[83.09098,19.93714],[83.09149,19.93989],[83.0912,19.94064],[83.09082,19.94086],[83.09447,19.9417],[83.09597,19.93991],[83.09709,19.93737],[83.09914,19.93626],[83.10016,19.93487],[83.1013,19.93452],[83.1027,19.93519],[83.10395,19.93517],[83.10462,19.93408],[83.10516,19.93379],[83.10588,19.93385],[83.10515,19.93196],[83.10555,19.92994],[83.10481,19.92863],[83.10504,19.92748],[83.10307,19.92428],[83.10175,19.92412],[83.10077,19.92332],[83.09901,19.92282],[83.09876,19.92248],[83.09804,19.92254],[83.09731,19.92169],[83.09634,19.92199],[83.09597,19.92119],[83.09524,19.92108],[83.0948,19.91999],[83.09426,19.92017],[83.09348,19.91977],[83.09287,19.92018],[83.09245,19.92001],[83.09214,19.91944],[83.09142,19.91996],[83.09105,19.91968],[83.09074,19.91842],[83.0897,19.91768],[83.08891,19.91769],[83.08839,19.91821]]]}},{"type":"Feature","properties":{"LCODE":"100140001000100143","LOCATION":"PARAMANANDPUR","V_TYPE":"VILLAGE","BLOCK":"NUAPARA","DISTRICT":"NUAPADA"},"geometry":{"type":"Polygon","coordinates":[[[83.14926,19.938],[83.15125,19.93831],[83.15508,19.93999],[83.15883,19.94053],[83.16005,19.94132],[83.16084,19.94132],[83.16355,19.94026],[83.16512,19.94047],[83.16695,19.9416],[83.17312,19.94109],[83.17528,19.93958],[83.17818,19.9388],[83.18101,19.93763],[83.18154,19.93705],[83.18164,19.93493],[83.182,19.93384],[83.18325,19.93199],[83.18305,19.9305],[83.18335,19.93009],[83.18512,19.93123],[83.18578,19.93145],[83.18699,19.93132],[83.18815,19.93194],[83.18983,19.93118],[83.19128,19.93134],[83.19183,19.93111],[83.1935,19.92828],[83.1972,19.92458],[83.19983,19.92036],[83.20071,19.92035],[83.20136,19.9168],[83.20112,19.91628],[83.20002,19.91578],[83.19803,19.91608],[83.19687,19.91477],[83.1965,19.91472],[83.19601,19.9148],[83.19566,19.9153],[83.19556,19.91673],[83.19508,19.91748],[83.19436,19.91789],[83.19242,19.91791],[83.19151,19.91717],[83.19101,19.91603],[83.1879,19.91342],[83.18669,19.91354],[83.18555,19.91418],[83.18222,19.91427],[83.18085,19.91572],[83.1785,19.91643],[83.17832,19.91717],[83.17901,19.91929],[83.17726,19.91988],[83.17245,19.92279],[83.17126,19.92452],[83.17035,19.92459],[83.1698,19.92419],[83.16811,19.92513],[83.16606,19.92509],[83.16529,19.92664],[83.16451,19.92711],[83.16306,19.9273],[83.16202,19.92776],[83.16162,19.92915],[83.16266,19.92954],[83.16236,19.93074],[83.16293,19.93206],[83.16251,19.93287],[83.16094,19.93386],[83.16016,19.93386],[83.15949,19.93433],[83.15895,19.93416],[83.15841,19.93474],[83.15738,19.9344],[83.15618,19.93528],[83.15556,19.93465],[83.15424,19.93426],[83.15394,19.93541],[83.15321,19.93496],[83.15267,19.93514],[83.15279,19.93594],[83.15208,19.93641],[83.15184,19.93727],[83.15092,19.93653],[83.14926,19.938]]]}},{"type":"Feature","properties":{"LCODE":"100140001000100141","LOCATION":"JAGANATHPUR","V_TYPE":"VILLAGE","BLOCK":"NUAPARA","DISTRICT":"NUAPADA"},"geometry":{"type":"Polygon","coordinates":[[[83.20633,19.92914],[83.20641,19.92955],[83.20796,19.92895],[83.20923,19.92888],[83.20973,19.93071],[83.2092,19.9321],[83.2094,19.93353],[83.20906,19.93623],[83.20798,19.93744],[83.20764,19.93899],[83.20672,19.93967],[83.2076,19.94077],[83.20833,19.94139],[83.20984,19.94152],[83.21026,19.94057],[83.21074,19.94034],[83.21158,19.94005],[83.21413,19.94019],[83.21563,19.93972],[83.21599,19.9392],[83.21744,19.93879],[83.21724,19.93713],[83.21804,19.93282],[83.21685,19.92904],[83.21612,19.9279],[83.21626,19.92587],[83.21464,19.92539],[83.21234,19.92564],[83.21028,19.92492],[83.20828,19.92493],[83.20732,19.92552],[83.20708,19.92598],[83.20633,19.92914]]]}},{"type":"Feature","properties":{"LCODE":"100140009000900151","LOCATION":"PHUKJODI","V_TYPE":"VILLAGE","BLOCK":"NUAPARA","DISTRICT":"NUAPADA"},"geometry":{"type":"Polygon","coordinates":[[[83.07216,19.9158],[83.07528,19.92091],[83.0753,19.92373],[83.07762,19.92577],[83.07873,19.9272],[83.07972,19.9296],[83.07984,19.93213],[83.08088,19.93097],[83.08215,19.93079],[83.08282,19.93101],[83.08331,19.9321],[83.08345,19.93405],[83.08395,19.93531],[83.0862,19.93735],[83.08664,19.93861],[83.08829,19.94084],[83.08884,19.94106],[83.0906,19.94099],[83.0912,19.94064],[83.09149,19.93989],[83.09098,19.93714],[83.09127,19.93587],[83.09122,19.93093],[83.09026,19.92445],[83.09051,19.91991],[83.08995,19.91837],[83.0894,19.91791],[83.08789,19.91839],[83.08765,19.91822],[83.08764,19.9173],[83.08691,19.91673],[83.08756,19.91558],[83.08689,19.91501],[83.08586,19.91473],[83.08398,19.9148],[83.08296,19.91539],[83.08103,19.9154],[83.08001,19.9161],[83.07849,19.91566],[83.07776,19.91486],[83.07769,19.9144],[83.07678,19.91418],[83.07552,19.91505],[83.07436,19.91443],[83.07352,19.91455],[83.07268,19.91502],[83.07216,19.9158]]]}},{"type":"Feature","properties":{"LCODE":"100140001000100095","LOCATION":"BALARAMPUR","V_TYPE":"VILLAGE","BLOCK":"NUAPARA","DISTRICT":"NUAPADA"},"geometry":{"type":"Polygon","coordinates":[[[83.19951,19.9392],[83.20043,19.94084],[83.20167,19.94071],[83.20311,19.93989],[83.20559,19.93947],[83.20672,19.93967],[83.20728,19.9394],[83.20782,19.93859],[83.20798,19.93744],[83.20906,19.93623],[83.2094,19.93353],[83.2092,19.9321],[83.20973,19.93071],[83.20923,19.92888],[83.20796,19.92895],[83.20641,19.92955],[83.2066,19.93235],[83.20576,19.93316],[83.20348,19.93398],[83.20065,19.93625],[83.20029,19.93665],[83.19951,19.9392]]]}},{"type":"Feature","properties":{"LCODE":"100140001000100094","LOCATION":"GANANATHPUR","V_TYPE":"VILLAGE","BLOCK":"NUAPARA","DISTRICT":"NUAPADA"},"geometry":{"type":"Polygon","coordinates":[[[83.19096,19.94003],[83.19392,19.94027],[83.19917,19.93941],[83.19978,19.93884],[83.20029,19.93665],[83.20216,19.93515],[83.20009,19.93407],[83.19959,19.93304],[83.19923,19.93287],[83.1982,19.93306],[83.19724,19.93364],[83.19641,19.93355],[83.19379,19.93527],[83.19351,19.93585],[83.19225,19.93667],[83.19183,19.9373],[83.19173,19.93874],[83.19096,19.94003]]]}},{"type":"Feature","properties":{"LCODE":"100140009000900155","LOCATION":"KARATIKILI","V_TYPE":"VILLAGE","BLOCK":"NUAPARA","DISTRICT":"NUAPADA"},"geometry":{"type":"Polygon","coordinates":[[[83.02401,19.93034],[83.0242,19.93126],[83.02615,19.93302],[83.02753,19.93238],[83.02881,19.93236],[83.03263,19.93388],[83.03453,19.93587],[83.03532,19.93633],[83.0363,19.9377],[83.03885,19.93877],[83.04044,19.94024],[83.04388,19.93929],[83.04662,19.93927],[83.04652,19.93789],[83.04469,19.93561],[83.04461,19.93366],[83.04195,19.92753],[83.03931,19.92422],[83.03851,19.92262],[83.03838,19.92188],[83.03902,19.91919],[83.03848,19.91952],[83.0357,19.9196],[83.03169,19.91849],[83.03043,19.91862],[83.02976,19.91902],[83.02941,19.91972],[83.02942,19.92081],[83.02998,19.92235],[83.03024,19.92431],[83.02961,19.92747],[83.02877,19.92869],[83.02721,19.92928],[83.02473,19.92947],[83.02401,19.93034]]]}},{"type":"Feature","properties":{"LCODE":"100140009000900154","LOCATION":"TILJODI","V_TYPE":"VILLAGE","BLOCK":"NUAPARA","DISTRICT":"NUAPADA"},"geometry":{"type":"Polygon","coordinates":[[[83.03838,19.92188],[83.03931,19.92422],[83.04195,19.92753],[83.04461,19.93366],[83.04469,19.93561],[83.04652,19.93789],[83.04662,19.93927],[83.04969,19.93987],[83.05071,19.93958],[83.05185,19.93807],[83.05354,19.93742],[83.06122,19.9373],[83.06346,19.93751],[83.06557,19.93651],[83.06544,19.93605],[83.06367,19.9348],[83.0633,19.93366],[83.06342,19.9332],[83.06384,19.93303],[83.06371,19.93222],[83.06205,19.92907],[83.06135,19.92632],[83.05965,19.92473],[83.0595,19.92255],[83.05846,19.92181],[83.05791,19.92032],[83.05517,19.91816],[83.0551,19.9177],[83.05543,19.91725],[83.05411,19.91541],[83.05338,19.91525],[83.05219,19.91635],[83.05031,19.91671],[83.04977,19.91718],[83.04936,19.9185],[83.04845,19.91817],[83.04765,19.91691],[83.04475,19.91711],[83.04445,19.9174],[83.04398,19.91924],[83.04369,19.91942],[83.04137,19.91771],[83.04026,19.91747],[83.03999,19.91853],[83.03902,19.91919],[83.03838,19.92188]]]}},{"type":"Feature","properties":{"LCODE":"100170003000300177","LOCATION":"SAPDAHANI","V_TYPE":"VILLAGE","BLOCK":"SINAPALI","DISTRICT":"NUAPADA"},"geometry":{"type":"Polygon","coordinates":[[[83.32695,19.93318],[83.32992,19.93708],[83.33099,19.93919],[83.3319,19.93965],[83.3322,19.93969],[83.33305,19.93842],[83.33524,19.93716],[83.33794,19.93639],[83.33453,19.93394],[83.33436,19.93337],[83.33497,19.93228],[83.33756,19.93026],[83.33668,19.93016],[83.33322,19.93077],[83.33032,19.93082],[83.32893,19.93202],[83.32784,19.93219],[83.32695,19.93318]]]}},{"type":"Feature","properties":{"LCODE":"100140009000900152","LOCATION":"KANDHA BARA JHOLA","V_TYPE":"VILLAGE","BLOCK":"NUAPARA","DISTRICT":"NUAPADA"},"geometry":{"type":"Polygon","coordinates":[[[83.06135,19.92632],[83.06205,19.92907],[83.06352,19.9317],[83.06384,19.93303],[83.06432,19.93284],[83.06596,19.93317],[83.06864,19.93516],[83.06956,19.93636],[83.06957,19.93808],[83.07031,19.93876],[83.07256,19.93943],[83.07376,19.93885],[83.07904,19.93466],[83.07984,19.93213],[83.07953,19.92892],[83.07823,19.9264],[83.0753,19.92373],[83.07516,19.92249],[83.07039,19.92257],[83.06799,19.92373],[83.06683,19.9238],[83.06503,19.92497],[83.06328,19.92539],[83.06135,19.92632]]]}},{"type":"Feature","properties":{"LCODE":"100170006000600189","LOCATION":"KAUGUDA","V_TYPE":"VILLAGE","BLOCK":"SINAPALI","DISTRICT":"NUAPADA"},"geometry":{"type":"Polygon","coordinates":[[[83.37962,19.9254],[83.38064,19.92892],[83.3813,19.92956],[83.38648,19.93222],[83.39263,19.93466],[83.39323,19.93513],[83.39571,19.93933],[83.39672,19.93836],[83.39842,19.93762],[83.39861,19.9371],[83.39819,19.93475],[83.39856,19.93446],[83.39935,19.93469],[83.39959,19.93452],[83.39893,19.93303],[83.39925,19.93165],[83.39877,19.93021],[83.39896,19.92889],[83.40079,19.92568],[83.40124,19.92235],[83.40173,19.92109],[83.4025,19.92016],[83.40034,19.9193],[83.3992,19.91941],[83.39822,19.9205],[83.39665,19.92061],[83.39514,19.91997],[83.39381,19.92008],[83.39375,19.92151],[83.39344,19.9222],[83.3924,19.92306],[83.39142,19.92564],[83.3902,19.92782],[83.38929,19.92827],[83.38778,19.92826],[83.3864,19.92665],[83.38543,19.92596],[83.3846,19.92383],[83.38376,19.92307],[83.38242,19.92307],[83.37962,19.9254]]]}},{"type":"Feature","properties":{"LCODE":"100170003000300174","LOCATION":"KUTINGPADAR","V_TYPE":"VILLAGE","BLOCK":"SINAPALI","DISTRICT":"NUAPADA"},"geometry":{"type":"Polygon","coordinates":[[[83.31206,19.93453],[83.31208,19.93562],[83.31552,19.9384],[83.31679,19.93909],[83.31921,19.93928],[83.32054,19.93779],[83.32067,19.9371],[83.31947,19.93629],[83.3194,19.93577],[83.31971,19.93526],[83.32064,19.93471],[83.32026,19.93463],[83.31978,19.93387],[83.31865,19.93105],[83.31689,19.93105],[83.31435,19.93218],[83.31237,19.93237],[83.31206,19.93453]]]}},{"type":"Feature","properties":{"LCODE":"100140001000100144","LOCATION":"BHANGABADI","V_TYPE":"VILLAGE","BLOCK":"NUAPARA","DISTRICT":"NUAPADA"},"geometry":{"type":"Polygon","coordinates":[[[83.13535,19.92852],[83.13567,19.92978],[83.13641,19.93104],[83.1369,19.93155],[83.13915,19.93256],[83.13965,19.93342],[83.1399,19.93468],[83.14166,19.9353],[83.14203,19.93569],[83.14192,19.93765],[83.1422,19.93837],[83.14471,19.93842],[83.14804,19.93782],[83.14926,19.938],[83.15092,19.93653],[83.15184,19.93727],[83.15208,19.93641],[83.15279,19.93594],[83.15267,19.93514],[83.15321,19.93496],[83.15394,19.93541],[83.15424,19.93426],[83.15556,19.93465],[83.15606,19.93528],[83.15738,19.9344],[83.15841,19.93474],[83.15895,19.93416],[83.15949,19.93433],[83.16016,19.93386],[83.16119,19.93374],[83.16251,19.93287],[83.16293,19.93206],[83.16236,19.93074],[83.16266,19.92954],[83.16162,19.92915],[83.16202,19.92776],[83.16075,19.9264],[83.15965,19.92578],[83.15838,19.9255],[83.15627,19.92598],[83.15542,19.92582],[83.15463,19.92548],[83.15286,19.92394],[83.15176,19.92361],[83.15115,19.92293],[83.14842,19.92217],[83.14475,19.92407],[83.1391,19.92512],[83.13854,19.92568],[83.13733,19.92592],[83.13638,19.92782],[83.13535,19.92852]]]}},{"type":"Feature","properties":{"LCODE":"100140006000600112","LOCATION":"KERANDIMAL","V_TYPE":"VILLAGE","BLOCK":"NUAPARA","DISTRICT":"NUAPADA"},"geometry":{"type":"Polygon","coordinates":[[[83.29347,19.93508],[83.29389,19.93548],[83.2948,19.93531],[83.29644,19.93417],[83.29705,19.93406],[83.29837,19.93516],[83.30072,19.93638],[83.30196,19.93817],[83.30222,19.93782],[83.30585,19.93698],[83.30659,19.93657],[83.30677,19.93594],[83.30671,19.93531],[83.30515,19.93381],[83.30486,19.93295],[83.30492,19.93199],[83.30372,19.93122],[83.30209,19.93098],[83.29605,19.93131],[83.29347,19.93508]]]}},{"type":"Feature","properties":{"LCODE":"100170003000300173","LOCATION":"SONEPUR","V_TYPE":"VILLAGE","BLOCK":"SINAPALI","DISTRICT":"NUAPADA"},"geometry":{"type":"Polygon","coordinates":[[[83.30486,19.93214],[83.30515,19.93381],[83.30671,19.93531],[83.30677,19.93594],[83.30643,19.93666],[83.3073,19.93733],[83.30888,19.9371],[83.31107,19.93562],[83.31208,19.93562],[83.31237,19.93237],[83.31211,19.93229],[83.31206,19.93137],[83.31291,19.93022],[83.31292,19.92936],[83.3099,19.92848],[83.30748,19.92864],[83.30693,19.9291],[83.30675,19.93019],[83.30517,19.93139],[83.30486,19.93214]]]}},{"type":"Feature","properties":{"LCODE":"100170006000600187","LOCATION":"BAGHINIPADAR","V_TYPE":"VILLAGE","BLOCK":"SINAPALI","DISTRICT":"NUAPADA"},"geometry":{"type":"Polygon","coordinates":[[[83.39813,19.93526],[83.39857,19.93719],[83.39939,19.93676],[83.40067,19.93504],[83.40195,19.93505],[83.40316,19.93419],[83.40633,19.93344],[83.40631,19.93317],[83.40752,19.9322],[83.40946,19.93164],[83.4105,19.92946],[83.41227,19.92786],[83.41293,19.92735],[83.41441,19.92709],[83.41219,19.9247],[83.41167,19.92521],[83.40943,19.92618],[83.40678,19.9264],[83.40472,19.92702],[83.40386,19.92759],[83.40264,19.92977],[83.40015,19.93119],[83.39919,19.93146],[83.39893,19.93303],[83.39959,19.93452],[83.39935,19.93469],[83.39856,19.93446],[83.39819,19.93475],[83.39813,19.93526]]]}},{"type":"Feature","properties":{"LCODE":"100140001000100142","LOCATION":"UPARABHATA","V_TYPE":"VILLAGE","BLOCK":"NUAPARA","DISTRICT":"NUAPADA"},"geometry":{"type":"Polygon","coordinates":[[[83.1916,19.9312],[83.19196,19.93266],[83.19331,19.9335],[83.19386,19.93424],[83.19379,19.93527],[83.19633,19.9337],[83.19721,19.93111],[83.19756,19.9287],[83.19718,19.92773],[83.19709,19.92468],[83.1935,19.92828],[83.1916,19.9312]]]}},{"type":"Feature","properties":{"LCODE":"100140001000100140","LOCATION":"MEDINIPUR","V_TYPE":"VILLAGE","BLOCK":"NUAPARA","DISTRICT":"NUAPADA"},"geometry":{"type":"Polygon","coordinates":[[[83.19641,19.93355],[83.19724,19.93364],[83.1982,19.93306],[83.19923,19.93287],[83.19959,19.93304],[83.20009,19.93407],[83.20216,19.93515],[83.20348,19.93398],[83.20618,19.93287],[83.20672,19.93177],[83.20644,19.92839],[83.20692,19.92736],[83.20708,19.92598],[83.20792,19.92505],[83.21028,19.92492],[83.21186,19.92559],[83.2141,19.92534],[83.21609,19.9259],[83.21694,19.92549],[83.21726,19.92411],[83.21635,19.92165],[83.21532,19.92034],[83.21426,19.918],[83.21388,19.91519],[83.21165,19.91647],[83.2104,19.91821],[83.20979,19.91861],[83.20672,19.9195],[83.20455,19.92107],[83.20286,19.92126],[83.20116,19.92041],[83.19983,19.92036],[83.19709,19.92468],[83.19718,19.92773],[83.19756,19.9287],[83.19721,19.93111],[83.19641,19.93355]]]}},{"type":"Feature","properties":{"LCODE":"100140006000600114","LOCATION":"KADAM","V_TYPE":"VILLAGE","BLOCK":"NUAPARA","DISTRICT":"NUAPADA"},"geometry":{"type":"Polygon","coordinates":[[[83.3187,19.93112],[83.32026,19.93463],[83.32171,19.93486],[83.32498,19.93396],[83.32499,19.93304],[83.32529,19.93258],[83.32571,19.93252],[83.32655,19.93339],[83.32784,19.93219],[83.32893,19.93202],[83.3297,19.93134],[83.32887,19.93081],[83.32887,19.93007],[83.32961,19.92955],[83.32985,19.92898],[83.32938,19.92794],[83.32768,19.92742],[83.32728,19.92696],[83.32587,19.92758],[83.32538,19.9285],[83.32453,19.92844],[83.32394,19.92757],[83.32327,19.92751],[83.3223,19.92888],[83.32079,19.92859],[83.31998,19.93003],[83.3192,19.93042],[83.3187,19.93112]]]}},{"type":"Feature","properties":{"LCODE":"100140001000100149","LOCATION":"MALGAON","V_TYPE":"VILLAGE","BLOCK":"NUAPARA","DISTRICT":"NUAPADA"},"geometry":{"type":"Polygon","coordinates":[[[83.10318,19.92444],[83.10504,19.92748],[83.10481,19.92863],[83.10555,19.92994],[83.10515,19.93196],[83.10588,19.93385],[83.10892,19.93468],[83.11147,19.93483],[83.11322,19.93429],[83.11552,19.93433],[83.11781,19.93362],[83.11997,19.93257],[83.12334,19.93443],[83.1238,19.93397],[83.12457,19.93386],[83.12318,19.93202],[83.12267,19.9303],[83.12234,19.92657],[83.12303,19.9237],[83.12357,19.92335],[83.12443,19.92392],[83.12526,19.92287],[83.12684,19.92274],[83.12737,19.92194],[83.12742,19.92085],[83.12681,19.91987],[83.1245,19.91869],[83.12225,19.91779],[83.11989,19.91781],[83.11879,19.91702],[83.1142,19.91689],[83.11003,19.9179],[83.10797,19.91735],[83.10664,19.91782],[83.1058,19.91851],[83.10558,19.92012],[83.10492,19.92128],[83.10475,19.92225],[83.10349,19.9229],[83.10318,19.92444]]]}},{"type":"Feature","properties":{"LCODE":"100140001000100136","LOCATION":"SARAGALANJI","V_TYPE":"VILLAGE","BLOCK":"NUAPARA","DISTRICT":"NUAPADA"},"geometry":{"type":"Polygon","coordinates":[[[83.21599,19.92716],[83.21631,19.92817],[83.21842,19.92851],[83.2197,19.92999],[83.22171,19.93095],[83.22208,19.93169],[83.22306,19.93237],[83.22488,19.9327],[83.22808,19.93221],[83.23032,19.93288],[83.23177,19.93286],[83.23251,19.93332],[83.2325,19.93448],[83.23325,19.93469],[83.23457,19.93364],[83.23533,19.93163],[83.23327,19.93073],[83.23271,19.92959],[83.23283,19.9289],[83.23508,19.92458],[83.23499,19.9224],[83.236,19.91993],[83.23593,19.91912],[83.23538,19.91867],[83.23441,19.91874],[83.23238,19.9207],[83.22985,19.92176],[83.22742,19.92189],[83.22488,19.92152],[83.22421,19.92106],[83.22399,19.92038],[83.22289,19.92153],[83.21825,19.92404],[83.21726,19.92411],[83.21712,19.92514],[83.21626,19.92587],[83.21599,19.92716]]]}},{"type":"Feature","properties":{"LCODE":"100140001000100146","LOCATION":"KARLAKOT","V_TYPE":"VILLAGE","BLOCK":"NUAPARA","DISTRICT":"NUAPADA"},"geometry":{"type":"Polygon","coordinates":[[[83.12234,19.92657],[83.12286,19.93128],[83.12366,19.9327],[83.12457,19.93386],[83.12622,19.93389],[83.12767,19.93353],[83.12851,19.93289],[83.13095,19.92931],[83.13228,19.92878],[83.13578,19.92835],[83.13638,19.92782],[83.13733,19.92592],[83.1389,19.92551],[83.13913,19.92459],[83.13869,19.92298],[83.13893,19.92275],[83.14008,19.92274],[83.13995,19.92142],[83.14097,19.92072],[83.14017,19.91993],[83.14011,19.91924],[83.14077,19.91849],[83.14194,19.91784],[83.14094,19.91751],[83.13978,19.91666],[83.13766,19.9161],[83.13675,19.91628],[83.13417,19.91803],[83.13229,19.91736],[83.12788,19.91883],[83.12646,19.91965],[83.12742,19.92085],[83.12714,19.92245],[83.12635,19.92286],[83.12526,19.92287],[83.12443,19.92392],[83.12357,19.92335],[83.12321,19.92341],[83.12234,19.92657]]]}},{"type":"Feature","properties":{"LCODE":"10014000600060rf","LOCATION":"RF","V_TYPE":"FOREST","BLOCK":"NUAPARA","DISTRICT":"NUAPADA"},"geometry":{"type":"Polygon","coordinates":[[[83.21886,19.82236],[83.21906,19.82425],[83.22059,19.82573],[83.22393,19.82691],[83.22787,19.82762],[83.23029,19.82864],[83.23376,19.83107],[83.23524,19.83318],[83.23857,19.84214],[83.23926,19.84169],[83.24125,19.84122],[83.24167,19.84076],[83.24196,19.83984],[83.24182,19.83772],[83.2435,19.83661],[83.24384,19.83605],[83.24265,19.83622],[83.2418,19.83548],[83.24065,19.8352],[83.24015,19.83406],[83.2402,19.83354],[83.24154,19.83422],[83.24262,19.8337],[83.24378,19.83449],[83.24596,19.83464],[83.24603,19.83596],[83.24485,19.83861],[83.24532,19.84348],[83.24882,19.84897],[83.24998,19.8494],[83.25047,19.85003],[83.24976,19.85066],[83.24892,19.85216],[83.2485,19.85222],[83.24783,19.85182],[83.24218,19.85537],[83.24002,19.85757],[83.23858,19.85781],[83.23847,19.85924],[83.2402,19.86296],[83.24026,19.8637],[83.23952,19.86501],[83.24322,19.86247],[83.24413,19.86269],[83.2442,19.86373],[83.2427,19.86483],[83.24204,19.86604],[83.24213,19.86787],[83.24293,19.86918],[83.243,19.87067],[83.24361,19.87112],[83.24434,19.87123],[83.24483,19.87197],[83.24466,19.87312],[83.24327,19.87416],[83.2434,19.87457],[83.24396,19.87525],[83.24529,19.87535],[83.24651,19.87609],[83.24826,19.87619],[83.25055,19.8758],[83.25159,19.87742],[83.2514,19.87834],[83.2511,19.87846],[83.24937,19.87773],[83.24731,19.8786],[83.24574,19.8785],[83.24553,19.87917],[83.24606,19.87965],[83.24657,19.88116],[83.24783,19.88181],[83.24879,19.88134],[83.25019,19.8819],[83.25211,19.88088],[83.25374,19.88054],[83.25483,19.88083],[83.25567,19.88187],[83.2556,19.8828],[83.25499,19.88377],[83.25474,19.88555],[83.25261,19.88738],[83.25198,19.89002],[83.2504,19.89301],[83.24789,19.89345],[83.24644,19.89449],[83.24561,19.89473],[83.24143,19.89511],[83.23951,19.8961],[83.23795,19.89778],[83.23653,19.90031],[83.23641,19.90123],[83.23698,19.90317],[83.23692,19.90409],[83.23602,19.90421],[83.23479,19.90228],[83.23376,19.90183],[83.23309,19.90189],[83.22671,19.90425],[83.22533,19.90574],[83.22449,19.90718],[83.22446,19.91011],[83.22605,19.91136],[83.22768,19.91134],[83.22896,19.91179],[83.22964,19.91264],[83.22964,19.91333],[83.22645,19.91491],[83.22478,19.91664],[83.22412,19.91797],[83.22389,19.91923],[83.22421,19.92106],[83.22488,19.92152],[83.22742,19.92189],[83.22985,19.92176],[83.23238,19.9207],[83.23441,19.91874],[83.23538,19.91867],[83.23605,19.91952],[83.23494,19.92286],[83.23511,19.92437],[83.23605,19.92514],[83.2366,19.92542],[83.23999,19.92545],[83.24284,19.92709],[83.24672,19.92711],[83.24853,19.92658],[83.25035,19.92552],[83.25073,19.92482],[83.25285,19.92414],[83.25419,19.92299],[83.25571,19.92295],[83.25668,19.92237],[83.25668,19.92111],[83.25566,19.92024],[83.25336,19.92052],[83.25191,19.91976],[83.25028,19.91953],[83.24998,19.91906],[83.25005,19.91855],[83.25211,19.9166],[83.25607,19.91882],[83.25647,19.91714],[83.25569,19.91552],[83.25564,19.91437],[83.25625,19.91334],[83.25716,19.91283],[83.25843,19.91295],[83.26186,19.91463],[83.26305,19.91737],[83.26408,19.91729],[83.26481,19.91793],[83.26476,19.91655],[83.26543,19.91574],[83.26579,19.91459],[83.26718,19.91552],[83.27038,19.91628],[83.27165,19.91577],[83.27219,19.91246],[83.27082,19.91261],[83.27028,19.91231],[83.2677,19.90954],[83.2691,19.90719],[83.27171,19.9068],[83.27327,19.90801],[83.27454,19.90722],[83.27782,19.90643],[83.27813,19.90516],[83.2791,19.90454],[83.28019,19.90442],[83.2808,19.90362],[83.27953,19.90258],[83.27833,19.90212],[83.27785,19.90142],[83.27791,19.90108],[83.28101,19.89833],[83.2844,19.89835],[83.28596,19.89951],[83.28693,19.90073],[83.2877,19.90072],[83.28836,19.89817],[83.28773,19.89722],[83.28889,19.89636],[83.28877,19.89458],[83.28951,19.89423],[83.29071,19.8947],[83.29089,19.89372],[83.29054,19.8924],[83.29066,19.89188],[83.29321,19.89115],[83.29304,19.89235],[83.29404,19.89247],[83.29435,19.89299],[83.29446,19.89426],[83.29403,19.89569],[83.29281,19.89758],[83.29123,19.89867],[83.28938,19.89938],[83.28958,19.90125],[83.28982,19.90177],[83.29066,19.90229],[83.2955,19.90162],[83.29683,19.9018],[83.29634,19.90301],[83.297,19.90359],[83.29718,19.90428],[83.29693,19.90474],[83.29487,19.90553],[83.29335,19.90754],[83.29183,19.9074],[83.29099,19.90781],[83.29056,19.90844],[83.29019,19.91144],[83.29296,19.91081],[83.29465,19.91197],[83.29574,19.91157],[83.29682,19.91221],[83.29724,19.91302],[83.29712,19.91348],[83.29657,19.91365],[83.29585,19.91324],[83.29476,19.91329],[83.29415,19.91375],[83.29403,19.91421],[83.29427,19.91484],[83.29523,19.91565],[83.29565,19.9164],[83.29546,19.91686],[83.2963,19.91847],[83.29623,19.91916],[83.29435,19.921],[83.29283,19.92179],[83.29108,19.92184],[83.28888,19.92144],[83.28612,19.92274],[83.28557,19.92331],[83.28532,19.92463],[83.28676,19.92637],[83.28742,19.92631],[83.28767,19.92557],[83.2884,19.92522],[83.28936,19.9258],[83.29118,19.92575],[83.29196,19.92622],[83.29322,19.92772],[83.29601,19.92687],[83.298,19.9259],[83.29958,19.92648],[83.30037,19.92568],[83.30193,19.92592],[83.30279,19.92506],[83.30333,19.92535],[83.30363,19.92656],[83.30592,19.92789],[83.30603,19.92858],[83.3068,19.92955],[83.30748,19.92864],[83.30808,19.92853],[83.3099,19.92848],[83.31292,19.92936],[83.31291,19.93022],[83.31206,19.93137],[83.31211,19.93229],[83.31339,19.93241],[83.31435,19.93218],[83.31774,19.93088],[83.3187,19.93112],[83.3192,19.93042],[83.31998,19.93003],[83.32079,19.92859],[83.3223,19.92888],[83.32303,19.92768],[83.32363,19.92745],[83.32453,19.92844],[83.32538,19.9285],[83.32587,19.92758],[83.32738,19.9269],[83.32885,19.92455],[83.32807,19.92299],[83.32814,19.92161],[83.32983,19.92191],[83.33141,19.92163],[83.33261,19.92204],[83.33468,19.92095],[83.33522,19.92038],[83.33547,19.91935],[83.33785,19.9162],[83.3389,19.91264],[83.33957,19.91224],[83.34071,19.9127],[83.3407,19.9146],[83.34033,19.91569],[83.33924,19.91632],[83.33894,19.91683],[83.33881,19.91827],[83.33806,19.92001],[83.33849,19.92109],[83.33835,19.9231],[83.34032,19.92638],[83.34043,19.92828],[83.33988,19.92931],[83.33756,19.93026],[83.34193,19.93127],[83.35099,19.932],[83.36452,19.93372],[83.36475,19.93232],[83.36867,19.92846],[83.37214,19.92279],[83.37512,19.9136],[83.37498,19.90682],[83.37586,19.90315],[83.37633,19.89959],[83.37581,19.89856],[83.37527,19.89626],[83.37365,19.89499],[83.37184,19.89429],[83.37167,19.89391],[83.37104,19.89433],[83.36797,19.89496],[83.36719,19.89473],[83.36689,19.89329],[83.3672,19.89208],[83.36835,19.891],[83.37114,19.89021],[83.37259,19.8905],[83.37258,19.89194],[83.37386,19.89143],[83.37471,19.89022],[83.37664,19.89069],[83.38032,19.89215],[83.38183,19.89221],[83.38358,19.89303],[83.38431,19.89286],[83.38522,19.89217],[83.38528,19.89085],[83.38438,19.8901],[83.38426,19.88964],[83.38457,19.88884],[83.38567,19.88804],[83.38597,19.88718],[83.38573,19.88695],[83.38398,19.88688],[83.38392,19.88648],[83.38594,19.88201],[83.38589,19.88069],[83.38518,19.87947],[83.38567,19.87707],[83.38847,19.87449],[83.3912,19.87146],[83.39164,19.87003],[83.39099,19.86778],[83.39105,19.86658],[83.39203,19.86572],[83.39512,19.86407],[83.39598,19.86218],[83.39545,19.86034],[83.39536,19.85853],[83.3942,19.85792],[83.39305,19.85671],[83.39247,19.85275],[83.38998,19.8528],[83.38383,19.85539],[83.38111,19.85753],[83.37807,19.85746],[83.36638,19.8595],[83.36105,19.86234],[83.35845,19.86289],[83.35843,19.86417],[83.35715,19.8652],[83.35443,19.86524],[83.35371,19.86501],[83.35184,19.86356],[83.34754,19.86509],[83.34341,19.86823],[83.3428,19.86915],[83.34279,19.87093],[83.34235,19.87259],[83.34252,19.87384],[83.34603,19.87405],[83.34651,19.87474],[83.34602,19.87641],[83.34492,19.87772],[83.34395,19.87852],[83.34171,19.87828],[83.34039,19.87885],[83.33869,19.8789],[83.33432,19.8814],[83.33293,19.88117],[83.33154,19.88202],[83.33045,19.88185],[83.32648,19.87815],[83.32607,19.87745],[83.32595,19.87636],[83.32662,19.87539],[83.32857,19.87373],[83.33247,19.8684],[83.33356,19.86801],[83.33573,19.86825],[83.33865,19.86683],[83.34126,19.86471],[83.3426,19.86242],[83.34261,19.86173],[83.34045,19.85868],[83.33992,19.85643],[83.33926,19.85522],[83.33945,19.85361],[83.34081,19.85046],[83.34074,19.84868],[83.33863,19.85004],[83.33511,19.85123],[83.33426,19.85243],[83.33389,19.85404],[83.33292,19.85507],[83.33116,19.85541],[83.32971,19.85505],[83.32453,19.85233],[83.32218,19.85042],[83.32123,19.84904],[83.31826,19.84953],[83.31623,19.8459],[83.3149,19.84561],[83.31418,19.84503],[83.312,19.84582],[83.31182,19.84513],[83.3128,19.84411],[83.31268,19.84387],[83.31118,19.84156],[83.31027,19.8411],[83.30962,19.84],[83.30829,19.83925],[83.30831,19.83655],[83.30518,19.83325],[83.30457,19.83474],[83.30324,19.836],[83.29959,19.83817],[83.2902,19.84237],[83.2876,19.84287],[83.28681,19.84264],[83.28483,19.84085],[83.27943,19.83386],[83.27487,19.8286],[83.2747,19.82808],[83.27506,19.82705],[83.27731,19.82499],[83.28174,19.82266],[83.28503,19.81894],[83.2854,19.81842],[83.2851,19.81669],[83.28578,19.81509],[83.28561,19.81417],[83.28412,19.81288],[83.28252,19.81334],[83.27975,19.81333],[83.27559,19.81101],[83.27409,19.81059],[83.27275,19.81064],[83.27106,19.81115],[83.26929,19.81235],[83.26803,19.81188],[83.26676,19.81239],[83.2661,19.8121],[83.26585,19.81164],[83.2664,19.81095],[83.26877,19.81051],[83.26956,19.80907],[83.27156,19.80862],[83.27235,19.80817],[83.27361,19.80829],[83.27446,19.80784],[83.2759,19.80922],[83.27765,19.81004],[83.28073,19.81092],[83.2835,19.81107],[83.284,19.80996],[83.2839,19.80749],[83.28342,19.80645],[83.28204,19.80483],[83.28198,19.80357],[83.28351,19.80191],[83.28418,19.80013],[83.28448,19.80007],[83.2853,19.80076],[83.28565,19.79732],[83.28529,19.79703],[83.28378,19.79685],[83.28209,19.7973],[83.27663,19.80078],[83.27554,19.80111],[83.27324,19.80116],[83.27245,19.80049],[83.27154,19.80195],[83.27063,19.80235],[83.26817,19.80032],[83.2649,19.80071],[83.26309,19.80006],[83.26032,19.79763],[83.25961,19.79608],[83.25998,19.79573],[83.26089,19.79556],[83.2653,19.79542],[83.2659,19.79559],[83.26681,19.7964],[83.26797,19.79336],[83.26823,19.79147],[83.2667,19.78352],[83.26491,19.78127],[83.26016,19.77692],[83.25216,19.77153],[83.25016,19.77144],[83.24356,19.76501],[83.24155,19.76416],[83.23708,19.76443],[83.23564,19.76501],[83.23432,19.76605],[83.23318,19.76761],[83.23224,19.76962],[83.23089,19.7737],[83.22923,19.77698],[83.2263,19.78027],[83.22204,19.78397],[83.22145,19.78507],[83.22116,19.78627],[83.22127,19.7912],[83.22307,19.79618],[83.22475,19.79833],[83.22523,19.79433],[83.22668,19.79363],[83.22716,19.79311],[83.2281,19.79098],[83.22834,19.79109],[83.22841,19.7919],[83.22735,19.79431],[83.22726,19.79729],[83.22665,19.79885],[83.23083,19.79801],[83.23277,19.79794],[83.23937,19.79909],[83.24083,19.7996],[83.24313,19.80061],[83.24612,19.80306],[83.24674,19.80414],[83.24706,19.80614],[83.24689,19.807],[83.24618,19.80827],[83.24515,19.80845],[83.24083,19.80596],[83.23865,19.80546],[83.2355,19.80532],[83.22547,19.8062],[83.22143,19.80732],[83.21975,19.80871],[83.2194,19.80951],[83.21959,19.81031],[83.21893,19.81181],[83.21895,19.81307],[83.21968,19.81352],[83.22087,19.81747],[83.22023,19.82006],[83.21886,19.82236]],[[83.31969,19.91956],[83.32018,19.9191],[83.31982,19.91784],[83.32049,19.91761],[83.3214,19.91807],[83.32284,19.9194],[83.32332,19.91958],[83.32532,19.91924],[83.32586,19.91947],[83.3264,19.92022],[83.325,19.92125],[83.32379,19.92159],[83.32378,19.92309],[83.32317,19.92343],[83.32269,19.92302],[83.32216,19.9213],[83.32174,19.92078],[83.31999,19.91996],[83.31969,19.91956]],[[83.23414,19.91524],[83.23557,19.91299],[83.23853,19.91233],[83.23919,19.91256],[83.2386,19.91405],[83.23692,19.91545],[83.23541,19.91592],[83.23457,19.91575],[83.23414,19.91524]],[[83.30807,19.91266],[83.30891,19.91221],[83.31006,19.91267],[83.31091,19.91251],[83.31146,19.91073],[83.31353,19.90953],[83.31384,19.90769],[83.31548,19.90689],[83.31609,19.90563],[83.31657,19.90535],[83.317,19.90552],[83.31712,19.90615],[83.31546,19.90925],[83.31552,19.91017],[83.3163,19.91086],[83.31817,19.91179],[83.32021,19.91433],[83.31984,19.91559],[83.31899,19.91559],[83.31767,19.91484],[83.31718,19.91495],[83.31536,19.91649],[83.31443,19.91913],[83.31471,19.92281],[83.31415,19.92632],[83.31366,19.92712],[83.31299,19.92741],[83.31166,19.92752],[83.31015,19.92705],[83.30979,19.92601],[83.31017,19.9236],[83.3114,19.9205],[83.31264,19.91579],[83.31223,19.91516],[83.30824,19.91324],[83.30807,19.91266]],[[83.33573,19.90664],[83.3381,19.90482],[83.3386,19.90315],[83.33896,19.90281],[83.33974,19.90287],[83.34083,19.90443],[83.34269,19.90576],[83.34237,19.9088],[83.34261,19.90932],[83.34333,19.90996],[83.34496,19.90968],[83.34435,19.91082],[83.34386,19.91117],[83.34129,19.91208],[83.34012,19.91115],[83.33867,19.9108],[83.33795,19.91028],[83.33784,19.90838],[83.33706,19.90763],[83.33585,19.90722],[83.33573,19.90664]],[[83.34433,19.90467],[83.345,19.90393],[83.34615,19.90388],[83.34797,19.90257],[83.3487,19.90228],[83.34937,19.9024],[83.3502,19.90286],[83.35085,19.90695],[83.35042,19.90781],[83.34818,19.90889],[83.34782,19.90854],[83.34746,19.90727],[83.34654,19.90745],[83.34607,19.90681],[83.34492,19.90652],[83.34457,19.906],[83.34433,19.90467]],[[83.25116,19.90578],[83.25153,19.90498],[83.25274,19.90429],[83.25615,19.90103],[83.25724,19.90035],[83.25809,19.90047],[83.25832,19.90116],[83.25771,19.9034],[83.25927,19.90427],[83.25926,19.90548],[83.25853,19.90685],[83.25707,19.90742],[83.25683,19.90776],[83.25682,19.90926],[83.25652,19.90955],[83.25507,19.90925],[83.25349,19.90936],[83.25284,19.90821],[83.25146,19.90676],[83.25116,19.90578]],[[83.30997,19.89241],[83.31056,19.89117],[83.31111,19.89072],[83.31322,19.89061],[83.31576,19.89218],[83.31593,19.8935],[83.31471,19.89372],[83.31393,19.89453],[83.31338,19.89464],[83.31181,19.89429],[83.30997,19.89241]],[[83.29774,19.89117],[83.29798,19.89064],[83.29785,19.88943],[83.29848,19.88845],[83.30051,19.8876],[83.3025,19.8887],[83.30598,19.88928],[83.30643,19.88993],[83.30602,19.89071],[83.30376,19.891],[83.30402,19.89247],[83.30323,19.89355],[83.30202,19.89338],[83.2999,19.89394],[83.29792,19.89186],[83.29774,19.89117]],[[83.26772,19.88826],[83.26808,19.88786],[83.26809,19.88683],[83.26852,19.88648],[83.26894,19.88654],[83.26959,19.88758],[83.26958,19.88879],[83.26916,19.8893],[83.26862,19.88942],[83.26783,19.88901],[83.26772,19.88826]],[[83.33006,19.88673],[83.33067,19.88501],[83.33176,19.88467],[83.33224,19.8853],[83.33247,19.88668],[83.3335,19.88795],[83.33336,19.88968],[83.33233,19.89007],[83.33179,19.88938],[83.33199,19.88777],[83.3318,19.88749],[83.33041,19.88713],[83.33006,19.88673]],[[83.26907,19.88424],[83.26962,19.88373],[83.27047,19.88379],[83.27137,19.88483],[83.27106,19.88592],[83.27032,19.88672],[83.26924,19.8862],[83.26937,19.88545],[83.26907,19.88424]],[[83.28215,19.88126],[83.2827,19.88051],[83.28361,19.88052],[83.28439,19.88127],[83.28462,19.88231],[83.28347,19.88293],[83.28292,19.88356],[83.28256,19.8835],[83.28215,19.88126]],[[83.25751,19.86877],[83.258,19.86814],[83.25872,19.86855],[83.25901,19.87004],[83.25871,19.87056],[83.2581,19.87044],[83.25751,19.86877]],[[83.2515,19.86779],[83.25268,19.8679],[83.2529,19.86819],[83.25277,19.86884],[83.25199,19.86898],[83.25152,19.86845],[83.2515,19.86779]],[[83.26755,19.85818],[83.26797,19.85761],[83.26949,19.85739],[83.27033,19.85785],[83.27167,19.85671],[83.27391,19.8562],[83.27566,19.8565],[83.27844,19.85634],[83.27982,19.85727],[83.28043,19.85715],[83.28049,19.85681],[83.27953,19.8556],[83.27936,19.85491],[83.28015,19.85399],[83.28033,19.85336],[83.28124,19.85308],[83.28155,19.85331],[83.28135,19.85509],[83.28153,19.85532],[83.28232,19.85504],[83.28316,19.85613],[83.2837,19.85614],[83.2848,19.85476],[83.28627,19.85386],[83.28687,19.85316],[83.28724,19.85104],[83.28965,19.85272],[83.28983,19.85352],[83.28964,19.85398],[83.28813,19.85392],[83.28747,19.85467],[83.28799,19.85748],[83.28695,19.85926],[83.2853,19.8612],[83.28608,19.86247],[83.28595,19.86408],[83.28638,19.86465],[83.28545,19.86592],[83.28381,19.86695],[83.28284,19.86809],[83.28133,19.86797],[83.28074,19.86624],[83.27923,19.8656],[83.27863,19.86502],[83.27779,19.86306],[83.2778,19.86163],[83.27835,19.861],[83.27981,19.86047],[83.27963,19.85922],[83.27909,19.8587],[83.27753,19.858],[83.27656,19.85788],[83.27456,19.85827],[83.27304,19.86005],[83.27086,19.86056],[83.27036,19.86188],[83.27017,19.8636],[83.26939,19.86383],[83.26872,19.86319],[83.26755,19.85818]],[[83.29601,19.86005],[83.29668,19.85937],[83.29705,19.85753],[83.29796,19.85719],[83.29874,19.85748],[83.30006,19.85892],[83.30404,19.8613],[83.30428,19.86176],[83.30408,19.86469],[83.30479,19.86642],[83.30466,19.86752],[83.30527,19.86804],[83.30526,19.86867],[83.30429,19.86901],[83.30182,19.86865],[83.30151,19.86885],[83.30109,19.86796],[83.30117,19.86646],[83.299,19.86415],[83.29871,19.86248],[83.29631,19.86063],[83.29601,19.86005]],[[83.32128,19.86835],[83.32203,19.8653],[83.32224,19.86088],[83.32305,19.85686],[83.32366,19.85566],[83.32451,19.85555],[83.32499,19.85595],[83.3252,19.85723],[83.32435,19.86204],[83.32542,19.86435],[83.32788,19.86712],[83.3286,19.86861],[83.32894,19.87178],[83.32784,19.87327],[83.32505,19.87481],[83.32408,19.8748],[83.32336,19.87393],[83.32344,19.87118],[83.32128,19.86835]],[[83.26397,19.84102],[83.26556,19.83959],[83.26672,19.83741],[83.26829,19.83771],[83.27029,19.83714],[83.27185,19.83767],[83.27245,19.83825],[83.27226,19.83951],[83.27122,19.84089],[83.27152,19.84221],[83.27139,19.84296],[83.2694,19.84341],[83.26775,19.84472],[83.26848,19.84559],[83.26846,19.84737],[83.26749,19.84754],[83.26634,19.84822],[83.2658,19.84822],[83.2652,19.8477],[83.26508,19.84678],[83.26431,19.8458],[83.26443,19.84511],[83.26599,19.8439],[83.26403,19.84154],[83.26397,19.84102]],[[83.28704,19.84414],[83.28705,19.84362],[83.28759,19.84345],[83.28855,19.84414],[83.29025,19.84444],[83.29066,19.84548],[83.29047,19.84645],[83.28914,19.84731],[83.28866,19.8465],[83.28722,19.84563],[83.28704,19.84414]],[[83.27943,19.84295],[83.27998,19.84197],[83.27999,19.84093],[83.2806,19.84065],[83.28175,19.84106],[83.2824,19.84192],[83.28252,19.84273],[83.28208,19.84497],[83.28178,19.84514],[83.28111,19.84485],[83.27943,19.84295]],[[83.30634,19.84125],[83.30647,19.84062],[83.30732,19.84062],[83.30804,19.84131],[83.30949,19.84178],[83.30984,19.84225],[83.30978,19.84282],[83.30772,19.84333],[83.30676,19.84315],[83.30634,19.84125]],[[83.24098,19.8086],[83.24152,19.80796],[83.24182,19.80813],[83.24347,19.80961],[83.24384,19.81035],[83.24409,19.81138],[83.24398,19.81242],[83.24297,19.81392],[83.24242,19.81335],[83.24209,19.81077],[83.24111,19.80957],[83.24098,19.8086]],[[83.23482,19.76794],[83.23572,19.76713],[83.23638,19.76695],[83.23759,19.76712],[83.23827,19.76791],[83.23666,19.76987],[83.23576,19.77034],[83.23496,19.76989],[83.23482,19.76794]]]}},{"type":"Feature","properties":{"LCODE":"100140006000600113","LOCATION":"KUMPADAR","V_TYPE":"VILLAGE","BLOCK":"NUAPARA","DISTRICT":"NUAPADA"},"geometry":{"type":"Polygon","coordinates":[[[83.29459,19.92719],[83.29539,19.92871],[83.29557,19.93133],[83.30209,19.93098],[83.30372,19.93122],[83.30492,19.93199],[83.30517,19.93139],[83.30675,19.93019],[83.3068,19.92955],[83.30603,19.92858],[83.30592,19.92789],[83.30363,19.92656],[83.30309,19.92512],[83.30254,19.92512],[83.30193,19.92592],[83.30037,19.92568],[83.29958,19.92648],[83.298,19.9259],[83.29601,19.92687],[83.29459,19.92719]]]}},{"type":"Feature","properties":{"LCODE":"100170006000600188","LOCATION":"SIKERKUPA","V_TYPE":"VILLAGE","BLOCK":"SINAPALI","DISTRICT":"NUAPADA"},"geometry":{"type":"Polygon","coordinates":[[[83.39877,19.93021],[83.39919,19.93146],[83.40015,19.93119],[83.40264,19.92977],[83.4035,19.92811],[83.40429,19.92725],[83.40678,19.9264],[83.40943,19.92618],[83.41167,19.92521],[83.41219,19.9247],[83.41019,19.92276],[83.40617,19.91999],[83.40433,19.92036],[83.40438,19.92168],[83.4042,19.92214],[83.40372,19.92231],[83.40329,19.92213],[83.40312,19.92058],[83.4025,19.92016],[83.40173,19.92109],[83.40124,19.92235],[83.40079,19.92568],[83.39896,19.92889],[83.39877,19.93021]]]}},{"type":"Feature","properties":{"LCODE":"100140006000600124","LOCATION":"BARANGPADAR","V_TYPE":"VILLAGE","BLOCK":"NUAPARA","DISTRICT":"NUAPADA"},"geometry":{"type":"Polygon","coordinates":[[[83.28013,19.92248],[83.2803,19.92404],[83.28078,19.92473],[83.28728,19.9293],[83.29036,19.93087],[83.29557,19.93133],[83.29539,19.92871],[83.29459,19.92719],[83.29322,19.92772],[83.29153,19.92593],[83.28936,19.9258],[83.2884,19.92522],[83.28767,19.92557],[83.28742,19.92631],[83.28676,19.92637],[83.28532,19.92463],[83.28557,19.92331],[83.28612,19.92274],[83.28884,19.92155],[83.28928,19.91971],[83.28922,19.91919],[83.28784,19.9178],[83.28786,19.91573],[83.28719,19.91515],[83.2858,19.91497],[83.28408,19.91541],[83.28343,19.91652],[83.28161,19.91823],[83.28112,19.91904],[83.28045,19.92036],[83.28013,19.92248]]]}},{"type":"Feature","properties":{"LCODE":"100140006000600115","LOCATION":"KARKATA","V_TYPE":"VILLAGE","BLOCK":"NUAPARA","DISTRICT":"NUAPADA"},"geometry":{"type":"Polygon","coordinates":[[[83.32875,19.93052],[83.3297,19.93134],[83.33032,19.93082],[83.33322,19.93077],[83.33668,19.93016],[83.33756,19.93026],[83.33946,19.92954],[83.34031,19.92885],[83.34032,19.92638],[83.33835,19.9231],[83.33849,19.92109],[83.33806,19.92001],[83.33758,19.92085],[83.33739,19.92257],[83.33617,19.92332],[83.33508,19.92446],[83.33363,19.92474],[83.33157,19.92565],[83.32943,19.9281],[83.32985,19.92926],[83.32887,19.93007],[83.32875,19.93052]]]}},{"type":"Feature","properties":{"LCODE":"100140006000600125","LOCATION":"LEHEDA","V_TYPE":"VILLAGE","BLOCK":"NUAPARA","DISTRICT":"NUAPADA"},"geometry":{"type":"Polygon","coordinates":[[[83.27234,19.92112],[83.27293,19.92268],[83.27322,19.92567],[83.27284,19.92768],[83.27351,19.92826],[83.27489,19.92873],[83.27639,19.93115],[83.28177,19.93123],[83.28803,19.9297],[83.28427,19.92699],[83.28229,19.92594],[83.2803,19.92404],[83.28014,19.92168],[83.28045,19.92036],[83.28192,19.9179],[83.28101,19.91725],[83.28047,19.91725],[83.27319,19.92003],[83.27259,19.92049],[83.27234,19.92112]]]}},{"type":"Feature","properties":{"LCODE":"100140006000600135","LOCATION":"PIRUL","V_TYPE":"VILLAGE","BLOCK":"NUAPARA","DISTRICT":"NUAPADA"},"geometry":{"type":"Polygon","coordinates":[[[83.23282,19.92893],[83.23531,19.92876],[83.23689,19.92966],[83.23779,19.92977],[83.24094,19.92934],[83.24265,19.93087],[83.24343,19.93098],[83.24416,19.93074],[83.24571,19.92941],[83.24818,19.92887],[83.24866,19.92824],[83.24989,19.92854],[83.2547,19.928],[83.25539,19.92565],[83.25648,19.92502],[83.25642,19.92427],[83.25673,19.92358],[83.25594,19.92329],[83.25558,19.92283],[83.25474,19.92282],[83.25285,19.92414],[83.25073,19.92482],[83.25035,19.92552],[83.24853,19.92658],[83.24672,19.92711],[83.24466,19.92724],[83.24284,19.92709],[83.23938,19.92528],[83.2366,19.92542],[83.23511,19.92437],[83.23484,19.92533],[83.23282,19.92893]]]}},{"type":"Feature","properties":{"LCODE":"100140006000600130","LOCATION":"GUNDURI","V_TYPE":"VILLAGE","BLOCK":"NUAPARA","DISTRICT":"NUAPADA"},"geometry":{"type":"Polygon","coordinates":[[[83.25642,19.92427],[83.25642,19.92515],[83.2575,19.92525],[83.25937,19.92676],[83.26081,19.92723],[83.26251,19.92677],[83.26379,19.92517],[83.26464,19.92511],[83.26524,19.92563],[83.26565,19.92759],[83.26631,19.92823],[83.2674,19.92863],[83.26952,19.92732],[83.27127,19.92722],[83.27281,19.9275],[83.27322,19.92567],[83.2729,19.92353],[83.27094,19.92261],[83.26974,19.92151],[83.26817,19.92116],[83.26654,19.92029],[83.26469,19.91769],[83.26366,19.91717],[83.26287,19.91751],[83.26244,19.91901],[83.26105,19.91923],[83.26007,19.92049],[83.25928,19.92058],[83.25915,19.92267],[83.25878,19.92359],[83.25673,19.92358],[83.25642,19.92427]]]}},{"type":"Feature","properties":{"LCODE":"100140006000600116","LOCATION":"LAKHAPADAR","V_TYPE":"VILLAGE","BLOCK":"NUAPARA","DISTRICT":"NUAPADA"},"geometry":{"type":"Polygon","coordinates":[[[83.32728,19.92696],[83.32768,19.92742],[83.32943,19.9281],[83.33205,19.92531],[83.33508,19.92446],[83.33617,19.92332],[83.33739,19.92257],[83.33758,19.92085],[83.33862,19.9189],[83.33894,19.91683],[83.33924,19.91632],[83.34033,19.91569],[83.34052,19.91517],[83.34071,19.9127],[83.33957,19.91224],[83.3389,19.91264],[83.33785,19.9162],[83.33547,19.91935],[83.33522,19.92038],[83.33395,19.92152],[83.33261,19.92204],[83.33141,19.92163],[83.32983,19.92191],[83.32814,19.92161],[83.32807,19.92299],[83.32885,19.92455],[83.32728,19.92696]]]}},{"type":"Feature","properties":{"LCODE":"10014000100010town","LOCATION":"BHAWANIPATNA TOWN","V_TYPE":"TOWN","BLOCK":"NUAPARA","DISTRICT":"NUAPADA"},"geometry":{"type":"Polygon","coordinates":[[[83.14108,19.9086],[83.14294,19.91181],[83.14282,19.91256],[83.14175,19.91389],[83.14261,19.91543],[83.14275,19.91686],[83.14566,19.91798],[83.14846,19.91951],[83.1487,19.91985],[83.14854,19.92232],[83.15115,19.92293],[83.15176,19.92361],[83.15286,19.92394],[83.15463,19.92548],[83.15542,19.92582],[83.15627,19.92598],[83.15838,19.9255],[83.15965,19.92578],[83.16075,19.9264],[83.16191,19.92776],[83.16451,19.92711],[83.16529,19.92664],[83.16606,19.92509],[83.16811,19.92513],[83.1698,19.92419],[83.17035,19.92459],[83.17126,19.92452],[83.17245,19.92279],[83.17726,19.91988],[83.17901,19.91929],[83.17832,19.91717],[83.1785,19.91643],[83.18085,19.91572],[83.18222,19.91427],[83.18555,19.91418],[83.18669,19.91354],[83.1879,19.91342],[83.19101,19.91603],[83.19205,19.91774],[83.19291,19.91796],[83.19436,19.91789],[83.19508,19.91748],[83.19556,19.91673],[83.19555,19.9157],[83.19602,19.91484],[83.19576,19.91329],[83.19599,19.91214],[83.19555,19.90969],[83.19444,19.90842],[83.19425,19.90717],[83.19449,19.90642],[83.19399,19.90579],[83.19078,19.90507],[83.19018,19.90525],[83.1889,19.90498],[83.18752,19.90545],[83.1863,19.905],[83.18522,19.90529],[83.18491,19.90518],[83.1846,19.90433],[83.1834,19.90416],[83.18254,19.90371],[83.18198,19.90263],[83.18065,19.90178],[83.17973,19.90075],[83.17966,19.89995],[83.18032,19.8992],[83.18085,19.89793],[83.18139,19.89753],[83.18387,19.89728],[83.18483,19.89681],[83.18504,19.89277],[83.18461,19.89262],[83.18292,19.89338],[83.1814,19.89311],[83.17989,19.89243],[83.17497,19.88857],[83.17399,19.88933],[83.1721,19.89428],[83.17145,19.89509],[83.17084,19.89515],[83.17005,19.89487],[83.16938,19.89413],[83.16823,19.89403],[83.16792,19.89374],[83.16766,19.89208],[83.16705,19.89168],[83.16463,19.89062],[83.16245,19.89023],[83.16068,19.88898],[83.15874,19.88894],[83.1573,19.88942],[83.15633,19.88942],[83.1539,19.88864],[83.15311,19.88871],[83.15313,19.89043],[83.15224,19.89193],[83.15202,19.89417],[83.15306,19.89559],[83.1535,19.89679],[83.15255,19.8987],[83.15268,19.89979],[83.15184,19.90071],[83.15167,19.90203],[83.15089,19.90256],[83.14829,19.90252],[83.14757,19.9031],[83.1471,19.90448],[83.1468,19.90454],[83.14576,19.90352],[83.1451,19.90364],[83.14426,19.90428],[83.14353,19.9041],[83.14398,19.90707],[83.14383,19.90761],[83.14307,19.90818],[83.14108,19.9086]]]}},{"type":"Feature","properties":{"LCODE":"100140006000600120","LOCATION":"HATIMUNDA","V_TYPE":"VILLAGE","BLOCK":"NUAPARA","DISTRICT":"NUAPADA"},"geometry":{"type":"Polygon","coordinates":[[[83.30807,19.91266],[83.30824,19.91324],[83.31223,19.91516],[83.31264,19.91579],[83.3114,19.9205],[83.31017,19.9236],[83.30979,19.92601],[83.31015,19.92705],[83.31166,19.92752],[83.31299,19.92741],[83.31366,19.92712],[83.31415,19.92632],[83.31471,19.92281],[83.31443,19.91913],[83.31536,19.91649],[83.31718,19.91495],[83.31767,19.91484],[83.31899,19.91559],[83.31984,19.91559],[83.32021,19.91433],[83.31817,19.91179],[83.3163,19.91086],[83.31552,19.91017],[83.31546,19.90925],[83.31712,19.90615],[83.317,19.90552],[83.31657,19.90535],[83.31609,19.90563],[83.31548,19.90689],[83.31384,19.90769],[83.31353,19.90953],[83.31146,19.91073],[83.31091,19.91251],[83.31006,19.91267],[83.30891,19.91221],[83.30807,19.91266]]]}},{"type":"Feature","properties":{"LCODE":"100140009000900153","LOCATION":"GANDA BARA JHOLA","V_TYPE":"VILLAGE","BLOCK":"NUAPARA","DISTRICT":"NUAPADA"},"geometry":{"type":"Polygon","coordinates":[[[83.0551,19.9177],[83.05517,19.91816],[83.05614,19.91913],[83.05791,19.92032],[83.05846,19.92181],[83.0595,19.92255],[83.05965,19.92473],[83.06117,19.92632],[83.06328,19.92539],[83.06503,19.92497],[83.06683,19.9238],[83.06799,19.92373],[83.07039,19.92257],[83.07105,19.92239],[83.07505,19.92258],[83.07546,19.92171],[83.07491,19.92],[83.07227,19.91589],[83.07104,19.91515],[83.07074,19.91458],[83.07029,19.912],[83.06907,19.91126],[83.06695,19.91059],[83.06593,19.91089],[83.06383,19.91349],[83.06118,19.91455],[83.05767,19.91498],[83.05714,19.91636],[83.05534,19.9173],[83.0551,19.9177]]]}},{"type":"Feature","properties":{"LCODE":"100140001000100147","LOCATION":"DAMODARPUR","V_TYPE":"VILLAGE","BLOCK":"NUAPARA","DISTRICT":"NUAPADA"},"geometry":{"type":"Polygon","coordinates":[[[83.13869,19.92298],[83.1391,19.92512],[83.14475,19.92407],[83.14842,19.92217],[83.1487,19.91985],[83.14566,19.91798],[83.14277,19.91688],[83.14227,19.91761],[83.14077,19.91849],[83.14011,19.91924],[83.14017,19.91993],[83.14097,19.92072],[83.13995,19.92142],[83.14008,19.92274],[83.13893,19.92275],[83.13869,19.92298]]]}},{"type":"Feature","properties":{"LCODE":"100140001000100163","LOCATION":"SINGJHARAN","V_TYPE":"VILLAGE","BLOCK":"NUAPARA","DISTRICT":"NUAPADA"},"geometry":{"type":"Polygon","coordinates":[[[83.07764,19.91457],[83.07849,19.91566],[83.08001,19.9161],[83.08103,19.9154],[83.08296,19.91539],[83.08398,19.9148],[83.08586,19.91473],[83.08689,19.91501],[83.08756,19.91558],[83.08691,19.91673],[83.08764,19.9173],[83.08765,19.91822],[83.08789,19.91839],[83.08891,19.91769],[83.0897,19.91768],[83.09074,19.91842],[83.09105,19.91968],[83.09142,19.91996],[83.09214,19.91944],[83.09245,19.92001],[83.09287,19.92018],[83.09348,19.91977],[83.09426,19.92017],[83.0948,19.91999],[83.09524,19.92108],[83.09597,19.92119],[83.09634,19.92199],[83.09731,19.92169],[83.09779,19.92243],[83.09876,19.92248],[83.09901,19.92282],[83.10077,19.92332],[83.10175,19.92412],[83.10318,19.92444],[83.10349,19.9229],[83.10475,19.92225],[83.10492,19.92128],[83.10558,19.92012],[83.1058,19.91851],[83.10757,19.91746],[83.10617,19.91328],[83.10634,19.91162],[83.10615,19.9107],[83.10535,19.90944],[83.10497,19.90727],[83.10465,19.90669],[83.10405,19.90641],[83.09856,19.90732],[83.09074,19.90605],[83.09074,19.90699],[83.09016,19.90855],[83.08878,19.90977],[83.0857,19.91054],[83.07901,19.91324],[83.07793,19.91382],[83.07764,19.91457]]]}},{"type":"Feature","properties":{"LCODE":"100140001000100137","LOCATION":"KUSUMSILA","V_TYPE":"VILLAGE","BLOCK":"NUAPARA","DISTRICT":"NUAPADA"},"geometry":{"type":"Polygon","coordinates":[[[83.21388,19.91519],[83.21426,19.918],[83.21532,19.92034],[83.21635,19.92165],[83.21704,19.92371],[83.21726,19.92411],[83.21771,19.92422],[83.22289,19.92153],[83.22399,19.92038],[83.22412,19.91797],[83.22537,19.91583],[83.22645,19.91491],[83.2291,19.91374],[83.22964,19.91333],[83.22964,19.91264],[83.22835,19.91145],[83.2255,19.91113],[83.22446,19.91011],[83.2244,19.90943],[83.22264,19.90903],[83.22198,19.90927],[83.22132,19.91019],[83.21932,19.91004],[83.2183,19.91085],[83.21667,19.91121],[83.21539,19.91263],[83.21483,19.91415],[83.21388,19.91519]]]}},{"type":"Feature","properties":{"LCODE":"100140006000600131","LOCATION":"SAPAGUNDARI","V_TYPE":"VILLAGE","BLOCK":"NUAPARA","DISTRICT":"NUAPADA"},"geometry":{"type":"Polygon","coordinates":[[[83.24998,19.91906],[83.25028,19.91953],[83.25191,19.91976],[83.25336,19.92052],[83.25566,19.92024],[83.25596,19.92042],[83.25686,19.92151],[83.25668,19.92237],[83.25571,19.92295],[83.2563,19.92352],[83.25733,19.92341],[83.25848,19.9237],[83.25903,19.92319],[83.25928,19.9202],[83.25875,19.91951],[83.25681,19.91967],[83.25607,19.91882],[83.25211,19.9166],[83.25005,19.91855],[83.24998,19.91906]]]}},{"type":"Feature","properties":{"LCODE":"100140006000600129","LOCATION":"KIRKAPATA","V_TYPE":"VILLAGE","BLOCK":"NUAPARA","DISTRICT":"NUAPADA"},"geometry":{"type":"Polygon","coordinates":[[[83.26476,19.91655],[83.26505,19.9185],[83.26654,19.92029],[83.26817,19.92116],[83.26974,19.92151],[83.27094,19.92261],[83.2729,19.92353],[83.27293,19.92268],[83.27234,19.92112],[83.27274,19.92038],[83.27242,19.91813],[83.27286,19.91641],[83.27238,19.9156],[83.2719,19.91529],[83.27165,19.91577],[83.27038,19.91628],[83.26718,19.91552],[83.26579,19.91459],[83.26543,19.91574],[83.26476,19.91655]]]}},{"type":"Feature","properties":{"LCODE":"100140006000600119","LOCATION":"KOTEJU","V_TYPE":"VILLAGE","BLOCK":"NUAPARA","DISTRICT":"NUAPADA"},"geometry":{"type":"Polygon","coordinates":[[[83.31969,19.91956],[83.31999,19.91996],[83.32174,19.92078],[83.32216,19.9213],[83.32269,19.92302],[83.32317,19.92343],[83.32378,19.92309],[83.32379,19.92159],[83.325,19.92125],[83.3264,19.92022],[83.32586,19.91947],[83.32532,19.91924],[83.32332,19.91958],[83.32284,19.9194],[83.3214,19.91807],[83.32049,19.91761],[83.31982,19.91784],[83.32018,19.9191],[83.31969,19.91956]]]}},{"type":"Feature","properties":{"LCODE":"100170006000600190","LOCATION":"KANCHELI","V_TYPE":"VILLAGE","BLOCK":"SINAPALI","DISTRICT":"NUAPADA"},"geometry":{"type":"Polygon","coordinates":[[[83.39677,19.91193],[83.39736,19.91245],[83.39693,19.9132],[83.39703,19.91412],[83.3982,19.91441],[83.39812,19.91677],[83.39854,19.91774],[83.40096,19.91862],[83.40113,19.91942],[83.40167,19.91994],[83.40294,19.92035],[83.40329,19.92213],[83.40372,19.92231],[83.4042,19.92214],[83.40438,19.92168],[83.40433,19.92036],[83.40617,19.91999],[83.40606,19.91921],[83.40767,19.917],[83.4076,19.91522],[83.4081,19.91373],[83.40868,19.91294],[83.40974,19.91253],[83.40996,19.91197],[83.40929,19.9113],[83.4081,19.91111],[83.40788,19.91083],[83.40426,19.9126],[83.40335,19.91265],[83.4001,19.91074],[83.39834,19.91114],[83.39677,19.91193]]]}},{"type":"Feature","properties":{"LCODE":"100140006000600123","LOCATION":"BADABATUA","V_TYPE":"VILLAGE","BLOCK":"NUAPARA","DISTRICT":"NUAPADA"},"geometry":{"type":"Polygon","coordinates":[[[83.28767,19.91723],[83.28784,19.9178],[83.28922,19.91919],[83.28888,19.92144],[83.29192,19.9219],[83.29386,19.92134],[83.29514,19.92002],[83.29611,19.91945],[83.2963,19.91847],[83.29559,19.91738],[83.29547,19.91606],[83.29409,19.91455],[83.29415,19.91375],[83.29507,19.91324],[83.29681,19.91365],[83.2973,19.9133],[83.29713,19.91261],[83.29617,19.91175],[83.29574,19.91157],[83.29465,19.91197],[83.29296,19.91081],[83.29019,19.91144],[83.29017,19.91281],[83.2881,19.91481],[83.28767,19.91723]]]}},{"type":"Feature","properties":{"LCODE":"100140001000100139","LOCATION":"KANAKPUR","V_TYPE":"VILLAGE","BLOCK":"NUAPARA","DISTRICT":"NUAPADA"},"geometry":{"type":"Polygon","coordinates":[[[83.19867,19.91607],[83.19972,19.91572],[83.20112,19.91628],[83.20143,19.91708],[83.20071,19.92035],[83.20286,19.92126],[83.20389,19.9213],[83.20672,19.9195],[83.20919,19.91885],[83.2104,19.91821],[83.21178,19.91639],[83.21181,19.91458],[83.21156,19.91361],[83.21051,19.91224],[83.21032,19.91069],[83.20922,19.90996],[83.20501,19.91206],[83.20253,19.91265],[83.19982,19.91377],[83.19899,19.91498],[83.19867,19.91607]]]}},{"type":"Feature","properties":{"LCODE":"100140006000600132","LOCATION":"KADAM","V_TYPE":"VILLAGE","BLOCK":"NUAPARA","DISTRICT":"NUAPADA"},"geometry":{"type":"Polygon","coordinates":[[[83.25563,19.91501],[83.25647,19.91714],[83.25603,19.91869],[83.25681,19.91967],[83.25875,19.91951],[83.25947,19.9206],[83.26044,19.92021],[83.26105,19.91923],[83.26244,19.91901],[83.26305,19.91737],[83.26186,19.91463],[83.25843,19.91295],[83.25716,19.91283],[83.25588,19.91374],[83.25563,19.91501]]]}},{"type":"Feature","properties":{"LCODE":"100140006000600126","LOCATION":"PADAPANGA","V_TYPE":"VILLAGE","BLOCK":"NUAPARA","DISTRICT":"NUAPADA"},"geometry":{"type":"Polygon","coordinates":[[[83.2719,19.91529],[83.2728,19.91601],[83.27279,19.91722],[83.27242,19.91813],[83.27274,19.92038],[83.28047,19.91725],[83.28101,19.91725],[83.28192,19.9179],[83.28343,19.91652],[83.28429,19.91503],[83.28436,19.91388],[83.28377,19.91209],[83.28377,19.91117],[83.28316,19.91111],[83.28081,19.91196],[83.27953,19.91161],[83.27779,19.91034],[83.2767,19.91016],[83.27368,19.91049],[83.27209,19.91261],[83.2719,19.91529]]]}},{"type":"Feature","properties":{"LCODE":"100140001000100148","LOCATION":"RISIGAON","V_TYPE":"VILLAGE","BLOCK":"NUAPARA","DISTRICT":"NUAPADA"},"geometry":{"type":"Polygon","coordinates":[[[83.12441,19.91019],[83.12455,19.91186],[83.12542,19.91426],[83.12568,19.91587],[83.12466,19.91877],[83.12646,19.91965],[83.12788,19.91883],[83.13229,19.91736],[83.13417,19.91803],[83.13712,19.91617],[83.13936,19.91649],[83.14194,19.91784],[83.14277,19.91688],[83.14261,19.91543],[83.14175,19.91389],[83.14282,19.91256],[83.14294,19.91181],[83.14115,19.90878],[83.14078,19.90706],[83.13918,19.9045],[83.13923,19.90346],[83.13811,19.9006],[83.13657,19.89849],[83.13409,19.89811],[83.13258,19.89615],[83.12979,19.89776],[83.1295,19.89867],[83.12627,19.90306],[83.12474,19.90698],[83.12441,19.91019]]]}},{"type":"Feature","properties":{"LCODE":"100140009000900156","LOCATION":"GOBARA","V_TYPE":"VILLAGE","BLOCK":"NUAPARA","DISTRICT":"NUAPADA"},"geometry":{"type":"Polygon","coordinates":[[[83.03194,19.91228],[83.03201,19.9128],[83.03297,19.91342],[83.03649,19.91373],[83.0388,19.9148],[83.03996,19.91612],[83.04026,19.91747],[83.04137,19.91771],[83.04326,19.9193],[83.04398,19.91924],[83.04445,19.9174],[83.04517,19.91699],[83.04765,19.91691],[83.04845,19.91817],[83.04936,19.9185],[83.04977,19.91718],[83.05031,19.91671],[83.05124,19.91648],[83.05139,19.91567],[83.05102,19.9147],[83.04943,19.91322],[83.04904,19.91081],[83.04824,19.90909],[83.04829,19.90852],[83.04895,19.90753],[83.0526,19.90417],[83.0585,19.90107],[83.05959,19.90009],[83.05994,19.89916],[83.05998,19.89755],[83.05892,19.89475],[83.05736,19.89522],[83.05513,19.89639],[83.05193,19.89648],[83.05055,19.89781],[83.04916,19.89851],[83.04681,19.89876],[83.04546,19.89833],[83.04545,19.90222],[83.04504,19.90349],[83.04384,19.90396],[83.04032,19.90387],[83.03882,19.90423],[83.03707,19.90511],[83.03593,19.90638],[83.03529,19.90794],[83.03259,19.91044],[83.03194,19.91228]]]}},{"type":"Feature","properties":{"LCODE":"100140001000100165","LOCATION":"GANDABANDOPALA","V_TYPE":"VILLAGE","BLOCK":"NUAPARA","DISTRICT":"NUAPADA"},"geometry":{"type":"Polygon","coordinates":[[[83.11579,19.90321],[83.11603,19.90688],[83.11738,19.90848],[83.11861,19.91065],[83.12056,19.91241],[83.12087,19.91321],[83.12029,19.91465],[83.12144,19.91585],[83.12196,19.91777],[83.12466,19.91877],[83.12568,19.91587],[83.12542,19.91426],[83.12455,19.91186],[83.12441,19.91019],[83.12474,19.90698],[83.12627,19.90306],[83.1298,19.89809],[83.12966,19.89689],[83.12911,19.89626],[83.12766,19.89587],[83.12495,19.89667],[83.12477,19.89768],[83.12363,19.89878],[83.11816,19.90135],[83.11579,19.90321]]]}},{"type":"Feature","properties":{"LCODE":"100140001000100164","LOCATION":"KANDHOBANDOPALA","V_TYPE":"VILLAGE","BLOCK":"NUAPARA","DISTRICT":"NUAPADA"},"geometry":{"type":"Polygon","coordinates":[[[83.10358,19.90205],[83.10419,19.90648],[83.10497,19.90727],[83.10535,19.90944],[83.10615,19.9107],[83.10634,19.91162],[83.10617,19.91328],[83.10757,19.91746],[83.10827,19.91734],[83.11003,19.9179],[83.1142,19.91689],[83.1177,19.91686],[83.11879,19.91702],[83.12038,19.91792],[83.12196,19.91777],[83.12144,19.91585],[83.12029,19.91465],[83.12087,19.91321],[83.12056,19.91241],[83.11861,19.91065],[83.11738,19.90848],[83.11603,19.90688],[83.11579,19.90321],[83.11485,19.90287],[83.11234,19.90031],[83.1116,19.89928],[83.11029,19.89562],[83.10926,19.89534],[83.10493,19.89768],[83.10433,19.89837],[83.10368,19.90004],[83.10358,19.90205]]]}},{"type":"Feature","properties":{"LCODE":"100140009000900160","LOCATION":"KATURU KHAMAR","V_TYPE":"VILLAGE","BLOCK":"NUAPARA","DISTRICT":"NUAPADA"},"geometry":{"type":"Polygon","coordinates":[[[83.04824,19.90909],[83.04904,19.91081],[83.04943,19.91322],[83.05132,19.91527],[83.05124,19.91648],[83.05219,19.91635],[83.05308,19.91537],[83.0538,19.9153],[83.05543,19.91725],[83.05714,19.91636],[83.05767,19.91498],[83.05798,19.91481],[83.06118,19.91455],[83.06383,19.91349],[83.06593,19.91089],[83.06692,19.91059],[83.06736,19.90915],[83.06691,19.90657],[83.06748,19.90329],[83.06668,19.90226],[83.0651,19.90165],[83.06135,19.90093],[83.05984,19.89942],[83.05917,19.90061],[83.0585,19.90107],[83.05447,19.903],[83.05159,19.90498],[83.04895,19.90753],[83.04829,19.90852],[83.04824,19.90909]]]}},{"type":"Feature","properties":{"LCODE":"100140001000100138","LOCATION":"SUJANPUR","V_TYPE":"VILLAGE","BLOCK":"NUAPARA","DISTRICT":"NUAPADA"},"geometry":{"type":"Polygon","coordinates":[[[83.20947,19.91],[83.21032,19.91069],[83.21051,19.91224],[83.21156,19.91361],[83.21178,19.91639],[83.21447,19.91473],[83.21536,19.91294],[83.21546,19.91065],[83.21575,19.91007],[83.21745,19.90971],[83.21822,19.90902],[83.21882,19.90781],[83.21916,19.90514],[83.2165,19.90582],[83.21474,19.90538],[83.21141,19.90541],[83.20987,19.90621],[83.21023,19.908],[83.20947,19.91]]]}},{"type":"Feature","properties":{"LCODE":"100140001000100180","LOCATION":"SHRIPUR","V_TYPE":"VILLAGE","BLOCK":"NUAPARA","DISTRICT":"NUAPADA"},"geometry":{"type":"Polygon","coordinates":[[[83.19555,19.90969],[83.19599,19.91214],[83.19576,19.91329],[83.19601,19.9148],[83.19687,19.91477],[83.19803,19.91608],[83.19867,19.91607],[83.19899,19.91498],[83.19982,19.91377],[83.20327,19.91242],[83.20328,19.90863],[83.20435,19.90622],[83.20445,19.90518],[83.20296,19.90141],[83.20275,19.89826],[83.20209,19.89832],[83.20148,19.89896],[83.20134,19.90269],[83.20087,19.90418],[83.19807,19.90771],[83.19555,19.90969]]]}},{"type":"Feature","properties":{"LCODE":"100140006000600134","LOCATION":"NAKTIBIJEPUR","V_TYPE":"VILLAGE","BLOCK":"NUAPARA","DISTRICT":"NUAPADA"},"geometry":{"type":"Polygon","coordinates":[[[83.23414,19.91524],[83.23457,19.91575],[83.23541,19.91592],[83.23692,19.91545],[83.2386,19.91405],[83.23919,19.91256],[83.23853,19.91233],[83.23557,19.91299],[83.23414,19.91524]]]}},{"type":"Feature","properties":{"LCODE":"100140009000900161","LOCATION":"BADELI","V_TYPE":"VILLAGE","BLOCK":"NUAPARA","DISTRICT":"NUAPADA"},"geometry":{"type":"Polygon","coordinates":[[[83.06691,19.90657],[83.06736,19.90915],[83.06692,19.91059],[83.06907,19.91126],[83.07029,19.912],[83.07074,19.91458],[83.07104,19.91515],[83.07216,19.9158],[83.07268,19.91502],[83.07352,19.91455],[83.07436,19.91443],[83.07552,19.91505],[83.07678,19.91418],[83.07769,19.9144],[83.07793,19.91382],[83.07901,19.91324],[83.0857,19.91054],[83.08878,19.90977],[83.09016,19.90855],[83.09074,19.90699],[83.09048,19.90538],[83.0892,19.90419],[83.08839,19.90064],[83.08802,19.90018],[83.08456,19.89998],[83.08282,19.90115],[83.08192,19.90144],[83.07871,19.90153],[83.07726,19.90125],[83.07507,19.89989],[83.07409,19.89858],[83.07405,19.89805],[83.07265,19.89963],[83.07072,19.90102],[83.07001,19.90298],[83.06726,19.90519],[83.06691,19.90657]]]}},{"type":"Feature","properties":{"LCODE":"100140006000600122","LOCATION":"SANABATUA","V_TYPE":"VILLAGE","BLOCK":"NUAPARA","DISTRICT":"NUAPADA"},"geometry":{"type":"Polygon","coordinates":[[[83.28377,19.91117],[83.28377,19.91209],[83.28442,19.91439],[83.28408,19.91541],[83.28622,19.91498],[83.28719,19.91515],[83.28786,19.91573],[83.2881,19.91481],[83.29017,19.91281],[83.29056,19.90844],[83.29099,19.90781],[83.29183,19.9074],[83.29076,19.9066],[83.28748,19.90706],[83.28675,19.90831],[83.28426,19.90973],[83.28377,19.91117]]]}},{"type":"Feature","properties":{"LCODE":"10017000600060rf","LOCATION":"RF","V_TYPE":"FOREST","BLOCK":"SINAPALI","DISTRICT":"NUAPADA"},"geometry":{"type":"Polygon","coordinates":[[[83.39865,19.88994],[83.39877,19.89063],[83.40002,19.8923],[83.39996,19.89299],[83.39899,19.89482],[83.39922,19.89523],[83.40079,19.89593],[83.40103,19.89644],[83.40096,19.89799],[83.40001,19.90021],[83.40015,19.90092],[83.39948,19.90396],[83.3997,19.90597],[83.40084,19.90799],[83.40158,19.9115],[83.40311,19.9126],[83.40426,19.9126],[83.40788,19.91083],[83.40808,19.91046],[83.40971,19.91034],[83.41056,19.90846],[83.41094,19.90856],[83.41176,19.90957],[83.41241,19.90981],[83.41241,19.90757],[83.41407,19.90726],[83.41277,19.90642],[83.4129,19.90582],[83.4134,19.90562],[83.41438,19.90603],[83.41486,19.90567],[83.41491,19.90509],[83.41409,19.90418],[83.41342,19.90276],[83.41207,19.90185],[83.41209,19.90132],[83.4127,19.90064],[83.41209,19.90031],[83.41109,19.90026],[83.41094,19.8999],[83.41164,19.89954],[83.41361,19.89983],[83.41417,19.89961],[83.41467,19.89622],[83.41539,19.89564],[83.41643,19.89552],[83.41712,19.89487],[83.41734,19.89302],[83.41891,19.89261],[83.41914,19.89165],[83.42027,19.89098],[83.42199,19.89094],[83.42017,19.88936],[83.41578,19.88641],[83.41435,19.88335],[83.41333,19.88249],[83.41043,19.88144],[83.40668,19.88085],[83.40548,19.88107],[83.40511,19.88159],[83.40467,19.88469],[83.40345,19.88669],[83.40065,19.88915],[83.39883,19.88965],[83.39865,19.88994]]]}},{"type":"Feature","properties":{"LCODE":"100140001000100183","LOCATION":"SANAMURUJI","V_TYPE":"VILLAGE","BLOCK":"NUAPARA","DISTRICT":"NUAPADA"},"geometry":{"type":"Polygon","coordinates":[[[83.21539,19.91263],[83.21667,19.91121],[83.2183,19.91085],[83.21932,19.91004],[83.22132,19.91019],[83.22198,19.90927],[83.22264,19.90903],[83.2244,19.90943],[83.22438,19.90793],[83.22479,19.90644],[83.22671,19.90425],[83.22658,19.9039],[83.22604,19.90367],[83.22458,19.90346],[83.2239,19.90208],[83.2237,19.90031],[83.22297,19.89974],[83.22444,19.89844],[83.22429,19.8983],[83.22237,19.89963],[83.22117,19.90125],[83.21927,19.90459],[83.21882,19.90781],[83.21822,19.90902],[83.21745,19.90971],[83.21575,19.91007],[83.21546,19.91065],[83.21539,19.91263]]]}},{"type":"Feature","properties":{"LCODE":"100140006000600128","LOCATION":"SANKARLI","V_TYPE":"VILLAGE","BLOCK":"NUAPARA","DISTRICT":"NUAPADA"},"geometry":{"type":"Polygon","coordinates":[[[83.2677,19.90954],[83.26974,19.91191],[83.27082,19.91261],[83.27219,19.91246],[83.2729,19.91131],[83.27296,19.90962],[83.2726,19.90893],[83.2717,19.90818],[83.27164,19.9068],[83.2691,19.90719],[83.2677,19.90954]]]}},{"type":"Feature","properties":{"LCODE":"100140001000100181","LOCATION":"MANOHARPUR","V_TYPE":"VILLAGE","BLOCK":"NUAPARA","DISTRICT":"NUAPADA"},"geometry":{"type":"Polygon","coordinates":[[[83.20288,19.89896],[83.20296,19.90141],[83.20445,19.90518],[83.20435,19.90622],[83.20328,19.90863],[83.20327,19.91242],[83.20501,19.91206],[83.20856,19.91014],[83.20947,19.91],[83.21028,19.90737],[83.20987,19.90621],[83.20886,19.90474],[83.20854,19.90251],[83.20805,19.90182],[83.20665,19.90086],[83.2057,19.89857],[83.20288,19.89896]]]}},{"type":"Feature","properties":{"LCODE":"100140006000600118","LOCATION":"THUAPADAR","V_TYPE":"VILLAGE","BLOCK":"NUAPARA","DISTRICT":"NUAPADA"},"geometry":{"type":"Polygon","coordinates":[[[83.33573,19.90664],[83.33585,19.90722],[83.33706,19.90763],[83.33784,19.90838],[83.33795,19.91028],[83.33867,19.9108],[83.34012,19.91115],[83.34129,19.91208],[83.34386,19.91117],[83.34435,19.91082],[83.34496,19.90968],[83.34333,19.90996],[83.34261,19.90932],[83.34237,19.9088],[83.34269,19.90576],[83.34083,19.90443],[83.33974,19.90287],[83.33896,19.90281],[83.3386,19.90315],[83.3381,19.90482],[83.33573,19.90664]]]}},{"type":"Feature","properties":{"LCODE":"100140006000600127","LOCATION":"BADAKARLI","V_TYPE":"VILLAGE","BLOCK":"NUAPARA","DISTRICT":"NUAPADA"},"geometry":{"type":"Polygon","coordinates":[[[83.27152,19.90732],[83.2717,19.90818],[83.27284,19.90922],[83.2729,19.91131],[83.27368,19.91049],[83.2767,19.91016],[83.27779,19.91034],[83.27953,19.91161],[83.28081,19.91196],[83.28316,19.91111],[83.28377,19.91117],[83.28378,19.9107],[83.28246,19.90955],[83.27982,19.90449],[83.2791,19.90454],[83.27813,19.90516],[83.27782,19.90643],[83.27454,19.90722],[83.27376,19.9079],[83.27285,19.9079],[83.27171,19.9068],[83.27152,19.90732]]]}},{"type":"Feature","properties":{"LCODE":"100170006000600191","LOCATION":"LOKANATHAPUR","V_TYPE":"VILLAGE","BLOCK":"SINAPALI","DISTRICT":"NUAPADA"},"geometry":{"type":"Polygon","coordinates":[[[83.39289,19.90221],[83.39367,19.90663],[83.39456,19.90693],[83.39533,19.90871],[83.39471,19.91089],[83.39677,19.91193],[83.39937,19.9108],[83.40064,19.91086],[83.40158,19.9115],[83.40084,19.90799],[83.39958,19.90551],[83.39948,19.9035],[83.40015,19.90092],[83.39998,19.90017],[83.39925,19.89988],[83.39466,19.89952],[83.39326,19.90031],[83.39289,19.90221]]]}},{"type":"Feature","properties":{"LCODE":"100140006000600199","LOCATION":"BADAJAMKANA","V_TYPE":"VILLAGE","BLOCK":"NUAPARA","DISTRICT":"NUAPADA"},"geometry":{"type":"Polygon","coordinates":[[[83.27785,19.90142],[83.27833,19.90212],[83.27953,19.90258],[83.2808,19.90362],[83.28043,19.90425],[83.27982,19.90449],[83.27988,19.90477],[83.28246,19.90955],[83.28378,19.9107],[83.28396,19.91008],[83.28463,19.90939],[83.28712,19.90791],[83.28773,19.90619],[83.28865,19.90504],[83.2886,19.9032],[83.28806,19.90251],[83.28564,19.90284],[83.28486,19.90255],[83.2848,19.90215],[83.28571,19.9006],[83.28602,19.90043],[83.28693,19.90073],[83.28596,19.89951],[83.2844,19.89835],[83.28101,19.89833],[83.27791,19.90108],[83.27785,19.90142]]]}},{"type":"Feature","properties":{"LCODE":"100140001000100179","LOCATION":"LAXMIPUR","V_TYPE":"VILLAGE","BLOCK":"NUAPARA","DISTRICT":"NUAPADA"},"geometry":{"type":"Polygon","coordinates":[[[83.17966,19.89995],[83.17998,19.90121],[83.18198,19.90263],[83.18285,19.90394],[83.1846,19.90433],[83.18491,19.90518],[83.18661,19.90499],[83.18752,19.90545],[83.1889,19.90498],[83.19018,19.90525],[83.19078,19.90507],[83.19399,19.90579],[83.19449,19.90642],[83.19425,19.90717],[83.19444,19.90842],[83.19555,19.90969],[83.19807,19.90771],[83.20087,19.90418],[83.20134,19.90269],[83.20143,19.89924],[83.19989,19.89639],[83.19879,19.89588],[83.19626,19.89596],[83.19419,19.89552],[83.19073,19.89372],[83.18934,19.89367],[83.18733,19.89271],[83.18504,19.89277],[83.18483,19.89681],[83.18387,19.89728],[83.18139,19.89753],[83.18085,19.89793],[83.18032,19.8992],[83.17966,19.89995]]]}},{"type":"Feature","properties":{"LCODE":"100140006000600133","LOCATION":"NANKANA","V_TYPE":"VILLAGE","BLOCK":"NUAPARA","DISTRICT":"NUAPADA"},"geometry":{"type":"Polygon","coordinates":[[[83.25116,19.90578],[83.25146,19.90676],[83.25284,19.90821],[83.25349,19.90936],[83.25507,19.90925],[83.25652,19.90955],[83.25682,19.90926],[83.25683,19.90776],[83.25707,19.90742],[83.25853,19.90685],[83.25926,19.90548],[83.25927,19.90427],[83.25771,19.9034],[83.25832,19.90116],[83.25809,19.90047],[83.25724,19.90035],[83.25615,19.90103],[83.25274,19.90429],[83.25153,19.90498],[83.25116,19.90578]]]}},{"type":"Feature","properties":{"LCODE":"100140006000600117","LOCATION":"MADIBANDH","V_TYPE":"VILLAGE","BLOCK":"NUAPARA","DISTRICT":"NUAPADA"},"geometry":{"type":"Polygon","coordinates":[[[83.34433,19.90467],[83.34457,19.906],[83.34492,19.90652],[83.34607,19.90681],[83.34654,19.90745],[83.34746,19.90727],[83.34782,19.90854],[83.34818,19.90889],[83.35042,19.90781],[83.35085,19.90695],[83.3502,19.90286],[83.34937,19.9024],[83.3487,19.90228],[83.34797,19.90257],[83.34615,19.90388],[83.345,19.90393],[83.34433,19.90467]]]}},{"type":"Feature","properties":{"LCODE":"100140001000100168","LOCATION":"TRISULMUNDA","V_TYPE":"VILLAGE","BLOCK":"NUAPARA","DISTRICT":"NUAPADA"},"geometry":{"type":"Polygon","coordinates":[[[83.13955,19.90517],[83.14078,19.90706],[83.14108,19.9086],[83.14307,19.90818],[83.14383,19.90761],[83.14398,19.90707],[83.14353,19.9041],[83.14322,19.90383],[83.14244,19.90395],[83.14165,19.90459],[83.13985,19.90483],[83.13955,19.90517]]]}},{"type":"Feature","properties":{"LCODE":"100140006000600121","LOCATION":"ODASTALA","V_TYPE":"VILLAGE","BLOCK":"NUAPARA","DISTRICT":"NUAPADA"},"geometry":{"type":"Polygon","coordinates":[[[83.2848,19.90215],[83.28516,19.90278],[83.28722,19.90245],[83.28836,19.90274],[83.28865,19.90504],[83.28773,19.90619],[83.28748,19.90706],[83.29076,19.9066],[83.29214,19.90753],[83.29335,19.90754],[83.29487,19.90553],[83.29693,19.90474],[83.29718,19.90428],[83.297,19.90359],[83.29634,19.90301],[83.29683,19.9018],[83.2955,19.90162],[83.29066,19.90229],[83.28982,19.90177],[83.28958,19.90125],[83.28938,19.89938],[83.28741,19.90084],[83.2865,19.90049],[83.28571,19.9006],[83.2848,19.90215]]]}},{"type":"Feature","properties":{"LCODE":"10014000100010rf","LOCATION":"RF","V_TYPE":"FOREST","BLOCK":"NUAPARA","DISTRICT":"NUAPADA"},"geometry":{"type":"Polygon","coordinates":[[[83.08516,19.89889],[83.08564,19.90001],[83.08747,19.90001],[83.08839,19.90064],[83.0892,19.90419],[83.09048,19.90538],[83.09074,19.90605],[83.09856,19.90732],[83.10419,19.90648],[83.10358,19.90205],[83.10368,19.90004],[83.10433,19.89837],[83.10565,19.89716],[83.10854,19.89564],[83.10926,19.89534],[83.11029,19.89562],[83.1116,19.89928],[83.11325,19.90128],[83.11533,19.90316],[83.11579,19.90321],[83.11659,19.9028],[83.11816,19.90135],[83.12363,19.89878],[83.12477,19.89768],[83.12507,19.89687],[83.12482,19.89641],[83.12282,19.89569],[83.12226,19.8946],[83.12308,19.89155],[83.12217,19.89127],[83.11945,19.89129],[83.11841,19.89079],[83.11798,19.89016],[83.1184,19.88924],[83.1196,19.88836],[83.11983,19.88785],[83.11965,19.88739],[83.11813,19.88654],[83.11824,19.88562],[83.11878,19.88533],[83.12011,19.8852],[83.12169,19.88571],[83.12212,19.88616],[83.12274,19.88794],[83.12378,19.88879],[83.12663,19.88951],[83.12923,19.88954],[83.13008,19.88988],[83.12991,19.89051],[83.12907,19.89138],[83.12853,19.89294],[83.12861,19.89414],[83.12928,19.89494],[83.13211,19.89382],[83.13284,19.8933],[83.13343,19.89238],[83.13196,19.89009],[83.13181,19.8882],[83.1327,19.88596],[83.13432,19.88525],[83.13747,19.8858],[83.13868,19.88522],[83.13934,19.88423],[83.13933,19.8836],[83.13828,19.88132],[83.13827,19.88028],[83.14014,19.87963],[83.14224,19.87824],[83.14532,19.87764],[83.14581,19.87792],[83.14587,19.87855],[83.14432,19.87994],[83.14348,19.88139],[83.14478,19.88407],[83.14624,19.88625],[83.14661,19.88601],[83.14728,19.88617],[83.14754,19.88766],[83.15009,19.88827],[83.15081,19.8881],[83.15357,19.88612],[83.15659,19.885],[83.15688,19.8842],[83.15663,19.8838],[83.155,19.88335],[83.15462,19.88295],[83.15363,19.87981],[83.15125,19.87811],[83.1508,19.8757],[83.15121,19.8734],[83.15054,19.87272],[83.14944,19.87244],[83.14835,19.87262],[83.14753,19.87435],[83.14524,19.87534],[83.14366,19.87507],[83.1378,19.87569],[83.1347,19.87452],[83.13271,19.87448],[83.13114,19.87535],[83.13091,19.8757],[83.13098,19.8773],[83.12965,19.87794],[83.12684,19.87568],[83.12462,19.87632],[83.1199,19.87682],[83.11658,19.87622],[83.11538,19.87755],[83.11552,19.87979],[83.11366,19.88055],[83.11262,19.87953],[83.11116,19.87914],[83.10893,19.88036],[83.10863,19.88117],[83.10876,19.88209],[83.11151,19.88396],[83.11169,19.88441],[83.11152,19.88528],[83.11044,19.88552],[83.108,19.88404],[83.10704,19.8844],[83.10661,19.88428],[83.10587,19.88234],[83.10496,19.88183],[83.10363,19.88219],[83.10261,19.88306],[83.10196,19.88473],[83.10076,19.88634],[83.09944,19.88676],[83.0983,19.88815],[83.09393,19.89198],[83.09085,19.89309],[83.08906,19.89506],[83.08533,19.89831],[83.08516,19.89889]]]}},{"type":"Feature","properties":{"LCODE":"100140001000100182","LOCATION":"BADAPADA","V_TYPE":"VILLAGE","BLOCK":"NUAPARA","DISTRICT":"NUAPADA"},"geometry":{"type":"Polygon","coordinates":[[[83.20817,19.902],[83.20879,19.90314],[83.20886,19.90474],[83.20987,19.90621],[83.2119,19.90529],[83.21393,19.90533],[83.21382,19.90395],[83.21452,19.90119],[83.21632,19.90078],[83.2168,19.9002],[83.21679,19.89865],[83.21601,19.89684],[83.21381,19.89787],[83.21209,19.90058],[83.21143,19.90111],[83.21034,19.90123],[83.20931,19.90095],[83.20817,19.902]]]}},{"type":"Feature","properties":{"LCODE":"100140001000100186","LOCATION":"PENGSUR","V_TYPE":"VILLAGE","BLOCK":"NUAPARA","DISTRICT":"NUAPADA"},"geometry":{"type":"Polygon","coordinates":[[[83.21376,19.90458],[83.21393,19.90533],[83.2165,19.90582],[83.21916,19.90514],[83.22117,19.90125],[83.22237,19.89963],[83.22429,19.8983],[83.22444,19.89844],[83.22853,19.89356],[83.22846,19.89253],[83.22617,19.89278],[83.22598,19.89249],[83.2279,19.89058],[83.22807,19.88966],[83.22774,19.88831],[83.22392,19.89171],[83.21935,19.89447],[83.21923,19.89507],[83.21828,19.89617],[83.21601,19.89684],[83.21679,19.89865],[83.2168,19.9002],[83.21632,19.90078],[83.21452,19.90119],[83.21376,19.90458]]]}},{"type":"Feature","properties":{"LCODE":"100140001000100167","LOCATION":"KASAKENDU","V_TYPE":"VILLAGE","BLOCK":"NUAPARA","DISTRICT":"NUAPADA"},"geometry":{"type":"Polygon","coordinates":[[[83.13088,19.89444],[83.13226,19.89572],[83.13367,19.89783],[83.13476,19.89834],[83.13657,19.89849],[83.13811,19.9006],[83.1391,19.903],[83.13918,19.9045],[83.13955,19.90517],[83.13985,19.90483],[83.14165,19.90459],[83.1428,19.90383],[83.14426,19.90428],[83.1451,19.90364],[83.14576,19.90352],[83.1468,19.90454],[83.14734,19.90425],[83.14774,19.9029],[83.14651,19.90007],[83.146,19.8972],[83.14526,19.89595],[83.14494,19.89446],[83.14547,19.89268],[83.14534,19.89164],[83.14466,19.89073],[83.1426,19.89],[83.14089,19.8887],[83.14027,19.88623],[83.13929,19.88555],[83.13868,19.88522],[83.13747,19.8858],[83.13432,19.88525],[83.1327,19.88596],[83.13181,19.8882],[83.13196,19.89009],[83.13343,19.89238],[83.13284,19.8933],[83.13088,19.89444]]]}},{"type":"Feature","properties":{"LCODE":"100140009000900159","LOCATION":"KAPASARA","V_TYPE":"VILLAGE","BLOCK":"NUAPARA","DISTRICT":"NUAPADA"},"geometry":{"type":"Polygon","coordinates":[[[83.05892,19.89475],[83.05998,19.89755],[83.05984,19.89942],[83.06135,19.90093],[83.06425,19.90142],[83.06668,19.90226],[83.06748,19.90329],[83.0673,19.90514],[83.07001,19.90298],[83.07072,19.90102],[83.0733,19.89899],[83.07405,19.89805],[83.07402,19.89766],[83.07473,19.89651],[83.07606,19.89592],[83.07963,19.89566],[83.07986,19.89531],[83.07986,19.8948],[83.07882,19.89366],[83.07771,19.8912],[83.07558,19.88966],[83.0743,19.88922],[83.07236,19.88923],[83.06454,19.88775],[83.06298,19.88874],[83.06219,19.88876],[83.06113,19.89059],[83.06031,19.89382],[83.05892,19.89475]]]}},{"type":"Feature","properties":{"LCODE":"100140006000600184","LOCATION":"UPARMURUJI","V_TYPE":"VILLAGE","BLOCK":"NUAPARA","DISTRICT":"NUAPADA"},"geometry":{"type":"Polygon","coordinates":[[[83.22297,19.89974],[83.2237,19.90031],[83.2239,19.90208],[83.22458,19.90346],[83.22604,19.90367],[83.22658,19.9039],[83.22671,19.90425],[83.23243,19.90207],[83.23376,19.90183],[83.23479,19.90228],[83.23602,19.90421],[83.23669,19.90421],[83.23705,19.9038],[83.23641,19.90123],[83.23653,19.90031],[83.23722,19.89896],[83.23566,19.89843],[83.23177,19.89634],[83.23087,19.89721],[83.22984,19.89687],[83.22887,19.89705],[83.22815,19.89763],[83.22792,19.89849],[83.22677,19.89828],[83.22538,19.89909],[83.22444,19.89844],[83.22297,19.89974]]]}},{"type":"Feature","properties":{"LCODE":"100140001000100169","LOCATION":"BHOEGUDA","V_TYPE":"VILLAGE","BLOCK":"NUAPARA","DISTRICT":"NUAPADA"},"geometry":{"type":"Polygon","coordinates":[[[83.14479,19.89085],[83.14546,19.89216],[83.14494,19.89446],[83.14507,19.89526],[83.146,19.8972],[83.14651,19.90007],[83.14774,19.9029],[83.14829,19.90252],[83.15137,19.90244],[83.15167,19.90203],[83.15184,19.90071],[83.15268,19.89979],[83.15255,19.8987],[83.1535,19.89679],[83.15306,19.89559],[83.15202,19.89417],[83.15206,19.89262],[83.15313,19.89043],[83.15299,19.88899],[83.15324,19.88865],[83.1516,19.88759],[83.15027,19.88827],[83.14754,19.88766],[83.14728,19.88617],[83.14661,19.88601],[83.14548,19.88722],[83.14525,19.88883],[83.14551,19.89004],[83.14539,19.8905],[83.14479,19.89085]]]}},{"type":"Feature","properties":{"LCODE":"100140001000100177","LOCATION":"KATYAYANIPUR","V_TYPE":"VILLAGE","BLOCK":"NUAPARA","DISTRICT":"NUAPADA"},"geometry":{"type":"Polygon","coordinates":[[[83.2057,19.89857],[83.20665,19.90086],[83.20817,19.902],[83.20931,19.90095],[83.21034,19.90123],[83.21143,19.90111],[83.21209,19.90058],[83.21381,19.89787],[83.2155,19.897],[83.21828,19.89617],[83.21923,19.89507],[83.21935,19.89447],[83.21432,19.89443],[83.21035,19.89595],[83.20729,19.89827],[83.2057,19.89857]]]}},{"type":"Feature","properties":{"LCODE":"10014000100010rf","LOCATION":"RF","V_TYPE":"FOREST","BLOCK":"NUAPARA","DISTRICT":"NUAPADA"},"geometry":{"type":"Polygon","coordinates":[[[83.07402,19.89766],[83.07409,19.89858],[83.07452,19.89932],[83.07726,19.90125],[83.07871,19.90153],[83.08192,19.90144],[83.08282,19.90115],[83.08411,19.90022],[83.0825,19.89828],[83.07838,19.89584],[83.07545,19.8961],[83.07473,19.89651],[83.07402,19.89766]]]}},{"type":"Feature","properties":{"LCODE":"100140006000600200","LOCATION":"SINGPATA","V_TYPE":"VILLAGE","BLOCK":"NUAPARA","DISTRICT":"NUAPADA"},"geometry":{"type":"Polygon","coordinates":[[[83.28782,19.90036],[83.28971,19.89918],[83.29123,19.89867],[83.29281,19.89758],[83.29433,19.89483],[83.29435,19.89299],[83.29404,19.89247],[83.29304,19.89235],[83.29282,19.89511],[83.29246,19.8958],[83.2896,19.89705],[83.28839,19.89808],[83.28782,19.90036]]]}},{"type":"Feature","properties":{"LCODE":"100140001000100162","LOCATION":"HERATEKA","V_TYPE":"VILLAGE","BLOCK":"NUAPARA","DISTRICT":"NUAPADA"},"geometry":{"type":"Polygon","coordinates":[[[83.07838,19.89584],[83.0825,19.89828],[83.08411,19.90022],[83.08564,19.90001],[83.08516,19.89889],[83.08533,19.89831],[83.08906,19.89506],[83.09037,19.8935],[83.09085,19.89309],[83.09393,19.89198],[83.0983,19.88815],[83.09944,19.88676],[83.10076,19.88634],[83.10199,19.88463],[83.09972,19.88406],[83.0984,19.88403],[83.09857,19.88447],[83.09834,19.88499],[83.09491,19.88777],[83.09406,19.88767],[83.09303,19.88693],[83.09176,19.887],[83.08558,19.89182],[83.08179,19.89438],[83.07986,19.89494],[83.07963,19.89566],[83.07838,19.89584]]]}},{"type":"Feature","properties":{"LCODE":"100170006000600192","LOCATION":"PESPADER","V_TYPE":"VILLAGE","BLOCK":"SINAPALI","DISTRICT":"NUAPADA"},"geometry":{"type":"Polygon","coordinates":[[[83.39431,19.89448],[83.39571,19.89521],[83.39553,19.89665],[83.39595,19.89711],[83.39606,19.8982],[83.39694,19.89976],[83.39925,19.89988],[83.40001,19.90021],[83.40096,19.89799],[83.40097,19.8961],[83.39543,19.8928],[83.39513,19.89273],[83.39458,19.89354],[83.39431,19.89448]]]}},{"type":"Feature","properties":{"LCODE":"100140001000100178","LOCATION":"GOTHABHATA","V_TYPE":"VILLAGE","BLOCK":"NUAPARA","DISTRICT":"NUAPADA"},"geometry":{"type":"Polygon","coordinates":[[[83.19982,19.89635],[83.20143,19.89924],[83.20238,19.8982],[83.20275,19.89826],[83.20288,19.89896],[83.20669,19.89851],[83.21035,19.89595],[83.21474,19.89433],[83.21407,19.89323],[83.21328,19.89067],[83.21242,19.89106],[83.21108,19.89101],[83.20914,19.89029],[83.20745,19.89076],[83.20469,19.89245],[83.20264,19.89384],[83.19982,19.89635]]]}},{"type":"Feature","properties":{"LCODE":"100140006000600185","LOCATION":"PARTULA","V_TYPE":"VILLAGE","BLOCK":"NUAPARA","DISTRICT":"NUAPADA"},"geometry":{"type":"Polygon","coordinates":[[[83.22444,19.89844],[83.22538,19.89909],[83.22677,19.89828],[83.22792,19.89849],[83.22815,19.89763],[83.22887,19.89705],[83.22984,19.89687],[83.23087,19.89721],[83.23177,19.89634],[83.23566,19.89843],[83.23722,19.89896],[83.23879,19.89679],[83.24047,19.89552],[83.24246,19.89493],[83.24541,19.89476],[83.24201,19.89247],[83.23977,19.89231],[83.23958,19.89145],[83.23867,19.89129],[83.23843,19.89066],[83.23751,19.89016],[83.23647,19.88862],[83.23598,19.88839],[83.23386,19.88841],[83.23228,19.88762],[83.23162,19.88814],[83.23139,19.88895],[83.23042,19.88884],[83.22935,19.89],[83.22791,19.89053],[83.22622,19.89203],[83.22598,19.89249],[83.22617,19.89278],[83.22846,19.89253],[83.22853,19.89356],[83.22444,19.89844]]]}},{"type":"Feature","properties":{"LCODE":"100140009000900157","LOCATION":"RANGIGUDA","V_TYPE":"VILLAGE","BLOCK":"NUAPARA","DISTRICT":"NUAPADA"},"geometry":{"type":"Polygon","coordinates":[[[83.0414,19.88939],[83.04154,19.89231],[83.04198,19.89392],[83.0429,19.895],[83.0446,19.89579],[83.04534,19.89693],[83.04546,19.89833],[83.04608,19.8986],[83.04748,19.89875],[83.04916,19.89851],[83.05055,19.89781],[83.05193,19.89648],[83.05513,19.89639],[83.05736,19.89522],[83.05881,19.89481],[83.06031,19.89382],[83.06113,19.89059],[83.06219,19.88876],[83.06183,19.88846],[83.06133,19.88692],[83.06091,19.88692],[83.06031,19.88744],[83.05965,19.88745],[83.05909,19.88665],[83.05943,19.88446],[83.06073,19.88077],[83.05125,19.88292],[83.0471,19.88485],[83.0438,19.88369],[83.04382,19.88448],[83.04151,19.88869],[83.0414,19.88939]]]}},{"type":"Feature","properties":{"LCODE":"100140006000600198","LOCATION":"KABANGHEJU","V_TYPE":"VILLAGE","BLOCK":"NUAPARA","DISTRICT":"NUAPADA"},"geometry":{"type":"Polygon","coordinates":[[[83.28773,19.89722],[83.28836,19.89817],[83.289,19.89739],[83.29246,19.8958],[83.29282,19.89511],[83.29321,19.89115],[83.29066,19.89188],[83.29083,19.89458],[83.29034,19.8947],[83.28951,19.89423],[83.28902,19.89429],[83.28877,19.89458],[83.28889,19.89636],[83.28773,19.89722]]]}},{"type":"Feature","properties":{"LCODE":"100140001000100166","LOCATION":"PARTOLA","V_TYPE":"VILLAGE","BLOCK":"NUAPARA","DISTRICT":"NUAPADA"},"geometry":{"type":"Polygon","coordinates":[[[83.11798,19.89016],[83.11841,19.89079],[83.11945,19.89129],[83.12217,19.89127],[83.12308,19.89155],[83.12226,19.8946],[83.12282,19.89569],[83.12421,19.89602],[83.12495,19.89667],[83.12717,19.89593],[83.12808,19.89593],[83.12911,19.89626],[83.12966,19.89689],[83.12979,19.89776],[83.13258,19.89615],[83.13088,19.89444],[83.12928,19.89494],[83.12861,19.89414],[83.12871,19.89213],[83.12991,19.89051],[83.13008,19.88988],[83.12923,19.88954],[83.12663,19.88951],[83.12317,19.88851],[83.12212,19.88616],[83.12096,19.88537],[83.11957,19.88521],[83.11824,19.88562],[83.11813,19.88654],[83.11965,19.88739],[83.11983,19.88785],[83.1196,19.88836],[83.1184,19.88924],[83.11798,19.89016]]]}},{"type":"Feature","properties":{"LCODE":"100140001000100175","LOCATION":"KENDUGUDA","V_TYPE":"VILLAGE","BLOCK":"NUAPARA","DISTRICT":"NUAPADA"},"geometry":{"type":"Polygon","coordinates":[[[83.18481,19.89263],[83.18769,19.89277],[83.18934,19.89367],[83.19073,19.89372],[83.19419,19.89552],[83.19626,19.89596],[83.19879,19.89588],[83.19982,19.89635],[83.2029,19.89367],[83.20251,19.89258],[83.203,19.89223],[83.20316,19.89149],[83.20245,19.88943],[83.1986,19.88866],[83.19563,19.88754],[83.19508,19.88449],[83.19421,19.88485],[83.19325,19.88601],[83.19217,19.88642],[83.19139,19.88723],[83.18952,19.88839],[83.18869,19.88983],[83.18593,19.89141],[83.18481,19.89263]]]}},{"type":"Feature","properties":{"LCODE":"100140001000100171","LOCATION":"DUARSUNI","V_TYPE":"VILLAGE","BLOCK":"NUAPARA","DISTRICT":"NUAPADA"},"geometry":{"type":"Polygon","coordinates":[[[83.1516,19.88759],[83.15324,19.88865],[83.15633,19.88942],[83.1573,19.88942],[83.15874,19.88894],[83.16068,19.88898],[83.16245,19.89023],[83.16463,19.89062],[83.16705,19.89168],[83.16766,19.89208],[83.16792,19.89374],[83.16823,19.89403],[83.16938,19.89413],[83.17005,19.89487],[83.17084,19.89515],[83.17145,19.89509],[83.1721,19.89428],[83.17399,19.88933],[83.17497,19.88857],[83.17476,19.88789],[83.17409,19.88732],[83.17147,19.88579],[83.17007,19.88546],[83.16754,19.88554],[83.16497,19.88309],[83.16303,19.88237],[83.16235,19.88065],[83.16138,19.88095],[83.16107,19.88032],[83.15987,19.88102],[83.1592,19.88062],[83.15854,19.8812],[83.15794,19.88092],[83.15734,19.88184],[83.15577,19.88248],[83.15521,19.88343],[83.15663,19.8838],[83.15688,19.8842],[83.15659,19.885],[83.15357,19.88612],[83.1516,19.88759]]]}},{"type":"Feature","properties":{"LCODE":"100140006000600206","LOCATION":"TARANGEL","V_TYPE":"VILLAGE","BLOCK":"NUAPARA","DISTRICT":"NUAPADA"},"geometry":{"type":"Polygon","coordinates":[[[83.36689,19.89329],[83.367,19.89444],[83.36755,19.8949],[83.37104,19.89433],[83.37167,19.89391],[83.3719,19.89285],[83.37258,19.89194],[83.37259,19.8905],[83.37114,19.89021],[83.36835,19.891],[83.3672,19.89208],[83.36689,19.89329]]]}},{"type":"Feature","properties":{"LCODE":"100170006000600193","LOCATION":"BERALKHAMAN","V_TYPE":"VILLAGE","BLOCK":"SINAPALI","DISTRICT":"NUAPADA"},"geometry":{"type":"Polygon","coordinates":[[[83.39021,19.88657],[83.3905,19.88898],[83.39194,19.88887],[83.39249,19.89031],[83.39447,19.8913],[83.39513,19.89222],[83.39513,19.89273],[83.39633,19.8932],[83.39907,19.89495],[83.40002,19.8923],[83.39877,19.89063],[83.39883,19.88965],[83.39829,19.88942],[83.39697,19.88717],[83.3968,19.88608],[83.39548,19.88533],[83.39518,19.88429],[83.39289,19.88285],[83.3924,19.88353],[83.39306,19.88457],[83.39112,19.88536],[83.39021,19.88657]]]}},{"type":"Feature","properties":{"LCODE":"10014000100010rf","LOCATION":"RF","V_TYPE":"FOREST","BLOCK":"NUAPARA","DISTRICT":"NUAPADA"},"geometry":{"type":"Polygon","coordinates":[[[83.05909,19.88665],[83.05965,19.88745],[83.06031,19.88744],[83.06091,19.88692],[83.06133,19.88692],[83.06195,19.88869],[83.0625,19.88886],[83.06454,19.88775],[83.07236,19.88923],[83.0743,19.88922],[83.07558,19.88966],[83.07771,19.8912],[83.07882,19.89366],[83.07986,19.89494],[83.08095,19.89467],[83.08179,19.89438],[83.08558,19.89182],[83.09176,19.887],[83.09303,19.88693],[83.09406,19.88767],[83.09491,19.88777],[83.09834,19.88499],[83.09857,19.88447],[83.09814,19.88373],[83.09625,19.883],[83.0931,19.88245],[83.09105,19.88264],[83.0899,19.88213],[83.08748,19.88198],[83.08741,19.88164],[83.0883,19.88025],[83.09052,19.87816],[83.09468,19.87641],[83.0963,19.87513],[83.09847,19.87442],[83.10035,19.87458],[83.10239,19.87393],[83.10423,19.87535],[83.10555,19.87499],[83.10693,19.87412],[83.10869,19.87376],[83.10923,19.87381],[83.11063,19.87489],[83.1116,19.87494],[83.11231,19.87362],[83.11182,19.87213],[83.11295,19.87057],[83.11343,19.86959],[83.11359,19.86838],[83.11413,19.86763],[83.11594,19.86744],[83.11745,19.86634],[83.11944,19.86603],[83.11998,19.86568],[83.12054,19.86475],[83.12045,19.86419],[83.11904,19.86282],[83.11758,19.86243],[83.11596,19.86279],[83.11337,19.86436],[83.11234,19.86437],[83.11046,19.86353],[83.10791,19.86292],[83.10748,19.86246],[83.10729,19.86148],[83.10735,19.86062],[83.10786,19.85995],[83.10835,19.85843],[83.10841,19.85797],[83.10786,19.85723],[83.1064,19.85667],[83.10028,19.85534],[83.09879,19.85538],[83.09876,19.85501],[83.09936,19.8538],[83.10164,19.85246],[83.1041,19.85003],[83.10578,19.84898],[83.10698,19.84759],[83.10727,19.84667],[83.10764,19.84196],[83.1086,19.84012],[83.11004,19.8389],[83.1119,19.83791],[83.11637,19.8377],[83.1186,19.83659],[83.12249,19.83254],[83.12344,19.83012],[83.12412,19.82581],[83.12476,19.82391],[83.12457,19.82299],[83.12193,19.82411],[83.11872,19.82402],[83.11352,19.8244],[83.11135,19.82499],[83.11074,19.82483],[83.10925,19.8237],[83.11012,19.82219],[83.11034,19.82116],[83.11012,19.81628],[83.1105,19.8145],[83.10835,19.81451],[83.10677,19.81378],[83.10441,19.81391],[83.10374,19.81363],[83.1033,19.81277],[83.10342,19.81208],[83.10509,19.80914],[83.10513,19.80811],[83.10561,19.80684],[83.10529,19.80523],[83.10333,19.8033],[83.10355,19.80134],[83.10481,19.80041],[83.10548,19.80018],[83.10627,19.80034],[83.1081,19.80211],[83.10988,19.80451],[83.1114,19.80576],[83.11207,19.80593],[83.1143,19.80516],[83.11489,19.80418],[83.11675,19.80302],[83.11716,19.80181],[83.11716,19.80066],[83.11685,19.79994],[83.11229,19.79812],[83.10788,19.79792],[83.09817,19.79512],[83.09744,19.79484],[83.09695,19.79387],[83.09598,19.79336],[83.09458,19.79314],[83.08999,19.79329],[83.08648,19.79286],[83.08497,19.79327],[83.0862,19.79493],[83.08614,19.79613],[83.08585,19.79654],[83.08507,19.79678],[83.08385,19.79581],[83.08348,19.79587],[83.08037,19.79928],[83.07809,19.80056],[83.07816,19.80154],[83.07919,19.80256],[83.07944,19.80342],[83.07921,19.80406],[83.07771,19.8055],[83.07954,19.80716],[83.08016,19.80876],[83.07903,19.81083],[83.0788,19.81222],[83.07905,19.81267],[83.07984,19.81313],[83.08238,19.81316],[83.08287,19.81368],[83.08288,19.81414],[83.08179,19.81518],[83.07974,19.81532],[83.08066,19.81611],[83.08122,19.81823],[83.08149,19.82098],[83.08144,19.8223],[83.08111,19.82279],[83.08164,19.82368],[83.07986,19.82714],[83.07947,19.83007],[83.07676,19.83199],[83.0758,19.83396],[83.07618,19.83463],[83.07685,19.83497],[83.07698,19.83566],[83.07616,19.8382],[83.07623,19.83963],[83.07734,19.84152],[83.07907,19.84294],[83.08097,19.84149],[83.08242,19.84153],[83.08337,19.84044],[83.08462,19.83761],[83.08775,19.8354],[83.08791,19.83334],[83.08833,19.83293],[83.08971,19.83269],[83.09044,19.83297],[83.09337,19.83587],[83.09325,19.83639],[83.09012,19.83757],[83.0882,19.83965],[83.08762,19.84075],[83.0875,19.84189],[83.08852,19.84441],[83.09013,19.84411],[83.09116,19.84497],[83.09207,19.84507],[83.09387,19.84351],[83.09617,19.84315],[83.09785,19.84164],[83.09977,19.84082],[83.10056,19.8415],[83.10153,19.84132],[83.10159,19.84172],[83.09956,19.84427],[83.09885,19.84599],[83.09633,19.84734],[83.09454,19.84976],[83.0945,19.852],[83.09345,19.85632],[83.09351,19.85678],[83.09486,19.85814],[83.09377,19.85821],[83.09268,19.85787],[83.09077,19.85575],[83.09006,19.85583],[83.08788,19.85533],[83.0848,19.8557],[83.08317,19.85623],[83.07806,19.85937],[83.07576,19.85916],[83.07497,19.85946],[83.0736,19.86102],[83.07233,19.86155],[83.06883,19.86227],[83.0675,19.86297],[83.06499,19.86546],[83.06344,19.86737],[83.06052,19.87222],[83.0603,19.87383],[83.06094,19.87761],[83.06084,19.88031],[83.05943,19.88446],[83.05909,19.88665]]]}},{"type":"Feature","properties":{"LCODE":"100140006000600193","LOCATION":"MELENDA","V_TYPE":"VILLAGE","BLOCK":"NUAPARA","DISTRICT":"NUAPADA"},"geometry":{"type":"Polygon","coordinates":[[[83.23965,19.89214],[83.24201,19.89247],[83.24541,19.89476],[83.24644,19.89449],[83.24789,19.89345],[83.2504,19.89301],[83.25198,19.89002],[83.25256,19.88761],[83.25188,19.88697],[83.25147,19.88571],[83.25004,19.88481],[83.24722,19.88766],[83.24458,19.88843],[83.23965,19.89214]]]}},{"type":"Feature","properties":{"LCODE":"100140006000600204","LOCATION":"ODBAHALI","V_TYPE":"VILLAGE","BLOCK":"NUAPARA","DISTRICT":"NUAPADA"},"geometry":{"type":"Polygon","coordinates":[[[83.30997,19.89241],[83.31181,19.89429],[83.31338,19.89464],[83.31393,19.89453],[83.31471,19.89372],[83.31593,19.8935],[83.31576,19.89218],[83.31322,19.89061],[83.31111,19.89072],[83.31056,19.89117],[83.30997,19.89241]]]}},{"type":"Feature","properties":{"LCODE":"100140001000100187","LOCATION":"BHAIRABPUR","V_TYPE":"VILLAGE","BLOCK":"NUAPARA","DISTRICT":"NUAPADA"},"geometry":{"type":"Polygon","coordinates":[[[83.2132,19.89025],[83.21407,19.89323],[83.21474,19.89433],[83.21905,19.89456],[83.2232,19.89223],[83.22774,19.88831],[83.22537,19.88642],[83.2234,19.88559],[83.21951,19.88693],[83.21637,19.88684],[83.21355,19.88916],[83.2132,19.89025]]]}},{"type":"Feature","properties":{"LCODE":"100140006000600201","LOCATION":"BADASOSAPADAR","V_TYPE":"VILLAGE","BLOCK":"NUAPARA","DISTRICT":"NUAPADA"},"geometry":{"type":"Polygon","coordinates":[[[83.29774,19.89117],[83.29792,19.89186],[83.2999,19.89394],[83.30202,19.89338],[83.30323,19.89355],[83.30402,19.89247],[83.30403,19.89154],[83.30373,19.89097],[83.30138,19.89005],[83.30059,19.89061],[83.29938,19.89089],[83.29786,19.8906],[83.29774,19.89117]]]}},{"type":"Feature","properties":{"LCODE":"100140001000100176","LOCATION":"UPARKENDUGUDA","V_TYPE":"VILLAGE","BLOCK":"NUAPARA","DISTRICT":"NUAPADA"},"geometry":{"type":"Polygon","coordinates":[[[83.20242,19.8896],[83.20316,19.89149],[83.203,19.89223],[83.20251,19.89258],[83.2029,19.89367],[83.20824,19.89045],[83.2072,19.88967],[83.20802,19.8872],[83.20789,19.88663],[83.2071,19.88572],[83.20559,19.88579],[83.20506,19.88654],[83.20536,19.88734],[83.20518,19.88774],[83.20277,19.88885],[83.20242,19.8896]]]}},{"type":"Feature","properties":{"LCODE":"100140001000100174","LOCATION":"DAMODARAPUR","V_TYPE":"VILLAGE","BLOCK":"NUAPARA","DISTRICT":"NUAPADA"},"geometry":{"type":"Polygon","coordinates":[[[83.1748,19.888],[83.17497,19.88857],[83.17989,19.89243],[83.1822,19.89339],[83.18394,19.89309],[83.18481,19.89263],[83.18593,19.89141],[83.18869,19.88983],[83.18952,19.88839],[83.19059,19.88767],[83.18993,19.88701],[83.18962,19.88592],[83.18983,19.88208],[83.18926,19.87999],[83.18835,19.88037],[83.18672,19.88044],[83.18534,19.88154],[83.18304,19.88168],[83.18182,19.88218],[83.18179,19.88306],[83.18143,19.8837],[83.18041,19.88457],[83.17715,19.88528],[83.17649,19.88512],[83.17576,19.88448],[83.1757,19.88564],[83.1748,19.888]]]}},{"type":"Feature","properties":{"LCODE":"100140006000600189","LOCATION":"KANIKUPA","V_TYPE":"VILLAGE","BLOCK":"NUAPARA","DISTRICT":"NUAPADA"},"geometry":{"type":"Polygon","coordinates":[[[83.23232,19.88762],[83.23386,19.88841],[83.23598,19.88839],[83.23647,19.88862],[83.23751,19.89016],[83.23843,19.89066],[83.23867,19.89129],[83.23958,19.89145],[83.23971,19.8919],[83.24043,19.89162],[83.24473,19.88835],[83.24475,19.88808],[83.24461,19.88683],[83.2434,19.88621],[83.24297,19.88546],[83.24373,19.88305],[83.24332,19.88209],[83.24059,19.88296],[83.23835,19.88321],[83.2366,19.88374],[83.23347,19.88566],[83.23232,19.88762]]]}},{"type":"Feature","properties":{"LCODE":"100170006000600194","LOCATION":"FUKARPADAR","V_TYPE":"VILLAGE","BLOCK":"SINAPALI","DISTRICT":"NUAPADA"},"geometry":{"type":"Polygon","coordinates":[[[83.38392,19.88648],[83.38398,19.88688],[83.38573,19.88695],[83.38597,19.88718],[83.38567,19.88804],[83.38457,19.88884],[83.38426,19.88964],[83.38438,19.8901],[83.38528,19.89085],[83.3854,19.89156],[83.38873,19.8907],[83.3905,19.88898],[83.39021,19.88657],[83.39051,19.88599],[83.39112,19.88536],[83.39306,19.88457],[83.3924,19.88353],[83.39265,19.88296],[83.39316,19.88283],[83.39079,19.88123],[83.38601,19.88149],[83.38588,19.88229],[83.38392,19.88648]]]}},{"type":"Feature","properties":{"LCODE":"10014000100010rf","LOCATION":"RF","V_TYPE":"FOREST","BLOCK":"NUAPARA","DISTRICT":"NUAPADA"},"geometry":{"type":"Polygon","coordinates":[[[83.19295,19.88016],[83.19334,19.88234],[83.19454,19.88192],[83.19503,19.88232],[83.19531,19.88674],[83.19563,19.88754],[83.19636,19.88799],[83.20245,19.88943],[83.20277,19.88885],[83.20518,19.88774],[83.20517,19.88619],[83.20559,19.88579],[83.20662,19.8856],[83.20753,19.88611],[83.20802,19.8872],[83.2072,19.88939],[83.20744,19.89007],[83.20824,19.89045],[83.20975,19.8904],[83.21108,19.89101],[83.21242,19.89106],[83.21328,19.89067],[83.21355,19.88916],[83.21637,19.88684],[83.21951,19.88693],[83.2234,19.88559],[83.22264,19.88524],[83.22294,19.88432],[83.22347,19.88403],[83.2245,19.88402],[83.22705,19.88491],[83.22814,19.88485],[83.2285,19.8845],[83.22849,19.88393],[83.22764,19.88307],[83.22655,19.88268],[83.22636,19.8824],[83.22666,19.88176],[83.22792,19.88112],[83.22906,19.87985],[83.22978,19.87944],[83.23196,19.87914],[83.23418,19.87774],[83.23454,19.87705],[83.23445,19.87464],[83.23346,19.87213],[83.23242,19.87145],[83.23307,19.8699],[83.23459,19.86855],[83.23371,19.86748],[83.23353,19.8668],[83.23352,19.86617],[83.23435,19.86518],[83.23441,19.86467],[83.23354,19.8629],[83.23413,19.86106],[83.23386,19.85882],[83.23452,19.8575],[83.23506,19.85721],[83.23821,19.85711],[83.23699,19.85645],[83.23918,19.85224],[83.23953,19.85104],[83.23974,19.84754],[83.23948,19.84542],[83.23816,19.84056],[83.23661,19.83736],[83.23524,19.83318],[83.23376,19.83107],[83.2328,19.83028],[83.23029,19.82864],[83.22787,19.82762],[83.22393,19.82691],[83.22059,19.82573],[83.21961,19.82499],[83.21897,19.82383],[83.21701,19.82456],[83.21574,19.82457],[83.21325,19.82396],[83.20982,19.82408],[83.21017,19.82467],[83.20958,19.82553],[83.21031,19.82604],[83.21044,19.82719],[83.21148,19.82787],[83.21178,19.82855],[83.21149,19.82936],[83.21072,19.83023],[83.20854,19.83064],[83.20782,19.83111],[83.20771,19.83232],[83.20905,19.83345],[83.20918,19.83442],[83.20895,19.83483],[83.20773,19.83467],[83.20744,19.83507],[83.20757,19.83673],[83.20946,19.83752],[83.21013,19.83814],[83.21038,19.83877],[83.21027,19.84009],[83.20985,19.84096],[83.20883,19.84154],[83.20788,19.84275],[83.20831,19.84389],[83.20747,19.84442],[83.20741,19.84488],[83.20766,19.84539],[83.20894,19.8463],[83.20901,19.84676],[83.20777,19.85055],[83.20633,19.85125],[83.20556,19.85258],[83.20575,19.85407],[83.20522,19.85459],[83.20601,19.85561],[83.20608,19.85647],[83.20584,19.85688],[83.20386,19.85793],[83.20219,19.86075],[83.20132,19.86454],[83.20181,19.86488],[83.2029,19.86499],[83.2032,19.86516],[83.20321,19.86556],[83.20257,19.86797],[83.20147,19.86938],[83.20222,19.87027],[83.20218,19.8713],[83.20182,19.87159],[83.19821,19.87161],[83.19682,19.87341],[83.19647,19.87571],[83.19537,19.87486],[83.19441,19.87493],[83.19399,19.87573],[83.19426,19.87803],[83.19318,19.87918],[83.19295,19.88016]]]}},{"type":"Feature","properties":{"LCODE":"100140006000600203","LOCATION":"BADAMARA","V_TYPE":"VILLAGE","BLOCK":"NUAPARA","DISTRICT":"NUAPADA"},"geometry":{"type":"Polygon","coordinates":[[[83.29785,19.88943],[83.29798,19.89064],[83.29896,19.89089],[83.30059,19.89061],[83.30138,19.89005],[83.30376,19.891],[83.30457,19.89099],[83.30602,19.89071],[83.30643,19.88993],[83.30598,19.88928],[83.3025,19.8887],[83.30051,19.8876],[83.29848,19.88845],[83.29785,19.88943]]]}},{"type":"Feature","properties":{"LCODE":"100170006000600207","LOCATION":"JHARMUNDA","V_TYPE":"VILLAGE","BLOCK":"SINAPALI","DISTRICT":"NUAPADA"},"geometry":{"type":"Polygon","coordinates":[[[83.41283,19.88227],[83.41435,19.88335],[83.4153,19.88572],[83.4165,19.8871],[83.42017,19.88936],[83.42199,19.89094],[83.4222,19.89081],[83.42254,19.88879],[83.4221,19.88703],[83.42336,19.88703],[83.42388,19.88669],[83.42408,19.88479],[83.4239,19.88383],[83.42467,19.88356],[83.42397,19.88289],[83.42162,19.88132],[83.42101,19.88126],[83.42017,19.88149],[83.41859,19.88263],[83.41725,19.88268],[83.41605,19.88216],[83.41539,19.88147],[83.41407,19.8791],[83.41315,19.88059],[83.41283,19.88227]]]}},{"type":"Feature","properties":{"LCODE":"100140001000100170","LOCATION":"NARANGKHOLA","V_TYPE":"VILLAGE","BLOCK":"NUAPARA","DISTRICT":"NUAPADA"},"geometry":{"type":"Polygon","coordinates":[[[83.13821,19.8808],[83.13933,19.8836],[83.13934,19.88423],[83.13868,19.88522],[83.14027,19.88623],[83.14089,19.8887],[83.1426,19.89],[83.14479,19.89085],[83.14515,19.89073],[83.14551,19.89004],[83.14525,19.88883],[83.14548,19.88722],[83.14624,19.88625],[83.14478,19.88407],[83.14348,19.88139],[83.14432,19.87994],[83.14587,19.87855],[83.14581,19.87792],[83.14532,19.87764],[83.14224,19.87824],[83.14014,19.87963],[83.13857,19.88005],[83.13821,19.8808]]]}},{"type":"Feature","properties":{"LCODE":"100140006000600188","LOCATION":"RANIKATA","V_TYPE":"VILLAGE","BLOCK":"NUAPARA","DISTRICT":"NUAPADA"},"geometry":{"type":"Polygon","coordinates":[[[83.22264,19.88524],[83.22537,19.88642],[83.22745,19.88789],[83.228,19.88869],[83.22791,19.89053],[83.22935,19.89],[83.23042,19.88884],[83.23139,19.88895],[83.23162,19.88814],[83.23232,19.88762],[83.23347,19.88566],[83.23455,19.88479],[83.2368,19.88367],[83.23641,19.883],[83.23634,19.88179],[83.2356,19.88065],[83.23589,19.87976],[83.23534,19.87825],[83.23466,19.87768],[83.23422,19.87765],[83.23196,19.87914],[83.22978,19.87944],[83.22906,19.87985],[83.22792,19.88112],[83.22666,19.88176],[83.22636,19.8824],[83.22655,19.88268],[83.22764,19.88307],[83.22849,19.88393],[83.2285,19.8845],[83.22814,19.88485],[83.22705,19.88491],[83.22396,19.88391],[83.22294,19.88432],[83.22264,19.88524]]]}},{"type":"Feature","properties":{"LCODE":"100140006000600205","LOCATION":"JAKESNANDA","V_TYPE":"VILLAGE","BLOCK":"NUAPARA","DISTRICT":"NUAPADA"},"geometry":{"type":"Polygon","coordinates":[[[83.33006,19.88673],[83.33041,19.88713],[83.3318,19.88749],[83.33199,19.88777],[83.33179,19.88938],[83.33233,19.89007],[83.33336,19.88968],[83.3335,19.88795],[83.33247,19.88668],[83.33224,19.8853],[83.33176,19.88467],[83.33067,19.88501],[83.33006,19.88673]]]}},{"type":"Feature","properties":{"LCODE":"100170006000600196","LOCATION":"MAKUNDPUR","V_TYPE":"VILLAGE","BLOCK":"SINAPALI","DISTRICT":"NUAPADA"},"geometry":{"type":"Polygon","coordinates":[[[83.39069,19.88123],[83.39518,19.88429],[83.39548,19.88533],[83.3968,19.88608],[83.39697,19.88717],[83.39829,19.88942],[83.39931,19.88966],[83.40031,19.88933],[83.39987,19.88851],[83.40078,19.8876],[83.40006,19.88713],[83.40012,19.88667],[83.40141,19.88507],[83.39996,19.88449],[83.39954,19.88351],[83.39887,19.88282],[83.39907,19.88121],[83.39998,19.88081],[83.39944,19.87977],[83.39805,19.87948],[83.39696,19.87982],[83.39606,19.8789],[83.39485,19.87895],[83.3928,19.87836],[83.39195,19.87865],[83.3911,19.87951],[83.39069,19.88123]]]}},{"type":"Feature","properties":{"LCODE":"100140006000600195","LOCATION":"TALSINDHAKHUTI","V_TYPE":"VILLAGE","BLOCK":"NUAPARA","DISTRICT":"NUAPADA"},"geometry":{"type":"Polygon","coordinates":[[[83.26772,19.88826],[83.26783,19.88901],[83.26862,19.88942],[83.26916,19.8893],[83.26958,19.88879],[83.26959,19.88758],[83.26894,19.88654],[83.26852,19.88648],[83.26809,19.88683],[83.26808,19.88786],[83.26772,19.88826]]]}},{"type":"Feature","properties":{"LCODE":"100170006000600197","LOCATION":"JADIMARA","V_TYPE":"VILLAGE","BLOCK":"SINAPALI","DISTRICT":"NUAPADA"},"geometry":{"type":"Polygon","coordinates":[[[83.39876,19.88242],[83.39996,19.88449],[83.40141,19.88507],[83.40012,19.88667],[83.40006,19.88713],[83.40078,19.8876],[83.39987,19.88851],[83.40031,19.88933],[83.40345,19.88669],[83.40467,19.88469],[83.40511,19.88159],[83.40548,19.88107],[83.40681,19.88079],[83.40657,19.88016],[83.40386,19.87836],[83.40181,19.87795],[83.39944,19.87977],[83.39998,19.88081],[83.39907,19.88121],[83.39906,19.88196],[83.39876,19.88242]]]}},{"type":"Feature","properties":{"LCODE":"100140006000600192","LOCATION":"KHINKOLA","V_TYPE":"VILLAGE","BLOCK":"NUAPARA","DISTRICT":"NUAPADA"},"geometry":{"type":"Polygon","coordinates":[[[83.24297,19.88495],[83.2431,19.88586],[83.24461,19.88683],[83.24473,19.88835],[83.24657,19.88801],[83.24884,19.88622],[83.25004,19.88481],[83.24943,19.88414],[83.24908,19.88242],[83.24908,19.88178],[83.24966,19.88177],[83.24879,19.88134],[83.24783,19.88181],[83.2468,19.88113],[83.24332,19.88209],[83.24373,19.88305],[83.24297,19.88495]]]}},{"type":"Feature","properties":{"LCODE":"100140001000100172","LOCATION":"GOSANIMUNDA","V_TYPE":"VILLAGE","BLOCK":"NUAPARA","DISTRICT":"NUAPADA"},"geometry":{"type":"Polygon","coordinates":[[[83.16261,19.88099],[83.16303,19.88237],[83.16497,19.88309],[83.16754,19.88554],[83.17105,19.88563],[83.17409,19.88732],[83.1748,19.888],[83.1757,19.88564],[83.17576,19.88448],[83.17446,19.8825],[83.17277,19.88217],[83.17293,19.8805],[83.16919,19.88122],[83.16738,19.8821],[83.16539,19.88223],[83.16454,19.88207],[83.16393,19.88132],[83.16261,19.88099]]]}},{"type":"Feature","properties":{"LCODE":"100140001000100233","LOCATION":"KHAING","V_TYPE":"VILLAGE","BLOCK":"NUAPARA","DISTRICT":"NUAPADA"},"geometry":{"type":"Polygon","coordinates":[[[83.18925,19.87962],[83.18983,19.88208],[83.18962,19.88592],[83.18993,19.88701],[83.19054,19.88764],[83.19139,19.88723],[83.19217,19.88642],[83.19325,19.88601],[83.19421,19.88485],[83.19508,19.88449],[83.19485,19.88198],[83.19334,19.88234],[83.19295,19.88016],[83.19306,19.87941],[83.19426,19.87803],[83.19411,19.87527],[83.19441,19.87493],[83.19537,19.87486],[83.19647,19.87571],[83.19682,19.87341],[83.19821,19.87161],[83.1977,19.87157],[83.197,19.871],[83.19673,19.87129],[83.19613,19.8713],[83.19316,19.87115],[83.19238,19.8708],[83.19083,19.87306],[83.1909,19.87519],[83.18925,19.87962]]]}},{"type":"Feature","properties":{"LCODE":"100140006000600194","LOCATION":"KANARLA","V_TYPE":"VILLAGE","BLOCK":"NUAPARA","DISTRICT":"NUAPADA"},"geometry":{"type":"Polygon","coordinates":[[[83.24908,19.88178],[83.24943,19.88414],[83.25147,19.88571],[83.25188,19.88697],[83.25256,19.88761],[83.25474,19.88555],[83.25499,19.88377],[83.2556,19.8828],[83.25567,19.88216],[83.25555,19.88153],[83.25483,19.88083],[83.25374,19.88054],[83.25289,19.88065],[83.25059,19.88179],[83.24908,19.88178]]]}},{"type":"Feature","properties":{"LCODE":"100140006000600196","LOCATION":"UPARSINDHAKHUTI","V_TYPE":"VILLAGE","BLOCK":"NUAPARA","DISTRICT":"NUAPADA"},"geometry":{"type":"Polygon","coordinates":[[[83.26907,19.88424],[83.26937,19.88545],[83.26924,19.8862],[83.27032,19.88672],[83.27106,19.88592],[83.27137,19.88483],[83.27047,19.88379],[83.26962,19.88373],[83.26907,19.88424]]]}},{"type":"Feature","properties":{"LCODE":"100140001000100246","LOCATION":"AMBAPADA","V_TYPE":"VILLAGE","BLOCK":"NUAPARA","DISTRICT":"NUAPADA"},"geometry":{"type":"Polygon","coordinates":[[[83.10304,19.87806],[83.10317,19.87874],[83.10421,19.87971],[83.10371,19.88215],[83.10496,19.88183],[83.10587,19.88234],[83.10661,19.88428],[83.10704,19.8844],[83.108,19.88404],[83.11044,19.88552],[83.11152,19.88528],[83.11169,19.88441],[83.11151,19.88396],[83.11078,19.88327],[83.10902,19.88243],[83.10863,19.88117],[83.10893,19.88036],[83.11116,19.87914],[83.11262,19.87953],[83.11366,19.88055],[83.11552,19.87979],[83.11538,19.87755],[83.11621,19.87645],[83.11706,19.87617],[83.11711,19.87541],[83.11662,19.8745],[83.11515,19.87302],[83.11508,19.87216],[83.11544,19.87169],[83.11549,19.87078],[83.1147,19.87004],[83.11341,19.86962],[83.11182,19.87213],[83.11231,19.87362],[83.1116,19.87494],[83.11063,19.87489],[83.10923,19.87381],[83.10869,19.87376],[83.10693,19.87412],[83.10483,19.87529],[83.10423,19.87535],[83.10349,19.87495],[83.10369,19.87639],[83.10304,19.87806]]]}},{"type":"Feature","properties":{"LCODE":"100140001000100173","LOCATION":"THUAPADAR","V_TYPE":"VILLAGE","BLOCK":"NUAPARA","DISTRICT":"NUAPADA"},"geometry":{"type":"Polygon","coordinates":[[[83.17276,19.88177],[83.17301,19.88234],[83.17416,19.88239],[83.17489,19.88284],[83.17563,19.88432],[83.17649,19.88512],[83.17806,19.88522],[83.17927,19.88469],[83.18041,19.88457],[83.18143,19.8837],[83.18191,19.88255],[83.18172,19.88175],[83.18201,19.8806],[83.18182,19.8802],[83.18006,19.87947],[83.17915,19.87861],[83.17612,19.87864],[83.1757,19.87945],[83.17455,19.87946],[83.17299,19.88027],[83.17276,19.88177]]]}},{"type":"Feature","properties":{"LCODE":"100140009000900158","LOCATION":"BADA FUNDA","V_TYPE":"VILLAGE","BLOCK":"NUAPARA","DISTRICT":"NUAPADA"},"geometry":{"type":"Polygon","coordinates":[[[83.04283,19.88173],[83.0438,19.88369],[83.0471,19.88485],[83.05125,19.88292],[83.06073,19.88077],[83.06094,19.87761],[83.0603,19.87383],[83.06052,19.87222],[83.06131,19.87065],[83.05984,19.8705],[83.05801,19.86885],[83.0565,19.86921],[83.05584,19.8698],[83.05585,19.87105],[83.05527,19.87278],[83.0536,19.87584],[83.053,19.87619],[83.05155,19.87626],[83.04887,19.87461],[83.04749,19.8748],[83.04604,19.87607],[83.04348,19.87966],[83.04283,19.88173]]]}},{"type":"Feature","properties":{"LCODE":"100140001000100247","LOCATION":"GAJAKHOLA","V_TYPE":"VILLAGE","BLOCK":"NUAPARA","DISTRICT":"NUAPADA"},"geometry":{"type":"Polygon","coordinates":[[[83.08741,19.88164],[83.08772,19.88215],[83.0899,19.88213],[83.09154,19.88269],[83.0931,19.88245],[83.09625,19.883],[83.0984,19.88403],[83.09972,19.88406],[83.10199,19.88463],[83.10261,19.88306],[83.10371,19.88215],[83.10404,19.88109],[83.10414,19.87943],[83.10305,19.87846],[83.10369,19.87639],[83.10349,19.87495],[83.10222,19.87393],[83.10035,19.87458],[83.09847,19.87442],[83.0963,19.87513],[83.09468,19.87641],[83.09052,19.87816],[83.0883,19.88025],[83.08741,19.88164]]]}},{"type":"Feature","properties":{"LCODE":"100140006000600190","LOCATION":"BHATANGPADAR","V_TYPE":"VILLAGE","BLOCK":"NUAPARA","DISTRICT":"NUAPADA"},"geometry":{"type":"Polygon","coordinates":[[[83.2356,19.88025],[83.23573,19.881],[83.23634,19.88179],[83.23641,19.883],[83.2368,19.88367],[83.24059,19.88296],[83.24657,19.88116],[83.24606,19.87965],[83.24553,19.87917],[83.24419,19.88018],[83.24328,19.8799],[83.24325,19.87744],[83.24221,19.87595],[83.24218,19.87444],[83.24193,19.87442],[83.24033,19.87614],[83.23992,19.87718],[83.23709,19.8784],[83.2356,19.88025]]]}},{"type":"Feature","properties":{"LCODE":"100170006000600208","LOCATION":"BENIPOKHIRI","V_TYPE":"VILLAGE","BLOCK":"SINAPALI","DISTRICT":"NUAPADA"},"geometry":{"type":"Polygon","coordinates":[[[83.41402,19.87847],[83.41413,19.87933],[83.41539,19.88147],[83.41605,19.88216],[83.41725,19.88268],[83.41859,19.88263],[83.42052,19.88132],[83.42162,19.88132],[83.42494,19.88354],[83.42484,19.88246],[83.42603,19.88229],[83.42728,19.88145],[83.42684,19.88034],[83.42718,19.87957],[83.42667,19.87879],[83.4258,19.87853],[83.42412,19.87703],[83.42243,19.87639],[83.4196,19.87414],[83.41851,19.87453],[83.41743,19.87453],[83.41505,19.87376],[83.41409,19.87709],[83.41402,19.87847]]]}},{"type":"Feature","properties":{"LCODE":"100140006000600197","LOCATION":"PERPADAR","V_TYPE":"VILLAGE","BLOCK":"NUAPARA","DISTRICT":"NUAPADA"},"geometry":{"type":"Polygon","coordinates":[[[83.28215,19.88126],[83.28256,19.8835],[83.28292,19.88356],[83.28347,19.88293],[83.28462,19.88231],[83.28439,19.88127],[83.28361,19.88052],[83.2827,19.88051],[83.28215,19.88126]]]}},{"type":"Feature","properties":{"LCODE":"100140001000100237","LOCATION":"BEHERAGUDA","V_TYPE":"VILLAGE","BLOCK":"NUAPARA","DISTRICT":"NUAPADA"},"geometry":{"type":"Polygon","coordinates":[[[83.14961,19.87174],[83.1497,19.87249],[83.15054,19.87272],[83.15121,19.8734],[83.1508,19.87513],[83.15101,19.87771],[83.15168,19.8785],[83.15363,19.87981],[83.15444,19.8825],[83.155,19.88335],[83.15521,19.88343],[83.15577,19.88248],[83.15734,19.88184],[83.15794,19.88092],[83.15854,19.8812],[83.1592,19.88062],[83.15987,19.88102],[83.16084,19.88032],[83.16138,19.88095],[83.16235,19.88065],[83.16261,19.88099],[83.16393,19.88132],[83.16484,19.88223],[83.16738,19.8821],[83.16919,19.88122],[83.17293,19.8805],[83.17455,19.87946],[83.1757,19.87945],[83.17593,19.87778],[83.17802,19.87524],[83.17873,19.87317],[83.18035,19.87229],[83.18065,19.87177],[83.18105,19.8697],[83.18067,19.86833],[83.1817,19.86651],[83.17757,19.86675],[83.1739,19.86787],[83.17269,19.86846],[83.17072,19.871],[83.16915,19.87158],[83.16741,19.87297],[83.16621,19.87327],[83.16534,19.87127],[83.16384,19.87238],[83.16306,19.87376],[83.16119,19.87418],[83.1595,19.87413],[83.15768,19.87346],[83.15684,19.87427],[83.15594,19.87457],[83.15435,19.87349],[83.15351,19.8743],[83.15235,19.87339],[83.15259,19.87247],[83.1524,19.87201],[83.15095,19.87162],[83.14961,19.87174]]]}},{"type":"Feature","properties":{"LCODE":"100170006000600206","LOCATION":"TALIPARA","V_TYPE":"VILLAGE","BLOCK":"SINAPALI","DISTRICT":"NUAPADA"},"geometry":{"type":"Polygon","coordinates":[[[83.40186,19.87795],[83.40386,19.87836],[83.40657,19.88016],[83.40682,19.88089],[83.41043,19.88144],[83.41283,19.88227],[83.41315,19.88059],[83.41407,19.8791],[83.41409,19.87709],[83.41507,19.87428],[83.41477,19.87296],[83.41473,19.87003],[83.41365,19.86957],[83.41164,19.87111],[83.41055,19.87237],[83.40885,19.8727],[83.40457,19.8744],[83.40382,19.87566],[83.40242,19.87686],[83.40186,19.87795]]]}},{"type":"Feature","properties":{"LCODE":"100140001000100236","LOCATION":"PALSIPADA","V_TYPE":"VILLAGE","BLOCK":"NUAPARA","DISTRICT":"NUAPADA"},"geometry":{"type":"Polygon","coordinates":[[[83.17587,19.87835],[83.17596,19.87879],[83.17915,19.87861],[83.18006,19.87947],[83.18182,19.8802],[83.18201,19.8806],[83.18182,19.88218],[83.18304,19.88168],[83.18534,19.88154],[83.18672,19.88044],[83.18835,19.88037],[83.18926,19.87999],[83.18937,19.87898],[83.1909,19.87519],[83.19083,19.87306],[83.19238,19.8708],[83.19091,19.86951],[83.18782,19.86953],[83.18703,19.86931],[83.18697,19.86874],[83.18738,19.8677],[83.18713,19.86674],[83.18489,19.86629],[83.1832,19.86665],[83.1817,19.86651],[83.18067,19.86833],[83.18105,19.8697],[83.18065,19.87177],[83.18035,19.87229],[83.17873,19.87317],[83.17802,19.87524],[83.17593,19.87778],[83.17587,19.87835]]]}},{"type":"Feature","properties":{"LCODE":"100170006000600195","LOCATION":"UMER","V_TYPE":"VILLAGE","BLOCK":"SINAPALI","DISTRICT":"NUAPADA"},"geometry":{"type":"Polygon","coordinates":[[[83.38518,19.87947],[83.38589,19.88069],[83.38601,19.88149],[83.38903,19.88145],[83.39069,19.88123],[83.39098,19.87973],[83.39153,19.87905],[83.38712,19.87557],[83.38567,19.87707],[83.38518,19.87947]]]}},{"type":"Feature","properties":{"LCODE":"100140006000600207","LOCATION":"MANASTARA","V_TYPE":"VILLAGE","BLOCK":"NUAPARA","DISTRICT":"NUAPADA"},"geometry":{"type":"Polygon","coordinates":[[[83.33293,19.88117],[83.33432,19.8814],[83.33869,19.8789],[83.34039,19.87885],[83.34171,19.87828],[83.34395,19.87852],[83.34602,19.87641],[83.34651,19.87474],[83.34603,19.87405],[83.34252,19.87384],[83.34143,19.87558],[83.34052,19.87626],[83.33907,19.87649],[83.33773,19.87757],[83.33597,19.87741],[83.33501,19.87779],[83.33293,19.88117]]]}},{"type":"Feature","properties":{"LCODE":"100140006000600191","LOCATION":"SANPAJIPITA","V_TYPE":"VILLAGE","BLOCK":"NUAPARA","DISTRICT":"NUAPADA"},"geometry":{"type":"Polygon","coordinates":[[[83.24213,19.87481],[83.24221,19.87595],[83.24325,19.87744],[83.24328,19.8799],[83.24382,19.88024],[83.24551,19.87925],[83.24574,19.8785],[83.24731,19.8786],[83.24937,19.87773],[83.2511,19.87846],[83.25158,19.87794],[83.25159,19.87742],[83.25055,19.8758],[83.24826,19.87619],[83.24651,19.87609],[83.24529,19.87535],[83.24396,19.87525],[83.24327,19.87416],[83.24218,19.87444],[83.24213,19.87481]]]}},{"type":"Feature","properties":{"LCODE":"100170006000600198","LOCATION":"BUDHAUMER","V_TYPE":"VILLAGE","BLOCK":"SINAPALI","DISTRICT":"NUAPADA"},"geometry":{"type":"Polygon","coordinates":[[[83.38918,19.87697],[83.3896,19.8776],[83.39153,19.87905],[83.39225,19.87848],[83.3934,19.87837],[83.39455,19.87889],[83.39606,19.8789],[83.39732,19.87988],[83.39805,19.87948],[83.3995,19.87978],[83.40113,19.87836],[83.40067,19.87725],[83.40108,19.87643],[83.3997,19.87627],[83.3988,19.87581],[83.39783,19.87477],[83.39745,19.87384],[83.39687,19.87505],[83.39547,19.87597],[83.39305,19.87607],[83.38918,19.87697]]]}},{"type":"Feature","properties":{"LCODE":"100140006000600227","LOCATION":"KOLAGAN","V_TYPE":"VILLAGE","BLOCK":"NUAPARA","DISTRICT":"NUAPADA"},"geometry":{"type":"Polygon","coordinates":[[[83.23242,19.87145],[83.2337,19.87259],[83.23445,19.87464],[83.23459,19.87636],[83.23422,19.87765],[83.23515,19.87796],[83.23589,19.87976],[83.23709,19.8784],[83.2389,19.87776],[83.23808,19.87513],[83.23856,19.87363],[83.23849,19.87209],[83.23775,19.87192],[83.23634,19.87056],[83.23542,19.86867],[83.23475,19.86839],[83.23367,19.86932],[83.23307,19.8699],[83.23242,19.87145]]]}},{"type":"Feature","properties":{"LCODE":"100170006000600209","LOCATION":"JUNDERGURA","V_TYPE":"VILLAGE","BLOCK":"SINAPALI","DISTRICT":"NUAPADA"},"geometry":{"type":"Polygon","coordinates":[[[83.4196,19.87414],[83.42243,19.87639],[83.42412,19.87703],[83.4258,19.87853],[83.42667,19.87879],[83.42661,19.87827],[83.42571,19.87743],[83.42638,19.87683],[83.42578,19.87529],[83.43187,19.87036],[83.43221,19.86933],[83.4318,19.86752],[83.42859,19.86758],[83.42695,19.8686],[83.42519,19.86922],[83.422,19.86863],[83.42121,19.8688],[83.42042,19.87],[83.42113,19.87253],[83.4196,19.87414]]]}},{"type":"Feature","properties":{"LCODE":"100170006000600202","LOCATION":"BINAYAKPUR","V_TYPE":"VILLAGE","BLOCK":"SINAPALI","DISTRICT":"NUAPADA"},"geometry":{"type":"Polygon","coordinates":[[[83.39536,19.85853],[83.39624,19.85891],[83.39732,19.86121],[83.39864,19.86265],[83.39891,19.86656],[83.39999,19.86772],[83.4001,19.86984],[83.40238,19.87353],[83.40195,19.87519],[83.40067,19.87725],[83.40113,19.87836],[83.40186,19.87795],[83.40242,19.87686],[83.40382,19.87566],[83.40457,19.8744],[83.40318,19.8721],[83.40311,19.87129],[83.40184,19.86935],[83.40266,19.86786],[83.40211,19.86767],[83.40152,19.86634],[83.40182,19.86497],[83.40292,19.86377],[83.40321,19.86093],[83.40131,19.86089],[83.39974,19.85938],[83.39799,19.85863],[83.39722,19.85707],[83.39607,19.85718],[83.39536,19.85853]]]}},{"type":"Feature","properties":{"LCODE":"100140001000100242","LOCATION":"PALSAPADA","V_TYPE":"VILLAGE","BLOCK":"NUAPARA","DISTRICT":"NUAPADA"},"geometry":{"type":"Polygon","coordinates":[[[83.12684,19.87568],[83.12923,19.87783],[83.13068,19.87759],[83.1311,19.87684],[83.13091,19.8757],[83.13114,19.87535],[83.13229,19.87459],[83.13375,19.87438],[83.13348,19.87349],[83.13365,19.87194],[83.13214,19.87213],[83.13105,19.87173],[83.12785,19.87234],[83.12798,19.87325],[83.1272,19.87446],[83.12684,19.87568]]]}},{"type":"Feature","properties":{"LCODE":"100140006000600226","LOCATION":"TALTAANGANKANA","V_TYPE":"VILLAGE","BLOCK":"NUAPARA","DISTRICT":"NUAPADA"},"geometry":{"type":"Polygon","coordinates":[[[83.23808,19.87513],[83.2389,19.87776],[83.23992,19.87718],[83.24033,19.87614],[83.24225,19.87406],[83.24181,19.87321],[83.24192,19.87166],[83.24168,19.8712],[83.24045,19.87043],[83.23938,19.87168],[83.23849,19.87209],[83.23856,19.87363],[83.23808,19.87513]]]}},{"type":"Feature","properties":{"LCODE":"100170006000600199","LOCATION":"PODAUMER","V_TYPE":"VILLAGE","BLOCK":"SINAPALI","DISTRICT":"NUAPADA"},"geometry":{"type":"Polygon","coordinates":[[[83.38712,19.87557],[83.38918,19.87697],[83.39305,19.87607],[83.39547,19.87597],[83.39687,19.87505],[83.39745,19.87384],[83.39694,19.87327],[83.39513,19.8724],[83.39387,19.87096],[83.39158,19.87037],[83.39059,19.87232],[83.38712,19.87557]]]}},{"type":"Feature","properties":{"LCODE":"100140001000100245","LOCATION":"DANGARIGUDA","V_TYPE":"VILLAGE","BLOCK":"NUAPARA","DISTRICT":"NUAPADA"},"geometry":{"type":"Polygon","coordinates":[[[83.11341,19.86962],[83.11525,19.87043],[83.11555,19.87129],[83.11508,19.87216],[83.11533,19.87336],[83.11692,19.8749],[83.11706,19.87617],[83.11858,19.87666],[83.1222,19.87663],[83.12619,19.87597],[83.12684,19.87568],[83.1272,19.87446],[83.12798,19.87325],[83.12785,19.87234],[83.12717,19.87182],[83.12753,19.87067],[83.1274,19.8701],[83.12697,19.86942],[83.12576,19.86885],[83.12422,19.8668],[83.12403,19.86582],[83.12457,19.86464],[83.12287,19.86451],[83.121,19.8651],[83.12054,19.86475],[83.11998,19.86568],[83.11944,19.86603],[83.11745,19.86634],[83.11594,19.86744],[83.11413,19.86763],[83.11359,19.86838],[83.11341,19.86962]]]}},{"type":"Feature","properties":{"LCODE":"100170006000600200","LOCATION":"MELGHUTU","V_TYPE":"VILLAGE","BLOCK":"SINAPALI","DISTRICT":"NUAPADA"},"geometry":{"type":"Polygon","coordinates":[[[83.39088,19.86692],[83.39158,19.87037],[83.39387,19.87096],[83.39513,19.8724],[83.3973,19.87356],[83.39783,19.87477],[83.3988,19.87581],[83.3997,19.87627],[83.40108,19.87643],[83.40195,19.87519],[83.40238,19.87353],[83.4001,19.86984],[83.39999,19.86772],[83.39915,19.86674],[83.39801,19.8665],[83.39661,19.86776],[83.39582,19.86804],[83.39432,19.86763],[83.39149,19.86611],[83.39088,19.86692]]]}},{"type":"Feature","properties":{"LCODE":"100140001000100241","LOCATION":"KERUDUDA","V_TYPE":"VILLAGE","BLOCK":"NUAPARA","DISTRICT":"NUAPADA"},"geometry":{"type":"Polygon","coordinates":[[[83.13348,19.87315],[83.13375,19.87438],[83.13543,19.87474],[83.13719,19.87559],[83.13913,19.87568],[83.14366,19.87507],[83.14566,19.87523],[83.14753,19.87435],[83.14835,19.87262],[83.14877,19.87239],[83.1497,19.87249],[83.14961,19.87174],[83.14859,19.8721],[83.1478,19.87199],[83.14731,19.87068],[83.14579,19.86995],[83.14553,19.86874],[83.14504,19.86811],[83.14456,19.86812],[83.14366,19.86904],[83.14269,19.86894],[83.14257,19.86854],[83.1433,19.8683],[83.14286,19.86756],[83.14321,19.86635],[83.14181,19.8647],[83.14343,19.86451],[83.14368,19.86417],[83.14355,19.86354],[83.14201,19.86177],[83.14008,19.86161],[83.13874,19.86053],[83.1377,19.86008],[83.13722,19.8602],[83.13669,19.86107],[83.13671,19.86377],[83.13636,19.86463],[83.13391,19.86786],[83.13393,19.8697],[83.13443,19.87102],[83.13425,19.87194],[83.13377,19.87225],[83.13348,19.87315]]]}},{"type":"Feature","properties":{"LCODE":"100140006000600209","LOCATION":"SALPANG","V_TYPE":"VILLAGE","BLOCK":"NUAPARA","DISTRICT":"NUAPADA"},"geometry":{"type":"Polygon","coordinates":[[[83.32128,19.86835],[83.32344,19.87118],[83.32336,19.87393],[83.32408,19.8748],[83.32505,19.87481],[83.32784,19.87327],[83.32894,19.87178],[83.3286,19.86861],[83.32788,19.86712],[83.32542,19.86435],[83.32435,19.86204],[83.3252,19.85723],[83.32499,19.85595],[83.32451,19.85555],[83.32366,19.85566],[83.32305,19.85686],[83.32224,19.86088],[83.32203,19.8653],[83.32128,19.86835]]]}},{"type":"Feature","properties":{"LCODE":"100140001000100240","LOCATION":"ATANGUDA","V_TYPE":"VILLAGE","BLOCK":"NUAPARA","DISTRICT":"NUAPADA"},"geometry":{"type":"Polygon","coordinates":[[[83.14181,19.8647],[83.14321,19.86635],[83.14286,19.86756],[83.1433,19.8683],[83.14257,19.86854],[83.14269,19.86894],[83.14366,19.86904],[83.14456,19.86812],[83.14504,19.86811],[83.14553,19.86874],[83.14579,19.86995],[83.14731,19.87068],[83.1478,19.87199],[83.14859,19.8721],[83.15034,19.87157],[83.15204,19.87184],[83.15259,19.87224],[83.15235,19.87339],[83.15351,19.8743],[83.15435,19.87349],[83.15594,19.87457],[83.15684,19.87427],[83.15768,19.87346],[83.16005,19.87424],[83.16264,19.87388],[83.16331,19.87358],[83.16384,19.87238],[83.16544,19.8713],[83.16533,19.87024],[83.16356,19.86899],[83.16312,19.86779],[83.16273,19.86383],[83.16035,19.86219],[83.1597,19.86088],[83.15787,19.8621],[83.15472,19.86161],[83.15321,19.86179],[83.1526,19.86145],[83.15181,19.86146],[83.15072,19.86055],[83.15042,19.86118],[83.14915,19.86205],[83.14917,19.86349],[83.14893,19.86383],[83.14772,19.86373],[83.14719,19.86448],[83.14658,19.86414],[83.14592,19.86466],[83.14367,19.86394],[83.14343,19.86451],[83.14181,19.8647]]]}},{"type":"Feature","properties":{"LCODE":"100170006000600210","LOCATION":"POKHARIBANDHA","V_TYPE":"VILLAGE","BLOCK":"SINAPALI","DISTRICT":"NUAPADA"},"geometry":{"type":"Polygon","coordinates":[[[83.41365,19.86957],[83.41473,19.87003],[83.41477,19.87296],[83.41505,19.87376],[83.41743,19.87453],[83.41851,19.87453],[83.41948,19.87425],[83.42113,19.87253],[83.42042,19.87],[83.42121,19.8688],[83.422,19.86863],[83.42519,19.86922],[83.42695,19.8686],[83.42859,19.86758],[83.4318,19.86752],[83.431,19.86582],[83.42831,19.86329],[83.42749,19.86182],[83.42686,19.85915],[83.42571,19.85696],[83.42482,19.85244],[83.42377,19.84924],[83.42337,19.84919],[83.42271,19.84653],[83.42062,19.8472],[83.41976,19.848],[83.4189,19.85001],[83.4151,19.85526],[83.4152,19.85841],[83.41668,19.85804],[83.41753,19.85816],[83.41957,19.8592],[83.41975,19.86018],[83.41926,19.86178],[83.41621,19.86573],[83.41444,19.86888],[83.41365,19.86957]]]}},{"type":"Feature","properties":{"LCODE":"100140006000600225","LOCATION":"BADAPAJIPATA","V_TYPE":"VILLAGE","BLOCK":"NUAPARA","DISTRICT":"NUAPADA"},"geometry":{"type":"Polygon","coordinates":[[[83.23926,19.86572],[83.24074,19.86863],[83.24087,19.86949],[83.24045,19.87043],[83.24168,19.8712],[83.24192,19.87166],[83.24175,19.87286],[83.24225,19.87377],[83.24193,19.87442],[83.24286,19.87434],[83.244,19.87382],[83.24466,19.87312],[83.24483,19.87197],[83.24434,19.87123],[83.24361,19.87112],[83.243,19.87067],[83.24293,19.86918],[83.24213,19.86787],[83.24204,19.86604],[83.2427,19.86483],[83.2442,19.86373],[83.24432,19.86292],[83.24371,19.86247],[83.24322,19.86247],[83.23952,19.86501],[83.23926,19.86572]]]}},{"type":"Feature","properties":{"LCODE":"100170006000600205","LOCATION":"KARLAKUPA","V_TYPE":"VILLAGE","BLOCK":"SINAPALI","DISTRICT":"NUAPADA"},"geometry":{"type":"Polygon","coordinates":[[[83.40184,19.86935],[83.40311,19.87129],[83.40318,19.8721],[83.40457,19.8744],[83.40885,19.8727],[83.41055,19.87237],[83.41172,19.87105],[83.41154,19.86812],[83.411,19.86737],[83.41092,19.86629],[83.41046,19.86639],[83.40944,19.86587],[83.40847,19.86638],[83.40708,19.86568],[83.40582,19.86551],[83.40485,19.86573],[83.40344,19.86739],[83.40247,19.86796],[83.40184,19.86935]]]}},{"type":"Feature","properties":{"LCODE":"100140001000100238","LOCATION":"JAMUNASAGAR","V_TYPE":"VILLAGE","BLOCK":"NUAPARA","DISTRICT":"NUAPADA"},"geometry":{"type":"Polygon","coordinates":[[[83.1628,19.8653],[83.16312,19.86779],[83.16356,19.86899],[83.16533,19.87024],[83.16584,19.8727],[83.16621,19.87327],[83.16741,19.87297],[83.16915,19.87158],[83.17042,19.87123],[83.17132,19.87042],[83.17269,19.86846],[83.17693,19.86693],[83.17762,19.86537],[83.17694,19.864],[83.17754,19.86342],[83.17765,19.86271],[83.17632,19.86286],[83.17725,19.85901],[83.17657,19.85781],[83.17669,19.85678],[83.17606,19.85553],[83.17542,19.85661],[83.17367,19.85714],[83.17313,19.85795],[83.1709,19.85924],[83.17104,19.85986],[83.17074,19.86078],[83.16746,19.86523],[83.16624,19.86484],[83.16408,19.86572],[83.1628,19.8653]]]}},{"type":"Feature","properties":{"LCODE":"100140001000100243","LOCATION":"TIKIRAPADA","V_TYPE":"VILLAGE","BLOCK":"NUAPARA","DISTRICT":"NUAPADA"},"geometry":{"type":"Polygon","coordinates":[[[83.12293,19.85716],[83.12341,19.85756],[83.12312,19.85848],[83.12342,19.85888],[83.12337,19.85963],[83.12579,19.86053],[83.12599,19.86202],[83.12569,19.86219],[83.12582,19.86265],[83.12497,19.863],[83.12523,19.86444],[83.12457,19.86464],[83.12403,19.86582],[83.12422,19.8668],[83.12545,19.86851],[83.12612,19.86913],[83.12697,19.86942],[83.1274,19.8701],[83.12753,19.87067],[83.12717,19.87182],[83.12785,19.87234],[83.13105,19.87173],[83.13214,19.87213],[83.13322,19.87183],[83.13377,19.87225],[83.13425,19.87194],[83.13443,19.87102],[83.13393,19.8697],[83.13391,19.86786],[83.13636,19.86463],[83.13671,19.86377],[83.13671,19.86101],[83.1356,19.86068],[83.13443,19.85902],[83.13322,19.85892],[83.12905,19.85952],[83.12856,19.8593],[83.12758,19.8577],[83.12666,19.85702],[83.12466,19.85658],[83.12436,19.85628],[83.12293,19.85716]]]}},{"type":"Feature","properties":{"LCODE":"100140001000100228","LOCATION":"MUSIGUDA","V_TYPE":"VILLAGE","BLOCK":"NUAPARA","DISTRICT":"NUAPADA"},"geometry":{"type":"Polygon","coordinates":[[[83.23352,19.86617],[83.23396,19.86788],[83.23459,19.86855],[83.23512,19.86839],[83.23542,19.86867],[83.23634,19.87056],[83.23775,19.87192],[83.23866,19.87209],[83.23938,19.87168],[83.24064,19.87018],[83.24087,19.86949],[83.24055,19.86794],[83.23939,19.86634],[83.23926,19.86572],[83.24026,19.8637],[83.2402,19.86296],[83.23847,19.85924],[83.23851,19.85718],[83.23724,19.85696],[83.23506,19.85721],[83.23428,19.85785],[83.23386,19.85882],[83.23413,19.86106],[83.23354,19.8629],[83.23441,19.86467],[83.23435,19.86518],[83.23352,19.86617]]]}},{"type":"Feature","properties":{"LCODE":"100140001000100232","LOCATION":"SARANGABAHALI","V_TYPE":"VILLAGE","BLOCK":"NUAPARA","DISTRICT":"NUAPADA"},"geometry":{"type":"Polygon","coordinates":[[[83.197,19.871],[83.1977,19.87157],[83.20182,19.87159],[83.20218,19.8713],[83.20222,19.87027],[83.201,19.86902],[83.19985,19.86863],[83.1981,19.86887],[83.19707,19.86867],[83.197,19.871]]]}},{"type":"Feature","properties":{"LCODE":"100140001000100234","LOCATION":"KHURASANPUR","V_TYPE":"VILLAGE","BLOCK":"NUAPARA","DISTRICT":"NUAPADA"},"geometry":{"type":"Polygon","coordinates":[[[83.18691,19.86902],[83.18734,19.86948],[83.19091,19.86951],[83.19244,19.87087],[83.19316,19.87115],[83.19698,19.87118],[83.197,19.86756],[83.19621,19.86682],[83.19287,19.86528],[83.19129,19.86572],[83.19008,19.86561],[83.1881,19.86666],[83.18713,19.86674],[83.18738,19.8677],[83.18691,19.86902]]]}},{"type":"Feature","properties":{"LCODE":"100170006000600204","LOCATION":"BEDAGHATI","V_TYPE":"VILLAGE","BLOCK":"SINAPALI","DISTRICT":"NUAPADA"},"geometry":{"type":"Polygon","coordinates":[[[83.41092,19.86629],[83.411,19.86737],[83.41154,19.86812],[83.41172,19.87105],[83.41365,19.86957],[83.41444,19.86888],[83.41621,19.86573],[83.41926,19.86178],[83.41975,19.86018],[83.41957,19.8592],[83.41704,19.85804],[83.41347,19.859],[83.41304,19.85945],[83.41261,19.86089],[83.41164,19.86186],[83.4118,19.86496],[83.41092,19.86629]]]}},{"type":"Feature","properties":{"LCODE":"100140006000600223","LOCATION":"LOHARAKANI","V_TYPE":"VILLAGE","BLOCK":"NUAPARA","DISTRICT":"NUAPADA"},"geometry":{"type":"Polygon","coordinates":[[[83.25751,19.86877],[83.2581,19.87044],[83.25871,19.87056],[83.25901,19.87004],[83.25872,19.86855],[83.258,19.86814],[83.25751,19.86877]]]}},{"type":"Feature","properties":{"LCODE":"100140001000100231","LOCATION":"RAKSI","V_TYPE":"VILLAGE","BLOCK":"NUAPARA","DISTRICT":"NUAPADA"},"geometry":{"type":"Polygon","coordinates":[[[83.19287,19.86528],[83.19675,19.86722],[83.19707,19.86867],[83.1981,19.86887],[83.19985,19.86863],[83.20147,19.86938],[83.20257,19.86797],[83.20321,19.86556],[83.2032,19.86516],[83.2029,19.86499],[83.20181,19.86488],[83.20132,19.86454],[83.20168,19.86316],[83.2004,19.86317],[83.19906,19.86221],[83.19898,19.86055],[83.19855,19.85975],[83.19448,19.85872],[83.19354,19.86077],[83.19316,19.86478],[83.19287,19.86528]]]}},{"type":"Feature","properties":{"LCODE":"100140006000600224","LOCATION":"RABANA","V_TYPE":"VILLAGE","BLOCK":"NUAPARA","DISTRICT":"NUAPADA"},"geometry":{"type":"Polygon","coordinates":[[[83.2515,19.86779],[83.25152,19.86845],[83.25199,19.86898],[83.25277,19.86884],[83.2529,19.86819],[83.25268,19.8679],[83.2515,19.86779]]]}},{"type":"Feature","properties":{"LCODE":"100140006000600218","LOCATION":"RINDABAHALI","V_TYPE":"VILLAGE","BLOCK":"NUAPARA","DISTRICT":"NUAPADA"},"geometry":{"type":"Polygon","coordinates":[[[83.29601,19.86005],[83.29631,19.86063],[83.29871,19.86248],[83.299,19.86415],[83.30117,19.86646],[83.30109,19.86796],[83.30151,19.86885],[83.30182,19.86865],[83.30429,19.86901],[83.30526,19.86867],[83.30527,19.86804],[83.30466,19.86752],[83.30479,19.86642],[83.30408,19.86469],[83.30428,19.86176],[83.30404,19.8613],[83.30006,19.85892],[83.29874,19.85748],[83.29796,19.85719],[83.29705,19.85753],[83.29668,19.85937],[83.29601,19.86005]]]}},{"type":"Feature","properties":{"LCODE":"100140006000600221","LOCATION":"SAKEDUGHATI","V_TYPE":"VILLAGE","BLOCK":"NUAPARA","DISTRICT":"NUAPADA"},"geometry":{"type":"Polygon","coordinates":[[[83.27768,19.86197],[83.27779,19.86306],[83.27863,19.86502],[83.27923,19.8656],[83.28056,19.86601],[83.28115,19.86774],[83.28169,19.86809],[83.28284,19.86809],[83.28381,19.86695],[83.28545,19.86592],[83.28638,19.86465],[83.28595,19.86408],[83.28608,19.86247],[83.2853,19.8612],[83.2856,19.86085],[83.28439,19.86103],[83.28422,19.86045],[83.28386,19.86028],[83.2832,19.86016],[83.28217,19.86056],[83.27981,19.86047],[83.27835,19.861],[83.27768,19.86197]]]}},{"type":"Feature","properties":{"LCODE":"100170006000600201","LOCATION":"ISARBARU","V_TYPE":"VILLAGE","BLOCK":"SINAPALI","DISTRICT":"NUAPADA"},"geometry":{"type":"Polygon","coordinates":[[[83.39149,19.86611],[83.39432,19.86763],[83.39582,19.86804],[83.39661,19.86776],[83.39801,19.8665],[83.39891,19.86656],[83.39876,19.86294],[83.39732,19.86121],[83.39624,19.85891],[83.39533,19.85862],[83.39545,19.86034],[83.39598,19.86218],[83.39512,19.86407],[83.39149,19.86611]]]}},{"type":"Feature","properties":{"LCODE":"100170006000600203","LOCATION":"IRKULI","V_TYPE":"VILLAGE","BLOCK":"SINAPALI","DISTRICT":"NUAPADA"},"geometry":{"type":"Polygon","coordinates":[[[83.40152,19.86589],[83.40176,19.86709],[83.40211,19.86767],[83.40266,19.86786],[83.40344,19.86739],[83.40442,19.86596],[83.40533,19.86556],[83.40708,19.86568],[83.40847,19.86638],[83.40944,19.86587],[83.41046,19.86639],[83.41095,19.86628],[83.4118,19.86496],[83.41164,19.86186],[83.41261,19.86089],[83.41322,19.85923],[83.4152,19.85841],[83.4151,19.85526],[83.41238,19.85807],[83.41196,19.85807],[83.41082,19.85732],[83.41022,19.85743],[83.40608,19.86126],[83.40321,19.86093],[83.40292,19.86377],[83.40182,19.86497],[83.40152,19.86589]]]}},{"type":"Feature","properties":{"LCODE":"100140001000100235","LOCATION":"CHANDELI","V_TYPE":"VILLAGE","BLOCK":"NUAPARA","DISTRICT":"NUAPADA"},"geometry":{"type":"Polygon","coordinates":[[[83.17693,19.86693],[83.18223,19.86642],[83.1832,19.86665],[83.18446,19.86629],[83.18755,19.86678],[83.19008,19.86561],[83.19129,19.86572],[83.19287,19.86528],[83.19316,19.86478],[83.19354,19.86077],[83.19448,19.85872],[83.19304,19.85888],[83.19097,19.8578],[83.18891,19.85776],[83.18739,19.85709],[83.18358,19.85666],[83.18095,19.86041],[83.17765,19.86271],[83.17754,19.86342],[83.17694,19.864],[83.17762,19.86537],[83.17693,19.86693]]]}},{"type":"Feature","properties":{"LCODE":"100140001000100239","LOCATION":"DURDURI","V_TYPE":"VILLAGE","BLOCK":"NUAPARA","DISTRICT":"NUAPADA"},"geometry":{"type":"Polygon","coordinates":[[[83.15954,19.85979],[83.15992,19.86162],[83.16035,19.86219],[83.16273,19.86383],[83.1628,19.8653],[83.16408,19.86572],[83.16624,19.86484],[83.16746,19.86523],[83.17074,19.86078],[83.17104,19.85986],[83.17084,19.85866],[83.17161,19.8571],[83.1716,19.85647],[83.17062,19.85488],[83.1675,19.85215],[83.16659,19.85243],[83.16607,19.85325],[83.16456,19.85378],[83.16343,19.85568],[83.1618,19.85609],[83.16126,19.85696],[83.16,19.85777],[83.15954,19.85979]]]}},{"type":"Feature","properties":{"LCODE":"100140006000600208","LOCATION":"TADIJHOLA","V_TYPE":"VILLAGE","BLOCK":"NUAPARA","DISTRICT":"NUAPADA"},"geometry":{"type":"Polygon","coordinates":[[[83.35204,19.86365],[83.35371,19.86501],[83.35661,19.86531],[83.35806,19.86469],[83.35862,19.86314],[83.35802,19.86273],[83.35629,19.86241],[83.35541,19.86358],[83.35287,19.86334],[83.35204,19.86365]]]}},{"type":"Feature","properties":{"LCODE":"100140001000100244","LOCATION":"TENTULIPADA","V_TYPE":"VILLAGE","BLOCK":"NUAPARA","DISTRICT":"NUAPADA"},"geometry":{"type":"Polygon","coordinates":[[[83.10748,19.86206],[83.10761,19.86275],[83.10791,19.86292],[83.11046,19.86353],[83.11234,19.86437],[83.11337,19.86436],[83.11596,19.86279],[83.11758,19.86243],[83.11953,19.86316],[83.12045,19.86419],[83.12064,19.86499],[83.121,19.8651],[83.12287,19.86451],[83.12426,19.86467],[83.12523,19.86444],[83.12497,19.863],[83.12582,19.86265],[83.12569,19.86219],[83.12599,19.86202],[83.12579,19.86053],[83.12337,19.85963],[83.12342,19.85888],[83.12312,19.85848],[83.12341,19.85756],[83.12316,19.85716],[83.12244,19.85717],[83.12207,19.85746],[83.12053,19.85994],[83.11836,19.86116],[83.11407,19.86114],[83.11153,19.86225],[83.1099,19.86198],[83.10748,19.86206]]]}},{"type":"Feature","properties":{"LCODE":"100140001000100253","LOCATION":"SIRLIGUDA","V_TYPE":"VILLAGE","BLOCK":"NUAPARA","DISTRICT":"NUAPADA"},"geometry":{"type":"Polygon","coordinates":[[[83.13789,19.854],[83.13791,19.85647],[83.13857,19.86044],[83.14008,19.86161],[83.14201,19.86177],[83.14312,19.86285],[83.14367,19.86394],[83.14568,19.86467],[83.14658,19.86414],[83.14719,19.86448],[83.14772,19.86373],[83.14869,19.86389],[83.14912,19.86366],[83.14915,19.86205],[83.15042,19.86118],[83.15072,19.86055],[83.15181,19.86146],[83.1526,19.86145],[83.15321,19.86179],[83.15385,19.86166],[83.15459,19.86098],[83.15421,19.85891],[83.15491,19.85701],[83.15211,19.8552],[83.15063,19.85234],[83.15043,19.8497],[83.14994,19.84925],[83.14873,19.84909],[83.14774,19.84674],[83.14767,19.84588],[83.14693,19.8456],[83.14626,19.84492],[83.14445,19.84482],[83.14247,19.84633],[83.1414,19.84794],[83.14081,19.85001],[83.13841,19.85221],[83.13789,19.854]]]}},{"type":"Feature","properties":{"LCODE":"100140006000600222","LOCATION":"SULIYA","V_TYPE":"VILLAGE","BLOCK":"NUAPARA","DISTRICT":"NUAPADA"},"geometry":{"type":"Polygon","coordinates":[[[83.26755,19.85818],[83.26872,19.86319],[83.26939,19.86383],[83.27017,19.8636],[83.27036,19.86188],[83.27086,19.86056],[83.27304,19.86005],[83.27456,19.85827],[83.27656,19.85788],[83.27813,19.85823],[83.27963,19.85922],[83.27992,19.86049],[83.28289,19.86039],[83.28316,19.86018],[83.28301,19.8597],[83.28368,19.85878],[83.28357,19.85832],[83.28206,19.85791],[83.28164,19.85716],[83.27982,19.85727],[83.27802,19.85628],[83.27602,19.8565],[83.27439,19.8562],[83.27264,19.85631],[83.2713,19.85693],[83.27033,19.85785],[83.26949,19.85739],[83.26797,19.85761],[83.26755,19.85818]]]}},{"type":"Feature","properties":{"LCODE":"100140001000100229","LOCATION":"UPARBELGAN","V_TYPE":"VILLAGE","BLOCK":"NUAPARA","DISTRICT":"NUAPADA"},"geometry":{"type":"Polygon","coordinates":[[[83.19873,19.85995],[83.19906,19.86221],[83.2004,19.86317],[83.20168,19.86316],[83.20219,19.86075],[83.20302,19.85902],[83.20386,19.85793],[83.20584,19.85688],[83.20608,19.85647],[83.20601,19.85561],[83.20522,19.85459],[83.20575,19.85407],[83.20556,19.85258],[83.20633,19.85125],[83.20777,19.85055],[83.20901,19.84676],[83.20869,19.84607],[83.20762,19.84671],[83.20544,19.84667],[83.20375,19.84743],[83.20266,19.8471],[83.20084,19.84727],[83.20143,19.85101],[83.20049,19.85331],[83.20033,19.85578],[83.19926,19.85733],[83.1995,19.85819],[83.19873,19.85995]]]}},{"type":"Feature","properties":{"LCODE":"100140001000100257","LOCATION":"SUKUNABHATA","V_TYPE":"VILLAGE","BLOCK":"NUAPARA","DISTRICT":"NUAPADA"},"geometry":{"type":"Polygon","coordinates":[[[83.17606,19.85553],[83.17669,19.85678],[83.17657,19.85781],[83.17725,19.85901],[83.17632,19.86286],[83.17741,19.86285],[83.18095,19.86041],[83.18358,19.85666],[83.18616,19.85709],[83.18804,19.85485],[83.1902,19.85293],[83.19121,19.85155],[83.19632,19.84871],[83.19498,19.84808],[83.19236,19.84563],[83.19085,19.84576],[83.18945,19.84525],[83.18801,19.84595],[83.1871,19.84602],[83.18559,19.84546],[83.18542,19.84695],[83.18465,19.8481],[83.18362,19.84851],[83.18289,19.84841],[83.18179,19.84761],[83.18143,19.84773],[83.18102,19.84865],[83.18047,19.84871],[83.18006,19.84929],[83.17946,19.84952],[83.17941,19.85107],[83.17888,19.85188],[83.17731,19.85252],[83.17671,19.85333],[83.17606,19.85553]]]}},{"type":"Feature","properties":{"LCODE":"100140001000100248","LOCATION":"KHARABAHALI","V_TYPE":"VILLAGE","BLOCK":"NUAPARA","DISTRICT":"NUAPADA"},"geometry":{"type":"Polygon","coordinates":[[[83.10729,19.86114],[83.10773,19.86206],[83.1099,19.86198],[83.11153,19.86225],[83.11407,19.86114],[83.11758,19.86123],[83.11903,19.86093],[83.12053,19.85994],[83.12207,19.85746],[83.12436,19.85628],[83.12398,19.85394],[83.12318,19.85263],[83.12238,19.85212],[83.12016,19.85323],[83.1188,19.85182],[83.11728,19.85583],[83.11662,19.85601],[83.11582,19.8551],[83.11533,19.85499],[83.11407,19.85603],[83.11319,19.85822],[83.11265,19.8588],[83.10915,19.85998],[83.10786,19.85995],[83.10752,19.86022],[83.10729,19.86114]]]}},{"type":"Feature","properties":{"LCODE":"100140001000100255","LOCATION":"MUSIAGUDA","V_TYPE":"VILLAGE","BLOCK":"NUAPARA","DISTRICT":"NUAPADA"},"geometry":{"type":"Polygon","coordinates":[[[83.15385,19.86166],[83.15787,19.8621],[83.15895,19.86157],[83.1597,19.86088],[83.15959,19.85916],[83.16,19.85777],[83.16126,19.85696],[83.1618,19.85609],[83.16343,19.85568],[83.16456,19.85378],[83.16607,19.85325],[83.16654,19.85267],[83.16659,19.85243],[83.16581,19.8521],[83.16569,19.85176],[83.16567,19.85027],[83.16517,19.84792],[83.166,19.84642],[83.16593,19.84556],[83.161,19.84267],[83.1601,19.84262],[83.16004,19.84366],[83.1608,19.84623],[83.16005,19.84795],[83.15987,19.8502],[83.15867,19.85153],[83.15881,19.85371],[83.15648,19.85631],[83.15479,19.85713],[83.15421,19.85891],[83.15465,19.86069],[83.15385,19.86166]]]}},{"type":"Feature","properties":{"LCODE":"100140006000600220","LOCATION":"KUTURUGHATI","V_TYPE":"VILLAGE","BLOCK":"NUAPARA","DISTRICT":"NUAPADA"},"geometry":{"type":"Polygon","coordinates":[[[83.27936,19.85491],[83.28054,19.85706],[83.28164,19.85716],[83.28224,19.85803],[83.28357,19.85832],[83.28368,19.85878],[83.28301,19.85993],[83.28422,19.86045],[83.28439,19.86103],[83.2856,19.86085],[83.28695,19.85926],[83.28799,19.85748],[83.28751,19.85587],[83.2877,19.85501],[83.28627,19.85386],[83.28547,19.85419],[83.28407,19.85585],[83.2834,19.85619],[83.28232,19.85504],[83.28178,19.85532],[83.28135,19.85509],[83.28155,19.85331],[83.28124,19.85308],[83.28033,19.85336],[83.28015,19.85399],[83.27936,19.85491]]]}},{"type":"Feature","properties":{"LCODE":"10014000100010rf","LOCATION":"RF","V_TYPE":"FOREST","BLOCK":"NUAPARA","DISTRICT":"NUAPADA"},"geometry":{"type":"Polygon","coordinates":[[[83.11976,19.85297],[83.12016,19.85323],[83.12202,19.85218],[83.12281,19.85234],[83.12398,19.85394],[83.12436,19.85628],[83.12715,19.8573],[83.12807,19.85879],[83.12905,19.85952],[83.13388,19.85891],[83.13443,19.85902],[83.13523,19.86033],[83.13614,19.8609],[83.13671,19.86101],[83.13722,19.8602],[83.1377,19.86008],[83.13857,19.86044],[83.13791,19.85647],[83.13789,19.854],[83.13818,19.85279],[83.13841,19.85221],[83.14081,19.85001],[83.1414,19.84794],[83.14247,19.84633],[83.14429,19.84491],[83.14347,19.84362],[83.14179,19.8432],[83.14093,19.84376],[83.13966,19.84382],[83.13535,19.84271],[83.13433,19.84266],[83.13234,19.84337],[83.1301,19.84327],[83.12505,19.84607],[83.12222,19.84833],[83.12074,19.85029],[83.11976,19.85297]]]}},{"type":"Feature","properties":{"LCODE":"100140001000100250","LOCATION":"DAKIBUNDEL","V_TYPE":"VILLAGE","BLOCK":"NUAPARA","DISTRICT":"NUAPADA"},"geometry":{"type":"Polygon","coordinates":[[[83.09876,19.85501],[83.09879,19.85538],[83.10028,19.85534],[83.1064,19.85667],[83.10786,19.85723],[83.10841,19.85797],[83.10782,19.85976],[83.10807,19.8601],[83.11265,19.8588],[83.11319,19.85822],[83.11407,19.85603],[83.11491,19.85522],[83.11564,19.85498],[83.11662,19.85601],[83.11728,19.85583],[83.11887,19.85163],[83.12101,19.84805],[83.12269,19.84614],[83.12714,19.84387],[83.12868,19.84053],[83.13018,19.83896],[83.13031,19.83761],[83.12884,19.83812],[83.12762,19.83807],[83.12629,19.83727],[83.12379,19.835],[83.12157,19.83366],[83.11944,19.83595],[83.1171,19.83752],[83.11275,19.83779],[83.11094,19.83832],[83.10925,19.83948],[83.10806,19.84092],[83.10741,19.84311],[83.10727,19.84667],[83.1065,19.84829],[83.1041,19.85003],[83.10164,19.85246],[83.09995,19.85328],[83.09936,19.8538],[83.09876,19.85501]]]}},{"type":"Feature","properties":{"LCODE":"100140001000100230","LOCATION":"TALABELGAN","V_TYPE":"VILLAGE","BLOCK":"NUAPARA","DISTRICT":"NUAPADA"},"geometry":{"type":"Polygon","coordinates":[[[83.18616,19.85709],[83.18788,19.8572],[83.18891,19.85776],[83.19097,19.8578],[83.19304,19.85888],[83.19418,19.85864],[83.19764,19.85935],[83.19873,19.85995],[83.1995,19.85819],[83.19926,19.85733],[83.20033,19.85578],[83.20049,19.85331],[83.20143,19.85101],[83.20084,19.84727],[83.19782,19.84754],[83.19632,19.84871],[83.19121,19.85155],[83.1902,19.85293],[83.18804,19.85485],[83.18616,19.85709]]]}},{"type":"Feature","properties":{"LCODE":"100140001000100256","LOCATION":"KOTENPADAR","V_TYPE":"VILLAGE","BLOCK":"NUAPARA","DISTRICT":"NUAPADA"},"geometry":{"type":"Polygon","coordinates":[[[83.16096,19.83814],[83.16194,19.8398],[83.16117,19.84147],[83.1613,19.84227],[83.16184,19.84309],[83.16593,19.84556],[83.166,19.84642],[83.16517,19.84792],[83.16581,19.8521],[83.16666,19.85244],[83.16767,19.8521],[83.16824,19.85294],[83.17062,19.85488],[83.17148,19.85613],[83.17167,19.85682],[83.17095,19.8582],[83.1709,19.85924],[83.17313,19.85795],[83.17367,19.85714],[83.17542,19.85661],[83.17601,19.85592],[83.17671,19.85333],[83.17731,19.85252],[83.17888,19.85188],[83.17941,19.85107],[83.17934,19.8497],[83.18047,19.84871],[83.18102,19.84865],[83.18142,19.84776],[83.17979,19.84711],[83.17876,19.84586],[83.17735,19.84512],[83.17711,19.84461],[83.17715,19.84295],[83.17648,19.84157],[83.17489,19.84009],[83.17474,19.83774],[83.17364,19.83609],[83.17168,19.83427],[83.17089,19.83387],[83.1692,19.83343],[83.16635,19.83322],[83.16526,19.83352],[83.16412,19.83439],[83.16316,19.83543],[83.16257,19.83692],[83.16131,19.83739],[83.16096,19.83814]]]}},{"type":"Feature","properties":{"LCODE":"100140001000100249","LOCATION":"BHOEGUDA","V_TYPE":"VILLAGE","BLOCK":"NUAPARA","DISTRICT":"NUAPADA"},"geometry":{"type":"Polygon","coordinates":[[[83.08508,19.84823],[83.0856,19.85173],[83.08725,19.85292],[83.08992,19.85394],[83.09096,19.85508],[83.09077,19.85575],[83.09146,19.85674],[83.09268,19.85787],[83.09377,19.85821],[83.09486,19.85814],[83.09351,19.85678],[83.09345,19.85632],[83.0945,19.852],[83.09454,19.84976],[83.09633,19.84734],[83.09885,19.84599],[83.09956,19.84427],[83.10159,19.84172],[83.10153,19.84132],[83.10056,19.8415],[83.09977,19.84082],[83.09863,19.84123],[83.09617,19.84315],[83.09387,19.84351],[83.09207,19.84507],[83.09116,19.84497],[83.09013,19.84411],[83.08852,19.84441],[83.08797,19.84568],[83.08526,19.84737],[83.08508,19.84823]]]}},{"type":"Feature","properties":{"LCODE":"100140006000600262","LOCATION":"KULIMUKHI ALIAS BAGHANAKH","V_TYPE":"VILLAGE","BLOCK":"NUAPARA","DISTRICT":"NUAPADA"},"geometry":{"type":"Polygon","coordinates":[[[83.23699,19.85645],[83.23851,19.85718],[83.23858,19.85781],[83.24002,19.85757],[83.24218,19.85537],[83.24783,19.85182],[83.24752,19.85091],[83.24877,19.84947],[83.24882,19.84897],[83.24815,19.8477],[83.24532,19.84348],[83.2448,19.83936],[83.24571,19.8364],[83.24471,19.83569],[83.24409,19.83575],[83.2435,19.83661],[83.24182,19.83772],[83.24196,19.83984],[83.24125,19.84122],[83.23926,19.84169],[83.23857,19.84214],[83.23948,19.84542],[83.23975,19.84908],[83.23918,19.85224],[83.23699,19.85645]]]}},{"type":"Feature","properties":{"LCODE":"100140001000100254","LOCATION":"SANKRIGUDA","V_TYPE":"VILLAGE","BLOCK":"NUAPARA","DISTRICT":"NUAPADA"},"geometry":{"type":"Polygon","coordinates":[[[83.14767,19.84588],[83.14774,19.84674],[83.14873,19.84909],[83.14994,19.84925],[83.15043,19.8497],[83.15063,19.85234],[83.15211,19.8552],[83.15491,19.85701],[83.15648,19.85631],[83.15881,19.85371],[83.15867,19.85153],[83.15987,19.8502],[83.16005,19.84795],[83.15966,19.84814],[83.15839,19.84786],[83.15723,19.84672],[83.15643,19.84506],[83.15594,19.84478],[83.15043,19.84356],[83.14903,19.84363],[83.14861,19.84392],[83.14839,19.84553],[83.14767,19.84588]]]}},{"type":"Feature","properties":{"LCODE":"100140006000600210","LOCATION":"GARES","V_TYPE":"VILLAGE","BLOCK":"NUAPARA","DISTRICT":"NUAPADA"},"geometry":{"type":"Polygon","coordinates":[[[83.32123,19.84904],[83.32218,19.85042],[83.32573,19.85314],[83.33044,19.85535],[83.33237,19.85536],[83.33346,19.85467],[83.33389,19.85404],[83.33426,19.85243],[83.33511,19.85123],[83.33863,19.85004],[83.34074,19.84868],[83.3407,19.84752],[83.34112,19.84685],[83.3404,19.84525],[83.338,19.84316],[83.33758,19.84366],[83.33461,19.84473],[83.33328,19.84479],[83.33195,19.84432],[83.33063,19.84425],[83.3279,19.84545],[83.32639,19.84544],[83.32505,19.84646],[83.32317,19.84674],[83.32159,19.84806],[83.32123,19.84904]]]}},{"type":"Feature","properties":{"LCODE":"100140006000600219","LOCATION":"TALNANGALBAHALI","V_TYPE":"VILLAGE","BLOCK":"NUAPARA","DISTRICT":"NUAPADA"},"geometry":{"type":"Polygon","coordinates":[[[83.28627,19.85386],[83.28747,19.85467],[83.28813,19.85392],[83.28964,19.85398],[83.28983,19.85352],[83.28965,19.85272],[83.28724,19.85104],[83.28699,19.8515],[83.28705,19.85282],[83.28627,19.85386]]]}},{"type":"Feature","properties":{"LCODE":"100140001000100252","LOCATION":"BUNDELGUDA","V_TYPE":"VILLAGE","BLOCK":"NUAPARA","DISTRICT":"NUAPADA"},"geometry":{"type":"Polygon","coordinates":[[[83.1188,19.85182],[83.11976,19.85297],[83.12074,19.85029],[83.12222,19.84833],[83.12505,19.84607],[83.1301,19.84327],[83.13234,19.84337],[83.13433,19.84266],[83.13535,19.84271],[83.13851,19.84366],[83.14093,19.84376],[83.14179,19.8432],[83.1414,19.84261],[83.1414,19.84157],[83.14077,19.83962],[83.13991,19.83848],[83.13551,19.8345],[83.13358,19.83383],[83.13303,19.83337],[83.13162,19.83117],[83.13149,19.83166],[83.13006,19.83323],[83.12983,19.83432],[83.13035,19.83799],[83.13018,19.83896],[83.12868,19.84053],[83.12791,19.84185],[83.12744,19.84352],[83.12678,19.84416],[83.12269,19.84614],[83.12101,19.84805],[83.1188,19.85182]]]}},{"type":"Feature","properties":{"LCODE":"100140006000600263","LOCATION":"CHARPADAR","V_TYPE":"VILLAGE","BLOCK":"NUAPARA","DISTRICT":"NUAPADA"},"geometry":{"type":"Polygon","coordinates":[[[83.24752,19.85091],[83.24783,19.85182],[83.2485,19.85222],[83.24892,19.85216],[83.25041,19.8498],[83.24889,19.84889],[83.24866,19.84976],[83.24793,19.85022],[83.24752,19.85091]]]}},{"type":"Feature","properties":{"LCODE":"100140006000600211","LOCATION":"DIALBAHALI","V_TYPE":"VILLAGE","BLOCK":"NUAPARA","DISTRICT":"NUAPADA"},"geometry":{"type":"Polygon","coordinates":[[[83.31176,19.84553],[83.312,19.84582],[83.31418,19.84503],[83.3149,19.84561],[83.31623,19.8459],[83.31737,19.84763],[83.31796,19.84919],[83.31826,19.84953],[83.3188,19.84959],[83.31941,19.84925],[83.3214,19.84897],[83.32159,19.84806],[83.32317,19.84674],[83.32505,19.84646],[83.32606,19.84558],[83.32283,19.84323],[83.3209,19.84334],[83.31801,19.84217],[83.31698,19.84211],[83.31541,19.84228],[83.31377,19.84324],[83.31182,19.84513],[83.31176,19.84553]]]}},{"type":"Feature","properties":{"LCODE":"100140001000100258","LOCATION":"MAHIJOR","V_TYPE":"VILLAGE","BLOCK":"NUAPARA","DISTRICT":"NUAPADA"},"geometry":{"type":"Polygon","coordinates":[[[83.18508,19.84351],[83.18571,19.84551],[83.1871,19.84602],[83.18801,19.84595],[83.18945,19.84525],[83.19085,19.84576],[83.19236,19.84563],[83.19498,19.84808],[83.19632,19.84871],[83.19782,19.84754],[83.19962,19.84734],[83.19938,19.84552],[83.20026,19.84379],[83.20026,19.84322],[83.19958,19.84225],[83.19939,19.84064],[83.1995,19.84001],[83.20052,19.83857],[83.20045,19.83765],[83.19946,19.83605],[83.19759,19.83607],[83.19697,19.83481],[83.1963,19.83493],[83.19451,19.83689],[83.19331,19.83759],[83.18987,19.83831],[83.18837,19.8393],[83.18644,19.84],[83.18596,19.84058],[83.18508,19.84351]]]}},{"type":"Feature","properties":{"LCODE":"100140001000100259","LOCATION":"KERANDIHAPAR","V_TYPE":"VILLAGE","BLOCK":"NUAPARA","DISTRICT":"NUAPADA"},"geometry":{"type":"Polygon","coordinates":[[[83.16894,19.82097],[83.16926,19.82195],[83.16988,19.82269],[83.17108,19.8224],[83.17205,19.82279],[83.17242,19.8233],[83.17226,19.82549],[83.17367,19.82702],[83.17368,19.82869],[83.17328,19.83064],[83.17165,19.83425],[83.17364,19.83609],[83.17474,19.83774],[83.17489,19.84009],[83.17611,19.84112],[83.17696,19.84249],[83.17735,19.84512],[83.17876,19.84586],[83.17979,19.84711],[83.18142,19.84776],[83.18179,19.84761],[83.18289,19.84841],[83.18417,19.84839],[83.18542,19.84695],[83.18559,19.84546],[83.18508,19.84351],[83.18596,19.84058],[83.18692,19.83965],[83.18837,19.8393],[83.18987,19.83831],[83.19331,19.83759],[83.19451,19.83689],[83.1963,19.83493],[83.19697,19.83481],[83.19759,19.83607],[83.19904,19.836],[83.19872,19.83422],[83.19937,19.83267],[83.19985,19.83238],[83.2004,19.83335],[83.20077,19.8334],[83.20155,19.83271],[83.20261,19.83081],[83.20363,19.82965],[83.20483,19.82907],[83.2058,19.82929],[83.20582,19.8305],[83.20422,19.83389],[83.20381,19.8355],[83.20393,19.83579],[83.20685,19.83691],[83.20812,19.83699],[83.20757,19.83673],[83.20744,19.83507],[83.20773,19.83467],[83.20895,19.83483],[83.20918,19.83374],[83.20771,19.83232],[83.20782,19.83111],[83.20854,19.83064],[83.21072,19.83023],[83.21149,19.82936],[83.21178,19.82855],[83.21148,19.82787],[83.21044,19.82719],[83.21031,19.82604],[83.20958,19.82553],[83.21017,19.82467],[83.21005,19.82421],[83.20781,19.82411],[83.20635,19.82326],[83.20543,19.8219],[83.20505,19.82023],[83.2047,19.81548],[83.19738,19.81507],[83.1955,19.81452],[83.19446,19.81366],[83.19289,19.81425],[83.19212,19.81529],[83.19151,19.81558],[83.18933,19.81514],[83.18819,19.81584],[83.18742,19.81682],[83.18554,19.81695],[83.18434,19.81799],[83.18298,19.82029],[83.18218,19.81996],[83.18134,19.82002],[83.18032,19.82112],[83.17959,19.82055],[83.17862,19.82062],[83.17783,19.82016],[83.17712,19.82091],[83.17641,19.82079],[83.17578,19.8211],[83.17579,19.82173],[83.17549,19.8219],[83.17464,19.82191],[83.17397,19.82134],[83.17366,19.82014],[83.17227,19.82044],[83.17191,19.82015],[83.17165,19.81924],[83.17135,19.81918],[83.1696,19.82],[83.16894,19.82097]]]}},{"type":"Feature","properties":{"LCODE":"100140006000600265","LOCATION":"SINDHBAHALI","V_TYPE":"VILLAGE","BLOCK":"NUAPARA","DISTRICT":"NUAPADA"},"geometry":{"type":"Polygon","coordinates":[[[83.26424,19.84539],[83.26448,19.84614],[83.26508,19.84678],[83.2652,19.8477],[83.2658,19.84822],[83.26846,19.84737],[83.26848,19.84559],[83.26806,19.8449],[83.26662,19.84391],[83.26607,19.84385],[83.26424,19.84539]]]}},{"type":"Feature","properties":{"LCODE":"10014000100010rf","LOCATION":"RF","V_TYPE":"FOREST","BLOCK":"NUAPARA","DISTRICT":"NUAPADA"},"geometry":{"type":"Polygon","coordinates":[[[83.1416,19.83204],[83.14198,19.83342],[83.14419,19.83678],[83.1459,19.83826],[83.1462,19.83895],[83.14722,19.84575],[83.14767,19.84588],[83.14839,19.84553],[83.14861,19.84392],[83.14903,19.84363],[83.15043,19.84356],[83.15594,19.84478],[83.15643,19.84506],[83.15723,19.84672],[83.15839,19.84786],[83.15966,19.84814],[83.16026,19.84785],[83.1608,19.84623],[83.16004,19.84366],[83.1601,19.84262],[83.161,19.84267],[83.16184,19.84309],[83.1613,19.84227],[83.16117,19.84147],[83.16194,19.8398],[83.16108,19.83854],[83.16113,19.83762],[83.16257,19.83692],[83.16316,19.83543],[83.16526,19.83352],[83.16726,19.83316],[83.16998,19.83359],[83.17165,19.83425],[83.17328,19.83064],[83.17368,19.82869],[83.17367,19.82702],[83.17226,19.82549],[83.17242,19.8233],[83.17205,19.82279],[83.17108,19.8224],[83.16988,19.82269],[83.16926,19.82195],[83.16907,19.82109],[83.1681,19.82076],[83.16671,19.82111],[83.16486,19.82325],[83.16445,19.82515],[83.16441,19.82727],[83.16412,19.82779],[83.16328,19.82808],[83.16254,19.8278],[83.16212,19.82711],[83.16222,19.82528],[83.16161,19.82482],[83.16088,19.82477],[83.16058,19.82432],[83.16069,19.82391],[83.16142,19.82356],[83.16341,19.82372],[83.16371,19.82337],[83.16376,19.82257],[83.16236,19.82172],[83.16193,19.82052],[83.16054,19.82041],[83.15975,19.82059],[83.15855,19.82163],[83.15747,19.82199],[83.15137,19.82261],[83.14895,19.82309],[83.14678,19.82402],[83.14572,19.82514],[83.14566,19.82667],[83.14429,19.82846],[83.14381,19.82967],[83.14214,19.83106],[83.1416,19.83204]]]}},{"type":"Feature","properties":{"LCODE":"100140001000100261","LOCATION":"BUDHIPADAR","V_TYPE":"VILLAGE","BLOCK":"NUAPARA","DISTRICT":"NUAPADA"},"geometry":{"type":"Polygon","coordinates":[[[83.19938,19.84552],[83.19962,19.84734],[83.20266,19.8471],[83.20375,19.84743],[83.20544,19.84667],[83.20798,19.84659],[83.20869,19.84607],[83.20766,19.84539],[83.20741,19.84459],[83.20831,19.84389],[83.20788,19.84275],[83.20834,19.84205],[83.20502,19.84094],[83.20338,19.84101],[83.20199,19.84039],[83.20102,19.84046],[83.19941,19.8413],[83.19958,19.84225],[83.20026,19.84322],[83.20026,19.84379],[83.19938,19.84552]]]}},{"type":"Feature","properties":{"LCODE":"100140006000600268","LOCATION":"MANGALBAHALI","V_TYPE":"VILLAGE","BLOCK":"NUAPARA","DISTRICT":"NUAPADA"},"geometry":{"type":"Polygon","coordinates":[[[83.28704,19.84414],[83.28722,19.84563],[83.28866,19.8465],[83.28914,19.84731],[83.29047,19.84645],[83.29066,19.84548],[83.29025,19.84444],[83.28855,19.84414],[83.28759,19.84345],[83.28705,19.84362],[83.28704,19.84414]]]}},{"type":"Feature","properties":{"LCODE":"100140001000100286","LOCATION":"KITPADAR","V_TYPE":"VILLAGE","BLOCK":"NUAPARA","DISTRICT":"NUAPADA"},"geometry":{"type":"Polygon","coordinates":[[[83.13153,19.82914],[83.13162,19.83117],[83.13223,19.83189],[83.13242,19.83275],[83.13358,19.83383],[83.13551,19.8345],[83.1404,19.839],[83.1412,19.84083],[83.14159,19.84306],[83.14347,19.84362],[83.14429,19.84491],[83.14584,19.84475],[83.14722,19.84575],[83.1462,19.83895],[83.1459,19.83826],[83.14419,19.83678],[83.14198,19.83342],[83.1416,19.83204],[83.14214,19.83106],[83.14346,19.83019],[83.14429,19.82846],[83.14566,19.82667],[83.14572,19.82514],[83.1448,19.82496],[83.14491,19.8241],[83.14406,19.82405],[83.1431,19.8248],[83.14214,19.82504],[83.14128,19.8243],[83.13965,19.82425],[83.13947,19.82304],[83.13879,19.82328],[83.13476,19.82515],[83.1326,19.82678],[83.13194,19.82753],[83.13153,19.82914]]]}},{"type":"Feature","properties":{"LCODE":"100140006000600267","LOCATION":"HATIGAN","V_TYPE":"VILLAGE","BLOCK":"NUAPARA","DISTRICT":"NUAPADA"},"geometry":{"type":"Polygon","coordinates":[[[83.27943,19.84295],[83.28111,19.84485],[83.28178,19.84514],[83.28208,19.84497],[83.28252,19.84273],[83.2824,19.84192],[83.28175,19.84106],[83.2806,19.84065],[83.27999,19.84093],[83.27998,19.84197],[83.27943,19.84295]]]}},{"type":"Feature","properties":{"LCODE":"100140006000600266","LOCATION":"AMAPADAR","V_TYPE":"VILLAGE","BLOCK":"NUAPARA","DISTRICT":"NUAPADA"},"geometry":{"type":"Polygon","coordinates":[[[83.26397,19.84102],[83.26403,19.84154],[83.26599,19.8439],[83.26662,19.84391],[83.26775,19.84472],[83.2694,19.84341],[83.27139,19.84296],[83.27152,19.84221],[83.27122,19.84089],[83.27226,19.83951],[83.27245,19.83825],[83.27185,19.83767],[83.27029,19.83714],[83.26829,19.83771],[83.26672,19.83741],[83.26556,19.83959],[83.26397,19.84102]]]}},{"type":"Feature","properties":{"LCODE":"100140006000600216","LOCATION":"GAMBHARIGUDA","V_TYPE":"VILLAGE","BLOCK":"NUAPARA","DISTRICT":"NUAPADA"},"geometry":{"type":"Polygon","coordinates":[[[83.30518,19.83325],[83.30831,19.83655],[83.30829,19.83925],[83.30962,19.84],[83.31027,19.8411],[83.31118,19.84156],[83.3128,19.84411],[83.31464,19.84271],[83.31432,19.84141],[83.31493,19.84049],[83.31488,19.8398],[83.31288,19.83973],[83.3121,19.83927],[83.3121,19.83835],[83.31297,19.8353],[83.31261,19.8345],[83.31051,19.8334],[83.30949,19.83247],[83.30846,19.83212],[83.30579,19.83308],[83.30519,19.83303],[83.30518,19.83325]]]}},{"type":"Feature","properties":{"LCODE":"100140006000600212","LOCATION":"KANKUTRU","V_TYPE":"VILLAGE","BLOCK":"NUAPARA","DISTRICT":"NUAPADA"},"geometry":{"type":"Polygon","coordinates":[[[83.31176,19.83393],[83.31261,19.8345],[83.31297,19.8353],[83.3121,19.83835],[83.3121,19.83927],[83.31288,19.83973],[83.31488,19.8398],[83.31493,19.84049],[83.31432,19.84141],[83.31464,19.84271],[83.31601,19.84216],[83.31801,19.84217],[83.3209,19.84334],[83.32274,19.84324],[83.32224,19.84197],[83.32279,19.84042],[83.32262,19.83973],[83.32146,19.83943],[83.32233,19.83771],[83.32178,19.83714],[83.32064,19.83701],[83.32027,19.83661],[83.32083,19.83523],[83.32043,19.83092],[83.32001,19.82977],[83.32076,19.82805],[83.32059,19.82621],[83.31908,19.82591],[83.31718,19.8282],[83.31658,19.82791],[83.31605,19.8263],[83.31521,19.82618],[83.31448,19.82669],[83.31393,19.82749],[83.3138,19.82881],[83.31409,19.82945],[83.31536,19.83043],[83.31535,19.83129],[83.31487,19.83169],[83.31311,19.83186],[83.31293,19.8326],[83.3119,19.83311],[83.31176,19.83393]]]}},{"type":"Feature","properties":{"LCODE":"100140006000600217","LOCATION":"RANARANA","V_TYPE":"VILLAGE","BLOCK":"NUAPARA","DISTRICT":"NUAPADA"},"geometry":{"type":"Polygon","coordinates":[[[83.30634,19.84125],[83.30676,19.84315],[83.30772,19.84333],[83.30978,19.84282],[83.30984,19.84225],[83.30949,19.84178],[83.30804,19.84131],[83.30732,19.84062],[83.30647,19.84062],[83.30634,19.84125]]]}},{"type":"Feature","properties":{"LCODE":"10014000100010rf","LOCATION":"RF","V_TYPE":"FOREST","BLOCK":"NUAPARA","DISTRICT":"NUAPADA"},"geometry":{"type":"Polygon","coordinates":[[[83.06686,19.78842],[83.06783,19.79116],[83.06815,19.79311],[83.07113,19.79418],[83.07241,19.79578],[83.07272,19.79664],[83.0726,19.79792],[83.07286,19.79819],[83.07395,19.79829],[83.0755,19.79639],[83.07798,19.79568],[83.0835,19.79185],[83.08572,19.78942],[83.08675,19.7897],[83.08778,19.79078],[83.08846,19.79095],[83.0893,19.791],[83.09069,19.79059],[83.09152,19.78955],[83.09216,19.78581],[83.09409,19.7858],[83.09589,19.78435],[83.09647,19.78256],[83.09681,19.77957],[83.09735,19.77934],[83.09808,19.77991],[83.09932,19.78306],[83.09999,19.78351],[83.10107,19.7831],[83.10162,19.78258],[83.10298,19.78033],[83.10358,19.77981],[83.10533,19.77945],[83.10648,19.77979],[83.10728,19.7807],[83.10889,19.78379],[83.11157,19.78635],[83.11195,19.78738],[83.11205,19.79163],[83.11261,19.79369],[83.11385,19.79655],[83.11685,19.79994],[83.11758,19.80024],[83.11868,19.80237],[83.12119,19.80419],[83.1227,19.80481],[83.12506,19.80462],[83.1265,19.80352],[83.12667,19.80294],[83.12661,19.80248],[83.12527,19.8014],[83.1244,19.79917],[83.12183,19.79632],[83.12176,19.79494],[83.12241,19.79414],[83.12326,19.79407],[83.1246,19.79498],[83.12666,19.79577],[83.12698,19.79749],[83.1282,19.79817],[83.12899,19.79828],[83.13043,19.79792],[83.13241,19.79601],[83.13319,19.79589],[83.13374,19.79617],[83.13401,19.79835],[83.13175,19.80296],[83.13182,19.80365],[83.13219,19.80388],[83.13267,19.80382],[83.13411,19.80248],[83.13691,19.7985],[83.1383,19.79786],[83.13992,19.79756],[83.14058,19.79652],[83.14056,19.79488],[83.14141,19.79514],[83.14215,19.796],[83.14234,19.7968],[83.14204,19.79749],[83.14217,19.79789],[83.14346,19.79949],[83.14363,19.80039],[83.14496,19.79919],[83.14591,19.79757],[83.14783,19.79601],[83.14883,19.79233],[83.14936,19.79169],[83.15045,19.79151],[83.15176,19.7924],[83.15287,19.79138],[83.15321,19.78966],[83.15424,19.78879],[83.15584,19.78631],[83.15595,19.7851],[83.1552,19.78281],[83.15623,19.7828],[83.15775,19.78331],[83.15811,19.78313],[83.15839,19.78241],[83.15428,19.78138],[83.15379,19.78041],[83.15408,19.77886],[83.15467,19.77799],[83.15563,19.7777],[83.15562,19.77701],[83.15441,19.77616],[83.15295,19.77577],[83.15258,19.77503],[83.15015,19.77424],[83.14985,19.77396],[83.15009,19.77304],[83.15116,19.77205],[83.15207,19.77228],[83.15273,19.77204],[83.15309,19.77106],[83.15324,19.76825],[83.15342,19.76785],[83.1539,19.76773],[83.15462,19.76772],[83.15524,19.76869],[83.1543,19.771],[83.15437,19.77151],[83.15515,19.77202],[83.15678,19.7719],[83.15714,19.77155],[83.1578,19.77068],[83.15833,19.76907],[83.15819,19.7673],[83.15938,19.76511],[83.16148,19.76348],[83.16279,19.76147],[83.16435,19.76014],[83.16626,19.75731],[83.16805,19.7558],[83.16853,19.75437],[83.16901,19.75442],[83.17133,19.75647],[83.17184,19.7602],[83.17401,19.76511],[83.17474,19.76551],[83.17608,19.76556],[83.17657,19.76619],[83.17617,19.76906],[83.17587,19.76946],[83.17527,19.76958],[83.17387,19.76884],[83.17278,19.76903],[83.17141,19.77041],[83.171,19.77168],[83.17113,19.77294],[83.17163,19.77391],[83.17241,19.77413],[83.17314,19.77493],[83.17317,19.77763],[83.17438,19.7821],[83.17595,19.78329],[83.17537,19.78587],[83.17551,19.78696],[83.17581,19.78742],[83.1766,19.78724],[83.17718,19.78511],[83.17741,19.78477],[83.17832,19.78447],[83.17851,19.78551],[83.17818,19.78906],[83.1788,19.78998],[83.17959,19.7902],[83.18127,19.78887],[83.1833,19.78657],[83.18389,19.78552],[83.18537,19.7823],[83.18588,19.77897],[83.18689,19.77684],[83.18681,19.77414],[83.18716,19.77328],[83.18837,19.77344],[83.19008,19.77475],[83.19177,19.77485],[83.19294,19.77639],[83.19446,19.77713],[83.19465,19.77793],[83.19382,19.77954],[83.19405,19.78036],[83.1963,19.78027],[83.19634,19.77809],[83.19688,19.77728],[83.1973,19.77728],[83.19907,19.77864],[83.20252,19.77965],[83.20325,19.78044],[83.20314,19.78096],[83.20213,19.78189],[83.20142,19.78344],[83.20161,19.78556],[83.20036,19.7906],[83.20355,19.79197],[83.20569,19.79362],[83.20806,19.79469],[83.20867,19.79531],[83.20855,19.79572],[83.20729,19.7963],[83.20681,19.79688],[83.20634,19.79883],[83.20424,19.79976],[83.20329,19.80155],[83.20281,19.80207],[83.20227,19.80213],[83.20197,19.80328],[83.2019,19.80764],[83.20094,19.80816],[83.19948,19.80766],[83.19773,19.80784],[83.19703,19.80951],[83.19698,19.81175],[83.19669,19.8125],[83.19621,19.81325],[83.19446,19.81366],[83.19586,19.81469],[83.20131,19.81545],[83.20434,19.81542],[83.20483,19.81577],[83.20597,19.81587],[83.20724,19.8154],[83.20875,19.81533],[83.21068,19.81457],[83.21117,19.81468],[83.21202,19.81548],[83.21394,19.81477],[83.21454,19.81356],[83.21669,19.81288],[83.21622,19.81229],[83.21675,19.81085],[83.21648,19.80822],[83.21804,19.80683],[83.21834,19.80619],[83.21872,19.80218],[83.21809,19.79972],[83.21848,19.79604],[83.21938,19.79506],[83.22028,19.79523],[83.22059,19.79557],[83.22139,19.79705],[83.22158,19.79814],[83.22141,19.79969],[83.22173,19.80038],[83.22409,19.7999],[83.22449,19.79955],[83.22482,19.7984],[83.22307,19.79618],[83.22127,19.7912],[83.22116,19.78627],[83.22145,19.78507],[83.22204,19.78397],[83.2263,19.78027],[83.22923,19.77698],[83.23089,19.7737],[83.23224,19.76962],[83.23318,19.76761],[83.23432,19.76605],[83.23564,19.76501],[83.23708,19.76443],[83.23926,19.76418],[83.24155,19.76416],[83.24356,19.76501],[83.25016,19.77144],[83.25216,19.77153],[83.25709,19.77472],[83.26016,19.77692],[83.26598,19.78254],[83.2667,19.78352],[83.267,19.78461],[83.26823,19.79147],[83.26797,19.79336],[83.26674,19.79658],[83.26698,19.79738],[83.26836,19.79791],[83.27108,19.79821],[83.27162,19.7985],[83.27245,19.80052],[83.27324,19.80116],[83.27409,19.80128],[83.27663,19.80078],[83.28148,19.79758],[83.28323,19.7969],[83.28474,19.79691],[83.28565,19.79732],[83.28512,19.80473],[83.28595,19.80807],[83.28575,19.80834],[83.28624,19.8094],[83.29019,19.81465],[83.28994,19.81615],[83.2883,19.81786],[83.28859,19.81982],[83.2878,19.82062],[83.2878,19.82108],[83.28839,19.82275],[83.28815,19.82344],[83.2876,19.82361],[83.28645,19.82303],[83.2854,19.81842],[83.28174,19.82266],[83.27731,19.82499],[83.27568,19.82642],[83.27646,19.82619],[83.27797,19.82649],[83.27893,19.82736],[83.27946,19.82851],[83.28007,19.82874],[83.28067,19.82949],[83.2806,19.83041],[83.27749,19.83172],[83.28483,19.84085],[83.28681,19.84264],[83.2876,19.84287],[83.2902,19.84237],[83.29504,19.84033],[83.29959,19.83817],[83.30415,19.8352],[83.305,19.83394],[83.30519,19.83285],[83.30393,19.83043],[83.30449,19.82905],[83.30316,19.82795],[83.30275,19.82697],[83.30452,19.82439],[83.30544,19.82118],[83.30661,19.81889],[83.30662,19.81716],[83.30585,19.81532],[83.30609,19.81394],[83.30809,19.81395],[83.31044,19.81557],[83.31146,19.81558],[83.31316,19.81524],[83.3157,19.81422],[83.31734,19.81302],[83.31759,19.81216],[83.31717,19.81147],[83.31519,19.81077],[83.3147,19.81008],[83.31587,19.80715],[83.31577,19.80502],[83.31528,19.80422],[83.31432,19.80352],[83.30738,19.80141],[83.30497,19.80036],[83.30359,19.79903],[83.30283,19.79621],[83.30145,19.79356],[83.29526,19.78909],[83.28682,19.78548],[83.28706,19.78502],[83.28942,19.78492],[83.2913,19.78378],[83.29251,19.78367],[83.29408,19.78397],[83.2951,19.78352],[83.29523,19.78283],[83.29633,19.78145],[83.29597,19.7803],[83.29686,19.77966],[83.29713,19.77801],[83.29684,19.77697],[83.29648,19.77662],[83.29485,19.77587],[83.29487,19.77391],[83.29457,19.77345],[83.29312,19.77315],[83.29191,19.77372],[83.2916,19.77452],[83.29208,19.77573],[83.29165,19.77619],[83.29055,19.77656],[83.29014,19.77618],[83.28954,19.77624],[83.28874,19.77681],[83.28699,19.77628],[83.28535,19.77777],[83.28414,19.77833],[83.28342,19.77793],[83.28324,19.77752],[83.28301,19.77505],[83.28097,19.77337],[83.28018,19.77371],[83.27988,19.77468],[83.27945,19.77503],[83.27631,19.77535],[83.2754,19.77489],[83.27523,19.77368],[83.27586,19.77017],[83.27525,19.76925],[83.27509,19.76827],[83.27587,19.76753],[83.27708,19.76696],[83.27727,19.76656],[83.27698,19.76495],[83.27716,19.76426],[83.27669,19.76299],[83.27706,19.76155],[83.27773,19.76035],[83.27846,19.75995],[83.28027,19.75979],[83.28227,19.75848],[83.28246,19.75791],[83.28222,19.75745],[83.27553,19.75528],[83.27288,19.75377],[83.2701,19.75323],[83.26647,19.75373],[83.2637,19.75279],[83.26213,19.75186],[83.26063,19.7515],[83.25972,19.75023],[83.25854,19.74936],[83.25826,19.74798],[83.2573,19.74716],[83.25678,19.74554],[83.25358,19.74521],[83.25172,19.74421],[83.24995,19.74266],[83.24602,19.73619],[83.24554,19.73532],[83.24538,19.73422],[83.2457,19.73348],[83.24889,19.73292],[83.25113,19.73005],[83.25241,19.72932],[83.2534,19.72818],[83.25325,19.7273],[83.2516,19.72529],[83.24758,19.72238],[83.24649,19.7219],[83.24528,19.72193],[83.24293,19.7235],[83.24186,19.7251],[83.24082,19.72802],[83.23949,19.73035],[83.23858,19.73045],[83.23835,19.72993],[83.23856,19.72866],[83.23736,19.72766],[83.23714,19.72656],[83.23772,19.72461],[83.23783,19.72242],[83.23586,19.7203],[83.23576,19.71949],[83.23615,19.71852],[83.23592,19.71765],[83.23263,19.7117],[83.23174,19.71059],[83.22919,19.70996],[83.22565,19.70758],[83.22384,19.7038],[83.22234,19.70256],[83.2196,19.7021],[83.21855,19.70018],[83.21764,19.6997],[83.21309,19.69909],[83.21188,19.6986],[83.21148,19.69733],[83.21181,19.69624],[83.21243,19.69573],[83.20994,19.69251],[83.20757,19.69235],[83.20676,19.69256],[83.20504,19.69374],[83.20375,19.69394],[83.20068,19.69221],[83.19759,19.69174],[83.18998,19.6913],[83.18614,19.69134],[83.17582,19.69275],[83.17419,19.69214],[83.17119,19.68966],[83.16197,19.68786],[83.15956,19.68807],[83.15908,19.6889],[83.15892,19.69086],[83.1586,19.69154],[83.1573,19.69284],[83.15744,19.69469],[83.15975,19.69785],[83.1599,19.69941],[83.15952,19.70015],[83.15903,19.70037],[83.15805,19.70041],[83.15642,19.69997],[83.15446,19.70045],[83.15305,19.70042],[83.15251,19.70024],[83.15121,19.69901],[83.14967,19.69932],[83.14712,19.69886],[83.14632,19.69925],[83.14569,19.7001],[83.14555,19.70091],[83.14603,19.70178],[83.14571,19.70235],[83.1451,19.7024],[83.1442,19.70186],[83.14248,19.70234],[83.14151,19.70186],[83.14035,19.70213],[83.13896,19.7017],[83.13789,19.70294],[83.13667,19.7035],[83.13611,19.70406],[83.13589,19.70296],[83.13494,19.7022],[83.13425,19.70258],[83.13358,19.70251],[83.13092,19.70148],[83.13007,19.70152],[83.12963,19.70197],[83.12905,19.70363],[83.12834,19.70817],[83.12872,19.71077],[83.13033,19.71236],[83.13274,19.71333],[83.13615,19.71392],[83.13723,19.71434],[83.13783,19.7151],[83.13779,19.71672],[83.13607,19.72325],[83.13336,19.72752],[83.13026,19.72988],[83.12939,19.73096],[83.12879,19.73336],[83.12804,19.73462],[83.12552,19.73831],[83.12434,19.7395],[83.12354,19.73983],[83.12146,19.74007],[83.12006,19.73993],[83.11663,19.73819],[83.11531,19.73701],[83.11116,19.73157],[83.10996,19.73062],[83.10912,19.73032],[83.10777,19.73058],[83.10399,19.73367],[83.10223,19.73629],[83.10208,19.73738],[83.10258,19.73981],[83.10388,19.74174],[83.10644,19.7445],[83.10803,19.74689],[83.10863,19.75048],[83.10959,19.75071],[83.10861,19.756],[83.10751,19.76009],[83.10667,19.76136],[83.10296,19.76586],[83.09811,19.77095],[83.09592,19.7747],[83.09476,19.77488],[83.09045,19.77262],[83.0893,19.77245],[83.08791,19.77304],[83.08066,19.77946],[83.07674,19.78122],[83.06686,19.78842]],[[83.21414,19.78598],[83.21436,19.78352],[83.21629,19.78333],[83.21738,19.78372],[83.21704,19.78585],[83.21783,19.78647],[83.21796,19.78693],[83.21767,19.78768],[83.21682,19.78803],[83.215,19.7873],[83.21439,19.78696],[83.21414,19.78598]],[[83.08368,19.77869],[83.08408,19.77743],[83.08529,19.77685],[83.08578,19.77684],[83.08688,19.77781],[83.08784,19.77803],[83.08852,19.77912],[83.08871,19.78101],[83.08976,19.78204],[83.08965,19.78307],[83.08881,19.7844],[83.08773,19.78504],[83.08688,19.7851],[83.08608,19.78362],[83.08504,19.78276],[83.08491,19.78052],[83.08368,19.77869]],[[83.21561,19.76991],[83.21615,19.76945],[83.21796,19.76915],[83.21904,19.76817],[83.2214,19.76832],[83.22171,19.76884],[83.221,19.77097],[83.2201,19.77155],[83.21642,19.77151],[83.21561,19.77077],[83.21561,19.76991]],[[83.2122,19.76736],[83.21266,19.76575],[83.21333,19.76494],[83.21453,19.7647],[83.21568,19.76533],[83.2151,19.76659],[83.21546,19.76739],[83.21547,19.76837],[83.2138,19.77033],[83.21332,19.77022],[83.21306,19.76913],[83.21233,19.76822],[83.2122,19.76736]],[[83.21986,19.75939],[83.22031,19.7564],[83.22103,19.75583],[83.22157,19.75588],[83.22256,19.7569],[83.22256,19.75765],[83.22071,19.76013],[83.22023,19.76019],[83.21986,19.75939]],[[83.11914,19.75713],[83.11945,19.75673],[83.12083,19.75678],[83.12306,19.75601],[83.12482,19.75629],[83.1273,19.75558],[83.1276,19.75633],[83.12693,19.76155],[83.12773,19.76333],[83.12744,19.76476],[83.12666,19.76529],[83.12444,19.76599],[83.12336,19.76715],[83.12224,19.77026],[83.12019,19.77073],[83.11976,19.77056],[83.11957,19.76941],[83.11945,19.76419],[83.11971,19.75983],[83.11914,19.75713]],[[83.22729,19.75934],[83.22771,19.75801],[83.2289,19.75646],[83.23014,19.75358],[83.2319,19.75345],[83.2328,19.75396],[83.23306,19.75465],[83.23203,19.75563],[83.23087,19.7592],[83.23015,19.76029],[83.22835,19.76156],[83.22775,19.76157],[83.22737,19.76094],[83.22729,19.75934]],[[83.25183,19.75622],[83.25202,19.7545],[83.25258,19.75283],[83.25337,19.75215],[83.25427,19.75244],[83.25553,19.75446],[83.25459,19.75889],[83.25405,19.75894],[83.25298,19.75755],[83.25213,19.7572],[83.25183,19.75622]],[[83.18368,19.75214],[83.18402,19.75001],[83.18425,19.75022],[83.18482,19.7492],[83.19219,19.74047],[83.1933,19.73991],[83.19459,19.73971],[83.19688,19.73768],[83.19779,19.73776],[83.19905,19.73865],[83.2018,19.73841],[83.20253,19.7386],[83.20312,19.73919],[83.20317,19.73971],[83.20122,19.74284],[83.20096,19.74393],[83.20091,19.74595],[83.2015,19.74995],[83.20078,19.75098],[83.1994,19.7522],[83.19863,19.75375],[83.19859,19.75518],[83.19955,19.76045],[83.19939,19.76206],[83.19826,19.76425],[83.19688,19.76564],[83.19507,19.76588],[83.1941,19.7656],[83.19263,19.76435],[83.18962,19.75932],[83.18449,19.75506],[83.18382,19.75357],[83.18368,19.75214]],[[83.10279,19.73837],[83.10287,19.73786],[83.10405,19.73638],[83.10521,19.73635],[83.10575,19.7367],[83.10592,19.73734],[83.10664,19.73805],[83.1068,19.73932],[83.10624,19.73965],[83.104,19.73926],[83.10326,19.73907],[83.10279,19.73837]],[[83.14788,19.7413],[83.1479,19.74015],[83.14822,19.73958],[83.15319,19.7349],[83.15426,19.73336],[83.15492,19.73084],[83.15395,19.72799],[83.15416,19.72638],[83.15648,19.72637],[83.15744,19.72674],[83.15813,19.72917],[83.15883,19.73057],[83.15876,19.73097],[83.15762,19.73268],[83.15695,19.73572],[83.15504,19.73943],[83.15338,19.74038],[83.15118,19.74045],[83.1505,19.74135],[83.15015,19.74331],[83.14922,19.74409],[83.14867,19.74397],[83.14788,19.7413]],[[83.18343,19.72196],[83.18345,19.72121],[83.18376,19.72075],[83.18536,19.72021],[83.18652,19.72018],[83.18772,19.72101],[83.18831,19.72206],[83.18835,19.72269],[83.18787,19.72291],[83.18678,19.72231],[83.18605,19.72224],[83.18389,19.72272],[83.18343,19.72196]],[[83.15285,19.72474],[83.153,19.72377],[83.15433,19.72143],[83.1543,19.71959],[83.15591,19.71869],[83.15661,19.71721],[83.15759,19.71683],[83.15913,19.71565],[83.1609,19.71309],[83.16181,19.71293],[83.16235,19.71352],[83.16245,19.71439],[83.16143,19.71656],[83.16125,19.71938],[83.15956,19.72442],[83.159,19.72487],[83.15839,19.72486],[83.15701,19.72425],[83.15579,19.72417],[83.15382,19.72494],[83.15285,19.72474]],[[83.19743,19.70806],[83.19745,19.70725],[83.19794,19.70668],[83.19905,19.70642],[83.20044,19.70696],[83.20115,19.70784],[83.20095,19.70888],[83.19827,19.71159],[83.19797,19.71141],[83.19788,19.70962],[83.19743,19.70806]]]}},{"type":"Feature","properties":{"LCODE":"100140001000100260","LOCATION":"KUTURUGUDA","V_TYPE":"VILLAGE","BLOCK":"NUAPARA","DISTRICT":"NUAPADA"},"geometry":{"type":"Polygon","coordinates":[[[83.19872,19.83422],[83.19904,19.836],[83.19946,19.83605],[83.20051,19.83805],[83.20052,19.83857],[83.1995,19.84001],[83.19941,19.8413],[83.20156,19.84034],[83.20338,19.84101],[83.2055,19.84105],[83.20834,19.84205],[83.21015,19.84061],[83.21038,19.83877],[83.20982,19.8378],[83.20849,19.83707],[83.20685,19.83691],[83.20418,19.8359],[83.20381,19.8355],[83.20422,19.83389],[83.20582,19.8305],[83.20562,19.82912],[83.20483,19.82907],[83.20363,19.82965],[83.20261,19.83081],[83.20155,19.83271],[83.20077,19.8334],[83.2004,19.83335],[83.19985,19.83238],[83.19961,19.83244],[83.19872,19.83422]]]}},{"type":"Feature","properties":{"LCODE":"100140001000100251","LOCATION":"PAYERMAL","V_TYPE":"VILLAGE","BLOCK":"NUAPARA","DISTRICT":"NUAPADA"},"geometry":{"type":"Polygon","coordinates":[[[83.12157,19.83366],[83.12379,19.835],[83.12629,19.83727],[83.12762,19.83807],[83.12884,19.83812],[83.13031,19.83761],[83.12983,19.83432],[83.13006,19.83323],[83.13149,19.83166],[83.13158,19.82833],[83.13206,19.82738],[83.13199,19.82609],[83.13114,19.82644],[83.13084,19.82599],[83.13138,19.82558],[83.1313,19.82449],[83.13166,19.82374],[83.13086,19.82272],[83.12971,19.82278],[83.12941,19.82244],[83.12943,19.82173],[83.12729,19.82188],[83.1265,19.82229],[83.12547,19.82239],[83.12476,19.82345],[83.12412,19.82581],[83.12344,19.83012],[83.12249,19.83254],[83.12157,19.83366]]]}},{"type":"Feature","properties":{"LCODE":"100140006000600264","LOCATION":"PARABALI","V_TYPE":"VILLAGE","BLOCK":"NUAPARA","DISTRICT":"NUAPADA"},"geometry":{"type":"Polygon","coordinates":[[[83.24014,19.83372],[83.24065,19.8352],[83.2418,19.83548],[83.24265,19.83622],[83.24368,19.83621],[83.2444,19.83563],[83.24571,19.8364],[83.24603,19.83596],[83.24615,19.83499],[83.2456,19.83448],[83.24378,19.83449],[83.24262,19.8337],[83.24154,19.83422],[83.24039,19.83349],[83.24014,19.83372]]]}},{"type":"Feature","properties":{"LCODE":"100140001000100290","LOCATION":"KOTENPADAR","V_TYPE":"VILLAGE","BLOCK":"NUAPARA","DISTRICT":"NUAPADA"},"geometry":{"type":"Polygon","coordinates":[[[83.0695,19.82596],[83.06976,19.8267],[83.07537,19.82608],[83.07532,19.82666],[83.07381,19.82782],[83.07317,19.82949],[83.07446,19.83229],[83.0755,19.83309],[83.0758,19.83396],[83.07676,19.83199],[83.07947,19.83007],[83.07986,19.82714],[83.08164,19.82368],[83.08111,19.82279],[83.07836,19.8229],[83.07752,19.8236],[83.07686,19.82377],[83.07443,19.82293],[83.0728,19.82289],[83.07088,19.82422],[83.0695,19.82596]]]}},{"type":"Feature","properties":{"LCODE":"10014000600060rf","LOCATION":"RF","V_TYPE":"FOREST","BLOCK":"NUAPARA","DISTRICT":"NUAPADA"},"geometry":{"type":"Polygon","coordinates":[[[83.308,19.82809],[83.30836,19.82913],[83.30804,19.83033],[83.30823,19.83062],[83.30931,19.83132],[83.30978,19.83276],[83.31176,19.83393],[83.3119,19.83311],[83.31293,19.8326],[83.31311,19.83186],[83.31487,19.83169],[83.31535,19.83129],[83.31536,19.83043],[83.31409,19.82945],[83.3138,19.82881],[83.31393,19.82749],[83.31448,19.82669],[83.31521,19.82618],[83.31605,19.8263],[83.31658,19.82791],[83.31718,19.8282],[83.31926,19.82591],[83.3189,19.82453],[83.31903,19.82344],[83.32014,19.82034],[83.31966,19.81856],[83.3195,19.81597],[83.31854,19.81453],[83.31713,19.81322],[83.31475,19.8146],[83.31473,19.81582],[83.31338,19.81864],[83.31337,19.82013],[83.31106,19.82259],[83.30947,19.82528],[83.30874,19.8258],[83.308,19.82809]]]}},{"type":"Feature","properties":{"LCODE":"100140006000600215","LOCATION":"KANDHABORI","V_TYPE":"VILLAGE","BLOCK":"NUAPARA","DISTRICT":"NUAPADA"},"geometry":{"type":"Polygon","coordinates":[[[83.30275,19.82697],[83.30316,19.82795],[83.30449,19.82905],[83.30393,19.83043],[83.30519,19.83303],[83.30579,19.83308],[83.30846,19.83212],[83.30966,19.83264],[83.30931,19.83132],[83.30804,19.83033],[83.30836,19.82913],[83.308,19.82809],[83.30874,19.8258],[83.30808,19.82447],[83.30859,19.82091],[83.30842,19.81953],[83.30878,19.81849],[83.30828,19.81757],[83.30752,19.81814],[83.30667,19.81833],[83.30544,19.82118],[83.30452,19.82439],[83.30275,19.82697]]]}},{"type":"Feature","properties":{"LCODE":"100140001000100269","LOCATION":"KAKSI","V_TYPE":"VILLAGE","BLOCK":"NUAPARA","DISTRICT":"NUAPADA"},"geometry":{"type":"Polygon","coordinates":[[[83.2747,19.82808],[83.27749,19.83172],[83.2806,19.83041],[83.28067,19.82949],[83.28007,19.82874],[83.27946,19.82851],[83.27893,19.82736],[83.27797,19.82649],[83.27646,19.82619],[83.27568,19.82642],[83.27506,19.82705],[83.2747,19.82808]]]}},{"type":"Feature","properties":{"LCODE":"100140001000100284","LOCATION":"BENGAON","V_TYPE":"VILLAGE","BLOCK":"NUAPARA","DISTRICT":"NUAPADA"},"geometry":{"type":"Polygon","coordinates":[[[83.14852,19.82257],[83.14864,19.82318],[83.15324,19.82231],[83.15644,19.82217],[83.15855,19.82163],[83.15975,19.82059],[83.16193,19.82052],[83.16236,19.82172],[83.16376,19.82257],[83.16371,19.82337],[83.16287,19.82384],[83.16183,19.82356],[83.16093,19.82374],[83.16064,19.8246],[83.16203,19.82499],[83.1623,19.82757],[83.1637,19.82808],[83.16441,19.82727],[83.16457,19.82428],[83.16534,19.8225],[83.16671,19.82111],[83.1681,19.82076],[83.16894,19.82097],[83.1696,19.82],[83.16821,19.8203],[83.16706,19.81996],[83.16553,19.81745],[83.16413,19.817],[83.16371,19.81718],[83.16318,19.8181],[83.16166,19.81748],[83.16118,19.818],[83.16106,19.81863],[83.15961,19.81899],[83.15938,19.81951],[83.15859,19.81974],[83.15752,19.82067],[83.15436,19.81972],[83.15292,19.82053],[83.15189,19.82002],[83.15152,19.82014],[83.15123,19.821],[83.15092,19.82112],[83.15007,19.8205],[83.14977,19.82073],[83.14954,19.82176],[83.14882,19.822],[83.14852,19.82257]]]}},{"type":"Feature","properties":{"LCODE":"100140001000100287","LOCATION":"NAGAJHAR","V_TYPE":"VILLAGE","BLOCK":"NUAPARA","DISTRICT":"NUAPADA"},"geometry":{"type":"Polygon","coordinates":[[[83.12907,19.8194],[83.1292,19.81986],[83.12962,19.82003],[83.1291,19.82129],[83.12946,19.82175],[83.12941,19.82244],[83.12971,19.82278],[83.13086,19.82272],[83.1316,19.82351],[83.1316,19.82414],[83.1313,19.82449],[83.13138,19.82558],[83.13084,19.82599],[83.13114,19.82644],[83.13199,19.82609],[83.13206,19.82738],[83.13476,19.82515],[83.13947,19.82304],[83.13907,19.82099],[83.13833,19.81973],[83.13886,19.81863],[83.13825,19.81743],[83.13974,19.81558],[83.14125,19.815],[83.14231,19.81258],[83.1423,19.81155],[83.14374,19.80987],[83.14336,19.8081],[83.14371,19.80677],[83.14278,19.80441],[83.1403,19.80473],[83.13914,19.80445],[83.13776,19.80458],[83.13684,19.80384],[83.1331,19.80338],[83.13267,19.80382],[83.1319,19.80373],[83.13069,19.80532],[83.12949,19.80591],[83.12908,19.80821],[83.12921,19.80901],[83.13038,19.81049],[83.13075,19.8117],[83.13024,19.81526],[83.13039,19.8175],[83.12943,19.81854],[83.12938,19.81928],[83.12907,19.8194]]]}},{"type":"Feature","properties":{"LCODE":"100140006000600213","LOCATION":"PAIKBORI","V_TYPE":"VILLAGE","BLOCK":"NUAPARA","DISTRICT":"NUAPADA"},"geometry":{"type":"Polygon","coordinates":[[[83.30808,19.82447],[83.30874,19.8258],[83.30898,19.82574],[83.30984,19.82482],[83.31106,19.82259],[83.31337,19.82013],[83.31338,19.81864],[83.31473,19.81582],[83.31475,19.8146],[83.31146,19.81558],[83.31001,19.81533],[83.30828,19.81757],[83.30878,19.81849],[83.30842,19.81953],[83.30859,19.82091],[83.30808,19.82447]]]}},{"type":"Feature","properties":{"LCODE":"100140001000100283","LOCATION":"DHANRABHATA","V_TYPE":"VILLAGE","BLOCK":"NUAPARA","DISTRICT":"NUAPADA"},"geometry":{"type":"Polygon","coordinates":[[[83.1394,19.82362],[83.13965,19.82425],[83.14128,19.8243],[83.14214,19.82504],[83.14262,19.82503],[83.14358,19.82422],[83.14461,19.82398],[83.14491,19.8241],[83.1448,19.82496],[83.14572,19.82514],[83.14678,19.82402],[83.14864,19.82318],[83.14858,19.82223],[83.14954,19.82176],[83.14977,19.82073],[83.15007,19.8205],[83.15092,19.82112],[83.15123,19.821],[83.15152,19.82014],[83.15189,19.82002],[83.15292,19.82053],[83.15436,19.81972],[83.15752,19.82067],[83.15859,19.81974],[83.15938,19.81951],[83.15961,19.81899],[83.16106,19.81863],[83.16118,19.818],[83.16166,19.81748],[83.16318,19.8181],[83.16371,19.81718],[83.16413,19.817],[83.16553,19.81745],[83.16663,19.81951],[83.16755,19.82019],[83.16882,19.82023],[83.17075,19.8193],[83.17165,19.81924],[83.17191,19.82015],[83.17227,19.82044],[83.17366,19.82014],[83.17416,19.82163],[83.17507,19.82196],[83.17579,19.82173],[83.17578,19.8211],[83.17722,19.82],[83.17847,19.81706],[83.17978,19.8155],[83.17934,19.81304],[83.1795,19.81126],[83.18134,19.80769],[83.18144,19.80614],[83.1802,19.80282],[83.18122,19.80212],[83.18115,19.80138],[83.18018,19.80075],[83.17945,19.80064],[83.17631,19.80084],[83.17582,19.8001],[83.1758,19.79912],[83.17513,19.79838],[83.17554,19.79677],[83.17596,19.79654],[83.17983,19.79622],[83.18079,19.79478],[83.18127,19.79461],[83.18351,19.79511],[83.18447,19.7947],[83.18428,19.79338],[83.18335,19.79178],[83.18443,19.79045],[83.18423,19.78942],[83.18462,19.78843],[83.18348,19.78662],[83.183,19.78673],[83.18127,19.78887],[83.17922,19.79026],[83.17818,19.78906],[83.17844,19.78459],[83.17796,19.78448],[83.17741,19.78477],[83.1766,19.78724],[83.17581,19.78742],[83.17532,19.78639],[83.17595,19.78329],[83.17442,19.78209],[83.17233,19.7844],[83.16975,19.78637],[83.16873,19.78684],[83.16769,19.78656],[83.16802,19.78897],[83.16737,19.78983],[83.16679,19.79208],[83.16709,19.79242],[83.16848,19.79235],[83.16849,19.79298],[83.16766,19.79465],[83.16852,19.79614],[83.16853,19.79763],[83.16751,19.79787],[83.16613,19.79925],[83.16553,19.79914],[83.16498,19.79863],[83.16455,19.79881],[83.16368,19.80197],[83.16078,19.80268],[83.15874,19.80459],[83.15726,19.80678],[83.15401,19.8083],[83.15329,19.80905],[83.15235,19.81233],[83.15316,19.8145],[83.15155,19.81676],[83.14729,19.82017],[83.14289,19.8221],[83.13947,19.82304],[83.1394,19.82362]]]}},{"type":"Feature","properties":{"LCODE":"100140001000100289","LOCATION":"KHANGARGUDA","V_TYPE":"VILLAGE","BLOCK":"NUAPARA","DISTRICT":"NUAPADA"},"geometry":{"type":"Polygon","coordinates":[[[83.10925,19.8237],[83.11135,19.82499],[83.11503,19.82427],[83.11872,19.82402],[83.12138,19.82417],[83.12421,19.823],[83.12457,19.82299],[83.12476,19.82345],[83.12547,19.82236],[83.12505,19.82184],[83.12226,19.82123],[83.1208,19.82038],[83.11747,19.82035],[83.1154,19.81928],[83.1145,19.81946],[83.11226,19.81902],[83.11038,19.81933],[83.11012,19.82219],[83.10925,19.8237]]]}},{"type":"Feature","properties":{"LCODE":"100140001000100278","LOCATION":"SIMILIPADAR","V_TYPE":"VILLAGE","BLOCK":"NUAPARA","DISTRICT":"NUAPADA"},"geometry":{"type":"Polygon","coordinates":[[[83.20471,19.81708],[83.20524,19.82132],[83.2066,19.82349],[83.20818,19.82422],[83.21325,19.82396],[83.21574,19.82457],[83.21786,19.82443],[83.21897,19.82383],[83.21886,19.82236],[83.22023,19.82006],[83.22087,19.81747],[83.21968,19.81352],[83.21755,19.81257],[83.21454,19.81356],[83.21394,19.81477],[83.2125,19.81542],[83.21172,19.81536],[83.21117,19.81468],[83.21068,19.81457],[83.20808,19.81551],[83.20724,19.8154],[83.20597,19.81587],[83.20483,19.81577],[83.20471,19.81708]]]}},{"type":"Feature","properties":{"LCODE":"100140001000100270","LOCATION":"JAMCHUAN","V_TYPE":"VILLAGE","BLOCK":"NUAPARA","DISTRICT":"NUAPADA"},"geometry":{"type":"Polygon","coordinates":[[[83.28308,19.81185],[83.28338,19.81237],[83.28561,19.81417],[83.28578,19.81509],[83.2851,19.81669],[83.28609,19.82216],[83.28645,19.82303],[83.28706,19.82349],[83.28815,19.82344],[83.28839,19.82275],[83.2878,19.82062],[83.28859,19.81982],[83.2883,19.81786],[83.28994,19.81615],[83.29019,19.81465],[83.28624,19.8094],[83.28575,19.80834],[83.28425,19.80858],[83.28381,19.81071],[83.28308,19.81185]]]}},{"type":"Feature","properties":{"LCODE":"100140001000100285","LOCATION":"SARGIGUDA","V_TYPE":"VILLAGE","BLOCK":"NUAPARA","DISTRICT":"NUAPADA"},"geometry":{"type":"Polygon","coordinates":[[[83.13825,19.81743],[83.13886,19.81863],[83.13833,19.81973],[83.13907,19.82099],[83.13947,19.82304],[83.14416,19.82163],[83.14855,19.81936],[83.15155,19.81676],[83.15316,19.8145],[83.15235,19.81233],[83.15329,19.80905],[83.15401,19.8083],[83.15726,19.80678],[83.15874,19.80459],[83.16043,19.80298],[83.15781,19.80196],[83.15437,19.80279],[83.15231,19.80275],[83.14889,19.80449],[83.1464,19.80394],[83.14278,19.80441],[83.14371,19.80677],[83.14336,19.8081],[83.14374,19.80987],[83.1423,19.81155],[83.14231,19.81258],[83.14125,19.815],[83.13974,19.81558],[83.13825,19.81743]]]}},{"type":"Feature","properties":{"LCODE":"100140001000100288","LOCATION":"SAGADA","V_TYPE":"VILLAGE","BLOCK":"NUAPARA","DISTRICT":"NUAPADA"},"geometry":{"type":"Polygon","coordinates":[[[83.11012,19.81628],[83.11038,19.81933],[83.11226,19.81902],[83.1145,19.81946],[83.1154,19.81928],[83.11747,19.82035],[83.1208,19.82038],[83.12226,19.82123],[83.12505,19.82184],[83.12547,19.82239],[83.1265,19.82229],[83.12729,19.82188],[83.12943,19.82173],[83.1291,19.82129],[83.12962,19.82003],[83.1292,19.81986],[83.12907,19.8194],[83.12938,19.81928],[83.12943,19.81854],[83.13039,19.8175],[83.13024,19.81526],[83.13075,19.81141],[83.13038,19.81049],[83.12921,19.80901],[83.12926,19.80641],[83.12755,19.80609],[83.12554,19.8043],[83.12506,19.80462],[83.1227,19.80481],[83.12119,19.80419],[83.11868,19.80237],[83.11758,19.80024],[83.11685,19.79994],[83.11716,19.80066],[83.11705,19.8025],[83.11622,19.80348],[83.11489,19.80418],[83.1143,19.80516],[83.11715,19.80572],[83.11794,19.80668],[83.11795,19.80772],[83.11765,19.80818],[83.11717,19.8083],[83.11517,19.80826],[83.11458,19.80889],[83.11423,19.81027],[83.11381,19.81056],[83.11224,19.81046],[83.11127,19.81104],[83.11012,19.81628]]]}},{"type":"Feature","properties":{"LCODE":"100140001000100279","LOCATION":"SIKERGUDA","V_TYPE":"VILLAGE","BLOCK":"NUAPARA","DISTRICT":"NUAPADA"},"geometry":{"type":"Polygon","coordinates":[[[83.17641,19.82079],[83.17712,19.82091],[83.17783,19.82016],[83.17862,19.82062],[83.17959,19.82055],[83.18032,19.82112],[83.18134,19.82002],[83.18218,19.81996],[83.18298,19.82029],[83.18434,19.81799],[83.18554,19.81695],[83.18742,19.81682],[83.18819,19.81584],[83.18933,19.81514],[83.19151,19.81558],[83.19356,19.81384],[83.19549,19.8136],[83.19621,19.81325],[83.19698,19.81175],[83.19703,19.80951],[83.19593,19.80924],[83.19428,19.8081],[83.19307,19.80788],[83.191,19.80652],[83.19015,19.80538],[83.18917,19.80516],[83.18742,19.80592],[83.18501,19.80565],[83.18143,19.80623],[83.18134,19.80769],[83.1795,19.81126],[83.17934,19.81304],[83.17978,19.8155],[83.17847,19.81706],[83.17722,19.82],[83.17641,19.82079]]]}},{"type":"Feature","properties":{"LCODE":"100140006000600214","LOCATION":"NARANGBAHALI","V_TYPE":"VILLAGE","BLOCK":"NUAPARA","DISTRICT":"NUAPADA"},"geometry":{"type":"Polygon","coordinates":[[[83.30585,19.8148],[83.30596,19.81589],[83.30662,19.81716],[83.30667,19.81833],[83.30807,19.8178],[83.31001,19.81533],[83.30809,19.81395],[83.307,19.81377],[83.30609,19.81394],[83.30585,19.8148]]]}},{"type":"Feature","properties":{"LCODE":"100140001000100291","LOCATION":"AMBABALASA","V_TYPE":"VILLAGE","BLOCK":"NUAPARA","DISTRICT":"NUAPADA"},"geometry":{"type":"Polygon","coordinates":[[[83.07125,19.8129],[83.07132,19.81359],[83.07597,19.81362],[83.07755,19.81389],[83.08023,19.81542],[83.08179,19.81518],[83.08288,19.81414],[83.08287,19.81368],[83.08238,19.81316],[83.07984,19.81313],[83.07905,19.81267],[83.0788,19.81164],[83.08005,19.80916],[83.08009,19.80818],[83.07899,19.80653],[83.07771,19.8055],[83.07638,19.80563],[83.07536,19.80621],[83.07382,19.80961],[83.07159,19.81083],[83.0713,19.81135],[83.07125,19.8129]]]}},{"type":"Feature","properties":{"LCODE":"100140001000100296","LOCATION":"RAKASTUNDAA","V_TYPE":"VILLAGE","BLOCK":"NUAPARA","DISTRICT":"NUAPADA"},"geometry":{"type":"Polygon","coordinates":[[[83.1033,19.81248],[83.10374,19.81363],[83.10441,19.81391],[83.10677,19.81378],[83.10835,19.81451],[83.1105,19.8145],[83.11127,19.81104],[83.11224,19.81046],[83.11381,19.81056],[83.11423,19.81027],[83.11458,19.80889],[83.11517,19.80826],[83.11765,19.80818],[83.11795,19.80772],[83.11794,19.80668],[83.11715,19.80572],[83.1143,19.80516],[83.11303,19.80575],[83.1114,19.80576],[83.10988,19.80451],[83.10675,19.80069],[83.10548,19.80018],[83.10481,19.80041],[83.10355,19.80134],[83.10333,19.8033],[83.10529,19.80523],[83.10555,19.80747],[83.10513,19.80811],[83.10485,19.80972],[83.1033,19.81248]]]}},{"type":"Feature","properties":{"LCODE":"100140006000600277","LOCATION":"TURKA","V_TYPE":"VILLAGE","BLOCK":"NUAPARA","DISTRICT":"NUAPADA"},"geometry":{"type":"Polygon","coordinates":[[[83.24098,19.8086],[83.24111,19.80957],[83.24209,19.81077],[83.24242,19.81335],[83.24297,19.81392],[83.24398,19.81242],[83.24409,19.81138],[83.24384,19.81035],[83.24347,19.80961],[83.24182,19.80813],[83.24152,19.80796],[83.24098,19.8086]]]}},{"type":"Feature","properties":{"LCODE":"100140001000100292","LOCATION":"KASHIPADAR","V_TYPE":"VILLAGE","BLOCK":"NUAPARA","DISTRICT":"NUAPADA"},"geometry":{"type":"Polygon","coordinates":[[[83.06446,19.81089],[83.06446,19.81152],[83.0655,19.8122],[83.06805,19.81305],[83.07127,19.81358],[83.0713,19.81135],[83.07159,19.81083],[83.07382,19.80961],[83.07536,19.80621],[83.07638,19.80563],[83.07771,19.8055],[83.07921,19.80406],[83.07944,19.80342],[83.07919,19.80256],[83.07816,19.80154],[83.07809,19.80056],[83.08071,19.79891],[83.08006,19.79802],[83.07847,19.79683],[83.07786,19.79573],[83.0755,19.79639],[83.07395,19.79829],[83.07286,19.79819],[83.0726,19.79792],[83.07143,19.80015],[83.07017,19.80102],[83.06754,19.80386],[83.06637,19.80829],[83.06577,19.80944],[83.06475,19.81026],[83.06446,19.81089]]]}},{"type":"Feature","properties":{"LCODE":"100140006000600272","LOCATION":"JABAGAON","V_TYPE":"VILLAGE","BLOCK":"NUAPARA","DISTRICT":"NUAPADA"},"geometry":{"type":"Polygon","coordinates":[[[83.26585,19.81164],[83.2661,19.8121],[83.26676,19.81239],[83.26803,19.81188],[83.26929,19.81235],[83.27106,19.81115],[83.27275,19.81064],[83.27409,19.81059],[83.27559,19.81101],[83.27975,19.81333],[83.28252,19.81334],[83.28412,19.81288],[83.28308,19.81185],[83.2835,19.81107],[83.28073,19.81092],[83.27765,19.81004],[83.2759,19.80922],[83.27446,19.80784],[83.27361,19.80829],[83.27235,19.80817],[83.27156,19.80862],[83.26956,19.80907],[83.26877,19.81051],[83.2664,19.81095],[83.26585,19.81164]]]}},{"type":"Feature","properties":{"LCODE":"100140001000100276","LOCATION":"PIRUNGUDAGUDA","V_TYPE":"VILLAGE","BLOCK":"NUAPARA","DISTRICT":"NUAPADA"},"geometry":{"type":"Polygon","coordinates":[[[83.21622,19.81229],[83.21669,19.81288],[83.21755,19.81257],[83.21895,19.813],[83.21893,19.81181],[83.21959,19.81031],[83.2194,19.80951],[83.21975,19.80871],[83.22143,19.80732],[83.22301,19.8067],[83.22347,19.8057],[83.21996,19.80475],[83.21988,19.80366],[83.22036,19.80268],[83.22247,19.80215],[83.22379,19.80065],[83.22409,19.7999],[83.22173,19.80038],[83.22141,19.79969],[83.22158,19.79814],[83.22139,19.79705],[83.22059,19.79557],[83.2198,19.79506],[83.21883,19.79541],[83.21848,19.79604],[83.21809,19.79972],[83.21872,19.80218],[83.21834,19.80619],[83.21804,19.80683],[83.21648,19.80822],[83.21675,19.81085],[83.21622,19.81229]]]}},{"type":"Feature","properties":{"LCODE":"100140001000100280","LOCATION":"LAKATABHATA","V_TYPE":"VILLAGE","BLOCK":"NUAPARA","DISTRICT":"NUAPADA"},"geometry":{"type":"Polygon","coordinates":[[[83.19015,19.80538],[83.191,19.80652],[83.19307,19.80788],[83.19428,19.8081],[83.19593,19.80924],[83.19703,19.80951],[83.19773,19.80784],[83.19948,19.80766],[83.20094,19.80816],[83.2019,19.80764],[83.20215,19.80242],[83.20135,19.80139],[83.20026,19.80066],[83.19826,19.80073],[83.19537,19.79949],[83.19463,19.80024],[83.19246,19.80135],[83.19222,19.80175],[83.19212,19.80393],[83.19177,19.80474],[83.19015,19.80538]]]}},{"type":"Feature","properties":{"LCODE":"100140006000600271","LOCATION":"MACHUL","V_TYPE":"VILLAGE","BLOCK":"NUAPARA","DISTRICT":"NUAPADA"},"geometry":{"type":"Polygon","coordinates":[[[83.28198,19.80357],[83.28204,19.80483],[83.28365,19.8068],[83.28411,19.8088],[83.28594,19.80825],[83.28512,19.80473],[83.2853,19.80076],[83.28448,19.80007],[83.28418,19.80013],[83.28351,19.80191],[83.28198,19.80357]]]}},{"type":"Feature","properties":{"LCODE":"100140001000100274","LOCATION":"BEHERAGUDA","V_TYPE":"VILLAGE","BLOCK":"NUAPARA","DISTRICT":"NUAPADA"},"geometry":{"type":"Polygon","coordinates":[[[83.24404,19.80779],[83.24515,19.80845],[83.24576,19.80845],[83.24618,19.80827],[83.24689,19.807],[83.24706,19.80614],[83.24674,19.80414],[83.24593,19.80288],[83.24504,19.80392],[83.24475,19.80479],[83.2458,19.80621],[83.24574,19.80661],[83.24556,19.80696],[83.24404,19.80779]]]}},{"type":"Feature","properties":{"LCODE":"10014000100010rf","LOCATION":"RF","V_TYPE":"FOREST","BLOCK":"NUAPARA","DISTRICT":"NUAPADA"},"geometry":{"type":"Polygon","coordinates":[[[83.22301,19.8067],[83.22976,19.8057],[83.2355,19.80532],[83.23865,19.80546],[83.24193,19.80641],[83.24404,19.80779],[83.24556,19.80696],[83.24574,19.80661],[83.2458,19.80621],[83.24475,19.80479],[83.24504,19.80392],[83.24593,19.80288],[83.24313,19.80061],[83.23937,19.79909],[83.23277,19.79794],[83.23083,19.79801],[83.22665,19.79885],[83.22613,19.79925],[83.22602,19.80075],[83.22524,19.80115],[83.22519,19.80184],[83.22543,19.80241],[83.22653,19.80315],[83.22563,19.80436],[83.22365,19.80501],[83.22301,19.8067]]]}},{"type":"Feature","properties":{"LCODE":"100140001000100297","LOCATION":"TALABHRAKHOJ","V_TYPE":"VILLAGE","BLOCK":"NUAPARA","DISTRICT":"NUAPADA"},"geometry":{"type":"Polygon","coordinates":[[[83.12164,19.79575],[83.12244,19.79712],[83.1244,19.79917],[83.12527,19.8014],[83.12661,19.80248],[83.1265,19.80352],[83.12554,19.8043],[83.12755,19.80609],[83.12834,19.80632],[83.12926,19.80641],[83.12949,19.80591],[83.13105,19.80498],[83.1319,19.80373],[83.13175,19.80296],[83.13401,19.79835],[83.13374,19.79617],[83.13319,19.79589],[83.13241,19.79601],[83.13043,19.79792],[83.12899,19.79828],[83.12759,19.798],[83.12698,19.79749],[83.12666,19.79577],[83.1246,19.79498],[83.12326,19.79407],[83.12241,19.79414],[83.12199,19.79448],[83.12164,19.79575]]]}},{"type":"Feature","properties":{"LCODE":"100140001000100282","LOCATION":"POKHARIGHAT","V_TYPE":"VILLAGE","BLOCK":"NUAPARA","DISTRICT":"NUAPADA"},"geometry":{"type":"Polygon","coordinates":[[[83.17513,19.79838],[83.1758,19.79912],[83.17582,19.8001],[83.17631,19.80084],[83.17945,19.80064],[83.18018,19.80075],[83.18115,19.80138],[83.18122,19.80212],[83.1802,19.80282],[83.18143,19.80623],[83.18501,19.80565],[83.18742,19.80592],[83.18857,19.80528],[83.19057,19.80538],[83.19111,19.80514],[83.19177,19.80474],[83.19212,19.80393],[83.19222,19.80175],[83.19246,19.80135],[83.19463,19.80024],[83.19564,19.79897],[83.19552,19.79846],[83.19396,19.79688],[83.19195,19.79825],[83.19013,19.79838],[83.18789,19.79754],[83.18595,19.79732],[83.18402,19.79502],[83.18266,19.79506],[83.18127,19.79461],[83.18079,19.79478],[83.17983,19.79622],[83.1768,19.7963],[83.17554,19.79677],[83.17513,19.79838]]]}},{"type":"Feature","properties":{"LCODE":"100140001000100275","LOCATION":"PARADANGAGUDA","V_TYPE":"VILLAGE","BLOCK":"NUAPARA","DISTRICT":"NUAPADA"},"geometry":{"type":"Polygon","coordinates":[[[83.21988,19.80366],[83.21996,19.80475],[83.22334,19.80563],[83.22401,19.80477],[83.22563,19.80436],[83.22653,19.80315],[83.22525,19.80218],[83.22524,19.80115],[83.22602,19.80075],[83.22613,19.79925],[83.22665,19.79885],[83.22582,19.79885],[83.22482,19.7984],[83.22449,19.79955],[83.22318,19.80145],[83.22247,19.80215],[83.22036,19.80268],[83.21988,19.80366]]]}},{"type":"Feature","properties":{"LCODE":"100140001000100298","LOCATION":"PARLANGAGADA","V_TYPE":"VILLAGE","BLOCK":"NUAPARA","DISTRICT":"NUAPADA"},"geometry":{"type":"Polygon","coordinates":[[[83.1331,19.80338],[83.13684,19.80384],[83.13776,19.80458],[83.13914,19.80445],[83.1403,19.80473],[83.14278,19.80441],[83.14276,19.80305],[83.14364,19.79989],[83.14217,19.79789],[83.14233,19.79651],[83.14178,19.79542],[83.14056,19.79488],[83.14058,19.79652],[83.13992,19.79756],[83.1383,19.79786],[83.13691,19.7985],[83.1347,19.80179],[83.1331,19.80338]]]}},{"type":"Feature","properties":{"LCODE":"100140001000100299","LOCATION":"TALARACHUGUDA","V_TYPE":"VILLAGE","BLOCK":"NUAPARA","DISTRICT":"NUAPADA"},"geometry":{"type":"Polygon","coordinates":[[[83.14276,19.80305],[83.14278,19.80441],[83.1464,19.80394],[83.14889,19.80449],[83.15231,19.80275],[83.15479,19.80273],[83.15672,19.80208],[83.15781,19.80196],[83.16043,19.80298],[83.16068,19.80276],[83.15919,19.80143],[83.1587,19.79983],[83.15736,19.79921],[83.15717,19.79818],[83.15553,19.79727],[83.15362,19.7939],[83.15198,19.79299],[83.15176,19.7924],[83.15093,19.79174],[83.14984,19.79146],[83.14883,19.79233],[83.14783,19.79601],[83.14591,19.79757],[83.14496,19.79919],[83.14363,19.80039],[83.14276,19.80305]]]}},{"type":"Feature","properties":{"LCODE":"100140001000100300","LOCATION":"UPARRACHUGUDA","V_TYPE":"VILLAGE","BLOCK":"NUAPARA","DISTRICT":"NUAPADA"},"geometry":{"type":"Polygon","coordinates":[[[83.15173,19.79248],[83.15198,19.79299],[83.15362,19.7939],[83.15417,19.79453],[83.15553,19.79727],[83.15717,19.79818],[83.15736,19.79921],[83.15767,19.79949],[83.1587,19.79983],[83.15919,19.80143],[83.16005,19.80228],[83.16068,19.80276],[83.16174,19.80227],[83.1632,19.8022],[83.16368,19.80197],[83.16403,19.80116],[83.16455,19.79881],[83.16498,19.79863],[83.16553,19.79914],[83.16613,19.79925],[83.16751,19.79787],[83.16817,19.79786],[83.16866,19.7974],[83.16852,19.79614],[83.16766,19.79465],[83.16849,19.79298],[83.16848,19.79235],[83.16709,19.79242],[83.16678,19.79162],[83.16731,19.79075],[83.16737,19.78983],[83.16802,19.78897],[83.16769,19.78656],[83.16812,19.7865],[83.16843,19.78684],[83.16908,19.78671],[83.16836,19.78598],[83.16895,19.78449],[83.16754,19.78335],[83.16742,19.78312],[83.1679,19.78277],[83.16766,19.7822],[83.16686,19.78163],[83.16583,19.78181],[83.16528,19.78061],[83.16443,19.78045],[83.16229,19.77828],[83.1612,19.77789],[83.15965,19.77985],[83.15857,19.78061],[83.15811,19.78313],[83.15775,19.78331],[83.15623,19.7828],[83.1552,19.78281],[83.15595,19.7851],[83.15584,19.78631],[83.15424,19.78879],[83.15321,19.78966],[83.15287,19.79138],[83.15173,19.79248]]]}},{"type":"Feature","properties":{"LCODE":"100140001000100281","LOCATION":"BHALIA","V_TYPE":"VILLAGE","BLOCK":"NUAPARA","DISTRICT":"NUAPADA"},"geometry":{"type":"Polygon","coordinates":[[[83.19396,19.79688],[83.19552,19.79846],[83.19564,19.79897],[83.19537,19.79949],[83.19826,19.80073],[83.20026,19.80066],[83.20135,19.80139],[83.20215,19.80242],[83.20329,19.80155],[83.20424,19.79976],[83.20634,19.79883],[83.20681,19.79688],[83.20729,19.7963],[83.20855,19.79572],[83.20867,19.79531],[83.20806,19.79469],[83.20569,19.79362],[83.20355,19.79197],[83.19997,19.79045],[83.19897,19.79029],[83.19828,19.79092],[83.1962,19.79426],[83.19428,19.79617],[83.19396,19.79688]]]}},{"type":"Feature","properties":{"LCODE":"100140006000600273","LOCATION":"KACHANAR","V_TYPE":"VILLAGE","BLOCK":"NUAPARA","DISTRICT":"NUAPADA"},"geometry":{"type":"Polygon","coordinates":[[[83.25961,19.79608],[83.26032,19.79763],[83.26309,19.80006],[83.26418,19.80059],[83.26817,19.80032],[83.27063,19.80235],[83.27154,19.80195],[83.27245,19.80049],[83.27162,19.7985],[83.26752,19.79767],[83.26698,19.79738],[83.26681,19.7964],[83.26572,19.79548],[83.26089,19.79556],[83.25998,19.79573],[83.25961,19.79608]]]}},{"type":"Feature","properties":{"LCODE":"100140001000100295","LOCATION":"LABANYASARA","V_TYPE":"VILLAGE","BLOCK":"NUAPARA","DISTRICT":"NUAPADA"},"geometry":{"type":"Polygon","coordinates":[[[83.07786,19.79573],[83.07847,19.79683],[83.08006,19.79802],[83.08071,19.79891],[83.08348,19.79587],[83.08385,19.79581],[83.08507,19.79678],[83.08585,19.79654],[83.08614,19.79613],[83.0862,19.79493],[83.08503,19.79344],[83.08515,19.79304],[83.08648,19.79286],[83.08999,19.79329],[83.09525,19.79319],[83.09652,19.79353],[83.09744,19.79484],[83.09817,19.79512],[83.10788,19.79792],[83.11229,19.79812],[83.11685,19.79994],[83.11385,19.79655],[83.11298,19.79467],[83.11205,19.79163],[83.11195,19.78738],[83.11157,19.78635],[83.10889,19.78379],[83.10728,19.7807],[83.10648,19.77979],[83.10533,19.77945],[83.10358,19.77981],[83.10298,19.78033],[83.10162,19.78258],[83.10107,19.7831],[83.09999,19.78351],[83.09932,19.78306],[83.09845,19.7806],[83.09772,19.77951],[83.09735,19.77934],[83.09681,19.77957],[83.09663,19.77998],[83.09645,19.78268],[83.09781,19.7829],[83.09824,19.78324],[83.09862,19.78502],[83.10016,19.78828],[83.10101,19.78879],[83.10126,19.78965],[83.10211,19.78987],[83.10284,19.79067],[83.10292,19.79193],[83.10262,19.79256],[83.10146,19.79206],[83.09857,19.79259],[83.09518,19.79228],[83.0918,19.79236],[83.0901,19.79085],[83.08778,19.79078],[83.08608,19.78936],[83.08542,19.78959],[83.0835,19.79185],[83.07786,19.79573]]]}},{"type":"Feature","properties":{"LCODE":"100140006000600304","LOCATION":"KANAKORUA","V_TYPE":"VILLAGE","BLOCK":"NUAPARA","DISTRICT":"NUAPADA"},"geometry":{"type":"Polygon","coordinates":[[[83.22475,19.79833],[83.22582,19.79885],[83.22665,19.79885],[83.22684,19.79856],[83.22726,19.79729],[83.22735,19.79431],[83.22818,19.79264],[83.22834,19.79109],[83.22792,19.7911],[83.22716,19.79311],[83.22668,19.79363],[83.22523,19.79433],[83.22475,19.79833]]]}},{"type":"Feature","properties":{"LCODE":"100140001000100301","LOCATION":"TALAPIPILI","V_TYPE":"VILLAGE","BLOCK":"NUAPARA","DISTRICT":"NUAPADA"},"geometry":{"type":"Polygon","coordinates":[[[83.18335,19.79178],[83.18452,19.79407],[83.18447,19.7947],[83.18402,19.79502],[83.18595,19.79732],[83.18789,19.79754],[83.19013,19.79838],[83.19116,19.79849],[83.19381,19.79715],[83.19428,19.79617],[83.1962,19.79426],[83.19918,19.78982],[83.19874,19.78799],[83.19927,19.7869],[83.19932,19.78592],[83.1988,19.78243],[83.19831,19.78157],[83.19648,19.78027],[83.19405,19.78036],[83.19281,19.78173],[83.19204,19.78362],[83.19031,19.78588],[83.18971,19.78628],[83.18813,19.78566],[83.18771,19.7863],[83.18737,19.78796],[83.18462,19.78843],[83.18423,19.78942],[83.18443,19.79045],[83.18335,19.79178]]]}},{"type":"Feature","properties":{"LCODE":"100140001000100294","LOCATION":"SARGICHUAN","V_TYPE":"VILLAGE","BLOCK":"NUAPARA","DISTRICT":"NUAPADA"},"geometry":{"type":"Polygon","coordinates":[[[83.0901,19.79085],[83.09119,19.79202],[83.09234,19.79241],[83.09518,19.79228],[83.09857,19.79259],[83.10146,19.79206],[83.10262,19.79256],[83.10292,19.79193],[83.10284,19.79067],[83.10248,19.79015],[83.10126,19.78965],[83.10101,19.78879],[83.10016,19.78828],[83.09862,19.78502],[83.09824,19.78324],[83.09781,19.7829],[83.0966,19.78268],[83.09589,19.78435],[83.09469,19.7855],[83.09409,19.7858],[83.09216,19.78581],[83.09152,19.78955],[83.09069,19.79059],[83.0901,19.79085]]]}},{"type":"Feature","properties":{"LCODE":"100140001000100302","LOCATION":"UPARPIPILI","V_TYPE":"VILLAGE","BLOCK":"NUAPARA","DISTRICT":"NUAPADA"},"geometry":{"type":"Polygon","coordinates":[[[83.19629,19.77923],[83.1963,19.78027],[83.19788,19.78106],[83.1988,19.78243],[83.19932,19.78592],[83.19927,19.7869],[83.19874,19.78799],[83.19918,19.78982],[83.19897,19.79029],[83.20036,19.7906],[83.20161,19.78556],[83.20142,19.78344],[83.20213,19.78189],[83.20314,19.78096],[83.20325,19.78044],[83.20252,19.77965],[83.19907,19.77864],[83.1973,19.77728],[83.19663,19.77751],[83.19629,19.77923]]]}},{"type":"Feature","properties":{"LCODE":"100140001000100308","LOCATION":"MARANABAHALI","V_TYPE":"VILLAGE","BLOCK":"NUAPARA","DISTRICT":"NUAPADA"},"geometry":{"type":"Polygon","coordinates":[[[83.1833,19.78657],[83.18441,19.78833],[83.18477,19.7885],[83.18737,19.78796],[83.18771,19.7863],[83.18813,19.78566],[83.18971,19.78628],[83.19073,19.78541],[83.19204,19.78362],[83.19281,19.78173],[83.19382,19.7808],[83.19395,19.78011],[83.19309,19.77989],[83.19157,19.77875],[83.18945,19.77883],[83.18823,19.77775],[83.18641,19.77766],[83.18588,19.77897],[83.18537,19.7823],[83.1833,19.78657]]]}},{"type":"Feature","properties":{"LCODE":"100140001000100303","LOCATION":"ATAGARLA","V_TYPE":"VILLAGE","BLOCK":"NUAPARA","DISTRICT":"NUAPADA"},"geometry":{"type":"Polygon","coordinates":[[[83.21414,19.78598],[83.21439,19.78696],[83.215,19.7873],[83.21682,19.78803],[83.21767,19.78768],[83.21796,19.78693],[83.21783,19.78647],[83.21704,19.78585],[83.21738,19.78372],[83.21629,19.78333],[83.21436,19.78352],[83.21414,19.78598]]]}},{"type":"Feature","properties":{"LCODE":"100140001000100309","LOCATION":"BANDHATIKIRI","V_TYPE":"VILLAGE","BLOCK":"NUAPARA","DISTRICT":"NUAPADA"},"geometry":{"type":"Polygon","coordinates":[[[83.15964,19.77297],[83.16039,19.77514],[83.16046,19.77686],[83.16071,19.77732],[83.16129,19.77789],[83.16229,19.77828],[83.16443,19.78045],[83.16528,19.78061],[83.16583,19.78181],[83.16686,19.78163],[83.16766,19.7822],[83.1679,19.78277],[83.16742,19.78312],[83.16754,19.78335],[83.16895,19.78449],[83.16836,19.78598],[83.16908,19.78671],[83.17233,19.7844],[83.17438,19.7821],[83.17317,19.77763],[83.17314,19.77493],[83.17241,19.77413],[83.17078,19.77374],[83.16811,19.77388],[83.16432,19.76949],[83.16189,19.76801],[83.1608,19.76825],[83.16118,19.76974],[83.15964,19.77297]]]}},{"type":"Feature","properties":{"LCODE":"100140001000100293","LOCATION":"PADARANGAR","V_TYPE":"VILLAGE","BLOCK":"NUAPARA","DISTRICT":"NUAPADA"},"geometry":{"type":"Polygon","coordinates":[[[83.08368,19.77869],[83.08491,19.78052],[83.08504,19.78276],[83.08608,19.78362],[83.08688,19.7851],[83.08773,19.78504],[83.08881,19.7844],[83.08965,19.78307],[83.08976,19.78204],[83.08871,19.78101],[83.08852,19.77912],[83.08784,19.77803],[83.08688,19.77781],[83.08578,19.77684],[83.08529,19.77685],[83.08408,19.77743],[83.08368,19.77869]]]}},{"type":"Feature","properties":{"LCODE":"100140001000100311","LOCATION":"AMBAJORE","V_TYPE":"VILLAGE","BLOCK":"NUAPARA","DISTRICT":"NUAPADA"},"geometry":{"type":"Polygon","coordinates":[[[83.14985,19.77396],[83.15089,19.77464],[83.15258,19.77503],[83.15295,19.77577],[83.15441,19.77616],[83.15562,19.77701],[83.15563,19.7777],[83.15467,19.77799],[83.15408,19.77886],[83.15379,19.78041],[83.15428,19.78138],[83.15839,19.78241],[83.15857,19.78061],[83.15965,19.77985],[83.16129,19.77789],[83.16046,19.77686],[83.16039,19.77514],[83.15964,19.77297],[83.16118,19.76974],[83.16061,19.76785],[83.15933,19.76689],[83.15843,19.76706],[83.15819,19.7673],[83.15833,19.76907],[83.1578,19.77068],[83.15678,19.7719],[83.15515,19.77202],[83.15437,19.77151],[83.1543,19.771],[83.15513,19.76921],[83.15517,19.76829],[83.15462,19.76772],[83.15342,19.76785],[83.15309,19.77106],[83.15273,19.77204],[83.15074,19.77223],[83.15009,19.77304],[83.14985,19.77396]]]}},{"type":"Feature","properties":{"LCODE":"100140001000100307","LOCATION":"TANGANABAHALI","V_TYPE":"VILLAGE","BLOCK":"NUAPARA","DISTRICT":"NUAPADA"},"geometry":{"type":"Polygon","coordinates":[[[83.18641,19.77766],[83.18823,19.77775],[83.18945,19.77883],[83.19157,19.77875],[83.19309,19.77989],[83.19395,19.78011],[83.19393,19.77914],[83.19465,19.77793],[83.19446,19.77713],[83.19294,19.77639],[83.19177,19.77485],[83.18965,19.77458],[83.18788,19.77322],[83.18716,19.77328],[83.18686,19.77374],[83.18701,19.77638],[83.18641,19.77766]]]}},{"type":"Feature","properties":{"LCODE":"100140001000100310","LOCATION":"MERKUL","V_TYPE":"VILLAGE","BLOCK":"NUAPARA","DISTRICT":"NUAPADA"},"geometry":{"type":"Polygon","coordinates":[[[83.15849,19.76704],[83.15933,19.76689],[83.16037,19.76745],[83.1608,19.76825],[83.16189,19.76801],[83.16432,19.76949],[83.16811,19.77388],[83.17163,19.77391],[83.17113,19.77294],[83.171,19.77168],[83.17141,19.77041],[83.17224,19.76937],[83.17339,19.76879],[83.17527,19.76958],[83.17587,19.76946],[83.17617,19.76906],[83.17657,19.76619],[83.17608,19.76556],[83.17474,19.76551],[83.17401,19.76511],[83.17184,19.7602],[83.17133,19.75647],[83.16901,19.75442],[83.16853,19.75437],[83.16805,19.7558],[83.16626,19.75731],[83.16435,19.76014],[83.16279,19.76147],[83.16148,19.76348],[83.15938,19.76511],[83.15849,19.76704]]]}},{"type":"Feature","properties":{"LCODE":"100140001000100305","LOCATION":"MANDIA BIRI ALIS PANCHAKU","V_TYPE":"VILLAGE","BLOCK":"NUAPARA","DISTRICT":"NUAPADA"},"geometry":{"type":"Polygon","coordinates":[[[83.21561,19.76991],[83.21561,19.77077],[83.21642,19.77151],[83.2201,19.77155],[83.221,19.77097],[83.22171,19.76884],[83.2214,19.76832],[83.21904,19.76817],[83.21796,19.76915],[83.21615,19.76945],[83.21561,19.76991]]]}},{"type":"Feature","properties":{"LCODE":"100140001000100312","LOCATION":"BINIKAPADAR","V_TYPE":"VILLAGE","BLOCK":"NUAPARA","DISTRICT":"NUAPADA"},"geometry":{"type":"Polygon","coordinates":[[[83.11914,19.75713],[83.11971,19.75983],[83.11945,19.76419],[83.11957,19.76941],[83.11976,19.77056],[83.12019,19.77073],[83.12224,19.77026],[83.12336,19.76715],[83.12444,19.76599],[83.12666,19.76529],[83.12744,19.76476],[83.12773,19.76333],[83.12693,19.76155],[83.1276,19.75633],[83.1273,19.75558],[83.12482,19.75629],[83.12306,19.75601],[83.12083,19.75678],[83.11945,19.75673],[83.11914,19.75713]]]}},{"type":"Feature","properties":{"LCODE":"100140001000100306","LOCATION":"TALAPANCHAKULA","V_TYPE":"VILLAGE","BLOCK":"NUAPARA","DISTRICT":"NUAPADA"},"geometry":{"type":"Polygon","coordinates":[[[83.2122,19.76736],[83.21233,19.76822],[83.21306,19.76913],[83.21332,19.77022],[83.2138,19.77033],[83.21547,19.76837],[83.21546,19.76739],[83.2151,19.76659],[83.21568,19.76533],[83.21453,19.7647],[83.21333,19.76494],[83.21266,19.76575],[83.2122,19.76736]]]}},{"type":"Feature","properties":{"LCODE":"100140006000600323","LOCATION":"MANASKA","V_TYPE":"VILLAGE","BLOCK":"NUAPARA","DISTRICT":"NUAPADA"},"geometry":{"type":"Polygon","coordinates":[[[83.23482,19.76794],[83.23496,19.76989],[83.23576,19.77034],[83.23666,19.76987],[83.23827,19.76791],[83.23759,19.76712],[83.23638,19.76695],[83.23572,19.76713],[83.23482,19.76794]]]}},{"type":"Feature","properties":{"LCODE":"100140001000100320","LOCATION":"JUGAEPATNA","V_TYPE":"VILLAGE","BLOCK":"NUAPARA","DISTRICT":"NUAPADA"},"geometry":{"type":"Polygon","coordinates":[[[83.18368,19.75214],[83.18382,19.75357],[83.18449,19.75506],[83.18962,19.75932],[83.19263,19.76435],[83.1941,19.7656],[83.19507,19.76588],[83.19688,19.76564],[83.19826,19.76425],[83.19939,19.76206],[83.19955,19.76045],[83.19859,19.75518],[83.19863,19.75375],[83.1994,19.7522],[83.20078,19.75098],[83.2015,19.74995],[83.20091,19.74595],[83.20096,19.74393],[83.20122,19.74284],[83.20317,19.73971],[83.20312,19.73919],[83.20253,19.7386],[83.2018,19.73841],[83.19905,19.73865],[83.19779,19.73776],[83.19688,19.73768],[83.19459,19.73971],[83.1933,19.73991],[83.19219,19.74047],[83.18482,19.7492],[83.18425,19.75022],[83.18402,19.75001],[83.18368,19.75214]]]}},{"type":"Feature","properties":{"LCODE":"100140001000100321","LOCATION":"KASKINAR","V_TYPE":"VILLAGE","BLOCK":"NUAPARA","DISTRICT":"NUAPADA"},"geometry":{"type":"Polygon","coordinates":[[[83.22729,19.75934],[83.22737,19.76094],[83.22775,19.76157],[83.22835,19.76156],[83.23015,19.76029],[83.23087,19.7592],[83.23203,19.75563],[83.23306,19.75465],[83.2328,19.75396],[83.2319,19.75345],[83.23014,19.75358],[83.2289,19.75646],[83.22771,19.75801],[83.22729,19.75934]]]}},{"type":"Feature","properties":{"LCODE":"100140001000100305","LOCATION":"MANDIA BIRI ALIS PANCHAKU","V_TYPE":"VILLAGE","BLOCK":"NUAPARA","DISTRICT":"NUAPADA"},"geometry":{"type":"Polygon","coordinates":[[[83.21986,19.75939],[83.22023,19.76019],[83.22071,19.76013],[83.22256,19.75765],[83.22256,19.7569],[83.22157,19.75588],[83.22103,19.75583],[83.22031,19.7564],[83.21986,19.75939]]]}},{"type":"Feature","properties":{"LCODE":"100140001000100322","LOCATION":"JHENJAKAPITA","V_TYPE":"VILLAGE","BLOCK":"NUAPARA","DISTRICT":"NUAPADA"},"geometry":{"type":"Polygon","coordinates":[[[83.25183,19.75622],[83.25213,19.7572],[83.25298,19.75755],[83.25405,19.75894],[83.25459,19.75889],[83.25553,19.75446],[83.25427,19.75244],[83.25337,19.75215],[83.25258,19.75283],[83.25202,19.7545],[83.25183,19.75622]]]}},{"type":"Feature","properties":{"LCODE":"100140001000100314","LOCATION":"NEHELA","V_TYPE":"VILLAGE","BLOCK":"NUAPARA","DISTRICT":"NUAPADA"},"geometry":{"type":"Polygon","coordinates":[[[83.14788,19.7413],[83.14867,19.74397],[83.14922,19.74409],[83.15015,19.74331],[83.1505,19.74135],[83.15118,19.74045],[83.15338,19.74038],[83.15504,19.73943],[83.15695,19.73572],[83.15762,19.73268],[83.15876,19.73097],[83.15883,19.73057],[83.15813,19.72917],[83.15744,19.72674],[83.15648,19.72637],[83.15416,19.72638],[83.15395,19.72799],[83.15492,19.73084],[83.15426,19.73336],[83.15319,19.7349],[83.14822,19.73958],[83.1479,19.74015],[83.14788,19.7413]]]}},{"type":"Feature","properties":{"LCODE":"100140001000100313","LOCATION":"JAKAM","V_TYPE":"VILLAGE","BLOCK":"NUAPARA","DISTRICT":"NUAPADA"},"geometry":{"type":"Polygon","coordinates":[[[83.10279,19.73837],[83.10326,19.73907],[83.104,19.73926],[83.10624,19.73965],[83.1068,19.73932],[83.10664,19.73805],[83.10592,19.73734],[83.10575,19.7367],[83.10521,19.73635],[83.10405,19.73638],[83.10287,19.73786],[83.10279,19.73837]]]}},{"type":"Feature","properties":{"LCODE":"100140001000100315","LOCATION":"MAKHAGUDA","V_TYPE":"VILLAGE","BLOCK":"NUAPARA","DISTRICT":"NUAPADA"},"geometry":{"type":"Polygon","coordinates":[[[83.15285,19.72474],[83.15382,19.72494],[83.15579,19.72417],[83.15701,19.72425],[83.15839,19.72486],[83.159,19.72487],[83.15956,19.72442],[83.16125,19.71938],[83.16143,19.71656],[83.16245,19.71439],[83.16235,19.71352],[83.16181,19.71293],[83.1609,19.71309],[83.15913,19.71565],[83.15759,19.71683],[83.15661,19.71721],[83.15591,19.71869],[83.1543,19.71959],[83.15433,19.72143],[83.153,19.72377],[83.15285,19.72474]]]}},{"type":"Feature","properties":{"LCODE":"100140001000100319","LOCATION":"BELAGADA","V_TYPE":"VILLAGE","BLOCK":"NUAPARA","DISTRICT":"NUAPADA"},"geometry":{"type":"Polygon","coordinates":[[[83.18343,19.72196],[83.18389,19.72272],[83.18605,19.72224],[83.18678,19.72231],[83.18787,19.72291],[83.18835,19.72269],[83.18831,19.72206],[83.18772,19.72101],[83.18652,19.72018],[83.18536,19.72021],[83.18376,19.72075],[83.18345,19.72121],[83.18343,19.72196]]]}},{"type":"Feature","properties":{"LCODE":"100140001000100318","LOCATION":"UPARPAKHI","V_TYPE":"VILLAGE","BLOCK":"NUAPARA","DISTRICT":"NUAPADA"},"geometry":{"type":"Polygon","coordinates":[[[83.19743,19.70806],[83.19788,19.70962],[83.19797,19.71141],[83.19827,19.71159],[83.20095,19.70888],[83.20115,19.70784],[83.20044,19.70696],[83.19905,19.70642],[83.19794,19.70668],[83.19745,19.70725],[83.19743,19.70806]]]}},{"type":"Feature","properties":{"LCODE":"100140001000100316","LOCATION":"LENINGPADAR","V_TYPE":"VILLAGE","BLOCK":"NUAPARA","DISTRICT":"NUAPADA"},"geometry":{"type":"Polygon","coordinates":[[[83.13501,19.70227],[83.13589,19.70296],[83.13611,19.70406],[83.13667,19.7035],[83.13789,19.70294],[83.13896,19.7017],[83.14035,19.70213],[83.14151,19.70186],[83.14248,19.70234],[83.1442,19.70186],[83.14552,19.70241],[83.14602,19.70195],[83.14561,19.70114],[83.14563,19.70028],[83.14663,19.69903],[83.14736,19.69887],[83.15028,19.69933],[83.15121,19.69901],[83.14957,19.69816],[83.14684,19.69771],[83.14413,19.69587],[83.14274,19.69561],[83.1415,19.6965],[83.13979,19.69705],[83.13843,19.69794],[83.1376,19.69988],[83.13556,19.70117],[83.13501,19.70227]]]}},{"type":"Feature","properties":{"LCODE":"100140001000100317","LOCATION":"KARAGADAMBA ALIS PANCHABH","V_TYPE":"VILLAGE","BLOCK":"NUAPARA","DISTRICT":"NUAPADA"},"geometry":{"type":"Polygon","coordinates":[[[83.20994,19.69251],[83.21243,19.69573],[83.2134,19.69558],[83.21552,19.6966],[83.21674,19.69668],[83.2176,19.69618],[83.21779,19.69578],[83.21751,19.69468],[83.21649,19.69368],[83.20994,19.69251]]]}}]}