{"type":"FeatureCollection","features":[{"type":"Feature","properties":{"LCODE":"010250022002200001","LOCATION":"BADMAL","V_TYPE":"VILLAGE","BLOCK":"REAMAL","DISTRICT":"DEOGARH"},"geometry":{"type":"Polygon","coordinates":[[[84.3016,21.804],[84.30229,21.80454],[84.30316,21.80473],[84.30434,21.80573],[84.30553,21.8061],[84.31075,21.81108],[84.312,21.8117],[84.31231,21.8122],[84.31401,21.82513],[84.31641,21.82447],[84.32448,21.82327],[84.3265,21.82256],[84.32362,21.81879],[84.32124,21.81677],[84.3188,21.81419],[84.3177,21.81189],[84.31544,21.80907],[84.31403,21.80643],[84.31348,21.80505],[84.31339,21.80286],[84.3016,21.804]]]}},{"type":"Feature","properties":{"LCODE":"010250022002200006","LOCATION":"PADARIKATA","V_TYPE":"VILLAGE","BLOCK":"REAMAL","DISTRICT":"DEOGARH"},"geometry":{"type":"Polygon","coordinates":[[[84.35149,21.8173],[84.3535,21.818],[84.35484,21.81886],[84.3571,21.82127],[84.36004,21.82288],[84.36187,21.82277],[84.36242,21.82202],[84.36675,21.81981],[84.36681,21.81754],[84.3662,21.81323],[84.36535,21.81111],[84.36327,21.80933],[84.36205,21.8087],[84.35997,21.80841],[84.35905,21.80795],[84.35728,21.808],[84.35288,21.80967],[84.35203,21.81076],[84.35149,21.8173]]]}},{"type":"Feature","properties":{"LCODE":"010250022002200003","LOCATION":"KHANDOKATA","V_TYPE":"VILLAGE","BLOCK":"REAMAL","DISTRICT":"DEOGARH"},"geometry":{"type":"Polygon","coordinates":[[[84.31339,21.80286],[84.31348,21.80505],[84.31403,21.80643],[84.31544,21.80907],[84.3177,21.81189],[84.3188,21.81419],[84.32124,21.81677],[84.32362,21.81879],[84.3265,21.82256],[84.32998,21.82142],[84.32961,21.81902],[84.329,21.81764],[84.3246,21.81287],[84.32271,21.80994],[84.32283,21.80907],[84.32436,21.80741],[84.32894,21.80362],[84.33303,21.80075],[84.34751,21.79841],[84.34726,21.79628],[84.34525,21.79266],[84.34464,21.79094],[84.34439,21.78904],[84.34457,21.78789],[84.34561,21.78542],[84.34549,21.78312],[84.34372,21.78106],[84.34152,21.78048],[84.33956,21.78197],[84.3326,21.78426],[84.32796,21.7869],[84.32505,21.78869],[84.32619,21.79029],[84.32809,21.79512],[84.32845,21.79672],[84.32803,21.79799],[84.32619,21.7996],[84.32399,21.80069],[84.31339,21.80286]]]}},{"type":"Feature","properties":{"LCODE":"010250022002200004","LOCATION":"SAHAJ BAHAL","V_TYPE":"VILLAGE","BLOCK":"REAMAL","DISTRICT":"DEOGARH"},"geometry":{"type":"Polygon","coordinates":[[[84.32271,21.80994],[84.3246,21.81287],[84.329,21.81764],[84.32961,21.81902],[84.32998,21.82142],[84.33981,21.81851],[84.34299,21.81802],[84.34232,21.81495],[84.34183,21.80415],[84.34207,21.80225],[84.34315,21.7992],[84.33303,21.80075],[84.32894,21.80362],[84.32436,21.80741],[84.32283,21.80907],[84.32271,21.80994]]]}},{"type":"Feature","properties":{"LCODE":"010250022002200007","LOCATION":"RAMTILEIMAL","V_TYPE":"VILLAGE","BLOCK":"REAMAL","DISTRICT":"DEOGARH"},"geometry":{"type":"Polygon","coordinates":[[[84.36864,21.79911],[84.36889,21.80118],[84.37176,21.80652],[84.3725,21.80841],[84.37494,21.81117],[84.3761,21.81376],[84.37598,21.81565],[84.37505,21.82027],[84.3802,21.82128],[84.38393,21.82128],[84.38734,21.82002],[84.38759,21.81944],[84.39009,21.81784],[84.3918,21.81606],[84.39272,21.81405],[84.39296,21.81181],[84.38984,21.80349],[84.38923,21.79849],[84.38856,21.79993],[84.38782,21.80056],[84.3847,21.79752],[84.37774,21.7963],[84.37676,21.79596],[84.37499,21.79395],[84.37377,21.79378],[84.37194,21.7944],[84.36933,21.79428],[84.36882,21.79618],[84.36864,21.79911]]]}},{"type":"Feature","properties":{"LCODE":"010250022002200008","LOCATION":"PARUA BHADI","V_TYPE":"VILLAGE","BLOCK":"REAMAL","DISTRICT":"DEOGARH"},"geometry":{"type":"Polygon","coordinates":[[[84.34498,21.79207],[84.34726,21.79628],[84.34756,21.79811],[84.35514,21.80019],[84.35728,21.80261],[84.36043,21.80841],[84.36205,21.8087],[84.36327,21.80933],[84.36535,21.81111],[84.3662,21.81323],[84.36681,21.81754],[84.36675,21.81981],[84.36804,21.81938],[84.36987,21.81944],[84.37164,21.81967],[84.37244,21.82018],[84.37505,21.82027],[84.37598,21.81565],[84.3761,21.81376],[84.37494,21.81117],[84.3725,21.80841],[84.37176,21.80652],[84.36889,21.80118],[84.36864,21.80014],[84.36882,21.79618],[84.36933,21.79428],[84.36687,21.79331],[84.36455,21.79153],[84.36412,21.7909],[84.35856,21.78917],[84.35484,21.78876],[84.35239,21.78893],[84.3486,21.78991],[84.34714,21.79054],[84.34498,21.79207]]]}},{"type":"Feature","properties":{"LCODE":"010250022002200005","LOCATION":"JATIAPALI [SAN]","V_TYPE":"VILLAGE","BLOCK":"REAMAL","DISTRICT":"DEOGARH"},"geometry":{"type":"Polygon","coordinates":[[[84.34183,21.80415],[84.34232,21.81495],[84.34299,21.81802],[84.34794,21.81719],[84.35149,21.8173],[84.35203,21.81076],[84.35288,21.80967],[84.35728,21.808],[84.35905,21.80795],[84.36043,21.80841],[84.35863,21.80473],[84.35575,21.80065],[84.35514,21.80019],[84.34756,21.79811],[84.34751,21.79841],[84.34315,21.7992],[84.34207,21.80225],[84.34183,21.80415]]]}},{"type":"Feature","properties":{"LCODE":"010250022002200002","LOCATION":"JUNANI","V_TYPE":"VILLAGE","BLOCK":"REAMAL","DISTRICT":"DEOGARH"},"geometry":{"type":"Polygon","coordinates":[[[84.29507,21.79545],[84.29538,21.79614],[84.29731,21.79595],[84.2983,21.7967],[84.29955,21.79906],[84.30074,21.8033],[84.3016,21.804],[84.31318,21.80298],[84.3152,21.80235],[84.32399,21.80069],[84.32619,21.7996],[84.32803,21.79799],[84.32845,21.79672],[84.32809,21.79512],[84.32619,21.79029],[84.32505,21.78869],[84.32051,21.79045],[84.31477,21.79137],[84.30793,21.79372],[84.30145,21.79314],[84.29773,21.7925],[84.29568,21.7925],[84.29662,21.79321],[84.29668,21.79371],[84.29644,21.79471],[84.29513,21.79496],[84.29507,21.79545]]]}},{"type":"Feature","properties":{"LCODE":"01025002200220rf","LOCATION":"RF","V_TYPE":"FOREST","BLOCK":"REAMAL","DISTRICT":"DEOGARH"},"geometry":{"type":"Polygon","coordinates":[[[84.36406,21.79021],[84.36412,21.7909],[84.36455,21.79153],[84.36754,21.79366],[84.36967,21.7944],[84.37083,21.79452],[84.37457,21.79378],[84.37676,21.79596],[84.3847,21.79752],[84.38782,21.80056],[84.38898,21.7993],[84.38989,21.79609],[84.3902,21.79568],[84.39124,21.79574],[84.39277,21.79632],[84.39368,21.7993],[84.39423,21.79993],[84.3946,21.79993],[84.39503,21.79913],[84.39484,21.79798],[84.39344,21.79488],[84.39343,21.79419],[84.39491,21.79356],[84.39343,21.7888],[84.39368,21.78759],[84.39435,21.78673],[84.39508,21.78593],[84.39673,21.78501],[84.39667,21.78306],[84.39635,21.78226],[84.39594,21.78197],[84.39233,21.78231],[84.39086,21.7822],[84.38854,21.7815],[84.38439,21.77794],[84.38225,21.77639],[84.38066,21.7757],[84.37871,21.77598],[84.37773,21.7773],[84.37621,21.77719],[84.37468,21.77845],[84.37376,21.77839],[84.37248,21.77603],[84.37266,21.77391],[84.37223,21.77282],[84.37138,21.77224],[84.3704,21.77213],[84.36918,21.77299],[84.36918,21.77379],[84.36985,21.77471],[84.36967,21.77494],[84.36832,21.77453],[84.36784,21.77499],[84.3679,21.77585],[84.3693,21.77712],[84.36918,21.77804],[84.36527,21.78406],[84.36412,21.78837],[84.36406,21.79021]]]}},{"type":"Feature","properties":{"LCODE":"010250022002200089","LOCATION":"KALHAPADA","V_TYPE":"VILLAGE","BLOCK":"REAMAL","DISTRICT":"DEOGARH"},"geometry":{"type":"Polygon","coordinates":[[[84.39471,21.78632],[84.39557,21.78805],[84.39661,21.78886],[84.39906,21.78892],[84.39991,21.78921],[84.41023,21.79415],[84.41286,21.7945],[84.41396,21.79415],[84.41585,21.79295],[84.41756,21.79129],[84.41762,21.78957],[84.41597,21.78681],[84.41511,21.78457],[84.41553,21.78331],[84.41627,21.78297],[84.417,21.78308],[84.4189,21.7844],[84.42342,21.78888],[84.4252,21.79129],[84.42878,21.79254],[84.42861,21.7913],[84.42623,21.78728],[84.42133,21.78217],[84.41779,21.77895],[84.41602,21.7793],[84.41492,21.77912],[84.40491,21.77601],[84.39941,21.774],[84.3988,21.77417],[84.39806,21.77486],[84.39782,21.77572],[84.39751,21.77905],[84.39635,21.78226],[84.39685,21.78432],[84.39673,21.78501],[84.39471,21.78632]]]}},{"type":"Feature","properties":{"LCODE":"010250022002200091","LOCATION":"NIKTIMAL","V_TYPE":"VILLAGE","BLOCK":"REAMAL","DISTRICT":"DEOGARH"},"geometry":{"type":"Polygon","coordinates":[[[84.42799,21.78568],[84.42861,21.78797],[84.42855,21.78912],[84.42806,21.79019],[84.42861,21.7913],[84.42878,21.79254],[84.43149,21.79365],[84.43472,21.7944],[84.44022,21.79366],[84.44205,21.79314],[84.44376,21.79229],[84.44638,21.78976],[84.44722,21.7881],[84.44754,21.78661],[84.44748,21.78569],[84.44681,21.78409],[84.44395,21.77977],[84.44167,21.78024],[84.43941,21.78219],[84.43752,21.78339],[84.43484,21.78436],[84.43313,21.78459],[84.43136,21.7847],[84.42885,21.78441],[84.42799,21.78568]]]}},{"type":"Feature","properties":{"LCODE":"010250022002200011","LOCATION":"HALDIPALI AND KUDOPALI","V_TYPE":"VILLAGE","BLOCK":"REAMAL","DISTRICT":"DEOGARH"},"geometry":{"type":"Polygon","coordinates":[[[84.29264,21.7896],[84.29264,21.7906],[84.29327,21.79153],[84.29451,21.79172],[84.29568,21.7925],[84.29773,21.7925],[84.30695,21.79372],[84.30866,21.79361],[84.30976,21.79297],[84.31477,21.79137],[84.32051,21.79045],[84.32613,21.78816],[84.33132,21.78495],[84.33083,21.78294],[84.33102,21.78075],[84.33163,21.7784],[84.32833,21.77839],[84.32368,21.77902],[84.32057,21.77896],[84.31331,21.77786],[84.30801,21.77589],[84.30897,21.77866],[84.30915,21.78383],[84.30866,21.78458],[84.30329,21.78722],[84.29938,21.7886],[84.29535,21.78876],[84.29301,21.78782],[84.29264,21.7896]]]}},{"type":"Feature","properties":{"LCODE":"010250022002200009","LOCATION":"PATRA PALI","V_TYPE":"VILLAGE","BLOCK":"REAMAL","DISTRICT":"DEOGARH"},"geometry":{"type":"Polygon","coordinates":[[[84.34152,21.78048],[84.34372,21.78106],[84.34549,21.78312],[84.34561,21.78542],[84.34457,21.78789],[84.34439,21.78904],[84.34498,21.79207],[84.34714,21.79054],[84.3486,21.78991],[84.35368,21.78876],[84.35856,21.78917],[84.36412,21.7909],[84.36412,21.78837],[84.36527,21.78406],[84.3685,21.7788],[84.36192,21.77746],[84.35978,21.77659],[84.35526,21.77636],[84.34848,21.77698],[84.34683,21.77744],[84.34409,21.77928],[84.34152,21.78048]]]}},{"type":"Feature","properties":{"LCODE":"010250022002200092","LOCATION":"DANSANADIHI","V_TYPE":"VILLAGE","BLOCK":"REAMAL","DISTRICT":"DEOGARH"},"geometry":{"type":"Polygon","coordinates":[[[84.41779,21.77895],[84.42133,21.78217],[84.42623,21.78728],[84.42806,21.79019],[84.42855,21.78912],[84.42861,21.78797],[84.42799,21.78568],[84.42867,21.78453],[84.4294,21.78436],[84.43136,21.7847],[84.43484,21.78436],[84.43752,21.78339],[84.43941,21.78219],[84.44167,21.78024],[84.44395,21.77977],[84.44234,21.77703],[84.44228,21.77468],[84.44398,21.77118],[84.44508,21.77021],[84.44661,21.76804],[84.44495,21.76362],[84.44229,21.7549],[84.44122,21.75438],[84.43645,21.75437],[84.43578,21.75391],[84.43571,21.75362],[84.43651,21.75236],[84.43656,21.7498],[84.43636,21.74802],[84.43562,21.74653],[84.43488,21.74631],[84.43336,21.74667],[84.4303,21.7483],[84.42933,21.74917],[84.42912,21.75063],[84.42595,21.7559],[84.42425,21.7582],[84.42303,21.76043],[84.42113,21.76232],[84.42059,21.76335],[84.42004,21.76599],[84.41992,21.76881],[84.42023,21.76915],[84.42023,21.77104],[84.4187,21.77201],[84.41779,21.77895]]]}},{"type":"Feature","properties":{"LCODE":"010250022002200012","LOCATION":"PANPALI","V_TYPE":"VILLAGE","BLOCK":"REAMAL","DISTRICT":"DEOGARH"},"geometry":{"type":"Polygon","coordinates":[[[84.28872,21.77279],[84.28872,21.7736],[84.29115,21.77466],[84.2927,21.77628],[84.29282,21.78076],[84.29177,21.78213],[84.29177,21.78294],[84.29276,21.78599],[84.29301,21.78782],[84.29535,21.78876],[84.29938,21.7886],[84.30133,21.78802],[84.30726,21.78539],[84.30866,21.78458],[84.30915,21.78383],[84.30897,21.77866],[84.30801,21.77589],[84.29865,21.77169],[84.29365,21.76864],[84.29188,21.76651],[84.2908,21.76629],[84.28891,21.76708],[84.28903,21.7703],[84.28872,21.77279]]]}},{"type":"Feature","properties":{"LCODE":"010250022002200010","LOCATION":"LAKHO PADA","V_TYPE":"VILLAGE","BLOCK":"REAMAL","DISTRICT":"DEOGARH"},"geometry":{"type":"Polygon","coordinates":[[[84.33083,21.78294],[84.33132,21.78495],[84.3326,21.78426],[84.33956,21.78197],[84.34152,21.78048],[84.34116,21.77921],[84.3409,21.77577],[84.34138,21.77162],[84.3406,21.77088],[84.33882,21.77053],[84.33712,21.77249],[84.33431,21.77478],[84.33279,21.77662],[84.33157,21.77851],[84.33083,21.78294]]]}},{"type":"Feature","properties":{"LCODE":"010250022002200088","LOCATION":"RAMJHALI","V_TYPE":"VILLAGE","BLOCK":"REAMAL","DISTRICT":"DEOGARH"},"geometry":{"type":"Polygon","coordinates":[[[84.37162,21.76495],[84.37162,21.76558],[84.37229,21.76599],[84.37577,21.76651],[84.37638,21.76685],[84.37822,21.7699],[84.3792,21.77053],[84.38231,21.77162],[84.38329,21.77283],[84.38359,21.77541],[84.38242,21.77651],[84.38439,21.77794],[84.3872,21.78058],[84.38854,21.7815],[84.39086,21.7822],[84.39397,21.78231],[84.39551,21.78191],[84.39635,21.78226],[84.39751,21.77905],[84.39799,21.77512],[84.39561,21.76722],[84.39214,21.76182],[84.39146,21.75993],[84.39194,21.75769],[84.39384,21.75563],[84.3942,21.75402],[84.39654,21.74919],[84.39647,21.74824],[84.3961,21.7479],[84.39346,21.74649],[84.39241,21.74627],[84.39168,21.74627],[84.39052,21.74692],[84.38917,21.74721],[84.3885,21.74693],[84.38683,21.74534],[84.38511,21.74518],[84.38003,21.74574],[84.37923,21.74632],[84.37721,21.75012],[84.37625,21.75279],[84.37283,21.75743],[84.37254,21.75829],[84.37357,21.76048],[84.37357,21.76185],[84.37339,21.7626],[84.37162,21.76495]]]}},{"type":"Feature","properties":{"LCODE":"01025002200220town","LOCATION":"KOCHINDA TOWN","V_TYPE":"TOWN","BLOCK":"REAMAL","DISTRICT":"DEOGARH"},"geometry":{"type":"Polygon","coordinates":[[[84.32263,21.72666],[84.32402,21.72875],[84.32416,21.72995],[84.32265,21.73496],[84.32286,21.73789],[84.32497,21.74224],[84.32561,21.74626],[84.32623,21.74786],[84.32697,21.74849],[84.32789,21.74871],[84.32893,21.74772],[84.32935,21.7464],[84.33086,21.7442],[84.33276,21.74361],[84.33454,21.74383],[84.33534,21.74434],[84.33627,21.74582],[84.33738,21.74886],[84.34243,21.75543],[84.34689,21.75871],[84.34731,21.75958],[84.34805,21.76859],[84.34756,21.77106],[84.3472,21.77175],[84.34567,21.7725],[84.34402,21.77261],[84.34225,21.77215],[84.34138,21.77162],[84.3409,21.77577],[84.3414,21.78042],[84.34409,21.77928],[84.34683,21.77744],[84.34848,21.77698],[84.35526,21.77636],[84.35978,21.77659],[84.36192,21.77746],[84.3685,21.7788],[84.36918,21.77804],[84.3693,21.77712],[84.3679,21.77585],[84.36784,21.77499],[84.36832,21.77453],[84.36967,21.77494],[84.36985,21.77471],[84.36918,21.77379],[84.36918,21.77299],[84.3704,21.77213],[84.37138,21.77224],[84.37223,21.77282],[84.37266,21.77391],[84.37248,21.77603],[84.37376,21.77839],[84.37468,21.77845],[84.37621,21.77719],[84.37773,21.7773],[84.37871,21.77598],[84.38066,21.7757],[84.38242,21.77651],[84.38359,21.77541],[84.38329,21.77283],[84.38231,21.77162],[84.3792,21.77053],[84.37822,21.7699],[84.37638,21.76685],[84.37577,21.76651],[84.37229,21.76599],[84.37162,21.76558],[84.37162,21.76495],[84.37339,21.7626],[84.37357,21.76185],[84.37357,21.76048],[84.37254,21.75829],[84.37283,21.75743],[84.37625,21.75279],[84.37721,21.75012],[84.37923,21.74632],[84.38082,21.7455],[84.38511,21.74518],[84.38707,21.74542],[84.38707,21.74482],[84.38767,21.74401],[84.39017,21.74187],[84.39047,21.74032],[84.39033,21.73699],[84.38943,21.73229],[84.3875,21.72823],[84.38552,21.72556],[84.38504,21.72567],[84.38377,21.7278],[84.38279,21.72804],[84.38205,21.72787],[84.38076,21.72685],[84.37865,21.72314],[84.37692,21.72172],[84.37563,21.72121],[84.37478,21.72144],[84.37405,21.723],[84.37289,21.7245],[84.36967,21.72798],[84.36864,21.72873],[84.36381,21.73009],[84.36001,21.73081],[84.35732,21.73072],[84.35559,21.72958],[84.35432,21.7277],[84.3538,21.72747],[84.35275,21.72719],[84.34705,21.72718],[84.34624,21.72392],[84.34525,21.72191],[84.34222,21.7193],[84.34032,21.71805],[84.33847,21.71726],[84.33688,21.71733],[84.33352,21.71862],[84.32978,21.71917],[84.32764,21.72022],[84.32655,21.72109],[84.32263,21.72666]]]}},{"type":"Feature","properties":{"LCODE":"010250022002200090","LOCATION":"RAMBHEIKHANDI","V_TYPE":"VILLAGE","BLOCK":"REAMAL","DISTRICT":"DEOGARH"},"geometry":{"type":"Polygon","coordinates":[[[84.39464,21.76556],[84.39561,21.76722],[84.39799,21.77512],[84.3988,21.77417],[84.39941,21.774],[84.40491,21.77601],[84.41492,21.77912],[84.41602,21.7793],[84.41792,21.77895],[84.41804,21.77597],[84.4187,21.77201],[84.42023,21.77104],[84.42023,21.76915],[84.41986,21.76875],[84.41534,21.76868],[84.40771,21.76764],[84.40215,21.76648],[84.39763,21.7651],[84.39464,21.76556]]]}},{"type":"Feature","properties":{"LCODE":"010250022002200013","LOCATION":"KINDIRA","V_TYPE":"VILLAGE","BLOCK":"REAMAL","DISTRICT":"DEOGARH"},"geometry":{"type":"Polygon","coordinates":[[[84.2907,21.76627],[84.29188,21.76651],[84.29365,21.76864],[84.29865,21.77169],[84.30317,21.77354],[84.30616,21.77521],[84.31331,21.77786],[84.32057,21.77896],[84.32368,21.77902],[84.32833,21.77839],[84.33163,21.7784],[84.33431,21.77478],[84.33712,21.77249],[84.33882,21.77053],[84.3381,21.77013],[84.33706,21.76841],[84.3359,21.76829],[84.33529,21.76755],[84.3348,21.76657],[84.33474,21.76421],[84.33242,21.76145],[84.33187,21.75869],[84.33242,21.75668],[84.33175,21.75415],[84.33108,21.75289],[84.33035,21.7526],[84.32796,21.75386],[84.32754,21.75386],[84.32704,21.7534],[84.32703,21.75123],[84.32789,21.74871],[84.32697,21.74849],[84.32643,21.74803],[84.32558,21.7491],[84.32393,21.75259],[84.31654,21.76108],[84.31532,21.7612],[84.31233,21.75993],[84.30959,21.76148],[84.29951,21.76382],[84.29615,21.76433],[84.29279,21.76525],[84.2907,21.76627]]]}},{"type":"Feature","properties":{"LCODE":"010250022002200014","LOCATION":"SINKAL POSHI","V_TYPE":"VILLAGE","BLOCK":"REAMAL","DISTRICT":"DEOGARH"},"geometry":{"type":"Polygon","coordinates":[[[84.32686,21.75248],[84.32704,21.7534],[84.32754,21.75386],[84.3287,21.75363],[84.33035,21.7526],[84.33083,21.75266],[84.33126,21.75318],[84.33242,21.75668],[84.33187,21.75869],[84.33242,21.76145],[84.33474,21.76421],[84.3348,21.76657],[84.3359,21.76829],[84.33706,21.76841],[84.3381,21.77013],[84.33858,21.77048],[84.3406,21.77088],[84.34225,21.77215],[84.34402,21.77261],[84.34567,21.7725],[84.3472,21.77175],[84.34787,21.76997],[84.34805,21.76859],[84.34731,21.75958],[84.34689,21.75871],[84.34243,21.75543],[84.33738,21.74886],[84.33627,21.74582],[84.33534,21.74434],[84.33454,21.74383],[84.33276,21.74361],[84.33086,21.7442],[84.32935,21.7464],[84.32893,21.74772],[84.32789,21.74871],[84.32686,21.75248]]]}},{"type":"Feature","properties":{"LCODE":"01025002200220rf","LOCATION":"RF","V_TYPE":"FOREST","BLOCK":"REAMAL","DISTRICT":"DEOGARH"},"geometry":{"type":"Polygon","coordinates":[[[84.42493,21.72631],[84.42517,21.73366],[84.4286,21.73369],[84.43002,21.73488],[84.4318,21.73493],[84.43241,21.73521],[84.43272,21.73589],[84.43305,21.73887],[84.43355,21.73904],[84.43617,21.73833],[84.44106,21.73554],[84.44326,21.73472],[84.44766,21.73365],[84.44883,21.73358],[84.44962,21.73403],[84.45213,21.74141],[84.45335,21.74786],[84.45492,21.75137],[84.45507,21.75446],[84.45575,21.75629],[84.45569,21.75767],[84.45532,21.75927],[84.45416,21.76116],[84.44849,21.76603],[84.44685,21.76769],[84.44447,21.77079],[84.4485,21.77056],[84.45574,21.7707],[84.45966,21.76358],[84.4624,21.75963],[84.46454,21.75711],[84.46652,21.75317],[84.46261,21.74972],[84.46063,21.74713],[84.45678,21.74017],[84.45403,21.7336],[84.45444,21.72998],[84.45606,21.72609],[84.44996,21.7287],[84.44836,21.72883],[84.4467,21.72787],[84.44645,21.72712],[84.44669,21.72643],[84.44962,21.72321],[84.43654,21.72084],[84.43593,21.72102],[84.43551,21.72176],[84.43798,21.7257],[84.43817,21.72656],[84.43768,21.72673],[84.43652,21.72686],[84.43498,21.72601],[84.43398,21.7235],[84.43324,21.72276],[84.43073,21.72318],[84.42712,21.72424],[84.4251,21.72426],[84.42758,21.72733],[84.43188,21.72976],[84.43165,21.73091],[84.4308,21.73201],[84.42957,21.73173],[84.42779,21.73037],[84.42649,21.72901],[84.42493,21.72631]]]}},{"type":"Feature","properties":{"LCODE":"010250022002200093","LOCATION":"[DHANUDIHA] DHANUDIHI","V_TYPE":"VILLAGE","BLOCK":"REAMAL","DISTRICT":"DEOGARH"},"geometry":{"type":"Polygon","coordinates":[[[84.39146,21.75912],[84.39189,21.7613],[84.39445,21.76556],[84.39763,21.7651],[84.40215,21.76648],[84.40771,21.76764],[84.41534,21.76868],[84.41785,21.76857],[84.41992,21.76881],[84.42028,21.7645],[84.42101,21.76256],[84.41772,21.76008],[84.41563,21.75772],[84.41487,21.75637],[84.41203,21.75703],[84.39829,21.75758],[84.39616,21.75724],[84.3942,21.75632],[84.39378,21.75569],[84.39231,21.75712],[84.39146,21.75912]]]}},{"type":"Feature","properties":{"LCODE":"010250022002200096","LOCATION":"ARJUNDIHI(ARJUNDIHA)","V_TYPE":"VILLAGE","BLOCK":"REAMAL","DISTRICT":"DEOGARH"},"geometry":{"type":"Polygon","coordinates":[[[84.44229,21.7549],[84.44495,21.76362],[84.44661,21.76804],[84.44849,21.76603],[84.45416,21.76116],[84.45502,21.75996],[84.45569,21.75767],[84.45551,21.75537],[84.45507,21.7544],[84.45477,21.75434],[84.45196,21.75462],[84.44976,21.75519],[84.4461,21.75456],[84.44229,21.7549]]]}},{"type":"Feature","properties":{"LCODE":"010250022002200015","LOCATION":"SATKAMA","V_TYPE":"VILLAGE","BLOCK":"REAMAL","DISTRICT":"DEOGARH"},"geometry":{"type":"Polygon","coordinates":[[[84.28281,21.76145],[84.28468,21.76147],[84.28542,21.76209],[84.28579,21.76296],[84.28579,21.76489],[84.28748,21.7657],[84.28891,21.76708],[84.29133,21.76582],[84.29438,21.76479],[84.30959,21.76148],[84.31233,21.75993],[84.31532,21.7612],[84.31654,21.76108],[84.32393,21.75259],[84.32558,21.7491],[84.32643,21.74803],[84.32561,21.74626],[84.32497,21.74224],[84.32286,21.73789],[84.32279,21.73442],[84.31891,21.73333],[84.31651,21.73335],[84.3123,21.7358],[84.30815,21.73888],[84.30546,21.73924],[84.30155,21.73892],[84.29929,21.74269],[84.29582,21.74651],[84.29406,21.74825],[84.29082,21.75076],[84.28822,21.75236],[84.28675,21.75397],[84.28281,21.76145]]]}},{"type":"Feature","properties":{"LCODE":"010250022002200017","LOCATION":"BUDULA PALI","V_TYPE":"VILLAGE","BLOCK":"REAMAL","DISTRICT":"DEOGARH"},"geometry":{"type":"Polygon","coordinates":[[[84.25758,21.74834],[84.25916,21.75196],[84.26048,21.75675],[84.26208,21.76001],[84.26167,21.76131],[84.25969,21.76325],[84.25889,21.76452],[84.25934,21.76458],[84.25971,21.76508],[84.26002,21.76607],[84.2607,21.76694],[84.26139,21.76682],[84.26176,21.76526],[84.2635,21.76545],[84.26425,21.76514],[84.26431,21.7642],[84.26363,21.76364],[84.26425,21.76283],[84.26942,21.75854],[84.27091,21.75854],[84.27203,21.75941],[84.27409,21.76034],[84.27521,21.76022],[84.27676,21.7596],[84.27789,21.75961],[84.27908,21.75791],[84.27991,21.75287],[84.27991,21.75172],[84.27918,21.7501],[84.2753,21.74766],[84.26958,21.74477],[84.26608,21.74336],[84.25986,21.74248],[84.25758,21.74834]]]}},{"type":"Feature","properties":{"LCODE":"01027002700270rf","LOCATION":"RF","V_TYPE":"FOREST","BLOCK":"TILEIBANI","DISTRICT":"DEOGARH"},"geometry":{"type":"Polygon","coordinates":[[[84.65005,21.7531],[84.6504,21.75576],[84.65118,21.75729],[84.65453,21.76173],[84.65501,21.76503],[84.65729,21.76395],[84.66198,21.76414],[84.66429,21.76336],[84.66593,21.76215],[84.66891,21.75882],[84.6745,21.75483],[84.67915,21.74999],[84.67715,21.74898],[84.67641,21.749],[84.67429,21.7502],[84.67275,21.75046],[84.6674,21.75035],[84.66435,21.75128],[84.66012,21.7516],[84.65511,21.74994],[84.6515,21.74833],[84.65153,21.74932],[84.65075,21.74999],[84.65005,21.7531]]]}},{"type":"Feature","properties":{"LCODE":"010250022002200095","LOCATION":"LAIDAGUNA","V_TYPE":"VILLAGE","BLOCK":"REAMAL","DISTRICT":"DEOGARH"},"geometry":{"type":"Polygon","coordinates":[[[84.41487,21.75637],[84.41563,21.75772],[84.41772,21.76008],[84.42101,21.76256],[84.42303,21.76043],[84.42425,21.7582],[84.42595,21.7559],[84.42912,21.75063],[84.42933,21.74917],[84.4303,21.7483],[84.43256,21.74702],[84.43488,21.74631],[84.43562,21.74653],[84.43636,21.74802],[84.43651,21.75236],[84.43571,21.75362],[84.43615,21.75426],[84.44073,21.75432],[84.44229,21.7549],[84.4461,21.75456],[84.44976,21.75519],[84.45196,21.75462],[84.45507,21.75446],[84.45492,21.75137],[84.45335,21.74786],[84.45213,21.74141],[84.44962,21.73403],[84.44883,21.73358],[84.44766,21.73365],[84.44326,21.73472],[84.44106,21.73554],[84.43538,21.73868],[84.43428,21.73898],[84.43313,21.7389],[84.43211,21.74312],[84.4312,21.74548],[84.43053,21.74669],[84.42876,21.74825],[84.42809,21.74838],[84.42705,21.74752],[84.4261,21.74432],[84.42583,21.74071],[84.42534,21.73945],[84.42442,21.7394],[84.42284,21.74291],[84.42264,21.74791],[84.42204,21.75177],[84.42064,21.75308],[84.41789,21.75411],[84.41487,21.75637]]]}},{"type":"Feature","properties":{"LCODE":"010250022002200016","LOCATION":"TILEIMAL","V_TYPE":"VILLAGE","BLOCK":"REAMAL","DISTRICT":"DEOGARH"},"geometry":{"type":"Polygon","coordinates":[[[84.27789,21.75961],[84.27895,21.76128],[84.27956,21.76171],[84.28281,21.76145],[84.28675,21.75397],[84.28802,21.75243],[84.28573,21.75109],[84.28495,21.75013],[84.28284,21.74977],[84.2809,21.74996],[84.27962,21.75079],[84.27991,21.75287],[84.27908,21.75791],[84.27789,21.75961]]]}},{"type":"Feature","properties":{"LCODE":"010250022002200087","LOCATION":"TELI TILEIMAL","V_TYPE":"VILLAGE","BLOCK":"REAMAL","DISTRICT":"DEOGARH"},"geometry":{"type":"Polygon","coordinates":[[[84.39378,21.75569],[84.3942,21.75632],[84.39616,21.75724],[84.39829,21.75758],[84.41203,21.75703],[84.41487,21.75637],[84.41374,21.75428],[84.41278,21.74891],[84.41166,21.74668],[84.41043,21.74617],[84.40577,21.7465],[84.40264,21.74584],[84.40025,21.74597],[84.39909,21.74574],[84.39848,21.74679],[84.396,21.74786],[84.39647,21.74824],[84.39654,21.74919],[84.3942,21.75402],[84.39378,21.75569]]]}},{"type":"Feature","properties":{"LCODE":"010250022002200094","LOCATION":"MADAN MOHAN PUR","V_TYPE":"VILLAGE","BLOCK":"REAMAL","DISTRICT":"DEOGARH"},"geometry":{"type":"Polygon","coordinates":[[[84.41163,21.74667],[84.41278,21.74891],[84.41374,21.75428],[84.41487,21.75637],[84.41533,21.75612],[84.41789,21.75411],[84.42064,21.75308],[84.42204,21.75177],[84.42264,21.74791],[84.42284,21.74291],[84.42442,21.7394],[84.42362,21.7397],[84.4157,21.74544],[84.41362,21.74638],[84.41163,21.74667]]]}},{"type":"Feature","properties":{"LCODE":"010250022002200019","LOCATION":"KUTURA CHUAN","V_TYPE":"VILLAGE","BLOCK":"REAMAL","DISTRICT":"DEOGARH"},"geometry":{"type":"Polygon","coordinates":[[[84.2789,21.75],[84.27962,21.75079],[84.2809,21.74996],[84.28284,21.74977],[84.28495,21.75013],[84.28573,21.75109],[84.28807,21.75253],[84.29082,21.75076],[84.29406,21.74825],[84.29582,21.74651],[84.29929,21.74269],[84.30155,21.73892],[84.29974,21.73584],[84.29863,21.73464],[84.29517,21.73207],[84.29237,21.734],[84.28951,21.73656],[84.28642,21.74239],[84.28362,21.74546],[84.27966,21.74889],[84.2789,21.75]]]}},{"type":"Feature","properties":{"LCODE":"010270027002700015","LOCATION":"KANDARPA","V_TYPE":"VILLAGE","BLOCK":"TILEIBANI","DISTRICT":"DEOGARH"},"geometry":{"type":"Polygon","coordinates":[[[84.64537,21.7411],[84.64762,21.74235],[84.64894,21.74362],[84.6515,21.74833],[84.6587,21.75129],[84.66012,21.7516],[84.6619,21.75156],[84.66435,21.75128],[84.6674,21.75035],[84.67159,21.75049],[84.67429,21.7502],[84.67626,21.74905],[84.67634,21.74849],[84.67645,21.74762],[84.67467,21.74249],[84.67432,21.73722],[84.67445,21.73521],[84.67491,21.73365],[84.67707,21.72857],[84.67487,21.72888],[84.67384,21.72954],[84.66507,21.73013],[84.66379,21.73062],[84.66119,21.73246],[84.66015,21.73271],[84.65711,21.73163],[84.65361,21.73159],[84.65145,21.73107],[84.6484,21.73098],[84.64851,21.73469],[84.64811,21.73596],[84.64651,21.73841],[84.64537,21.7411]]]}},{"type":"Feature","properties":{"LCODE":"010250022002200018","LOCATION":"PURUNA PANI","V_TYPE":"VILLAGE","BLOCK":"REAMAL","DISTRICT":"DEOGARH"},"geometry":{"type":"Polygon","coordinates":[[[84.25986,21.74248],[84.26608,21.74336],[84.27296,21.74641],[84.27671,21.74845],[84.2789,21.75],[84.27966,21.74889],[84.28362,21.74546],[84.28642,21.74239],[84.28951,21.73656],[84.29237,21.734],[84.29517,21.73207],[84.29506,21.73151],[84.29614,21.7288],[84.2952,21.72281],[84.2841,21.72263],[84.27667,21.7212],[84.27256,21.72002],[84.27102,21.71922],[84.27054,21.72073],[84.26854,21.72396],[84.26482,21.72562],[84.25986,21.74248]]]}},{"type":"Feature","properties":{"LCODE":"010270027002700013","LOCATION":"LAIMURA","V_TYPE":"VILLAGE","BLOCK":"TILEIBANI","DISTRICT":"DEOGARH"},"geometry":{"type":"Polygon","coordinates":[[[84.65456,21.7097],[84.65775,21.70974],[84.66333,21.70927],[84.66504,21.70883],[84.6677,21.70694],[84.6694,21.70604],[84.67093,21.7056],[84.67332,21.70572],[84.67413,21.70622],[84.67528,21.70786],[84.67612,21.70985],[84.67694,21.71385],[84.67666,21.71788],[84.67776,21.72337],[84.67802,21.72675],[84.67491,21.73365],[84.67445,21.73521],[84.67444,21.74026],[84.67467,21.74249],[84.67645,21.74762],[84.67626,21.74905],[84.67715,21.74898],[84.67915,21.74999],[84.68034,21.74888],[84.68066,21.74825],[84.68066,21.74724],[84.67937,21.74269],[84.67734,21.73788],[84.67727,21.73548],[84.67821,21.73396],[84.68158,21.73167],[84.68225,21.73079],[84.6842,21.72534],[84.68587,21.72291],[84.68843,21.71746],[84.6891,21.71531],[84.69125,21.71214],[84.69408,21.70889],[84.69382,21.70521],[84.69238,21.70065],[84.69386,21.69259],[84.69061,21.69254],[84.68777,21.69197],[84.68547,21.69087],[84.68328,21.68914],[84.68213,21.68676],[84.6813,21.68574],[84.67762,21.68272],[84.67565,21.67972],[84.67479,21.67968],[84.67386,21.68194],[84.67313,21.6827],[84.66948,21.68393],[84.66622,21.68653],[84.66437,21.68676],[84.66393,21.68847],[84.66351,21.68917],[84.66245,21.69002],[84.66093,21.69491],[84.66061,21.69704],[84.65828,21.70289],[84.65612,21.70507],[84.65459,21.70849],[84.65456,21.7097]]]}},{"type":"Feature","properties":{"LCODE":"010250022002200097","LOCATION":"JALIBAHAL","V_TYPE":"VILLAGE","BLOCK":"REAMAL","DISTRICT":"DEOGARH"},"geometry":{"type":"Polygon","coordinates":[[[84.42442,21.7394],[84.42534,21.73945],[84.42583,21.74071],[84.4261,21.74432],[84.42705,21.74752],[84.42809,21.74838],[84.42876,21.74825],[84.43053,21.74669],[84.43211,21.74312],[84.43313,21.7389],[84.43241,21.73521],[84.4318,21.73493],[84.43002,21.73488],[84.4286,21.73369],[84.42517,21.73349],[84.42475,21.73521],[84.42442,21.7394]]]}},{"type":"Feature","properties":{"LCODE":"010250022002200086","LOCATION":"MANTRAIMUNDA","V_TYPE":"VILLAGE","BLOCK":"REAMAL","DISTRICT":"DEOGARH"},"geometry":{"type":"Polygon","coordinates":[[[84.38552,21.72556],[84.3875,21.72823],[84.38887,21.73075],[84.38943,21.73229],[84.39033,21.73699],[84.39047,21.74032],[84.39017,21.74187],[84.38767,21.74401],[84.38707,21.74482],[84.38707,21.74551],[84.3885,21.74693],[84.38917,21.74721],[84.39052,21.74692],[84.39168,21.74627],[84.39241,21.74627],[84.39346,21.74649],[84.396,21.74786],[84.39793,21.74714],[84.39848,21.74679],[84.39975,21.74437],[84.40034,21.74115],[84.40033,21.73903],[84.39977,21.73724],[84.39902,21.7372],[84.39571,21.73517],[84.39478,21.73351],[84.39426,21.73082],[84.39182,21.72795],[84.38657,21.7256],[84.38552,21.72556]]]}},{"type":"Feature","properties":{"LCODE":"010250022002200085","LOCATION":"KAPUTIKIRA","V_TYPE":"VILLAGE","BLOCK":"REAMAL","DISTRICT":"DEOGARH"},"geometry":{"type":"Polygon","coordinates":[[[84.39909,21.74574],[84.40025,21.74597],[84.40264,21.74584],[84.40577,21.7465],[84.40945,21.74612],[84.41043,21.74617],[84.41163,21.74667],[84.41362,21.74638],[84.41602,21.74523],[84.41563,21.74458],[84.41621,21.74119],[84.41497,21.73856],[84.41399,21.73765],[84.41239,21.73761],[84.41158,21.73624],[84.41004,21.73511],[84.40753,21.73553],[84.40332,21.7356],[84.40263,21.73608],[84.40141,21.73615],[84.39977,21.73724],[84.40033,21.73903],[84.40034,21.74115],[84.39975,21.74437],[84.39909,21.74574]]]}},{"type":"Feature","properties":{"LCODE":"010250022002200082","LOCATION":"BARPANK","V_TYPE":"VILLAGE","BLOCK":"REAMAL","DISTRICT":"DEOGARH"},"geometry":{"type":"Polygon","coordinates":[[[84.40332,21.7356],[84.40753,21.73553],[84.41004,21.73511],[84.41158,21.73624],[84.41239,21.73761],[84.41399,21.73765],[84.41497,21.73856],[84.41596,21.74033],[84.41616,21.74199],[84.41563,21.74458],[84.41602,21.74523],[84.41661,21.74486],[84.42362,21.7397],[84.42442,21.7394],[84.42522,21.73183],[84.42493,21.72655],[84.42518,21.72439],[84.42473,21.72334],[84.42479,21.72254],[84.42509,21.72168],[84.4257,21.72104],[84.42857,21.71964],[84.4293,21.71906],[84.42924,21.71883],[84.42372,21.71899],[84.41949,21.71839],[84.41905,21.71794],[84.41886,21.71691],[84.41714,21.71531],[84.41633,21.714],[84.4156,21.71384],[84.41505,21.71401],[84.41474,21.71459],[84.41463,21.71683],[84.41514,21.7186],[84.41477,21.71923],[84.41141,21.71955],[84.40895,21.71848],[84.40784,21.7186],[84.40718,21.71941],[84.40744,21.72334],[84.4083,21.72221],[84.40879,21.72209],[84.4107,21.72351],[84.41157,21.72477],[84.41176,21.72631],[84.41117,21.7293],[84.4118,21.73108],[84.41278,21.7325],[84.41279,21.73342],[84.412,21.73423],[84.41016,21.73459],[84.40527,21.73247],[84.40433,21.73297],[84.40336,21.73401],[84.40332,21.7356]]]}},{"type":"Feature","properties":{"LCODE":"01027002700270rf","LOCATION":"RF","V_TYPE":"FOREST","BLOCK":"TILEIBANI","DISTRICT":"DEOGARH"},"geometry":{"type":"Polygon","coordinates":[[[84.49385,21.6666],[84.49464,21.66752],[84.49564,21.6699],[84.49488,21.67229],[84.49528,21.67321],[84.49667,21.67485],[84.50198,21.67896],[84.50288,21.68064],[84.50356,21.68307],[84.50478,21.68476],[84.50716,21.68645],[84.509,21.68693],[84.51318,21.68635],[84.5279,21.68043],[84.5355,21.67816],[84.54094,21.67827],[84.54437,21.67885],[84.5451,21.67917],[84.54595,21.68007],[84.54642,21.68107],[84.54669,21.68371],[84.54733,21.68408],[84.55244,21.68508],[84.5563,21.68481],[84.55736,21.68429],[84.5583,21.68434],[84.55894,21.68576],[84.56078,21.68772],[84.56136,21.68877],[84.56078,21.69316],[84.56126,21.69553],[84.56184,21.69674],[84.56226,21.70012],[84.56306,21.70076],[84.56712,21.70118],[84.57018,21.7025],[84.57816,21.70218],[84.58301,21.7016],[84.58897,21.69923],[84.59267,21.69732],[84.59525,21.69669],[84.61795,21.69775],[84.62223,21.69732],[84.62439,21.69637],[84.62629,21.69606],[84.62851,21.69632],[84.63131,21.69759],[84.63278,21.69933],[84.63659,21.70957],[84.63791,21.71163],[84.63885,21.71385],[84.6397,21.72113],[84.64007,21.72224],[84.64001,21.7252],[84.63912,21.72857],[84.6397,21.7319],[84.63943,21.73317],[84.63795,21.73438],[84.63527,21.73549],[84.63294,21.73602],[84.63258,21.73655],[84.63258,21.73797],[84.63342,21.73955],[84.63395,21.74008],[84.63574,21.74056],[84.63954,21.74003],[84.64234,21.74014],[84.64537,21.7411],[84.64651,21.73841],[84.64811,21.73596],[84.64851,21.73469],[84.64856,21.72803],[84.65059,21.72253],[84.6539,21.71643],[84.65457,21.71331],[84.65459,21.70849],[84.65612,21.70507],[84.65828,21.70289],[84.65939,21.70029],[84.66061,21.69704],[84.66093,21.69491],[84.66254,21.68965],[84.66251,21.68529],[84.66187,21.68375],[84.65942,21.68122],[84.65576,21.67987],[84.64731,21.67758],[84.64545,21.67676],[84.64403,21.67662],[84.64171,21.6769],[84.64055,21.67744],[84.63945,21.67758],[84.63654,21.67661],[84.63412,21.6754],[84.62923,21.67057],[84.62466,21.66929],[84.61536,21.66754],[84.61389,21.66757],[84.60847,21.66665],[84.60718,21.66668],[84.60535,21.66706],[84.60493,21.66765],[84.6039,21.66801],[84.59816,21.66665],[84.59349,21.6664],[84.58386,21.6669],[84.57024,21.66691],[84.56734,21.66651],[84.56253,21.66506],[84.55816,21.6643],[84.54085,21.66415],[84.53884,21.665],[84.53497,21.66767],[84.53198,21.66911],[84.52184,21.67146],[84.5189,21.67164],[84.51324,21.67136],[84.50783,21.67033],[84.50246,21.66567],[84.49898,21.66328],[84.49812,21.66295],[84.49509,21.66278],[84.49403,21.66514],[84.49385,21.6666]]]}},{"type":"Feature","properties":{"LCODE":"010250022002200020","LOCATION":"KIRASHASAN","V_TYPE":"VILLAGE","BLOCK":"REAMAL","DISTRICT":"DEOGARH"},"geometry":{"type":"Polygon","coordinates":[[[84.29448,21.71789],[84.29449,21.71927],[84.29614,21.7288],[84.29506,21.73151],[84.29517,21.73207],[84.29863,21.73464],[84.29974,21.73584],[84.30155,21.73892],[84.30546,21.73924],[84.30815,21.73888],[84.3123,21.7358],[84.31651,21.73335],[84.31891,21.73333],[84.32279,21.73442],[84.32416,21.72995],[84.32402,21.72875],[84.32291,21.72686],[84.32204,21.72624],[84.31763,21.72593],[84.31647,21.72548],[84.31596,21.72358],[84.31728,21.71949],[84.31721,21.71823],[84.31474,21.71486],[84.31314,21.71315],[84.31179,21.71235],[84.31031,21.71191],[84.30676,21.7128],[84.30529,21.71246],[84.3009,21.71016],[84.30019,21.71038],[84.29538,21.71243],[84.29482,21.71346],[84.29448,21.71789]]]}},{"type":"Feature","properties":{"LCODE":"010250022002200084","LOCATION":"LADAMMAL","V_TYPE":"VILLAGE","BLOCK":"REAMAL","DISTRICT":"DEOGARH"},"geometry":{"type":"Polygon","coordinates":[[[84.39182,21.72795],[84.39426,21.73082],[84.39478,21.73351],[84.39571,21.73517],[84.39902,21.7372],[84.39964,21.73731],[84.40141,21.73615],[84.40263,21.73608],[84.40331,21.73568],[84.40336,21.73401],[84.40433,21.73297],[84.40527,21.73247],[84.40444,21.73171],[84.40376,21.73028],[84.4038,21.72695],[84.40324,21.72615],[84.4009,21.72445],[84.39992,21.72412],[84.39808,21.72419],[84.39759,21.72448],[84.39661,21.72538],[84.39584,21.72759],[84.39523,21.72828],[84.39327,21.72859],[84.39182,21.72795]]]}},{"type":"Feature","properties":{"LCODE":"010250022002200083","LOCATION":"HAGRUDIHI","V_TYPE":"VILLAGE","BLOCK":"REAMAL","DISTRICT":"DEOGARH"},"geometry":{"type":"Polygon","coordinates":[[[84.3911,21.72436],[84.39146,21.72504],[84.39294,21.72561],[84.39638,21.72546],[84.39808,21.72419],[84.39992,21.72412],[84.4009,21.72445],[84.40324,21.72615],[84.4038,21.72695],[84.40376,21.73028],[84.40444,21.73171],[84.40506,21.73233],[84.41016,21.73459],[84.412,21.73423],[84.41279,21.73342],[84.41278,21.7325],[84.4118,21.73108],[84.41117,21.7293],[84.41176,21.72631],[84.41157,21.72477],[84.4107,21.72351],[84.40879,21.72209],[84.40806,21.72244],[84.40685,21.72406],[84.40611,21.72424],[84.40433,21.72402],[84.40261,21.72312],[84.39985,21.72245],[84.39581,21.72277],[84.3911,21.72436]]]}},{"type":"Feature","properties":{"LCODE":"010270027002700014","LOCATION":"PANIBHANDAR","V_TYPE":"VILLAGE","BLOCK":"TILEIBANI","DISTRICT":"DEOGARH"},"geometry":{"type":"Polygon","coordinates":[[[84.64837,21.73056],[84.6484,21.73098],[84.65145,21.73107],[84.65361,21.73159],[84.65711,21.73163],[84.66015,21.73271],[84.66119,21.73246],[84.66379,21.73062],[84.66507,21.73013],[84.67384,21.72954],[84.67487,21.72888],[84.67714,21.72855],[84.67767,21.7279],[84.67802,21.72675],[84.67776,21.72337],[84.67666,21.71788],[84.67694,21.71385],[84.67612,21.70985],[84.67528,21.70786],[84.67413,21.70622],[84.67332,21.70572],[84.67093,21.7056],[84.6694,21.70604],[84.6677,21.70694],[84.66504,21.70883],[84.66333,21.70927],[84.65456,21.70981],[84.65457,21.71331],[84.6539,21.71643],[84.6496,21.72473],[84.64856,21.72803],[84.64837,21.73056]]]}},{"type":"Feature","properties":{"LCODE":"010250022002200098","LOCATION":"BIHABALI","V_TYPE":"VILLAGE","BLOCK":"REAMAL","DISTRICT":"DEOGARH"},"geometry":{"type":"Polygon","coordinates":[[[84.42493,21.72631],[84.42649,21.72901],[84.42877,21.73122],[84.43018,21.73196],[84.4308,21.73201],[84.43116,21.73166],[84.43165,21.73091],[84.43188,21.72976],[84.42758,21.72733],[84.42518,21.72439],[84.42493,21.72631]]]}},{"type":"Feature","properties":{"LCODE":"010250022002200074","LOCATION":"LAD","V_TYPE":"VILLAGE","BLOCK":"REAMAL","DISTRICT":"DEOGARH"},"geometry":{"type":"Polygon","coordinates":[[[84.34658,21.70655],[84.34749,21.70926],[84.35339,21.72104],[84.35377,21.72242],[84.35371,21.72454],[84.35435,21.72781],[84.35559,21.72958],[84.35651,21.73026],[84.35732,21.73072],[84.35903,21.73093],[84.36381,21.73009],[84.36864,21.72873],[84.37058,21.72705],[84.37405,21.723],[84.37478,21.72144],[84.37397,21.71962],[84.37318,21.71205],[84.37309,21.70849],[84.37212,21.70832],[84.36906,21.70875],[84.36285,21.70633],[84.36156,21.70622],[84.35752,21.70677],[84.35206,21.70538],[84.34658,21.70655]]]}},{"type":"Feature","properties":{"LCODE":"01025002200220rf","LOCATION":"RF","V_TYPE":"FOREST","BLOCK":"REAMAL","DISTRICT":"DEOGARH"},"geometry":{"type":"Polygon","coordinates":[[[84.4226,21.70432],[84.42369,21.7058],[84.42529,21.70694],[84.42719,21.70767],[84.43216,21.70843],[84.43517,21.70852],[84.44234,21.70743],[84.44323,21.70513],[84.44498,21.70197],[84.44638,21.7007],[84.4473,21.70052],[84.44878,21.70085],[84.4513,21.70278],[84.45204,21.70421],[84.452,21.70679],[84.45123,21.71069],[84.45193,21.71372],[84.45155,21.71992],[84.45004,21.72268],[84.44669,21.72643],[84.44645,21.72712],[84.4467,21.72787],[84.44732,21.72838],[84.44928,21.72888],[84.46554,21.72227],[84.46761,21.72185],[84.47343,21.72146],[84.47649,21.72226],[84.47749,21.71944],[84.47741,21.7168],[84.48174,21.71291],[84.48677,21.70562],[84.49184,21.69945],[84.49856,21.69436],[84.50655,21.68608],[84.50478,21.68476],[84.50356,21.68307],[84.50288,21.68064],[84.50198,21.67896],[84.49667,21.67485],[84.49528,21.67321],[84.49488,21.67229],[84.49564,21.6699],[84.49524,21.66862],[84.49392,21.66668],[84.49145,21.66688],[84.48914,21.66668],[84.48326,21.66718],[84.48143,21.66788],[84.4799,21.66887],[84.4701,21.67622],[84.46815,21.67835],[84.46744,21.68111],[84.46738,21.6826],[84.4666,21.68404],[84.46575,21.68496],[84.46435,21.68577],[84.46056,21.687],[84.4575,21.6884],[84.45554,21.68847],[84.44977,21.68611],[84.44614,21.6839],[84.44479,21.68385],[84.44308,21.68421],[84.44192,21.68508],[84.44089,21.68635],[84.44035,21.68767],[84.43913,21.68917],[84.43608,21.69114],[84.43058,21.69313],[84.42955,21.69429],[84.42729,21.69877],[84.42878,21.69854],[84.43081,21.69909],[84.43131,21.70081],[84.43059,21.70202],[84.4309,21.70293],[84.43091,21.70443],[84.43054,21.70483],[84.42987,21.70535],[84.42847,21.70519],[84.42486,21.70326],[84.42343,21.70425],[84.4226,21.70432]],[[84.46193,21.70654],[84.46247,21.70527],[84.46503,21.70336],[84.46638,21.70381],[84.46749,21.70506],[84.46847,21.70494],[84.46897,21.70579],[84.46947,21.70802],[84.46905,21.70866],[84.46819,21.70901],[84.46741,21.71062],[84.46698,21.71085],[84.46501,21.70915],[84.46249,21.70785],[84.46193,21.70654]]]}},{"type":"Feature","properties":{"LCODE":"010250022002200081","LOCATION":"THAKURNIKTINAL","V_TYPE":"VILLAGE","BLOCK":"REAMAL","DISTRICT":"DEOGARH"},"geometry":{"type":"Polygon","coordinates":[[[84.37556,21.72123],[84.37692,21.72172],[84.37865,21.72314],[84.38076,21.72685],[84.38205,21.72787],[84.38279,21.72804],[84.38377,21.7278],[84.38504,21.72567],[84.38657,21.7256],[84.39223,21.72819],[84.39327,21.72859],[84.39437,21.72858],[84.39523,21.72828],[84.39584,21.72759],[84.39661,21.72538],[84.39239,21.72555],[84.39146,21.72504],[84.3911,21.72436],[84.39581,21.72277],[84.39985,21.72245],[84.40261,21.72312],[84.40513,21.72425],[84.40685,21.72406],[84.40744,21.72334],[84.40718,21.71941],[84.40784,21.7186],[84.40895,21.71848],[84.41141,21.71955],[84.41398,21.71941],[84.41496,21.71906],[84.41514,21.7186],[84.41457,21.71591],[84.41505,21.71401],[84.41633,21.714],[84.41714,21.71531],[84.41886,21.71696],[84.42088,21.71517],[84.424,21.71434],[84.43208,21.71462],[84.43649,21.71367],[84.44139,21.71375],[84.44352,21.71444],[84.44341,21.71281],[84.44234,21.70743],[84.43517,21.70852],[84.43216,21.70843],[84.42719,21.70767],[84.42529,21.70694],[84.42369,21.7058],[84.4226,21.70432],[84.41106,21.70515],[84.40652,21.70479],[84.40498,21.70371],[84.40248,21.70482],[84.40199,21.70545],[84.40189,21.70689],[84.4022,21.70826],[84.40173,21.71067],[84.40046,21.71344],[84.39949,21.71482],[84.39735,21.71679],[84.3962,21.71846],[84.39362,21.71768],[84.38879,21.71818],[84.38683,21.71796],[84.38106,21.71698],[84.37949,21.71633],[84.37648,21.71954],[84.37556,21.72123]]]}},{"type":"Feature","properties":{"LCODE":"010250022002200073","LOCATION":"CHARBHATI","V_TYPE":"VILLAGE","BLOCK":"REAMAL","DISTRICT":"DEOGARH"},"geometry":{"type":"Polygon","coordinates":[[[84.33017,21.71912],[84.33352,21.71862],[84.33688,21.71733],[84.33847,21.71726],[84.34032,21.71805],[84.34222,21.7193],[84.34525,21.72191],[84.34624,21.72392],[84.34705,21.72718],[84.35275,21.72719],[84.35432,21.7277],[84.35371,21.72454],[84.35377,21.72242],[84.35339,21.72104],[84.34749,21.70926],[84.34658,21.70658],[84.3457,21.70698],[84.3419,21.70752],[84.33927,21.70835],[84.3361,21.70998],[84.33263,21.71317],[84.3316,21.71467],[84.33026,21.71738],[84.33017,21.71912]]]}},{"type":"Feature","properties":{"LCODE":"010250022002200099","LOCATION":"KATUNAGAR","V_TYPE":"VILLAGE","BLOCK":"REAMAL","DISTRICT":"DEOGARH"},"geometry":{"type":"Polygon","coordinates":[[[84.41886,21.71696],[84.41905,21.71794],[84.41949,21.71839],[84.42372,21.71899],[84.42924,21.71883],[84.4293,21.71906],[84.42857,21.71964],[84.4257,21.72104],[84.42509,21.72168],[84.42473,21.72334],[84.4251,21.72426],[84.42712,21.72424],[84.43073,21.72318],[84.43324,21.72276],[84.43398,21.7235],[84.43498,21.72601],[84.43652,21.72686],[84.43768,21.72673],[84.43817,21.72656],[84.43817,21.72627],[84.43594,21.72279],[84.43551,21.72176],[84.43593,21.72102],[84.43777,21.72094],[84.44249,21.72191],[84.44363,21.71866],[84.44352,21.71444],[84.44139,21.71375],[84.43649,21.71367],[84.43208,21.71462],[84.424,21.71434],[84.42088,21.71517],[84.41886,21.71696]]]}},{"type":"Feature","properties":{"LCODE":"010250022002200060","LOCATION":"LASA","V_TYPE":"VILLAGE","BLOCK":"REAMAL","DISTRICT":"DEOGARH"},"geometry":{"type":"Polygon","coordinates":[[[84.30902,21.71218],[84.31031,21.71191],[84.31179,21.71235],[84.31314,21.71315],[84.31721,21.71823],[84.31728,21.71949],[84.31596,21.72358],[84.31647,21.72548],[84.31763,21.72593],[84.32204,21.72624],[84.32263,21.72666],[84.32655,21.72109],[84.32905,21.7194],[84.33017,21.71912],[84.33026,21.71738],[84.33086,21.716],[84.33302,21.71284],[84.3296,21.70957],[84.32781,21.70832],[84.32388,21.70634],[84.32137,21.70608],[84.3205,21.70545],[84.31979,21.70439],[84.31684,21.70743],[84.31232,21.70885],[84.31012,21.71064],[84.30902,21.71218]]]}},{"type":"Feature","properties":{"LCODE":"010250024002400022","LOCATION":"BAGHIABERNA","V_TYPE":"VILLAGE","BLOCK":"REAMAL","DISTRICT":"DEOGARH"},"geometry":{"type":"Polygon","coordinates":[[[84.25449,21.71096],[84.25457,21.71435],[84.25494,21.71504],[84.25565,21.71941],[84.25645,21.72084],[84.25761,21.72187],[84.25868,21.72542],[84.26015,21.72547],[84.2637,21.72475],[84.26443,21.72492],[84.26482,21.72562],[84.26854,21.72396],[84.26926,21.7231],[84.27054,21.72073],[84.27234,21.71479],[84.27349,21.7126],[84.27502,21.71132],[84.27802,21.71055],[84.27863,21.70974],[84.27874,21.70882],[84.27793,21.7071],[84.27664,21.70596],[84.26861,21.70562],[84.25998,21.70678],[84.25893,21.70679],[84.25685,21.70623],[84.256,21.70635],[84.25551,21.70699],[84.25449,21.71096]]]}},{"type":"Feature","properties":{"LCODE":"010250022002200100","LOCATION":"BARGHAT","V_TYPE":"VILLAGE","BLOCK":"REAMAL","DISTRICT":"DEOGARH"},"geometry":{"type":"Polygon","coordinates":[[[84.44234,21.70743],[84.44341,21.71281],[84.44363,21.71734],[84.44363,21.71866],[84.44249,21.72191],[84.44962,21.72321],[84.451,21.72124],[84.45178,21.71871],[84.45193,21.71372],[84.45123,21.71069],[84.45206,21.7061],[84.4518,21.70341],[84.44878,21.70085],[84.4473,21.70052],[84.44638,21.7007],[84.44498,21.70197],[84.44323,21.70513],[84.44234,21.70743]]]}},{"type":"Feature","properties":{"LCODE":"010250022002200021","LOCATION":"KULEIGARH","V_TYPE":"VILLAGE","BLOCK":"REAMAL","DISTRICT":"DEOGARH"},"geometry":{"type":"Polygon","coordinates":[[[84.27102,21.71922],[84.27256,21.72002],[84.27667,21.7212],[84.2841,21.72263],[84.2952,21.72281],[84.29449,21.71927],[84.29482,21.71346],[84.29646,21.70995],[84.2981,21.70769],[84.29868,21.70424],[84.29837,21.70263],[84.2975,21.70051],[84.29372,21.69456],[84.2933,21.69428],[84.29256,21.69434],[84.28981,21.69563],[84.28369,21.69745],[84.27923,21.69812],[84.27886,21.69853],[84.279,21.70071],[84.27869,21.70175],[84.2767,21.70561],[84.27855,21.70802],[84.27863,21.70974],[84.27802,21.71055],[84.27502,21.71132],[84.27349,21.7126],[84.27234,21.71479],[84.27102,21.71922]]]}},{"type":"Feature","properties":{"LCODE":"010250022002200078","LOCATION":"JAMANKIRA","V_TYPE":"VILLAGE","BLOCK":"REAMAL","DISTRICT":"DEOGARH"},"geometry":{"type":"Polygon","coordinates":[[[84.37318,21.71113],[84.37397,21.71962],[84.37478,21.72144],[84.37556,21.72123],[84.37648,21.71954],[84.38043,21.71509],[84.38393,21.71343],[84.38449,21.70834],[84.38454,21.70685],[84.38423,21.70599],[84.38275,21.70474],[84.38097,21.70388],[84.37561,21.7083],[84.37325,21.70886],[84.37318,21.71113]]]}},{"type":"Feature","properties":{"LCODE":"010250022002200079","LOCATION":"KELIPADAR","V_TYPE":"VILLAGE","BLOCK":"REAMAL","DISTRICT":"DEOGARH"},"geometry":{"type":"Polygon","coordinates":[[[84.37949,21.71633],[84.38106,21.71698],[84.38879,21.71818],[84.39362,21.71768],[84.3962,21.71846],[84.39711,21.71726],[84.3941,21.71613],[84.38856,21.71175],[84.38696,21.71097],[84.38391,21.71357],[84.38043,21.71509],[84.37949,21.71633]]]}},{"type":"Feature","properties":{"LCODE":"010250022002200080","LOCATION":"BHELUANPAL","V_TYPE":"VILLAGE","BLOCK":"REAMAL","DISTRICT":"DEOGARH"},"geometry":{"type":"Polygon","coordinates":[[[84.38696,21.71097],[84.38856,21.71175],[84.3941,21.71613],[84.39711,21.71726],[84.39949,21.71482],[84.40046,21.71344],[84.40173,21.71067],[84.4022,21.70826],[84.40189,21.70689],[84.40199,21.70545],[84.40248,21.70482],[84.40498,21.70371],[84.4032,21.70217],[84.40234,21.70189],[84.40002,21.70248],[84.3941,21.70775],[84.39288,21.70839],[84.38866,21.70969],[84.38696,21.71097]]]}},{"type":"Feature","properties":{"LCODE":"010270027002700016","LOCATION":"LAMBADORA","V_TYPE":"VILLAGE","BLOCK":"TILEIBANI","DISTRICT":"DEOGARH"},"geometry":{"type":"Polygon","coordinates":[[[84.69238,21.70065],[84.69382,21.70521],[84.69408,21.70889],[84.69502,21.70833],[84.6992,21.70744],[84.70216,21.70692],[84.70507,21.70681],[84.70953,21.71022],[84.7106,21.71047],[84.71357,21.71021],[84.71492,21.71058],[84.7156,21.71109],[84.71574,21.71299],[84.72019,21.71639],[84.7206,21.71627],[84.72053,21.71557],[84.72153,21.71329],[84.72341,21.70658],[84.72435,21.70455],[84.73215,21.69249],[84.73336,21.69109],[84.73644,21.68937],[84.73557,21.68794],[84.73438,21.68412],[84.72794,21.67657],[84.728,21.67617],[84.72596,21.67541],[84.7222,21.67492],[84.71992,21.6748],[84.71461,21.67542],[84.71868,21.67941],[84.71909,21.68136],[84.71857,21.68303],[84.71594,21.68344],[84.71368,21.68624],[84.71294,21.68643],[84.71029,21.68591],[84.70734,21.68598],[84.70442,21.68724],[84.7011,21.6895],[84.70006,21.68958],[84.69653,21.689],[84.69569,21.68962],[84.69458,21.692],[84.69386,21.69259],[84.69238,21.70065]]]}},{"type":"Feature","properties":{"LCODE":"01025002200220rf","LOCATION":"RF","V_TYPE":"FOREST","BLOCK":"REAMAL","DISTRICT":"DEOGARH"},"geometry":{"type":"Polygon","coordinates":[[[84.38059,21.70286],[84.3806,21.70344],[84.38103,21.70395],[84.38355,21.70531],[84.38423,21.70599],[84.38454,21.70685],[84.38391,21.71357],[84.38866,21.70969],[84.39288,21.70839],[84.3941,21.70775],[84.39922,21.70301],[84.40112,21.70207],[84.40234,21.70189],[84.4032,21.70217],[84.40652,21.70479],[84.40885,21.70506],[84.41578,21.70494],[84.42343,21.70425],[84.42508,21.70304],[84.42622,21.70033],[84.42774,21.69814],[84.42955,21.69429],[84.43046,21.69327],[84.42709,21.69246],[84.41093,21.69325],[84.40706,21.69246],[84.39613,21.69269],[84.39494,21.69489],[84.39391,21.69599],[84.3914,21.69721],[84.3875,21.69858],[84.38799,21.69971],[84.38776,21.70149],[84.38752,21.70275],[84.38679,21.70356],[84.38501,21.70386],[84.38188,21.70257],[84.38102,21.70251],[84.38059,21.70286]]]}},{"type":"Feature","properties":{"LCODE":"010250022002200061","LOCATION":"KELDA","V_TYPE":"VILLAGE","BLOCK":"REAMAL","DISTRICT":"DEOGARH"},"geometry":{"type":"Polygon","coordinates":[[[84.31979,21.70439],[84.3205,21.70545],[84.32137,21.70608],[84.32388,21.70634],[84.32781,21.70832],[84.3296,21.70957],[84.33302,21.71284],[84.3361,21.70998],[84.33817,21.70882],[84.3419,21.70752],[84.3457,21.70698],[84.34658,21.70658],[84.34605,21.70445],[84.34628,21.70192],[84.34724,21.69812],[84.34886,21.69444],[84.34921,21.6919],[84.34251,21.68874],[84.33846,21.68722],[84.33583,21.68752],[84.33143,21.68957],[84.32748,21.69316],[84.32388,21.69715],[84.32153,21.70245],[84.32013,21.70442],[84.32005,21.70414],[84.31979,21.70439]]]}},{"type":"Feature","properties":{"LCODE":"010250022002200059","LOCATION":"CHANDNIMAL","V_TYPE":"VILLAGE","BLOCK":"REAMAL","DISTRICT":"DEOGARH"},"geometry":{"type":"Polygon","coordinates":[[[84.3009,21.71016],[84.30529,21.71246],[84.30676,21.7128],[84.30902,21.71218],[84.31012,21.71064],[84.31232,21.70885],[84.31684,21.70743],[84.32005,21.70414],[84.31906,21.7004],[84.31837,21.69484],[84.31107,21.6969],[84.30823,21.70152],[84.30186,21.7087],[84.30166,21.70979],[84.3009,21.71016]]]}},{"type":"Feature","properties":{"LCODE":"010250024002400057","LOCATION":"LODHAPOSHI","V_TYPE":"VILLAGE","BLOCK":"REAMAL","DISTRICT":"DEOGARH"},"geometry":{"type":"Polygon","coordinates":[[[84.28871,21.66695],[84.28873,21.66804],[84.29025,21.66838],[84.29112,21.67061],[84.29169,21.67383],[84.29364,21.68088],[84.29453,21.6857],[84.29485,21.68955],[84.29456,21.69093],[84.29305,21.6943],[84.29372,21.69456],[84.29669,21.69908],[84.29837,21.70263],[84.29868,21.70424],[84.2981,21.70769],[84.29646,21.70995],[84.29524,21.71248],[84.30117,21.71008],[84.30166,21.70979],[84.30184,21.7091],[84.30177,21.70674],[84.30095,21.7037],[84.29871,21.69809],[84.29783,21.6947],[84.29769,21.69195],[84.29829,21.69079],[84.30067,21.6875],[84.30347,21.68541],[84.30653,21.68378],[84.31166,21.68196],[84.31508,21.68027],[84.31587,21.68037],[84.31625,21.68089],[84.3166,21.68309],[84.31833,21.68156],[84.319,21.68081],[84.31936,21.67983],[84.3188,21.6784],[84.31732,21.67617],[84.31694,21.67502],[84.317,21.67405],[84.31729,21.67267],[84.31973,21.66978],[84.3196,21.66777],[84.31815,21.66324],[84.31832,21.66082],[84.31802,21.66015],[84.31691,21.66026],[84.31453,21.66188],[84.31226,21.66196],[84.31056,21.66404],[84.31002,21.66513],[84.30825,21.66618],[84.30305,21.66846],[84.30006,21.669],[84.29908,21.66871],[84.29711,21.66752],[84.29628,21.66599],[84.29483,21.66599],[84.29481,21.66156],[84.29393,21.65863],[84.29314,21.65824],[84.29179,21.65911],[84.28938,21.66476],[84.28871,21.66695]]]}},{"type":"Feature","properties":{"LCODE":"010250024002400023","LOCATION":"FATAMUNDA","V_TYPE":"VILLAGE","BLOCK":"REAMAL","DISTRICT":"DEOGARH"},"geometry":{"type":"Polygon","coordinates":[[[84.24323,21.70072],[84.25452,21.71151],[84.25551,21.70699],[84.256,21.70635],[84.2565,21.70628],[84.25645,21.70203],[84.25558,21.6968],[84.25178,21.69741],[84.24805,21.69893],[84.2453,21.69966],[84.24323,21.70072]]]}},{"type":"Feature","properties":{"LCODE":"010250022002200135","LOCATION":"BANDUBAS","V_TYPE":"VILLAGE","BLOCK":"REAMAL","DISTRICT":"DEOGARH"},"geometry":{"type":"Polygon","coordinates":[[[84.46193,21.70654],[84.46249,21.70785],[84.46501,21.70915],[84.46698,21.71085],[84.46741,21.71062],[84.46819,21.70901],[84.46905,21.70866],[84.46947,21.70802],[84.46897,21.70579],[84.46847,21.70494],[84.46749,21.70506],[84.46638,21.70381],[84.46503,21.70336],[84.46247,21.70527],[84.46193,21.70654]]]}},{"type":"Feature","properties":{"LCODE":"010250022002200075","LOCATION":"SARADHAPALI","V_TYPE":"VILLAGE","BLOCK":"REAMAL","DISTRICT":"DEOGARH"},"geometry":{"type":"Polygon","coordinates":[[[84.35715,21.70671],[84.35851,21.70676],[84.36156,21.70622],[84.36285,21.70633],[84.36906,21.70875],[84.37212,21.70832],[84.37309,21.70849],[84.37325,21.70886],[84.37438,21.70877],[84.37707,21.70731],[84.3809,21.70395],[84.37888,21.70368],[84.37513,21.70164],[84.37305,21.70137],[84.36011,21.70407],[84.35715,21.70671]]]}},{"type":"Feature","properties":{"LCODE":"010250022002200058","LOCATION":"TIHADI PALI","V_TYPE":"VILLAGE","BLOCK":"REAMAL","DISTRICT":"DEOGARH"},"geometry":{"type":"Polygon","coordinates":[[[84.29764,21.69338],[84.29871,21.69809],[84.30095,21.7037],[84.30177,21.70674],[84.30186,21.7087],[84.30823,21.70152],[84.31107,21.6969],[84.31837,21.69484],[84.31625,21.68089],[84.31587,21.68037],[84.31508,21.68027],[84.31166,21.68196],[84.30653,21.68378],[84.30347,21.68541],[84.30067,21.6875],[84.29963,21.68866],[84.29769,21.69195],[84.29764,21.69338]]]}},{"type":"Feature","properties":{"LCODE":"010250024002400044","LOCATION":"MANAPALI","V_TYPE":"VILLAGE","BLOCK":"REAMAL","DISTRICT":"DEOGARH"},"geometry":{"type":"Polygon","coordinates":[[[84.25444,21.69267],[84.25563,21.69703],[84.25645,21.70203],[84.2565,21.70628],[84.25998,21.70678],[84.26628,21.70581],[84.27081,21.70555],[84.27693,21.70603],[84.2767,21.70561],[84.27688,21.70492],[84.27815,21.70284],[84.279,21.70071],[84.2789,21.69848],[84.27459,21.69189],[84.27262,21.69029],[84.26894,21.68854],[84.26617,21.6877],[84.26347,21.68714],[84.25999,21.68717],[84.25944,21.68752],[84.25945,21.68878],[84.26116,21.68929],[84.26135,21.69003],[84.25945,21.69039],[84.25639,21.68932],[84.25516,21.68967],[84.25468,21.69077],[84.25444,21.69267]]]}},{"type":"Feature","properties":{"LCODE":"010250022002200072","LOCATION":"TAINSAR","V_TYPE":"VILLAGE","BLOCK":"REAMAL","DISTRICT":"DEOGARH"},"geometry":{"type":"Polygon","coordinates":[[[84.34605,21.70445],[84.34658,21.70655],[84.35206,21.70538],[84.35341,21.70554],[84.35715,21.70671],[84.36011,21.70407],[84.36001,21.70273],[84.36146,21.7002],[84.36302,21.69831],[84.3621,21.69497],[84.36049,21.69239],[84.35863,21.69017],[84.35765,21.68954],[84.35163,21.68718],[84.3501,21.68685],[84.34982,21.6911],[84.34946,21.69202],[84.34921,21.6919],[84.34886,21.69444],[84.34693,21.69916],[84.34628,21.70192],[84.34605,21.70445]]]}},{"type":"Feature","properties":{"LCODE":"010250022002200101","LOCATION":"DOBHAYA","V_TYPE":"VILLAGE","BLOCK":"REAMAL","DISTRICT":"DEOGARH"},"geometry":{"type":"Polygon","coordinates":[[[84.42486,21.70326],[84.42754,21.70485],[84.42987,21.70535],[84.43091,21.70443],[84.4309,21.70293],[84.43059,21.70202],[84.43131,21.70081],[84.43081,21.69909],[84.42878,21.69854],[84.42729,21.69877],[84.42622,21.70033],[84.42486,21.70326]]]}},{"type":"Feature","properties":{"LCODE":"010250024002400062","LOCATION":"NAGRABAHAL","V_TYPE":"VILLAGE","BLOCK":"REAMAL","DISTRICT":"DEOGARH"},"geometry":{"type":"Polygon","coordinates":[[[84.3166,21.68309],[84.31906,21.7004],[84.32013,21.70442],[84.32153,21.70245],[84.32388,21.69715],[84.32961,21.69102],[84.33143,21.68957],[84.33583,21.68752],[84.33796,21.68722],[84.33772,21.68567],[84.33378,21.68329],[84.33114,21.68222],[84.32898,21.68011],[84.32842,21.67896],[84.32809,21.67598],[84.32742,21.67414],[84.32714,21.67234],[84.3236,21.67159],[84.31961,21.6699],[84.31729,21.67267],[84.31694,21.67502],[84.31732,21.67617],[84.31924,21.6792],[84.31931,21.68029],[84.31833,21.68156],[84.3166,21.68309]]]}},{"type":"Feature","properties":{"LCODE":"010250022002200076","LOCATION":"SAKANDA","V_TYPE":"VILLAGE","BLOCK":"REAMAL","DISTRICT":"DEOGARH"},"geometry":{"type":"Polygon","coordinates":[[[84.35995,21.70337],[84.36002,21.70394],[84.3605,21.70416],[84.36816,21.7025],[84.36877,21.70215],[84.37046,21.69955],[84.37077,21.69863],[84.37106,21.69515],[84.36903,21.69652],[84.36302,21.69831],[84.36146,21.7002],[84.36001,21.70273],[84.35995,21.70337]]]}},{"type":"Feature","properties":{"LCODE":"010250022002200077","LOCATION":"BAXMA","V_TYPE":"VILLAGE","BLOCK":"REAMAL","DISTRICT":"DEOGARH"},"geometry":{"type":"Polygon","coordinates":[[[84.36846,21.70232],[84.37305,21.70137],[84.37513,21.70164],[84.37888,21.70368],[84.37999,21.70396],[84.38097,21.70388],[84.3806,21.70344],[84.38059,21.70286],[84.38102,21.70251],[84.38311,21.7029],[84.38501,21.70386],[84.38581,21.70386],[84.38679,21.70356],[84.38752,21.70275],[84.38799,21.69971],[84.38761,21.69868],[84.38687,21.69799],[84.38331,21.6963],[84.38127,21.69448],[84.37954,21.69197],[84.37848,21.68905],[84.3764,21.69032],[84.37106,21.69515],[84.371,21.69731],[84.37046,21.69955],[84.36919,21.70163],[84.36846,21.70232]]]}},{"type":"Feature","properties":{"LCODE":"010250024002400024","LOCATION":"ANKADIHI","V_TYPE":"VILLAGE","BLOCK":"REAMAL","DISTRICT":"DEOGARH"},"geometry":{"type":"Polygon","coordinates":[[[84.2329,21.6924],[84.23741,21.69631],[84.24323,21.70072],[84.2453,21.69966],[84.24805,21.69893],[84.25178,21.69741],[84.25558,21.6968],[84.25444,21.69267],[84.25468,21.69077],[84.25516,21.68967],[84.25639,21.68932],[84.258,21.68997],[84.25699,21.68863],[84.25527,21.68772],[84.25368,21.68744],[84.25092,21.68815],[84.24963,21.68744],[84.24681,21.68924],[84.24442,21.69015],[84.23437,21.6924],[84.2329,21.6924]]]}},{"type":"Feature","properties":{"LCODE":"010250024002400106","LOCATION":"TABALAKATA","V_TYPE":"VILLAGE","BLOCK":"REAMAL","DISTRICT":"DEOGARH"},"geometry":{"type":"Polygon","coordinates":[[[84.37714,21.68246],[84.37765,21.6836],[84.37809,21.68612],[84.37806,21.6893],[84.37848,21.68905],[84.37954,21.69197],[84.38127,21.69448],[84.38331,21.6963],[84.38564,21.69731],[84.3875,21.69858],[84.39061,21.69751],[84.39391,21.69599],[84.39494,21.69489],[84.39615,21.69264],[84.3961,21.68656],[84.39664,21.68386],[84.39725,21.68317],[84.40097,21.68148],[84.40182,21.6809],[84.40262,21.67986],[84.40309,21.67802],[84.40215,21.6737],[84.39986,21.6703],[84.3993,21.67007],[84.39526,21.6701],[84.38645,21.67171],[84.38496,21.67232],[84.3858,21.67442],[84.38562,21.67631],[84.3838,21.67971],[84.38045,21.68163],[84.37714,21.68246]]]}},{"type":"Feature","properties":{"LCODE":"010250024002400045","LOCATION":"RAJAMUNDA","V_TYPE":"VILLAGE","BLOCK":"REAMAL","DISTRICT":"DEOGARH"},"geometry":{"type":"Polygon","coordinates":[[[84.27402,21.69143],[84.27459,21.69189],[84.2789,21.69848],[84.27923,21.69812],[84.28217,21.69781],[84.28574,21.69677],[84.28476,21.69147],[84.28401,21.68963],[84.28017,21.68481],[84.27714,21.68773],[84.27402,21.69143]]]}},{"type":"Feature","properties":{"LCODE":"010250024002400108","LOCATION":"NUAGAON","V_TYPE":"VILLAGE","BLOCK":"REAMAL","DISTRICT":"DEOGARH"},"geometry":{"type":"Polygon","coordinates":[[[84.35964,21.69137],[84.3621,21.69497],[84.36304,21.6984],[84.36903,21.69652],[84.37141,21.6949],[84.3764,21.69032],[84.37806,21.6893],[84.37809,21.68612],[84.37765,21.6836],[84.37653,21.68125],[84.37356,21.6772],[84.37106,21.67004],[84.37115,21.6647],[84.37329,21.6581],[84.37233,21.65763],[84.37152,21.65678],[84.37096,21.65454],[84.37016,21.65346],[84.37045,21.65285],[84.3691,21.65186],[84.36395,21.65144],[84.36051,21.65196],[84.36101,21.66226],[84.363,21.6647],[84.36369,21.66613],[84.36443,21.66854],[84.36444,21.66946],[84.36136,21.68447],[84.36089,21.68872],[84.35964,21.69137]]]}},{"type":"Feature","properties":{"LCODE":"010250024002400046","LOCATION":"LINGAPALI","V_TYPE":"VILLAGE","BLOCK":"REAMAL","DISTRICT":"DEOGARH"},"geometry":{"type":"Polygon","coordinates":[[[84.28017,21.68481],[84.28401,21.68963],[84.28476,21.69147],[84.28574,21.69677],[84.28981,21.69563],[84.29305,21.6943],[84.29456,21.69093],[84.29485,21.68955],[84.29472,21.6876],[84.29364,21.68088],[84.29124,21.67196],[84.29077,21.67286],[84.28657,21.67611],[84.28583,21.67605],[84.28435,21.67451],[84.28343,21.6748],[84.28204,21.6759],[84.28223,21.67711],[84.28188,21.68097],[84.2811,21.6835],[84.28017,21.68481]]]}},{"type":"Feature","properties":{"LCODE":"01025002400240rf","LOCATION":"RF","V_TYPE":"FOREST","BLOCK":"REAMAL","DISTRICT":"DEOGARH"},"geometry":{"type":"Polygon","coordinates":[[[84.3961,21.68656],[84.39613,21.69269],[84.40706,21.69246],[84.41093,21.69325],[84.42709,21.69246],[84.43046,21.69327],[84.43529,21.69144],[84.43369,21.69058],[84.43208,21.68807],[84.43158,21.68636],[84.43237,21.68555],[84.4361,21.68587],[84.43784,21.68729],[84.43883,21.68937],[84.43984,21.68848],[84.43857,21.68763],[84.43764,21.68649],[84.4372,21.68517],[84.4372,21.68454],[84.43762,21.68396],[84.4389,21.68344],[84.44044,21.68383],[84.44219,21.68487],[84.44308,21.68421],[84.44479,21.68385],[84.44621,21.68394],[84.44434,21.68087],[84.44309,21.67802],[84.44214,21.67298],[84.44142,21.66673],[84.43811,21.66584],[84.43626,21.66453],[84.43539,21.66311],[84.43503,21.66408],[84.43418,21.66512],[84.43339,21.66553],[84.43143,21.66577],[84.42824,21.66528],[84.42665,21.66552],[84.42162,21.66533],[84.42003,21.66476],[84.41842,21.66277],[84.41739,21.66298],[84.41751,21.66421],[84.41673,21.66582],[84.4165,21.66812],[84.41602,21.66944],[84.41517,21.67059],[84.40385,21.67308],[84.40208,21.67372],[84.40309,21.67802],[84.40262,21.67986],[84.40182,21.6809],[84.40097,21.68148],[84.39725,21.68317],[84.39664,21.68386],[84.3961,21.68656]],[[84.41232,21.68277],[84.41238,21.68237],[84.4131,21.68168],[84.41303,21.6807],[84.41431,21.68023],[84.41535,21.67937],[84.4164,21.67993],[84.41776,21.68158],[84.41788,21.68216],[84.41711,21.68451],[84.41613,21.68521],[84.4154,21.68533],[84.41373,21.68465],[84.41275,21.6838],[84.41232,21.68277]],[[84.43833,21.68011],[84.43851,21.67948],[84.43906,21.67908],[84.43998,21.6789],[84.44164,21.67912],[84.44305,21.68008],[84.44331,21.68157],[84.44276,21.68278],[84.44173,21.68376],[84.43926,21.68177],[84.43852,21.68097],[84.43833,21.68011]]]}},{"type":"Feature","properties":{"LCODE":"01027002700270rf","LOCATION":"RF","V_TYPE":"FOREST","BLOCK":"TILEIBANI","DISTRICT":"DEOGARH"},"geometry":{"type":"Polygon","coordinates":[[[84.66425,21.68634],[84.66457,21.68685],[84.66622,21.68653],[84.66948,21.68393],[84.67313,21.6827],[84.67386,21.68194],[84.67479,21.67968],[84.67528,21.67961],[84.67628,21.68051],[84.67762,21.68272],[84.6813,21.68574],[84.68213,21.68676],[84.68328,21.68914],[84.68547,21.69087],[84.68777,21.69197],[84.69061,21.69254],[84.69373,21.69264],[84.69458,21.692],[84.69569,21.68962],[84.69654,21.68897],[84.69633,21.68759],[84.69517,21.68504],[84.69391,21.6838],[84.69119,21.68306],[84.68871,21.68191],[84.68627,21.67972],[84.68323,21.67795],[84.67972,21.67745],[84.67825,21.67765],[84.67619,21.67661],[84.6717,21.67298],[84.66978,21.67198],[84.66941,21.67222],[84.67,21.6737],[84.67009,21.67519],[84.66956,21.67934],[84.66922,21.68026],[84.66762,21.68288],[84.66489,21.68484],[84.66436,21.68559],[84.66425,21.68634]]]}},{"type":"Feature","properties":{"LCODE":"010250024002400025","LOCATION":"MAHADA","V_TYPE":"VILLAGE","BLOCK":"REAMAL","DISTRICT":"DEOGARH"},"geometry":{"type":"Polygon","coordinates":[[[84.22052,21.68516],[84.22196,21.68571],[84.22899,21.68958],[84.2329,21.6924],[84.23437,21.6924],[84.24442,21.69015],[84.24681,21.68924],[84.24963,21.68744],[84.24829,21.68512],[84.24763,21.68265],[84.2469,21.68156],[84.24599,21.67886],[84.24599,21.67812],[84.24665,21.67665],[84.24442,21.67604],[84.24258,21.67455],[84.24067,21.67397],[84.24171,21.6769],[84.24178,21.67798],[84.24116,21.67924],[84.23631,21.68031],[84.22743,21.68103],[84.22337,21.68263],[84.22363,21.68336],[84.2232,21.68393],[84.22191,21.68485],[84.22052,21.68516]]]}},{"type":"Feature","properties":{"LCODE":"010250024002400071","LOCATION":"LACHHIMAL","V_TYPE":"VILLAGE","BLOCK":"REAMAL","DISTRICT":"DEOGARH"},"geometry":{"type":"Polygon","coordinates":[[[84.32714,21.67234],[84.32742,21.67414],[84.32809,21.67598],[84.32842,21.67896],[84.32898,21.68011],[84.33028,21.68153],[84.33114,21.68222],[84.33378,21.68329],[84.33704,21.68516],[84.33772,21.68567],[84.33796,21.68722],[84.34251,21.68874],[84.34946,21.69202],[84.34982,21.6911],[84.35009,21.68696],[84.34271,21.67237],[84.34176,21.66918],[84.34067,21.66877],[84.33963,21.66877],[84.33633,21.66937],[84.32979,21.67206],[84.32714,21.67234]]]}},{"type":"Feature","properties":{"LCODE":"010250024002400102","LOCATION":"BABEJORI","V_TYPE":"VILLAGE","BLOCK":"REAMAL","DISTRICT":"DEOGARH"},"geometry":{"type":"Polygon","coordinates":[[[84.43158,21.68636],[84.43208,21.68807],[84.43369,21.69058],[84.43424,21.69104],[84.43529,21.69144],[84.43883,21.68937],[84.43784,21.68729],[84.4361,21.68587],[84.43237,21.68555],[84.43158,21.68636]]]}},{"type":"Feature","properties":{"LCODE":"010250024002400043","LOCATION":"DHUDIPALI","V_TYPE":"VILLAGE","BLOCK":"REAMAL","DISTRICT":"DEOGARH"},"geometry":{"type":"Polygon","coordinates":[[[84.25906,21.68591],[84.2596,21.68742],[84.25999,21.68717],[84.26347,21.68714],[84.26617,21.6877],[84.27109,21.68944],[84.27402,21.69143],[84.27714,21.68773],[84.28001,21.68506],[84.2811,21.6835],[84.28188,21.68097],[84.28223,21.67711],[84.28204,21.6759],[84.28099,21.67655],[84.27873,21.67702],[84.27727,21.67795],[84.27537,21.67808],[84.27391,21.6797],[84.27323,21.67885],[84.26863,21.67819],[84.26588,21.67737],[84.26302,21.68323],[84.26285,21.68421],[84.2623,21.68456],[84.26156,21.68445],[84.26131,21.68474],[84.2604,21.68429],[84.25985,21.68538],[84.25912,21.68556],[84.25906,21.68591]]]}},{"type":"Feature","properties":{"LCODE":"010250024002400070","LOCATION":"SUBARNAPALI","V_TYPE":"VILLAGE","BLOCK":"REAMAL","DISTRICT":"DEOGARH"},"geometry":{"type":"Polygon","coordinates":[[[84.34176,21.66918],[84.34271,21.67237],[84.35009,21.68696],[84.35163,21.68718],[84.35765,21.68954],[84.35863,21.69017],[84.35964,21.69137],[84.36089,21.68872],[84.36136,21.68447],[84.36444,21.66946],[84.36443,21.66854],[84.36369,21.66613],[84.36214,21.6635],[84.36101,21.66226],[84.36018,21.66335],[84.35603,21.66538],[84.35431,21.66534],[84.35314,21.66466],[84.35257,21.66387],[84.34959,21.66503],[84.34557,21.66741],[84.34176,21.66918]]]}},{"type":"Feature","properties":{"LCODE":"010250024002400042","LOCATION":"LADAMPALI","V_TYPE":"VILLAGE","BLOCK":"REAMAL","DISTRICT":"DEOGARH"},"geometry":{"type":"Polygon","coordinates":[[[84.24599,21.67812],[84.24599,21.67886],[84.2469,21.68156],[84.24763,21.68265],[84.24829,21.68512],[84.24884,21.68638],[84.25018,21.68787],[84.25092,21.68815],[84.25184,21.68809],[84.25368,21.68744],[84.25527,21.68772],[84.25699,21.68863],[84.25816,21.69006],[84.25945,21.69039],[84.26135,21.69003],[84.26116,21.68929],[84.25945,21.68878],[84.25932,21.68821],[84.2596,21.68742],[84.25912,21.68631],[84.25912,21.68556],[84.25985,21.68538],[84.2604,21.68429],[84.26131,21.68474],[84.26156,21.68445],[84.2623,21.68456],[84.26285,21.68421],[84.26302,21.68323],[84.26588,21.67737],[84.267,21.6713],[84.26814,21.66853],[84.26923,21.66686],[84.26947,21.66519],[84.26923,21.66473],[84.26743,21.66273],[84.26614,21.66216],[84.26479,21.662],[84.26284,21.66241],[84.2607,21.66347],[84.25795,21.66394],[84.2566,21.66338],[84.25444,21.66146],[84.25384,21.66334],[84.2525,21.66496],[84.25037,21.66613],[84.24937,21.66637],[84.24935,21.66936],[84.24892,21.67045],[84.24829,21.67093],[84.24859,21.67188],[84.24847,21.67291],[84.24693,21.67565],[84.24599,21.67812]]]}},{"type":"Feature","properties":{"LCODE":"010270027002700012","LOCATION":"SURUPA","V_TYPE":"VILLAGE","BLOCK":"TILEIBANI","DISTRICT":"DEOGARH"},"geometry":{"type":"Polygon","coordinates":[[[84.647,21.6657],[84.64785,21.67424],[84.64868,21.67793],[84.65576,21.67987],[84.65942,21.68122],[84.66187,21.68375],[84.66251,21.68529],[84.66269,21.68804],[84.66245,21.69002],[84.66279,21.68982],[84.66393,21.68847],[84.66436,21.68559],[84.66489,21.68484],[84.66762,21.68288],[84.66956,21.67934],[84.67009,21.67519],[84.67,21.6737],[84.66941,21.67222],[84.66959,21.6721],[84.66766,21.67036],[84.66644,21.66809],[84.6665,21.66551],[84.6636,21.6646],[84.66219,21.66451],[84.65784,21.66512],[84.65398,21.66526],[84.65115,21.66509],[84.64887,21.66463],[84.64753,21.66483],[84.647,21.6657]]]}},{"type":"Feature","properties":{"LCODE":"010270027002700017","LOCATION":"SALOHI","V_TYPE":"VILLAGE","BLOCK":"TILEIBANI","DISTRICT":"DEOGARH"},"geometry":{"type":"Polygon","coordinates":[[[84.6779,21.67026],[84.67972,21.67745],[84.68323,21.67795],[84.68627,21.67972],[84.68871,21.68191],[84.6946,21.68424],[84.69633,21.68759],[84.69653,21.689],[84.70006,21.68958],[84.7011,21.6895],[84.70442,21.68724],[84.70734,21.68598],[84.71029,21.68591],[84.71294,21.68643],[84.71368,21.68624],[84.71594,21.68344],[84.71661,21.68319],[84.71796,21.68328],[84.71857,21.68303],[84.71886,21.68234],[84.71907,21.68038],[84.71868,21.67941],[84.71761,21.67812],[84.7131,21.67403],[84.7117,21.67216],[84.71099,21.66787],[84.70785,21.66725],[84.70537,21.6661],[84.69949,21.66072],[84.69514,21.65898],[84.69138,21.65814],[84.68832,21.65821],[84.68262,21.6589],[84.68176,21.65829],[84.68173,21.66001],[84.68091,21.66192],[84.67954,21.66391],[84.67811,21.66836],[84.6779,21.67026]]]}},{"type":"Feature","properties":{"LCODE":"010270027002700045","LOCATION":"KADODIHI","V_TYPE":"VILLAGE","BLOCK":"TILEIBANI","DISTRICT":"DEOGARH"},"geometry":{"type":"Polygon","coordinates":[[[84.72794,21.67629],[84.72794,21.67657],[84.73438,21.68412],[84.73557,21.68794],[84.73644,21.68937],[84.74333,21.6859],[84.74808,21.68287],[84.74891,21.68184],[84.74901,21.68028],[84.7486,21.67913],[84.74704,21.67789],[84.74599,21.67519],[84.74403,21.67332],[84.74363,21.67152],[84.73761,21.67223],[84.73315,21.67342],[84.73122,21.67495],[84.72794,21.67629]]]}},{"type":"Feature","properties":{"LCODE":"010250024002400103","LOCATION":"THAKURPALI","V_TYPE":"VILLAGE","BLOCK":"REAMAL","DISTRICT":"DEOGARH"},"geometry":{"type":"Polygon","coordinates":[[[84.4372,21.68454],[84.43764,21.68649],[84.43857,21.68763],[84.43984,21.68848],[84.44089,21.68635],[84.44219,21.68487],[84.44044,21.68383],[84.4389,21.68344],[84.43762,21.68396],[84.4372,21.68454]]]}},{"type":"Feature","properties":{"LCODE":"010250024002400133","LOCATION":"LEPEIKANI","V_TYPE":"VILLAGE","BLOCK":"REAMAL","DISTRICT":"DEOGARH"},"geometry":{"type":"Polygon","coordinates":[[[84.43797,21.66574],[84.44106,21.66651],[84.4416,21.66708],[84.44175,21.67017],[84.44309,21.67802],[84.44434,21.68087],[84.44621,21.68394],[84.44977,21.68611],[84.45554,21.68847],[84.4575,21.6884],[84.4589,21.68782],[84.45539,21.6844],[84.45334,21.68012],[84.45268,21.67365],[84.45259,21.66981],[84.4516,21.66382],[84.45102,21.66414],[84.4493,21.66427],[84.44711,21.66561],[84.44423,21.66585],[84.43835,21.66544],[84.43797,21.66574]]]}},{"type":"Feature","properties":{"LCODE":"010250024002400134","LOCATION":"BAMANDAGARH","V_TYPE":"VILLAGE","BLOCK":"REAMAL","DISTRICT":"DEOGARH"},"geometry":{"type":"Polygon","coordinates":[[[84.4516,21.66382],[84.45259,21.66981],[84.45268,21.67365],[84.45334,21.68012],[84.45539,21.6844],[84.4589,21.68782],[84.46056,21.687],[84.46435,21.68577],[84.46575,21.68496],[84.46738,21.6826],[84.46744,21.68111],[84.46815,21.67835],[84.4701,21.67622],[84.4761,21.67183],[84.4754,21.67177],[84.4705,21.67346],[84.46745,21.67366],[84.46591,21.67327],[84.46535,21.67281],[84.46523,21.6719],[84.46473,21.67121],[84.46124,21.67066],[84.45964,21.66999],[84.45963,21.66907],[84.46054,21.66746],[84.45898,21.66495],[84.45909,21.66243],[84.45872,21.6618],[84.45712,21.66152],[84.45278,21.6619],[84.45223,21.66207],[84.4516,21.66382]]]}},{"type":"Feature","properties":{"LCODE":"010250024002400105","LOCATION":"BALICHAKRA","V_TYPE":"VILLAGE","BLOCK":"REAMAL","DISTRICT":"DEOGARH"},"geometry":{"type":"Polygon","coordinates":[[[84.41232,21.68277],[84.41275,21.6838],[84.41373,21.68465],[84.4154,21.68533],[84.41613,21.68521],[84.41711,21.68451],[84.41788,21.68216],[84.41776,21.68158],[84.4164,21.67993],[84.41535,21.67937],[84.41431,21.68023],[84.41303,21.6807],[84.4131,21.68168],[84.41238,21.68237],[84.41232,21.68277]]]}},{"type":"Feature","properties":{"LCODE":"010250024002400026","LOCATION":"GANGADIHI","V_TYPE":"VILLAGE","BLOCK":"REAMAL","DISTRICT":"DEOGARH"},"geometry":{"type":"Polygon","coordinates":[[[84.21387,21.6767],[84.21507,21.6815],[84.21573,21.6827],[84.21664,21.68345],[84.22052,21.68516],[84.22191,21.68485],[84.22363,21.68336],[84.22308,21.68233],[84.22162,21.68135],[84.22137,21.67991],[84.22089,21.6794],[84.21783,21.67784],[84.21387,21.6767]]]}},{"type":"Feature","properties":{"LCODE":"010250024002400104","LOCATION":"SASABHUTA","V_TYPE":"VILLAGE","BLOCK":"REAMAL","DISTRICT":"DEOGARH"},"geometry":{"type":"Polygon","coordinates":[[[84.43833,21.68011],[84.43852,21.68097],[84.43926,21.68177],[84.44173,21.68376],[84.44276,21.68278],[84.44331,21.68157],[84.44305,21.68008],[84.44164,21.67912],[84.43998,21.6789],[84.43906,21.67908],[84.43851,21.67948],[84.43833,21.68011]]]}},{"type":"Feature","properties":{"LCODE":"010250024002400027","LOCATION":"KARDAKHAMAN","V_TYPE":"VILLAGE","BLOCK":"REAMAL","DISTRICT":"DEOGARH"},"geometry":{"type":"Polygon","coordinates":[[[84.2204,21.67908],[84.22137,21.67991],[84.22162,21.68135],[84.22337,21.68263],[84.22614,21.68142],[84.22878,21.68074],[84.23631,21.68031],[84.24116,21.67924],[84.24178,21.67798],[84.24171,21.6769],[84.24067,21.67397],[84.23873,21.67281],[84.23689,21.67258],[84.23426,21.67337],[84.23169,21.67359],[84.22594,21.67253],[84.22434,21.67287],[84.22342,21.67367],[84.2204,21.67908]]]}},{"type":"Feature","properties":{"LCODE":"010250024002400107","LOCATION":"KHADIAPALI","V_TYPE":"VILLAGE","BLOCK":"REAMAL","DISTRICT":"DEOGARH"},"geometry":{"type":"Polygon","coordinates":[[[84.37099,21.66838],[84.37106,21.67004],[84.37288,21.67571],[84.37356,21.6772],[84.37714,21.68246],[84.38045,21.68163],[84.3838,21.67971],[84.38562,21.67631],[84.38567,21.67367],[84.38496,21.67232],[84.38369,21.67162],[84.38159,21.66911],[84.37874,21.66385],[84.37798,21.66035],[84.37796,21.65787],[84.37453,21.65825],[84.37329,21.6581],[84.37115,21.6647],[84.37099,21.66838]]]}},{"type":"Feature","properties":{"LCODE":"010250024002400041","LOCATION":"BARIHADIHI","V_TYPE":"VILLAGE","BLOCK":"REAMAL","DISTRICT":"DEOGARH"},"geometry":{"type":"Polygon","coordinates":[[[84.25444,21.66146],[84.2566,21.66338],[84.25795,21.66394],[84.2607,21.66347],[84.26284,21.66241],[84.26479,21.662],[84.26614,21.66216],[84.26743,21.66273],[84.26923,21.66473],[84.26947,21.66519],[84.26923,21.66686],[84.26814,21.66853],[84.267,21.6713],[84.26581,21.67735],[84.26863,21.67819],[84.27323,21.67885],[84.27391,21.6797],[84.27537,21.67808],[84.27727,21.67795],[84.27873,21.67702],[84.28099,21.67655],[84.28204,21.6759],[84.27866,21.66644],[84.27586,21.66269],[84.27607,21.66238],[84.27992,21.66166],[84.27937,21.66109],[84.27771,21.66053],[84.27715,21.65984],[84.27317,21.65924],[84.27202,21.66114],[84.27122,21.66161],[84.27018,21.66104],[84.26814,21.65818],[84.26722,21.65784],[84.26459,21.65775],[84.26073,21.65886],[84.25811,21.66009],[84.25688,21.65998],[84.25659,21.65954],[84.2551,21.66005],[84.25444,21.66146]]]}},{"type":"Feature","properties":{"LCODE":"010250024002400028","LOCATION":"BINJIPALI","V_TYPE":"VILLAGE","BLOCK":"REAMAL","DISTRICT":"DEOGARH"},"geometry":{"type":"Polygon","coordinates":[[[84.2117,21.66617],[84.21219,21.66778],[84.2123,21.67127],[84.21295,21.67438],[84.21387,21.6767],[84.21783,21.67784],[84.2204,21.67908],[84.22342,21.67367],[84.22392,21.67324],[84.22485,21.66983],[84.22768,21.66629],[84.2272,21.66369],[84.22396,21.66289],[84.2182,21.66453],[84.21171,21.66466],[84.2117,21.66617]]]}},{"type":"Feature","properties":{"LCODE":"010270027002700011","LOCATION":"BHALUGUHA","V_TYPE":"VILLAGE","BLOCK":"TILEIBANI","DISTRICT":"DEOGARH"},"geometry":{"type":"Polygon","coordinates":[[[84.62746,21.67001],[84.62923,21.67057],[84.63412,21.6754],[84.63654,21.67661],[84.63945,21.67758],[84.64055,21.67744],[84.64171,21.6769],[84.64403,21.67662],[84.64545,21.67676],[84.64868,21.67793],[84.64785,21.67424],[84.6478,21.67194],[84.64701,21.66668],[84.64716,21.66518],[84.64753,21.66483],[84.64887,21.66463],[84.65263,21.66524],[84.65564,21.66512],[84.65598,21.66419],[84.65762,21.66323],[84.65845,21.66212],[84.65788,21.6611],[84.65584,21.66046],[84.65272,21.6607],[84.65093,21.66039],[84.6506,21.65942],[84.65073,21.65661],[84.65028,21.6561],[84.64656,21.654],[84.6449,21.65386],[84.6446,21.65421],[84.64469,21.6557],[84.64445,21.65617],[84.6389,21.65738],[84.63686,21.65972],[84.63589,21.66031],[84.63204,21.66092],[84.63017,21.66222],[84.62771,21.6619],[84.62775,21.66732],[84.62746,21.67001]]]}},{"type":"Feature","properties":{"LCODE":"010270027002700018","LOCATION":"NAGDO","V_TYPE":"VILLAGE","BLOCK":"TILEIBANI","DISTRICT":"DEOGARH"},"geometry":{"type":"Polygon","coordinates":[[[84.66634,21.66672],[84.66644,21.66809],[84.66695,21.66923],[84.66841,21.67121],[84.66959,21.6721],[84.67064,21.67231],[84.6717,21.67298],[84.67619,21.67661],[84.67825,21.67765],[84.67972,21.67745],[84.6779,21.67026],[84.678,21.66911],[84.67954,21.66391],[84.68091,21.66192],[84.68173,21.66001],[84.68143,21.65457],[84.68198,21.6516],[84.68105,21.65113],[84.67822,21.65073],[84.6765,21.65094],[84.66857,21.65042],[84.66752,21.65263],[84.66748,21.65377],[84.66808,21.65577],[84.6673,21.65992],[84.66725,21.66297],[84.66634,21.66672]]]}},{"type":"Feature","properties":{"LCODE":"010250024002400032","LOCATION":"PHULACHANGUDI","V_TYPE":"VILLAGE","BLOCK":"REAMAL","DISTRICT":"DEOGARH"},"geometry":{"type":"Polygon","coordinates":[[[84.22392,21.67287],[84.22392,21.67324],[84.22434,21.67287],[84.22594,21.67253],[84.23169,21.67359],[84.23426,21.67337],[84.23689,21.67258],[84.23788,21.67258],[84.23946,21.67304],[84.24067,21.67397],[84.24258,21.67455],[84.24442,21.67604],[84.24665,21.67665],[84.24693,21.67565],[84.24847,21.67291],[84.24859,21.67188],[84.24841,21.671],[84.24725,21.67032],[84.24303,21.66899],[84.24175,21.66761],[84.23888,21.66737],[84.23692,21.66644],[84.2349,21.66689],[84.23435,21.66678],[84.23386,21.66626],[84.23215,21.66637],[84.23062,21.66573],[84.22789,21.66346],[84.2272,21.66369],[84.22768,21.66629],[84.22485,21.66983],[84.22392,21.67287]]]}},{"type":"Feature","properties":{"LCODE":"010270027002700044","LOCATION":"JHARMUNDA","V_TYPE":"VILLAGE","BLOCK":"TILEIBANI","DISTRICT":"DEOGARH"},"geometry":{"type":"Polygon","coordinates":[[[84.71003,21.66296],[84.71021,21.66542],[84.71104,21.66753],[84.7117,21.67216],[84.7131,21.67403],[84.71461,21.67542],[84.71992,21.6748],[84.7222,21.67492],[84.72596,21.67541],[84.72807,21.67623],[84.73122,21.67495],[84.73315,21.67342],[84.73105,21.66704],[84.73114,21.66566],[84.73235,21.66242],[84.73301,21.65896],[84.73273,21.65725],[84.73177,21.65537],[84.7289,21.65337],[84.72389,21.64894],[84.72408,21.6472],[84.72146,21.64733],[84.72018,21.64776],[84.71952,21.64835],[84.71781,21.65154],[84.71716,21.65557],[84.71634,21.65697],[84.71482,21.65792],[84.71062,21.65878],[84.7108,21.65898],[84.71003,21.66296]]]}},{"type":"Feature","properties":{"LCODE":"010250024002400047","LOCATION":"BISIDUNGURI","V_TYPE":"VILLAGE","BLOCK":"REAMAL","DISTRICT":"DEOGARH"},"geometry":{"type":"Polygon","coordinates":[[[84.25658,21.6597],[84.25725,21.6601],[84.25811,21.66009],[84.26073,21.65886],[84.26459,21.65775],[84.26722,21.65784],[84.26814,21.65818],[84.27018,21.66104],[84.27122,21.66161],[84.27202,21.66114],[84.27317,21.65924],[84.27715,21.65984],[84.27771,21.66053],[84.27937,21.66109],[84.27992,21.66166],[84.27607,21.66238],[84.27586,21.66269],[84.27866,21.66644],[84.28204,21.6759],[84.28343,21.6748],[84.28435,21.67451],[84.28583,21.67605],[84.28657,21.67611],[84.2912,21.67228],[84.29112,21.67061],[84.29025,21.66838],[84.28946,21.66804],[84.28854,21.66804],[84.28659,21.66978],[84.28604,21.6699],[84.28518,21.66933],[84.28493,21.66882],[84.28505,21.66807],[84.28547,21.6676],[84.28719,21.66685],[84.28736,21.66552],[84.28821,21.66437],[84.28821,21.66391],[84.28686,21.66311],[84.28697,21.66213],[84.28923,21.6612],[84.28935,21.66091],[84.28793,21.65948],[84.28799,21.65891],[84.2889,21.65781],[84.28933,21.65677],[84.28925,21.65499],[84.28777,21.65345],[84.28557,21.65369],[84.28416,21.65422],[84.28277,21.65555],[84.28069,21.65637],[84.27432,21.65774],[84.27419,21.6559],[84.27247,21.65435],[84.27106,21.65362],[84.26976,21.65202],[84.26687,21.65071],[84.26502,21.64808],[84.2641,21.64791],[84.26343,21.64855],[84.26202,21.65179],[84.26095,21.65317],[84.2582,21.65451],[84.25784,21.65537],[84.25766,21.65716],[84.25663,21.65901],[84.25658,21.6597]]]}},{"type":"Feature","properties":{"LCODE":"010250024002400117","LOCATION":"KENDUBERNI","V_TYPE":"VILLAGE","BLOCK":"REAMAL","DISTRICT":"DEOGARH"},"geometry":{"type":"Polygon","coordinates":[[[84.40002,21.67061],[84.40215,21.6737],[84.40385,21.67308],[84.41093,21.67151],[84.41124,21.66878],[84.41106,21.66648],[84.40712,21.66657],[84.40284,21.66602],[84.40216,21.6677],[84.40002,21.67061]]]}},{"type":"Feature","properties":{"LCODE":"010250024002400137","LOCATION":"SHUIPADAR","V_TYPE":"VILLAGE","BLOCK":"REAMAL","DISTRICT":"DEOGARH"},"geometry":{"type":"Polygon","coordinates":[[[84.44472,21.64935],[84.44529,21.65129],[84.44587,21.65535],[84.44584,21.65977],[84.44665,21.66131],[84.45009,21.66226],[84.45101,21.66283],[84.4516,21.66382],[84.45223,21.66207],[84.45278,21.6619],[84.45712,21.66152],[84.45872,21.6618],[84.45909,21.66243],[84.45898,21.66495],[84.46054,21.66746],[84.45963,21.66907],[84.45964,21.66999],[84.46124,21.67066],[84.46473,21.67121],[84.46523,21.6719],[84.46535,21.67281],[84.46591,21.67327],[84.46745,21.67366],[84.4705,21.67346],[84.4754,21.67177],[84.4761,21.67183],[84.4799,21.66887],[84.48143,21.66788],[84.48326,21.66718],[84.48914,21.66668],[84.49145,21.66688],[84.49392,21.66668],[84.49403,21.66514],[84.49615,21.66072],[84.49635,21.65944],[84.49535,21.65739],[84.49319,21.65904],[84.49062,21.65997],[84.4848,21.66076],[84.47875,21.66217],[84.47557,21.66248],[84.47507,21.6622],[84.47469,21.66002],[84.47426,21.65963],[84.47212,21.65981],[84.47108,21.65925],[84.46972,21.658],[84.4677,21.65784],[84.46652,21.65704],[84.46633,21.65521],[84.46767,21.65343],[84.46808,21.65182],[84.46844,21.6513],[84.47058,21.6502],[84.47143,21.64927],[84.46933,21.64711],[84.46798,21.64626],[84.46546,21.6453],[84.46387,21.6452],[84.46209,21.64556],[84.45751,21.64736],[84.45268,21.6486],[84.44522,21.64974],[84.44472,21.64935]]]}},{"type":"Feature","properties":{"LCODE":"010270027002700046","LOCATION":"GAMBHARIPOSI","V_TYPE":"VILLAGE","BLOCK":"TILEIBANI","DISTRICT":"DEOGARH"},"geometry":{"type":"Polygon","coordinates":[[[84.73105,21.66704],[84.73315,21.67342],[84.73761,21.67223],[84.74363,21.67152],[84.74319,21.66916],[84.7434,21.66854],[84.74434,21.66844],[84.7461,21.66895],[84.74787,21.66875],[84.7487,21.6675],[84.74901,21.66511],[84.75088,21.66355],[84.7513,21.6621],[84.75119,21.65628],[84.75224,21.65069],[84.75007,21.65079],[84.74605,21.65185],[84.74353,21.6519],[84.73978,21.65124],[84.73407,21.65406],[84.73129,21.65494],[84.73273,21.65725],[84.73301,21.65896],[84.73235,21.66242],[84.73114,21.66566],[84.73105,21.66704]]]}},{"type":"Feature","properties":{"LCODE":"010250024002400063","LOCATION":"CHERANGAMAL","V_TYPE":"VILLAGE","BLOCK":"REAMAL","DISTRICT":"DEOGARH"},"geometry":{"type":"Polygon","coordinates":[[[84.31802,21.66015],[84.31832,21.66082],[84.31815,21.66324],[84.3196,21.66777],[84.31961,21.6699],[84.3236,21.67159],[84.32771,21.67236],[84.32979,21.67206],[84.33413,21.67029],[84.33356,21.66899],[84.33311,21.66486],[84.33424,21.65939],[84.33569,21.65639],[84.33763,21.65328],[84.33768,21.65179],[84.33688,21.65047],[84.33195,21.64523],[84.33032,21.64627],[84.33054,21.64643],[84.33037,21.64822],[84.32771,21.65272],[84.3274,21.65358],[84.32803,21.65558],[84.32785,21.65651],[84.32724,21.65731],[84.32407,21.65969],[84.32169,21.66051],[84.31802,21.66015]]]}},{"type":"Feature","properties":{"LCODE":"010250024002400109","LOCATION":"THAKURJHARMUNDA(JHARMUNDA","V_TYPE":"VILLAGE","BLOCK":"REAMAL","DISTRICT":"DEOGARH"},"geometry":{"type":"Polygon","coordinates":[[[84.37796,21.65787],[84.37798,21.66035],[84.37874,21.66385],[84.38159,21.66911],[84.38369,21.67162],[84.38486,21.67236],[84.38737,21.67148],[84.39526,21.6701],[84.3993,21.67007],[84.40002,21.67061],[84.40216,21.6677],[84.40409,21.66344],[84.40458,21.66269],[84.40536,21.66225],[84.40395,21.66069],[84.40296,21.65869],[84.40256,21.65366],[84.39881,21.65263],[84.39526,21.65272],[84.39293,21.65233],[84.39004,21.65238],[84.38976,21.65315],[84.38884,21.65385],[84.38541,21.65445],[84.38242,21.65558],[84.38194,21.65654],[84.38084,21.65706],[84.37796,21.65787]]]}},{"type":"Feature","properties":{"LCODE":"010270027002700003","LOCATION":"PUHULAMARA","V_TYPE":"VILLAGE","BLOCK":"TILEIBANI","DISTRICT":"DEOGARH"},"geometry":{"type":"Polygon","coordinates":[[[84.5155,21.65862],[84.51648,21.6606],[84.51731,21.66564],[84.51774,21.6716],[84.52184,21.67146],[84.52854,21.66988],[84.52792,21.66805],[84.52714,21.66295],[84.5267,21.66199],[84.52576,21.66114],[84.52501,21.66053],[84.52383,21.66015],[84.52101,21.66016],[84.51971,21.65978],[84.5186,21.65929],[84.51605,21.65741],[84.5155,21.65862]]]}},{"type":"Feature","properties":{"LCODE":"010270027002700001","LOCATION":"SAHAJBAHAL","V_TYPE":"VILLAGE","BLOCK":"TILEIBANI","DISTRICT":"DEOGARH"},"geometry":{"type":"Polygon","coordinates":[[[84.49509,21.66278],[84.49812,21.66295],[84.49898,21.66328],[84.50383,21.66673],[84.50783,21.67033],[84.51324,21.67136],[84.51774,21.6716],[84.51731,21.66564],[84.51648,21.6606],[84.5155,21.65862],[84.51387,21.65882],[84.50956,21.65833],[84.50816,21.65865],[84.50711,21.66172],[84.5062,21.66214],[84.50454,21.66195],[84.49959,21.65964],[84.49627,21.65995],[84.49615,21.66072],[84.49509,21.66278]]]}},{"type":"Feature","properties":{"LCODE":"010250024002400116","LOCATION":"BALIBUDA","V_TYPE":"VILLAGE","BLOCK":"REAMAL","DISTRICT":"DEOGARH"},"geometry":{"type":"Polygon","coordinates":[[[84.41093,21.67151],[84.41517,21.67059],[84.41632,21.66869],[84.41667,21.66611],[84.41428,21.66607],[84.41106,21.66648],[84.41124,21.66878],[84.41093,21.67151]]]}},{"type":"Feature","properties":{"LCODE":"010250024002400031","LOCATION":"SARBE","V_TYPE":"VILLAGE","BLOCK":"REAMAL","DISTRICT":"DEOGARH"},"geometry":{"type":"Polygon","coordinates":[[[84.21854,21.64732],[84.22265,21.65469],[84.22399,21.65578],[84.22601,21.65671],[84.22735,21.65809],[84.228,21.66233],[84.22789,21.66346],[84.23062,21.66573],[84.23215,21.66637],[84.23411,21.66632],[84.23435,21.66678],[84.2349,21.66689],[84.23692,21.66644],[84.23888,21.66737],[84.24175,21.66761],[84.24303,21.66899],[84.24401,21.66945],[84.24725,21.67032],[84.24829,21.67093],[84.24892,21.67045],[84.24935,21.66936],[84.24937,21.66637],[84.24722,21.66327],[84.24613,21.66063],[84.24496,21.65988],[84.2432,21.65793],[84.23906,21.65246],[84.23461,21.64826],[84.22612,21.64221],[84.22453,21.64363],[84.22422,21.6446],[84.22372,21.64511],[84.22201,21.64574],[84.2206,21.64676],[84.21854,21.64732]]]}},{"type":"Feature","properties":{"LCODE":"010250024002400068","LOCATION":"GHODABANDHUNI","V_TYPE":"VILLAGE","BLOCK":"REAMAL","DISTRICT":"DEOGARH"},"geometry":{"type":"Polygon","coordinates":[[[84.33195,21.64523],[84.33688,21.65047],[84.33768,21.65179],[84.33763,21.65328],[84.33569,21.65639],[84.33424,21.65939],[84.33311,21.66486],[84.33356,21.66899],[84.33413,21.67029],[84.33633,21.66937],[84.33828,21.66895],[84.34067,21.66877],[84.34208,21.66921],[84.34818,21.66573],[84.35257,21.66387],[84.35246,21.66282],[84.35314,21.65599],[84.35476,21.65069],[84.35439,21.64995],[84.35323,21.65053],[84.35178,21.65278],[84.35,21.65302],[84.34933,21.65349],[84.34879,21.65418],[84.34874,21.65711],[84.3485,21.6574],[84.34703,21.65741],[84.34487,21.6561],[84.34425,21.6549],[84.34447,21.65071],[84.3463,21.64857],[84.34647,21.64771],[84.34647,21.6469],[84.3456,21.64564],[84.3407,21.64459],[84.33617,21.64582],[84.33507,21.64543],[84.33469,21.64497],[84.33471,21.64423],[84.33195,21.64523]]]}},{"type":"Feature","properties":{"LCODE":"010270027002700010","LOCATION":"PURUNAPANI","V_TYPE":"VILLAGE","BLOCK":"TILEIBANI","DISTRICT":"DEOGARH"},"geometry":{"type":"Polygon","coordinates":[[[84.61265,21.66742],[84.61715,21.66784],[84.62746,21.67001],[84.62775,21.66732],[84.62771,21.6619],[84.61976,21.65593],[84.61682,21.65466],[84.61425,21.65447],[84.61446,21.65681],[84.61265,21.66742]]]}},{"type":"Feature","properties":{"LCODE":"010250024002400048","LOCATION":"DAITARIBAHAL","V_TYPE":"VILLAGE","BLOCK":"REAMAL","DISTRICT":"DEOGARH"},"geometry":{"type":"Polygon","coordinates":[[[84.27614,21.65721],[84.28069,21.65637],[84.28277,21.65555],[84.28416,21.65422],[84.28557,21.65369],[84.28777,21.65345],[84.28876,21.65424],[84.28925,21.65499],[84.28933,21.65677],[84.2889,21.65781],[84.28799,21.65891],[84.28793,21.65948],[84.28935,21.66091],[84.28923,21.6612],[84.28697,21.66213],[84.28679,21.66259],[84.28686,21.66311],[84.28821,21.66391],[84.28821,21.66437],[84.28736,21.66552],[84.28719,21.66685],[84.28547,21.6676],[84.28505,21.66807],[84.28493,21.66882],[84.28518,21.66933],[84.28604,21.6699],[84.28659,21.66978],[84.28793,21.66839],[84.28873,21.66804],[84.28871,21.66695],[84.28938,21.66476],[84.29179,21.65911],[84.29246,21.65847],[84.29314,21.65824],[84.29393,21.65863],[84.29436,21.65967],[84.29481,21.66156],[84.29483,21.66599],[84.29628,21.66599],[84.29635,21.66276],[84.29712,21.65884],[84.2973,21.65855],[84.29791,21.65849],[84.30074,21.65905],[84.30104,21.6587],[84.30157,21.6549],[84.30233,21.65275],[84.30043,21.65014],[84.29305,21.64507],[84.2925,21.64456],[84.29218,21.64344],[84.28912,21.64372],[84.28442,21.64571],[84.28326,21.64664],[84.28167,21.64879],[84.27981,21.65224],[84.27725,21.65524],[84.27614,21.65721]]]}},{"type":"Feature","properties":{"LCODE":"010270027002700004","LOCATION":"KATURIDHUAN","V_TYPE":"VILLAGE","BLOCK":"TILEIBANI","DISTRICT":"DEOGARH"},"geometry":{"type":"Polygon","coordinates":[[[84.52689,21.6624],[84.52761,21.66501],[84.52792,21.66805],[84.52854,21.66988],[84.53284,21.66881],[84.53856,21.6652],[84.53735,21.66411],[84.53536,21.66306],[84.53166,21.66205],[84.52902,21.66199],[84.52689,21.6624]]]}},{"type":"Feature","properties":{"LCODE":"010250024002400056","LOCATION":"DHUDIPALI(TALMUNDA)","V_TYPE":"VILLAGE","BLOCK":"REAMAL","DISTRICT":"DEOGARH"},"geometry":{"type":"Polygon","coordinates":[[[84.29618,21.66523],[84.29655,21.66678],[84.29736,21.66775],[84.30006,21.669],[84.30128,21.66887],[84.30305,21.66846],[84.30825,21.66618],[84.31002,21.66513],[84.31056,21.66404],[84.31226,21.66196],[84.31453,21.66188],[84.31691,21.66026],[84.3182,21.66013],[84.32108,21.66057],[84.32407,21.65969],[84.32633,21.65818],[84.32785,21.65651],[84.32803,21.65558],[84.3274,21.65358],[84.33037,21.64822],[84.33054,21.64643],[84.32919,21.64581],[84.32815,21.6457],[84.32636,21.64451],[84.32507,21.64417],[84.32214,21.64459],[84.32091,21.64397],[84.31963,21.64392],[84.31834,21.64422],[84.31614,21.64532],[84.31517,21.64711],[84.31525,21.64918],[84.31483,21.6505],[84.31367,21.6508],[84.31048,21.65048],[84.30871,21.65106],[84.30638,21.65114],[84.3035,21.65179],[84.30235,21.65272],[84.30193,21.65375],[84.30104,21.6587],[84.30074,21.65905],[84.29791,21.65849],[84.2973,21.65855],[84.29712,21.65884],[84.29635,21.66276],[84.29618,21.66523]]]}},{"type":"Feature","properties":{"LCODE":"010270027002700009","LOCATION":"DEPANI","V_TYPE":"VILLAGE","BLOCK":"TILEIBANI","DISTRICT":"DEOGARH"},"geometry":{"type":"Polygon","coordinates":[[[84.59293,21.6626],[84.59398,21.66335],[84.59413,21.66642],[84.59816,21.66665],[84.6039,21.66801],[84.60493,21.66765],[84.60535,21.66706],[84.60718,21.66668],[84.60847,21.66665],[84.61265,21.66742],[84.61446,21.65681],[84.61425,21.65447],[84.60621,21.65533],[84.60523,21.6557],[84.60516,21.65771],[84.60417,21.66048],[84.60042,21.66005],[84.59834,21.66021],[84.59614,21.66106],[84.59481,21.66218],[84.59293,21.6626]]]}},{"type":"Feature","properties":{"LCODE":"01027002700270rf","LOCATION":"RF","V_TYPE":"FOREST","BLOCK":"TILEIBANI","DISTRICT":"DEOGARH"},"geometry":{"type":"Polygon","coordinates":[[[84.68143,21.65457],[84.68169,21.65818],[84.68238,21.65879],[84.69022,21.65811],[84.69514,21.65898],[84.69949,21.66072],[84.70537,21.6661],[84.70785,21.66725],[84.71099,21.66787],[84.71006,21.66434],[84.71003,21.66296],[84.71073,21.65881],[84.71017,21.65865],[84.70712,21.65895],[84.70299,21.65835],[84.70237,21.65802],[84.70086,21.65633],[84.69734,21.65548],[84.69659,21.65487],[84.69569,21.65311],[84.69659,21.6495],[84.68828,21.64792],[84.68823,21.64874],[84.6877,21.64949],[84.68624,21.65027],[84.68246,21.65104],[84.68185,21.65174],[84.68143,21.65457]]]}},{"type":"Feature","properties":{"LCODE":"010270027002700007","LOCATION":"LUDHAR","V_TYPE":"VILLAGE","BLOCK":"TILEIBANI","DISTRICT":"DEOGARH"},"geometry":{"type":"Polygon","coordinates":[[[84.56495,21.65714],[84.56535,21.65857],[84.56753,21.66317],[84.56796,21.66664],[84.57024,21.66691],[84.58386,21.6669],[84.59413,21.66642],[84.59412,21.66421],[84.59398,21.66335],[84.5936,21.6629],[84.59187,21.66219],[84.59036,21.66055],[84.58701,21.65862],[84.58663,21.65811],[84.58643,21.65713],[84.58654,21.65374],[84.5857,21.65163],[84.58562,21.65049],[84.58602,21.64916],[84.58587,21.64845],[84.5827,21.64601],[84.58209,21.64608],[84.58113,21.64696],[84.57899,21.64713],[84.57683,21.64976],[84.57544,21.65071],[84.57464,21.65072],[84.57259,21.64973],[84.57082,21.65],[84.56814,21.65098],[84.56734,21.65094],[84.56595,21.65032],[84.56621,21.65251],[84.56495,21.65714]]]}},{"type":"Feature","properties":{"LCODE":"010270027002700006","LOCATION":"DUDHAPOSI","V_TYPE":"VILLAGE","BLOCK":"TILEIBANI","DISTRICT":"DEOGARH"},"geometry":{"type":"Polygon","coordinates":[[[84.54923,21.65254],[84.55079,21.6548],[84.55164,21.6576],[84.55158,21.66059],[84.5508,21.66434],[84.55945,21.66444],[84.56796,21.66664],[84.56753,21.66317],[84.56535,21.65857],[84.56495,21.65714],[84.56621,21.65251],[84.56595,21.65032],[84.56389,21.65004],[84.56226,21.65053],[84.55894,21.65405],[84.5582,21.65418],[84.55722,21.65409],[84.55437,21.6526],[84.55252,21.65212],[84.55135,21.65209],[84.54923,21.65254]]]}},{"type":"Feature","properties":{"LCODE":"010250024002400115","LOCATION":"BELBUDA","V_TYPE":"VILLAGE","BLOCK":"REAMAL","DISTRICT":"DEOGARH"},"geometry":{"type":"Polygon","coordinates":[[[84.40284,21.66602],[84.40712,21.66657],[84.41667,21.66611],[84.41757,21.66363],[84.41726,21.66289],[84.41475,21.66268],[84.41168,21.6619],[84.40623,21.66186],[84.40458,21.66269],[84.40284,21.66602]]]}},{"type":"Feature","properties":{"LCODE":"010250024002400033","LOCATION":"BALADBANDHA","V_TYPE":"VILLAGE","BLOCK":"REAMAL","DISTRICT":"DEOGARH"},"geometry":{"type":"Polygon","coordinates":[[[84.24613,21.66063],[84.24722,21.66327],[84.24942,21.66643],[84.2525,21.66496],[84.25384,21.66334],[84.25444,21.66146],[84.24992,21.65719],[84.24792,21.656],[84.24717,21.66012],[84.2468,21.66064],[84.24613,21.66063]]]}},{"type":"Feature","properties":{"LCODE":"010250024002400136","LOCATION":"KARANGAMAL","V_TYPE":"VILLAGE","BLOCK":"REAMAL","DISTRICT":"DEOGARH"},"geometry":{"type":"Polygon","coordinates":[[[84.42979,21.6589],[84.43016,21.6597],[84.4314,21.66078],[84.43274,21.66179],[84.4349,21.66265],[84.43588,21.66368],[84.43626,21.66453],[84.43797,21.66574],[84.43835,21.66544],[84.44423,21.66585],[84.44711,21.66561],[84.4493,21.66427],[84.45102,21.66414],[84.4516,21.66382],[84.45101,21.66283],[84.45009,21.66226],[84.44665,21.66131],[84.44615,21.66068],[84.44584,21.65977],[84.44587,21.65535],[84.44529,21.65129],[84.44466,21.64928],[84.44472,21.64825],[84.44318,21.64498],[84.44218,21.645],[84.43842,21.64858],[84.43646,21.64985],[84.43439,21.65061],[84.43384,21.65171],[84.43465,21.65273],[84.43349,21.65423],[84.43442,21.6552],[84.43327,21.65659],[84.43272,21.65676],[84.43124,21.65637],[84.43056,21.6566],[84.42979,21.6589]]]}},{"type":"Feature","properties":{"LCODE":"010250024002400132","LOCATION":"GODBHANGA","V_TYPE":"VILLAGE","BLOCK":"REAMAL","DISTRICT":"DEOGARH"},"geometry":{"type":"Polygon","coordinates":[[[84.42838,21.66529],[84.43143,21.66577],[84.43339,21.66553],[84.43473,21.66455],[84.43538,21.66317],[84.4349,21.66265],[84.43293,21.66175],[84.42963,21.66217],[84.42889,21.66241],[84.42859,21.66281],[84.42851,21.66324],[84.42902,21.6635],[84.42915,21.66418],[84.42838,21.66529]]]}},{"type":"Feature","properties":{"LCODE":"010270027002700019","LOCATION":"TIPIRISINGHA","V_TYPE":"VILLAGE","BLOCK":"TILEIBANI","DISTRICT":"DEOGARH"},"geometry":{"type":"Polygon","coordinates":[[[84.63762,21.65769],[84.63764,21.65871],[84.6389,21.65738],[84.64416,21.65635],[84.64469,21.6557],[84.64455,21.65467],[84.6449,21.65386],[84.64656,21.654],[84.65028,21.6561],[84.65073,21.65661],[84.6506,21.65942],[84.65093,21.66039],[84.65272,21.6607],[84.65584,21.66046],[84.65788,21.6611],[84.65832,21.66161],[84.65828,21.66259],[84.65598,21.66419],[84.65564,21.66512],[84.65784,21.66512],[84.66219,21.66451],[84.66496,21.66491],[84.66649,21.66562],[84.66725,21.66297],[84.6673,21.65992],[84.66808,21.65577],[84.66748,21.65377],[84.66752,21.65263],[84.66866,21.65043],[84.6684,21.64779],[84.66761,21.64551],[84.66508,21.64111],[84.65972,21.64401],[84.65728,21.64452],[84.65642,21.64425],[84.65455,21.64297],[84.65392,21.64207],[84.65298,21.63872],[84.65157,21.63827],[84.6488,21.63795],[84.64781,21.64358],[84.64729,21.64514],[84.64664,21.64607],[84.64463,21.64709],[84.64101,21.647],[84.63823,21.64755],[84.63862,21.64998],[84.63834,21.65417],[84.63762,21.65769]]]}},{"type":"Feature","properties":{"LCODE":"010250024002400118","LOCATION":"KADOGARH","V_TYPE":"VILLAGE","BLOCK":"REAMAL","DISTRICT":"DEOGARH"},"geometry":{"type":"Polygon","coordinates":[[[84.41918,21.66372],[84.42003,21.66476],[84.42071,21.6651],[84.42475,21.66548],[84.42838,21.66529],[84.42915,21.66418],[84.42878,21.66327],[84.42664,21.66294],[84.42552,21.66214],[84.42441,21.66072],[84.42312,21.65987],[84.41978,21.659],[84.41934,21.65932],[84.42012,21.66046],[84.42025,21.66149],[84.42014,21.66235],[84.41918,21.66372]]]}},{"type":"Feature","properties":{"LCODE":"010250024002400069","LOCATION":"SALEBHADI","V_TYPE":"VILLAGE","BLOCK":"REAMAL","DISTRICT":"DEOGARH"},"geometry":{"type":"Polygon","coordinates":[[[84.35246,21.66282],[84.35252,21.6638],[84.35314,21.66466],[84.35431,21.66534],[84.35603,21.66538],[84.36018,21.66335],[84.36102,21.66242],[84.36066,21.65255],[84.36034,21.65123],[84.35871,21.64862],[84.35757,21.6493],[84.35788,21.64987],[84.35917,21.65061],[84.35943,21.65227],[84.35901,21.65394],[84.35668,21.6543],[84.35442,21.65546],[84.35387,21.65529],[84.35358,21.65444],[84.35314,21.65599],[84.35246,21.66282]]]}},{"type":"Feature","properties":{"LCODE":"010270027002700005","LOCATION":"DIMIRIKUDA","V_TYPE":"VILLAGE","BLOCK":"TILEIBANI","DISTRICT":"DEOGARH"},"geometry":{"type":"Polygon","coordinates":[[[84.51605,21.65741],[84.5186,21.65929],[84.51971,21.65978],[84.52101,21.66016],[84.52383,21.66015],[84.52501,21.66053],[84.52689,21.6624],[84.52902,21.66199],[84.53166,21.66205],[84.53536,21.66306],[84.53735,21.66411],[84.53856,21.6652],[84.54085,21.66415],[84.5508,21.66434],[84.55167,21.65932],[84.55138,21.6564],[84.55079,21.6548],[84.54923,21.65254],[84.53897,21.65281],[84.53736,21.6521],[84.53465,21.6486],[84.53317,21.64811],[84.52904,21.64998],[84.52293,21.65183],[84.51911,21.65382],[84.51656,21.65614],[84.51605,21.65741]]]}},{"type":"Feature","properties":{"LCODE":"010250024002400029","LOCATION":"AKHADADANDA","V_TYPE":"VILLAGE","BLOCK":"REAMAL","DISTRICT":"DEOGARH"},"geometry":{"type":"Polygon","coordinates":[[[84.21059,21.65929],[84.21148,21.66077],[84.21178,21.66256],[84.21171,21.66466],[84.2182,21.66453],[84.22396,21.66289],[84.22695,21.66371],[84.22794,21.66342],[84.22777,21.66004],[84.22735,21.65809],[84.22601,21.65671],[84.22399,21.65578],[84.22265,21.65469],[84.21854,21.64732],[84.21643,21.64846],[84.21466,21.64817],[84.21362,21.64862],[84.21318,21.64931],[84.21316,21.65453],[84.21285,21.65585],[84.21059,21.65929]]]}},{"type":"Feature","properties":{"LCODE":"010250024002400119","LOCATION":"PATHURIA","V_TYPE":"VILLAGE","BLOCK":"REAMAL","DISTRICT":"DEOGARH"},"geometry":{"type":"Polygon","coordinates":[[[84.41805,21.66093],[84.41838,21.66277],[84.41918,21.66372],[84.42014,21.66235],[84.42012,21.66046],[84.41934,21.65932],[84.41816,21.66047],[84.41805,21.66093]]]}},{"type":"Feature","properties":{"LCODE":"010250024002400121","LOCATION":"BHATPURA","V_TYPE":"VILLAGE","BLOCK":"REAMAL","DISTRICT":"DEOGARH"},"geometry":{"type":"Polygon","coordinates":[[[84.41978,21.659],[84.42312,21.65987],[84.42441,21.66072],[84.42608,21.6626],[84.42719,21.66311],[84.42851,21.66324],[84.42864,21.66274],[84.42724,21.66253],[84.42625,21.66145],[84.42625,21.66076],[84.42704,21.65995],[84.42703,21.65944],[84.42611,21.6571],[84.42176,21.65787],[84.41978,21.659]]]}},{"type":"Feature","properties":{"LCODE":"010250024002400114","LOCATION":"DUMBERMUNDA","V_TYPE":"VILLAGE","BLOCK":"REAMAL","DISTRICT":"DEOGARH"},"geometry":{"type":"Polygon","coordinates":[[[84.40623,21.66186],[84.41168,21.6619],[84.41475,21.66268],[84.41647,21.66267],[84.41739,21.66298],[84.41838,21.66277],[84.41805,21.66151],[84.41816,21.66047],[84.41999,21.6588],[84.42004,21.6584],[84.41948,21.6568],[84.41935,21.65502],[84.41506,21.65353],[84.41426,21.65476],[84.41213,21.65702],[84.41086,21.65817],[84.40793,21.65997],[84.40623,21.66186]]]}},{"type":"Feature","properties":{"LCODE":"010250024002400131","LOCATION":"BHAINABEDA","V_TYPE":"VILLAGE","BLOCK":"REAMAL","DISTRICT":"DEOGARH"},"geometry":{"type":"Polygon","coordinates":[[[84.42603,21.65669],[84.42703,21.65944],[84.42704,21.65995],[84.42625,21.66076],[84.42625,21.66145],[84.42724,21.66253],[84.42864,21.66274],[84.42963,21.66217],[84.43274,21.66179],[84.42992,21.65936],[84.42979,21.6589],[84.43021,21.65718],[84.43091,21.65648],[84.43069,21.65614],[84.43007,21.65569],[84.4286,21.65553],[84.42658,21.656],[84.42603,21.65669]]]}},{"type":"Feature","properties":{"LCODE":"010270027002700008","LOCATION":"CHHELIAMENDHIA","V_TYPE":"VILLAGE","BLOCK":"TILEIBANI","DISTRICT":"DEOGARH"},"geometry":{"type":"Polygon","coordinates":[[[84.58562,21.65049],[84.5857,21.65163],[84.58654,21.65374],[84.58643,21.65713],[84.58663,21.65811],[84.58701,21.65862],[84.59036,21.66055],[84.59187,21.66219],[84.59293,21.6626],[84.59481,21.66218],[84.59614,21.66106],[84.59834,21.66021],[84.60042,21.66005],[84.60417,21.66048],[84.60516,21.65771],[84.60523,21.6557],[84.60315,21.6558],[84.6013,21.65543],[84.59887,21.65353],[84.59758,21.65104],[84.59685,21.65047],[84.593,21.6486],[84.58796,21.64808],[84.58587,21.64845],[84.58602,21.64916],[84.58562,21.65049]]]}},{"type":"Feature","properties":{"LCODE":"01025002400240rf","LOCATION":"RF","V_TYPE":"FOREST","BLOCK":"REAMAL","DISTRICT":"DEOGARH"},"geometry":{"type":"Polygon","coordinates":[[[84.41317,21.62139],[84.41322,21.62414],[84.41839,21.62273],[84.42225,21.62322],[84.42593,21.62492],[84.4277,21.62319],[84.42959,21.62243],[84.4337,21.62355],[84.43584,21.62371],[84.43861,21.62587],[84.44066,21.6285],[84.44252,21.6321],[84.44326,21.63267],[84.44504,21.63288],[84.4454,21.63334],[84.44434,21.63753],[84.44403,21.63811],[84.44305,21.63823],[84.44281,21.6388],[84.44331,21.63983],[84.4427,21.64035],[84.44321,21.64362],[84.44317,21.64522],[84.44397,21.64636],[84.44472,21.64825],[84.44466,21.64928],[84.44522,21.64974],[84.45268,21.6486],[84.45751,21.64736],[84.46209,21.64556],[84.46387,21.6452],[84.46546,21.6453],[84.46798,21.64626],[84.46933,21.64711],[84.47143,21.64927],[84.47058,21.6502],[84.46844,21.6513],[84.46808,21.65182],[84.46767,21.65343],[84.46633,21.65521],[84.46652,21.65704],[84.4677,21.65784],[84.46972,21.658],[84.47108,21.65925],[84.47212,21.65981],[84.47426,21.65963],[84.47469,21.66002],[84.47507,21.6622],[84.47624,21.66253],[84.47759,21.66235],[84.4848,21.66076],[84.49062,21.65997],[84.49319,21.65904],[84.49535,21.65739],[84.49454,21.65478],[84.49374,21.65332],[84.48941,21.65022],[84.48702,21.64583],[84.48897,21.64389],[84.48856,21.64288],[84.48718,21.64124],[84.48737,21.63977],[84.48775,21.63848],[84.48833,21.63793],[84.49301,21.63497],[84.49515,21.63294],[84.49747,21.63],[84.50056,21.62696],[84.50092,21.62601],[84.50084,21.62547],[84.50269,21.62411],[84.50433,21.62364],[84.51093,21.62364],[84.51141,21.62341],[84.51212,21.62239],[84.51266,21.62081],[84.5144,21.62066],[84.51636,21.62089],[84.51888,21.62176],[84.52186,21.6249],[84.52359,21.62608],[84.52438,21.62592],[84.5265,21.62474],[84.52752,21.62349],[84.52681,21.62231],[84.52728,21.62081],[84.53114,21.61673],[84.53365,21.61484],[84.5353,21.61319],[84.53648,21.61138],[84.53624,21.60997],[84.53397,21.60651],[84.53443,21.60557],[84.53883,21.60447],[84.54214,21.60321],[84.5452,21.60054],[84.54654,21.59818],[84.54693,21.59558],[84.54795,21.59433],[84.55267,21.5915],[84.55542,21.59158],[84.55864,21.59103],[84.56006,21.58993],[84.56053,21.5878],[84.56202,21.58623],[84.56399,21.58529],[84.56799,21.58254],[84.57192,21.5812],[84.57216,21.58049],[84.5698,21.57727],[84.56909,21.57664],[84.5687,21.57664],[84.56485,21.57767],[84.5584,21.58034],[84.55566,21.57994],[84.55212,21.5801],[84.55109,21.58042],[84.54685,21.58301],[84.5452,21.58285],[84.5386,21.57947],[84.53514,21.57727],[84.53569,21.5757],[84.53915,21.57216],[84.54009,21.57067],[84.53962,21.57004],[84.53648,21.56784],[84.53074,21.57287],[84.51888,21.57884],[84.51416,21.58018],[84.51321,21.58089],[84.51259,21.58081],[84.51235,21.57963],[84.5125,21.57562],[84.51227,21.57185],[84.51164,21.57193],[84.50991,21.57311],[84.50417,21.57594],[84.50143,21.57688],[84.49899,21.57719],[84.49333,21.57971],[84.49121,21.57798],[84.49089,21.57727],[84.49239,21.57633],[84.49443,21.5757],[84.49797,21.57256],[84.49977,21.5687],[84.50024,21.56627],[84.50103,21.56454],[84.5015,21.56163],[84.50253,21.55943],[84.50292,21.55747],[84.50536,21.55283],[84.50607,21.55094],[84.50607,21.54992],[84.50543,21.54756],[84.5026,21.54269],[84.50158,21.54143],[84.50064,21.53908],[84.49954,21.5379],[84.49883,21.53632],[84.49663,21.53326],[84.49529,21.53059],[84.4949,21.52957],[84.49483,21.52713],[84.49167,21.52535],[84.49041,21.5265],[84.48938,21.52811],[84.48792,21.52909],[84.48689,21.5303],[84.48524,21.53117],[84.48373,21.53347],[84.48276,21.53444],[84.4813,21.53565],[84.47929,21.53664],[84.47868,21.53721],[84.47813,21.53836],[84.47802,21.53911],[84.47895,21.54071],[84.4798,21.54082],[84.48384,21.54017],[84.48697,21.54136],[84.4901,21.54306],[84.49115,21.54323],[84.49195,21.54403],[84.49201,21.54442],[84.48756,21.5472],[84.48599,21.54978],[84.48492,21.553],[84.48218,21.5545],[84.47962,21.55686],[84.47909,21.55916],[84.47916,21.56019],[84.48071,21.56339],[84.48072,21.56482],[84.47962,21.565],[84.47784,21.56443],[84.47626,21.56627],[84.47365,21.56812],[84.47392,21.57145],[84.47517,21.57539],[84.47813,21.57864],[84.48184,21.57598],[84.48489,21.5731],[84.48617,21.57264],[84.48904,21.57228],[84.48941,21.57245],[84.48974,21.57514],[84.487,21.57745],[84.48669,21.57808],[84.48702,21.58037],[84.48326,21.58554],[84.48261,21.58858],[84.48158,21.59025],[84.48128,21.59043],[84.47932,21.59015],[84.47517,21.59126],[84.47057,21.59095],[84.46947,21.59198],[84.46409,21.59236],[84.46437,21.58915],[84.4641,21.58611],[84.46209,21.58721],[84.45844,21.58993],[84.45609,21.59407],[84.45432,21.59585],[84.44759,21.59862],[84.44237,21.59909],[84.44173,21.5989],[84.44082,21.59977],[84.43905,21.60059],[84.43649,21.60261],[84.43443,21.6052],[84.43175,21.60705],[84.42749,21.61109],[84.42612,21.61158],[84.41826,21.61688],[84.42098,21.61732],[84.42117,21.61807],[84.42069,21.61945],[84.42119,21.62059],[84.42076,21.62128],[84.41856,21.62153],[84.41666,21.62045],[84.41376,21.6199],[84.41322,21.62029],[84.41317,21.62139]],[[84.45078,21.62178],[84.45143,21.62017],[84.45265,21.61925],[84.45576,21.61786],[84.45852,21.61709],[84.45943,21.61617],[84.46039,21.6137],[84.46318,21.61053],[84.46822,21.60562],[84.467,21.60546],[84.46388,21.60583],[84.46253,21.60543],[84.46216,21.60429],[84.46221,21.60343],[84.46396,21.59952],[84.46445,21.59906],[84.46548,21.59877],[84.46899,21.60052],[84.4698,21.60247],[84.46987,21.60396],[84.46964,21.60443],[84.47237,21.60352],[84.47225,21.6028],[84.47341,21.60222],[84.47787,21.60185],[84.483,21.60188],[84.48129,21.59988],[84.47723,21.5979],[84.47606,21.59647],[84.47569,21.59539],[84.47561,21.59384],[84.47627,21.59229],[84.47749,21.59131],[84.47926,21.59061],[84.48067,21.59094],[84.48424,21.59299],[84.49326,21.60416],[84.49538,21.60619],[84.50141,21.60591],[84.50503,21.60627],[84.5084,21.606],[84.51049,21.60616],[84.51398,21.60549],[84.51643,21.60563],[84.51778,21.60608],[84.51902,21.60699],[84.52034,21.61128],[84.52206,21.61184],[84.52439,21.61205],[84.52416,21.61349],[84.52367,21.61395],[84.52023,21.61347],[84.5176,21.61378],[84.51646,21.61604],[84.50111,21.61583],[84.49685,21.61526],[84.49487,21.61402],[84.49344,21.61234],[84.49325,21.61131],[84.48535,21.61143],[84.48248,21.61116],[84.48229,21.61093],[84.4828,21.60729],[84.47672,21.6091],[84.47623,21.61091],[84.47568,21.61149],[84.47514,21.61281],[84.47472,21.6131],[84.47324,21.61316],[84.47257,21.61357],[84.47191,21.61523],[84.4688,21.61634],[84.46849,21.61674],[84.46863,21.61829],[84.46912,21.61892],[84.47164,21.62045],[84.47202,21.62142],[84.47128,21.6216],[84.46925,21.62041],[84.46889,21.62044],[84.47285,21.6256],[84.47409,21.62771],[84.47409,21.62851],[84.47318,21.62938],[84.46828,21.63016],[84.46358,21.63059],[84.4621,21.63014],[84.46136,21.62911],[84.45978,21.62573],[84.45657,21.62691],[84.45503,21.62692],[84.45349,21.62492],[84.4509,21.62253],[84.45078,21.62178]],[[84.4334,21.61553],[84.43405,21.61312],[84.43587,21.60978],[84.43719,21.60633],[84.43798,21.60518],[84.43889,21.60431],[84.44145,21.60281],[84.44432,21.60187],[84.44385,21.60411],[84.44192,21.60814],[84.43987,21.6136],[84.439,21.61842],[84.43655,21.62038],[84.43539,21.62022],[84.43372,21.61794],[84.4334,21.61553]]]}},{"type":"Feature","properties":{"LCODE":"010250024002400113","LOCATION":"BHOJPUR","V_TYPE":"VILLAGE","BLOCK":"REAMAL","DISTRICT":"DEOGARH"},"geometry":{"type":"Polygon","coordinates":[[[84.40069,21.64746],[84.40228,21.64882],[84.40247,21.64945],[84.40296,21.65869],[84.40395,21.66069],[84.40536,21.66225],[84.40641,21.66176],[84.40793,21.65997],[84.41086,21.65817],[84.41426,21.65476],[84.4156,21.65269],[84.4168,21.64993],[84.41776,21.64625],[84.41774,21.64419],[84.41699,21.64184],[84.41618,21.64047],[84.41255,21.63757],[84.41217,21.63642],[84.40967,21.63661],[84.40881,21.63691],[84.40717,21.63812],[84.40517,21.64106],[84.40308,21.64193],[84.40231,21.64377],[84.40165,21.64711],[84.40069,21.64746]]]}},{"type":"Feature","properties":{"LCODE":"010270027002700020","LOCATION":"RAITAL","V_TYPE":"VILLAGE","BLOCK":"TILEIBANI","DISTRICT":"DEOGARH"},"geometry":{"type":"Polygon","coordinates":[[[84.59758,21.65104],[84.59887,21.65353],[84.6013,21.65543],[84.60315,21.6558],[84.60468,21.65576],[84.60621,21.65533],[84.6143,21.65446],[84.61545,21.65392],[84.61617,21.65322],[84.61708,21.64694],[84.61909,21.64293],[84.62066,21.64204],[84.62164,21.64196],[84.62435,21.64259],[84.62534,21.64308],[84.62641,21.64427],[84.62717,21.6454],[84.62732,21.64666],[84.62723,21.64787],[84.62531,21.65308],[84.62498,21.65515],[84.62534,21.65756],[84.62735,21.65958],[84.6278,21.66199],[84.63017,21.66222],[84.63204,21.66092],[84.63589,21.66031],[84.63764,21.65884],[84.63777,21.65643],[84.63834,21.65417],[84.63862,21.64998],[84.63853,21.64871],[84.6376,21.64518],[84.63638,21.64262],[84.63392,21.63934],[84.63236,21.63535],[84.63124,21.63469],[84.6283,21.63454],[84.62147,21.63656],[84.62018,21.6363],[84.61948,21.63569],[84.61922,21.6377],[84.6178,21.63992],[84.617,21.64286],[84.61575,21.64478],[84.6146,21.64567],[84.61395,21.64706],[84.61226,21.64796],[84.61185,21.6494],[84.61077,21.65035],[84.60869,21.65039],[84.60689,21.64963],[84.60439,21.65008],[84.60257,21.65116],[84.60122,21.65141],[84.59758,21.65104]]]}},{"type":"Feature","properties":{"LCODE":"010270027002700002","LOCATION":"BUDHIKUTUNI","V_TYPE":"VILLAGE","BLOCK":"TILEIBANI","DISTRICT":"DEOGARH"},"geometry":{"type":"Polygon","coordinates":[[[84.4957,21.65813],[84.49635,21.65944],[84.49627,21.65995],[84.49959,21.65964],[84.50454,21.66195],[84.5062,21.66214],[84.50711,21.66172],[84.50816,21.65865],[84.50956,21.65833],[84.51387,21.65882],[84.51546,21.65867],[84.51656,21.65614],[84.51499,21.65356],[84.51271,21.65281],[84.50625,21.65519],[84.50251,21.65515],[84.49926,21.65551],[84.4978,21.65606],[84.4957,21.65813]]]}},{"type":"Feature","properties":{"LCODE":"010270027002700021","LOCATION":"DHOBAKATA","V_TYPE":"VILLAGE","BLOCK":"TILEIBANI","DISTRICT":"DEOGARH"},"geometry":{"type":"Polygon","coordinates":[[[84.61425,21.65447],[84.61682,21.65466],[84.61976,21.65593],[84.62771,21.6619],[84.62735,21.65958],[84.62534,21.65756],[84.62508,21.65659],[84.62498,21.65515],[84.62531,21.65308],[84.62723,21.64787],[84.62732,21.64666],[84.62717,21.6454],[84.62534,21.64308],[84.62435,21.64259],[84.62164,21.64196],[84.62066,21.64204],[84.61909,21.64293],[84.61708,21.64694],[84.61617,21.65322],[84.61545,21.65392],[84.61425,21.65447]]]}},{"type":"Feature","properties":{"LCODE":"010250024002400035","LOCATION":"DAMGAON","V_TYPE":"VILLAGE","BLOCK":"REAMAL","DISTRICT":"DEOGARH"},"geometry":{"type":"Polygon","coordinates":[[[84.24221,21.63565],[84.24261,21.63735],[84.24284,21.64153],[84.24332,21.64291],[84.24374,21.64389],[84.24539,21.64527],[84.24722,21.64734],[84.24776,21.6486],[84.24812,21.65124],[84.24792,21.656],[84.24992,21.65719],[84.25444,21.66146],[84.2551,21.66005],[84.25659,21.65954],[84.25663,21.65901],[84.25766,21.65716],[84.25784,21.65537],[84.2582,21.65451],[84.26095,21.65317],[84.26202,21.65179],[84.26037,21.64874],[84.25974,21.64605],[84.25757,21.64117],[84.25652,21.64043],[84.25642,21.64331],[84.25599,21.64394],[84.25495,21.64412],[84.25348,21.6439],[84.24816,21.6411],[84.2467,21.6396],[84.24554,21.6377],[84.24494,21.6361],[84.24435,21.63326],[84.24221,21.63565]]]}},{"type":"Feature","properties":{"LCODE":"010250024002400034","LOCATION":"KENADHIPA","V_TYPE":"VILLAGE","BLOCK":"REAMAL","DISTRICT":"DEOGARH"},"geometry":{"type":"Polygon","coordinates":[[[84.22612,21.64221],[84.23058,21.64526],[84.23674,21.65005],[84.24016,21.65373],[84.2432,21.65793],[84.24496,21.65988],[84.24606,21.66063],[84.2468,21.66064],[84.24717,21.66012],[84.24792,21.65623],[84.24801,21.64958],[84.24722,21.64734],[84.24539,21.64527],[84.24374,21.64389],[84.24332,21.64291],[84.24284,21.64153],[84.24261,21.63735],[84.24221,21.63565],[84.23784,21.63687],[84.23256,21.63965],[84.22668,21.63985],[84.2262,21.64037],[84.22612,21.64221]]]}},{"type":"Feature","properties":{"LCODE":"010250024002400030","LOCATION":"DALKI","V_TYPE":"VILLAGE","BLOCK":"REAMAL","DISTRICT":"DEOGARH"},"geometry":{"type":"Polygon","coordinates":[[[84.20588,21.65187],[84.20856,21.6556],[84.21059,21.65929],[84.21285,21.65585],[84.21316,21.65453],[84.21318,21.64931],[84.21339,21.64898],[84.20961,21.64925],[84.20588,21.65187]]]}},{"type":"Feature","properties":{"LCODE":"010270027002700043","LOCATION":"KADALIMUNDA","V_TYPE":"VILLAGE","BLOCK":"TILEIBANI","DISTRICT":"DEOGARH"},"geometry":{"type":"Polygon","coordinates":[[[84.69569,21.65311],[84.69659,21.65487],[84.69734,21.65548],[84.70086,21.65633],[84.70237,21.65802],[84.70299,21.65835],[84.70712,21.65895],[84.71062,21.65878],[84.71482,21.65792],[84.71634,21.65697],[84.71716,21.65557],[84.71781,21.65154],[84.71952,21.64835],[84.72018,21.64776],[84.72146,21.64733],[84.72408,21.6472],[84.72346,21.64367],[84.72176,21.64118],[84.72173,21.64025],[84.71835,21.63994],[84.71304,21.63839],[84.71175,21.63818],[84.71071,21.63838],[84.70895,21.63928],[84.70852,21.63982],[84.70879,21.64324],[84.70856,21.64405],[84.70802,21.64463],[84.7068,21.64483],[84.70219,21.64459],[84.70037,21.64549],[84.69733,21.64906],[84.69653,21.64953],[84.69569,21.65311]]]}},{"type":"Feature","properties":{"LCODE":"010250024002400120","LOCATION":"KHENDIBANDH","V_TYPE":"VILLAGE","BLOCK":"REAMAL","DISTRICT":"DEOGARH"},"geometry":{"type":"Polygon","coordinates":[[[84.41935,21.65569],[84.42001,21.65868],[84.42176,21.65787],[84.4258,21.65727],[84.42611,21.6571],[84.42631,21.65621],[84.42517,21.65538],[84.42308,21.65488],[84.42027,21.65513],[84.41935,21.65569]]]}},{"type":"Feature","properties":{"LCODE":"01025002400240rf","LOCATION":"RF","V_TYPE":"FOREST","BLOCK":"REAMAL","DISTRICT":"DEOGARH"},"geometry":{"type":"Polygon","coordinates":[[[84.37016,21.65346],[84.37096,21.65454],[84.37152,21.65678],[84.37294,21.65803],[84.37453,21.65825],[84.37668,21.65812],[84.37955,21.65753],[84.38194,21.65654],[84.38242,21.6559],[84.38216,21.65424],[84.38136,21.65338],[84.38056,21.65322],[84.37708,21.65399],[84.3726,21.65275],[84.37132,21.65265],[84.37021,21.653],[84.37016,21.65346]]]}},{"type":"Feature","properties":{"LCODE":"0102700270027000rf","LOCATION":"RF","V_TYPE":"FOREST","BLOCK":"TILEIBANI","DISTRICT":"DEOGARH"},"geometry":{"type":"Polygon","coordinates":[[[84.48702,21.64583],[84.48941,21.65022],[84.49374,21.65332],[84.49454,21.65478],[84.4957,21.65813],[84.4978,21.65606],[84.49926,21.65551],[84.50251,21.65515],[84.50625,21.65519],[84.51271,21.65281],[84.51499,21.65356],[84.51658,21.65617],[84.51911,21.65382],[84.52299,21.65178],[84.52278,21.65012],[84.52308,21.64637],[84.52396,21.64429],[84.52558,21.64247],[84.52692,21.64175],[84.52838,21.64166],[84.5311,21.64235],[84.53464,21.6413],[84.5353,21.64082],[84.53683,21.63711],[84.53803,21.63617],[84.54233,21.63608],[84.54739,21.63499],[84.55058,21.63486],[84.55118,21.63399],[84.55134,21.63261],[84.55233,21.63017],[84.55413,21.6283],[84.55927,21.62462],[84.56219,21.62312],[84.56354,21.62304],[84.56526,21.6234],[84.56703,21.62302],[84.5735,21.61846],[84.58011,21.61476],[84.58085,21.61463],[84.58171,21.61507],[84.58191,21.6157],[84.5811,21.61801],[84.58136,21.61898],[84.58065,21.62009],[84.58056,21.62187],[84.58259,21.62522],[84.58476,21.62632],[84.58562,21.62624],[84.58906,21.62364],[84.591,21.6197],[84.59315,21.61695],[84.59485,21.61553],[84.59692,21.61492],[84.59931,21.61504],[84.60174,21.61384],[84.60379,21.61224],[84.60434,21.61206],[84.60496,21.61227],[84.60529,21.61382],[84.60421,21.61757],[84.60136,21.62194],[84.60042,21.62415],[84.59992,21.6299],[84.60017,21.6303],[84.60123,21.63068],[84.60159,21.63055],[84.60183,21.63003],[84.60198,21.62561],[84.60298,21.6234],[84.60543,21.62025],[84.6063,21.61805],[84.60659,21.61695],[84.60644,21.61276],[84.6068,21.61229],[84.61359,21.61433],[84.61642,21.61467],[84.61922,21.61433],[84.6202,21.6139],[84.62132,21.61204],[84.62215,21.6103],[84.6228,21.6065],[84.62323,21.60632],[84.62415,21.60641],[84.62497,21.6072],[84.62858,21.61275],[84.62865,21.61315],[84.62775,21.61437],[84.62852,21.61562],[84.63095,21.61787],[84.63324,21.61874],[84.63895,21.61925],[84.64291,21.62066],[84.64401,21.62052],[84.64825,21.61807],[84.65051,21.61745],[84.6561,21.61773],[84.65903,21.61732],[84.66156,21.61807],[84.66402,21.61843],[84.66769,21.61794],[84.67033,21.61812],[84.67748,21.61992],[84.68551,21.6227],[84.68361,21.6195],[84.68037,21.60895],[84.67992,21.60781],[84.67891,21.60651],[84.67747,21.60488],[84.66971,21.60073],[84.66641,21.59834],[84.66602,21.59725],[84.66792,21.59147],[84.6705,21.58943],[84.68232,21.584],[84.68643,21.58026],[84.69603,21.57703],[84.69891,21.57333],[84.70146,21.57063],[84.70721,21.5674],[84.7204,21.56414],[84.73011,21.56284],[84.74383,21.56227],[84.74952,21.56175],[84.75181,21.56123],[84.76343,21.56036],[84.7744,21.55873],[84.78139,21.55688],[84.78408,21.55659],[84.79009,21.55658],[84.7915,21.55687],[84.79327,21.55784],[84.7942,21.55864],[84.79462,21.55962],[84.79469,21.5637],[84.79763,21.5626],[84.80106,21.56179],[84.80584,21.56202],[84.80995,21.56356],[84.81773,21.56309],[84.82024,21.56251],[84.82423,21.56009],[84.82588,21.55945],[84.83592,21.55656],[84.83857,21.55236],[84.83949,21.55155],[84.84103,21.55051],[84.84384,21.54924],[84.84862,21.54757],[84.8496,21.54751],[84.85071,21.54843],[84.85016,21.5551],[84.85046,21.55538],[84.8512,21.55538],[84.85212,21.55371],[84.85255,21.55136],[84.85439,21.54756],[84.85439,21.54692],[84.85193,21.54612],[84.85101,21.54555],[84.85021,21.54463],[84.84985,21.54296],[84.84997,21.54072],[84.85046,21.53854],[84.85242,21.53347],[84.85217,21.531],[84.85064,21.52859],[84.84984,21.52813],[84.84892,21.52802],[84.8469,21.52813],[84.84616,21.52773],[84.84579,21.52612],[84.84494,21.52555],[84.84359,21.52572],[84.84328,21.52532],[84.84328,21.52463],[84.83979,21.52303],[84.8393,21.51935],[84.8393,21.5178],[84.83973,21.51647],[84.83955,21.51619],[84.83881,21.51601],[84.83544,21.51711],[84.83318,21.51735],[84.83274,21.51706],[84.83219,21.51499],[84.8317,21.51442],[84.82815,21.51471],[84.8241,21.51564],[84.82307,21.5161],[84.82092,21.51788],[84.81982,21.5184],[84.81912,21.51824],[84.81737,21.51898],[84.81712,21.51921],[84.81847,21.52709],[84.81798,21.52807],[84.81657,21.5279],[84.81216,21.5252],[84.81118,21.52497],[84.80977,21.52526],[84.80934,21.52572],[84.80928,21.52653],[84.81106,21.53084],[84.81063,21.53291],[84.8094,21.53372],[84.80658,21.53476],[84.80395,21.53666],[84.79911,21.53695],[84.79708,21.53748],[84.79635,21.53742],[84.79475,21.53662],[84.7901,21.53639],[84.78703,21.53795],[84.78434,21.53888],[84.78305,21.53865],[84.78268,21.53819],[84.7825,21.53652],[84.78171,21.53572],[84.77888,21.53567],[84.77411,21.53665],[84.76914,21.53908],[84.76454,21.5392],[84.76302,21.53989],[84.76123,21.54185],[84.76056,21.54214],[84.75345,21.54318],[84.74908,21.54464],[84.74278,21.54599],[84.73489,21.54633],[84.72855,21.54549],[84.72496,21.54344],[84.72258,21.54406],[84.72047,21.54554],[84.71913,21.54591],[84.71794,21.54485],[84.71729,21.5432],[84.71712,21.54125],[84.71661,21.53982],[84.71532,21.53951],[84.71307,21.53777],[84.71127,21.53701],[84.70969,21.53716],[84.70629,21.53889],[84.70449,21.54036],[84.70245,21.54259],[84.70124,21.5429],[84.70001,21.54281],[84.6992,21.54191],[84.69858,21.54163],[84.68883,21.53845],[84.68399,21.54148],[84.68132,21.54239],[84.67938,21.54347],[84.67609,21.54399],[84.67284,21.54383],[84.66982,21.54326],[84.6686,21.54369],[84.66664,21.54631],[84.66531,21.54749],[84.66319,21.54857],[84.66172,21.5513],[84.65885,21.55446],[84.65752,21.55546],[84.65388,21.55433],[84.65134,21.55272],[84.65069,21.55113],[84.65067,21.5498],[84.64993,21.54683],[84.64924,21.54605],[84.648,21.54584],[84.64348,21.54605],[84.63955,21.54573],[84.63776,21.54525],[84.63571,21.54391],[84.63501,21.54232],[84.63313,21.54029],[84.6328,21.53955],[84.63341,21.5392],[84.63667,21.53982],[84.63838,21.53967],[84.6394,21.53884],[84.64161,21.53903],[84.64313,21.53831],[84.64387,21.53829],[84.64571,21.53894],[84.64649,21.53812],[84.64716,21.53805],[84.65044,21.53942],[84.65173,21.53956],[84.65526,21.53817],[84.65874,21.53488],[84.65957,21.53377],[84.66036,21.5337],[84.66109,21.53311],[84.66385,21.53351],[84.66632,21.53145],[84.6673,21.52868],[84.66813,21.52745],[84.66856,21.52727],[84.67065,21.52798],[84.67643,21.52895],[84.68158,21.52918],[84.68514,21.52968],[84.68607,21.53018],[84.68739,21.53165],[84.68807,21.53181],[84.6888,21.5315],[84.68958,21.53051],[84.69065,21.5267],[84.69215,21.52535],[84.69997,21.52146],[84.70453,21.51993],[84.70631,21.5196],[84.70598,21.51898],[84.70283,21.5179],[84.70126,21.51649],[84.70037,21.51462],[84.70088,21.51289],[84.70173,21.51235],[84.70454,21.51218],[84.70663,21.51237],[84.71158,21.51496],[84.71358,21.51687],[84.7142,21.51709],[84.72334,21.51759],[84.72431,21.51734],[84.72491,21.5167],[84.72495,21.51583],[84.72375,21.51179],[84.72411,21.51086],[84.72581,21.51037],[84.73174,21.51007],[84.73412,21.50951],[84.73824,21.50747],[84.74222,21.50498],[84.74258,21.50457],[84.74277,21.5025],[84.7434,21.50102],[84.74368,21.49887],[84.74492,21.49731],[84.7452,21.49577],[84.74783,21.49327],[84.75019,21.49285],[84.75827,21.48927],[84.76141,21.48612],[84.76332,21.48498],[84.76756,21.48315],[84.77015,21.48149],[84.77284,21.4819],[84.77555,21.48042],[84.77936,21.4802],[84.78053,21.4794],[84.78268,21.47665],[84.78527,21.47465],[84.7849,21.47355],[84.78162,21.46779],[84.78052,21.46641],[84.77979,21.4656],[84.77856,21.46497],[84.77371,21.46472],[84.76807,21.46493],[84.76752,21.46464],[84.76746,21.46395],[84.76789,21.46332],[84.77121,21.46098],[84.77177,21.46],[84.77171,21.45919],[84.77042,21.45844],[84.76528,21.45687],[84.76099,21.45628],[84.75935,21.453],[84.7577,21.4507],[84.75728,21.44954],[84.75752,21.44891],[84.75937,21.44771],[84.76232,21.44514],[84.76411,21.4429],[84.76522,21.4425],[84.76724,21.44257],[84.76828,21.44291],[84.77029,21.44459],[84.77052,21.44443],[84.7724,21.4396],[84.77241,21.43873],[84.77192,21.43804],[84.77143,21.43764],[84.77039,21.43746],[84.76781,21.43762],[84.76419,21.43847],[84.76199,21.43599],[84.76181,21.43525],[84.76237,21.43479],[84.772,21.43224],[84.77598,21.43559],[84.78528,21.44091],[84.78257,21.44285],[84.78091,21.44365],[84.77385,21.44587],[84.77256,21.44661],[84.76997,21.44947],[84.7691,21.4512],[84.77045,21.45229],[84.77328,21.45086],[84.7766,21.45013],[84.77739,21.45036],[84.77813,21.45008],[84.78034,21.4479],[84.78175,21.44704],[84.78452,21.44567],[84.78624,21.44528],[84.78943,21.44564],[84.79292,21.44708],[84.79438,21.4487],[84.79536,21.4491],[84.79781,21.44934],[84.79855,21.45004],[84.79885,21.45107],[84.79854,21.45222],[84.79694,21.45342],[84.79443,21.45404],[84.79314,21.45513],[84.79356,21.45582],[84.79491,21.4564],[84.7965,21.45664],[84.79908,21.4563],[84.80135,21.45723],[84.80293,21.45849],[84.80551,21.45862],[84.80673,21.4596],[84.80819,21.46352],[84.81265,21.46899],[84.81441,21.47359],[84.81435,21.47514],[84.81398,21.47566],[84.81342,21.476],[84.81104,21.47628],[84.81181,21.48054],[84.81168,21.48467],[84.81254,21.48496],[84.81333,21.48634],[84.8139,21.48812],[84.81572,21.48756],[84.81652,21.48635],[84.81647,21.48423],[84.81734,21.47992],[84.81821,21.4786],[84.81998,21.47717],[84.82011,21.47665],[84.82018,21.47505],[84.8197,21.47143],[84.81992,21.4706],[84.81866,21.46844],[84.81721,21.46246],[84.81784,21.45809],[84.81911,21.4532],[84.81761,21.45338],[84.81664,21.45297],[84.8159,21.45234],[84.81551,21.45114],[84.81227,21.45554],[84.81123,21.45657],[84.81006,21.45714],[84.80663,21.45558],[84.80632,21.45489],[84.80774,21.45214],[84.80868,21.44858],[84.80849,21.44823],[84.80763,21.44806],[84.8056,21.44926],[84.80426,21.44885],[84.80353,21.44816],[84.80341,21.44695],[84.80421,21.44517],[84.80624,21.44328],[84.8082,21.44197],[84.81091,21.44072],[84.81104,21.4402],[84.80859,21.4391],[84.80718,21.43783],[84.80676,21.43714],[84.80676,21.4365],[84.80872,21.43582],[84.80927,21.43525],[84.81008,21.43198],[84.81064,21.43083],[84.81174,21.42951],[84.81297,21.42883],[84.81242,21.42952],[84.81413,21.43107],[84.81634,21.43241],[84.81805,21.43299],[84.81909,21.43299],[84.81953,21.43218],[84.81898,21.43012],[84.82046,21.42736],[84.82059,21.42478],[84.82175,21.42386],[84.8231,21.42387],[84.83334,21.42431],[84.83463,21.4257],[84.83468,21.42868],[84.83388,21.43035],[84.83203,21.43183],[84.83393,21.43305],[84.83619,21.43506],[84.84035,21.43698],[84.84103,21.43663],[84.84164,21.43577],[84.84135,21.43485],[84.8392,21.43376],[84.83786,21.43208],[84.83799,21.43007],[84.83891,21.42939],[84.83989,21.42939],[84.84222,21.4294],[84.84486,21.4301],[84.84854,21.42707],[84.85247,21.42571],[84.85425,21.42439],[84.8572,21.4228],[84.85937,21.42076],[84.85916,21.42028],[84.85733,21.41786],[84.85482,21.4163],[84.84833,21.41484],[84.84576,21.41483],[84.8422,21.41533],[84.83981,21.41411],[84.83834,21.41388],[84.83049,21.41637],[84.82865,21.41665],[84.82619,21.41659],[84.82294,21.41789],[84.82135,21.41772],[84.81866,21.4169],[84.81149,21.41716],[84.80993,21.42388],[84.809,21.42588],[84.80801,21.4264],[84.80299,21.42615],[84.79888,21.42556],[84.79687,21.42475],[84.79625,21.42417],[84.79595,21.42307],[84.79559,21.42302],[84.78563,21.42872],[84.78422,21.42872],[84.78239,21.42601],[84.78172,21.42578],[84.77994,21.42652],[84.77612,21.42915],[84.77318,21.42994],[84.77164,21.42982],[84.76969,21.42855],[84.76726,21.42446],[84.76664,21.42405],[84.76498,21.42405],[84.76228,21.4257],[84.75995,21.42621],[84.75535,21.42665],[84.75175,21.4266],[84.7475,21.42401],[84.74709,21.42348],[84.74677,21.42118],[84.74599,21.42059],[84.74295,21.41984],[84.74142,21.42015],[84.74067,21.42083],[84.73766,21.42887],[84.73595,21.43182],[84.73406,21.43379],[84.73153,21.43495],[84.7291,21.4368],[84.72871,21.43759],[84.7287,21.43834],[84.72964,21.43956],[84.73455,21.44139],[84.73605,21.44274],[84.73693,21.44425],[84.73898,21.4455],[84.73933,21.44608],[84.7392,21.44648],[84.73522,21.44921],[84.72836,21.44959],[84.72664,21.45007],[84.72472,21.45107],[84.72469,21.45222],[84.72601,21.45357],[84.72611,21.45437],[84.72495,21.45705],[84.72472,21.45905],[84.72767,21.46331],[84.72781,21.4652],[84.72761,21.46583],[84.72636,21.46713],[84.72083,21.47029],[84.71144,21.47407],[84.71051,21.4748],[84.7103,21.47577],[84.71125,21.48241],[84.72063,21.47902],[84.72141,21.47668],[84.72462,21.47542],[84.72598,21.47516],[84.72769,21.47543],[84.73054,21.47658],[84.73167,21.47775],[84.73096,21.47928],[84.72874,21.48234],[84.72752,21.48278],[84.72408,21.48294],[84.72198,21.48381],[84.71622,21.48433],[84.71274,21.4853],[84.71666,21.48876],[84.7176,21.49028],[84.71768,21.49189],[84.71735,21.49332],[84.71652,21.49439],[84.71516,21.49528],[84.71271,21.49529],[84.7096,21.4946],[84.70681,21.49362],[84.70215,21.49129],[84.6846,21.4806],[84.68154,21.47818],[84.68095,21.47748],[84.67968,21.47424],[84.67865,21.47382],[84.6709,21.47539],[84.66603,21.47678],[84.65769,21.47972],[84.656,21.47985],[84.65363,21.4809],[84.64686,21.48473],[84.64347,21.48552],[84.64192,21.48612],[84.64061,21.48713],[84.64064,21.48834],[84.64201,21.49009],[84.64309,21.49091],[84.65008,21.49048],[84.65148,21.49062],[84.65732,21.49206],[84.65768,21.49241],[84.65735,21.49591],[84.6582,21.4988],[84.65718,21.50089],[84.65471,21.50188],[84.64632,21.5016],[84.63123,21.50253],[84.6225,21.50165],[84.61621,21.49969],[84.61504,21.5011],[84.61491,21.5034],[84.61406,21.5041],[84.61348,21.50538],[84.61288,21.50596],[84.61153,21.50628],[84.60975,21.50586],[84.60789,21.50452],[84.60751,21.50366],[84.6076,21.50286],[84.60814,21.50204],[84.60995,21.50074],[84.61037,21.49999],[84.61069,21.50043],[84.61114,21.49998],[84.61146,21.49947],[84.61156,21.49781],[84.61191,21.4977],[84.61159,21.49728],[84.61045,21.4966],[84.60938,21.49707],[84.60717,21.49709],[84.60383,21.49622],[84.60132,21.49628],[84.60021,21.49649],[84.59888,21.49801],[84.59579,21.50009],[84.59522,21.49972],[84.59483,21.49833],[84.59477,21.49362],[84.5945,21.49258],[84.59318,21.49141],[84.58963,21.49134],[84.58903,21.4911],[84.58839,21.48982],[84.58807,21.48786],[84.5884,21.48695],[84.58961,21.48536],[84.58409,21.48413],[84.57843,21.48053],[84.57818,21.48063],[84.57859,21.4829],[84.57849,21.48428],[84.57758,21.48644],[84.57673,21.49062],[84.57563,21.49301],[84.57317,21.49549],[84.56843,21.49672],[84.56408,21.49663],[84.5588,21.4971],[84.5545,21.49787],[84.55201,21.49878],[84.55633,21.50015],[84.55668,21.4997],[84.55779,21.49997],[84.55994,21.5009],[84.56194,21.50253],[84.5627,21.50395],[84.56298,21.50572],[84.56183,21.50937],[84.56174,21.51155],[84.56121,21.51231],[84.55961,21.51183],[84.5588,21.51098],[84.55552,21.50616],[84.55236,21.50445],[84.55225,21.50158],[84.55199,21.50083],[84.5508,21.49942],[84.54988,21.49973],[84.54286,21.50389],[84.54109,21.50416],[84.5385,21.50295],[84.53624,21.50311],[84.53418,21.50424],[84.53008,21.50795],[84.52875,21.50855],[84.52783,21.50863],[84.52666,21.50819],[84.5254,21.50615],[84.52435,21.50272],[84.52437,21.501],[84.52269,21.50022],[84.52009,21.49718],[84.51417,21.49689],[84.50968,21.49772],[84.50848,21.4974],[84.5013,21.49897],[84.50405,21.50078],[84.50751,21.49933],[84.50904,21.49907],[84.51112,21.4992],[84.5136,21.50064],[84.51523,21.5025],[84.51626,21.50501],[84.5173,21.50879],[84.51826,21.51089],[84.51906,21.51386],[84.51964,21.51845],[84.51978,21.52287],[84.52081,21.52837],[84.52084,21.52998],[84.51997,21.53281],[84.52009,21.53574],[84.51962,21.53633],[84.51351,21.53743],[84.51132,21.53845],[84.51047,21.53853],[84.50568,21.53776],[84.49932,21.53738],[84.50064,21.53908],[84.50158,21.54143],[84.5026,21.54269],[84.50543,21.54756],[84.50591,21.54906],[84.50607,21.55094],[84.50292,21.55747],[84.50253,21.55943],[84.5015,21.56163],[84.50103,21.56454],[84.50024,21.56627],[84.49977,21.5687],[84.49797,21.57256],[84.49443,21.5757],[84.49113,21.57696],[84.49089,21.57727],[84.49121,21.57798],[84.49333,21.57971],[84.49388,21.57963],[84.49899,21.57719],[84.50143,21.57688],[84.50622,21.57507],[84.50995,21.57308],[84.50909,21.57247],[84.50877,21.5715],[84.50937,21.5708],[84.51101,21.56996],[84.51196,21.56838],[84.51288,21.56837],[84.51393,21.56926],[84.51455,21.56942],[84.51509,21.56878],[84.51531,21.56768],[84.51646,21.56708],[84.51817,21.56642],[84.52191,21.5656],[84.52302,21.56452],[84.52293,21.56258],[84.52322,21.56154],[84.52388,21.56066],[84.526,21.55964],[84.5282,21.55919],[84.53059,21.55914],[84.53165,21.55993],[84.53203,21.56061],[84.53186,21.56159],[84.53127,21.56246],[84.52695,21.56439],[84.52434,21.56516],[84.52366,21.56837],[84.52325,21.56901],[84.51555,21.57354],[84.51463,21.5739],[84.51243,21.57394],[84.51227,21.5779],[84.51259,21.58081],[84.51321,21.58089],[84.51416,21.58018],[84.51888,21.57884],[84.53074,21.57287],[84.53648,21.56784],[84.53962,21.57004],[84.54009,21.57067],[84.53915,21.57216],[84.53569,21.5757],[84.53514,21.57727],[84.5386,21.57947],[84.5452,21.58285],[84.54685,21.58301],[84.55109,21.58042],[84.55212,21.5801],[84.55566,21.57994],[84.5584,21.58034],[84.56485,21.57767],[84.5687,21.57664],[84.56909,21.57664],[84.5698,21.57727],[84.57201,21.58018],[84.57216,21.58097],[84.56799,21.58254],[84.56399,21.58529],[84.56202,21.58623],[84.56053,21.5878],[84.56006,21.58993],[84.55864,21.59103],[84.55542,21.59158],[84.55267,21.5915],[84.54795,21.59433],[84.54693,21.59558],[84.54654,21.59818],[84.5452,21.60054],[84.54214,21.60321],[84.53883,21.60447],[84.53443,21.60557],[84.53397,21.60651],[84.53624,21.60997],[84.53648,21.61138],[84.5353,21.61319],[84.53365,21.61484],[84.53114,21.61673],[84.52728,21.62081],[84.52681,21.62231],[84.52752,21.62349],[84.5265,21.62474],[84.52438,21.62592],[84.52359,21.62608],[84.52186,21.6249],[84.51888,21.62176],[84.51636,21.62089],[84.5144,21.62066],[84.51266,21.62081],[84.51212,21.62239],[84.51141,21.62341],[84.51093,21.62364],[84.50433,21.62364],[84.50269,21.62411],[84.50084,21.62547],[84.50092,21.62601],[84.50056,21.62696],[84.49747,21.63],[84.49515,21.63294],[84.49301,21.63497],[84.48775,21.63848],[84.48718,21.64124],[84.48856,21.64288],[84.48897,21.64389],[84.48702,21.64583]],[[84.49564,21.64587],[84.49577,21.643],[84.49607,21.64253],[84.49716,21.6417],[84.4996,21.64056],[84.5021,21.64016],[84.50383,21.64081],[84.50508,21.64205],[84.50544,21.64474],[84.50504,21.64596],[84.50402,21.6477],[84.50251,21.64883],[84.49668,21.64884],[84.49593,21.64782],[84.49564,21.64587]],[[84.54184,21.61115],[84.54224,21.60953],[84.54308,21.60888],[84.54633,21.60915],[84.54928,21.60903],[84.55199,21.60995],[84.55243,21.61052],[84.55251,21.61126],[84.55234,21.61201],[84.55162,21.61301],[84.5509,21.61337],[84.54807,21.61331],[84.54429,21.61414],[84.54248,21.6128],[84.54184,21.61115]],[[84.65076,21.60923],[84.65124,21.6083],[84.65172,21.60801],[84.65604,21.60682],[84.66023,21.60467],[84.66225,21.60434],[84.66628,21.60644],[84.6673,21.60814],[84.66892,21.60948],[84.669,21.61034],[84.66846,21.61087],[84.66766,21.61094],[84.65957,21.61077],[84.65634,21.61187],[84.65524,21.61195],[84.65122,21.61066],[84.65085,21.61032],[84.65076,21.60923]],[[84.55397,21.60773],[84.55425,21.60646],[84.5555,21.60453],[84.55801,21.60425],[84.55856,21.60384],[84.55849,21.60079],[84.56023,21.59846],[84.56102,21.59833],[84.56269,21.59892],[84.56433,21.60153],[84.5647,21.60474],[84.5643,21.6059],[84.56332,21.60615],[84.56227,21.60566],[84.5619,21.60584],[84.56146,21.60837],[84.55875,21.61038],[84.55814,21.61045],[84.55597,21.60964],[84.5546,21.60869],[84.55397,21.60773]],[[84.63274,21.59204],[84.63545,21.58693],[84.63612,21.58617],[84.63697,21.5861],[84.6376,21.58672],[84.63858,21.58687],[84.64029,21.5866],[84.64331,21.58447],[84.64576,21.58436],[84.64669,21.58497],[84.64692,21.58715],[84.64799,21.58874],[84.64807,21.58948],[84.64592,21.59469],[84.64533,21.59597],[84.64313,21.59607],[84.64198,21.59707],[84.64056,21.60199],[84.63936,21.60339],[84.63809,21.60433],[84.63724,21.6047],[84.63625,21.60449],[84.63588,21.60409],[84.63596,21.60248],[84.63736,21.59889],[84.63681,21.59592],[84.63567,21.59399],[84.63331,21.59272],[84.63274,21.59204]],[[84.62276,21.58398],[84.62328,21.58248],[84.62486,21.58153],[84.62591,21.58179],[84.62691,21.58281],[84.62717,21.58349],[84.62678,21.58551],[84.62594,21.58627],[84.6249,21.58647],[84.62355,21.58626],[84.62311,21.58576],[84.62276,21.58398]],[[84.60561,21.56022],[84.60648,21.55831],[84.60799,21.5569],[84.60877,21.55648],[84.61208,21.55601],[84.61171,21.55337],[84.61266,21.55203],[84.61295,21.55071],[84.61433,21.5497],[84.61574,21.54938],[84.61546,21.54761],[84.61663,21.5454],[84.61946,21.5431],[84.62075,21.54296],[84.6218,21.54329],[84.62354,21.54457],[84.62429,21.54553],[84.62482,21.54719],[84.62601,21.54842],[84.62743,21.54897],[84.62942,21.5503],[84.62979,21.55363],[84.63069,21.55556],[84.63258,21.55816],[84.63414,21.55934],[84.63766,21.5607],[84.63791,21.56104],[84.63786,21.56167],[84.63744,21.56208],[84.6349,21.56346],[84.63371,21.5648],[84.63371,21.56779],[84.633,21.56907],[84.63129,21.56979],[84.62872,21.5699],[84.62506,21.57067],[84.62407,21.57023],[84.62261,21.56768],[84.6189,21.56643],[84.61537,21.56444],[84.61232,21.56508],[84.60728,21.56426],[84.60616,21.56314],[84.60561,21.56022]],[[84.58784,21.56076],[84.58811,21.55886],[84.58924,21.557],[84.59093,21.55559],[84.59178,21.55534],[84.59282,21.55526],[84.59473,21.55585],[84.59554,21.55647],[84.59681,21.55874],[84.59685,21.56052],[84.59511,21.56222],[84.59465,21.5639],[84.59197,21.56493],[84.59075,21.56484],[84.58985,21.56302],[84.5881,21.56145],[84.58784,21.56076]],[[84.59858,21.55227],[84.59868,21.551],[84.59956,21.5496],[84.59991,21.54586],[84.6011,21.54389],[84.60267,21.54265],[84.60474,21.54203],[84.60616,21.54223],[84.60801,21.54328],[84.60934,21.54509],[84.60981,21.54721],[84.60964,21.54807],[84.60911,21.54872],[84.60705,21.54997],[84.60758,21.5522],[84.60672,21.55491],[84.60687,21.55646],[84.60664,21.55681],[84.60555,21.55746],[84.60426,21.55766],[84.60137,21.55686],[84.59925,21.55495],[84.59858,21.55227]],[[84.76306,21.55686],[84.76361,21.55553],[84.76637,21.55242],[84.76907,21.55178],[84.76993,21.55121],[84.77073,21.55052],[84.77171,21.54879],[84.77398,21.54729],[84.77459,21.54712],[84.77557,21.54775],[84.77606,21.54884],[84.77612,21.54982],[84.77514,21.55074],[84.77373,21.55143],[84.77213,21.5531],[84.76926,21.55368],[84.76723,21.55587],[84.76569,21.55593],[84.76404,21.55749],[84.76343,21.55754],[84.76306,21.55726],[84.76306,21.55686]],[[84.53822,21.5514],[84.53857,21.55036],[84.53911,21.54989],[84.54044,21.54894],[84.54269,21.54792],[84.54563,21.54504],[84.54648,21.54468],[84.54886,21.54411],[84.55271,21.54403],[84.55524,21.54444],[84.55678,21.5451],[84.55878,21.54758],[84.56094,21.54805],[84.56151,21.5489],[84.56152,21.54976],[84.55905,21.55792],[84.55972,21.5633],[84.55899,21.56407],[84.54839,21.56733],[84.54625,21.56744],[84.54268,21.56636],[84.54211,21.56591],[84.54147,21.56449],[84.54055,21.56095],[84.5407,21.55945],[84.53941,21.55632],[84.53944,21.55413],[84.53824,21.55232],[84.53822,21.5514]],[[84.56226,21.55555],[84.56278,21.55422],[84.56301,21.55031],[84.56399,21.54707],[84.56524,21.54561],[84.57813,21.5439],[84.58126,21.54401],[84.5838,21.54568],[84.58439,21.54716],[84.58602,21.54914],[84.5871,21.55394],[84.58686,21.55447],[84.58533,21.55467],[84.5828,21.55352],[84.57986,21.55341],[84.57595,21.55412],[84.57215,21.55408],[84.57038,21.55435],[84.56288,21.55617],[84.56239,21.55601],[84.56226,21.55555]],[[84.62376,21.53796],[84.6241,21.53634],[84.62511,21.53506],[84.6278,21.53449],[84.62896,21.53452],[84.63107,21.53568],[84.63195,21.53676],[84.63221,21.53756],[84.63176,21.53952],[84.63152,21.53992],[84.63062,21.54034],[84.62865,21.54039],[84.62527,21.53977],[84.62397,21.53899],[84.62376,21.53796]],[[84.59347,21.52991],[84.59477,21.52501],[84.59583,21.52291],[84.59668,21.52221],[84.60003,21.52134],[84.60272,21.52139],[84.60469,21.52193],[84.60625,21.52304],[84.60695,21.52441],[84.60634,21.52758],[84.6063,21.53143],[84.60714,21.53348],[84.60735,21.53514],[84.60664,21.53613],[84.60487,21.53646],[84.60416,21.53796],[84.60356,21.53838],[84.60149,21.53888],[84.59613,21.53451],[84.59438,21.53265],[84.59347,21.52991]],[[84.63213,21.51941],[84.63243,21.51895],[84.63599,21.51922],[84.63637,21.51955],[84.63689,21.52092],[84.63678,21.5219],[84.63553,21.52353],[84.63419,21.52402],[84.63271,21.5237],[84.63239,21.52302],[84.63266,21.52106],[84.63213,21.51941]],[[84.61538,21.52355],[84.61639,21.52209],[84.61685,21.52041],[84.61582,21.51819],[84.61581,21.51751],[84.61797,21.51832],[84.6211,21.52159],[84.6218,21.5229],[84.62175,21.52359],[84.62067,21.52476],[84.61835,21.52526],[84.61639,21.52496],[84.61571,21.52434],[84.61538,21.52355]],[[84.607,21.51505],[84.60711,21.51441],[84.6091,21.51282],[84.61044,21.51256],[84.61186,21.51334],[84.61368,21.51508],[84.61431,21.51599],[84.61426,21.51668],[84.61259,21.51895],[84.61181,21.51954],[84.61025,21.51819],[84.60833,21.51709],[84.60727,21.51602],[84.607,21.51505]],[[84.67515,21.51209],[84.67568,21.51117],[84.67817,21.51037],[84.67922,21.51069],[84.68009,21.51153],[84.68038,21.51354],[84.67992,21.51447],[84.67901,21.51506],[84.67852,21.51507],[84.67696,21.51412],[84.67515,21.51209]],[[84.53606,21.52265],[84.53642,21.51914],[84.53724,21.51694],[84.5374,21.51561],[84.53864,21.51329],[84.54021,21.51222],[84.54362,21.511],[84.54697,21.51025],[84.55004,21.51099],[84.55228,21.51249],[84.55392,21.51516],[84.55523,21.51651],[84.55537,21.51726],[84.55456,21.51963],[84.55473,21.52198],[84.55439,21.52348],[84.55399,21.52447],[84.55242,21.52628],[84.55167,21.52802],[84.55094,21.52867],[84.54545,21.52958],[84.54182,21.5292],[84.53967,21.52861],[84.5388,21.52794],[84.53667,21.52511],[84.53606,21.52265]],[[84.61842,21.50786],[84.6187,21.50625],[84.61924,21.50583],[84.6218,21.50492],[84.62399,21.50493],[84.62493,21.50589],[84.62627,21.50833],[84.63086,21.50835],[84.63223,21.50919],[84.6328,21.50998],[84.63307,21.51152],[84.6326,21.51228],[84.63152,21.51311],[84.62939,21.51395],[84.62098,21.51585],[84.62054,21.51511],[84.6205,21.51322],[84.61923,21.51129],[84.61852,21.50958],[84.61842,21.50786]],[[84.63524,21.50665],[84.63583,21.5059],[84.64051,21.50425],[84.64268,21.50564],[84.64343,21.50643],[84.64445,21.50813],[84.6444,21.50876],[84.64295,21.50965],[84.64027,21.51057],[84.63728,21.51092],[84.63622,21.51002],[84.63524,21.50665]],[[84.57723,21.50819],[84.57846,21.50541],[84.57919,21.50189],[84.58039,21.49994],[84.58141,21.4968],[84.58235,21.49567],[84.58384,21.49513],[84.58451,21.4952],[84.58577,21.49603],[84.58755,21.49807],[84.58764,21.49934],[84.58683,21.50153],[84.58727,21.50241],[84.58894,21.50266],[84.59116,21.50067],[84.59346,21.49941],[84.59499,21.49973],[84.59686,21.50078],[84.60048,21.50151],[84.60172,21.50229],[84.60185,21.50292],[84.60144,21.50379],[84.6,21.50485],[84.59761,21.50507],[84.59399,21.5044],[84.59308,21.50493],[84.59177,21.5064],[84.59068,21.50699],[84.58739,21.50815],[84.58451,21.50804],[84.58391,21.50834],[84.58349,21.50892],[84.58338,21.50979],[84.5806,21.51122],[84.57913,21.51143],[84.57789,21.51036],[84.57723,21.50819]],[[84.67216,21.4908],[84.67263,21.48932],[84.67413,21.48843],[84.68355,21.4885],[84.68616,21.48919],[84.68755,21.48996],[84.68784,21.49049],[84.68745,21.49157],[84.68763,21.49169],[84.69096,21.49078],[84.6936,21.49072],[84.69525,21.49293],[84.69714,21.49326],[84.69737,21.49401],[84.69254,21.49655],[84.68891,21.49447],[84.68709,21.49392],[84.67906,21.49651],[84.67729,21.49654],[84.6759,21.49599],[84.67339,21.49359],[84.67268,21.49242],[84.67216,21.4908]],[[84.71987,21.48739],[84.72003,21.48607],[84.72072,21.48523],[84.72521,21.48428],[84.72693,21.48432],[84.72838,21.48503],[84.72957,21.48655],[84.72968,21.48707],[84.72958,21.4885],[84.72863,21.48986],[84.72481,21.49094],[84.72253,21.49124],[84.7215,21.49093],[84.72031,21.48941],[84.71987,21.48739]],[[84.7541,21.46086],[84.75558,21.45759],[84.75559,21.45644],[84.75608,21.45609],[84.75921,21.45714],[84.76086,21.4587],[84.76147,21.45962],[84.76164,21.46071],[84.76115,21.46232],[84.75893,21.46392],[84.75629,21.4638],[84.75556,21.46351],[84.75428,21.46189],[84.7541,21.46086]]]}},{"type":"Feature","properties":{"LCODE":"010250024002400040","LOCATION":"BHOIPALI","V_TYPE":"VILLAGE","BLOCK":"REAMAL","DISTRICT":"DEOGARH"},"geometry":{"type":"Polygon","coordinates":[[[84.25795,21.64226],[84.25974,21.64605],[84.26037,21.64874],[84.26202,21.65179],[84.26343,21.64855],[84.2641,21.64791],[84.26502,21.64808],[84.26687,21.65071],[84.26976,21.65202],[84.27106,21.65362],[84.27247,21.65435],[84.27419,21.6559],[84.27432,21.65774],[84.27614,21.65721],[84.27725,21.65524],[84.27981,21.65224],[84.28162,21.64918],[84.28121,21.64251],[84.28033,21.63832],[84.27972,21.63686],[84.27663,21.63351],[84.27435,21.63232],[84.27239,21.63193],[84.27166,21.63217],[84.26868,21.63443],[84.26624,21.63789],[84.26521,21.6387],[84.26374,21.639],[84.2632,21.64113],[84.26284,21.6416],[84.26032,21.64104],[84.25795,21.64226]]]}},{"type":"Feature","properties":{"LCODE":"01025002400240rf","LOCATION":"RF","V_TYPE":"FOREST","BLOCK":"REAMAL","DISTRICT":"DEOGARH"},"geometry":{"type":"Polygon","coordinates":[[[84.33463,21.64434],[84.33507,21.64543],[84.33617,21.64582],[84.3407,21.64459],[84.3456,21.64564],[84.34609,21.6461],[84.34647,21.6469],[84.3463,21.64857],[84.34447,21.65071],[84.34425,21.6549],[84.34487,21.6561],[84.34647,21.65712],[84.34703,21.65741],[84.3485,21.6574],[84.34874,21.65711],[84.34879,21.65418],[84.35,21.65302],[84.35178,21.65278],[84.35262,21.65128],[84.3539,21.65007],[84.35439,21.64995],[84.35476,21.65069],[84.35362,21.65392],[84.35356,21.65484],[84.35387,21.65529],[84.35442,21.65546],[84.35668,21.6543],[84.35901,21.65394],[84.35943,21.65227],[84.35917,21.65061],[84.35788,21.64987],[84.35757,21.6493],[84.35812,21.64878],[84.36075,21.64807],[84.36111,21.64755],[84.36143,21.64095],[84.36106,21.6402],[84.35965,21.63992],[84.358,21.64045],[84.35666,21.64132],[84.3555,21.64116],[84.3545,21.63875],[84.3532,21.63692],[84.34953,21.63706],[84.3428,21.6386],[84.34134,21.6393],[84.33506,21.64376],[84.33463,21.64434]]]}},{"type":"Feature","properties":{"LCODE":"010250024002400130","LOCATION":"CHHEPRABEDA","V_TYPE":"VILLAGE","BLOCK":"REAMAL","DISTRICT":"DEOGARH"},"geometry":{"type":"Polygon","coordinates":[[[84.4249,21.65154],[84.42502,21.65363],[84.4278,21.65427],[84.42922,21.65552],[84.43007,21.65569],[84.43091,21.65648],[84.43272,21.65676],[84.43327,21.65659],[84.43442,21.6552],[84.43349,21.65423],[84.43465,21.65273],[84.43384,21.65171],[84.43444,21.65059],[84.43315,21.65005],[84.43076,21.64955],[84.4291,21.64858],[84.42607,21.64835],[84.42501,21.65051],[84.4249,21.65154]]]}},{"type":"Feature","properties":{"LCODE":"010250024002400122","LOCATION":"SHAGADESWAR","V_TYPE":"VILLAGE","BLOCK":"REAMAL","DISTRICT":"DEOGARH"},"geometry":{"type":"Polygon","coordinates":[[[84.41921,21.65489],[84.41935,21.65569],[84.42027,21.65513],[84.42308,21.65488],[84.42517,21.65538],[84.42631,21.65621],[84.42922,21.65552],[84.4278,21.65427],[84.42479,21.6536],[84.42081,21.6538],[84.41965,21.65433],[84.41921,21.65489]]]}},{"type":"Feature","properties":{"LCODE":"010250024002400110","LOCATION":"SIHIRIA","V_TYPE":"VILLAGE","BLOCK":"REAMAL","DISTRICT":"DEOGARH"},"geometry":{"type":"Polygon","coordinates":[[[84.36642,21.65149],[84.3691,21.65186],[84.37045,21.65285],[84.3726,21.65275],[84.37708,21.65399],[84.38056,21.65322],[84.38136,21.65338],[84.38216,21.65424],[84.38242,21.65558],[84.38541,21.65445],[84.38884,21.65385],[84.38976,21.65315],[84.39005,21.65235],[84.3896,21.6496],[84.38605,21.64044],[84.38273,21.63868],[84.37865,21.63738],[84.37845,21.6386],[84.37747,21.63986],[84.378,21.64497],[84.37763,21.6456],[84.37702,21.64607],[84.37635,21.64613],[84.37402,21.64591],[84.37182,21.64536],[84.37046,21.64399],[84.36988,21.64257],[84.36889,21.64715],[84.36732,21.65032],[84.36642,21.65149]]]}},{"type":"Feature","properties":{"LCODE":"010270027002700047","LOCATION":"DHENGURJORE","V_TYPE":"VILLAGE","BLOCK":"TILEIBANI","DISTRICT":"DEOGARH"},"geometry":{"type":"Polygon","coordinates":[[[84.72173,21.63992],[84.72176,21.64118],[84.72346,21.64367],[84.7241,21.64716],[84.72389,21.64894],[84.7289,21.65337],[84.73129,21.65494],[84.73407,21.65406],[84.73978,21.65124],[84.74353,21.6519],[84.74605,21.65185],[84.75007,21.65079],[84.75224,21.65069],[84.75389,21.64486],[84.75545,21.6407],[84.75441,21.62824],[84.75472,21.62709],[84.7552,21.62671],[84.75421,21.6261],[84.74939,21.62546],[84.74376,21.62665],[84.73962,21.62835],[84.7376,21.62845],[84.73502,21.6281],[84.73356,21.62859],[84.73193,21.63006],[84.73072,21.6306],[84.72797,21.63129],[84.72554,21.63143],[84.72503,21.63405],[84.72173,21.63992]]]}},{"type":"Feature","properties":{"LCODE":"010250024002400123","LOCATION":"TALBEDA","V_TYPE":"VILLAGE","BLOCK":"REAMAL","DISTRICT":"DEOGARH"},"geometry":{"type":"Polygon","coordinates":[[[84.41506,21.65353],[84.41921,21.65489],[84.41965,21.65433],[84.42081,21.6538],[84.42502,21.65363],[84.42501,21.65051],[84.42607,21.64835],[84.41756,21.64708],[84.4168,21.64993],[84.41506,21.65353]]]}},{"type":"Feature","properties":{"LCODE":"010270027002700025","LOCATION":"GANDAM","V_TYPE":"VILLAGE","BLOCK":"TILEIBANI","DISTRICT":"DEOGARH"},"geometry":{"type":"Polygon","coordinates":[[[84.53877,21.63602],[84.53933,21.63643],[84.53972,21.63774],[84.53935,21.64079],[84.53964,21.64309],[84.53996,21.64383],[84.54153,21.64552],[84.54187,21.64729],[84.54142,21.64954],[84.53979,21.65284],[84.54897,21.6526],[84.55135,21.65209],[84.55252,21.65212],[84.55437,21.6526],[84.55722,21.65409],[84.55894,21.65405],[84.56226,21.65053],[84.56059,21.64798],[84.561,21.64682],[84.56239,21.64593],[84.56315,21.6435],[84.56424,21.6429],[84.5652,21.64191],[84.56648,21.64148],[84.56645,21.6401],[84.56521,21.63915],[84.5648,21.63732],[84.5643,21.63698],[84.56271,21.63673],[84.56245,21.63633],[84.5621,21.63427],[84.56122,21.6332],[84.561,21.63131],[84.56013,21.63075],[84.55836,21.63131],[84.55793,21.63097],[84.55841,21.62763],[84.55823,21.62534],[84.55413,21.6283],[84.55233,21.63017],[84.55134,21.63261],[84.55118,21.63399],[84.55058,21.63486],[84.54739,21.63499],[84.54233,21.63608],[84.53877,21.63602]]]}},{"type":"Feature","properties":{"LCODE":"010250024002400111","LOCATION":"GAMBHIRAMUNDA","V_TYPE":"VILLAGE","BLOCK":"REAMAL","DISTRICT":"DEOGARH"},"geometry":{"type":"Polygon","coordinates":[[[84.38574,21.6401],[84.38667,21.64158],[84.38773,21.64519],[84.3896,21.6496],[84.39004,21.65238],[84.39293,21.65233],[84.39526,21.65272],[84.39881,21.65263],[84.40256,21.65366],[84.40247,21.64945],[84.40228,21.64882],[84.40069,21.64746],[84.40006,21.64723],[84.39963,21.6466],[84.39919,21.64477],[84.39916,21.64081],[84.39729,21.63606],[84.39607,21.63659],[84.39393,21.63654],[84.39265,21.63913],[84.39125,21.63897],[84.39032,21.63754],[84.38903,21.63726],[84.38874,21.63933],[84.38654,21.64009],[84.38574,21.6401]]]}},{"type":"Feature","properties":{"LCODE":"010270027002700026","LOCATION":"GANGAJALA","V_TYPE":"VILLAGE","BLOCK":"TILEIBANI","DISTRICT":"DEOGARH"},"geometry":{"type":"Polygon","coordinates":[[[84.53092,21.64235],[84.53106,21.64678],[84.53162,21.64883],[84.53317,21.64811],[84.53403,21.64821],[84.53465,21.6486],[84.53736,21.6521],[84.53897,21.65281],[84.53979,21.65284],[84.54142,21.64954],[84.54187,21.64729],[84.54153,21.64552],[84.53996,21.64383],[84.53964,21.64309],[84.53935,21.64079],[84.53972,21.63774],[84.53933,21.63643],[84.53877,21.63602],[84.53803,21.63617],[84.53683,21.63711],[84.5353,21.64082],[84.53464,21.6413],[84.53092,21.64235]]]}},{"type":"Feature","properties":{"LCODE":"010250024002400055","LOCATION":"AMBAKATA","V_TYPE":"VILLAGE","BLOCK":"REAMAL","DISTRICT":"DEOGARH"},"geometry":{"type":"Polygon","coordinates":[[[84.29218,21.64261],[84.2925,21.64456],[84.30043,21.65014],[84.30233,21.65275],[84.30412,21.65161],[84.30638,21.65114],[84.30871,21.65106],[84.30958,21.6507],[84.3082,21.64974],[84.30637,21.64895],[84.30489,21.64781],[84.30458,21.64707],[84.30499,21.64488],[84.30486,21.64333],[84.30144,21.63502],[84.29843,21.63003],[84.29307,21.63824],[84.29229,21.64094],[84.29218,21.64261]]]}},{"type":"Feature","properties":{"LCODE":"010250024002400067","LOCATION":"BALIMAL   (BAD)","V_TYPE":"VILLAGE","BLOCK":"REAMAL","DISTRICT":"DEOGARH"},"geometry":{"type":"Polygon","coordinates":[[[84.34914,21.63385],[84.34927,21.63534],[84.35016,21.63699],[84.3532,21.63692],[84.3545,21.63875],[84.3555,21.64116],[84.35666,21.64132],[84.358,21.64045],[84.35965,21.63992],[84.36106,21.6402],[84.3615,21.64181],[84.36111,21.64755],[84.36075,21.64807],[84.35871,21.64862],[84.36034,21.65123],[84.36051,21.65196],[84.36395,21.65144],[84.36642,21.65149],[84.36732,21.65032],[84.36889,21.64715],[84.36948,21.64503],[84.36995,21.64083],[84.37043,21.63974],[84.3729,21.63781],[84.37021,21.63469],[84.36714,21.62981],[84.36603,21.63133],[84.36523,21.63168],[84.36247,21.63101],[84.36037,21.62913],[84.36006,21.62832],[84.3592,21.62764],[84.35871,21.62764],[84.35755,21.62851],[84.35627,21.62823],[84.35419,21.62899],[84.3537,21.62894],[84.3529,21.62826],[84.35114,21.62835],[84.3492,21.63293],[84.34914,21.63385]]]}},{"type":"Feature","properties":{"LCODE":"01025002400240rf","LOCATION":"RF","V_TYPE":"FOREST","BLOCK":"REAMAL","DISTRICT":"DEOGARH"},"geometry":{"type":"Polygon","coordinates":[[[84.20234,21.64793],[84.20451,21.64997],[84.20588,21.65187],[84.20961,21.64925],[84.21339,21.64898],[84.21466,21.64817],[84.21643,21.64846],[84.21766,21.64761],[84.2206,21.64676],[84.22201,21.64574],[84.22372,21.64511],[84.22422,21.6446],[84.22453,21.64363],[84.22612,21.64221],[84.2262,21.64037],[84.22668,21.63985],[84.23256,21.63965],[84.23784,21.63687],[84.24237,21.63557],[84.24378,21.63414],[84.24582,21.63077],[84.24588,21.63031],[84.24516,21.62859],[84.24509,21.62664],[84.24607,21.62284],[84.2442,21.6217],[84.24219,21.61969],[84.24203,21.61917],[84.23495,21.62571],[84.22476,21.63155],[84.21973,21.63275],[84.2139,21.63805],[84.20331,21.64584],[84.20234,21.64793]]]}},{"type":"Feature","properties":{"LCODE":"010270027002700027","LOCATION":"JOGIBINUAN","V_TYPE":"VILLAGE","BLOCK":"TILEIBANI","DISTRICT":"DEOGARH"},"geometry":{"type":"Polygon","coordinates":[[[84.52278,21.65012],[84.52293,21.65183],[84.52904,21.64998],[84.53162,21.64883],[84.53106,21.64678],[84.53092,21.64235],[84.52838,21.64166],[84.52692,21.64175],[84.5248,21.64318],[84.52396,21.64429],[84.52308,21.64637],[84.52278,21.65012]]]}},{"type":"Feature","properties":{"LCODE":"010270027002700040","LOCATION":"SAMASINGHA","V_TYPE":"VILLAGE","BLOCK":"TILEIBANI","DISTRICT":"DEOGARH"},"geometry":{"type":"Polygon","coordinates":[[[84.66843,21.64796],[84.66866,21.65043],[84.67011,21.65068],[84.6733,21.65055],[84.6765,21.65094],[84.67822,21.65073],[84.68105,21.65113],[84.68198,21.6516],[84.68246,21.65104],[84.68624,21.65027],[84.6877,21.64949],[84.68823,21.64874],[84.68828,21.64782],[84.68726,21.64617],[84.68715,21.6413],[84.68608,21.63724],[84.68621,21.63635],[84.68511,21.63508],[84.68436,21.63464],[84.68137,21.63391],[84.68124,21.63453],[84.68021,21.63547],[84.67766,21.63622],[84.67645,21.63751],[84.67558,21.63954],[84.67346,21.64079],[84.6731,21.64142],[84.67267,21.64683],[84.67091,21.64762],[84.66843,21.64796]]]}},{"type":"Feature","properties":{"LCODE":"010270027002700022","LOCATION":"HARIDABAHAL","V_TYPE":"VILLAGE","BLOCK":"TILEIBANI","DISTRICT":"DEOGARH"},"geometry":{"type":"Polygon","coordinates":[[[84.59373,21.6489],[84.59758,21.65104],[84.59869,21.65101],[84.59975,21.65133],[84.60257,21.65116],[84.60439,21.65008],[84.60567,21.64971],[84.60689,21.64963],[84.60955,21.65055],[84.61077,21.65035],[84.61185,21.6494],[84.61226,21.64796],[84.61395,21.64706],[84.6146,21.64567],[84.61575,21.64478],[84.617,21.64286],[84.6178,21.63992],[84.61922,21.6377],[84.61942,21.63593],[84.61905,21.63518],[84.61712,21.63396],[84.61539,21.63371],[84.61303,21.63485],[84.61229,21.63486],[84.6119,21.63378],[84.61147,21.6335],[84.61049,21.63358],[84.60764,21.63536],[84.60656,21.63642],[84.60065,21.64419],[84.59962,21.64507],[84.59488,21.6473],[84.59373,21.6489]]]}},{"type":"Feature","properties":{"LCODE":"010270027002700024","LOCATION":"TELIKUSUM","V_TYPE":"VILLAGE","BLOCK":"TILEIBANI","DISTRICT":"DEOGARH"},"geometry":{"type":"Polygon","coordinates":[[[84.55785,21.63034],[84.55793,21.63097],[84.55836,21.63131],[84.56013,21.63075],[84.561,21.63131],[84.56122,21.6332],[84.5621,21.63427],[84.56245,21.63633],[84.56271,21.63673],[84.5643,21.63698],[84.5648,21.63732],[84.56521,21.63915],[84.56645,21.6401],[84.56648,21.64148],[84.5652,21.64191],[84.56424,21.6429],[84.56315,21.6435],[84.56239,21.64593],[84.56077,21.64723],[84.56059,21.64798],[84.56091,21.64866],[84.56226,21.65053],[84.56389,21.65004],[84.56586,21.65028],[84.56734,21.65094],[84.56814,21.65098],[84.57186,21.64975],[84.57259,21.64973],[84.57464,21.65072],[84.57544,21.65071],[84.57683,21.64976],[84.57899,21.64713],[84.58113,21.64696],[84.58209,21.64608],[84.58305,21.64613],[84.58328,21.64428],[84.58428,21.64219],[84.59035,21.63562],[84.59071,21.63263],[84.59113,21.6321],[84.59332,21.63074],[84.59109,21.63021],[84.59054,21.62981],[84.5899,21.62862],[84.58994,21.62747],[84.58956,21.62696],[84.58788,21.62597],[84.58719,21.62509],[84.58562,21.62624],[84.58476,21.62632],[84.58259,21.62522],[84.5819,21.62437],[84.58056,21.62187],[84.58065,21.62009],[84.58136,21.61898],[84.5811,21.61801],[84.58191,21.6157],[84.58171,21.61507],[84.58085,21.61463],[84.58011,21.61476],[84.5735,21.61846],[84.56703,21.62302],[84.56526,21.6234],[84.56354,21.62304],[84.56219,21.62312],[84.55927,21.62462],[84.55823,21.62534],[84.55841,21.62763],[84.55785,21.63034]]]}},{"type":"Feature","properties":{"LCODE":"010250024002400054","LOCATION":"BANDHAPALI","V_TYPE":"VILLAGE","BLOCK":"REAMAL","DISTRICT":"DEOGARH"},"geometry":{"type":"Polygon","coordinates":[[[84.29843,21.63003],[84.30144,21.63502],[84.30486,21.64333],[84.30499,21.64488],[84.30458,21.64707],[84.30489,21.64781],[84.30637,21.64895],[84.3082,21.64974],[84.30958,21.6507],[84.31146,21.65047],[84.31428,21.65074],[84.31513,21.65004],[84.31517,21.64711],[84.31614,21.64532],[84.31834,21.64422],[84.31963,21.64392],[84.32091,21.64397],[84.32225,21.64459],[84.32231,21.64298],[84.32169,21.64195],[84.31837,21.63956],[84.31664,21.63596],[84.31503,21.63384],[84.31392,21.63276],[84.31109,21.63082],[84.30575,21.62884],[84.30261,21.62633],[84.30138,21.626],[84.30077,21.62606],[84.30029,21.62646],[84.29843,21.63003]]]}},{"type":"Feature","properties":{"LCODE":"010250024002400129","LOCATION":"GODARAPADA","V_TYPE":"VILLAGE","BLOCK":"REAMAL","DISTRICT":"DEOGARH"},"geometry":{"type":"Polygon","coordinates":[[[84.42607,21.64835],[84.4291,21.64858],[84.43076,21.64955],[84.43444,21.65059],[84.43646,21.64985],[84.43842,21.64858],[84.44115,21.64575],[84.44218,21.645],[84.44318,21.64498],[84.44308,21.64236],[84.4427,21.64087],[84.4429,21.64017],[84.44141,21.63916],[84.44012,21.63888],[84.43945,21.63928],[84.43915,21.63986],[84.43841,21.63987],[84.43571,21.63885],[84.42973,21.63597],[84.42959,21.63941],[84.42864,21.644],[84.42792,21.64567],[84.42607,21.64835]]]}},{"type":"Feature","properties":{"LCODE":"01027002700270rf","LOCATION":"RF","V_TYPE":"FOREST","BLOCK":"TILEIBANI","DISTRICT":"DEOGARH"},"geometry":{"type":"Polygon","coordinates":[[[84.68608,21.63724],[84.68715,21.6413],[84.68726,21.64617],[84.68828,21.64792],[84.69659,21.6495],[84.69733,21.64906],[84.69971,21.64608],[84.7014,21.64489],[84.70219,21.64459],[84.70385,21.64455],[84.7068,21.64483],[84.70802,21.64463],[84.70856,21.64405],[84.70882,21.64209],[84.7086,21.63992],[84.70828,21.63952],[84.70552,21.63917],[84.69859,21.63944],[84.694,21.64034],[84.69155,21.64046],[84.69063,21.64036],[84.68982,21.63992],[84.68937,21.63895],[84.68868,21.63558],[84.68624,21.63626],[84.68608,21.63724]]]}},{"type":"Feature","properties":{"LCODE":"010270027002700028","LOCATION":"RANIGOLA","V_TYPE":"VILLAGE","BLOCK":"TILEIBANI","DISTRICT":"DEOGARH"},"geometry":{"type":"Polygon","coordinates":[[[84.49564,21.64587],[84.49593,21.64782],[84.49668,21.64884],[84.50251,21.64883],[84.50402,21.6477],[84.50504,21.64596],[84.50544,21.64474],[84.50508,21.64205],[84.50383,21.64081],[84.5021,21.64016],[84.4996,21.64056],[84.49716,21.6417],[84.49607,21.64253],[84.49577,21.643],[84.49564,21.64587]]]}},{"type":"Feature","properties":{"LCODE":"010270027002700032","LOCATION":"JHARAGOGUA","V_TYPE":"VILLAGE","BLOCK":"TILEIBANI","DISTRICT":"DEOGARH"},"geometry":{"type":"Polygon","coordinates":[[[84.59195,21.64841],[84.59373,21.6489],[84.59488,21.6473],[84.59962,21.64507],[84.60172,21.6429],[84.60656,21.63642],[84.60764,21.63536],[84.61049,21.63358],[84.61147,21.6335],[84.6119,21.63378],[84.61229,21.63486],[84.6126,21.63491],[84.61539,21.63371],[84.61712,21.63396],[84.61905,21.63518],[84.61942,21.63593],[84.61948,21.63569],[84.62018,21.6363],[84.62147,21.63656],[84.6283,21.63454],[84.62775,21.62879],[84.62959,21.61675],[84.62775,21.61437],[84.62865,21.61315],[84.62858,21.61275],[84.62572,21.60816],[84.62415,21.60641],[84.6228,21.6065],[84.62215,21.6103],[84.6202,21.6139],[84.61922,21.61433],[84.61782,21.61464],[84.61525,21.61458],[84.6118,21.61391],[84.60772,21.61245],[84.6068,21.61229],[84.60644,21.61276],[84.60659,21.61695],[84.60596,21.61915],[84.60382,21.62258],[84.60298,21.6234],[84.60198,21.62561],[84.60183,21.63003],[84.60148,21.63059],[84.60198,21.63175],[84.60203,21.63382],[84.60177,21.6363],[84.60096,21.63855],[84.5996,21.64111],[84.5981,21.64281],[84.5966,21.64416],[84.59405,21.64571],[84.59195,21.64841]]]}},{"type":"Feature","properties":{"LCODE":"010250024002400049","LOCATION":"KHAMARBAHAL","V_TYPE":"VILLAGE","BLOCK":"REAMAL","DISTRICT":"DEOGARH"},"geometry":{"type":"Polygon","coordinates":[[[84.27972,21.63686],[84.28033,21.63832],[84.28121,21.64251],[84.28167,21.64879],[84.28326,21.64664],[84.28442,21.64571],[84.28821,21.64396],[84.29218,21.64344],[84.29229,21.64094],[84.29307,21.63824],[84.29843,21.63003],[84.29642,21.6262],[84.29623,21.62526],[84.29011,21.62082],[84.28571,21.62627],[84.28402,21.63042],[84.28172,21.6348],[84.28075,21.63613],[84.27972,21.63686]]]}},{"type":"Feature","properties":{"LCODE":"010270027002700023","LOCATION":"DESINKULI","V_TYPE":"VILLAGE","BLOCK":"TILEIBANI","DISTRICT":"DEOGARH"},"geometry":{"type":"Polygon","coordinates":[[[84.58305,21.64613],[84.58433,21.64747],[84.58576,21.64847],[84.58796,21.64808],[84.59195,21.64841],[84.59405,21.64571],[84.5966,21.64416],[84.5981,21.64281],[84.60031,21.64],[84.60177,21.6363],[84.60207,21.63261],[84.60148,21.63059],[84.60002,21.63006],[84.59473,21.63133],[84.594,21.63124],[84.59332,21.63074],[84.59113,21.6321],[84.59055,21.63326],[84.59035,21.63562],[84.58428,21.64219],[84.58328,21.64428],[84.58305,21.64613]]]}},{"type":"Feature","properties":{"LCODE":"010250024002400124","LOCATION":"KHUNTLABAHAL","V_TYPE":"VILLAGE","BLOCK":"REAMAL","DISTRICT":"DEOGARH"},"geometry":{"type":"Polygon","coordinates":[[[84.41211,21.63591],[84.41255,21.63757],[84.41618,21.64047],[84.41699,21.64184],[84.41787,21.64499],[84.41756,21.64708],[84.42607,21.64835],[84.42792,21.64567],[84.42864,21.644],[84.42959,21.63941],[84.42975,21.63608],[84.42929,21.63218],[84.42835,21.62921],[84.42588,21.62492],[84.42225,21.62322],[84.41839,21.62273],[84.41322,21.62414],[84.41211,21.63591]]]}},{"type":"Feature","properties":{"LCODE":"010270027002700038","LOCATION":"PARPOSI","V_TYPE":"VILLAGE","BLOCK":"TILEIBANI","DISTRICT":"DEOGARH"},"geometry":{"type":"Polygon","coordinates":[[[84.66383,21.63325],[84.66546,21.63981],[84.66536,21.64084],[84.66508,21.64111],[84.66761,21.64551],[84.66843,21.64796],[84.67091,21.64762],[84.67267,21.64683],[84.67287,21.64229],[84.67346,21.64079],[84.67558,21.63954],[84.67645,21.63751],[84.67766,21.63622],[84.68021,21.63547],[84.68124,21.63453],[84.68137,21.63391],[84.68023,21.63324],[84.67419,21.63199],[84.67038,21.63078],[84.66989,21.63179],[84.66934,21.63203],[84.66383,21.63325]]]}},{"type":"Feature","properties":{"LCODE":"01026002400240rf","LOCATION":"RF","V_TYPE":"FOREST","BLOCK":"BARKOTE","DISTRICT":"DEOGARH"},"geometry":{"type":"Polygon","coordinates":[[[84.18485,21.60314],[84.1881,21.60708],[84.18999,21.60887],[84.19453,21.60619],[84.2,21.60037],[84.19971,21.59715],[84.20026,21.59681],[84.20312,21.59884],[84.20624,21.60035],[84.20728,21.60196],[84.20702,21.60223],[84.20695,21.6054],[84.20645,21.60746],[84.20448,21.6121],[84.20448,21.61325],[84.20606,21.61239],[84.20833,21.61172],[84.20975,21.60954],[84.2106,21.60926],[84.21158,21.60967],[84.21299,21.60933],[84.21416,21.60785],[84.21508,21.60739],[84.21563,21.60745],[84.21587,21.6082],[84.21568,21.60906],[84.21494,21.61026],[84.21194,21.61311],[84.2112,21.61437],[84.21107,21.61569],[84.2113,21.61684],[84.21423,21.61857],[84.21472,21.61926],[84.21354,21.62321],[84.21171,21.62206],[84.20878,21.6209],[84.20181,21.6208],[84.19819,21.6217],[84.19666,21.62135],[84.19569,21.62146],[84.19305,21.6234],[84.19084,21.62345],[84.18992,21.62436],[84.19168,21.62649],[84.19235,21.62804],[84.1937,21.62765],[84.19344,21.62908],[84.19706,21.62864],[84.19827,21.63174],[84.19465,21.63333],[84.18703,21.63904],[84.18586,21.63956],[84.19298,21.64305],[84.19653,21.64429],[84.20013,21.64614],[84.20234,21.64793],[84.20331,21.64584],[84.2139,21.63805],[84.21973,21.63275],[84.22476,21.63155],[84.23495,21.62571],[84.24203,21.61917],[84.24183,21.61848],[84.24245,21.61717],[84.24403,21.61649],[84.24612,21.61426],[84.24975,21.61223],[84.25776,21.61074],[84.26185,21.61352],[84.26207,21.61335],[84.26241,21.61083],[84.26405,21.60863],[84.26361,21.6076],[84.26147,21.60727],[84.25981,21.60624],[84.25889,21.60619],[84.25785,21.60666],[84.25645,21.60805],[84.25603,21.60817],[84.25553,21.60777],[84.25528,21.60598],[84.2546,21.60535],[84.25276,21.60462],[84.25244,21.6033],[84.25195,21.60272],[84.25066,21.60273],[84.24729,21.60381],[84.24709,21.60303],[84.25046,21.60034],[84.25499,21.59857],[84.25639,21.59758],[84.25675,21.597],[84.25669,21.59654],[84.25601,21.59511],[84.25686,21.59355],[84.25691,21.59303],[84.25661,21.59263],[84.25311,21.59133],[84.25212,21.58961],[84.2515,21.58927],[84.25071,21.58933],[84.2489,21.5913],[84.24818,21.59169],[84.24297,21.59344],[84.24108,21.59091],[84.24219,21.58948],[84.24532,21.58692],[84.24709,21.5859],[84.24962,21.58532],[84.25202,21.58345],[84.25752,21.58147],[84.25977,21.58008],[84.26008,21.57881],[84.25829,21.57675],[84.25829,21.57629],[84.25871,21.57594],[84.26225,21.57506],[84.26732,21.57181],[84.26835,21.57077],[84.2703,21.56978],[84.27092,21.57018],[84.27209,21.5719],[84.27258,21.57178],[84.27332,21.57132],[84.27458,21.56884],[84.27892,21.56583],[84.28006,21.56341],[84.27878,21.56285],[84.28109,21.55765],[84.28168,21.55782],[84.28271,21.55758],[84.284,21.55689],[84.28582,21.55475],[84.28661,21.55308],[84.28751,21.55014],[84.28786,21.54756],[84.28735,21.5433],[84.28752,21.5425],[84.28831,21.54209],[84.2918,21.54173],[84.30049,21.54134],[84.30251,21.54156],[84.29959,21.54416],[84.29509,21.54902],[84.29115,21.55409],[84.29012,21.55783],[84.28764,21.56066],[84.28551,21.5647],[84.28363,21.56603],[84.28045,21.56737],[84.27795,21.56922],[84.27728,21.57015],[84.27608,21.57378],[84.2742,21.57574],[84.27402,21.57684],[84.27433,21.57723],[84.27464,21.57752],[84.2766,21.57768],[84.27929,21.57715],[84.28667,21.57349],[84.28918,21.57336],[84.28979,21.57416],[84.28956,21.57468],[84.28718,21.57596],[84.28669,21.57648],[84.28688,21.5774],[84.28823,21.57871],[84.29063,21.57962],[84.29185,21.57973],[84.29442,21.57896],[84.29729,21.577],[84.30075,21.57284],[84.30141,21.57122],[84.3028,21.56903],[84.30354,21.56869],[84.3069,21.56844],[84.30856,21.56866],[84.30965,21.56854],[84.31002,21.56825],[84.31196,21.5645],[84.31348,21.56294],[84.31549,21.56178],[84.3161,21.56103],[84.31641,21.55975],[84.31614,21.55741],[84.31576,21.55615],[84.31515,21.55547],[84.3141,21.5549],[84.31097,21.55451],[84.31054,21.55371],[84.31,21.54521],[84.31061,21.54457],[84.31293,21.54416],[84.3148,21.54041],[84.31717,21.53736],[84.32008,21.53257],[84.32245,21.53021],[84.32726,21.52639],[84.32841,21.52426],[84.32919,21.52104],[84.32959,21.51754],[84.32926,21.51438],[84.32956,21.51283],[84.33217,21.50977],[84.33272,21.50862],[84.33448,21.50689],[84.33533,21.50683],[84.33804,21.50814],[84.34247,21.51191],[84.34676,21.51459],[84.35045,21.51595],[84.35886,21.51999],[84.36548,21.5222],[84.36559,21.52111],[84.36755,21.51949],[84.36672,21.51594],[84.36824,21.51409],[84.3686,21.51283],[84.3678,21.51226],[84.36639,21.51204],[84.36139,21.51401],[84.36041,21.51407],[84.35887,21.51304],[84.3582,21.51356],[84.35484,21.51438],[84.35331,21.5141],[84.35287,21.5129],[84.3528,21.51123],[84.35323,21.50997],[84.35308,21.50647],[84.35355,21.50359],[84.35379,21.50273],[84.35409,21.50256],[84.35495,21.50255],[84.35979,21.50397],[84.36316,21.50459],[84.3664,21.50423],[84.36927,21.50278],[84.37177,21.50202],[84.37569,21.50178],[84.37923,21.50239],[84.37979,21.50256],[84.37979,21.50331],[84.3792,21.50624],[84.38203,21.50847],[84.38498,21.50983],[84.39209,21.51209],[84.39921,21.51499],[84.39938,21.51229],[84.39997,21.5104],[84.40095,21.51022],[84.40218,21.5105],[84.40334,21.50952],[84.40474,21.50946],[84.40536,21.50991],[84.40591,21.51089],[84.40722,21.51386],[84.40772,21.51656],[84.40807,21.5212],[84.40765,21.5239],[84.40601,21.52597],[84.40453,21.52708],[84.40486,21.52856],[84.40781,21.52843],[84.40891,21.52883],[84.41204,21.52922],[84.4162,21.52908],[84.4176,21.52879],[84.42603,21.52588],[84.42817,21.52582],[84.4298,21.52346],[84.43046,21.52047],[84.43185,21.51829],[84.43355,21.51627],[84.43604,21.51426],[84.43859,21.51161],[84.43926,21.5108],[84.43998,21.50896],[84.44035,21.50879],[84.44139,21.50982],[84.44209,21.51251],[84.44232,21.51133],[84.44468,21.50779],[84.44743,21.50528],[84.44861,21.50174],[84.44877,21.50001],[84.44846,21.49821],[84.44846,21.49365],[84.44743,21.49137],[84.44641,21.49003],[84.44523,21.48964],[84.44263,21.48956],[84.44193,21.48901],[84.43973,21.48909],[84.43729,21.48964],[84.43501,21.48885],[84.4299,21.48815],[84.42425,21.48398],[84.42307,21.48382],[84.42149,21.48453],[84.42078,21.48453],[84.42,21.48351],[84.4189,21.48304],[84.41356,21.47856],[84.40986,21.4762],[84.40923,21.47486],[84.40939,21.47361],[84.4101,21.47282],[84.40994,21.46999],[84.41104,21.46779],[84.41096,21.46677],[84.41167,21.4659],[84.4116,21.46439],[84.4138,21.46252],[84.4138,21.46056],[84.41442,21.45946],[84.41489,21.45741],[84.4145,21.45647],[84.41458,21.45584],[84.41647,21.45435],[84.41552,21.45333],[84.41042,21.45003],[84.41002,21.44814],[84.41088,21.44437],[84.41167,21.44256],[84.41167,21.44201],[84.41088,21.4413],[84.40923,21.44028],[84.40649,21.43957],[84.40271,21.43722],[84.39674,21.43674],[84.39548,21.43588],[84.39478,21.43494],[84.39454,21.4336],[84.39509,21.43116],[84.39438,21.42857],[84.39438,21.42606],[84.39768,21.42181],[84.39909,21.42056],[84.39973,21.41937],[84.39964,21.41639],[84.39729,21.41434],[84.39697,21.41152],[84.39737,21.41018],[84.39705,21.40955],[84.39776,21.40892],[84.39973,21.40814],[84.40051,21.40696],[84.39957,21.40609],[84.39902,21.40381],[84.39776,21.40271],[84.39737,21.40169],[84.39705,21.39933],[84.39721,21.39831],[84.39799,21.39721],[84.39792,21.39682],[84.39626,21.39509],[84.39619,21.3936],[84.39729,21.391],[84.39862,21.38967],[84.40137,21.38424],[84.40169,21.38401],[84.40483,21.38409],[84.4053,21.38369],[84.40405,21.38204],[84.40397,21.38071],[84.40357,21.37984],[84.40357,21.37953],[84.40393,21.37945],[84.40364,21.37879],[84.4043,21.37666],[84.40416,21.37505],[84.40359,21.37333],[84.40285,21.37293],[84.40058,21.37278],[84.39816,21.37068],[84.39734,21.36793],[84.39745,21.36637],[84.3969,21.36626],[84.39024,21.36892],[84.38121,21.37328],[84.37316,21.37814],[84.36348,21.38515],[84.35963,21.3875],[84.34886,21.39527],[84.34654,21.39662],[84.34318,21.39746],[84.33931,21.39704],[84.33727,21.39609],[84.33652,21.39465],[84.33604,21.38833],[84.33466,21.38575],[84.33342,21.38433],[84.33206,21.38342],[84.33071,21.38286],[84.32678,21.38221],[84.32641,21.38187],[84.32628,21.38112],[84.32694,21.37985],[84.32755,21.37938],[84.33036,21.37866],[84.33109,21.37779],[84.3312,21.37669],[84.32952,21.37406],[84.32921,21.37326],[84.32939,21.37274],[84.33164,21.37105],[84.3372,21.3684],[84.33841,21.367],[84.34082,21.36283],[84.34207,21.35931],[84.34256,21.35878],[84.34335,21.3586],[84.34403,21.35883],[84.3455,21.35858],[84.34652,21.35632],[84.34645,21.35552],[84.34621,21.35529],[84.34352,21.35527],[84.34309,21.35578],[84.34156,21.35643],[84.34046,21.35771],[84.33784,21.35883],[84.33723,21.35936],[84.33598,21.36265],[84.33517,21.36249],[84.33332,21.36095],[84.33265,21.36079],[84.32701,21.36119],[84.32316,21.36216],[84.32304,21.36296],[84.3251,21.36605],[84.32358,21.36768],[84.32199,21.36873],[84.31735,21.37068],[84.31009,21.37427],[84.30471,21.3764],[84.30092,21.37742],[84.30055,21.37788],[84.29967,21.38215],[84.29919,21.38256],[84.29625,21.3834],[84.29272,21.38672],[84.29114,21.38714],[84.28922,21.38607],[84.28855,21.38642],[84.28845,21.38884],[84.2876,21.38965],[84.286,21.39054],[84.28605,21.39134],[84.28696,21.39289],[84.29048,21.39653],[84.29402,21.40116],[84.29513,21.40155],[84.29562,21.40137],[84.29688,21.39882],[84.29791,21.39749],[84.30211,21.39359],[84.30309,21.39283],[84.30504,21.39194],[84.30743,21.39146],[84.31084,21.38975],[84.31382,21.3869],[84.31534,21.38498],[84.31699,21.38393],[84.3187,21.38391],[84.31944,21.38459],[84.31988,21.38545],[84.31947,21.38695],[84.31559,21.39217],[84.30744,21.3998],[84.30466,21.40369],[84.30059,21.408],[84.29446,21.41578],[84.29214,21.41661],[84.29079,21.41634],[84.28751,21.41401],[84.28424,21.41105],[84.28257,21.41016],[84.28048,21.41559],[84.27885,21.41808],[84.27671,21.4196],[84.27421,21.42089],[84.27399,21.42401],[84.27338,21.42522],[84.27229,21.42644],[84.26943,21.42855],[84.26662,21.42927],[84.26557,21.42899],[84.26409,21.42843],[84.26193,21.42707],[84.26051,21.42565],[84.25916,21.42521],[84.2567,21.42512],[84.25196,21.42619],[84.24616,21.42292],[84.24291,21.41884],[84.24254,21.41775],[84.24149,21.41632],[84.23898,21.41505],[84.23806,21.41351],[84.23604,21.41241],[84.2353,21.41126],[84.23315,21.41058],[84.23281,21.41011],[84.23211,21.41121],[84.23212,21.41436],[84.23175,21.415],[84.22935,21.41545],[84.22862,21.41631],[84.22783,21.41809],[84.22587,21.41958],[84.22415,21.41981],[84.22121,21.41769],[84.22028,21.41746],[84.21801,21.41755],[84.21814,21.4197],[84.21777,21.42251],[84.21564,21.43422],[84.21638,21.43629],[84.21834,21.43893],[84.21841,21.43974],[84.21791,21.4406],[84.21638,21.44192],[84.21552,21.44433],[84.21259,21.44536],[84.20601,21.44653],[84.2058,21.44747],[84.20731,21.44852],[84.20885,21.44892],[84.21792,21.44892],[84.21884,21.44944],[84.21964,21.4507],[84.22031,21.45317],[84.22044,21.45604],[84.2178,21.45719],[84.21738,21.45765],[84.21701,21.45903],[84.21812,21.45989],[84.21953,21.46029],[84.22241,21.46023],[84.22462,21.46115],[84.23085,21.46232],[84.23235,21.46086],[84.23449,21.46029],[84.2367,21.4592],[84.23842,21.45776],[84.24509,21.45363],[84.24602,21.45282],[84.24889,21.44869],[84.24975,21.448],[84.25333,21.44635],[84.25436,21.44547],[84.25658,21.44533],[84.2589,21.44438],[84.26122,21.44309],[84.26353,21.44065],[84.26481,21.44046],[84.26506,21.44086],[84.26331,21.44376],[84.261,21.44615],[84.25948,21.44714],[84.25813,21.44756],[84.25569,21.44926],[84.25179,21.45264],[84.25143,21.4538],[84.25156,21.455],[84.25225,21.45609],[84.25404,21.45768],[84.25511,21.46015],[84.25635,21.46106],[84.2569,21.46191],[84.25545,21.46406],[84.25323,21.46996],[84.25239,21.47147],[84.25056,21.47253],[84.24961,21.47208],[84.23557,21.4844],[84.23476,21.48474],[84.23341,21.48463],[84.23335,21.48503],[84.23206,21.48566],[84.22581,21.48681],[84.22305,21.48791],[84.2222,21.48885],[84.22809,21.49548],[84.22971,21.49833],[84.22833,21.50117],[84.22561,21.50417],[84.22352,21.50748],[84.22117,21.51326],[84.2219,21.51395],[84.22299,21.51591],[84.22308,21.5168],[84.22421,21.5177],[84.22689,21.51823],[84.23026,21.51791],[84.23257,21.5193],[84.23391,21.52063],[84.23476,21.52207],[84.23585,21.52426],[84.23683,21.52777],[84.23755,21.52622],[84.23707,21.52576],[84.23719,21.5253],[84.23817,21.52514],[84.23774,21.52433],[84.23793,21.52307],[84.2402,21.5216],[84.24057,21.52011],[84.241,21.52011],[84.24142,21.52166],[84.24313,21.52357],[84.24312,21.52465],[84.24355,21.5258],[84.24421,21.52661],[84.24549,21.52731],[84.2491,21.52784],[84.25145,21.52899],[84.2528,21.52904],[84.25922,21.52751],[84.26239,21.52594],[84.26521,21.52582],[84.26852,21.52718],[84.2711,21.52918],[84.27203,21.53067],[84.2721,21.53245],[84.27186,21.53337],[84.27101,21.53441],[84.26991,21.53528],[84.26747,21.5365],[84.26211,21.54021],[84.25626,21.54512],[84.25328,21.54807],[84.2522,21.55055],[84.25148,21.55441],[84.2505,21.55726],[84.24793,21.55994],[84.24591,21.56096],[84.24322,21.56088],[84.24171,21.5572],[84.2357,21.55929],[84.2371,21.56325],[84.23709,21.56428],[84.23672,21.5652],[84.23409,21.56633],[84.22852,21.56807],[84.22373,21.57137],[84.22385,21.57424],[84.22604,21.57488],[84.22818,21.5761],[84.22916,21.57685],[84.22958,21.57805],[84.2393,21.57863],[84.24029,21.57525],[84.24194,21.57469],[84.24683,21.57512],[84.24637,21.58383],[84.24551,21.58474],[84.24318,21.58593],[84.24232,21.58524],[84.24129,21.58603],[84.23908,21.58545],[84.23829,21.58625],[84.23761,21.58773],[84.23724,21.58957],[84.23759,21.59014],[84.2398,21.58993],[84.24023,21.5905],[84.23998,21.59101],[84.23734,21.59289],[84.23477,21.59414],[84.23188,21.59653],[84.229,21.59835],[84.22202,21.60009],[84.21921,21.60059],[84.21841,21.60047],[84.21793,21.60001],[84.21744,21.59869],[84.218,21.59536],[84.21705,21.58991],[84.21815,21.58957],[84.21974,21.58964],[84.22458,21.58898],[84.22531,21.58841],[84.22575,21.58749],[84.22594,21.58612],[84.2257,21.58394],[84.22405,21.58238],[84.21732,21.58138],[84.2169,21.58176],[84.21684,21.58337],[84.21793,21.58481],[84.2178,21.58515],[84.21725,21.58572],[84.21481,21.58582],[84.21364,21.58645],[84.21358,21.58691],[84.2148,21.58766],[84.21455,21.58806],[84.20855,21.58975],[84.20322,21.59178],[84.19832,21.59319],[84.19341,21.59328],[84.19244,21.59562],[84.19151,21.59654],[84.1895,21.59641],[84.18485,21.60314]],[[84.2167,21.61486],[84.2178,21.61377],[84.21738,21.61217],[84.21819,21.60896],[84.21906,21.60781],[84.22341,21.60446],[84.22476,21.60366],[84.23517,21.60085],[84.23848,21.59875],[84.23921,21.59875],[84.23933,21.59915],[84.23846,21.60236],[84.23846,21.60448],[84.23875,21.60608],[84.24034,21.6085],[84.24058,21.60976],[84.24033,21.61068],[84.23843,21.61239],[84.23634,21.61318],[84.23267,21.61293],[84.23059,21.61327],[84.22858,21.61263],[84.22687,21.61164],[84.22466,21.61123],[84.22369,21.61197],[84.22398,21.61323],[84.22374,21.61357],[84.22288,21.61414],[84.22042,21.61706],[84.21883,21.61831],[84.21815,21.61808],[84.2167,21.61486]],[[84.25123,21.56361],[84.25263,21.56228],[84.25659,21.55962],[84.25816,21.55645],[84.26292,21.5524],[84.26407,21.55066],[84.26559,21.5491],[84.26974,21.54644],[84.27035,21.54621],[84.27071,21.54638],[84.27133,21.5477],[84.27038,21.55127],[84.27057,21.55236],[84.26984,21.5542],[84.26919,21.56472],[84.26685,21.56629],[84.26552,21.56779],[84.26455,21.57016],[84.26456,21.57108],[84.26376,21.57131],[84.26251,21.56718],[84.26054,21.56512],[84.25828,21.56473],[84.25491,21.56515],[84.25406,21.56538],[84.25296,21.56648],[84.25253,21.56654],[84.25217,21.56602],[84.25198,21.56482],[84.25123,21.56361]],[[84.25538,21.4837],[84.25568,21.48277],[84.25671,21.48219],[84.26051,21.48105],[84.26167,21.48029],[84.26226,21.47769],[84.26537,21.47524],[84.26807,21.47498],[84.26991,21.47513],[84.27306,21.4774],[84.27619,21.47799],[84.28063,21.48002],[84.28448,21.47877],[84.2876,21.477],[84.28947,21.4741],[84.29073,21.47023],[84.29153,21.46994],[84.29361,21.47014],[84.30032,21.47168],[84.30419,21.47279],[84.30733,21.47454],[84.31105,21.47784],[84.31395,21.47959],[84.31838,21.48132],[84.32072,21.48182],[84.32171,21.48255],[84.3224,21.4837],[84.32365,21.48691],[84.32434,21.48793],[84.32557,21.48856],[84.32784,21.48841],[84.32981,21.48885],[84.33001,21.49023],[84.3296,21.49214],[84.32759,21.49469],[84.32724,21.49631],[84.3275,21.49728],[84.32951,21.50077],[84.3277,21.49975],[84.3205,21.49811],[84.31792,21.49791],[84.311,21.49851],[84.3102,21.49981],[84.30991,21.50165],[84.31176,21.50434],[84.3119,21.50681],[84.31149,21.50923],[84.31057,21.50975],[84.30598,21.51011],[84.30476,21.50954],[84.30235,21.50484],[84.29977,21.50508],[84.2991,21.50485],[84.29842,21.50405],[84.29706,21.50107],[84.29744,21.49941],[84.29554,21.49937],[84.29517,21.49909],[84.2954,21.49839],[84.29596,21.49821],[84.29638,21.49729],[84.2961,21.49372],[84.28428,21.48994],[84.28263,21.49105],[84.28116,21.49095],[84.2803,21.49119],[84.27829,21.49277],[84.27462,21.49431],[84.27274,21.49583],[84.27085,21.49827],[84.26987,21.49845],[84.26716,21.49687],[84.26727,21.496],[84.26812,21.49433],[84.26792,21.49346],[84.26379,21.49063],[84.25613,21.48611],[84.25571,21.48571],[84.25538,21.4837]],[[84.27118,21.49967],[84.27158,21.49918],[84.2726,21.49886],[84.2737,21.49941],[84.27265,21.50069],[84.27119,21.50025],[84.27118,21.49967]],[[84.35127,21.48015],[84.35274,21.4799],[84.35445,21.4789],[84.35614,21.47607],[84.35881,21.47932],[84.35967,21.48],[84.36411,21.48139],[84.36448,21.48196],[84.36449,21.48265],[84.36304,21.48462],[84.36293,21.48641],[84.36176,21.48677],[84.35986,21.48593],[84.35863,21.48577],[84.3577,21.4852],[84.35596,21.4824],[84.35478,21.48172],[84.35178,21.4817],[84.35127,21.48015]],[[84.37601,21.48684],[84.37612,21.48626],[84.37661,21.48579],[84.38065,21.48431],[84.38345,21.48232],[84.3808,21.48114],[84.37981,21.48041],[84.38139,21.4782],[84.38223,21.47641],[84.38197,21.47589],[84.37919,21.47333],[84.38255,21.46558],[84.38489,21.46654],[84.38722,21.46691],[84.38924,21.46562],[84.39205,21.46473],[84.39308,21.46386],[84.39376,21.46408],[84.39463,21.46505],[84.39716,21.46663],[84.39912,21.46655],[84.40484,21.46718],[84.4046,21.46833],[84.40122,21.47361],[84.40278,21.47612],[84.40115,21.4785],[84.39882,21.48526],[84.39761,21.48711],[84.38918,21.49014],[84.38249,21.49091],[84.3761,21.49035],[84.37601,21.48684]],[[84.32715,21.46678],[84.32751,21.46602],[84.33008,21.46502],[84.33092,21.46386],[84.33164,21.46177],[84.33181,21.46022],[84.33224,21.4597],[84.33321,21.45951],[84.33353,21.45985],[84.33379,21.46221],[84.33529,21.46478],[84.3353,21.46548],[84.33446,21.46733],[84.33466,21.46922],[84.3351,21.47026],[84.33801,21.47316],[84.33911,21.47349],[84.34016,21.47296],[84.341,21.47146],[84.34136,21.47128],[84.34254,21.47161],[84.34287,21.47454],[84.34386,21.47563],[84.34454,21.47579],[84.34485,21.47619],[84.34479,21.47665],[84.34443,21.477],[84.34319,21.47673],[84.34197,21.47692],[84.34075,21.47756],[84.33923,21.47931],[84.33849,21.47931],[84.33535,21.47733],[84.33121,21.47548],[84.32943,21.47429],[84.32825,21.47287],[84.32799,21.47143],[84.32809,21.46947],[84.32715,21.46678]],[[84.30688,21.46499],[84.30743,21.464],[84.30901,21.46283],[84.31372,21.46157],[84.31677,21.45952],[84.31744,21.45934],[84.3196,21.46053],[84.32354,21.46135],[84.32372,21.46181],[84.31838,21.46797],[84.31557,21.4699],[84.31187,21.47362],[84.31095,21.47421],[84.30886,21.47366],[84.30768,21.47166],[84.30791,21.46981],[84.30722,21.46861],[84.30732,21.46613],[84.30688,21.46499]],[[84.36874,21.4525],[84.36989,21.45099],[84.36882,21.4487],[84.36967,21.44829],[84.37164,21.44907],[84.37343,21.44899],[84.37523,21.45168],[84.3764,21.45253],[84.37631,21.45529],[84.3772,21.4592],[84.37697,21.46024],[84.37557,21.46181],[84.37392,21.46234],[84.37294,21.46235],[84.37196,21.46213],[84.37072,21.46111],[84.37027,21.45881],[84.37106,21.45794],[84.37136,21.45713],[84.37123,21.4565],[84.36961,21.45456],[84.36874,21.4525]],[[84.22924,21.44358],[84.22969,21.44117],[84.23055,21.43991],[84.23147,21.43905],[84.23414,21.43831],[84.23226,21.43778],[84.23122,21.43669],[84.23134,21.43543],[84.23203,21.43369],[84.23134,21.43313],[84.23066,21.4317],[84.2306,21.42975],[84.23115,21.42883],[84.2328,21.42768],[84.2355,21.42699],[84.24142,21.42677],[84.24261,21.4247],[84.24432,21.42367],[84.24558,21.42355],[84.24586,21.42418],[84.2458,21.42539],[84.245,21.42613],[84.24445,21.42723],[84.24445,21.4286],[84.24482,21.42912],[84.24746,21.43061],[84.24789,21.43159],[84.24789,21.43285],[84.24832,21.43371],[84.25056,21.43493],[84.25018,21.44255],[84.24846,21.44232],[84.24754,21.44364],[84.24711,21.44375],[84.24638,21.44364],[84.24564,21.44284],[84.24503,21.44261],[84.24171,21.44272],[84.24104,21.44307],[84.24073,21.44513],[84.24006,21.44536],[84.23338,21.44525],[84.22924,21.44358]],[[84.29091,21.43609],[84.29156,21.4332],[84.29276,21.43065],[84.29182,21.42917],[84.29137,21.42664],[84.29264,21.42421],[84.29367,21.42322],[84.29855,21.42057],[84.30039,21.41986],[84.30349,21.4191],[84.30456,21.4197],[84.30561,21.42078],[84.30586,21.42141],[84.30526,21.42269],[84.29868,21.42708],[84.29551,21.4302],[84.29755,21.43129],[84.2983,21.43266],[84.29904,21.43465],[84.29851,21.43525],[84.29821,21.43618],[84.29859,21.43767],[84.29884,21.43842],[84.30063,21.43932],[84.30094,21.44024],[84.30052,21.44076],[84.29888,21.44262],[84.29845,21.44262],[84.2979,21.44234],[84.29652,21.44],[84.29301,21.43865],[84.29288,21.43739],[84.29116,21.4366],[84.29091,21.43609]],[[84.30357,21.43209],[84.30363,21.43168],[84.30559,21.43109],[84.30632,21.42944],[84.30885,21.43209],[84.30939,21.43214],[84.31035,21.43113],[84.31123,21.4316],[84.31301,21.43158],[84.31406,21.43197],[84.32234,21.43891],[84.32272,21.43971],[84.32249,21.4415],[84.32028,21.44152],[84.31998,21.4421],[84.31988,21.444],[84.31921,21.44504],[84.31799,21.44621],[84.31653,21.44674],[84.31597,21.44663],[84.31567,21.44606],[84.31547,21.44474],[84.31619,21.44364],[84.31673,21.4419],[84.31647,21.44093],[84.31433,21.44124],[84.31365,21.44085],[84.31334,21.44027],[84.31284,21.44016],[84.31084,21.44145],[84.30875,21.4409],[84.30672,21.44167],[84.30556,21.4418],[84.30512,21.44059],[84.30597,21.43914],[84.30534,21.43771],[84.3054,21.43719],[84.30619,21.43655],[84.30655,21.4358],[84.30648,21.43488],[84.30573,21.43402],[84.30389,21.43278],[84.30357,21.43209]],[[84.30595,21.41738],[84.3071,21.41576],[84.30789,21.41534],[84.3074,21.41477],[84.30837,21.41396],[84.30891,21.41291],[84.30939,21.41118],[84.30937,21.40963],[84.30973,21.40859],[84.31046,21.40766],[84.31358,21.40711],[84.31486,21.40588],[84.31553,21.4057],[84.31628,21.40708],[84.31831,21.40729],[84.31966,21.40819],[84.3201,21.40917],[84.31688,21.4126],[84.31401,21.41401],[84.312,21.41536],[84.3089,21.41816],[84.30792,21.41851],[84.30694,21.41846],[84.30632,21.41807],[84.30595,21.41738]]]}},{"type":"Feature","properties":{"LCODE":"010270027002700034","LOCATION":"KASARLOI","V_TYPE":"VILLAGE","BLOCK":"TILEIBANI","DISTRICT":"DEOGARH"},"geometry":{"type":"Polygon","coordinates":[[[84.63152,21.63476],[84.63236,21.63535],[84.63392,21.63934],[84.63638,21.64262],[84.6376,21.64518],[84.63823,21.64755],[84.64101,21.647],[84.64463,21.64709],[84.64664,21.64607],[84.64729,21.64514],[84.64781,21.64358],[84.6488,21.63795],[84.6486,21.6373],[84.64804,21.63685],[84.64501,21.636],[84.64384,21.63539],[84.64035,21.6361],[84.63777,21.63593],[84.63511,21.6346],[84.63401,21.63351],[84.63259,21.63443],[84.63152,21.63476]]]}},{"type":"Feature","properties":{"LCODE":"010250024002400112","LOCATION":"MATAMAHUL","V_TYPE":"VILLAGE","BLOCK":"REAMAL","DISTRICT":"DEOGARH"},"geometry":{"type":"Polygon","coordinates":[[[84.39729,21.63606],[84.39916,21.64081],[84.39919,21.64477],[84.39963,21.6466],[84.40037,21.64746],[84.40135,21.64739],[84.40183,21.64659],[84.40231,21.64377],[84.40308,21.64193],[84.40559,21.64066],[84.40656,21.63881],[84.40813,21.63735],[84.40832,21.6361],[84.40752,21.63559],[84.40641,21.63589],[84.40531,21.63538],[84.40494,21.63544],[84.40476,21.63607],[84.4044,21.63625],[84.40384,21.63539],[84.40353,21.63539],[84.40286,21.63631],[84.40244,21.63643],[84.40115,21.63569],[84.39956,21.6361],[84.39729,21.63606]]]}},{"type":"Feature","properties":{"LCODE":"010250024002400053","LOCATION":"KATARKELA","V_TYPE":"VILLAGE","BLOCK":"REAMAL","DISTRICT":"DEOGARH"},"geometry":{"type":"Polygon","coordinates":[[[84.30341,21.61805],[84.30344,21.62173],[84.30573,21.62499],[84.30561,21.62597],[84.30488,21.62672],[84.30358,21.62712],[84.30575,21.62884],[84.31109,21.63082],[84.31392,21.63276],[84.3159,21.63481],[84.31837,21.63956],[84.32169,21.64195],[84.32231,21.64298],[84.32225,21.64459],[84.32507,21.64417],[84.32636,21.64451],[84.32815,21.6457],[84.33032,21.64627],[84.33195,21.64523],[84.33004,21.64403],[84.3254,21.63745],[84.3239,21.63286],[84.32325,21.62718],[84.32224,21.62184],[84.31792,21.6105],[84.31647,21.61079],[84.31623,21.61119],[84.31674,21.61481],[84.31638,21.61585],[84.31583,21.61591],[84.31473,21.6154],[84.31302,21.61564],[84.31246,21.61547],[84.31039,21.61726],[84.30874,21.61716],[84.30573,21.61585],[84.3053,21.61534],[84.30517,21.61402],[84.30418,21.61289],[84.30353,21.61581],[84.30341,21.61805]]]}},{"type":"Feature","properties":{"LCODE":"01025002400240rf","LOCATION":"RF","V_TYPE":"FOREST","BLOCK":"REAMAL","DISTRICT":"DEOGARH"},"geometry":{"type":"Polygon","coordinates":[[[84.36977,21.64181],[84.37027,21.6437],[84.37182,21.64536],[84.37402,21.64591],[84.37702,21.64607],[84.378,21.64497],[84.37747,21.63986],[84.37845,21.6386],[84.37875,21.63785],[84.37862,21.63716],[84.37733,21.63619],[84.37646,21.63602],[84.37488,21.63638],[84.37043,21.63974],[84.36977,21.64181]]]}},{"type":"Feature","properties":{"LCODE":"010250024002400064","LOCATION":"GUNDURUCHUAN","V_TYPE":"VILLAGE","BLOCK":"REAMAL","DISTRICT":"DEOGARH"},"geometry":{"type":"Polygon","coordinates":[[[84.32211,21.6215],[84.32325,21.62718],[84.3239,21.63286],[84.32453,21.63516],[84.3254,21.63745],[84.33004,21.64403],[84.33195,21.64523],[84.33471,21.64423],[84.34134,21.6393],[84.3428,21.6386],[84.34476,21.63814],[84.34183,21.62993],[84.34126,21.62672],[84.34167,21.62419],[84.343,21.6224],[84.34447,21.6213],[84.34494,21.61975],[84.34457,21.61866],[84.3442,21.61849],[84.34304,21.61924],[84.34219,21.61885],[84.34206,21.61839],[84.34264,21.61508],[84.34216,21.61477],[84.34057,21.61535],[84.33922,21.61496],[84.33769,21.616],[84.33672,21.61612],[84.33629,21.61578],[84.33707,21.61457],[84.33688,21.61359],[84.33584,21.61303],[84.33327,21.61316],[84.33195,21.61227],[84.32748,21.61716],[84.32211,21.6215]]]}},{"type":"Feature","properties":{"LCODE":"010270027002700037","LOCATION":"KERABAHAL","V_TYPE":"VILLAGE","BLOCK":"TILEIBANI","DISTRICT":"DEOGARH"},"geometry":{"type":"Polygon","coordinates":[[[84.65298,21.63872],[84.65392,21.64207],[84.65455,21.64297],[84.65642,21.64425],[84.65728,21.64452],[84.65972,21.64401],[84.66536,21.64084],[84.66518,21.63844],[84.66379,21.63313],[84.6569,21.63461],[84.65783,21.63578],[84.65755,21.6374],[84.6569,21.6381],[84.65581,21.63858],[84.65298,21.63872]]]}},{"type":"Feature","properties":{"LCODE":"010250024002400036","LOCATION":"BHELUAMAL","V_TYPE":"VILLAGE","BLOCK":"REAMAL","DISTRICT":"DEOGARH"},"geometry":{"type":"Polygon","coordinates":[[[84.24435,21.63326],[84.24554,21.6377],[84.24749,21.64052],[84.2509,21.64271],[84.25348,21.6439],[84.25495,21.64412],[84.25623,21.64377],[84.25682,21.63934],[84.25903,21.6366],[84.25778,21.63559],[84.25514,21.63457],[84.24821,21.6286],[84.24644,21.62642],[84.24561,21.6244],[84.24509,21.62773],[84.24582,21.63077],[84.24435,21.63326]]]}},{"type":"Feature","properties":{"LCODE":"010250024002400039","LOCATION":"BALIMAL  (SAN)","V_TYPE":"VILLAGE","BLOCK":"REAMAL","DISTRICT":"DEOGARH"},"geometry":{"type":"Polygon","coordinates":[[[84.25652,21.64043],[84.25757,21.64117],[84.25795,21.64226],[84.26032,21.64104],[84.26284,21.6416],[84.2632,21.64113],[84.26374,21.639],[84.26521,21.6387],[84.26624,21.63789],[84.26868,21.63443],[84.27166,21.63217],[84.27264,21.63196],[84.27196,21.63084],[84.26931,21.62821],[84.26727,21.62529],[84.2652,21.62691],[84.26381,21.63037],[84.25682,21.63934],[84.25652,21.64043]]]}},{"type":"Feature","properties":{"LCODE":"010270027002700041","LOCATION":"CHILANTIKHOL","V_TYPE":"VILLAGE","BLOCK":"TILEIBANI","DISTRICT":"DEOGARH"},"geometry":{"type":"Polygon","coordinates":[[[84.68875,21.63574],[84.68937,21.63895],[84.68982,21.63992],[84.69063,21.64036],[84.694,21.64034],[84.69859,21.63944],[84.70552,21.63917],[84.70389,21.63807],[84.70318,21.6363],[84.70315,21.6351],[84.70403,21.63296],[84.70373,21.63061],[84.70515,21.62817],[84.70529,21.62723],[84.69662,21.62795],[84.69269,21.62736],[84.69231,21.63039],[84.69103,21.63352],[84.69025,21.63457],[84.68875,21.63574]]]}},{"type":"Feature","properties":{"LCODE":"010270027002700042","LOCATION":"CHANDIPOSI","V_TYPE":"VILLAGE","BLOCK":"TILEIBANI","DISTRICT":"DEOGARH"},"geometry":{"type":"Polygon","coordinates":[[[84.70315,21.6351],[84.70318,21.6363],[84.70389,21.63807],[84.70555,21.63918],[84.70828,21.63952],[84.70852,21.63982],[84.70985,21.63868],[84.71175,21.63818],[84.71835,21.63994],[84.72173,21.64025],[84.72213,21.63894],[84.72503,21.63405],[84.72554,21.63143],[84.72318,21.63082],[84.72261,21.6302],[84.72183,21.62815],[84.72115,21.62765],[84.71761,21.6287],[84.71384,21.62752],[84.71095,21.62695],[84.70529,21.62723],[84.70515,21.62817],[84.70373,21.63061],[84.70403,21.63296],[84.70315,21.6351]]]}},{"type":"Feature","properties":{"LCODE":"010250024002400128","LOCATION":"KUILARIJORE","V_TYPE":"VILLAGE","BLOCK":"REAMAL","DISTRICT":"DEOGARH"},"geometry":{"type":"Polygon","coordinates":[[[84.42588,21.62492],[84.42835,21.62921],[84.42929,21.63218],[84.42973,21.63597],[84.43571,21.63885],[84.43841,21.63987],[84.43915,21.63986],[84.43945,21.63928],[84.44012,21.63888],[84.44141,21.63916],[84.4429,21.64017],[84.44331,21.63983],[84.44281,21.6388],[84.44305,21.63823],[84.44403,21.63811],[84.44434,21.63753],[84.4454,21.63334],[84.44504,21.63288],[84.44326,21.63267],[84.44252,21.6321],[84.43973,21.62713],[84.43757,21.62496],[84.43584,21.62371],[84.4337,21.62355],[84.42959,21.62243],[84.4277,21.62319],[84.42588,21.62492]]]}},{"type":"Feature","properties":{"LCODE":"010260024002400019","LOCATION":"TULSIDIHA","V_TYPE":"VILLAGE","BLOCK":"BARKOTE","DISTRICT":"DEOGARH"},"geometry":{"type":"Polygon","coordinates":[[[84.36714,21.62981],[84.37021,21.63469],[84.3729,21.63781],[84.37488,21.63638],[84.37646,21.63602],[84.37813,21.63665],[84.37865,21.63738],[84.38273,21.63868],[84.38574,21.6401],[84.38622,21.63791],[84.38621,21.63648],[84.3851,21.63563],[84.38448,21.63437],[84.38245,21.63404],[84.38203,21.63346],[84.38183,21.63209],[84.37986,21.63032],[84.37874,21.62798],[84.37866,21.62534],[84.37841,21.62471],[84.37707,21.6246],[84.37658,21.62495],[84.37592,21.62639],[84.37518,21.62691],[84.36955,21.62809],[84.36846,21.62925],[84.36714,21.62981]]]}},{"type":"Feature","properties":{"LCODE":"010260024002400020","LOCATION":"NUADIHI","V_TYPE":"VILLAGE","BLOCK":"BARKOTE","DISTRICT":"DEOGARH"},"geometry":{"type":"Polygon","coordinates":[[[84.38206,21.6335],[84.38245,21.63404],[84.38448,21.63437],[84.3851,21.63563],[84.38621,21.63648],[84.38622,21.63791],[84.38574,21.6401],[84.38654,21.64009],[84.38874,21.63933],[84.38903,21.63726],[84.39032,21.63754],[84.39125,21.63897],[84.39192,21.63919],[84.39265,21.63913],[84.39393,21.63654],[84.39607,21.63659],[84.39723,21.63606],[84.39956,21.6361],[84.40115,21.63569],[84.40244,21.63643],[84.40286,21.63631],[84.40353,21.63539],[84.40384,21.63539],[84.40415,21.63613],[84.40452,21.63624],[84.40445,21.63475],[84.40494,21.63246],[84.4037,21.63298],[84.40253,21.63281],[84.40179,21.63236],[84.39714,21.63165],[84.39221,21.62818],[84.3919,21.62674],[84.39214,21.62638],[84.3889,21.62745],[84.38799,21.62809],[84.38471,21.63241],[84.38206,21.6335]]]}},{"type":"Feature","properties":{"LCODE":"010260024002400001","LOCATION":"KUTARIMAL","V_TYPE":"VILLAGE","BLOCK":"BARKOTE","DISTRICT":"DEOGARH"},"geometry":{"type":"Polygon","coordinates":[[[84.17409,21.62124],[84.17461,21.62612],[84.17563,21.63095],[84.17702,21.63354],[84.17855,21.63492],[84.18282,21.63781],[84.18586,21.63956],[84.18624,21.63949],[84.1946,21.63337],[84.194,21.62902],[84.19344,21.62908],[84.19339,21.6288],[84.1937,21.62765],[84.19235,21.62804],[84.19168,21.62649],[84.18992,21.62436],[84.19084,21.62345],[84.19305,21.6234],[84.19398,21.62266],[84.18674,21.62216],[84.18351,21.62088],[84.18095,21.6203],[84.17414,21.61945],[84.17409,21.62124]]]}},{"type":"Feature","properties":{"LCODE":"010270027002700035","LOCATION":"DURIJUNGAL","V_TYPE":"VILLAGE","BLOCK":"TILEIBANI","DISTRICT":"DEOGARH"},"geometry":{"type":"Polygon","coordinates":[[[84.63401,21.63351],[84.63511,21.6346],[84.63777,21.63593],[84.64035,21.6361],[84.64384,21.63539],[84.64501,21.636],[84.64804,21.63685],[84.6486,21.6373],[84.64874,21.63793],[84.6491,21.63804],[84.65157,21.63827],[84.6533,21.63881],[84.65581,21.63858],[84.6569,21.6381],[84.65755,21.6374],[84.65783,21.63578],[84.65507,21.63274],[84.65376,21.62904],[84.65421,21.62719],[84.65577,21.62549],[84.65754,21.62224],[84.65768,21.62],[84.65701,21.61758],[84.65051,21.61745],[84.64825,21.61807],[84.64401,21.62052],[84.64266,21.62061],[84.64227,21.62251],[84.64109,21.62471],[84.63645,21.63147],[84.63401,21.63351]]]}},{"type":"Feature","properties":{"LCODE":"010250024002400066","LOCATION":"MAHIJURIA","V_TYPE":"VILLAGE","BLOCK":"REAMAL","DISTRICT":"DEOGARH"},"geometry":{"type":"Polygon","coordinates":[[[84.34126,21.62672],[84.34183,21.62993],[84.34476,21.63814],[84.35016,21.63699],[84.34927,21.63534],[84.3492,21.63293],[84.35114,21.62835],[84.35014,21.6277],[84.35001,21.62712],[84.3438,21.62366],[84.34294,21.62286],[84.34167,21.62419],[84.34126,21.62672]]]}},{"type":"Feature","properties":{"LCODE":"010250024002400125","LOCATION":"SHAUNTIMAL","V_TYPE":"VILLAGE","BLOCK":"REAMAL","DISTRICT":"DEOGARH"},"geometry":{"type":"Polygon","coordinates":[[[84.40445,21.63475],[84.40465,21.63615],[84.40494,21.63544],[84.40531,21.63538],[84.40641,21.63589],[84.40752,21.63559],[84.408,21.63576],[84.40832,21.6361],[84.40813,21.63735],[84.40967,21.63661],[84.41217,21.63642],[84.41278,21.62684],[84.41337,21.62299],[84.41322,21.62029],[84.41292,21.62024],[84.41054,21.62164],[84.40671,21.62567],[84.40623,21.62774],[84.40607,21.63078],[84.40494,21.63246],[84.40445,21.63475]]]}},{"type":"Feature","properties":{"LCODE":"01027002600260rf","LOCATION":"RF","V_TYPE":"FOREST","BLOCK":"TILEIBANI","DISTRICT":"DEOGARH"},"geometry":{"type":"Polygon","coordinates":[[[84.6663,21.59802],[84.66741,21.59918],[84.66971,21.60073],[84.67747,21.60488],[84.67992,21.60781],[84.68361,21.6195],[84.68527,21.62251],[84.69243,21.62729],[84.69527,21.62792],[84.71095,21.62695],[84.71384,21.62752],[84.71761,21.6287],[84.72115,21.62765],[84.72183,21.62815],[84.72261,21.6302],[84.72355,21.6311],[84.72681,21.63143],[84.73072,21.6306],[84.73193,21.63006],[84.73356,21.62859],[84.73502,21.6281],[84.7376,21.62845],[84.73962,21.62835],[84.74376,21.62665],[84.74939,21.62546],[84.75421,21.6261],[84.7552,21.62671],[84.75701,21.62523],[84.75888,21.62419],[84.76511,21.62408],[84.773,21.62502],[84.77903,21.62502],[84.78069,21.62523],[84.78412,21.62689],[84.78474,21.62782],[84.78526,21.62969],[84.78641,21.63032],[84.78745,21.63042],[84.78848,21.62959],[84.78941,21.62969],[84.78993,21.63011],[84.79035,21.63177],[84.79098,21.63239],[84.79233,21.6327],[84.79368,21.6352],[84.79523,21.63613],[84.79528,21.63703],[84.79709,21.63616],[84.79991,21.63624],[84.8043,21.63546],[84.81383,21.63551],[84.81998,21.63468],[84.82487,21.63355],[84.82752,21.63347],[84.83021,21.63402],[84.8319,21.63333],[84.83282,21.63155],[84.83454,21.62965],[84.83565,21.62964],[84.83675,21.63004],[84.83822,21.62952],[84.8392,21.62831],[84.84019,21.62797],[84.84307,21.62825],[84.84552,21.6279],[84.84632,21.6283],[84.84711,21.63014],[84.84921,21.63031],[84.85117,21.63128],[84.85172,21.63122],[84.85203,21.63002],[84.85294,21.63007],[84.85534,21.63191],[84.85589,21.63173],[84.85614,21.63139],[84.85608,21.63064],[84.85669,21.63035],[84.85865,21.63041],[84.85927,21.63069],[84.8589,21.63173],[84.85909,21.6323],[84.86092,21.63247],[84.86191,21.63287],[84.86301,21.63287],[84.86423,21.63241],[84.8659,21.63419],[84.86669,21.63447],[84.86829,21.63367],[84.87038,21.6347],[84.87173,21.63429],[84.87547,21.63239],[84.87651,21.63256],[84.8773,21.63388],[84.87853,21.63434],[84.87982,21.63387],[84.88338,21.63134],[84.88547,21.63162],[84.88602,21.63087],[84.88688,21.63064],[84.88817,21.63116],[84.89068,21.63132],[84.89172,21.63201],[84.89197,21.6327],[84.89265,21.63299],[84.8943,21.63212],[84.89774,21.63131],[84.89927,21.63171],[84.90031,21.63159],[84.90068,21.63102],[84.90117,21.6309],[84.9016,21.63113],[84.90295,21.63107],[84.9054,21.62779],[84.90712,21.62819],[84.90847,21.62784],[84.90914,21.62721],[84.90926,21.62629],[84.90871,21.62508],[84.90858,21.62382],[84.90889,21.62186],[84.91282,21.62019],[84.91686,21.61799],[84.91744,21.61795],[84.91866,21.61552],[84.92135,21.61182],[84.92599,21.60839],[84.93078,21.60381],[84.9362,21.59724],[84.94431,21.58138],[84.94534,21.57543],[84.94698,21.57176],[84.94975,21.57053],[84.9532,21.56812],[84.95563,21.5669],[84.96069,21.56544],[84.96272,21.5622],[84.96203,21.56198],[84.96165,21.56106],[84.96036,21.55565],[84.9587,21.55393],[84.95717,21.55319],[84.95441,21.55256],[84.94968,21.55205],[84.94772,21.55217],[84.94436,21.55333],[84.94215,21.55316],[84.93922,21.55713],[84.93597,21.56035],[84.9337,21.56036],[84.93034,21.56209],[84.92819,21.56284],[84.91667,21.56435],[84.91391,21.5658],[84.91177,21.56867],[84.91061,21.56896],[84.90974,21.56868],[84.90846,21.56736],[84.9087,21.56615],[84.90974,21.56408],[84.90961,21.56339],[84.90852,21.56322],[84.90508,21.56345],[84.90385,21.56305],[84.90373,21.56265],[84.90428,21.56173],[84.90624,21.56104],[84.90955,21.55919],[84.91059,21.55758],[84.91071,21.55655],[84.91041,21.55609],[84.90697,21.55483],[84.90623,21.55414],[84.90648,21.55327],[84.90777,21.55235],[84.90838,21.5523],[84.91169,21.5543],[84.91427,21.55516],[84.91605,21.55533],[84.92015,21.55233],[84.92186,21.55147],[84.92242,21.55101],[84.92297,21.54985],[84.92345,21.54704],[84.92467,21.54364],[84.92681,21.54094],[84.92932,21.53904],[84.92957,21.5384],[84.9287,21.53651],[84.92883,21.53513],[84.92956,21.53363],[84.93066,21.53259],[84.93133,21.53104],[84.93256,21.52995],[84.9342,21.52931],[84.9388,21.5285],[84.94135,21.52844],[84.94125,21.52818],[84.94103,21.52779],[84.93948,21.52769],[84.93322,21.525],[84.92966,21.52535],[84.92612,21.52725],[84.92097,21.53163],[84.91975,21.53301],[84.91902,21.53566],[84.91853,21.53629],[84.9159,21.53745],[84.91338,21.53803],[84.91235,21.53751],[84.91198,21.53694],[84.91154,21.53608],[84.9113,21.53406],[84.90989,21.53228],[84.90915,21.53085],[84.90627,21.53183],[84.90541,21.53183],[84.90223,21.53005],[84.89653,21.53064],[84.89573,21.53024],[84.89487,21.52897],[84.8915,21.52869],[84.89046,21.52835],[84.89009,21.52789],[84.89058,21.52634],[84.89027,21.5245],[84.88789,21.52398],[84.88629,21.5245],[84.88586,21.52514],[84.8858,21.52583],[84.88709,21.52905],[84.8885,21.53031],[84.8886,21.53355],[84.88949,21.53715],[84.88979,21.53784],[84.89035,21.53824],[84.89243,21.53881],[84.89286,21.53921],[84.89304,21.54214],[84.89397,21.54295],[84.89445,21.54392],[84.89489,21.54651],[84.89471,21.54795],[84.89434,21.54841],[84.89336,21.54835],[84.89262,21.54692],[84.89262,21.54485],[84.89176,21.54358],[84.88857,21.54192],[84.8876,21.54204],[84.88741,21.5425],[84.88839,21.54537],[84.88815,21.5471],[84.88828,21.54853],[84.88931,21.54928],[84.89085,21.54974],[84.89165,21.55066],[84.89165,21.55204],[84.89036,21.5533],[84.89005,21.55474],[84.89079,21.55595],[84.89263,21.5575],[84.8927,21.55991],[84.89337,21.56278],[84.89307,21.5633],[84.89135,21.56428],[84.88712,21.56475],[84.8824,21.56568],[84.87658,21.56799],[84.87621,21.56862],[84.87744,21.5704],[84.87775,21.57477],[84.87733,21.57713],[84.87592,21.57817],[84.8761,21.57868],[84.87806,21.57977],[84.88181,21.58109],[84.88297,21.58126],[84.88646,21.58079],[84.88763,21.58091],[84.89014,21.58194],[84.8926,21.58377],[84.89407,21.58429],[84.89879,21.58508],[84.90106,21.58519],[84.90167,21.58548],[84.90389,21.58789],[84.91737,21.58384],[84.91811,21.58384],[84.92117,21.58688],[84.92393,21.5886],[84.92431,21.58935],[84.92106,21.59206],[84.91837,21.59339],[84.91573,21.59408],[84.91303,21.59437],[84.90432,21.5945],[84.89966,21.59543],[84.89194,21.5978],[84.88287,21.6038],[84.88145,21.60438],[84.87152,21.60612],[84.86674,21.60647],[84.86318,21.60642],[84.85594,21.60747],[84.85551,21.60764],[84.85527,21.60816],[84.85545,21.60966],[84.85441,21.61023],[84.85331,21.61006],[84.85043,21.60777],[84.84662,21.60737],[84.8441,21.60674],[84.8419,21.60577],[84.83926,21.60554],[84.82674,21.6062],[84.81895,21.60754],[84.81522,21.60846],[84.80914,21.60888],[84.80547,21.60871],[84.79706,21.60896],[84.7962,21.60919],[84.79381,21.61189],[84.79308,21.61207],[84.79001,21.61144],[84.78485,21.60886],[84.77958,21.60709],[84.76682,21.60637],[84.75953,21.6054],[84.75204,21.60386],[84.75106,21.60421],[84.75081,21.60483],[84.74659,21.60829],[84.73591,21.61311],[84.73456,21.61336],[84.73296,21.61328],[84.72894,21.61136],[84.72562,21.61103],[84.72081,21.60992],[84.71731,21.6096],[84.71613,21.60934],[84.71452,21.60851],[84.70673,21.6085],[84.70309,21.6076],[84.69149,21.60676],[84.68938,21.60554],[84.68797,21.60265],[84.68481,21.60133],[84.68037,21.59999],[84.6735,21.60008],[84.67131,21.59829],[84.66996,21.59797],[84.6663,21.59802]],[[84.90508,21.61198],[84.9052,21.61112],[84.90594,21.6102],[84.90839,21.60864],[84.90912,21.60852],[84.90968,21.60887],[84.91103,21.61065],[84.91084,21.61174],[84.91035,21.6122],[84.90569,21.61267],[84.90508,21.61198]],[[84.92365,21.5978],[84.92395,21.59723],[84.9302,21.59532],[84.93149,21.59509],[84.93192,21.59566],[84.93192,21.59641],[84.93002,21.59762],[84.92806,21.59963],[84.92567,21.6001],[84.92413,21.59976],[84.92365,21.5978]],[[84.89899,21.54213],[84.89924,21.54144],[84.90101,21.54046],[84.90297,21.53833],[84.90383,21.53816],[84.9042,21.53839],[84.90444,21.53937],[84.90334,21.54149],[84.90316,21.54356],[84.90206,21.54506],[84.90083,21.54598],[84.90022,21.5461],[84.89998,21.54587],[84.89899,21.54213]]]}},{"type":"Feature","properties":{"LCODE":"010250024002400050","LOCATION":"BUDELKANI","V_TYPE":"VILLAGE","BLOCK":"REAMAL","DISTRICT":"DEOGARH"},"geometry":{"type":"Polygon","coordinates":[[[84.26727,21.62529],[84.26931,21.62821],[84.27196,21.63084],[84.27264,21.63196],[84.27435,21.63232],[84.27663,21.63351],[84.27972,21.63686],[84.28075,21.63613],[84.28172,21.6348],[84.28402,21.63042],[84.28571,21.62627],[84.29011,21.62082],[84.28676,21.61752],[84.28608,21.61622],[84.28374,21.61496],[84.28307,21.61484],[84.28044,21.61613],[84.27488,21.61823],[84.27396,21.61835],[84.2712,21.61762],[84.2701,21.6178],[84.26938,21.61878],[84.26926,21.61964],[84.26988,21.62234],[84.26952,21.6235],[84.26898,21.62442],[84.26727,21.62529]]]}},{"type":"Feature","properties":{"LCODE":"010250024002400037","LOCATION":"NAKTIPALI","V_TYPE":"VILLAGE","BLOCK":"REAMAL","DISTRICT":"DEOGARH"},"geometry":{"type":"Polygon","coordinates":[[[84.24561,21.6244],[84.24644,21.62642],[84.24821,21.6286],[84.25514,21.63457],[84.25778,21.63559],[84.25903,21.6366],[84.26381,21.63037],[84.2652,21.62691],[84.26636,21.62587],[84.26855,21.62462],[84.2675,21.6231],[84.26633,21.62294],[84.26603,21.6226],[84.26453,21.61847],[84.26483,21.61731],[84.26459,21.61634],[84.26476,21.61582],[84.2655,21.61576],[84.26617,21.61627],[84.2663,21.616],[84.26207,21.61335],[84.26144,21.61383],[84.25906,21.61424],[84.25864,21.61528],[84.2565,21.61621],[84.2559,21.61835],[84.25511,21.61898],[84.25456,21.61916],[84.25235,21.61894],[84.25193,21.62004],[84.25231,21.62205],[84.25207,21.62251],[84.2514,21.6228],[84.24916,21.62116],[84.24603,21.62286],[84.24561,21.6244]]]}},{"type":"Feature","properties":{"LCODE":"010270027002700039","LOCATION":"RUKUDA","V_TYPE":"VILLAGE","BLOCK":"TILEIBANI","DISTRICT":"DEOGARH"},"geometry":{"type":"Polygon","coordinates":[[[84.67038,21.63078],[84.68356,21.63431],[84.68511,21.63508],[84.68621,21.63635],[84.68826,21.63565],[84.68875,21.63574],[84.69025,21.63457],[84.69103,21.63352],[84.69231,21.63039],[84.69269,21.62736],[84.68551,21.6227],[84.6769,21.61979],[84.67548,21.62335],[84.67039,21.6296],[84.67038,21.63078]]]}},{"type":"Feature","properties":{"LCODE":"010270027002700033","LOCATION":"TILEIMAL","V_TYPE":"VILLAGE","BLOCK":"TILEIBANI","DISTRICT":"DEOGARH"},"geometry":{"type":"Polygon","coordinates":[[[84.62772,21.63034],[84.6283,21.63464],[84.63152,21.63476],[84.63368,21.63377],[84.63645,21.63147],[84.64109,21.62471],[84.64227,21.62251],[84.64266,21.62061],[84.63895,21.61925],[84.63324,21.61874],[84.63095,21.61787],[84.62959,21.61675],[84.62811,21.62545],[84.62772,21.63034]]]}},{"type":"Feature","properties":{"LCODE":"010270027002700036","LOCATION":"TASARDA","V_TYPE":"VILLAGE","BLOCK":"TILEIBANI","DISTRICT":"DEOGARH"},"geometry":{"type":"Polygon","coordinates":[[[84.65376,21.62904],[84.65507,21.63274],[84.6569,21.63461],[84.66256,21.63321],[84.66383,21.63325],[84.66934,21.63203],[84.67031,21.63127],[84.67039,21.6296],[84.67141,21.62808],[84.67548,21.62335],[84.6769,21.61979],[84.67033,21.61812],[84.66769,21.61794],[84.66402,21.61843],[84.66156,21.61807],[84.65903,21.61732],[84.65701,21.61758],[84.65768,21.62],[84.65754,21.62224],[84.65577,21.62549],[84.65421,21.62719],[84.65376,21.62904]]]}},{"type":"Feature","properties":{"LCODE":"010260024002400021","LOCATION":"GANGHOSA","V_TYPE":"VILLAGE","BLOCK":"BARKOTE","DISTRICT":"DEOGARH"},"geometry":{"type":"Polygon","coordinates":[[[84.37725,21.62457],[84.37841,21.62471],[84.37866,21.62534],[84.37874,21.62798],[84.37917,21.62918],[84.38042,21.63101],[84.38183,21.63209],[84.38206,21.6335],[84.38471,21.63241],[84.38726,21.62884],[84.3889,21.62745],[84.39214,21.62638],[84.39465,21.62512],[84.39958,21.6244],[84.39952,21.62251],[84.39852,21.61896],[84.39623,21.61547],[84.39565,21.6151],[84.39525,21.61559],[84.39427,21.61588],[84.38968,21.6158],[84.38772,21.61547],[84.38717,21.61553],[84.38675,21.61725],[84.38621,21.618],[84.38522,21.61829],[84.38382,21.61807],[84.38242,21.61906],[84.38088,21.6193],[84.37992,21.6216],[84.37815,21.62264],[84.37725,21.62457]]]}},{"type":"Feature","properties":{"LCODE":"010260024002400003","LOCATION":"HATIBANDHANA(KTIDIBI)","V_TYPE":"VILLAGE","BLOCK":"BARKOTE","DISTRICT":"DEOGARH"},"geometry":{"type":"Polygon","coordinates":[[[84.19399,21.63012],[84.1946,21.63337],[84.19827,21.63174],[84.19706,21.62864],[84.194,21.62902],[84.19399,21.63012]]]}},{"type":"Feature","properties":{"LCODE":"01025002400240rf","LOCATION":"RF","V_TYPE":"FOREST","BLOCK":"REAMAL","DISTRICT":"DEOGARH"},"geometry":{"type":"Polygon","coordinates":[[[84.3919,21.62674],[84.39221,21.62818],[84.39283,21.6288],[84.39714,21.63165],[84.40179,21.63236],[84.40253,21.63281],[84.4037,21.63298],[84.4048,21.63263],[84.40607,21.63078],[84.40623,21.62774],[84.40671,21.62567],[84.40957,21.62256],[84.41054,21.62164],[84.41292,21.62024],[84.41322,21.62029],[84.42612,21.61158],[84.42192,21.61135],[84.41813,21.61212],[84.41496,21.61381],[84.40777,21.61936],[84.39929,21.62457],[84.39465,21.62512],[84.3922,21.62628],[84.3919,21.62674]]]}},{"type":"Feature","properties":{"LCODE":"010260024002400017","LOCATION":"SUDABALANDA","V_TYPE":"VILLAGE","BLOCK":"BARKOTE","DISTRICT":"DEOGARH"},"geometry":{"type":"Polygon","coordinates":[[[84.34916,21.62669],[84.35001,21.62712],[84.35014,21.6277],[84.35131,21.62844],[84.3529,21.62826],[84.3537,21.62894],[84.35419,21.62899],[84.35627,21.62823],[84.35755,21.62851],[84.35871,21.62764],[84.3592,21.62764],[84.36006,21.62832],[84.36037,21.62913],[84.36247,21.63101],[84.36523,21.63168],[84.36603,21.63133],[84.36687,21.62995],[84.36846,21.62925],[84.36955,21.62809],[84.37355,21.62728],[84.37109,21.61959],[84.36935,21.61564],[84.36582,21.60992],[84.36372,21.60723],[84.36079,21.60459],[84.35915,21.61082],[84.35972,21.61346],[84.35931,21.61564],[84.35303,21.62142],[84.35183,21.62344],[84.3503,21.62471],[84.34916,21.62669]]]}},{"type":"Feature","properties":{"LCODE":"010270027002700031","LOCATION":"NIKTIMAL","V_TYPE":"VILLAGE","BLOCK":"TILEIBANI","DISTRICT":"DEOGARH"},"geometry":{"type":"Polygon","coordinates":[[[84.58719,21.62509],[84.58788,21.62597],[84.58956,21.62696],[84.59007,21.62793],[84.5899,21.62862],[84.5901,21.62931],[84.59109,21.63021],[84.59238,21.63041],[84.59473,21.63133],[84.60002,21.63006],[84.60004,21.62663],[84.60042,21.62415],[84.60136,21.62194],[84.60421,21.61757],[84.60529,21.61382],[84.60496,21.61227],[84.60434,21.61206],[84.60379,21.61224],[84.60174,21.61384],[84.59931,21.61504],[84.59692,21.61492],[84.59485,21.61553],[84.59315,21.61695],[84.591,21.6197],[84.58906,21.62364],[84.58719,21.62509]]]}},{"type":"Feature","properties":{"LCODE":"010250024002400138","LOCATION":"GADADHARPUR","V_TYPE":"VILLAGE","BLOCK":"REAMAL","DISTRICT":"DEOGARH"},"geometry":{"type":"Polygon","coordinates":[[[84.45949,21.62454],[84.45981,21.62585],[84.46136,21.62911],[84.4621,21.63014],[84.46265,21.63042],[84.46358,21.63059],[84.47098,21.62979],[84.47318,21.62938],[84.47409,21.62851],[84.47409,21.62771],[84.47346,21.62657],[84.46951,21.62138],[84.46734,21.61727],[84.46678,21.61687],[84.46568,21.61705],[84.46289,21.62068],[84.45966,21.62385],[84.45949,21.62454]]]}},{"type":"Feature","properties":{"LCODE":"010250024002400052","LOCATION":"JHARANIKTIMAL","V_TYPE":"VILLAGE","BLOCK":"REAMAL","DISTRICT":"DEOGARH"},"geometry":{"type":"Polygon","coordinates":[[[84.29365,21.61225],[84.2941,21.61604],[84.29572,21.62155],[84.29642,21.6262],[84.29843,21.63003],[84.30029,21.62646],[84.30077,21.62606],[84.30187,21.62605],[84.30358,21.62712],[84.30488,21.62672],[84.30561,21.62597],[84.30573,21.62499],[84.30344,21.62173],[84.30353,21.61581],[84.30418,21.61289],[84.30215,21.61254],[84.29897,21.61072],[84.29725,21.61085],[84.29595,21.60965],[84.29382,21.60852],[84.29365,21.61225]]]}},{"type":"Feature","properties":{"LCODE":"010260024002400022","LOCATION":"BADMAL","V_TYPE":"VILLAGE","BLOCK":"BARKOTE","DISTRICT":"DEOGARH"},"geometry":{"type":"Polygon","coordinates":[[[84.36685,21.6115],[84.36997,21.61678],[84.37296,21.62486],[84.37355,21.62728],[84.37433,21.6272],[84.37592,21.62639],[84.37658,21.62495],[84.37725,21.62457],[84.37815,21.62264],[84.37992,21.6216],[84.38088,21.6193],[84.38242,21.61906],[84.38382,21.61807],[84.38522,21.61829],[84.38621,21.618],[84.38675,21.61725],[84.38717,21.61553],[84.39427,21.61588],[84.39525,21.61559],[84.4018,21.60654],[84.40252,21.60447],[84.40251,21.60344],[84.40227,21.6031],[84.40172,21.60333],[84.40008,21.60552],[84.39898,21.60633],[84.39831,21.60633],[84.39788,21.60616],[84.39775,21.60508],[84.39932,21.60277],[84.39951,21.60208],[84.39931,21.60105],[84.39638,21.60158],[84.39351,21.60269],[84.39039,21.60254],[84.38843,21.60289],[84.38728,21.60399],[84.38563,21.60469],[84.3836,21.60447],[84.38023,21.60352],[84.37717,21.60325],[84.37485,21.60424],[84.37455,21.60625],[84.37486,21.60728],[84.37469,21.60803],[84.37262,21.61028],[84.37128,21.61086],[84.36834,21.61151],[84.36685,21.6115]]]}},{"type":"Feature","properties":{"LCODE":"010250024002400139","LOCATION":"SIRID","V_TYPE":"VILLAGE","BLOCK":"REAMAL","DISTRICT":"DEOGARH"},"geometry":{"type":"Polygon","coordinates":[[[84.45078,21.62178],[84.4509,21.62253],[84.45349,21.62492],[84.45461,21.62652],[84.45553,21.62708],[84.45821,21.62644],[84.45978,21.62573],[84.45949,21.62454],[84.45966,21.62385],[84.46289,21.62068],[84.46568,21.61705],[84.46617,21.61687],[84.46678,21.61687],[84.46734,21.61727],[84.46889,21.62044],[84.46925,21.62041],[84.47073,21.62143],[84.47178,21.6216],[84.47202,21.62142],[84.47164,21.62045],[84.46968,21.61937],[84.46863,21.61829],[84.46849,21.61674],[84.4688,21.61634],[84.47191,21.61523],[84.47257,21.61357],[84.47324,21.61316],[84.47472,21.6131],[84.47514,21.61281],[84.47568,21.61149],[84.47623,21.61091],[84.47672,21.6091],[84.47597,21.60908],[84.47275,21.60451],[84.47237,21.60352],[84.46964,21.60443],[84.46927,21.60517],[84.46822,21.60562],[84.46671,21.60696],[84.46039,21.6137],[84.45943,21.61617],[84.45852,21.61709],[84.45576,21.61786],[84.45265,21.61925],[84.45143,21.62017],[84.45078,21.62178]]]}},{"type":"Feature","properties":{"LCODE":"010260024002400018","LOCATION":"SINKALMUNDA","V_TYPE":"VILLAGE","BLOCK":"BARKOTE","DISTRICT":"DEOGARH"},"geometry":{"type":"Polygon","coordinates":[[[84.3428,21.62289],[84.34916,21.62669],[84.35128,21.62356],[84.35102,21.62143],[84.35046,21.62092],[84.34843,21.62024],[84.34574,21.6198],[84.34492,21.61985],[84.34447,21.6213],[84.343,21.6224],[84.3428,21.62289]]]}},{"type":"Feature","properties":{"LCODE":"010250024002400051","LOCATION":"KUMBHA","V_TYPE":"VILLAGE","BLOCK":"REAMAL","DISTRICT":"DEOGARH"},"geometry":{"type":"Polygon","coordinates":[[[84.28608,21.61622],[84.28676,21.61752],[84.28978,21.62055],[84.29623,21.62526],[84.29572,21.62155],[84.29453,21.61782],[84.29378,21.61386],[84.29382,21.60852],[84.2927,21.6084],[84.29093,21.60905],[84.2899,21.61055],[84.28979,21.61308],[84.28919,21.61492],[84.28761,21.61631],[84.28608,21.61622]]]}},{"type":"Feature","properties":{"LCODE":"010260024002400007","LOCATION":"FASHIMAL","V_TYPE":"VILLAGE","BLOCK":"BARKOTE","DISTRICT":"DEOGARH"},"geometry":{"type":"Polygon","coordinates":[[[84.26453,21.61801],[84.26603,21.6226],[84.26633,21.62294],[84.2675,21.6231],[84.26855,21.62462],[84.26898,21.62442],[84.26988,21.62234],[84.26926,21.61964],[84.26938,21.61878],[84.27004,21.61789],[84.2702,21.61412],[84.27135,21.61181],[84.27348,21.6099],[84.27873,21.60659],[84.2794,21.60647],[84.28078,21.60704],[84.28338,21.60582],[84.28509,21.60471],[84.28745,21.60148],[84.2891,21.60061],[84.28934,21.59871],[84.29105,21.5971],[84.28999,21.5952],[84.28899,21.59204],[84.28769,21.58941],[84.2869,21.59027],[84.28341,21.59064],[84.28133,21.59215],[84.28037,21.59474],[84.27818,21.5963],[84.27739,21.59723],[84.27746,21.59878],[84.27612,21.59959],[84.27582,21.60063],[84.27502,21.6015],[84.2746,21.60288],[84.27363,21.6034],[84.27292,21.60305],[84.27155,21.60387],[84.2699,21.60383],[84.26936,21.60498],[84.26942,21.60648],[84.26858,21.60861],[84.26902,21.61079],[84.2681,21.61126],[84.26633,21.61104],[84.26678,21.61431],[84.26617,21.61627],[84.2655,21.61576],[84.26476,21.61582],[84.26459,21.61634],[84.26483,21.61731],[84.26453,21.61801]]]}},{"type":"Feature","properties":{"LCODE":"010260024002400023","LOCATION":"TANGARANI","V_TYPE":"VILLAGE","BLOCK":"BARKOTE","DISTRICT":"DEOGARH"},"geometry":{"type":"Polygon","coordinates":[[[84.39565,21.6151],[84.39623,21.61547],[84.39852,21.61896],[84.39933,21.62142],[84.39958,21.6244],[84.40777,21.61936],[84.41496,21.61381],[84.41673,21.61282],[84.41978,21.61165],[84.42192,21.61135],[84.42596,21.61162],[84.42676,21.61144],[84.42749,21.61109],[84.42891,21.60957],[84.4255,21.60703],[84.42463,21.60537],[84.42282,21.60028],[84.42165,21.59902],[84.42114,21.59907],[84.42031,21.60041],[84.41891,21.6018],[84.4155,21.60371],[84.4135,21.60647],[84.41131,21.60844],[84.40868,21.61],[84.40728,21.61053],[84.403,21.61164],[84.39679,21.61377],[84.39616,21.61409],[84.39565,21.6151]]]}},{"type":"Feature","properties":{"LCODE":"010260024002400015","LOCATION":"JAMUMAL","V_TYPE":"VILLAGE","BLOCK":"BARKOTE","DISTRICT":"DEOGARH"},"geometry":{"type":"Polygon","coordinates":[[[84.34206,21.61839],[84.34219,21.61885],[84.34274,21.61925],[84.34341,21.61913],[84.3442,21.61849],[84.34457,21.61866],[84.34492,21.61985],[84.34703,21.61996],[84.35046,21.62092],[84.35102,21.62143],[84.35126,21.62229],[84.3512,21.62388],[84.35183,21.62344],[84.35377,21.62067],[84.35901,21.61616],[84.35961,21.61483],[84.35972,21.61346],[84.35915,21.6112],[84.35348,21.61367],[84.35244,21.61373],[84.35011,21.61317],[84.34789,21.61204],[84.34698,21.61359],[84.34613,21.61411],[84.34265,21.61505],[84.34206,21.61839]]]}},{"type":"Feature","properties":{"LCODE":"010260024002400002","LOCATION":"MENDHABAHAL","V_TYPE":"VILLAGE","BLOCK":"BARKOTE","DISTRICT":"DEOGARH"},"geometry":{"type":"Polygon","coordinates":[[[84.1658,21.60173],[84.16689,21.60495],[84.1662,21.60794],[84.16625,21.60937],[84.16685,21.61098],[84.16795,21.61219],[84.16966,21.61329],[84.17216,21.61371],[84.17332,21.61492],[84.17414,21.61945],[84.18095,21.6203],[84.18351,21.62088],[84.18674,21.62216],[84.19299,21.62265],[84.19398,21.62266],[84.19569,21.62146],[84.19666,21.62135],[84.19819,21.6217],[84.20181,21.6208],[84.20878,21.6209],[84.21171,21.62206],[84.21354,21.62321],[84.21472,21.61926],[84.21423,21.61857],[84.2113,21.61684],[84.21107,21.61569],[84.2112,21.61437],[84.21194,21.61311],[84.21494,21.61026],[84.21568,21.60906],[84.21587,21.6082],[84.21563,21.60745],[84.21508,21.60739],[84.21416,21.60785],[84.21299,21.60933],[84.21158,21.60967],[84.2106,21.60926],[84.20975,21.60954],[84.20833,21.61172],[84.20465,21.61307],[84.2025,21.6153],[84.19999,21.61649],[84.19871,21.6166],[84.19669,21.61734],[84.19363,21.61686],[84.18965,21.61546],[84.18837,21.61529],[84.18598,21.61619],[84.18513,21.61487],[84.18771,21.61281],[84.19065,21.6118],[84.19433,21.61101],[84.19524,21.61039],[84.19826,21.60702],[84.19924,21.60553],[84.20268,21.60188],[84.2039,21.60561],[84.20728,21.60196],[84.20624,21.60035],[84.20312,21.59884],[84.20026,21.59681],[84.19971,21.59715],[84.2,21.60037],[84.19453,21.60619],[84.18999,21.60887],[84.1881,21.60708],[84.18485,21.60314],[84.1842,21.60384],[84.17961,21.60537],[84.17747,21.6057],[84.1752,21.60529],[84.17197,21.6032],[84.16843,21.60267],[84.16605,21.60156],[84.1658,21.60173]]]}},{"type":"Feature","properties":{"LCODE":"010250024002400038","LOCATION":"JAGEIKHOL","V_TYPE":"VILLAGE","BLOCK":"REAMAL","DISTRICT":"DEOGARH"},"geometry":{"type":"Polygon","coordinates":[[[84.24183,21.61848],[84.24219,21.61969],[84.2442,21.6217],[84.24607,21.62284],[84.24924,21.62115],[84.24899,21.61881],[84.2474,21.61725],[84.24636,21.61667],[84.24373,21.61649],[84.24245,21.61717],[84.24183,21.61848]]]}},{"type":"Feature","properties":{"LCODE":"01025002400240rf","LOCATION":"RF","V_TYPE":"FOREST","BLOCK":"REAMAL","DISTRICT":"DEOGARH"},"geometry":{"type":"Polygon","coordinates":[[[84.24403,21.61649],[84.24636,21.61667],[84.2474,21.61725],[84.24899,21.61881],[84.24924,21.62115],[84.2514,21.6228],[84.25207,21.62251],[84.25231,21.62205],[84.25193,21.62004],[84.25235,21.61894],[84.25456,21.61916],[84.25511,21.61898],[84.2559,21.61835],[84.2565,21.61621],[84.25864,21.61528],[84.25906,21.61424],[84.26144,21.61383],[84.26185,21.61352],[84.25776,21.61074],[84.24975,21.61223],[84.24612,21.61426],[84.24403,21.61649]]]}},{"type":"Feature","properties":{"LCODE":"010250024002400126","LOCATION":"ALARKHOL","V_TYPE":"VILLAGE","BLOCK":"REAMAL","DISTRICT":"DEOGARH"},"geometry":{"type":"Polygon","coordinates":[[[84.41376,21.6199],[84.41666,21.62045],[84.41856,21.62153],[84.42033,21.62146],[84.42107,21.62099],[84.42119,21.62059],[84.42069,21.61945],[84.42117,21.61773],[84.42098,21.61732],[84.42043,21.61716],[84.41826,21.61688],[84.41376,21.6199]]]}},{"type":"Feature","properties":{"LCODE":"010250024002400065","LOCATION":"GANDAJAMUMAL","V_TYPE":"VILLAGE","BLOCK":"REAMAL","DISTRICT":"DEOGARH"},"geometry":{"type":"Polygon","coordinates":[[[84.31792,21.6105],[84.32211,21.6215],[84.32748,21.61716],[84.33195,21.61227],[84.33142,21.61219],[84.33051,21.61283],[84.32947,21.61215],[84.32793,21.61233],[84.32732,21.6113],[84.32701,21.61124],[84.32561,21.61217],[84.32291,21.6115],[84.32254,21.61093],[84.32265,21.61058],[84.32345,21.61012],[84.32363,21.6092],[84.32289,21.60839],[84.32221,21.60811],[84.3213,21.60835],[84.31792,21.6105]]]}},{"type":"Feature","properties":{"LCODE":"010250024002400127","LOCATION":"BADUNICHUAN","V_TYPE":"VILLAGE","BLOCK":"REAMAL","DISTRICT":"DEOGARH"},"geometry":{"type":"Polygon","coordinates":[[[84.4334,21.61553],[84.43372,21.61794],[84.43539,21.62022],[84.43655,21.62038],[84.439,21.61842],[84.43987,21.6136],[84.44192,21.60814],[84.44385,21.60411],[84.44432,21.60187],[84.44145,21.60281],[84.43889,21.60431],[84.43798,21.60518],[84.43719,21.60633],[84.43587,21.60978],[84.43405,21.61312],[84.4334,21.61553]]]}},{"type":"Feature","properties":{"LCODE":"010260024002400008","LOCATION":"TILEIMAL","V_TYPE":"VILLAGE","BLOCK":"BARKOTE","DISTRICT":"DEOGARH"},"geometry":{"type":"Polygon","coordinates":[[[84.26997,21.61636],[84.27004,21.61789],[84.2712,21.61762],[84.27396,21.61835],[84.27488,21.61823],[84.28044,21.61613],[84.28239,21.61502],[84.28374,21.61496],[84.28473,21.61544],[84.28453,21.61334],[84.28329,21.61013],[84.28118,21.60738],[84.28045,21.60675],[84.2794,21.60647],[84.27873,21.60659],[84.27348,21.6099],[84.27135,21.61181],[84.2702,21.61412],[84.26997,21.61636]]]}},{"type":"Feature","properties":{"LCODE":"010260024002400005","LOCATION":"TERANDA","V_TYPE":"VILLAGE","BLOCK":"BARKOTE","DISTRICT":"DEOGARH"},"geometry":{"type":"Polygon","coordinates":[[[84.2167,21.61486],[84.21815,21.61808],[84.21883,21.61831],[84.22042,21.61706],[84.22288,21.61414],[84.22374,21.61357],[84.22398,21.61323],[84.22369,21.61197],[84.22466,21.61123],[84.22687,21.61164],[84.22858,21.61263],[84.23059,21.61327],[84.23267,21.61293],[84.23634,21.61318],[84.23843,21.61239],[84.24033,21.61068],[84.24058,21.60976],[84.24034,21.6085],[84.23875,21.60608],[84.23846,21.60448],[84.23846,21.60236],[84.23933,21.59915],[84.23921,21.59875],[84.23848,21.59875],[84.23517,21.60085],[84.22476,21.60366],[84.22341,21.60446],[84.21906,21.60781],[84.21819,21.60896],[84.21738,21.61217],[84.2178,21.61377],[84.2167,21.61486]]]}},{"type":"Feature","properties":{"LCODE":"010260024002400004","LOCATION":"KARLAGHATI","V_TYPE":"VILLAGE","BLOCK":"BARKOTE","DISTRICT":"DEOGARH"},"geometry":{"type":"Polygon","coordinates":[[[84.18513,21.61487],[84.18598,21.61619],[84.18837,21.61529],[84.19595,21.61739],[84.19999,21.61649],[84.2025,21.6153],[84.20448,21.61325],[84.20448,21.6121],[84.20645,21.60746],[84.20695,21.6054],[84.20702,21.60223],[84.2039,21.60561],[84.20268,21.60188],[84.19924,21.60553],[84.19826,21.60702],[84.19524,21.61039],[84.19433,21.61101],[84.19065,21.6118],[84.18771,21.61281],[84.18513,21.61487]]]}},{"type":"Feature","properties":{"LCODE":"010260024002400011","LOCATION":"GULJIPALI","V_TYPE":"VILLAGE","BLOCK":"BARKOTE","DISTRICT":"DEOGARH"},"geometry":{"type":"Polygon","coordinates":[[[84.29595,21.60965],[84.29725,21.61085],[84.29897,21.61072],[84.30215,21.61254],[84.30399,21.61276],[84.30517,21.61402],[84.3053,21.61534],[84.30573,21.61585],[84.30954,21.61732],[84.31088,21.61697],[84.31246,21.61547],[84.31302,21.61564],[84.31473,21.6154],[84.31583,21.61591],[84.31638,21.61585],[84.31675,21.61533],[84.31624,21.61194],[84.31647,21.61079],[84.31873,21.61009],[84.3213,21.60835],[84.32221,21.60811],[84.32289,21.60839],[84.32363,21.6092],[84.32345,21.61012],[84.32265,21.61058],[84.32254,21.61093],[84.32291,21.6115],[84.32561,21.61217],[84.32701,21.61124],[84.32732,21.6113],[84.32793,21.61233],[84.32947,21.61215],[84.33051,21.61283],[84.33142,21.61219],[84.33195,21.61227],[84.33228,21.61179],[84.33348,21.60873],[84.33354,21.60776],[84.3326,21.60357],[84.32968,21.59836],[84.32864,21.59443],[84.32697,21.59539],[84.32593,21.59505],[84.32487,21.59299],[84.32439,21.58983],[84.3215,21.59168],[84.31831,21.59211],[84.31551,21.59373],[84.31429,21.59408],[84.31171,21.59404],[84.3105,21.596],[84.30825,21.5978],[84.30606,21.60068],[84.30539,21.60109],[84.3049,21.60103],[84.30416,21.6004],[84.30336,21.59897],[84.30109,21.59766],[84.30042,21.59784],[84.29969,21.59968],[84.29958,21.60164],[84.30087,21.60255],[84.30125,21.60387],[84.29858,21.60768],[84.29822,21.609],[84.29761,21.60941],[84.29595,21.60965]]]}},{"type":"Feature","properties":{"LCODE":"010260024002400009","LOCATION":"DEHURINIMAL","V_TYPE":"VILLAGE","BLOCK":"BARKOTE","DISTRICT":"DEOGARH"},"geometry":{"type":"Polygon","coordinates":[[[84.28078,21.60704],[84.28329,21.61013],[84.28453,21.61334],[84.28473,21.61544],[84.28626,21.61638],[84.28761,21.61631],[84.2887,21.61556],[84.28955,21.61417],[84.2899,21.61055],[84.29093,21.60905],[84.29173,21.6087],[84.29208,21.60582],[84.29518,21.60396],[84.29536,21.60293],[84.29419,21.60069],[84.29086,21.59715],[84.28934,21.59871],[84.2891,21.60061],[84.28685,21.60206],[84.28509,21.60471],[84.28078,21.60704]]]}},{"type":"Feature","properties":{"LCODE":"010260024002400013","LOCATION":"DHAURA KHAMAN","V_TYPE":"VILLAGE","BLOCK":"BARKOTE","DISTRICT":"DEOGARH"},"geometry":{"type":"Polygon","coordinates":[[[84.33629,21.61578],[84.33672,21.61612],[84.33769,21.616],[84.33922,21.61496],[84.34057,21.61535],[84.34216,21.61477],[84.34264,21.61508],[84.34613,21.61411],[84.34698,21.61359],[84.34795,21.61208],[84.34861,21.60962],[84.34805,21.60859],[84.3478,21.60727],[84.34785,21.60543],[84.3468,21.6036],[84.34496,21.60292],[84.34238,21.60305],[84.3408,21.60352],[84.34056,21.60461],[84.34137,21.60702],[84.33878,21.61232],[84.33787,21.61382],[84.33707,21.61435],[84.33629,21.61578]]]}},{"type":"Feature","properties":{"LCODE":"010250024002400142","LOCATION":"JHARPUR","V_TYPE":"VILLAGE","BLOCK":"REAMAL","DISTRICT":"DEOGARH"},"geometry":{"type":"Polygon","coordinates":[[[84.47561,21.59384],[84.47569,21.59539],[84.4768,21.5975],[84.47834,21.59852],[84.48129,21.59988],[84.48321,21.60216],[84.48299,21.60623],[84.48229,21.61093],[84.48284,21.61133],[84.49325,21.61131],[84.49344,21.61234],[84.49487,21.61402],[84.49685,21.61526],[84.50111,21.61583],[84.5159,21.6161],[84.5167,21.6158],[84.51742,21.61402],[84.51827,21.61355],[84.52097,21.61352],[84.52306,21.61396],[84.52367,21.61395],[84.52416,21.61349],[84.52439,21.61205],[84.52206,21.61184],[84.52034,21.61128],[84.51902,21.60699],[84.51778,21.60608],[84.51643,21.60563],[84.51398,21.60549],[84.51049,21.60616],[84.5084,21.606],[84.50503,21.60627],[84.50141,21.60591],[84.49538,21.60619],[84.49326,21.60416],[84.48424,21.59299],[84.48067,21.59094],[84.47926,21.59061],[84.47749,21.59131],[84.47627,21.59229],[84.47561,21.59384]]]}},{"type":"Feature","properties":{"LCODE":"010260024002400006","LOCATION":"KANKADAKHOL","V_TYPE":"VILLAGE","BLOCK":"BARKOTE","DISTRICT":"DEOGARH"},"geometry":{"type":"Polygon","coordinates":[[[84.24709,21.60303],[84.24729,21.60381],[84.25066,21.60273],[84.25195,21.60272],[84.25244,21.6033],[84.25276,21.60462],[84.2546,21.60535],[84.25528,21.60598],[84.25553,21.60777],[84.25603,21.60817],[84.25645,21.60805],[84.25785,21.60666],[84.25889,21.60619],[84.25981,21.60624],[84.26147,21.60727],[84.26361,21.6076],[84.26405,21.60863],[84.26241,21.61083],[84.26207,21.61335],[84.2663,21.616],[84.26678,21.61431],[84.26633,21.61104],[84.2681,21.61126],[84.26902,21.61079],[84.26858,21.60861],[84.26942,21.60648],[84.26953,21.60435],[84.2699,21.60383],[84.27155,21.60387],[84.27292,21.60305],[84.26958,21.59834],[84.26926,21.599],[84.26731,21.60091],[84.26487,21.60207],[84.26352,21.6022],[84.26107,21.60192],[84.25996,21.60066],[84.25714,21.5997],[84.25595,21.598],[84.25046,21.60034],[84.24709,21.60303]]]}},{"type":"Feature","properties":{"LCODE":"010260024002400012","LOCATION":"SIALDARHA","V_TYPE":"VILLAGE","BLOCK":"BARKOTE","DISTRICT":"DEOGARH"},"geometry":{"type":"Polygon","coordinates":[[[84.32925,21.59666],[84.32968,21.59836],[84.3326,21.60357],[84.33347,21.60672],[84.33348,21.60873],[84.33195,21.61227],[84.33327,21.61316],[84.33584,21.61303],[84.33688,21.61359],[84.33707,21.61435],[84.33787,21.61382],[84.33878,21.61232],[84.34137,21.60702],[84.34068,21.6053],[84.34074,21.60362],[84.33625,21.60045],[84.3347,21.59872],[84.33354,21.59874],[84.33084,21.59818],[84.3298,21.59761],[84.32925,21.59666]]]}},{"type":"Feature","properties":{"LCODE":"010270027002700029","LOCATION":"BHALUCHUAN","V_TYPE":"VILLAGE","BLOCK":"TILEIBANI","DISTRICT":"DEOGARH"},"geometry":{"type":"Polygon","coordinates":[[[84.54184,21.61115],[84.54248,21.6128],[84.54429,21.61414],[84.54807,21.61331],[84.5509,21.61337],[84.55162,21.61301],[84.55234,21.61201],[84.55251,21.61126],[84.55243,21.61052],[84.55199,21.60995],[84.54928,21.60903],[84.54633,21.60915],[84.54308,21.60888],[84.54224,21.60953],[84.54184,21.61115]]]}},{"type":"Feature","properties":{"LCODE":"01026002400240rf","LOCATION":"RF","V_TYPE":"FOREST","BLOCK":"BARKOTE","DISTRICT":"DEOGARH"},"geometry":{"type":"Polygon","coordinates":[[[84.3549,21.58839],[84.3549,21.58879],[84.35626,21.59022],[84.3575,21.59211],[84.35892,21.59331],[84.36034,21.59652],[84.36134,21.59789],[84.36134,21.59863],[84.36005,21.5995],[84.36006,21.59996],[84.36087,21.60185],[84.36076,21.60455],[84.36169,21.60564],[84.36334,21.60574],[84.37142,21.60477],[84.37455,21.60625],[84.37485,21.60424],[84.37717,21.60325],[84.38023,21.60352],[84.3836,21.60447],[84.38563,21.60469],[84.38728,21.60399],[84.38843,21.60289],[84.39039,21.60254],[84.39351,21.60269],[84.39638,21.60158],[84.39931,21.60105],[84.39951,21.60208],[84.39932,21.60277],[84.39775,21.60508],[84.39788,21.60616],[84.39898,21.60633],[84.39935,21.6061],[84.40172,21.60333],[84.40227,21.6031],[84.40252,21.60447],[84.4018,21.60654],[84.39701,21.61288],[84.39683,21.6138],[84.40611,21.61077],[84.40732,21.60777],[84.40836,21.60645],[84.40913,21.60461],[84.40907,21.60375],[84.40741,21.60272],[84.40734,21.60209],[84.40868,21.60054],[84.41106,21.5988],[84.41411,21.59741],[84.41538,21.59642],[84.41758,21.59538],[84.41795,21.59555],[84.41821,21.59836],[84.41859,21.59887],[84.42122,21.59909],[84.42226,21.59879],[84.42518,21.5962],[84.42634,21.59573],[84.42865,21.594],[84.4306,21.59129],[84.43199,21.58985],[84.43321,21.58904],[84.43382,21.58898],[84.43511,21.58971],[84.43555,21.5904],[84.43575,21.59241],[84.43624,21.59315],[84.43858,21.59422],[84.44044,21.5976],[84.44179,21.59856],[84.44173,21.5989],[84.44237,21.59909],[84.44759,21.59862],[84.45374,21.59597],[84.45309,21.59534],[84.45271,21.59391],[84.45218,21.5879],[84.45132,21.58687],[84.44953,21.58608],[84.44751,21.58563],[84.44659,21.58501],[84.44603,21.58409],[84.44627,21.58335],[84.44607,21.58111],[84.44487,21.57556],[84.44497,21.57229],[84.44411,21.57189],[84.44283,21.57247],[84.44099,21.57237],[84.44106,21.57426],[84.44163,21.57603],[84.44144,21.57649],[84.43908,21.57972],[84.43569,21.58547],[84.43442,21.58668],[84.43331,21.58663],[84.43251,21.58549],[84.43269,21.58417],[84.43341,21.5825],[84.43401,21.58204],[84.43456,21.581],[84.43425,21.58009],[84.43241,21.57987],[84.43198,21.57947],[84.43085,21.57695],[84.43061,21.57621],[84.43133,21.57402],[84.4315,21.57248],[84.4304,21.57214],[84.42934,21.57042],[84.42793,21.57003],[84.42664,21.56832],[84.42338,21.56656],[84.41806,21.5683],[84.41482,21.56786],[84.41274,21.56856],[84.41129,21.57006],[84.41074,21.57029],[84.41006,21.56984],[84.40814,21.56744],[84.40575,21.56602],[84.40488,21.56597],[84.40214,21.56696],[84.40051,21.56909],[84.40057,21.57121],[84.40138,21.57293],[84.40385,21.57446],[84.40489,21.57589],[84.40643,21.57709],[84.40687,21.57789],[84.40708,21.58202],[84.40776,21.58322],[84.40832,21.5835],[84.40966,21.58309],[84.41223,21.58342],[84.41322,21.58405],[84.41409,21.5868],[84.41417,21.58857],[84.41296,21.59059],[84.41248,21.59214],[84.41084,21.5933],[84.40876,21.59417],[84.40682,21.59722],[84.40511,21.59803],[84.40211,21.59839],[84.40101,21.59817],[84.39978,21.59732],[84.39837,21.59698],[84.39719,21.59584],[84.39657,21.59395],[84.3954,21.59339],[84.3943,21.59356],[84.39346,21.59506],[84.3923,21.59553],[84.39206,21.5965],[84.39139,21.59708],[84.3909,21.59714],[84.39046,21.59663],[84.39027,21.59554],[84.39044,21.59318],[84.39081,21.59226],[84.38798,21.59113],[84.38609,21.59183],[84.38541,21.59034],[84.38473,21.59012],[84.38247,21.59099],[84.38013,21.58997],[84.37835,21.58872],[84.37394,21.58765],[84.37143,21.5875],[84.36671,21.58815],[84.36445,21.58776],[84.35906,21.58774],[84.35533,21.5881],[84.3549,21.58839]],[[84.42312,21.58233],[84.42397,21.58026],[84.42334,21.57825],[84.42358,21.57734],[84.4243,21.5763],[84.42522,21.57555],[84.42607,21.57526],[84.42686,21.57531],[84.42841,21.57599],[84.42921,21.57788],[84.4291,21.57903],[84.42831,21.57995],[84.42844,21.58109],[84.42765,21.58265],[84.42662,21.58368],[84.42497,21.58398],[84.42332,21.5837],[84.42312,21.58233]]]}},{"type":"Feature","properties":{"LCODE":"010260024002400014","LOCATION":"JATIAKHOLDIHI","V_TYPE":"VILLAGE","BLOCK":"BARKOTE","DISTRICT":"DEOGARH"},"geometry":{"type":"Polygon","coordinates":[[[84.3347,21.59872],[84.33625,21.60045],[84.34074,21.60362],[84.34238,21.60305],[84.34496,21.60292],[84.3468,21.6036],[84.34785,21.60543],[84.3478,21.60727],[84.34805,21.60859],[84.34861,21.60962],[84.34795,21.61208],[84.34906,21.61283],[84.35244,21.61373],[84.35348,21.61367],[84.35915,21.6112],[84.36079,21.60459],[84.36093,21.60248],[84.36068,21.60122],[84.36005,21.59968],[84.35772,21.59791],[84.35711,21.59785],[84.35522,21.59884],[84.35417,21.59879],[84.35368,21.59759],[84.35367,21.59581],[84.3528,21.59415],[84.35279,21.59294],[84.35357,21.59093],[84.35435,21.58903],[84.3549,21.58879],[84.35517,21.58821],[84.35459,21.58811],[84.35105,21.58916],[84.34995,21.58974],[84.34777,21.59257],[84.34612,21.59373],[84.34557,21.59373],[84.34186,21.59151],[84.3411,21.59393],[84.3408,21.59404],[84.33719,21.59099],[84.33736,21.59297],[84.33817,21.59515],[84.33818,21.59682],[84.33794,21.59751],[84.33727,21.59803],[84.3347,21.59872]]]}},{"type":"Feature","properties":{"LCODE":"010270026002600068","LOCATION":"REGADAKHOL","V_TYPE":"VILLAGE","BLOCK":"TILEIBANI","DISTRICT":"DEOGARH"},"geometry":{"type":"Polygon","coordinates":[[[84.72955,21.61155],[84.73296,21.61328],[84.73524,21.61329],[84.74584,21.60866],[84.74529,21.60757],[84.74315,21.60526],[84.74066,21.60394],[84.73955,21.60367],[84.73923,21.6054],[84.73768,21.60744],[84.73556,21.60864],[84.73026,21.61018],[84.72964,21.61074],[84.72955,21.61155]]]}},{"type":"Feature","properties":{"LCODE":"010270026002600048","LOCATION":"KARANGKHOL","V_TYPE":"VILLAGE","BLOCK":"TILEIBANI","DISTRICT":"DEOGARH"},"geometry":{"type":"Polygon","coordinates":[[[84.90508,21.61198],[84.90569,21.61267],[84.91035,21.6122],[84.91084,21.61174],[84.91103,21.61065],[84.90968,21.60887],[84.90912,21.60852],[84.90839,21.60864],[84.90594,21.6102],[84.9052,21.61112],[84.90508,21.61198]]]}},{"type":"Feature","properties":{"LCODE":"010270026002600064","LOCATION":"MAKADMUNDA","V_TYPE":"VILLAGE","BLOCK":"TILEIBANI","DISTRICT":"DEOGARH"},"geometry":{"type":"Polygon","coordinates":[[[84.7808,21.60737],[84.78485,21.60886],[84.79001,21.61144],[84.79166,21.61196],[84.79381,21.61189],[84.79577,21.60953],[84.79522,21.60534],[84.79337,21.6001],[84.78566,21.59903],[84.78333,21.598],[84.78197,21.59654],[84.78185,21.59944],[84.78105,21.60277],[84.78123,21.60576],[84.7808,21.60737]]]}},{"type":"Feature","properties":{"LCODE":"010270027002700074","LOCATION":"BARKHANDIA","V_TYPE":"VILLAGE","BLOCK":"TILEIBANI","DISTRICT":"DEOGARH"},"geometry":{"type":"Polygon","coordinates":[[[84.65076,21.60923],[84.65085,21.61032],[84.65122,21.61066],[84.65524,21.61195],[84.66044,21.61071],[84.65805,21.60873],[84.65758,21.60691],[84.65714,21.60629],[84.6544,21.60743],[84.65172,21.60801],[84.65124,21.6083],[84.65076,21.60923]]]}},{"type":"Feature","properties":{"LCODE":"010260024002400016","LOCATION":"KOLHAPAL","V_TYPE":"VILLAGE","BLOCK":"BARKOTE","DISTRICT":"DEOGARH"},"geometry":{"type":"Polygon","coordinates":[[[84.36224,21.60577],[84.36372,21.60723],[84.36685,21.6115],[84.36724,21.61157],[84.37128,21.61086],[84.37262,21.61028],[84.37432,21.6086],[84.37486,21.60728],[84.37455,21.60625],[84.37142,21.60477],[84.36224,21.60577]]]}},{"type":"Feature","properties":{"LCODE":"010270026002600070","LOCATION":"BHIMAGANJA","V_TYPE":"VILLAGE","BLOCK":"TILEIBANI","DISTRICT":"DEOGARH"},"geometry":{"type":"Polygon","coordinates":[[[84.71081,21.6085],[84.71452,21.60851],[84.71613,21.60934],[84.71731,21.6096],[84.72081,21.60992],[84.72697,21.61123],[84.72955,21.61155],[84.72967,21.61123],[84.72966,21.61077],[84.7284,21.60936],[84.72704,21.60641],[84.72591,21.60511],[84.72456,21.60462],[84.72031,21.60397],[84.71708,21.60226],[84.7159,21.60194],[84.71414,21.60243],[84.71349,21.60314],[84.71263,21.60625],[84.71081,21.6085]]]}},{"type":"Feature","properties":{"LCODE":"010270027002700073","LOCATION":"TELISUANA","V_TYPE":"VILLAGE","BLOCK":"TILEIBANI","DISTRICT":"DEOGARH"},"geometry":{"type":"Polygon","coordinates":[[[84.65714,21.60629],[84.65758,21.60691],[84.65805,21.60873],[84.66044,21.61071],[84.66766,21.61094],[84.66846,21.61087],[84.669,21.61034],[84.66892,21.60948],[84.6673,21.60814],[84.66628,21.60644],[84.66293,21.60455],[84.66225,21.60434],[84.66023,21.60467],[84.65714,21.60629]]]}},{"type":"Feature","properties":{"LCODE":"010260024002400024","LOCATION":"CHANDIPOSI","V_TYPE":"VILLAGE","BLOCK":"BARKOTE","DISTRICT":"DEOGARH"},"geometry":{"type":"Polygon","coordinates":[[[84.40611,21.61077],[84.40868,21.61],[84.41131,21.60844],[84.4135,21.60647],[84.4155,21.60371],[84.41891,21.6018],[84.42031,21.60041],[84.42114,21.59907],[84.41859,21.59887],[84.41821,21.59836],[84.41795,21.59555],[84.41758,21.59538],[84.4166,21.59573],[84.41411,21.59741],[84.41106,21.5988],[84.40868,21.60054],[84.40734,21.60209],[84.40741,21.60272],[84.40907,21.60375],[84.40913,21.60461],[84.40836,21.60645],[84.40732,21.60777],[84.40611,21.61077]]]}},{"type":"Feature","properties":{"LCODE":"010270026002600069","LOCATION":"DIMIRIPOSI","V_TYPE":"VILLAGE","BLOCK":"TILEIBANI","DISTRICT":"DEOGARH"},"geometry":{"type":"Polygon","coordinates":[[[84.7231,21.59387],[84.72465,21.59773],[84.72649,21.60085],[84.72659,21.60269],[84.72619,21.60384],[84.72521,21.60477],[84.72591,21.60511],[84.72704,21.60641],[84.7284,21.60936],[84.72964,21.61074],[84.73117,21.60982],[84.73556,21.60864],[84.73768,21.60744],[84.73852,21.60657],[84.73923,21.6054],[84.73945,21.60436],[84.7399,21.59999],[84.73968,21.59294],[84.73924,21.59255],[84.73812,21.59171],[84.73719,21.59144],[84.73471,21.5927],[84.7261,21.59455],[84.72519,21.59462],[84.7231,21.59387]]]}},{"type":"Feature","properties":{"LCODE":"010270027002700030","LOCATION":"KHOLDIHI","V_TYPE":"VILLAGE","BLOCK":"TILEIBANI","DISTRICT":"DEOGARH"},"geometry":{"type":"Polygon","coordinates":[[[84.55397,21.60773],[84.5546,21.60869],[84.55597,21.60964],[84.55814,21.61045],[84.55875,21.61038],[84.56146,21.60837],[84.5619,21.60584],[84.56227,21.60566],[84.56332,21.60615],[84.5643,21.6059],[84.5647,21.60474],[84.56433,21.60153],[84.56269,21.59892],[84.56102,21.59833],[84.56023,21.59846],[84.55849,21.60079],[84.55856,21.60384],[84.55801,21.60425],[84.5555,21.60453],[84.55425,21.60646],[84.55397,21.60773]]]}},{"type":"Feature","properties":{"LCODE":"010270026002600056","LOCATION":"SIRIGIDA","V_TYPE":"VILLAGE","BLOCK":"TILEIBANI","DISTRICT":"DEOGARH"},"geometry":{"type":"Polygon","coordinates":[[[84.841,21.60569],[84.8419,21.60577],[84.84521,21.60709],[84.85043,21.60777],[84.85331,21.61006],[84.85441,21.61023],[84.85545,21.60966],[84.85527,21.60816],[84.85551,21.60764],[84.86327,21.60642],[84.8633,21.60516],[84.86275,21.60274],[84.8622,21.60176],[84.85872,21.59906],[84.85692,21.59982],[84.85336,21.60195],[84.85201,21.6023],[84.84926,21.60254],[84.84502,21.60226],[84.84355,21.6026],[84.84165,21.60422],[84.841,21.60569]]]}},{"type":"Feature","properties":{"LCODE":"010260024002400010","LOCATION":"GARIABAHAL","V_TYPE":"VILLAGE","BLOCK":"BARKOTE","DISTRICT":"DEOGARH"},"geometry":{"type":"Polygon","coordinates":[[[84.28769,21.58941],[84.29092,21.59692],[84.29419,21.60069],[84.29536,21.60293],[84.29518,21.60396],[84.29208,21.60582],[84.29173,21.6087],[84.29343,21.60834],[84.29577,21.60965],[84.29761,21.60941],[84.29822,21.609],[84.29858,21.60768],[84.30125,21.60387],[84.30087,21.60255],[84.29958,21.60164],[84.29969,21.59968],[84.30042,21.59784],[84.30109,21.59766],[84.30143,21.59796],[84.30176,21.59737],[84.30217,21.5949],[84.30148,21.59174],[84.29923,21.58566],[84.29891,21.58302],[84.29642,21.58516],[84.29343,21.58621],[84.29178,21.58743],[84.28885,21.5886],[84.28769,21.58941]]]}},{"type":"Feature","properties":{"LCODE":"010260024002400025","LOCATION":"BANJARI","V_TYPE":"VILLAGE","BLOCK":"BARKOTE","DISTRICT":"DEOGARH"},"geometry":{"type":"Polygon","coordinates":[[[84.42165,21.59902],[84.42282,21.60028],[84.42463,21.60537],[84.4255,21.60703],[84.42891,21.60957],[84.43175,21.60705],[84.43443,21.6052],[84.43649,21.60261],[84.43905,21.60059],[84.44082,21.59977],[84.44179,21.59856],[84.44044,21.5976],[84.43858,21.59422],[84.43624,21.59315],[84.43575,21.59241],[84.43555,21.5904],[84.43511,21.58971],[84.43382,21.58898],[84.43321,21.58904],[84.43199,21.58985],[84.4306,21.59129],[84.42865,21.594],[84.42634,21.59573],[84.42518,21.5962],[84.42226,21.59879],[84.42165,21.59902]]]}},{"type":"Feature","properties":{"LCODE":"010270026002600062","LOCATION":"DANGAPAL","V_TYPE":"VILLAGE","BLOCK":"TILEIBANI","DISTRICT":"DEOGARH"},"geometry":{"type":"Polygon","coordinates":[[[84.7932,21.59953],[84.79522,21.60534],[84.79577,21.60953],[84.79706,21.60896],[84.80586,21.60875],[84.80638,21.60687],[84.80878,21.60272],[84.81182,21.60005],[84.8097,21.59847],[84.80583,21.59744],[84.80418,21.59641],[84.79989,21.59607],[84.7962,21.59608],[84.79504,21.59648],[84.79406,21.59735],[84.7932,21.59953]]]}},{"type":"Feature","properties":{"LCODE":"010250024002400141","LOCATION":"THIANAL","V_TYPE":"VILLAGE","BLOCK":"REAMAL","DISTRICT":"DEOGARH"},"geometry":{"type":"Polygon","coordinates":[[[84.47225,21.6028],[84.47275,21.60451],[84.47597,21.60908],[84.47829,21.60878],[84.4828,21.60729],[84.48315,21.60394],[84.48321,21.60216],[84.483,21.60188],[84.47475,21.60198],[84.47267,21.60245],[84.47225,21.6028]]]}},{"type":"Feature","properties":{"LCODE":"010270026002600061","LOCATION":"GOBINDPALI","V_TYPE":"VILLAGE","BLOCK":"TILEIBANI","DISTRICT":"DEOGARH"},"geometry":{"type":"Polygon","coordinates":[[[84.80586,21.60875],[84.80914,21.60888],[84.81522,21.60846],[84.81841,21.6077],[84.81834,21.60604],[84.81933,21.60121],[84.81933,21.59989],[84.81898,21.59902],[84.81467,21.60047],[84.81182,21.60005],[84.80878,21.60272],[84.80638,21.60687],[84.80586,21.60875]]]}},{"type":"Feature","properties":{"LCODE":"010270026002600067","LOCATION":"GUNDEIMARA","V_TYPE":"VILLAGE","BLOCK":"TILEIBANI","DISTRICT":"DEOGARH"},"geometry":{"type":"Polygon","coordinates":[[[84.73955,21.60367],[84.74066,21.60394],[84.74315,21.60526],[84.74529,21.60757],[84.74584,21.60866],[84.7475,21.60769],[84.75081,21.60483],[84.7515,21.60392],[84.75648,21.60482],[84.75707,21.60138],[84.7569,21.59615],[84.75732,21.59322],[84.75604,21.59298],[84.75457,21.59356],[84.75217,21.59224],[84.74966,21.59315],[84.74756,21.5945],[84.74591,21.59476],[84.74344,21.59378],[84.74129,21.59388],[84.73968,21.59294],[84.73993,21.59862],[84.73955,21.60367]]]}},{"type":"Feature","properties":{"LCODE":"010270026002600071","LOCATION":"TUSULA","V_TYPE":"VILLAGE","BLOCK":"TILEIBANI","DISTRICT":"DEOGARH"},"geometry":{"type":"Polygon","coordinates":[[[84.66602,21.59725],[84.6663,21.59802],[84.66996,21.59797],[84.67131,21.59829],[84.6735,21.60008],[84.68037,21.59999],[84.68636,21.60188],[84.68797,21.60265],[84.68822,21.60304],[84.69044,21.6011],[84.69411,21.60068],[84.69627,21.60103],[84.69871,21.60322],[84.69917,21.60499],[84.69828,21.60621],[84.69655,21.6071],[84.70309,21.6076],[84.70673,21.6085],[84.71081,21.6085],[84.71263,21.60625],[84.71349,21.60314],[84.71493,21.60207],[84.7159,21.60194],[84.71708,21.60226],[84.72031,21.60397],[84.72521,21.60477],[84.72619,21.60384],[84.72659,21.60269],[84.72649,21.60085],[84.72465,21.59773],[84.7231,21.59387],[84.72173,21.59332],[84.7202,21.59352],[84.71872,21.59327],[84.71785,21.59283],[84.71566,21.59081],[84.7151,21.59065],[84.70966,21.59386],[84.70641,21.59405],[84.70312,21.59475],[84.69136,21.59522],[84.68873,21.59574],[84.68612,21.59671],[84.68461,21.59766],[84.6797,21.59777],[84.67546,21.59728],[84.67232,21.59632],[84.66667,21.59595],[84.66602,21.59725]]]}},{"type":"Feature","properties":{"LCODE":"010270026002600058","LOCATION":"DANTARIBAHAL","V_TYPE":"VILLAGE","BLOCK":"TILEIBANI","DISTRICT":"DEOGARH"},"geometry":{"type":"Polygon","coordinates":[[[84.81724,21.59236],[84.81877,21.59632],[84.81915,21.59845],[84.81898,21.59902],[84.81933,21.59989],[84.81933,21.60121],[84.81834,21.60604],[84.81841,21.6077],[84.82674,21.6062],[84.83591,21.60577],[84.83521,21.60457],[84.83441,21.60199],[84.83318,21.60027],[84.83349,21.59906],[84.83453,21.59785],[84.83601,21.59509],[84.83711,21.59422],[84.83821,21.59359],[84.84324,21.59237],[84.84428,21.59196],[84.84502,21.59122],[84.84624,21.58753],[84.84778,21.58558],[84.84937,21.58212],[84.85017,21.57873],[84.84986,21.57729],[84.84943,21.57677],[84.84833,21.57643],[84.84649,21.57678],[84.84238,21.57909],[84.84097,21.57949],[84.83042,21.57934],[84.82583,21.58015],[84.82529,21.58056],[84.82545,21.58136],[84.82773,21.58492],[84.82999,21.58641],[84.83067,21.5875],[84.83036,21.58871],[84.83006,21.589],[84.82742,21.58912],[84.8243,21.5916],[84.82276,21.59149],[84.8219,21.59109],[84.81945,21.58913],[84.81805,21.5891],[84.81724,21.59236]]]}},{"type":"Feature","properties":{"LCODE":"010270026002600065","LOCATION":"KANTAPALI","V_TYPE":"VILLAGE","BLOCK":"TILEIBANI","DISTRICT":"DEOGARH"},"geometry":{"type":"Polygon","coordinates":[[[84.76465,21.60606],[84.77958,21.60709],[84.7808,21.60737],[84.78123,21.60576],[84.78105,21.60277],[84.78204,21.59794],[84.78198,21.59361],[84.78112,21.59306],[84.78033,21.59311],[84.77977,21.59409],[84.77989,21.59524],[84.77946,21.59565],[84.77781,21.59496],[84.77682,21.5949],[84.77499,21.59502],[84.77094,21.59589],[84.76751,21.59532],[84.76744,21.59705],[84.76689,21.59935],[84.76541,21.60315],[84.76465,21.60606]]]}},{"type":"Feature","properties":{"LCODE":"010270026002600072","LOCATION":"DANYAKHOL","V_TYPE":"VILLAGE","BLOCK":"TILEIBANI","DISTRICT":"DEOGARH"},"geometry":{"type":"Polygon","coordinates":[[[84.68822,21.60304],[84.68938,21.60554],[84.69149,21.60676],[84.69677,21.60705],[84.69828,21.60621],[84.69917,21.60499],[84.69871,21.60322],[84.69733,21.60176],[84.69627,21.60103],[84.69528,21.60077],[84.69276,21.60071],[84.69044,21.6011],[84.68822,21.60304]]]}},{"type":"Feature","properties":{"LCODE":"010270026002600055","LOCATION":"JAMBUPADAN","V_TYPE":"VILLAGE","BLOCK":"TILEIBANI","DISTRICT":"DEOGARH"},"geometry":{"type":"Polygon","coordinates":[[[84.85872,21.59906],[84.8622,21.60176],[84.86311,21.60395],[84.86327,21.60642],[84.87152,21.60612],[84.87939,21.60479],[84.87851,21.60237],[84.87753,21.60128],[84.87238,21.59916],[84.87157,21.59859],[84.87084,21.59646],[84.8701,21.59548],[84.86925,21.5948],[84.86587,21.59371],[84.86526,21.59314],[84.86281,21.59469],[84.86091,21.59728],[84.85872,21.59906]]]}},{"type":"Feature","properties":{"LCODE":"010270026002600066","LOCATION":"TALKHALI","V_TYPE":"VILLAGE","BLOCK":"TILEIBANI","DISTRICT":"DEOGARH"},"geometry":{"type":"Polygon","coordinates":[[[84.75648,21.60482],[84.76465,21.60606],[84.76541,21.60315],[84.76689,21.59935],[84.76744,21.59705],[84.76751,21.59532],[84.76432,21.59435],[84.75978,21.59436],[84.75732,21.59322],[84.7569,21.59615],[84.75707,21.60138],[84.75648,21.60482]]]}},{"type":"Feature","properties":{"LCODE":"010250024002400140","LOCATION":"BIJADIHI","V_TYPE":"VILLAGE","BLOCK":"REAMAL","DISTRICT":"DEOGARH"},"geometry":{"type":"Polygon","coordinates":[[[84.46216,21.60429],[84.46253,21.60543],[84.46321,21.60572],[84.467,21.60546],[84.46829,21.60563],[84.46927,21.60517],[84.46987,21.60396],[84.4698,21.60247],[84.46899,21.60052],[84.46548,21.59877],[84.46445,21.59906],[84.46396,21.59952],[84.46221,21.60343],[84.46216,21.60429]]]}},{"type":"Feature","properties":{"LCODE":"010270026002600057","LOCATION":"RAMBHEI","V_TYPE":"VILLAGE","BLOCK":"TILEIBANI","DISTRICT":"DEOGARH"},"geometry":{"type":"Polygon","coordinates":[[[84.82752,21.5798],[84.83189,21.57928],[84.84097,21.57949],[84.84238,21.57909],[84.84649,21.57678],[84.84833,21.57643],[84.84943,21.57677],[84.85011,21.57787],[84.85017,21.57873],[84.84937,21.58212],[84.84778,21.58558],[84.84624,21.58753],[84.84502,21.59122],[84.84428,21.59196],[84.84324,21.59237],[84.83821,21.59359],[84.83711,21.59422],[84.83601,21.59509],[84.83453,21.59785],[84.83349,21.59906],[84.83318,21.60027],[84.83441,21.60199],[84.83521,21.60457],[84.83591,21.60577],[84.841,21.60569],[84.84165,21.60422],[84.84355,21.6026],[84.84502,21.60226],[84.84926,21.60254],[84.85201,21.6023],[84.85336,21.60195],[84.85692,21.59982],[84.85882,21.59901],[84.86091,21.59728],[84.86281,21.59469],[84.86507,21.59342],[84.86722,21.58692],[84.86765,21.58313],[84.86752,21.57738],[84.86794,21.57536],[84.86788,21.57191],[84.86843,21.56599],[84.86775,21.55984],[84.86714,21.55756],[84.8642,21.55443],[84.86315,21.55433],[84.85892,21.55755],[84.85696,21.55819],[84.85622,21.55813],[84.85481,21.55727],[84.85176,21.55464],[84.8512,21.55538],[84.85046,21.55538],[84.84795,21.55774],[84.8458,21.55913],[84.84323,21.5604],[84.84084,21.56075],[84.83998,21.56063],[84.83907,21.56],[84.83715,21.5572],[84.83717,21.55753],[84.83594,21.55834],[84.83606,21.56047],[84.8382,21.56568],[84.83968,21.56564],[84.84225,21.56621],[84.84323,21.56713],[84.84391,21.56943],[84.84293,21.57046],[84.84084,21.57121],[84.83815,21.57099],[84.83753,21.57059],[84.83723,21.56971],[84.83379,21.57105],[84.83208,21.57249],[84.82907,21.57664],[84.82828,21.57779],[84.82752,21.5798]]]}},{"type":"Feature","properties":{"LCODE":"010270026002600054","LOCATION":"KHAJURIBAHAL","V_TYPE":"VILLAGE","BLOCK":"TILEIBANI","DISTRICT":"DEOGARH"},"geometry":{"type":"Polygon","coordinates":[[[84.86526,21.59314],[84.86587,21.59371],[84.86925,21.5948],[84.8701,21.59548],[84.87084,21.59646],[84.87157,21.59859],[84.87238,21.59916],[84.87753,21.60128],[84.87851,21.60237],[84.87939,21.60479],[84.88287,21.6038],[84.89194,21.5978],[84.90089,21.59515],[84.89622,21.59296],[84.88763,21.59097],[84.88494,21.59074],[84.88206,21.58764],[84.88187,21.58684],[84.88334,21.5835],[84.88322,21.58206],[84.88282,21.58124],[84.87879,21.58007],[84.87813,21.58213],[84.87801,21.58409],[84.8774,21.58483],[84.87635,21.58472],[84.87421,21.58357],[84.87224,21.58294],[84.86764,21.58261],[84.86722,21.58692],[84.86526,21.59314]]]}},{"type":"Feature","properties":{"LCODE":"010270027002700075","LOCATION":"GOILO","V_TYPE":"VILLAGE","BLOCK":"TILEIBANI","DISTRICT":"DEOGARH"},"geometry":{"type":"Polygon","coordinates":[[[84.63274,21.59204],[84.63331,21.59272],[84.63567,21.59399],[84.63681,21.59592],[84.63736,21.59889],[84.63596,21.60248],[84.63588,21.60409],[84.63625,21.60449],[84.63724,21.6047],[84.63809,21.60433],[84.63936,21.60339],[84.64056,21.60199],[84.64198,21.59707],[84.64313,21.59607],[84.64533,21.59597],[84.64592,21.59469],[84.64807,21.58948],[84.64799,21.58874],[84.64692,21.58715],[84.64669,21.58497],[84.64576,21.58436],[84.64331,21.58447],[84.64029,21.5866],[84.63858,21.58687],[84.6376,21.58672],[84.63697,21.5861],[84.63612,21.58617],[84.63545,21.58693],[84.63274,21.59204]]]}},{"type":"Feature","properties":{"LCODE":"010260024002400046","LOCATION":"FAPANBAHAL","V_TYPE":"VILLAGE","BLOCK":"BARKOTE","DISTRICT":"DEOGARH"},"geometry":{"type":"Polygon","coordinates":[[[84.26958,21.59834],[84.27296,21.60312],[84.27363,21.6034],[84.2746,21.60288],[84.27502,21.6015],[84.27582,21.60063],[84.27612,21.59959],[84.27746,21.59878],[84.27739,21.59723],[84.27818,21.5963],[84.28037,21.59474],[84.28079,21.59318],[84.28143,21.59205],[84.27917,21.58813],[84.27885,21.58561],[84.27793,21.58532],[84.27605,21.5874],[84.27366,21.58805],[84.27268,21.58903],[84.27196,21.59042],[84.27107,21.59577],[84.26958,21.59834]]]}},{"type":"Feature","properties":{"LCODE":"010260024002400047","LOCATION":"GAILMUNDI","V_TYPE":"VILLAGE","BLOCK":"BARKOTE","DISTRICT":"DEOGARH"},"geometry":{"type":"Polygon","coordinates":[[[84.24108,21.59091],[84.24297,21.59344],[84.24818,21.59169],[84.2489,21.5913],[84.25071,21.58933],[84.2515,21.58927],[84.25212,21.58961],[84.25311,21.59133],[84.25661,21.59263],[84.25691,21.59303],[84.25684,21.59358],[84.25893,21.59337],[84.26131,21.59232],[84.26376,21.59179],[84.26456,21.59247],[84.26556,21.59431],[84.26642,21.59516],[84.26636,21.59608],[84.26575,21.59637],[84.26331,21.59639],[84.25957,21.59704],[84.25668,21.59711],[84.25595,21.598],[84.25714,21.5997],[84.25996,21.60066],[84.26107,21.60192],[84.26487,21.60207],[84.26731,21.60091],[84.26926,21.599],[84.27107,21.59577],[84.27196,21.59042],[84.27268,21.58903],[84.27366,21.58805],[84.27605,21.5874],[84.27772,21.58544],[84.27651,21.58395],[84.27479,21.58246],[84.27411,21.58138],[84.27245,21.58018],[84.27226,21.57949],[84.2728,21.5773],[84.27372,21.57583],[84.27272,21.57397],[84.27221,21.57187],[84.27092,21.57018],[84.2703,21.56978],[84.26835,21.57077],[84.26732,21.57181],[84.26225,21.57506],[84.25871,21.57594],[84.25829,21.57629],[84.25829,21.57675],[84.26008,21.57881],[84.25977,21.58008],[84.25899,21.58065],[84.25752,21.58147],[84.25202,21.58345],[84.24962,21.58532],[84.24709,21.5859],[84.24532,21.58692],[84.24219,21.58948],[84.24108,21.59091]]]}},{"type":"Feature","properties":{"LCODE":"010260024002400044","LOCATION":"KHAIRADIHI","V_TYPE":"VILLAGE","BLOCK":"BARKOTE","DISTRICT":"DEOGARH"},"geometry":{"type":"Polygon","coordinates":[[[84.29859,21.5809],[84.29923,21.58566],[84.30148,21.59174],[84.30217,21.5949],[84.30176,21.59737],[84.30143,21.59796],[84.30336,21.59897],[84.30416,21.6004],[84.3049,21.60103],[84.30539,21.60109],[84.30606,21.60068],[84.30825,21.5978],[84.3105,21.596],[84.31081,21.59533],[84.31062,21.59387],[84.30576,21.58178],[84.30551,21.5798],[84.3017,21.57846],[84.2995,21.57905],[84.29871,21.57986],[84.29859,21.5809]]]}},{"type":"Feature","properties":{"LCODE":"010260024002400049","LOCATION":"CHAKULABAHAL","V_TYPE":"VILLAGE","BLOCK":"BARKOTE","DISTRICT":"DEOGARH"},"geometry":{"type":"Polygon","coordinates":[[[84.21705,21.58991],[84.218,21.59536],[84.21744,21.59869],[84.21793,21.60001],[84.21841,21.60047],[84.21921,21.60059],[84.229,21.59835],[84.23188,21.59653],[84.23477,21.59414],[84.23734,21.59289],[84.23998,21.59101],[84.24023,21.5905],[84.2398,21.58993],[84.23759,21.59014],[84.23724,21.58957],[84.23761,21.58773],[84.23829,21.58625],[84.23916,21.58545],[84.23805,21.58378],[84.23738,21.58372],[84.23677,21.58323],[84.23016,21.58448],[84.22588,21.58563],[84.22575,21.58749],[84.22531,21.58841],[84.22458,21.58898],[84.21974,21.58964],[84.21815,21.58957],[84.21705,21.58991]]]}},{"type":"Feature","properties":{"LCODE":"010270026002600060","LOCATION":"BADABAHAL","V_TYPE":"VILLAGE","BLOCK":"TILEIBANI","DISTRICT":"DEOGARH"},"geometry":{"type":"Polygon","coordinates":[[[84.79646,21.58964],[84.79664,21.59055],[84.79817,21.59274],[84.79836,21.59371],[84.79817,21.59446],[84.79691,21.5961],[84.80418,21.59641],[84.80583,21.59744],[84.8097,21.59847],[84.81233,21.6003],[84.81467,21.60047],[84.81895,21.59908],[84.81915,21.59845],[84.81877,21.59632],[84.81724,21.59236],[84.8181,21.58896],[84.81741,21.58742],[84.8162,21.58776],[84.81406,21.58713],[84.81307,21.58719],[84.80357,21.58882],[84.80032,21.58784],[84.79878,21.58796],[84.79654,21.58899],[84.79646,21.58964]]]}},{"type":"Feature","properties":{"LCODE":"010270026002600063","LOCATION":"BAISHNABPALI","V_TYPE":"VILLAGE","BLOCK":"TILEIBANI","DISTRICT":"DEOGARH"},"geometry":{"type":"Polygon","coordinates":[[[84.78197,21.59654],[84.78333,21.598],[84.78566,21.59903],[84.79337,21.6001],[84.7932,21.59953],[84.79406,21.59735],[84.79504,21.59648],[84.79691,21.5961],[84.79817,21.59446],[84.79836,21.59371],[84.79817,21.59274],[84.79664,21.59055],[84.79654,21.58899],[84.79394,21.5905],[84.78922,21.59402],[84.78676,21.59512],[84.78511,21.59535],[84.78198,21.59361],[84.78197,21.59654]]]}},{"type":"Feature","properties":{"LCODE":"010270026002600049","LOCATION":"GURANDIKHOL","V_TYPE":"VILLAGE","BLOCK":"TILEIBANI","DISTRICT":"DEOGARH"},"geometry":{"type":"Polygon","coordinates":[[[84.92365,21.5978],[84.92413,21.59976],[84.92567,21.6001],[84.92806,21.59963],[84.93002,21.59762],[84.93192,21.59641],[84.93192,21.59566],[84.93149,21.59509],[84.9302,21.59532],[84.92395,21.59723],[84.92365,21.5978]]]}},{"type":"Feature","properties":{"LCODE":"010260024002400036","LOCATION":"MUYURNACHEN","V_TYPE":"VILLAGE","BLOCK":"BARKOTE","DISTRICT":"DEOGARH"},"geometry":{"type":"Polygon","coordinates":[[[84.35279,21.59294],[84.3528,21.59415],[84.35367,21.59581],[84.35368,21.59759],[84.35417,21.59879],[84.35522,21.59884],[84.35711,21.59785],[84.35772,21.59791],[84.36005,21.59968],[84.36134,21.59863],[84.36134,21.59789],[84.36034,21.59652],[84.35892,21.59331],[84.3575,21.59211],[84.35626,21.59022],[84.3549,21.58879],[84.35435,21.58903],[84.35279,21.59294]]]}},{"type":"Feature","properties":{"LCODE":"010260024002400038","LOCATION":"KUMBHIACHUAN","V_TYPE":"VILLAGE","BLOCK":"BARKOTE","DISTRICT":"DEOGARH"},"geometry":{"type":"Polygon","coordinates":[[[84.32864,21.59443],[84.32937,21.59704],[84.3298,21.59761],[84.33084,21.59818],[84.33464,21.59873],[84.33727,21.59803],[84.33794,21.59751],[84.3383,21.59607],[84.33798,21.59423],[84.33717,21.59211],[84.33716,21.5897],[84.33666,21.58861],[84.33537,21.5873],[84.33473,21.58413],[84.3313,21.58336],[84.32893,21.58474],[84.3306,21.58882],[84.33073,21.59008],[84.33025,21.5925],[84.32983,21.59336],[84.32864,21.59443]]]}},{"type":"Feature","properties":{"LCODE":"010260024002400031","LOCATION":"KATANGAPANI","V_TYPE":"VILLAGE","BLOCK":"BARKOTE","DISTRICT":"DEOGARH"},"geometry":{"type":"Polygon","coordinates":[[[84.37548,21.57336],[84.37856,21.57625],[84.37924,21.57586],[84.38052,21.57419],[84.38101,21.57436],[84.38151,21.57504],[84.38273,21.57544],[84.38377,21.57503],[84.38543,21.57565],[84.38696,21.57547],[84.38879,21.57603],[84.38995,21.57574],[84.39143,21.57591],[84.39206,21.57935],[84.39301,21.58238],[84.39314,21.58421],[84.39424,21.58484],[84.39474,21.58547],[84.39506,21.58696],[84.39367,21.59012],[84.39233,21.59157],[84.3913,21.59232],[84.39075,21.59239],[84.39044,21.59318],[84.39027,21.59554],[84.39046,21.59663],[84.3909,21.59714],[84.39139,21.59708],[84.39206,21.5965],[84.3923,21.59553],[84.39346,21.59506],[84.3943,21.59356],[84.3954,21.59339],[84.39657,21.59395],[84.39719,21.59584],[84.39837,21.59698],[84.39978,21.59732],[84.40101,21.59817],[84.40211,21.59839],[84.40511,21.59803],[84.40682,21.59722],[84.40876,21.59417],[84.41084,21.5933],[84.41248,21.59214],[84.41296,21.59059],[84.41417,21.58857],[84.41409,21.5868],[84.41322,21.58405],[84.41144,21.58314],[84.40966,21.58309],[84.40832,21.5835],[84.40776,21.58322],[84.40708,21.58202],[84.40687,21.57789],[84.40643,21.57709],[84.40489,21.57589],[84.40385,21.57446],[84.40138,21.57293],[84.40039,21.57035],[84.40051,21.56909],[84.40154,21.56764],[84.39977,21.56863],[84.3994,21.56938],[84.39861,21.57007],[84.39763,21.5699],[84.3926,21.56827],[84.39106,21.5673],[84.38977,21.5661],[84.38863,21.56417],[84.38737,21.56479],[84.38627,21.56497],[84.38406,21.56424],[84.38271,21.56425],[84.37994,21.56509],[84.37936,21.56564],[84.37924,21.5661],[84.37987,21.56822],[84.38067,21.56948],[84.38055,21.56988],[84.37939,21.56972],[84.37548,21.57336]]]}},{"type":"Feature","properties":{"LCODE":"01027002600260rf","LOCATION":"RF","V_TYPE":"FOREST","BLOCK":"TILEIBANI","DISTRICT":"DEOGARH"},"geometry":{"type":"Polygon","coordinates":[[[84.66657,21.59606],[84.67232,21.59632],[84.67546,21.59728],[84.6797,21.59777],[84.68461,21.59766],[84.68612,21.59671],[84.68873,21.59574],[84.69136,21.59522],[84.70312,21.59475],[84.70641,21.59405],[84.70966,21.59386],[84.7151,21.59065],[84.71566,21.59081],[84.71785,21.59283],[84.71872,21.59327],[84.7202,21.59352],[84.72173,21.59332],[84.72519,21.59462],[84.73471,21.5927],[84.73719,21.59144],[84.73812,21.59171],[84.74129,21.59388],[84.74344,21.59378],[84.74591,21.59476],[84.74756,21.5945],[84.74966,21.59315],[84.75217,21.59224],[84.75457,21.59356],[84.75641,21.59298],[84.75978,21.59436],[84.76432,21.59435],[84.77008,21.59589],[84.77174,21.59583],[84.77597,21.5949],[84.77781,21.59496],[84.77977,21.59559],[84.77995,21.59352],[84.78069,21.593],[84.78511,21.59535],[84.78676,21.59512],[84.78922,21.59402],[84.79394,21.5905],[84.79781,21.58825],[84.79878,21.58796],[84.80032,21.58784],[84.80283,21.5887],[84.80479,21.58876],[84.81307,21.58719],[84.81406,21.58713],[84.8162,21.58776],[84.81755,21.58735],[84.81761,21.58695],[84.81522,21.58322],[84.81301,21.57879],[84.81252,21.57701],[84.81013,21.5769],[84.80669,21.57852],[84.80296,21.58077],[84.80087,21.58117],[84.7986,21.58037],[84.79413,21.57957],[84.78174,21.57948],[84.77997,21.57713],[84.77862,21.57621],[84.7769,21.57541],[84.77414,21.5753],[84.77286,21.57484],[84.772,21.573],[84.77065,21.57174],[84.77065,21.57122],[84.77274,21.57001],[84.77328,21.56932],[84.77402,21.56736],[84.77482,21.56667],[84.7758,21.56615],[84.77875,21.56603],[84.77954,21.56563],[84.77985,21.56275],[84.77979,21.55919],[84.78083,21.55704],[84.7744,21.55873],[84.76343,21.56036],[84.75181,21.56123],[84.74952,21.56175],[84.74383,21.56227],[84.73011,21.56284],[84.7204,21.56414],[84.70721,21.5674],[84.70146,21.57063],[84.69891,21.57333],[84.69603,21.57703],[84.68643,21.58026],[84.68232,21.584],[84.6705,21.58943],[84.66792,21.59147],[84.66663,21.59513],[84.66657,21.59606]],[[84.7161,21.58873],[84.71663,21.58757],[84.71827,21.58697],[84.71977,21.58544],[84.72056,21.58502],[84.72313,21.58491],[84.72427,21.58644],[84.72623,21.5864],[84.7271,21.58666],[84.72675,21.58759],[84.72578,21.58801],[84.72295,21.58813],[84.72119,21.5888],[84.71905,21.58879],[84.71679,21.58935],[84.7161,21.58873]],[[84.7086,21.57397],[84.71187,21.57206],[84.71289,21.57101],[84.71392,21.57064],[84.71689,21.57167],[84.71778,21.57332],[84.71788,21.57504],[84.71626,21.57656],[84.71455,21.5766],[84.7098,21.57544],[84.70906,21.57505],[84.70862,21.57448],[84.7086,21.57397]]]}},{"type":"Feature","properties":{"LCODE":"010260024002400048","LOCATION":"BAINJARIBAHAL","V_TYPE":"VILLAGE","BLOCK":"BARKOTE","DISTRICT":"DEOGARH"},"geometry":{"type":"Polygon","coordinates":[[[84.25601,21.59511],[84.25669,21.59654],[84.25668,21.59711],[84.25957,21.59704],[84.26331,21.59639],[84.26575,21.59637],[84.26636,21.59608],[84.26654,21.59568],[84.26456,21.59247],[84.26376,21.59179],[84.26131,21.59232],[84.25893,21.59337],[84.25684,21.59358],[84.25601,21.59511]]]}},{"type":"Feature","properties":{"LCODE":"010260024002400027","LOCATION":"BHALUCHUAN (BAD)","V_TYPE":"VILLAGE","BLOCK":"BARKOTE","DISTRICT":"DEOGARH"},"geometry":{"type":"Polygon","coordinates":[[[84.44603,21.58409],[84.44659,21.58501],[84.44751,21.58563],[84.44953,21.58608],[84.45132,21.58687],[84.45218,21.5879],[84.45245,21.5922],[84.45309,21.59534],[84.45364,21.59597],[84.45432,21.59585],[84.45609,21.59407],[84.45844,21.58993],[84.45935,21.58906],[84.46403,21.58615],[84.46391,21.58359],[84.46461,21.58089],[84.46455,21.57946],[84.46084,21.57495],[84.46023,21.57473],[84.45888,21.57496],[84.45786,21.57829],[84.45628,21.57876],[84.45519,21.58095],[84.45477,21.58118],[84.45293,21.58107],[84.45061,21.58217],[84.44621,21.58246],[84.44603,21.58409]]]}},{"type":"Feature","properties":{"LCODE":"010260024002400039","LOCATION":"BANDHABAHAL","V_TYPE":"VILLAGE","BLOCK":"BARKOTE","DISTRICT":"DEOGARH"},"geometry":{"type":"Polygon","coordinates":[[[84.32439,21.58983],[84.32487,21.59299],[84.32531,21.59419],[84.32629,21.59533],[84.32752,21.59521],[84.32983,21.59336],[84.33067,21.591],[84.33073,21.59008],[84.3306,21.58882],[84.32893,21.58474],[84.32788,21.58539],[84.32649,21.58764],[84.32607,21.58896],[84.32439,21.58983]]]}},{"type":"Feature","properties":{"LCODE":"010260024002400042","LOCATION":"KARMALOI","V_TYPE":"VILLAGE","BLOCK":"BARKOTE","DISTRICT":"DEOGARH"},"geometry":{"type":"Polygon","coordinates":[[[84.30544,21.58011],[84.30576,21.58178],[84.30986,21.59169],[84.31081,21.59533],[84.31171,21.59404],[84.31226,21.59404],[84.31141,21.58416],[84.31304,21.58122],[84.31341,21.57885],[84.31216,21.57829],[84.31082,21.57813],[84.3069,21.57832],[84.30605,21.57867],[84.30544,21.58011]]]}},{"type":"Feature","properties":{"LCODE":"010270026002600051","LOCATION":"KANCHHADA","V_TYPE":"VILLAGE","BLOCK":"TILEIBANI","DISTRICT":"DEOGARH"},"geometry":{"type":"Polygon","coordinates":[[[84.88715,21.59028],[84.88715,21.59091],[84.89622,21.59296],[84.90089,21.59515],[84.90172,21.59502],[84.90389,21.58789],[84.90167,21.58548],[84.90106,21.58519],[84.89879,21.58508],[84.89407,21.58429],[84.8926,21.58377],[84.89134,21.58285],[84.89088,21.58366],[84.89076,21.58481],[84.89107,21.5855],[84.8904,21.58723],[84.88745,21.58965],[84.88715,21.59028]]]}},{"type":"Feature","properties":{"LCODE":"010270026002600050","LOCATION":"RANGAMATIA","V_TYPE":"VILLAGE","BLOCK":"TILEIBANI","DISTRICT":"DEOGARH"},"geometry":{"type":"Polygon","coordinates":[[[84.90172,21.59502],[84.90432,21.5945],[84.91303,21.59437],[84.91702,21.59379],[84.92002,21.59269],[84.92431,21.58935],[84.92393,21.5886],[84.92197,21.58751],[84.92007,21.58597],[84.91853,21.58407],[84.91737,21.58384],[84.90389,21.58789],[84.90172,21.59502]]]}},{"type":"Feature","properties":{"LCODE":"010260024002400041","LOCATION":"MAHALINGKUDAR","V_TYPE":"VILLAGE","BLOCK":"BARKOTE","DISTRICT":"DEOGARH"},"geometry":{"type":"Polygon","coordinates":[[[84.31136,21.58519],[84.31226,21.59404],[84.31429,21.59408],[84.31551,21.59373],[84.31831,21.59211],[84.32098,21.59184],[84.32051,21.59112],[84.32057,21.5906],[84.32136,21.58956],[84.3213,21.58904],[84.32043,21.58773],[84.32011,21.58635],[84.31852,21.58573],[84.31852,21.58515],[84.31882,21.58486],[84.31974,21.58469],[84.31948,21.58262],[84.31824,21.58015],[84.31738,21.57947],[84.31341,21.57885],[84.31304,21.58122],[84.31141,21.58416],[84.31136,21.58519]]]}},{"type":"Feature","properties":{"LCODE":"010260024002400037","LOCATION":"BADAKACHHAR","V_TYPE":"VILLAGE","BLOCK":"BARKOTE","DISTRICT":"DEOGARH"},"geometry":{"type":"Polygon","coordinates":[[[84.33473,21.58413],[84.33537,21.5873],[84.33666,21.58861],[84.33728,21.59022],[84.33719,21.59099],[84.34043,21.59393],[84.3411,21.59393],[84.34219,21.59082],[84.34376,21.58851],[84.34363,21.58176],[84.34152,21.58347],[84.34079,21.58342],[84.3392,21.58268],[84.33558,21.5823],[84.3351,21.58402],[84.33473,21.58413]]]}},{"type":"Feature","properties":{"LCODE":"010260024002400035","LOCATION":"SAREI","V_TYPE":"VILLAGE","BLOCK":"BARKOTE","DISTRICT":"DEOGARH"},"geometry":{"type":"Polygon","coordinates":[[[84.34186,21.59151],[84.34557,21.59373],[84.34612,21.59373],[84.34777,21.59257],[84.34995,21.58974],[84.35105,21.58916],[84.35459,21.58811],[84.35906,21.58774],[84.36408,21.58777],[84.36588,21.5823],[84.366,21.58087],[84.36549,21.57932],[84.36469,21.57823],[84.36125,21.57624],[84.3588,21.57626],[84.35696,21.57552],[84.35622,21.5757],[84.3511,21.57934],[84.34421,21.58139],[84.34363,21.58176],[84.34376,21.58851],[84.34186,21.59151]]]}},{"type":"Feature","properties":{"LCODE":"010260024002400052","LOCATION":"DALDALI","V_TYPE":"VILLAGE","BLOCK":"BARKOTE","DISTRICT":"DEOGARH"},"geometry":{"type":"Polygon","coordinates":[[[84.19341,21.59328],[84.19832,21.59319],[84.20322,21.59178],[84.20855,21.58975],[84.21455,21.58806],[84.2148,21.58766],[84.21358,21.58691],[84.21364,21.58645],[84.21481,21.58582],[84.21725,21.58572],[84.2178,21.58515],[84.21793,21.58481],[84.21684,21.58337],[84.2169,21.58176],[84.21561,21.5817],[84.21513,21.58118],[84.21532,21.57975],[84.2149,21.579],[84.21325,21.57801],[84.2119,21.57824],[84.20921,21.57965],[84.20621,21.58067],[84.20449,21.58066],[84.19966,21.58149],[84.19886,21.58217],[84.19688,21.58572],[84.19341,21.59328]]]}},{"type":"Feature","properties":{"LCODE":"010260024002400033","LOCATION":"GAILMUNDA","V_TYPE":"VILLAGE","BLOCK":"BARKOTE","DISTRICT":"DEOGARH"},"geometry":{"type":"Polygon","coordinates":[[[84.37667,21.58831],[84.37835,21.58872],[84.38013,21.58997],[84.38247,21.59099],[84.38473,21.59012],[84.38541,21.59034],[84.38609,21.59183],[84.38798,21.59113],[84.39075,21.59239],[84.3913,21.59232],[84.39233,21.59157],[84.39367,21.59012],[84.39506,21.58696],[84.39499,21.5861],[84.39424,21.58484],[84.39314,21.58421],[84.39302,21.58468],[84.39156,21.58629],[84.39088,21.58618],[84.38596,21.58305],[84.38376,21.58238],[84.38057,21.58211],[84.37923,21.58245],[84.37948,21.5828],[84.37949,21.5851],[84.37816,21.58723],[84.37667,21.58831]]]}},{"type":"Feature","properties":{"LCODE":"010260024002400026","LOCATION":"BAGHIACHUAN","V_TYPE":"VILLAGE","BLOCK":"BARKOTE","DISTRICT":"DEOGARH"},"geometry":{"type":"Polygon","coordinates":[[[84.46385,21.58485],[84.46437,21.58915],[84.46409,21.59236],[84.46611,21.59206],[84.46874,21.5921],[84.47009,21.59158],[84.47032,21.59125],[84.47026,21.59043],[84.4695,21.58643],[84.46973,21.58551],[84.47173,21.5824],[84.47142,21.58137],[84.4705,21.58103],[84.46824,21.58173],[84.46762,21.58162],[84.46596,21.58014],[84.46547,21.57986],[84.46504,21.58003],[84.46464,21.58055],[84.46444,21.58198],[84.46402,21.58285],[84.46385,21.58485]]]}},{"type":"Feature","properties":{"LCODE":"010260024002400045","LOCATION":"PUKUDA","V_TYPE":"VILLAGE","BLOCK":"BARKOTE","DISTRICT":"DEOGARH"},"geometry":{"type":"Polygon","coordinates":[[[84.27226,21.57949],[84.27282,21.58064],[84.27411,21.58138],[84.27479,21.58246],[84.27651,21.58395],[84.27772,21.58544],[84.27818,21.58532],[84.27885,21.58561],[84.27917,21.58813],[84.28143,21.59205],[84.28341,21.59064],[84.2869,21.59027],[84.28885,21.5886],[84.29178,21.58743],[84.29343,21.58621],[84.29642,21.58516],[84.29891,21.58302],[84.29866,21.58024],[84.2973,21.57987],[84.29633,21.57993],[84.29583,21.57959],[84.29552,21.5783],[84.29442,21.57896],[84.29185,21.57973],[84.28958,21.57928],[84.28823,21.57871],[84.28719,21.5778],[84.28669,21.57648],[84.28718,21.57596],[84.28956,21.57468],[84.28979,21.57416],[84.28918,21.57336],[84.28667,21.57349],[84.28014,21.5768],[84.2766,21.57768],[84.27464,21.57752],[84.27402,21.57684],[84.27419,21.5758],[84.27352,21.57586],[84.2728,21.5773],[84.27226,21.57949]]]}},{"type":"Feature","properties":{"LCODE":"010260024002400040","LOCATION":"KASADA","V_TYPE":"VILLAGE","BLOCK":"BARKOTE","DISTRICT":"DEOGARH"},"geometry":{"type":"Polygon","coordinates":[[[84.30619,21.57861],[84.3088,21.57808],[84.31216,21.57829],[84.31413,21.57909],[84.31664,21.57924],[84.31824,21.58015],[84.31948,21.58262],[84.31974,21.58469],[84.31882,21.58486],[84.31852,21.58515],[84.31852,21.58573],[84.32011,21.58635],[84.32043,21.58773],[84.3213,21.58904],[84.32136,21.58956],[84.32057,21.5906],[84.32051,21.59112],[84.32098,21.59184],[84.32607,21.58896],[84.32649,21.58764],[84.32788,21.58539],[84.32965,21.58446],[84.33075,21.58353],[84.33203,21.58335],[84.33467,21.58414],[84.3351,21.58402],[84.33558,21.5823],[84.33595,21.58224],[84.3392,21.58268],[84.34095,21.58343],[84.34084,21.58221],[84.34144,21.57934],[84.34356,21.57668],[84.3449,21.5757],[84.34538,21.57466],[84.34806,21.57166],[84.34866,21.57063],[84.34896,21.56913],[84.34884,21.56879],[84.34785,21.56822],[84.34515,21.56772],[84.34467,21.56726],[84.34402,21.56158],[84.34409,21.55974],[84.34321,21.56003],[84.34167,21.55981],[84.34082,21.55999],[84.34039,21.56062],[84.34084,21.56223],[84.33999,21.5643],[84.33725,21.5665],[84.3364,21.56788],[84.33439,21.56852],[84.3339,21.56921],[84.33153,21.57072],[84.33111,21.57221],[84.33056,21.57262],[84.32983,21.57274],[84.32805,21.5724],[84.32633,21.57287],[84.32504,21.57225],[84.32377,21.57352],[84.32212,21.57376],[84.31641,21.57224],[84.3065,21.57407],[84.30619,21.57861]]]}},{"type":"Feature","properties":{"LCODE":"01026002400240rf","LOCATION":"RF","V_TYPE":"FOREST","BLOCK":"BARKOTE","DISTRICT":"DEOGARH"},"geometry":{"type":"Polygon","coordinates":[[[84.18544,21.55507],[84.18638,21.55674],[84.18864,21.55669],[84.18925,21.55762],[84.18955,21.55871],[84.18899,21.56134],[84.1896,21.56181],[84.19405,21.5639],[84.19534,21.56414],[84.19815,21.56358],[84.20052,21.56595],[84.19934,21.56973],[84.20093,21.57025],[84.20025,21.57323],[84.19908,21.57328],[84.1937,21.57532],[84.1916,21.57748],[84.19105,21.57857],[84.1908,21.57978],[84.19202,21.57978],[84.19171,21.58104],[84.19078,21.58287],[84.1904,21.58655],[84.19332,21.58897],[84.19399,21.58984],[84.19421,21.59175],[84.19688,21.58572],[84.19886,21.58217],[84.19966,21.58149],[84.20449,21.58066],[84.20621,21.58067],[84.20921,21.57965],[84.2119,21.57824],[84.21325,21.57801],[84.2149,21.579],[84.21532,21.57975],[84.21513,21.58118],[84.21561,21.5817],[84.21654,21.58188],[84.21721,21.58165],[84.21801,21.57919],[84.21877,21.57426],[84.22147,21.57061],[84.22123,21.5698],[84.2202,21.56894],[84.21916,21.56727],[84.21905,21.56612],[84.21997,21.56389],[84.22403,21.5595],[84.22538,21.55739],[84.22466,21.55515],[84.22472,21.55452],[84.2254,21.55395],[84.22882,21.55311],[84.23005,21.55312],[84.23274,21.55107],[84.23324,21.54975],[84.23309,21.54951],[84.23471,21.54879],[84.23527,21.54782],[84.23534,21.54552],[84.23455,21.54202],[84.23505,21.54036],[84.23463,21.53893],[84.2347,21.53767],[84.23691,21.53424],[84.2371,21.53338],[84.23649,21.53206],[84.23772,21.53184],[84.2379,21.53012],[84.23717,21.52931],[84.2373,21.52828],[84.23683,21.52777],[84.23644,21.52787],[84.23589,21.52873],[84.23443,21.52866],[84.22638,21.52413],[84.22467,21.52252],[84.22266,21.5218],[84.2205,21.52627],[84.22006,21.52805],[84.22163,21.53408],[84.22491,21.53835],[84.22552,21.5395],[84.22558,21.54024],[84.22508,21.54093],[84.22417,21.54138],[84.21774,21.543],[84.21016,21.54427],[84.20606,21.54367],[84.20042,21.54215],[84.20056,21.543],[84.20148,21.54432],[84.20219,21.54674],[84.20341,21.54841],[84.20365,21.55013],[84.20469,21.55043],[84.2064,21.55009],[84.20737,21.55039],[84.20957,21.55206],[84.20968,21.55614],[84.20912,21.5578],[84.20911,21.55935],[84.20947,21.56026],[84.20782,21.56095],[84.20562,21.5611],[84.20061,21.56067],[84.19359,21.55776],[84.19115,21.55608],[84.18798,21.55491],[84.18676,21.55479],[84.18544,21.55507]]]}},{"type":"Feature","properties":{"LCODE":"010270026002600059","LOCATION":"KUSUMKATA","V_TYPE":"VILLAGE","BLOCK":"TILEIBANI","DISTRICT":"DEOGARH"},"geometry":{"type":"Polygon","coordinates":[[[84.81514,21.58304],[84.81743,21.58655],[84.81761,21.58695],[84.81741,21.58742],[84.81805,21.5891],[84.81945,21.58913],[84.82276,21.59149],[84.82478,21.59142],[84.82742,21.58912],[84.83006,21.589],[84.83061,21.58825],[84.83067,21.5875],[84.82999,21.58641],[84.82773,21.58492],[84.82693,21.58389],[84.82545,21.58136],[84.82529,21.58056],[84.81514,21.58304]]]}},{"type":"Feature","properties":{"LCODE":"010250024002400143","LOCATION":"DHUDIKHOL","V_TYPE":"VILLAGE","BLOCK":"REAMAL","DISTRICT":"DEOGARH"},"geometry":{"type":"Polygon","coordinates":[[[84.4695,21.58643],[84.47032,21.59125],[84.47057,21.59095],[84.47155,21.59088],[84.47517,21.59126],[84.47932,21.59015],[84.48128,21.59043],[84.48261,21.58858],[84.48326,21.58554],[84.48681,21.58082],[84.48537,21.58124],[84.48166,21.58406],[84.47807,21.58603],[84.47543,21.58593],[84.47433,21.58548],[84.4726,21.58366],[84.47147,21.58292],[84.47015,21.58476],[84.4695,21.58643]]]}},{"type":"Feature","properties":{"LCODE":"010270026002600052","LOCATION":"CHAKULIA","V_TYPE":"VILLAGE","BLOCK":"TILEIBANI","DISTRICT":"DEOGARH"},"geometry":{"type":"Polygon","coordinates":[[[84.88187,21.58684],[84.88206,21.58764],[84.88494,21.59074],[84.88715,21.59091],[84.88745,21.58965],[84.8904,21.58723],[84.89082,21.58642],[84.89107,21.5855],[84.89076,21.58481],[84.89088,21.58366],[84.89134,21.58285],[84.89014,21.58194],[84.88763,21.58091],[84.88646,21.58079],[84.88282,21.58124],[84.88322,21.58206],[84.88334,21.5835],[84.88187,21.58684]]]}},{"type":"Feature","properties":{"LCODE":"010270026002600134","LOCATION":"BITEIJHARAN","V_TYPE":"VILLAGE","BLOCK":"TILEIBANI","DISTRICT":"DEOGARH"},"geometry":{"type":"Polygon","coordinates":[[[84.7161,21.58873],[84.71679,21.58935],[84.71905,21.58879],[84.72119,21.5888],[84.72295,21.58813],[84.72578,21.58801],[84.72675,21.58759],[84.7271,21.58666],[84.72623,21.5864],[84.72427,21.58644],[84.72313,21.58491],[84.72056,21.58502],[84.71977,21.58544],[84.71827,21.58697],[84.71663,21.58757],[84.7161,21.58873]]]}},{"type":"Feature","properties":{"LCODE":"010260024002400034","LOCATION":"BHALUCHUAN(SAN)","V_TYPE":"VILLAGE","BLOCK":"BARKOTE","DISTRICT":"DEOGARH"},"geometry":{"type":"Polygon","coordinates":[[[84.3588,21.57626],[84.36125,21.57624],[84.36469,21.57823],[84.36549,21.57932],[84.366,21.58087],[84.36588,21.5823],[84.36408,21.58777],[84.36806,21.58815],[84.37265,21.58743],[84.37667,21.58831],[84.37816,21.58723],[84.37949,21.5851],[84.37948,21.5828],[84.37639,21.57863],[84.37632,21.57783],[84.37681,21.57719],[84.37856,21.57625],[84.37548,21.57336],[84.37206,21.57314],[84.37164,21.57349],[84.37096,21.57349],[84.36961,21.57304],[84.3676,21.57397],[84.36607,21.57358],[84.36485,21.57398],[84.36393,21.57382],[84.3635,21.57434],[84.36216,21.57469],[84.36063,21.57401],[84.35927,21.57273],[84.35903,21.57361],[84.35941,21.57505],[84.3588,21.57626]]]}},{"type":"Feature","properties":{"LCODE":"010260024002400029","LOCATION":"JUNANI","V_TYPE":"VILLAGE","BLOCK":"BARKOTE","DISTRICT":"DEOGARH"},"geometry":{"type":"Polygon","coordinates":[[[84.43061,21.57621],[84.43198,21.57947],[84.43241,21.57987],[84.43425,21.58009],[84.43443,21.58049],[84.43456,21.581],[84.43432,21.58158],[84.43341,21.5825],[84.43251,21.58497],[84.43288,21.58629],[84.43331,21.58663],[84.43442,21.58668],[84.43569,21.58547],[84.43908,21.57972],[84.44144,21.57649],[84.44163,21.57603],[84.44106,21.57426],[84.44101,21.57256],[84.43927,21.57157],[84.43816,21.57141],[84.43339,21.57138],[84.43198,21.57173],[84.4313,21.57233],[84.4315,21.57322],[84.43061,21.57621]]]}},{"type":"Feature","properties":{"LCODE":"010270027002700076","LOCATION":"CHIGNUDIJHARAN","V_TYPE":"VILLAGE","BLOCK":"TILEIBANI","DISTRICT":"DEOGARH"},"geometry":{"type":"Polygon","coordinates":[[[84.62276,21.58398],[84.62311,21.58576],[84.62355,21.58626],[84.6249,21.58647],[84.62594,21.58627],[84.62678,21.58551],[84.62717,21.58349],[84.62691,21.58281],[84.62591,21.58179],[84.62486,21.58153],[84.62328,21.58248],[84.62276,21.58398]]]}},{"type":"Feature","properties":{"LCODE":"010260024002400032","LOCATION":"JALIKHOL","V_TYPE":"VILLAGE","BLOCK":"BARKOTE","DISTRICT":"DEOGARH"},"geometry":{"type":"Polygon","coordinates":[[[84.37632,21.57783],[84.37639,21.57863],[84.37688,21.57954],[84.37923,21.58245],[84.38216,21.5821],[84.38596,21.58305],[84.39088,21.58618],[84.39156,21.58629],[84.39302,21.58468],[84.39326,21.5837],[84.39143,21.57591],[84.38995,21.57574],[84.38879,21.57603],[84.38696,21.57547],[84.38543,21.57565],[84.38377,21.57503],[84.38273,21.57544],[84.38151,21.57504],[84.38101,21.57436],[84.38052,21.57419],[84.37924,21.57586],[84.37681,21.57719],[84.37632,21.57783]]]}},{"type":"Feature","properties":{"LCODE":"010250024002400144","LOCATION":"GOPALPALI","V_TYPE":"VILLAGE","BLOCK":"REAMAL","DISTRICT":"DEOGARH"},"geometry":{"type":"Polygon","coordinates":[[[84.47218,21.58338],[84.47433,21.58548],[84.47543,21.58593],[84.47807,21.58603],[84.48166,21.58406],[84.48537,21.58124],[84.48681,21.58082],[84.48702,21.58037],[84.48669,21.57808],[84.487,21.57745],[84.48974,21.57514],[84.48941,21.57245],[84.48904,21.57228],[84.48617,21.57264],[84.48489,21.5731],[84.48184,21.57598],[84.47813,21.57864],[84.478,21.5785],[84.47541,21.58347],[84.47218,21.58338]]]}},{"type":"Feature","properties":{"LCODE":"010260024002400050","LOCATION":"BALICHUAN","V_TYPE":"VILLAGE","BLOCK":"BARKOTE","DISTRICT":"DEOGARH"},"geometry":{"type":"Polygon","coordinates":[[[84.23524,21.57839],[84.23634,21.58262],[84.23738,21.58372],[84.23805,21.58378],[84.23916,21.58545],[84.24129,21.58603],[84.24232,21.58524],[84.24318,21.58593],[84.24551,21.58474],[84.24637,21.58383],[84.24683,21.57512],[84.24194,21.57469],[84.24029,21.57525],[84.2393,21.57863],[84.23524,21.57839]]]}},{"type":"Feature","properties":{"LCODE":"010260024002400051","LOCATION":"KULUNDA","V_TYPE":"VILLAGE","BLOCK":"BARKOTE","DISTRICT":"DEOGARH"},"geometry":{"type":"Polygon","coordinates":[[[84.21732,21.58138],[84.22405,21.58238],[84.2257,21.58394],[84.22588,21.58563],[84.23016,21.58448],[84.23677,21.58323],[84.23634,21.58262],[84.23524,21.57839],[84.22958,21.57805],[84.22916,21.57685],[84.22818,21.5761],[84.22604,21.57488],[84.22385,21.57424],[84.22373,21.57137],[84.22689,21.56926],[84.22535,21.56541],[84.22395,21.56328],[84.22392,21.55962],[84.21997,21.56389],[84.21936,21.56503],[84.21905,21.56612],[84.21916,21.56727],[84.2202,21.56894],[84.22123,21.5698],[84.22147,21.57061],[84.21877,21.57426],[84.21801,21.57919],[84.21732,21.58138]]]}},{"type":"Feature","properties":{"LCODE":"010270026002600053","LOCATION":"SIRADIHI [BAD]","V_TYPE":"VILLAGE","BLOCK":"TILEIBANI","DISTRICT":"DEOGARH"},"geometry":{"type":"Polygon","coordinates":[[[84.86752,21.57738],[84.86764,21.58261],[84.87224,21.58294],[84.87421,21.58357],[84.87635,21.58472],[84.8774,21.58483],[84.87782,21.58455],[84.87813,21.58213],[84.87879,21.58007],[84.8761,21.57868],[84.87595,21.57816],[84.87549,21.57782],[84.86792,21.57562],[84.86752,21.57738]]]}},{"type":"Feature","properties":{"LCODE":"010260024002400030","LOCATION":"KALAPAT","V_TYPE":"VILLAGE","BLOCK":"BARKOTE","DISTRICT":"DEOGARH"},"geometry":{"type":"Polygon","coordinates":[[[84.42312,21.58233],[84.42332,21.5837],[84.42497,21.58398],[84.42662,21.58368],[84.42765,21.58265],[84.42844,21.58109],[84.42831,21.57995],[84.4291,21.57903],[84.42921,21.57788],[84.42841,21.57599],[84.42686,21.57531],[84.42607,21.57526],[84.42522,21.57555],[84.4243,21.5763],[84.42358,21.57734],[84.42334,21.57825],[84.42397,21.58026],[84.42312,21.58233]]]}},{"type":"Feature","properties":{"LCODE":"010260024002400080","LOCATION":"BARHAMUNDA","V_TYPE":"VILLAGE","BLOCK":"BARKOTE","DISTRICT":"DEOGARH"},"geometry":{"type":"Polygon","coordinates":[[[84.45829,21.56935],[84.45888,21.57496],[84.46023,21.57473],[84.46084,21.57495],[84.46411,21.57878],[84.46455,21.57946],[84.46464,21.58055],[84.46547,21.57986],[84.46725,21.58145],[84.46824,21.58173],[84.47099,21.58109],[84.47166,21.58177],[84.47147,21.58292],[84.47218,21.58338],[84.47541,21.58347],[84.478,21.5785],[84.47517,21.57539],[84.47392,21.57145],[84.47367,21.56811],[84.47266,21.56641],[84.47204,21.56595],[84.46774,21.56483],[84.46523,21.56347],[84.46136,21.56053],[84.46049,21.5616],[84.46008,21.56275],[84.45892,21.56322],[84.45935,21.56413],[84.45869,21.56505],[84.45913,21.56694],[84.45829,21.56935]]]}},{"type":"Feature","properties":{"LCODE":"010260024002400068","LOCATION":"LANGABAHAL(BAD)","V_TYPE":"VILLAGE","BLOCK":"BARKOTE","DISTRICT":"DEOGARH"},"geometry":{"type":"Polygon","coordinates":[[[84.34084,21.58221],[84.34095,21.58343],[84.34152,21.58347],[84.34421,21.58139],[84.3511,21.57934],[84.35622,21.5757],[84.35696,21.57552],[84.3588,21.57626],[84.35917,21.57579],[84.35941,21.57505],[84.35903,21.57361],[84.35915,21.57298],[84.35957,21.57212],[84.36106,21.57068],[84.36084,21.56987],[84.36136,21.56545],[84.36061,21.56316],[84.3595,21.56098],[84.35813,21.55886],[84.35709,21.55795],[84.35636,21.55899],[84.35557,21.55911],[84.35397,21.5586],[84.35277,21.55958],[84.35401,21.56417],[84.35341,21.5663],[84.34994,21.56867],[84.34894,21.56907],[84.34866,21.57063],[84.34806,21.57166],[84.34538,21.57466],[84.3449,21.5757],[84.34356,21.57668],[84.34144,21.57934],[84.34084,21.58221]]]}},{"type":"Feature","properties":{"LCODE":"010270026002600139","LOCATION":"BRUNDABANPUR","V_TYPE":"VILLAGE","BLOCK":"TILEIBANI","DISTRICT":"DEOGARH"},"geometry":{"type":"Polygon","coordinates":[[[84.8097,21.56534],[84.81056,21.56799],[84.8105,21.57029],[84.81154,21.57144],[84.81295,21.57241],[84.81381,21.57373],[84.81406,21.57494],[84.81356,21.57615],[84.81261,21.57736],[84.81301,21.57879],[84.81514,21.58304],[84.82529,21.58056],[84.82583,21.58015],[84.82752,21.5798],[84.82828,21.57779],[84.833,21.57157],[84.8373,21.56968],[84.83826,21.56696],[84.83826,21.56616],[84.83814,21.56529],[84.83606,21.56047],[84.83594,21.5588],[84.83594,21.55834],[84.83717,21.55753],[84.83715,21.5572],[84.83592,21.55656],[84.82588,21.55945],[84.82423,21.56009],[84.82024,21.56251],[84.81773,21.56309],[84.80975,21.56348],[84.8097,21.56534]]]}},{"type":"Feature","properties":{"LCODE":"010260024002400028","LOCATION":"JUNADIHI","V_TYPE":"VILLAGE","BLOCK":"BARKOTE","DISTRICT":"DEOGARH"},"geometry":{"type":"Polygon","coordinates":[[[84.44487,21.57556],[84.44621,21.58246],[84.45061,21.58217],[84.45293,21.58107],[84.45477,21.58118],[84.45561,21.58037],[84.45628,21.57876],[84.45786,21.57829],[84.45853,21.57628],[84.45888,21.57393],[84.45829,21.56935],[84.45847,21.56847],[84.45571,21.56862],[84.45228,21.56778],[84.44876,21.56768],[84.44501,21.57246],[84.44487,21.57556]]]}},{"type":"Feature","properties":{"LCODE":"010270026002600138","LOCATION":"UTUNIAMUNDA","V_TYPE":"VILLAGE","BLOCK":"TILEIBANI","DISTRICT":"DEOGARH"},"geometry":{"type":"Polygon","coordinates":[[[84.79488,21.56363],[84.79585,21.57118],[84.79499,21.57526],[84.79523,21.57975],[84.7986,21.58037],[84.80087,21.58117],[84.80173,21.58117],[84.8037,21.58042],[84.80903,21.57731],[84.81099,21.57678],[84.81252,21.57701],[84.81261,21.57736],[84.81307,21.57695],[84.81406,21.57494],[84.81381,21.57373],[84.81295,21.57241],[84.81154,21.57144],[84.8105,21.57029],[84.81056,21.56799],[84.8097,21.56534],[84.80975,21.56348],[84.80584,21.56202],[84.80106,21.56179],[84.79763,21.5626],[84.79488,21.56363]]]}},{"type":"Feature","properties":{"LCODE":"010260024002400043","LOCATION":"BANDHAMAL","V_TYPE":"VILLAGE","BLOCK":"BARKOTE","DISTRICT":"DEOGARH"},"geometry":{"type":"Polygon","coordinates":[[[84.29552,21.5783],[84.29583,21.57959],[84.29633,21.57993],[84.2973,21.57987],[84.29866,21.58024],[84.29871,21.57986],[84.2995,21.57905],[84.3017,21.57846],[84.30551,21.5798],[84.30619,21.57861],[84.30647,21.57718],[84.30673,21.57085],[84.30656,21.56847],[84.30354,21.56869],[84.3028,21.56903],[84.30141,21.57122],[84.30075,21.57284],[84.29729,21.577],[84.29552,21.5783]]]}},{"type":"Feature","properties":{"LCODE":"010270026002600135","LOCATION":"NAGADIHI","V_TYPE":"VILLAGE","BLOCK":"TILEIBANI","DISTRICT":"DEOGARH"},"geometry":{"type":"Polygon","coordinates":[[[84.77189,21.57289],[84.77286,21.57484],[84.77414,21.5753],[84.7769,21.57541],[84.77862,21.57621],[84.77997,21.57713],[84.78174,21.57948],[84.78426,21.57965],[84.78763,21.57936],[84.79523,21.57975],[84.79499,21.57526],[84.79581,21.57073],[84.79309,21.57026],[84.78831,21.56998],[84.77347,21.57288],[84.77189,21.57289]]]}},{"type":"Feature","properties":{"LCODE":"010270026002600146","LOCATION":"SIRDIHI [SAN]","V_TYPE":"VILLAGE","BLOCK":"TILEIBANI","DISTRICT":"DEOGARH"},"geometry":{"type":"Polygon","coordinates":[[[84.86788,21.57456],[84.86792,21.57562],[84.87101,21.57639],[84.87595,21.57816],[84.8769,21.57765],[84.87763,21.57627],[84.87775,21.57247],[84.87744,21.5704],[84.87621,21.56862],[84.87637,21.56836],[84.87254,21.56978],[84.8688,21.5722],[84.86797,21.57284],[84.86788,21.57456]]]}},{"type":"Feature","properties":{"LCODE":"010270026002600133","LOCATION":"KAIDANTA","V_TYPE":"VILLAGE","BLOCK":"TILEIBANI","DISTRICT":"DEOGARH"},"geometry":{"type":"Polygon","coordinates":[[[84.7086,21.57397],[84.70862,21.57448],[84.70906,21.57505],[84.7098,21.57544],[84.71455,21.5766],[84.71626,21.57656],[84.71788,21.57504],[84.71778,21.57332],[84.71689,21.57167],[84.71392,21.57064],[84.71289,21.57101],[84.71187,21.57206],[84.7086,21.57397]]]}},{"type":"Feature","properties":{"LCODE":"010260024002400095","LOCATION":"LEDIMAHUL","V_TYPE":"VILLAGE","BLOCK":"BARKOTE","DISTRICT":"DEOGARH"},"geometry":{"type":"Polygon","coordinates":[[[84.27221,21.57187],[84.27309,21.57483],[84.27372,21.57583],[84.27419,21.5758],[84.27608,21.57378],[84.27728,21.57015],[84.27795,21.56922],[84.28045,21.56737],[84.28363,21.56603],[84.28551,21.5647],[84.28764,21.56066],[84.29012,21.55783],[84.29115,21.55409],[84.29509,21.54902],[84.29959,21.54416],[84.30251,21.54156],[84.30049,21.54134],[84.2918,21.54173],[84.28831,21.54209],[84.28752,21.5425],[84.28735,21.5433],[84.28786,21.54756],[84.28751,21.55014],[84.28582,21.55475],[84.284,21.55689],[84.28271,21.55758],[84.28168,21.55782],[84.28109,21.55765],[84.27878,21.56285],[84.28006,21.56341],[84.27892,21.56583],[84.27458,21.56884],[84.27332,21.57132],[84.27221,21.57187]]]}},{"type":"Feature","properties":{"LCODE":"010260024002400072","LOCATION":"KANAKPUR","V_TYPE":"VILLAGE","BLOCK":"BARKOTE","DISTRICT":"DEOGARH"},"geometry":{"type":"Polygon","coordinates":[[[84.35927,21.57273],[84.36063,21.57401],[84.36216,21.57469],[84.3635,21.57434],[84.36393,21.57382],[84.36485,21.57398],[84.36607,21.57358],[84.3676,21.57397],[84.36815,21.57374],[84.36855,21.57342],[84.36821,21.57362],[84.36784,21.57334],[84.36734,21.57139],[84.36832,21.57092],[84.36838,21.57058],[84.3672,21.56949],[84.3675,21.56857],[84.36952,21.56816],[84.37191,21.56855],[84.37399,21.56831],[84.3746,21.56716],[84.37649,21.5668],[84.37722,21.5664],[84.37765,21.56599],[84.37782,21.56462],[84.37892,21.56392],[84.37922,21.56329],[84.38078,21.55777],[84.37837,21.55589],[84.3774,21.55618],[84.37618,21.55751],[84.37589,21.55854],[84.37393,21.55981],[84.37291,21.56194],[84.37157,21.56333],[84.36827,21.56444],[84.36718,21.56565],[84.36589,21.56577],[84.36559,21.56623],[84.3656,21.56812],[84.3633,21.57061],[84.36287,21.57072],[84.36164,21.57033],[84.36036,21.57131],[84.35927,21.57273]]]}},{"type":"Feature","properties":{"LCODE":"010260024002400064","LOCATION":"RANKIBAHAL","V_TYPE":"VILLAGE","BLOCK":"BARKOTE","DISTRICT":"DEOGARH"},"geometry":{"type":"Polygon","coordinates":[[[84.3065,21.57373],[84.3065,21.57407],[84.30737,21.57407],[84.31641,21.57224],[84.32212,21.57376],[84.32377,21.57352],[84.32504,21.57225],[84.32646,21.57285],[84.32294,21.56939],[84.31973,21.56515],[84.31819,21.56257],[84.31763,21.56108],[84.31641,21.55975],[84.3161,21.56103],[84.31549,21.56178],[84.31348,21.56294],[84.31196,21.5645],[84.31002,21.56825],[84.30965,21.56854],[84.30856,21.56866],[84.30656,21.56847],[84.30673,21.57085],[84.3065,21.57373]]]}},{"type":"Feature","properties":{"LCODE":"010270027002700082","LOCATION":"KARADAKHAMAN","V_TYPE":"VILLAGE","BLOCK":"TILEIBANI","DISTRICT":"DEOGARH"},"geometry":{"type":"Polygon","coordinates":[[[84.50877,21.5715],[84.50909,21.57247],[84.50995,21.57308],[84.51164,21.57193],[84.51227,21.57185],[84.51243,21.57394],[84.51463,21.5739],[84.51555,21.57354],[84.52325,21.56901],[84.52366,21.56837],[84.52434,21.56516],[84.52695,21.56439],[84.53127,21.56246],[84.53186,21.56159],[84.53203,21.56061],[84.53165,21.55993],[84.53059,21.55914],[84.5282,21.55919],[84.52522,21.55989],[84.52388,21.56066],[84.52322,21.56154],[84.52283,21.56356],[84.52302,21.56452],[84.52191,21.5656],[84.51817,21.56642],[84.51646,21.56708],[84.51531,21.56768],[84.51509,21.56878],[84.51455,21.56942],[84.51393,21.56926],[84.51288,21.56837],[84.51196,21.56838],[84.51101,21.56996],[84.50937,21.5708],[84.50877,21.5715]]]}},{"type":"Feature","properties":{"LCODE":"010260024002400071","LOCATION":"JAMANKIRA","V_TYPE":"VILLAGE","BLOCK":"BARKOTE","DISTRICT":"DEOGARH"},"geometry":{"type":"Polygon","coordinates":[[[84.36589,21.56531],[84.36589,21.56583],[84.36718,21.56565],[84.36827,21.56444],[84.37157,21.56333],[84.37291,21.56194],[84.37393,21.55981],[84.37589,21.55854],[84.37618,21.55751],[84.3774,21.55618],[84.37837,21.55589],[84.3801,21.55703],[84.38078,21.55777],[84.38078,21.5584],[84.37958,21.56139],[84.37922,21.56329],[84.37892,21.56392],[84.37782,21.56462],[84.37765,21.56599],[84.37722,21.5664],[84.37649,21.5668],[84.3746,21.56716],[84.37399,21.56831],[84.37191,21.56855],[84.36952,21.56816],[84.3675,21.56857],[84.3672,21.56898],[84.3672,21.56949],[84.36838,21.57058],[84.36832,21.57092],[84.36734,21.57139],[84.36803,21.57356],[84.36961,21.57304],[84.37096,21.57349],[84.37164,21.57349],[84.37206,21.57314],[84.37548,21.57336],[84.37939,21.56972],[84.38055,21.56988],[84.38067,21.56948],[84.37987,21.56822],[84.37924,21.5661],[84.37936,21.56564],[84.38003,21.56501],[84.38002,21.5642],[84.38116,21.56029],[84.38231,21.55788],[84.384,21.55569],[84.38467,21.55362],[84.3884,21.55343],[84.38882,21.55302],[84.38943,21.55296],[84.38998,21.55239],[84.38893,21.5509],[84.38892,21.55038],[84.38948,21.55027],[84.39139,21.55227],[84.39218,21.55243],[84.39255,21.55197],[84.39266,21.55048],[84.39406,21.5491],[84.39778,21.54741],[84.40035,21.54803],[84.40256,21.5475],[84.40372,21.54819],[84.40401,21.54872],[84.4072,21.54645],[84.40805,21.54507],[84.40797,21.54352],[84.40636,21.54077],[84.40599,21.53934],[84.40546,21.53441],[84.40544,21.53085],[84.40387,21.52467],[84.40325,21.52369],[84.40276,21.52341],[84.39737,21.52355],[84.39529,21.5239],[84.39383,21.52448],[84.39049,21.52805],[84.38945,21.52852],[84.38094,21.52873],[84.37611,21.52967],[84.3738,21.53135],[84.37297,21.53445],[84.37126,21.53612],[84.37024,21.53831],[84.37031,21.5394],[84.37304,21.54467],[84.37334,21.54553],[84.37323,21.54622],[84.37099,21.54944],[84.36954,21.55306],[84.3695,21.55565],[84.36913,21.5564],[84.36886,21.56024],[84.3685,21.56134],[84.36728,21.56249],[84.36698,21.5641],[84.36589,21.56531]]]}},{"type":"Feature","properties":{"LCODE":"010270026002600136","LOCATION":"CHAITANPALI","V_TYPE":"VILLAGE","BLOCK":"TILEIBANI","DISTRICT":"DEOGARH"},"geometry":{"type":"Polygon","coordinates":[[[84.77065,21.57122],[84.77065,21.57174],[84.77189,21.57289],[84.77347,21.57288],[84.78831,21.56998],[84.79309,21.57026],[84.79581,21.57073],[84.79489,21.56367],[84.79248,21.5648],[84.79052,21.56486],[84.78665,21.56423],[84.78531,21.56435],[84.78212,21.56545],[84.77948,21.56568],[84.77875,21.56603],[84.7758,21.56615],[84.77402,21.56736],[84.77328,21.56932],[84.77274,21.57001],[84.77065,21.57122]]]}},{"type":"Feature","properties":{"LCODE":"010260024002400065","LOCATION":"TIKIBA","V_TYPE":"VILLAGE","BLOCK":"BARKOTE","DISTRICT":"DEOGARH"},"geometry":{"type":"Polygon","coordinates":[[[84.32249,21.56866],[84.32646,21.57285],[84.32805,21.5724],[84.32983,21.57274],[84.33056,21.57262],[84.33111,21.57221],[84.33153,21.57072],[84.3339,21.56921],[84.33439,21.56852],[84.3364,21.56788],[84.33725,21.5665],[84.33999,21.5643],[84.34084,21.56223],[84.34039,21.56062],[84.34082,21.55999],[84.34145,21.55986],[84.33977,21.55856],[84.33921,21.55775],[84.33791,21.5546],[84.3379,21.55357],[84.33808,21.55253],[84.33917,21.55127],[84.33984,21.55103],[84.34066,21.55128],[84.34075,21.54971],[84.34172,21.54729],[84.34029,21.54519],[84.33858,21.54524],[84.33504,21.54629],[84.33106,21.54614],[84.33023,21.54588],[84.32954,21.54712],[84.32838,21.5481],[84.32736,21.55161],[84.3271,21.55931],[84.32402,21.56461],[84.32249,21.56866]]]}},{"type":"Feature","properties":{"LCODE":"010270026002600145","LOCATION":"BUDHIBAHAL","V_TYPE":"VILLAGE","BLOCK":"TILEIBANI","DISTRICT":"DEOGARH"},"geometry":{"type":"Polygon","coordinates":[[[84.86714,21.55756],[84.86775,21.55984],[84.86843,21.56599],[84.86797,21.57284],[84.87254,21.56978],[84.87637,21.56836],[84.87658,21.56799],[84.87959,21.5666],[84.88412,21.56527],[84.89135,21.56428],[84.89307,21.5633],[84.89337,21.56278],[84.89307,21.56143],[84.89178,21.56054],[84.89012,21.55986],[84.88571,21.55877],[84.88258,21.55866],[84.88087,21.55832],[84.87829,21.55585],[84.87504,21.55569],[84.8702,21.55615],[84.86714,21.55756]]]}},{"type":"Feature","properties":{"LCODE":"010260024002400078","LOCATION":"GHOSARAGODA","V_TYPE":"VILLAGE","BLOCK":"BARKOTE","DISTRICT":"DEOGARH"},"geometry":{"type":"Polygon","coordinates":[[[84.43697,21.57141],[84.43927,21.57157],[84.44101,21.57256],[84.44141,21.57225],[84.44283,21.57247],[84.44411,21.57189],[84.44453,21.57195],[84.44501,21.57246],[84.44843,21.56832],[84.44903,21.56717],[84.44974,21.56372],[84.45094,21.56022],[84.45245,21.55752],[84.45409,21.55596],[84.45629,21.55561],[84.45794,21.55474],[84.45996,21.55484],[84.46063,21.55535],[84.46157,21.55736],[84.46182,21.5585],[84.46168,21.55958],[84.46232,21.55953],[84.46688,21.55607],[84.46866,21.55554],[84.47225,21.55369],[84.47542,21.55104],[84.47578,21.55018],[84.47569,21.54571],[84.47607,21.54219],[84.47303,21.54303],[84.47205,21.54286],[84.4703,21.5415],[84.46741,21.54483],[84.45471,21.54914],[84.45268,21.54794],[84.44956,21.54779],[84.44388,21.54856],[84.44253,21.54862],[84.44219,21.54839],[84.44254,21.54914],[84.43987,21.55403],[84.43958,21.55598],[84.43996,21.5581],[84.44122,21.56176],[84.44186,21.56623],[84.44181,21.56772],[84.44127,21.56858],[84.43803,21.57049],[84.43697,21.57141]]]}},{"type":"Feature","properties":{"LCODE":"010260024002400077","LOCATION":"RENGALBEDA","V_TYPE":"VILLAGE","BLOCK":"BARKOTE","DISTRICT":"DEOGARH"},"geometry":{"type":"Polygon","coordinates":[[[84.42384,21.56668],[84.4251,21.56764],[84.42664,21.56832],[84.42793,21.57003],[84.42934,21.57042],[84.4304,21.57214],[84.43082,21.57231],[84.4313,21.57233],[84.43198,21.57173],[84.43339,21.57138],[84.43697,21.57141],[84.43803,21.57049],[84.44127,21.56858],[84.44181,21.56772],[84.44154,21.56376],[84.43958,21.55598],[84.43987,21.55403],[84.44254,21.54914],[84.44219,21.54839],[84.43903,21.54767],[84.43726,21.54779],[84.43597,21.54803],[84.43405,21.54898],[84.43278,21.55401],[84.43071,21.55619],[84.4303,21.55815],[84.42762,21.56011],[84.42567,21.56253],[84.42384,21.56668]]]}},{"type":"Feature","properties":{"LCODE":"010260024002400060","LOCATION":"PANDIBAHAL","V_TYPE":"VILLAGE","BLOCK":"BARKOTE","DISTRICT":"DEOGARH"},"geometry":{"type":"Polygon","coordinates":[[[84.25123,21.56361],[84.25198,21.56482],[84.25217,21.56602],[84.25253,21.56654],[84.25296,21.56648],[84.25406,21.56538],[84.25491,21.56515],[84.25828,21.56473],[84.26054,21.56512],[84.26251,21.56718],[84.26352,21.57091],[84.26376,21.57131],[84.26425,21.57131],[84.26456,21.57108],[84.26455,21.57016],[84.26552,21.56779],[84.26685,21.56629],[84.26919,21.56472],[84.26984,21.5542],[84.27057,21.55236],[84.26958,21.55185],[84.26775,21.55151],[84.26616,21.55175],[84.26378,21.55366],[84.26237,21.55372],[84.26154,21.55343],[84.25816,21.55645],[84.25659,21.55962],[84.25263,21.56228],[84.25123,21.56361]]]}},{"type":"Feature","properties":{"LCODE":"010270026002600140","LOCATION":"MAHAJANMUNDA","V_TYPE":"VILLAGE","BLOCK":"TILEIBANI","DISTRICT":"DEOGARH"},"geometry":{"type":"Polygon","coordinates":[[[84.83723,21.56971],[84.83753,21.57059],[84.83815,21.57099],[84.84084,21.57121],[84.84201,21.57098],[84.84361,21.56994],[84.84391,21.56943],[84.84385,21.56868],[84.84323,21.56713],[84.84225,21.56621],[84.83968,21.56564],[84.8382,21.56568],[84.83826,21.56696],[84.83723,21.56971]]]}},{"type":"Feature","properties":{"LCODE":"010260024002400069","LOCATION":"MUKTESWAR","V_TYPE":"VILLAGE","BLOCK":"BARKOTE","DISTRICT":"DEOGARH"},"geometry":{"type":"Polygon","coordinates":[[[84.35701,21.55792],[84.35813,21.55886],[84.3595,21.56098],[84.36061,21.56316],[84.36136,21.56545],[84.36084,21.56987],[84.36106,21.57068],[84.36164,21.57033],[84.36287,21.57072],[84.3633,21.57061],[84.3656,21.56812],[84.36559,21.56623],[84.36589,21.56531],[84.36698,21.5641],[84.36728,21.56249],[84.3685,21.56134],[84.36886,21.56024],[84.36902,21.55709],[84.3695,21.55565],[84.3696,21.55373],[84.36735,21.55411],[84.36698,21.554],[84.36661,21.55325],[84.3655,21.5532],[84.36141,21.55414],[84.35867,21.55564],[84.35757,21.55674],[84.35701,21.55792]]]}},{"type":"Feature","properties":{"LCODE":"010270027002700077","LOCATION":"KAILASH","V_TYPE":"VILLAGE","BLOCK":"TILEIBANI","DISTRICT":"DEOGARH"},"geometry":{"type":"Polygon","coordinates":[[[84.61166,21.55412],[84.61213,21.55572],[84.61183,21.55615],[84.61444,21.5578],[84.61521,21.55945],[84.61601,21.5627],[84.61533,21.56445],[84.6189,21.56643],[84.62261,21.56768],[84.62445,21.57057],[84.62579,21.57065],[84.62872,21.5699],[84.63129,21.56979],[84.633,21.56907],[84.63371,21.56779],[84.63371,21.5648],[84.63418,21.56405],[84.63786,21.56167],[84.63766,21.5607],[84.63414,21.55934],[84.63258,21.55816],[84.63069,21.55556],[84.62979,21.55363],[84.62942,21.5503],[84.62743,21.54897],[84.62601,21.54842],[84.62482,21.54719],[84.62429,21.54553],[84.62354,21.54457],[84.6218,21.54329],[84.62075,21.54296],[84.61946,21.5431],[84.61663,21.5454],[84.61546,21.54761],[84.61574,21.54938],[84.61433,21.5497],[84.61295,21.55071],[84.61266,21.55203],[84.61171,21.55337],[84.61166,21.55412]]]}},{"type":"Feature","properties":{"LCODE":"010260024002400075","LOCATION":"LANGABAHAL(SAN)","V_TYPE":"VILLAGE","BLOCK":"BARKOTE","DISTRICT":"DEOGARH"},"geometry":{"type":"Polygon","coordinates":[[[84.40292,21.56651],[84.40488,21.56597],[84.40575,21.56602],[84.40814,21.56744],[84.41006,21.56984],[84.41074,21.57029],[84.41129,21.57006],[84.41274,21.56856],[84.41512,21.56783],[84.41651,21.56476],[84.41612,21.56246],[84.41617,21.55971],[84.41579,21.55857],[84.41487,21.55828],[84.41468,21.55731],[84.41518,21.55607],[84.41374,21.55439],[84.41215,21.55388],[84.41056,21.55458],[84.40884,21.55384],[84.40731,21.55446],[84.40536,21.55356],[84.40292,21.56651]]]}},{"type":"Feature","properties":{"LCODE":"010260024002400074","LOCATION":"TULAB","V_TYPE":"VILLAGE","BLOCK":"BARKOTE","DISTRICT":"DEOGARH"},"geometry":{"type":"Polygon","coordinates":[[[84.38414,21.55534],[84.38561,21.5578],[84.38779,21.56301],[84.38977,21.5661],[84.3926,21.56827],[84.39861,21.57007],[84.3994,21.56938],[84.39977,21.56863],[84.40292,21.56651],[84.40536,21.55356],[84.40373,21.54985],[84.40401,21.54872],[84.40317,21.54773],[84.40195,21.54757],[84.40103,21.54803],[84.40035,21.54803],[84.39778,21.54741],[84.39406,21.5491],[84.39266,21.55048],[84.39255,21.55197],[84.39218,21.55243],[84.39139,21.55227],[84.38948,21.55027],[84.38892,21.55038],[84.38893,21.5509],[84.38998,21.55239],[84.38943,21.55296],[84.38882,21.55302],[84.3884,21.55343],[84.38467,21.55362],[84.38414,21.55534]]]}},{"type":"Feature","properties":{"LCODE":"010260024002400057","LOCATION":"FALSABAHAL","V_TYPE":"VILLAGE","BLOCK":"BARKOTE","DISTRICT":"DEOGARH"},"geometry":{"type":"Polygon","coordinates":[[[84.22389,21.56231],[84.22395,21.56328],[84.22535,21.56541],[84.22689,21.56926],[84.22852,21.56807],[84.23409,21.56633],[84.23672,21.5652],[84.23709,21.56428],[84.23679,21.56204],[84.23571,21.55935],[84.23314,21.55853],[84.23222,21.55789],[84.22814,21.5533],[84.2254,21.55395],[84.22472,21.55452],[84.22466,21.55515],[84.22538,21.55739],[84.22392,21.55962],[84.22389,21.56231]]]}},{"type":"Feature","properties":{"LCODE":"010260024002400067","LOCATION":"KENDEIMAL","V_TYPE":"VILLAGE","BLOCK":"BARKOTE","DISTRICT":"DEOGARH"},"geometry":{"type":"Polygon","coordinates":[[[84.34402,21.56158],[84.34467,21.56726],[84.34515,21.56772],[84.34785,21.56822],[84.34894,21.56907],[84.34994,21.56867],[84.35341,21.5663],[84.35401,21.56417],[84.35281,21.55958],[84.34945,21.55965],[84.34755,21.55905],[84.34461,21.55951],[84.34409,21.55974],[84.34402,21.56158]]]}},{"type":"Feature","properties":{"LCODE":"010270026002600147","LOCATION":"CHANDANKHUNTI","V_TYPE":"VILLAGE","BLOCK":"TILEIBANI","DISTRICT":"DEOGARH"},"geometry":{"type":"Polygon","coordinates":[[[84.90373,21.56265],[84.90385,21.56305],[84.90508,21.56345],[84.90852,21.56322],[84.90961,21.56339],[84.90974,21.56408],[84.9087,21.56615],[84.90846,21.56736],[84.90974,21.56868],[84.91061,21.56896],[84.91177,21.56867],[84.91391,21.5658],[84.91584,21.56469],[84.91489,21.56286],[84.91476,21.56148],[84.91599,21.55711],[84.91608,21.55531],[84.91427,21.55516],[84.91169,21.5543],[84.90838,21.5523],[84.90715,21.5527],[84.90648,21.55327],[84.90623,21.55414],[84.90697,21.55483],[84.91041,21.55609],[84.91071,21.55655],[84.91059,21.55758],[84.90955,21.55919],[84.90624,21.56104],[84.90428,21.56173],[84.90373,21.56265]]]}},{"type":"Feature","properties":{"LCODE":"010260024002400079","LOCATION":"DHALENI","V_TYPE":"VILLAGE","BLOCK":"BARKOTE","DISTRICT":"DEOGARH"},"geometry":{"type":"Polygon","coordinates":[[[84.44876,21.56768],[84.45228,21.56778],[84.45571,21.56862],[84.45847,21.56847],[84.45913,21.56694],[84.45869,21.56505],[84.45935,21.56413],[84.45892,21.56322],[84.46008,21.56275],[84.46165,21.55982],[84.46182,21.5585],[84.46157,21.55736],[84.46063,21.55535],[84.45996,21.55484],[84.45794,21.55474],[84.45629,21.55561],[84.45409,21.55596],[84.45245,21.55752],[84.45094,21.56022],[84.44876,21.56768]]]}},{"type":"Feature","properties":{"LCODE":"010260024002400063","LOCATION":"BADIBAHAL(BAD)","V_TYPE":"VILLAGE","BLOCK":"BARKOTE","DISTRICT":"DEOGARH"},"geometry":{"type":"Polygon","coordinates":[[[84.31649,21.55981],[84.31763,21.56108],[84.31819,21.56257],[84.31973,21.56515],[84.32249,21.56866],[84.32462,21.5634],[84.32687,21.56],[84.32729,21.55833],[84.32713,21.55577],[84.32532,21.55708],[84.32471,21.5572],[84.32409,21.5568],[84.32341,21.55554],[84.32255,21.55474],[84.32199,21.55434],[84.32045,21.55414],[84.31853,21.55786],[84.31779,21.55884],[84.31649,21.55981]]]}},{"type":"Feature","properties":{"LCODE":"010260024002400076","LOCATION":"CHHATABARA","V_TYPE":"VILLAGE","BLOCK":"BARKOTE","DISTRICT":"DEOGARH"},"geometry":{"type":"Polygon","coordinates":[[[84.41468,21.55731],[84.41487,21.55828],[84.41579,21.55857],[84.41617,21.55971],[84.41612,21.56246],[84.41651,21.56476],[84.41512,21.56783],[84.41806,21.5683],[84.42338,21.56656],[84.42384,21.56668],[84.42567,21.56253],[84.42762,21.56011],[84.4303,21.55815],[84.43071,21.55619],[84.43278,21.55401],[84.43405,21.54898],[84.43082,21.54878],[84.42812,21.55265],[84.42513,21.55508],[84.42318,21.55577],[84.41841,21.55637],[84.41602,21.55639],[84.41518,21.55607],[84.41468,21.55731]]]}},{"type":"Feature","properties":{"LCODE":"010260024002400081","LOCATION":"JEMAMAL","V_TYPE":"VILLAGE","BLOCK":"BARKOTE","DISTRICT":"DEOGARH"},"geometry":{"type":"Polygon","coordinates":[[[84.46136,21.56053],[84.46523,21.56347],[84.46774,21.56483],[84.47204,21.56595],[84.47266,21.56641],[84.47367,21.56811],[84.47626,21.56627],[84.47784,21.56443],[84.47962,21.565],[84.48072,21.56482],[84.48071,21.56339],[84.47916,21.56019],[84.47909,21.55916],[84.47962,21.55686],[84.48218,21.5545],[84.48492,21.553],[84.48599,21.54978],[84.48756,21.5472],[84.48946,21.54581],[84.49146,21.54483],[84.49201,21.54442],[84.49195,21.54403],[84.49115,21.54323],[84.4901,21.54306],[84.48697,21.54136],[84.48384,21.54017],[84.48027,21.54075],[84.47945,21.54128],[84.47607,21.54219],[84.47569,21.54571],[84.47578,21.55018],[84.47542,21.55104],[84.47225,21.55369],[84.46866,21.55554],[84.46688,21.55607],[84.46232,21.55953],[84.46168,21.55958],[84.46136,21.56053]]]}},{"type":"Feature","properties":{"LCODE":"010270027002700083","LOCATION":"PRABHASUNI","V_TYPE":"VILLAGE","BLOCK":"TILEIBANI","DISTRICT":"DEOGARH"},"geometry":{"type":"Polygon","coordinates":[[[84.53822,21.5514],[84.53824,21.55232],[84.53944,21.55413],[84.53941,21.55632],[84.5407,21.55945],[84.54055,21.56095],[84.54147,21.56449],[84.54211,21.56591],[84.54268,21.56636],[84.54625,21.56744],[84.54839,21.56733],[84.55899,21.56407],[84.55972,21.5633],[84.55905,21.55792],[84.56152,21.54976],[84.56151,21.5489],[84.56094,21.54805],[84.55878,21.54758],[84.55678,21.5451],[84.55524,21.54444],[84.55271,21.54403],[84.54886,21.54411],[84.54648,21.54468],[84.54563,21.54504],[84.54269,21.54792],[84.54044,21.54894],[84.53911,21.54989],[84.53857,21.55036],[84.53822,21.5514]]]}},{"type":"Feature","properties":{"LCODE":"010270026002600137","LOCATION":"NUAKADALIPAL","V_TYPE":"VILLAGE","BLOCK":"TILEIBANI","DISTRICT":"DEOGARH"},"geometry":{"type":"Polygon","coordinates":[[[84.77948,21.56568],[84.78212,21.56545],[84.78531,21.56435],[84.78665,21.56423],[84.79144,21.56492],[84.79408,21.56416],[84.79489,21.56367],[84.79469,21.5637],[84.79462,21.55962],[84.7942,21.55864],[84.79211,21.55715],[84.79009,21.55658],[84.78408,21.55659],[84.78083,21.55704],[84.77979,21.55919],[84.77985,21.56275],[84.77948,21.56568]]]}},{"type":"Feature","properties":{"LCODE":"010260024002400073","LOCATION":"KARLIBAHAL","V_TYPE":"VILLAGE","BLOCK":"BARKOTE","DISTRICT":"DEOGARH"},"geometry":{"type":"Polygon","coordinates":[[[84.37994,21.56509],[84.38271,21.56425],[84.38406,21.56424],[84.38627,21.56497],[84.38737,21.56479],[84.38863,21.56417],[84.38779,21.56301],[84.38561,21.5578],[84.38414,21.55534],[84.38231,21.55788],[84.38116,21.56029],[84.37994,21.56509]]]}},{"type":"Feature","properties":{"LCODE":"010270027002700078","LOCATION":"RAMCHANDRAPUR","V_TYPE":"VILLAGE","BLOCK":"TILEIBANI","DISTRICT":"DEOGARH"},"geometry":{"type":"Polygon","coordinates":[[[84.60561,21.56022],[84.60616,21.56314],[84.60728,21.56426],[84.61104,21.56505],[84.61312,21.56506],[84.61533,21.56445],[84.61567,21.56386],[84.61601,21.5627],[84.61574,21.56133],[84.61444,21.5578],[84.61183,21.55615],[84.60975,21.55629],[84.60799,21.5569],[84.60648,21.55831],[84.60561,21.56022]]]}},{"type":"Feature","properties":{"LCODE":"010270027002700081","LOCATION":"BILEIGHATI","V_TYPE":"VILLAGE","BLOCK":"TILEIBANI","DISTRICT":"DEOGARH"},"geometry":{"type":"Polygon","coordinates":[[[84.58784,21.56076],[84.5881,21.56145],[84.58985,21.56302],[84.59075,21.56484],[84.59197,21.56493],[84.59465,21.5639],[84.59511,21.56222],[84.59685,21.56052],[84.59681,21.55874],[84.59554,21.55647],[84.59473,21.55585],[84.59282,21.55526],[84.59178,21.55534],[84.59093,21.55559],[84.58924,21.557],[84.58811,21.55886],[84.58784,21.56076]]]}},{"type":"Feature","properties":{"LCODE":"010270026002600148","LOCATION":"KAUNSIBAHAL","V_TYPE":"VILLAGE","BLOCK":"TILEIBANI","DISTRICT":"DEOGARH"},"geometry":{"type":"Polygon","coordinates":[[[84.91476,21.56148],[84.91489,21.56286],[84.91584,21.56469],[84.91667,21.56435],[84.92819,21.56284],[84.93034,21.56209],[84.93294,21.56067],[84.93224,21.56036],[84.9315,21.55956],[84.93002,21.55646],[84.92904,21.55548],[84.92529,21.5525],[84.92216,21.55122],[84.92015,21.55233],[84.91608,21.55531],[84.91599,21.55711],[84.91476,21.56148]]]}},{"type":"Feature","properties":{"LCODE":"010270026002600151","LOCATION":"GUNDRIPASI","V_TYPE":"VILLAGE","BLOCK":"TILEIBANI","DISTRICT":"DEOGARH"},"geometry":{"type":"Polygon","coordinates":[[[84.95937,21.55249],[84.95969,21.55479],[84.96036,21.55565],[84.96091,21.55726],[84.96135,21.56008],[84.96203,21.56198],[84.96282,21.5622],[84.96331,21.56192],[84.96454,21.56065],[84.96459,21.55639],[84.96692,21.55541],[84.96796,21.55438],[84.96869,21.55294],[84.96906,21.55127],[84.96837,21.54782],[84.96751,21.54581],[84.96708,21.54536],[84.96579,21.54513],[84.96179,21.54606],[84.9623,21.5468],[84.96243,21.5487],[84.96188,21.54967],[84.96017,21.55117],[84.95937,21.55249]]]}},{"type":"Feature","properties":{"LCODE":"010270026002600144","LOCATION":"BISIBALIPASI","V_TYPE":"VILLAGE","BLOCK":"TILEIBANI","DISTRICT":"DEOGARH"},"geometry":{"type":"Polygon","coordinates":[[[84.86423,21.55451],[84.86714,21.55756],[84.8702,21.55615],[84.87504,21.55569],[84.87829,21.55585],[84.88087,21.55832],[84.88258,21.55866],[84.88571,21.55877],[84.88767,21.55923],[84.89012,21.55986],[84.89307,21.56143],[84.89257,21.55882],[84.89263,21.5575],[84.89037,21.55549],[84.89005,21.55394],[84.88724,21.55411],[84.88558,21.55371],[84.88159,21.55102],[84.87835,21.55028],[84.87504,21.5504],[84.87289,21.55017],[84.87209,21.55069],[84.87025,21.55282],[84.86799,21.55351],[84.86713,21.55466],[84.8664,21.55484],[84.86423,21.55451]]]}},{"type":"Feature","properties":{"LCODE":"010260024002400056","LOCATION":"JHARMUNDA","V_TYPE":"VILLAGE","BLOCK":"BARKOTE","DISTRICT":"DEOGARH"},"geometry":{"type":"Polygon","coordinates":[[[84.19447,21.55818],[84.20061,21.56067],[84.20562,21.5611],[84.20782,21.56095],[84.20947,21.56026],[84.20911,21.55935],[84.20912,21.5578],[84.20968,21.55614],[84.20957,21.55206],[84.20737,21.55039],[84.2064,21.55009],[84.20408,21.55037],[84.20365,21.55013],[84.20341,21.54903],[84.20077,21.55178],[84.19752,21.5544],[84.1953,21.55685],[84.19447,21.55818]]]}},{"type":"Feature","properties":{"LCODE":"010260024002400058","LOCATION":"TITOBAHAL","V_TYPE":"VILLAGE","BLOCK":"BARKOTE","DISTRICT":"DEOGARH"},"geometry":{"type":"Polygon","coordinates":[[[84.22814,21.5533],[84.23132,21.55696],[84.23314,21.55853],[84.23571,21.55935],[84.24171,21.5572],[84.24322,21.56088],[84.2445,21.56106],[84.24677,21.56062],[84.24793,21.55994],[84.25025,21.55774],[84.25148,21.55441],[84.25185,21.55245],[84.25117,21.55314],[84.25037,21.55326],[84.24798,21.55134],[84.24766,21.55157],[84.24705,21.55145],[84.2457,21.55047],[84.24375,21.55051],[84.24174,21.54952],[84.241,21.54952],[84.23807,21.55065],[84.23611,21.5508],[84.23421,21.55022],[84.23338,21.54939],[84.23309,21.54951],[84.23324,21.54975],[84.23274,21.55107],[84.2317,21.55198],[84.23005,21.55312],[84.22814,21.5533]]]}},{"type":"Feature","properties":{"LCODE":"010270026002600141","LOCATION":"BRAHMANIMAL","V_TYPE":"VILLAGE","BLOCK":"TILEIBANI","DISTRICT":"DEOGARH"},"geometry":{"type":"Polygon","coordinates":[[[84.83592,21.55656],[84.83715,21.5572],[84.83907,21.56],[84.83998,21.56063],[84.84188,21.56069],[84.84323,21.5604],[84.8458,21.55913],[84.84795,21.55774],[84.85046,21.55538],[84.85016,21.5551],[84.85016,21.55429],[84.85065,21.55113],[84.85071,21.54843],[84.8496,21.54751],[84.84752,21.5478],[84.84103,21.55051],[84.83857,21.55236],[84.83592,21.55656]]]}},{"type":"Feature","properties":{"LCODE":"010270026002600153","LOCATION":"BIJAY NAGAR","V_TYPE":"VILLAGE","BLOCK":"TILEIBANI","DISTRICT":"DEOGARH"},"geometry":{"type":"Polygon","coordinates":[[[84.92216,21.55122],[84.92529,21.5525],[84.92904,21.55548],[84.93002,21.55646],[84.9315,21.55956],[84.93224,21.56036],[84.93294,21.56067],[84.93427,21.5603],[84.93426,21.55938],[84.93504,21.55691],[84.93529,21.55323],[84.93497,21.55087],[84.93405,21.54915],[84.93411,21.5484],[84.93662,21.54506],[84.93729,21.54345],[84.93753,21.54086],[84.93716,21.53925],[84.93669,21.53857],[84.93502,21.53903],[84.93312,21.54098],[84.93196,21.54156],[84.93134,21.54156],[84.93043,21.54053],[84.92952,21.53852],[84.92889,21.5395],[84.92608,21.54169],[84.92467,21.54364],[84.92345,21.54704],[84.92297,21.54985],[84.92216,21.55122]]]}},{"type":"Feature","properties":{"LCODE":"010270026002600149","LOCATION":"PANCHAMAHLA","V_TYPE":"VILLAGE","BLOCK":"TILEIBANI","DISTRICT":"DEOGARH"},"geometry":{"type":"Polygon","coordinates":[[[84.93426,21.55938],[84.93444,21.56036],[84.93597,21.56035],[84.93652,21.55995],[84.93922,21.55713],[84.94196,21.55331],[84.94055,21.55075],[84.94043,21.54931],[84.94087,21.5485],[84.93478,21.55044],[84.93517,21.55185],[84.93529,21.55455],[84.93504,21.55691],[84.93426,21.55938]]]}},{"type":"Feature","properties":{"LCODE":"010260024002400053","LOCATION":"RENGALPALI","V_TYPE":"VILLAGE","BLOCK":"BARKOTE","DISTRICT":"DEOGARH"},"geometry":{"type":"Polygon","coordinates":[[[84.15256,21.54767],[84.15304,21.54946],[84.15371,21.54969],[84.15426,21.55033],[84.15467,21.55257],[84.15607,21.55356],[84.16388,21.55728],[84.17053,21.55979],[84.1723,21.56021],[84.17432,21.56039],[84.17689,21.56006],[84.18179,21.55636],[84.18591,21.55496],[84.18298,21.55126],[84.17975,21.55055],[84.1778,21.54933],[84.17416,21.54791],[84.17223,21.5501],[84.17174,21.55016],[84.16913,21.5475],[84.16559,21.54621],[84.16332,21.54625],[84.16234,21.54705],[84.16106,21.54727],[84.15953,21.54697],[84.15703,21.54581],[84.15465,21.54551],[84.15299,21.54676],[84.15256,21.54767]]]}},{"type":"Feature","properties":{"LCODE":"010260024002400066","LOCATION":"KENDEIKHOL","V_TYPE":"VILLAGE","BLOCK":"BARKOTE","DISTRICT":"DEOGARH"},"geometry":{"type":"Polygon","coordinates":[[[84.3379,21.55357],[84.33791,21.5546],[84.33921,21.55775],[84.33977,21.55856],[84.34145,21.55986],[84.34376,21.55997],[84.34461,21.55951],[84.34724,21.55921],[84.34779,21.55892],[84.34827,21.55817],[84.34753,21.55564],[84.3458,21.55376],[84.34347,21.5532],[84.34199,21.55177],[84.33984,21.55103],[84.33917,21.55127],[84.33808,21.55253],[84.3379,21.55357]]]}},{"type":"Feature","properties":{"LCODE":"010260024002400062","LOCATION":"GAIBATA","V_TYPE":"VILLAGE","BLOCK":"BARKOTE","DISTRICT":"DEOGARH"},"geometry":{"type":"Polygon","coordinates":[[[84.31,21.54521],[84.31054,21.55371],[84.31097,21.55451],[84.3141,21.5549],[84.31515,21.55547],[84.31576,21.55615],[84.31649,21.55981],[84.31779,21.55884],[84.31853,21.55786],[84.32045,21.55414],[84.31954,21.55378],[84.31775,21.55149],[84.31744,21.54965],[84.3166,21.54753],[84.31312,21.54394],[84.31061,21.54457],[84.31,21.54521]]]}},{"type":"Feature","properties":{"LCODE":"010260024002400070","LOCATION":"KUAGOLA","V_TYPE":"VILLAGE","BLOCK":"BARKOTE","DISTRICT":"DEOGARH"},"geometry":{"type":"Polygon","coordinates":[[[84.34029,21.54519],[84.34172,21.54729],[84.34075,21.54971],[84.34066,21.55128],[84.34199,21.55177],[84.34347,21.5532],[84.3458,21.55376],[84.34753,21.55564],[84.34827,21.55817],[84.34755,21.55905],[84.34859,21.55954],[84.35277,21.55958],[84.35397,21.5586],[84.35557,21.55911],[84.35636,21.55899],[84.35757,21.55674],[84.35867,21.55564],[84.36141,21.55414],[84.3655,21.5532],[84.36661,21.55325],[84.36698,21.554],[84.36735,21.55411],[84.3696,21.55373],[84.36954,21.55306],[84.37099,21.54944],[84.37323,21.54622],[84.37334,21.54553],[84.37031,21.5394],[84.37024,21.53831],[84.37126,21.53612],[84.37297,21.53445],[84.37376,21.53159],[84.3724,21.53221],[84.36745,21.53356],[84.36581,21.53448],[84.36368,21.53645],[84.36179,21.53772],[84.35825,21.53848],[84.35526,21.54056],[84.34866,21.54249],[84.34596,21.54187],[84.34232,21.54476],[84.34029,21.54519]]]}},{"type":"Feature","properties":{"LCODE":"010270026002600142","LOCATION":"BUTIADIHI","V_TYPE":"VILLAGE","BLOCK":"TILEIBANI","DISTRICT":"DEOGARH"},"geometry":{"type":"Polygon","coordinates":[[[84.85176,21.55464],[84.85549,21.55779],[84.85696,21.55819],[84.85892,21.55755],[84.85996,21.55692],[84.86137,21.55548],[84.86315,21.55433],[84.8642,21.55443],[84.86382,21.55335],[84.86211,21.55203],[84.861,21.55065],[84.86069,21.54887],[84.86088,21.54686],[84.86063,21.5464],[84.85983,21.54594],[84.85886,21.54444],[84.85836,21.54421],[84.85419,21.54685],[84.85439,21.54756],[84.85255,21.55136],[84.85176,21.55464]]]}},{"type":"Feature","properties":{"LCODE":"010260024002400054","LOCATION":"SANAKUNDESARA","V_TYPE":"VILLAGE","BLOCK":"BARKOTE","DISTRICT":"DEOGARH"},"geometry":{"type":"Polygon","coordinates":[[[84.17416,21.54791],[84.1778,21.54933],[84.17975,21.55055],[84.18298,21.55126],[84.18591,21.55496],[84.18798,21.55491],[84.19115,21.55608],[84.19447,21.55818],[84.1953,21.55685],[84.19752,21.5544],[84.20123,21.5513],[84.1987,21.55033],[84.19181,21.54661],[84.19016,21.54488],[84.1898,21.54362],[84.18742,21.53998],[84.18646,21.53929],[84.18335,21.53812],[84.18225,21.53806],[84.17955,21.54085],[84.17747,21.54198],[84.17629,21.54358],[84.17416,21.54791]]]}},{"type":"Feature","properties":{"LCODE":"010270027002700079","LOCATION":"BARGADIA","V_TYPE":"VILLAGE","BLOCK":"TILEIBANI","DISTRICT":"DEOGARH"},"geometry":{"type":"Polygon","coordinates":[[[84.59858,21.55227],[84.59925,21.55495],[84.60137,21.55686],[84.60347,21.55762],[84.60469,21.55766],[84.60603,21.55722],[84.60687,21.55646],[84.60672,21.55491],[84.60758,21.5522],[84.60717,21.54985],[84.60471,21.54921],[84.60091,21.54929],[84.59964,21.54902],[84.59921,21.55036],[84.59868,21.551],[84.59858,21.55227]]]}},{"type":"Feature","properties":{"LCODE":"010270027002700132","LOCATION":"NALBANDHA","V_TYPE":"VILLAGE","BLOCK":"TILEIBANI","DISTRICT":"DEOGARH"},"geometry":{"type":"Polygon","coordinates":[[[84.76306,21.55686],[84.76306,21.55726],[84.76343,21.55754],[84.76404,21.55749],[84.76569,21.55593],[84.76723,21.55587],[84.76926,21.55368],[84.77213,21.5531],[84.77373,21.55143],[84.77514,21.55074],[84.77612,21.54982],[84.77606,21.54884],[84.77557,21.54775],[84.77459,21.54712],[84.77398,21.54729],[84.77171,21.54879],[84.77073,21.55052],[84.76993,21.55121],[84.76907,21.55178],[84.76637,21.55242],[84.76361,21.55553],[84.76306,21.55686]]]}},{"type":"Feature","properties":{"LCODE":"01026002400240rf","LOCATION":"RF","V_TYPE":"FOREST","BLOCK":"BARKOTE","DISTRICT":"DEOGARH"},"geometry":{"type":"Polygon","coordinates":[[[84.31657,21.54747],[84.31744,21.54965],[84.31763,21.5512],[84.3188,21.55292],[84.32015,21.55412],[84.32199,21.55434],[84.32255,21.55474],[84.32341,21.55554],[84.32409,21.5568],[84.32471,21.5572],[84.32532,21.55708],[84.32708,21.55592],[84.32736,21.55161],[84.32777,21.5496],[84.32838,21.5481],[84.32954,21.54712],[84.33009,21.54626],[84.3302,21.54534],[84.32951,21.54344],[84.32829,21.54466],[84.32407,21.54468],[84.31925,21.54729],[84.31657,21.54747]]]}},{"type":"Feature","properties":{"LCODE":"01026002400240rf","LOCATION":"RF","V_TYPE":"FOREST","BLOCK":"BARKOTE","DISTRICT":"DEOGARH"},"geometry":{"type":"Polygon","coordinates":[[[84.40373,21.54922],[84.40392,21.55048],[84.40531,21.55354],[84.40731,21.55446],[84.40884,21.55384],[84.41056,21.55458],[84.41215,21.55388],[84.41276,21.55399],[84.41374,21.55439],[84.41541,21.55627],[84.41712,21.55644],[84.42318,21.55577],[84.42513,21.55508],[84.42812,21.55265],[84.43084,21.54891],[84.42966,21.54714],[84.4277,21.54589],[84.42543,21.54504],[84.42413,21.54407],[84.42082,21.54311],[84.41611,21.54319],[84.4139,21.54206],[84.41293,21.54269],[84.41207,21.54264],[84.41085,21.54328],[84.4073,21.54232],[84.40797,21.54352],[84.40805,21.54507],[84.4072,21.54645],[84.40415,21.54847],[84.40373,21.54922]]]}},{"type":"Feature","properties":{"LCODE":"010270027002700084","LOCATION":"GOGUA","V_TYPE":"VILLAGE","BLOCK":"TILEIBANI","DISTRICT":"DEOGARH"},"geometry":{"type":"Polygon","coordinates":[[[84.56226,21.55555],[84.56239,21.55601],[84.56288,21.55617],[84.57038,21.55435],[84.57215,21.55408],[84.57595,21.55412],[84.57986,21.55341],[84.5828,21.55352],[84.58533,21.55467],[84.58686,21.55447],[84.5871,21.55394],[84.58602,21.54914],[84.58439,21.54716],[84.5838,21.54568],[84.58126,21.54401],[84.57813,21.5439],[84.56524,21.54561],[84.56399,21.54707],[84.56301,21.55031],[84.56278,21.55422],[84.56226,21.55555]]]}},{"type":"Feature","properties":{"LCODE":"010270027002700104","LOCATION":"THALIPATHAR","V_TYPE":"VILLAGE","BLOCK":"TILEIBANI","DISTRICT":"DEOGARH"},"geometry":{"type":"Polygon","coordinates":[[[84.65366,21.55422],[84.65752,21.55546],[84.65885,21.55446],[84.66172,21.5513],[84.66328,21.54851],[84.66368,21.5454],[84.66335,21.5442],[84.66285,21.54387],[84.66132,21.54384],[84.65955,21.54422],[84.65895,21.54469],[84.65687,21.5479],[84.65366,21.55422]]]}},{"type":"Feature","properties":{"LCODE":"010270026002600143","LOCATION":"KANDAL","V_TYPE":"VILLAGE","BLOCK":"TILEIBANI","DISTRICT":"DEOGARH"},"geometry":{"type":"Polygon","coordinates":[[[84.86301,21.55266],[84.86382,21.55335],[84.86423,21.55451],[84.8664,21.55484],[84.86713,21.55466],[84.86799,21.55351],[84.87025,21.55282],[84.87209,21.55069],[84.87289,21.55017],[84.87504,21.5504],[84.87835,21.55028],[84.88159,21.55102],[84.88558,21.55371],[84.88724,21.55411],[84.89005,21.55394],[84.89165,21.55204],[84.89165,21.55066],[84.89085,21.54974],[84.88931,21.54928],[84.88828,21.54853],[84.88815,21.5471],[84.88839,21.54537],[84.88741,21.5425],[84.8876,21.54204],[84.88857,21.54192],[84.89176,21.54358],[84.89262,21.54485],[84.89287,21.54766],[84.89336,21.54835],[84.89434,21.54841],[84.89489,21.54732],[84.89471,21.54536],[84.89445,21.54392],[84.89397,21.54295],[84.89304,21.54214],[84.89286,21.53921],[84.89243,21.53881],[84.89096,21.53852],[84.88992,21.53793],[84.88906,21.53841],[84.88667,21.53899],[84.88245,21.53923],[84.88146,21.53894],[84.88007,21.5369],[84.87552,21.53711],[84.8746,21.5374],[84.87245,21.53925],[84.87111,21.53994],[84.86707,21.54115],[84.86658,21.54248],[84.86664,21.5438],[84.86731,21.54569],[84.86725,21.54644],[84.86554,21.54806],[84.86492,21.55047],[84.86376,21.55231],[84.86301,21.55266]]]}},{"type":"Feature","properties":{"LCODE":"010270026002600150","LOCATION":"CHAKRAPALI","V_TYPE":"VILLAGE","BLOCK":"TILEIBANI","DISTRICT":"DEOGARH"},"geometry":{"type":"Polygon","coordinates":[[[84.94043,21.54931],[84.9408,21.55155],[84.94196,21.55331],[84.94436,21.55333],[84.94662,21.5524],[84.94968,21.55205],[84.95643,21.55296],[84.9587,21.55393],[84.95969,21.55479],[84.95937,21.55249],[84.96017,21.55117],[84.96188,21.54967],[84.96243,21.5487],[84.96243,21.54749],[84.96179,21.54606],[84.9601,21.54634],[84.95446,21.54762],[84.94711,21.55039],[84.94485,21.55085],[84.94405,21.54999],[84.94435,21.54781],[84.94405,21.54692],[84.94135,21.5481],[84.94067,21.54868],[84.94043,21.54931]]]}},{"type":"Feature","properties":{"LCODE":"010270027002700103","LOCATION":"TAINSAR","V_TYPE":"VILLAGE","BLOCK":"TILEIBANI","DISTRICT":"DEOGARH"},"geometry":{"type":"Polygon","coordinates":[[[84.64867,21.53867],[84.64999,21.54144],[84.64994,21.54454],[84.64927,21.54608],[84.64993,21.54683],[84.65089,21.55198],[84.65134,21.55272],[84.65366,21.55422],[84.65758,21.54662],[84.65955,21.54422],[84.66206,21.54383],[84.66285,21.54387],[84.66335,21.5442],[84.66368,21.5454],[84.66328,21.54851],[84.66531,21.54749],[84.66664,21.54631],[84.6686,21.54369],[84.67001,21.54329],[84.67097,21.54244],[84.67224,21.53902],[84.67242,21.53626],[84.67184,21.53467],[84.66629,21.53148],[84.66385,21.53351],[84.66109,21.53311],[84.66036,21.5337],[84.65957,21.53377],[84.65874,21.53488],[84.65465,21.53847],[84.65173,21.53956],[84.65044,21.53942],[84.64867,21.53867]]]}},{"type":"Feature","properties":{"LCODE":"010260024002400061","LOCATION":"KURLUKHAMAN","V_TYPE":"VILLAGE","BLOCK":"BARKOTE","DISTRICT":"DEOGARH"},"geometry":{"type":"Polygon","coordinates":[[[84.26154,21.55343],[84.26237,21.55372],[84.26378,21.55366],[84.26616,21.55175],[84.26775,21.55151],[84.26958,21.55185],[84.27057,21.55236],[84.27038,21.55127],[84.27133,21.5477],[84.27071,21.54638],[84.27035,21.54621],[84.26974,21.54644],[84.26559,21.5491],[84.26407,21.55066],[84.26292,21.5524],[84.26154,21.55343]]]}},{"type":"Feature","properties":{"LCODE":"010260024002400059","LOCATION":"ODSING","V_TYPE":"VILLAGE","BLOCK":"BARKOTE","DISTRICT":"DEOGARH"},"geometry":{"type":"Polygon","coordinates":[[[84.23338,21.54939],[84.23421,21.55022],[84.23611,21.5508],[84.23807,21.55065],[84.241,21.54952],[84.24174,21.54952],[84.24375,21.55051],[84.2457,21.55047],[84.24705,21.55145],[84.24766,21.55157],[84.24798,21.55134],[84.25074,21.55332],[84.25185,21.55245],[84.25256,21.5494],[84.25328,21.54807],[84.25812,21.54354],[84.2551,21.53541],[84.25275,21.53024],[84.25177,21.52909],[84.2491,21.52784],[84.24549,21.52731],[84.24421,21.52661],[84.24355,21.5258],[84.24312,21.52465],[84.24313,21.52357],[84.24142,21.52166],[84.241,21.52011],[84.24057,21.52011],[84.2402,21.5216],[84.23793,21.52307],[84.23774,21.52433],[84.23817,21.52514],[84.23719,21.5253],[84.23707,21.52576],[84.23755,21.52622],[84.23681,21.52788],[84.23742,21.52874],[84.23717,21.52931],[84.2379,21.53012],[84.23772,21.53184],[84.23649,21.53206],[84.2371,21.53338],[84.23691,21.53424],[84.2347,21.53767],[84.23463,21.53893],[84.23505,21.54036],[84.23455,21.54202],[84.23534,21.54552],[84.23527,21.54782],[84.23471,21.54879],[84.23338,21.54939]]]}},{"type":"Feature","properties":{"LCODE":"010270026002600166","LOCATION":"BALLAM","V_TYPE":"VILLAGE","BLOCK":"TILEIBANI","DISTRICT":"DEOGARH"},"geometry":{"type":"Polygon","coordinates":[[[84.8493,21.52806],[84.85064,21.52859],[84.85217,21.531],[84.85242,21.53226],[84.85242,21.53347],[84.85046,21.53854],[84.84997,21.54072],[84.84985,21.54296],[84.85021,21.54463],[84.85193,21.54612],[84.85419,21.54685],[84.85787,21.54439],[84.85836,21.54421],[84.85886,21.54444],[84.85983,21.54594],[84.86063,21.5464],[84.86088,21.54686],[84.86069,21.54887],[84.861,21.55065],[84.86211,21.55203],[84.86301,21.55266],[84.86376,21.55231],[84.86492,21.55047],[84.86554,21.54806],[84.86725,21.54644],[84.86731,21.54569],[84.86664,21.5438],[84.86658,21.54248],[84.86707,21.54115],[84.87111,21.53994],[84.87245,21.53925],[84.8746,21.5374],[84.87552,21.53711],[84.88007,21.5369],[84.87846,21.53423],[84.8787,21.53326],[84.87943,21.53285],[84.88569,21.53244],[84.8886,21.53355],[84.8885,21.53031],[84.88709,21.52905],[84.88602,21.52649],[84.88507,21.52698],[84.88255,21.52744],[84.87992,21.52733],[84.87735,21.52601],[84.87706,21.52493],[84.87495,21.52515],[84.8745,21.52481],[84.87416,21.52717],[84.87276,21.52924],[84.87147,21.52913],[84.87086,21.52844],[84.8703,21.52689],[84.86926,21.51936],[84.86877,21.51758],[84.86625,21.51034],[84.86569,21.50792],[84.86452,21.5055],[84.86404,21.50608],[84.86318,21.50614],[84.86018,21.50574],[84.85736,21.50592],[84.85596,21.50633],[84.85412,21.50794],[84.85234,21.51139],[84.85229,21.51432],[84.85197,21.51576],[84.85033,21.51847],[84.85002,21.5195],[84.8499,21.5206],[84.85069,21.52399],[84.8499,21.52698],[84.8493,21.52806]]]}},{"type":"Feature","properties":{"LCODE":"010260024002400055","LOCATION":"NUABURDA(PADHANPALI)","V_TYPE":"VILLAGE","BLOCK":"BARKOTE","DISTRICT":"DEOGARH"},"geometry":{"type":"Polygon","coordinates":[[[84.18742,21.53998],[84.1898,21.54362],[84.19016,21.54488],[84.19181,21.54661],[84.1987,21.55033],[84.20123,21.5513],[84.20341,21.54903],[84.20341,21.54841],[84.20219,21.54674],[84.20148,21.54432],[84.20056,21.543],[84.20042,21.54215],[84.19456,21.54074],[84.1944,21.54124],[84.19153,21.54162],[84.19018,21.54138],[84.18742,21.53998]]]}},{"type":"Feature","properties":{"LCODE":"010270026002600152","LOCATION":"NEW NAGADIHI","V_TYPE":"VILLAGE","BLOCK":"TILEIBANI","DISTRICT":"DEOGARH"},"geometry":{"type":"Polygon","coordinates":[[[84.93405,21.54915],[84.93478,21.55044],[84.93522,21.55041],[84.94087,21.5485],[84.94415,21.54668],[84.94324,21.54608],[84.94257,21.54603],[84.94036,21.54666],[84.93975,21.54638],[84.93852,21.5446],[84.93727,21.54349],[84.93662,21.54506],[84.93448,21.54771],[84.93405,21.54915]]]}},{"type":"Feature","properties":{"LCODE":"010270027002700080","LOCATION":"TILEIBANI","V_TYPE":"VILLAGE","BLOCK":"TILEIBANI","DISTRICT":"DEOGARH"},"geometry":{"type":"Polygon","coordinates":[[[84.59964,21.54902],[84.60091,21.54929],[84.60471,21.54921],[84.60717,21.54985],[84.60911,21.54872],[84.60964,21.54807],[84.60981,21.54721],[84.60934,21.54509],[84.60801,21.54328],[84.60616,21.54223],[84.60474,21.54203],[84.60267,21.54265],[84.6011,21.54389],[84.60039,21.54482],[84.59969,21.5469],[84.59964,21.54902]]]}},{"type":"Feature","properties":{"LCODE":"010260024002400085","LOCATION":"BADIBAHAL(M)","V_TYPE":"VILLAGE","BLOCK":"BARKOTE","DISTRICT":"DEOGARH"},"geometry":{"type":"Polygon","coordinates":[[[84.44879,21.54786],[84.45268,21.54794],[84.45471,21.54914],[84.46741,21.54483],[84.4703,21.5415],[84.46912,21.53646],[84.46864,21.53589],[84.46734,21.53521],[84.46384,21.53402],[84.46249,21.53322],[84.46017,21.53085],[84.45882,21.53341],[84.45755,21.53485],[84.45432,21.53727],[84.45104,21.5409],[84.44879,21.54786]]]}},{"type":"Feature","properties":{"LCODE":"010260024002400086","LOCATION":"TIKLIPADA","V_TYPE":"VILLAGE","BLOCK":"BARKOTE","DISTRICT":"DEOGARH"},"geometry":{"type":"Polygon","coordinates":[[[84.42008,21.54208],[84.42014,21.54305],[84.42413,21.54407],[84.42543,21.54504],[84.4277,21.54589],[84.42966,21.54714],[84.43082,21.54878],[84.43397,21.54901],[84.43597,21.54803],[84.43903,21.54767],[84.44204,21.54828],[84.44253,21.54862],[84.44879,21.54786],[84.45104,21.5409],[84.45432,21.53727],[84.45755,21.53485],[84.45882,21.53341],[84.46435,21.52362],[84.46291,21.52312],[84.46103,21.5195],[84.46048,21.5166],[84.45938,21.51605],[84.45749,21.51636],[84.45293,21.51793],[84.44892,21.51864],[84.44547,21.51872],[84.44443,21.51792],[84.44276,21.52013],[84.44026,21.52232],[84.43709,21.52365],[84.43127,21.5242],[84.43042,21.52391],[84.42994,21.52307],[84.42835,21.52554],[84.42781,21.5276],[84.42721,21.52869],[84.42297,21.53513],[84.4222,21.53892],[84.4205,21.5403],[84.42008,21.54208]]]}},{"type":"Feature","properties":{"LCODE":"010260024002400094","LOCATION":"BADAKHALIA","V_TYPE":"VILLAGE","BLOCK":"BARKOTE","DISTRICT":"DEOGARH"},"geometry":{"type":"Polygon","coordinates":[[[84.31312,21.54394],[84.3166,21.54753],[84.31925,21.54729],[84.32407,21.54468],[84.32829,21.54466],[84.32951,21.54344],[84.32993,21.54149],[84.33012,21.5375],[84.32947,21.53609],[84.3295,21.5315],[84.33087,21.5258],[84.32957,21.52391],[84.33049,21.52068],[84.32932,21.52007],[84.32841,21.52426],[84.32726,21.52639],[84.32245,21.53021],[84.32008,21.53257],[84.31717,21.53736],[84.3148,21.54041],[84.31312,21.54394]]]}},{"type":"Feature","properties":{"LCODE":"010270026002600154","LOCATION":"GURDU KHAMAN","V_TYPE":"VILLAGE","BLOCK":"TILEIBANI","DISTRICT":"DEOGARH"},"geometry":{"type":"Polygon","coordinates":[[[84.93669,21.53857],[84.93716,21.53925],[84.93753,21.54086],[84.93727,21.54349],[84.93852,21.5446],[84.93975,21.54638],[84.94091,21.5466],[84.94257,21.54603],[84.94324,21.54608],[84.94415,21.54668],[84.94483,21.54528],[84.94514,21.54303],[84.94697,21.54067],[84.94727,21.53803],[84.94831,21.53751],[84.94849,21.53705],[84.94849,21.53188],[84.94818,21.53113],[84.94475,21.52956],[84.94469,21.53171],[84.94414,21.53309],[84.94102,21.53562],[84.94065,21.53649],[84.93919,21.53781],[84.93669,21.53857]]]}},{"type":"Feature","properties":{"LCODE":"01027002700270town","LOCATION":"DEBAGARH","V_TYPE":"TOWN","BLOCK":"TILEIBANI","DISTRICT":"DEOGARH"},"geometry":{"type":"Polygon","coordinates":[[[84.69926,21.54196],[84.70001,21.54281],[84.70124,21.5429],[84.70245,21.54259],[84.70449,21.54036],[84.70629,21.53889],[84.70969,21.53716],[84.71127,21.53701],[84.71307,21.53777],[84.71532,21.53951],[84.71661,21.53982],[84.71712,21.54125],[84.71729,21.5432],[84.71794,21.54485],[84.71913,21.54591],[84.72047,21.54554],[84.72258,21.54406],[84.72496,21.54344],[84.72855,21.54549],[84.73489,21.54633],[84.74082,21.54621],[84.74662,21.54523],[84.7548,21.54289],[84.76123,21.54185],[84.76234,21.54054],[84.76326,21.53719],[84.76332,21.53523],[84.76302,21.53408],[84.76173,21.53299],[84.7602,21.5323],[84.75915,21.53127],[84.75818,21.53156],[84.75671,21.53323],[84.75511,21.53363],[84.7545,21.53352],[84.75401,21.533],[84.75414,21.5318],[84.75506,21.52811],[84.75457,21.52737],[84.7534,21.52714],[84.74684,21.52784],[84.74615,21.52745],[84.74577,21.52682],[84.74535,21.52448],[84.74472,21.52363],[84.74357,21.52394],[84.74177,21.52576],[84.74007,21.52614],[84.73961,21.52483],[84.7404,21.52229],[84.74038,21.52108],[84.73947,21.51909],[84.73881,21.51664],[84.73884,21.51521],[84.73928,21.51368],[84.73465,21.51139],[84.73082,21.51009],[84.72581,21.51037],[84.72453,21.51056],[84.72411,21.51086],[84.72375,21.51179],[84.72495,21.51583],[84.72491,21.5167],[84.72431,21.51734],[84.72334,21.51759],[84.7142,21.51709],[84.71355,21.51683],[84.70815,21.51756],[84.70712,21.51804],[84.7064,21.5188],[84.70631,21.5196],[84.70718,21.52085],[84.70766,21.52331],[84.70926,21.52632],[84.70918,21.52821],[84.70877,21.52914],[84.70811,21.52973],[84.70567,21.53011],[84.70547,21.53231],[84.70327,21.53493],[84.70267,21.53816],[84.70208,21.53926],[84.70039,21.54039],[84.69926,21.54196]]]}},{"type":"Feature","properties":{"LCODE":"010260024002400093","LOCATION":"ARDAPAL","V_TYPE":"VILLAGE","BLOCK":"BARKOTE","DISTRICT":"DEOGARH"},"geometry":{"type":"Polygon","coordinates":[[[84.32951,21.54344],[84.33023,21.54588],[84.33106,21.54614],[84.33504,21.54629],[84.33858,21.54524],[84.34029,21.54519],[84.33943,21.54357],[84.33953,21.54024],[84.34001,21.53972],[84.34191,21.53908],[84.34239,21.53856],[84.34233,21.53804],[84.34104,21.53776],[84.34067,21.53707],[84.34061,21.53627],[84.34145,21.53552],[84.34164,21.535],[84.34058,21.5319],[84.33954,21.53185],[84.33849,21.53117],[84.33805,21.52967],[84.33732,21.5291],[84.33599,21.52851],[84.33496,21.53388],[84.33442,21.53578],[84.33357,21.53705],[84.3329,21.53774],[84.33162,21.53821],[84.33095,21.53815],[84.33012,21.5375],[84.32993,21.54149],[84.32951,21.54344]]]}},{"type":"Feature","properties":{"LCODE":"010270026002600156","LOCATION":"BAGHAMUNDA","V_TYPE":"VILLAGE","BLOCK":"TILEIBANI","DISTRICT":"DEOGARH"},"geometry":{"type":"Polygon","coordinates":[[[84.89899,21.54213],[84.89998,21.54587],[84.90022,21.5461],[84.90083,21.54598],[84.90206,21.54506],[84.90316,21.54356],[84.90334,21.54149],[84.90444,21.53937],[84.9042,21.53839],[84.90383,21.53816],[84.90297,21.53833],[84.90101,21.54046],[84.89924,21.54144],[84.89899,21.54213]]]}},{"type":"Feature","properties":{"LCODE":"010270027002700101","LOCATION":"KUREIBAHAL","V_TYPE":"VILLAGE","BLOCK":"TILEIBANI","DISTRICT":"DEOGARH"},"geometry":{"type":"Polygon","coordinates":[[[84.6328,21.53955],[84.63313,21.54029],[84.63501,21.54232],[84.63571,21.54391],[84.63776,21.54525],[84.63955,21.54573],[84.64452,21.54609],[84.648,21.54584],[84.64927,21.54608],[84.64966,21.54564],[84.64971,21.54472],[84.64845,21.54388],[84.64719,21.5423],[84.64576,21.53891],[84.64387,21.53829],[84.64313,21.53831],[84.64161,21.53903],[84.6394,21.53884],[84.63838,21.53967],[84.63667,21.53982],[84.63341,21.5392],[84.6328,21.53955]]]}},{"type":"Feature","properties":{"LCODE":"010260024002400091","LOCATION":"CHINIMAHUL","V_TYPE":"VILLAGE","BLOCK":"BARKOTE","DISTRICT":"DEOGARH"},"geometry":{"type":"Polygon","coordinates":[[[84.3335,21.52625],[84.33449,21.52774],[84.33805,21.52967],[84.33824,21.53082],[84.33904,21.53162],[84.34058,21.5319],[84.34138,21.53397],[84.34164,21.535],[84.34145,21.53552],[84.34061,21.53627],[84.34067,21.53707],[84.34104,21.53776],[84.34233,21.53804],[84.34239,21.53856],[84.34191,21.53908],[84.34001,21.53972],[84.33953,21.54024],[84.33943,21.54357],[84.34029,21.54519],[84.34232,21.54476],[84.34596,21.54187],[84.34866,21.54249],[84.35526,21.54056],[84.35825,21.53848],[84.36179,21.53772],[84.36368,21.53645],[84.36581,21.53448],[84.36745,21.53356],[84.3724,21.53221],[84.37376,21.53159],[84.37426,21.53091],[84.36897,21.52641],[84.36648,21.52466],[84.36537,21.52217],[84.35886,21.51999],[84.34798,21.51495],[84.34751,21.51596],[84.34502,21.51908],[84.33373,21.52529],[84.3335,21.52625]]]}},{"type":"Feature","properties":{"LCODE":"010270027002700102","LOCATION":"KHARUMUNDA","V_TYPE":"VILLAGE","BLOCK":"TILEIBANI","DISTRICT":"DEOGARH"},"geometry":{"type":"Polygon","coordinates":[[[84.64576,21.53891],[84.64719,21.5423],[84.64845,21.54388],[84.64964,21.54477],[84.64994,21.54454],[84.65014,21.54235],[84.64967,21.54035],[84.6489,21.53899],[84.64716,21.53805],[84.64649,21.53812],[84.64576,21.53891]]]}},{"type":"Feature","properties":{"LCODE":"010270027002700106","LOCATION":"BHUKABEDA","V_TYPE":"VILLAGE","BLOCK":"TILEIBANI","DISTRICT":"DEOGARH"},"geometry":{"type":"Polygon","coordinates":[[[84.67556,21.54395],[84.67938,21.54347],[84.68132,21.54239],[84.68399,21.54148],[84.68871,21.5385],[84.68895,21.53569],[84.68866,21.53374],[84.68777,21.53185],[84.68745,21.53168],[84.68449,21.53332],[84.68052,21.53678],[84.6785,21.53975],[84.67611,21.54239],[84.67556,21.54395]]]}},{"type":"Feature","properties":{"LCODE":"010270027002700105","LOCATION":"NUABHUIN","V_TYPE":"VILLAGE","BLOCK":"TILEIBANI","DISTRICT":"DEOGARH"},"geometry":{"type":"Polygon","coordinates":[[[84.66629,21.53148],[84.66701,21.53207],[84.67016,21.5335],[84.67184,21.53467],[84.67216,21.53541],[84.67242,21.53626],[84.67224,21.53902],[84.67138,21.5418],[84.67001,21.54329],[84.67284,21.54383],[84.67556,21.54395],[84.67611,21.54239],[84.6785,21.53975],[84.68052,21.53678],[84.68449,21.53332],[84.68745,21.53168],[84.68607,21.53018],[84.68514,21.52968],[84.68158,21.52918],[84.67643,21.52895],[84.67065,21.52798],[84.66856,21.52727],[84.66813,21.52745],[84.6673,21.52868],[84.66629,21.53148]]]}},{"type":"Feature","properties":{"LCODE":"010260024002400096","LOCATION":"TILEIMAL","V_TYPE":"VILLAGE","BLOCK":"BARKOTE","DISTRICT":"DEOGARH"},"geometry":{"type":"Polygon","coordinates":[[[84.25177,21.52909],[84.25275,21.53024],[84.2551,21.53541],[84.25812,21.54354],[84.2651,21.53806],[84.27101,21.53441],[84.27186,21.53337],[84.2721,21.53245],[84.27203,21.53067],[84.2711,21.52918],[84.26852,21.52718],[84.26521,21.52582],[84.26239,21.52594],[84.25775,21.52798],[84.25177,21.52909]]]}},{"type":"Feature","properties":{"LCODE":"010260024002400088","LOCATION":"ARJUNPALI","V_TYPE":"VILLAGE","BLOCK":"BARKOTE","DISTRICT":"DEOGARH"},"geometry":{"type":"Polygon","coordinates":[[[84.40486,21.52856],[84.40544,21.53085],[84.40546,21.53441],[84.40599,21.53934],[84.40636,21.54077],[84.4073,21.54232],[84.41085,21.54328],[84.41207,21.54264],[84.41293,21.54269],[84.4139,21.54206],[84.41611,21.54319],[84.42014,21.54305],[84.42008,21.54208],[84.4205,21.5403],[84.4222,21.53892],[84.42297,21.53513],[84.42721,21.52869],[84.42781,21.5276],[84.42835,21.52554],[84.42817,21.52582],[84.42603,21.52588],[84.42462,21.52629],[84.42114,21.52768],[84.4162,21.52908],[84.41204,21.52922],[84.40891,21.52883],[84.40781,21.52843],[84.40486,21.52856]]]}},{"type":"Feature","properties":{"LCODE":"010260024002400084","LOCATION":"KANSAR","V_TYPE":"VILLAGE","BLOCK":"BARKOTE","DISTRICT":"DEOGARH"},"geometry":{"type":"Polygon","coordinates":[[[84.46017,21.53085],[84.46249,21.53322],[84.46384,21.53402],[84.46587,21.53458],[84.46864,21.53589],[84.46957,21.5376],[84.4702,21.54138],[84.47205,21.54286],[84.47303,21.54303],[84.47804,21.54174],[84.48027,21.54075],[84.47895,21.54071],[84.47852,21.54025],[84.47802,21.53911],[84.47868,21.53721],[84.47929,21.53664],[84.4813,21.53565],[84.48276,21.53444],[84.48373,21.53347],[84.48506,21.53136],[84.48316,21.53112],[84.48193,21.53047],[84.48114,21.53084],[84.47803,21.53137],[84.47454,21.53259],[84.47326,21.53266],[84.47134,21.52906],[84.46995,21.52369],[84.46928,21.52351],[84.46435,21.52362],[84.46017,21.53085]]]}},{"type":"Feature","properties":{"LCODE":"010270027002700108","LOCATION":"KUROD","V_TYPE":"VILLAGE","BLOCK":"TILEIBANI","DISTRICT":"DEOGARH"},"geometry":{"type":"Polygon","coordinates":[[[84.68961,21.53042],[84.69138,21.53208],[84.69209,21.53356],[84.69211,21.53431],[84.69135,21.53604],[84.6906,21.53898],[84.69926,21.54196],[84.70039,21.54039],[84.70208,21.53926],[84.70267,21.53816],[84.70327,21.53493],[84.70547,21.53231],[84.70575,21.53092],[84.70541,21.52921],[84.70435,21.5282],[84.70262,21.52783],[84.70107,21.52666],[84.69842,21.5262],[84.69768,21.52575],[84.69742,21.52518],[84.69737,21.52323],[84.69706,21.52289],[84.69318,21.5247],[84.69119,21.52606],[84.69012,21.52792],[84.68961,21.53042]]]}},{"type":"Feature","properties":{"LCODE":"010270026002600155","LOCATION":"GOPAL PALI","V_TYPE":"VILLAGE","BLOCK":"TILEIBANI","DISTRICT":"DEOGARH"},"geometry":{"type":"Polygon","coordinates":[[[84.9287,21.53588],[84.9287,21.53651],[84.93043,21.54053],[84.93098,21.54133],[84.93196,21.54156],[84.93312,21.54098],[84.93502,21.53903],[84.93839,21.53816],[84.94016,21.537],[84.94102,21.53562],[84.94414,21.53309],[84.94469,21.53171],[84.94475,21.52956],[84.94135,21.52844],[84.93984,21.52838],[84.93562,21.52891],[84.93335,21.5296],[84.93133,21.53104],[84.93066,21.53259],[84.92913,21.53432],[84.9287,21.53588]]]}},{"type":"Feature","properties":{"LCODE":"010270027002700129","LOCATION":"BRAJAMOHANPUR","V_TYPE":"VILLAGE","BLOCK":"TILEIBANI","DISTRICT":"DEOGARH"},"geometry":{"type":"Polygon","coordinates":[[[84.74556,21.52541],[84.74577,21.52682],[84.74615,21.52745],[84.74684,21.52784],[84.7534,21.52714],[84.75457,21.52737],[84.75506,21.52811],[84.75414,21.5318],[84.75401,21.533],[84.7545,21.53352],[84.75511,21.53363],[84.75671,21.53323],[84.75818,21.53156],[84.75915,21.53127],[84.7602,21.5323],[84.76173,21.53299],[84.76302,21.53408],[84.76332,21.53523],[84.76326,21.53719],[84.76234,21.54054],[84.76302,21.53989],[84.76454,21.5392],[84.76914,21.53908],[84.77103,21.53818],[84.77142,21.53229],[84.76909,21.52943],[84.76443,21.53023],[84.76297,21.53072],[84.76197,21.53043],[84.76001,21.52938],[84.75838,21.52785],[84.75819,21.52633],[84.75867,21.52511],[84.75813,21.5246],[84.75555,21.52507],[84.75114,21.52467],[84.74556,21.52541]]]}},{"type":"Feature","properties":{"LCODE":"010270027002700100","LOCATION":"GHASIAPAL","V_TYPE":"VILLAGE","BLOCK":"TILEIBANI","DISTRICT":"DEOGARH"},"geometry":{"type":"Polygon","coordinates":[[[84.62376,21.53796],[84.62397,21.53899],[84.62527,21.53977],[84.62865,21.54039],[84.63062,21.54034],[84.63152,21.53992],[84.63176,21.53952],[84.63221,21.53756],[84.63195,21.53676],[84.63107,21.53568],[84.62896,21.53452],[84.6278,21.53449],[84.62511,21.53506],[84.6241,21.53634],[84.62376,21.53796]]]}},{"type":"Feature","properties":{"LCODE":"010270026002600157","LOCATION":"BARADA","V_TYPE":"VILLAGE","BLOCK":"TILEIBANI","DISTRICT":"DEOGARH"},"geometry":{"type":"Polygon","coordinates":[[[84.87846,21.53377],[84.8787,21.53487],[84.87962,21.53647],[84.88067,21.53751],[84.88146,21.53894],[84.8833,21.53929],[84.88667,21.53899],[84.88906,21.53841],[84.88992,21.53793],[84.88949,21.53715],[84.8886,21.53355],[84.88642,21.53261],[84.88477,21.53244],[84.87943,21.53285],[84.8787,21.53326],[84.87846,21.53377]]]}},{"type":"Feature","properties":{"LCODE":"010270027002700107","LOCATION":"BADBALIPASI","V_TYPE":"VILLAGE","BLOCK":"TILEIBANI","DISTRICT":"DEOGARH"},"geometry":{"type":"Polygon","coordinates":[[[84.68777,21.53185],[84.68866,21.53374],[84.68895,21.53569],[84.68871,21.5385],[84.6906,21.53898],[84.69135,21.53604],[84.69211,21.53431],[84.69183,21.53288],[84.69138,21.53208],[84.68961,21.53042],[84.6888,21.5315],[84.68777,21.53185]]]}},{"type":"Feature","properties":{"LCODE":"010270027002700085","LOCATION":"BINDAPUR","V_TYPE":"VILLAGE","BLOCK":"TILEIBANI","DISTRICT":"DEOGARH"},"geometry":{"type":"Polygon","coordinates":[[[84.59347,21.52991],[84.59438,21.53265],[84.59613,21.53451],[84.60149,21.53888],[84.60356,21.53838],[84.60416,21.53796],[84.60487,21.53646],[84.60664,21.53613],[84.60735,21.53514],[84.60714,21.53348],[84.6063,21.53143],[84.60634,21.52758],[84.60695,21.52441],[84.60625,21.52304],[84.60469,21.52193],[84.60272,21.52139],[84.60003,21.52134],[84.59668,21.52221],[84.59583,21.52291],[84.59477,21.52501],[84.59347,21.52991]]]}},{"type":"Feature","properties":{"LCODE":"010270027002700130","LOCATION":"BANIAKILINDA","V_TYPE":"VILLAGE","BLOCK":"TILEIBANI","DISTRICT":"DEOGARH"},"geometry":{"type":"Polygon","coordinates":[[[84.76909,21.52943],[84.77142,21.53229],[84.77103,21.53818],[84.77521,21.5363],[84.78109,21.53555],[84.78214,21.53601],[84.7825,21.53652],[84.78268,21.53819],[84.78305,21.53865],[84.78434,21.53888],[84.78857,21.53726],[84.79035,21.53641],[84.79059,21.53593],[84.79059,21.53513],[84.78967,21.53427],[84.78814,21.53346],[84.78704,21.53232],[84.78674,21.53099],[84.78728,21.52961],[84.7882,21.52925],[84.78728,21.52818],[84.78771,21.52444],[84.78728,21.52375],[84.78606,21.52444],[84.78385,21.52657],[84.78239,21.52726],[84.77632,21.52796],[84.76909,21.52943]]]}},{"type":"Feature","properties":{"LCODE":"010300027002700008","LOCATION":"KAKUDIKHAMAN","V_TYPE":"VILLAGE","BLOCK":"TILEIBANI","DISTRICT":"DEOGARH"},"geometry":{"type":"Polygon","coordinates":[[[84.50946,21.53848],[84.51132,21.53845],[84.51351,21.53743],[84.51962,21.53633],[84.52009,21.53574],[84.52014,21.53189],[84.51879,21.53169],[84.51585,21.53186],[84.51347,21.53243],[84.51046,21.53376],[84.51049,21.53634],[84.50946,21.53848]]]}},{"type":"Feature","properties":{"LCODE":"010300027002700007","LOCATION":"BANJARI","V_TYPE":"VILLAGE","BLOCK":"TILEIBANI","DISTRICT":"DEOGARH"},"geometry":{"type":"Polygon","coordinates":[[[84.49844,21.53584],[84.49932,21.53738],[84.50703,21.53791],[84.50946,21.53848],[84.51049,21.53634],[84.51063,21.53415],[84.51046,21.53376],[84.50634,21.5339],[84.49844,21.53584]]]}},{"type":"Feature","properties":{"LCODE":"010260024002400092","LOCATION":"BRAHMANIPALI","V_TYPE":"VILLAGE","BLOCK":"BARKOTE","DISTRICT":"DEOGARH"},"geometry":{"type":"Polygon","coordinates":[[[84.32933,21.53402],[84.32947,21.53609],[84.33002,21.53741],[84.33095,21.53815],[84.33223,21.53809],[84.3329,21.53774],[84.33442,21.53578],[84.33597,21.52882],[84.33599,21.52851],[84.33449,21.52774],[84.3335,21.52625],[84.33368,21.52476],[84.33182,21.52149],[84.33049,21.52068],[84.32957,21.52391],[84.33087,21.5258],[84.32985,21.52931],[84.32933,21.53402]]]}},{"type":"Feature","properties":{"LCODE":"010270027002700131","LOCATION":"PODAPADA [SAN]","V_TYPE":"VILLAGE","BLOCK":"TILEIBANI","DISTRICT":"DEOGARH"},"geometry":{"type":"Polygon","coordinates":[[[84.78674,21.53099],[84.78704,21.53232],[84.78814,21.53346],[84.78967,21.53427],[84.79059,21.53513],[84.79035,21.53641],[84.79475,21.53662],[84.79635,21.53742],[84.79708,21.53748],[84.79904,21.53698],[84.79868,21.53535],[84.79531,21.5323],[84.789,21.52996],[84.7882,21.52925],[84.78728,21.52961],[84.78674,21.53099]]]}},{"type":"Feature","properties":{"LCODE":"010270027002700168","LOCATION":"KALAMATI","V_TYPE":"VILLAGE","BLOCK":"TILEIBANI","DISTRICT":"DEOGARH"},"geometry":{"type":"Polygon","coordinates":[[[84.78722,21.5272],[84.78728,21.52818],[84.789,21.52996],[84.79531,21.5323],[84.79653,21.53328],[84.79868,21.53535],[84.79904,21.53698],[84.80395,21.53666],[84.80658,21.53476],[84.8094,21.53372],[84.81063,21.53291],[84.81106,21.53084],[84.80928,21.52653],[84.80932,21.52579],[84.80873,21.52469],[84.80665,21.51699],[84.80762,21.51027],[84.80291,21.50929],[84.79993,21.50804],[84.80003,21.5082],[84.79783,21.51062],[84.79684,21.51367],[84.79587,21.51511],[84.79237,21.51799],[84.7879,21.52288],[84.78732,21.52381],[84.78771,21.52444],[84.78722,21.5272]]]}},{"type":"Feature","properties":{"LCODE":"010300027002700006","LOCATION":"GUNDEIMARA","V_TYPE":"VILLAGE","BLOCK":"TILEIBANI","DISTRICT":"DEOGARH"},"geometry":{"type":"Polygon","coordinates":[[[84.49675,21.53343],[84.49844,21.53584],[84.50506,21.5341],[84.50995,21.53388],[84.51347,21.53243],[84.51585,21.53186],[84.51879,21.53169],[84.52014,21.53189],[84.52084,21.52998],[84.52081,21.52837],[84.52014,21.52562],[84.5197,21.52175],[84.51786,21.52171],[84.51202,21.52326],[84.50507,21.52405],[84.50447,21.52583],[84.50269,21.52857],[84.50172,21.52962],[84.49675,21.53343]]]}},{"type":"Feature","properties":{"LCODE":"010260024002400083","LOCATION":"BARAMUSA","V_TYPE":"VILLAGE","BLOCK":"BARKOTE","DISTRICT":"DEOGARH"},"geometry":{"type":"Polygon","coordinates":[[[84.46995,21.52369],[84.47134,21.52906],[84.47326,21.53266],[84.47454,21.53259],[84.47803,21.53137],[84.48181,21.53067],[84.48206,21.53027],[84.48205,21.52946],[84.4813,21.52763],[84.4809,21.5247],[84.47816,21.52548],[84.47698,21.52548],[84.47101,21.52438],[84.46995,21.52369]]]}},{"type":"Feature","properties":{"LCODE":"010270026002600160","LOCATION":"PUIPANI","V_TYPE":"VILLAGE","BLOCK":"TILEIBANI","DISTRICT":"DEOGARH"},"geometry":{"type":"Polygon","coordinates":[[[84.88722,21.51831],[84.8877,21.5187],[84.88794,21.51944],[84.88782,21.52203],[84.88739,21.52408],[84.88868,21.52398],[84.89027,21.5245],[84.89058,21.52634],[84.89009,21.52789],[84.89046,21.52835],[84.8915,21.52869],[84.89487,21.52897],[84.89573,21.53024],[84.89653,21.53064],[84.90223,21.53005],[84.90541,21.53183],[84.90627,21.53183],[84.90891,21.53092],[84.91,21.52694],[84.90939,21.5259],[84.90546,21.52275],[84.9046,21.52131],[84.90393,21.51878],[84.90381,21.51769],[84.90435,21.51539],[84.90619,21.51171],[84.90613,21.51113],[84.90472,21.50993],[84.89948,21.50823],[84.89828,21.50931],[84.89523,21.51408],[84.89051,21.51535],[84.88722,21.51831]]]}},{"type":"Feature","properties":{"LCODE":"010260024002400082","LOCATION":"BAINJHARI","V_TYPE":"VILLAGE","BLOCK":"BARKOTE","DISTRICT":"DEOGARH"},"geometry":{"type":"Polygon","coordinates":[[[84.4809,21.5247],[84.4813,21.52763],[84.48205,21.52946],[84.48193,21.53047],[84.48243,21.5309],[84.48421,21.5314],[84.48506,21.53136],[84.48689,21.5303],[84.48792,21.52909],[84.48938,21.52811],[84.49041,21.5265],[84.49167,21.52535],[84.48932,21.52414],[84.48563,21.52344],[84.48351,21.52359],[84.4809,21.5247]]]}},{"type":"Feature","properties":{"LCODE":"010260024002400090","LOCATION":"KHAIRDIHI","V_TYPE":"VILLAGE","BLOCK":"BARKOTE","DISTRICT":"DEOGARH"},"geometry":{"type":"Polygon","coordinates":[[[84.36897,21.52641],[84.37426,21.53091],[84.37611,21.52967],[84.38094,21.52873],[84.38945,21.52852],[84.39049,21.52805],[84.39383,21.52448],[84.39529,21.5239],[84.39737,21.52355],[84.40276,21.52341],[84.40317,21.52365],[84.40206,21.52008],[84.39965,21.51734],[84.39921,21.51499],[84.39209,21.51209],[84.38498,21.50983],[84.38203,21.50847],[84.37933,21.5064],[84.37893,21.51112],[84.37833,21.51233],[84.37608,21.51417],[84.3745,21.51636],[84.37428,21.51923],[84.37355,21.52159],[84.37263,21.52188],[84.37185,21.52275],[84.37199,21.52458],[84.3715,21.52539],[84.36942,21.52603],[84.36897,21.52641]]]}},{"type":"Feature","properties":{"LCODE":"010270027002700128","LOCATION":"ROUTMARA","V_TYPE":"VILLAGE","BLOCK":"TILEIBANI","DISTRICT":"DEOGARH"},"geometry":{"type":"Polygon","coordinates":[[[84.75819,21.52633],[84.75838,21.52785],[84.76001,21.52938],[84.76297,21.53072],[84.76443,21.53023],[84.77458,21.52834],[84.77295,21.52659],[84.77007,21.52447],[84.76744,21.52355],[84.76498,21.52344],[84.76407,21.52287],[84.76308,21.52321],[84.7626,21.52396],[84.75867,21.52511],[84.75819,21.52633]]]}},{"type":"Feature","properties":{"LCODE":"010270027002700109","LOCATION":"BELMARA","V_TYPE":"VILLAGE","BLOCK":"TILEIBANI","DISTRICT":"DEOGARH"},"geometry":{"type":"Polygon","coordinates":[[[84.69706,21.52289],[84.69737,21.52323],[84.69742,21.52518],[84.69768,21.52575],[84.69842,21.5262],[84.70107,21.52666],[84.70262,21.52783],[84.70435,21.5282],[84.70541,21.52921],[84.70567,21.53011],[84.70811,21.52973],[84.70877,21.52914],[84.7094,21.527],[84.70926,21.52632],[84.70766,21.52331],[84.70718,21.52085],[84.70631,21.5196],[84.70453,21.51993],[84.69997,21.52146],[84.69706,21.52289]]]}},{"type":"Feature","properties":{"LCODE":"010270027002700086","LOCATION":"LAXMIPUR","V_TYPE":"VILLAGE","BLOCK":"TILEIBANI","DISTRICT":"DEOGARH"},"geometry":{"type":"Polygon","coordinates":[[[84.53606,21.52265],[84.53667,21.52511],[84.5388,21.52794],[84.53967,21.52861],[84.54182,21.5292],[84.54545,21.52958],[84.55094,21.52867],[84.55167,21.52802],[84.55242,21.52628],[84.55399,21.52447],[84.55439,21.52348],[84.55473,21.52198],[84.55456,21.51963],[84.55537,21.51726],[84.55523,21.51651],[84.55392,21.51516],[84.55228,21.51249],[84.55004,21.51099],[84.54697,21.51025],[84.54362,21.511],[84.54021,21.51222],[84.53864,21.51329],[84.5374,21.51561],[84.53724,21.51694],[84.53642,21.51914],[84.53606,21.52265]]]}},{"type":"Feature","properties":{"LCODE":"010270026002600158","LOCATION":"SARASPASI","V_TYPE":"VILLAGE","BLOCK":"TILEIBANI","DISTRICT":"DEOGARH"},"geometry":{"type":"Polygon","coordinates":[[[84.86859,21.51705],[84.86926,21.51936],[84.8703,21.52689],[84.87086,21.52844],[84.87147,21.52913],[84.87276,21.52924],[84.87416,21.52717],[84.8744,21.52562],[84.87465,21.52199],[84.87409,21.51975],[84.8725,21.51797],[84.87103,21.51717],[84.86859,21.51705]]]}},{"type":"Feature","properties":{"LCODE":"010260024002400097","LOCATION":"LAIJHAR","V_TYPE":"VILLAGE","BLOCK":"BARKOTE","DISTRICT":"DEOGARH"},"geometry":{"type":"Polygon","coordinates":[[[84.22266,21.5218],[84.22467,21.52252],[84.22638,21.52413],[84.23443,21.52866],[84.23589,21.52873],[84.23644,21.52787],[84.23683,21.52777],[84.23585,21.52426],[84.23391,21.52063],[84.23154,21.51849],[84.23026,21.51791],[84.22689,21.51823],[84.22421,21.5177],[84.22308,21.5168],[84.22346,21.51935],[84.22334,21.5205],[84.22266,21.5218]]]}},{"type":"Feature","properties":{"LCODE":"010270027002700127","LOCATION":"SUNAMUNDA","V_TYPE":"VILLAGE","BLOCK":"TILEIBANI","DISTRICT":"DEOGARH"},"geometry":{"type":"Polygon","coordinates":[[[84.76555,21.51038],[84.76567,21.51153],[84.76683,21.51372],[84.76744,21.51395],[84.77069,21.5136],[84.7721,21.51371],[84.77241,21.51515],[84.77179,21.51762],[84.77179,21.52073],[84.77105,21.52199],[84.77161,21.52412],[84.7724,21.52527],[84.77245,21.52622],[84.77458,21.52834],[84.78239,21.52726],[84.78385,21.52657],[84.78606,21.52444],[84.78732,21.52381],[84.79011,21.52024],[84.79482,21.51574],[84.79587,21.51511],[84.79684,21.51367],[84.79701,21.51269],[84.79532,21.51338],[84.79342,21.51356],[84.79011,21.51103],[84.78962,21.51017],[84.78962,21.5092],[84.79066,21.50609],[84.79115,21.50338],[84.79121,21.502],[84.79078,21.50042],[84.79149,21.5003],[84.79144,21.49938],[84.79076,21.49822],[84.78666,21.49637],[84.78593,21.49505],[84.78611,21.49465],[84.78777,21.49448],[84.78863,21.49408],[84.78906,21.49356],[84.78925,21.49265],[84.78867,21.49116],[84.78687,21.48999],[84.78415,21.49413],[84.77916,21.49957],[84.77719,21.50088],[84.76915,21.50304],[84.77106,21.50508],[84.77131,21.50618],[84.77052,21.50687],[84.76725,21.50792],[84.76555,21.51038]]]}},{"type":"Feature","properties":{"LCODE":"010270026002600167","LOCATION":"CHHURIABAHAL","V_TYPE":"VILLAGE","BLOCK":"TILEIBANI","DISTRICT":"DEOGARH"},"geometry":{"type":"Polygon","coordinates":[[[84.8393,21.5178],[84.83979,21.52303],[84.84328,21.52463],[84.84328,21.52532],[84.84359,21.52572],[84.84494,21.52555],[84.84579,21.52612],[84.84616,21.52773],[84.8469,21.52813],[84.8493,21.52806],[84.8499,21.52698],[84.85069,21.52399],[84.8499,21.5206],[84.85002,21.5195],[84.85066,21.51793],[84.85014,21.51732],[84.84837,21.51657],[84.84058,21.51619],[84.83968,21.51642],[84.8393,21.5178]]]}},{"type":"Feature","properties":{"LCODE":"010270027002700172","LOCATION":"KANKADAKHAI","V_TYPE":"VILLAGE","BLOCK":"TILEIBANI","DISTRICT":"DEOGARH"},"geometry":{"type":"Polygon","coordinates":[[[84.8082,21.52234],[84.80873,21.52469],[84.80932,21.52579],[84.80977,21.52526],[84.81118,21.52497],[84.81314,21.5256],[84.81657,21.5279],[84.81798,21.52807],[84.81828,21.52766],[84.81834,21.52571],[84.81715,21.51934],[84.8159,21.51962],[84.81271,21.52106],[84.8082,21.52234]]]}},{"type":"Feature","properties":{"LCODE":"010270026002600159","LOCATION":"GOUDNALI","V_TYPE":"VILLAGE","BLOCK":"TILEIBANI","DISTRICT":"DEOGARH"},"geometry":{"type":"Polygon","coordinates":[[[84.87698,21.52412],[84.87735,21.52601],[84.87992,21.52733],[84.88255,21.52744],[84.88507,21.52698],[84.88602,21.52649],[84.88586,21.52514],[84.88629,21.5245],[84.88739,21.52408],[84.88794,21.52082],[84.8877,21.5187],[84.88722,21.51831],[84.88641,21.51824],[84.88157,21.51962],[84.87777,21.52193],[84.87716,21.52291],[84.87698,21.52412]]]}},{"type":"Feature","properties":{"LCODE":"010260024002400089","LOCATION":"PATABANDHA","V_TYPE":"VILLAGE","BLOCK":"BARKOTE","DISTRICT":"DEOGARH"},"geometry":{"type":"Polygon","coordinates":[[[84.3992,21.5139],[84.39965,21.51734],[84.40206,21.52008],[84.40294,21.52312],[84.40387,21.52467],[84.40453,21.52708],[84.40511,21.52684],[84.40699,21.52488],[84.40765,21.5239],[84.40801,21.52264],[84.40772,21.51656],[84.40722,21.51386],[84.40653,21.51215],[84.40536,21.50991],[84.40474,21.50946],[84.40401,21.50935],[84.40334,21.50952],[84.40218,21.5105],[84.40095,21.51022],[84.39997,21.5104],[84.39961,21.51114],[84.3992,21.5139]]]}},{"type":"Feature","properties":{"LCODE":"010260024002400109","LOCATION":"CHHEMANDA","V_TYPE":"VILLAGE","BLOCK":"BARKOTE","DISTRICT":"DEOGARH"},"geometry":{"type":"Polygon","coordinates":[[[84.35909,21.51318],[84.36041,21.51407],[84.36139,21.51401],[84.36584,21.51209],[84.36835,21.51249],[84.3686,21.51283],[84.36824,21.51409],[84.36672,21.51594],[84.36755,21.51949],[84.36559,21.52111],[84.36537,21.52217],[84.36648,21.52466],[84.36897,21.52641],[84.36942,21.52603],[84.3715,21.52539],[84.37199,21.52458],[84.37185,21.52275],[84.37263,21.52188],[84.37355,21.52159],[84.37398,21.52038],[84.3745,21.51636],[84.37608,21.51417],[84.37833,21.51233],[84.37893,21.51112],[84.37903,21.5079],[84.37968,21.50469],[84.37979,21.50256],[84.37569,21.50178],[84.37312,21.5019],[84.37074,21.50226],[84.36524,21.50452],[84.36316,21.50459],[84.36034,21.50409],[84.35913,21.50621],[84.35934,21.51097],[84.35909,21.51318]]]}},{"type":"Feature","properties":{"LCODE":"010270027002700125","LOCATION":"CHIRIGUNIKUDAR","V_TYPE":"VILLAGE","BLOCK":"TILEIBANI","DISTRICT":"DEOGARH"},"geometry":{"type":"Polygon","coordinates":[[[84.76354,21.52305],[84.76407,21.52287],[84.76498,21.52344],[84.76744,21.52355],[84.77007,21.52447],[84.77245,21.52622],[84.7724,21.52527],[84.77161,21.52412],[84.77109,21.52172],[84.7683,21.51998],[84.76793,21.51728],[84.76732,21.51636],[84.76623,21.51548],[84.76517,21.51654],[84.76438,21.51826],[84.76364,21.52108],[84.76354,21.52305]]]}},{"type":"Feature","properties":{"LCODE":"010270027002700123","LOCATION":"NUAGAON","V_TYPE":"VILLAGE","BLOCK":"TILEIBANI","DISTRICT":"DEOGARH"},"geometry":{"type":"Polygon","coordinates":[[[84.73961,21.52483],[84.74007,21.52614],[84.74177,21.52576],[84.74357,21.52394],[84.74466,21.52363],[84.74493,21.52185],[84.74535,21.52144],[84.75065,21.52003],[84.75439,21.51828],[84.75611,21.51627],[84.75967,21.50792],[84.76001,21.50654],[84.75539,21.50655],[84.75012,21.50706],[84.74653,21.50891],[84.7451,21.51077],[84.74316,21.51712],[84.74175,21.51968],[84.74031,21.52087],[84.7404,21.52229],[84.73961,21.52483]]]}},{"type":"Feature","properties":{"LCODE":"010270027002700124","LOCATION":"SAMANTARAPALI","V_TYPE":"VILLAGE","BLOCK":"TILEIBANI","DISTRICT":"DEOGARH"},"geometry":{"type":"Polygon","coordinates":[[[84.74465,21.52312],[84.74466,21.52363],[84.74535,21.52448],[84.74556,21.52541],[84.75114,21.52467],[84.75555,21.52507],[84.75813,21.5246],[84.75867,21.52511],[84.7626,21.52396],[84.76308,21.52321],[84.76354,21.52305],[84.76364,21.52108],[84.76469,21.51752],[84.76517,21.51654],[84.76653,21.5151],[84.76696,21.51377],[84.7664,21.51326],[84.76567,21.51153],[84.76555,21.51038],[84.76727,21.50797],[84.76714,21.50756],[84.76524,21.50624],[84.76427,21.50602],[84.76001,21.50654],[84.75967,21.50792],[84.75611,21.51627],[84.75525,21.51736],[84.75439,21.51828],[84.75231,21.51938],[84.74535,21.52144],[84.74493,21.52185],[84.74465,21.52312]]]}},{"type":"Feature","properties":{"LCODE":"010260024002400107","LOCATION":"AMBLANG","V_TYPE":"VILLAGE","BLOCK":"BARKOTE","DISTRICT":"DEOGARH"},"geometry":{"type":"Polygon","coordinates":[[[84.32926,21.51438],[84.32959,21.51754],[84.32932,21.52007],[84.33139,21.52103],[84.33182,21.52149],[84.33331,21.5239],[84.33373,21.52529],[84.34502,21.51908],[84.34751,21.51596],[84.34798,21.51495],[84.34676,21.51459],[84.34247,21.51191],[84.33804,21.50814],[84.33533,21.50683],[84.33448,21.50689],[84.33272,21.50862],[84.33217,21.50977],[84.32956,21.51283],[84.32926,21.51438]]]}},{"type":"Feature","properties":{"LCODE":"010270027002700095","LOCATION":"ARAJUNPALI","V_TYPE":"VILLAGE","BLOCK":"TILEIBANI","DISTRICT":"DEOGARH"},"geometry":{"type":"Polygon","coordinates":[[[84.61538,21.52355],[84.61571,21.52434],[84.61639,21.52496],[84.61835,21.52526],[84.62067,21.52476],[84.62175,21.52359],[84.6218,21.5229],[84.6211,21.52159],[84.61797,21.51832],[84.61581,21.51751],[84.61582,21.51819],[84.61685,21.52041],[84.61639,21.52209],[84.61538,21.52355]]]}},{"type":"Feature","properties":{"LCODE":"010270026002600161","LOCATION":"NUA GAON","V_TYPE":"VILLAGE","BLOCK":"TILEIBANI","DISTRICT":"DEOGARH"},"geometry":{"type":"Polygon","coordinates":[[[84.86452,21.5055],[84.86569,21.50792],[84.86625,21.51034],[84.86859,21.51705],[84.87103,21.51717],[84.8725,21.51797],[84.87409,21.51975],[84.87465,21.52199],[84.8745,21.52481],[84.87495,21.52515],[84.87706,21.52493],[84.87716,21.52291],[84.87777,21.52193],[84.88157,21.51962],[84.88641,21.51824],[84.88722,21.51831],[84.89051,21.51535],[84.89523,21.51408],[84.89828,21.50931],[84.89948,21.50823],[84.89847,21.50798],[84.897,21.50684],[84.89474,21.50253],[84.89288,21.50253],[84.89007,21.50173],[84.8886,21.5019],[84.88345,21.50467],[84.881,21.50548],[84.87984,21.5056],[84.87917,21.50531],[84.87856,21.50295],[84.87586,21.50348],[84.87206,21.50498],[84.86452,21.5055]]]}},{"type":"Feature","properties":{"LCODE":"010300027002700003","LOCATION":"DHAURAKHAMAN","V_TYPE":"VILLAGE","BLOCK":"TILEIBANI","DISTRICT":"DEOGARH"},"geometry":{"type":"Polygon","coordinates":[[[84.46265,21.5226],[84.46346,21.52344],[84.46496,21.52375],[84.46928,21.52351],[84.47157,21.52445],[84.47519,21.52033],[84.47433,21.51881],[84.47388,21.51726],[84.47373,21.51589],[84.47419,21.51286],[84.46834,21.51112],[84.46773,21.51233],[84.4639,21.5173],[84.46304,21.52013],[84.46265,21.5226]]]}},{"type":"Feature","properties":{"LCODE":"010260024002400087","LOCATION":"SALEBHADI","V_TYPE":"VILLAGE","BLOCK":"BARKOTE","DISTRICT":"DEOGARH"},"geometry":{"type":"Polygon","coordinates":[[[84.42994,21.52307],[84.43042,21.52391],[84.43127,21.5242],[84.43526,21.52395],[84.43892,21.52307],[84.44026,21.52232],[84.44276,21.52013],[84.44443,21.51792],[84.44389,21.51738],[84.44263,21.51487],[84.44139,21.50982],[84.44035,21.50879],[84.43998,21.50896],[84.43926,21.5108],[84.43859,21.51161],[84.43604,21.51426],[84.43355,21.51627],[84.43185,21.51829],[84.43046,21.52047],[84.42994,21.52307]]]}},{"type":"Feature","properties":{"LCODE":"010300027002700009","LOCATION":"BENTAKARBAHAL","V_TYPE":"VILLAGE","BLOCK":"TILEIBANI","DISTRICT":"DEOGARH"},"geometry":{"type":"Polygon","coordinates":[[[84.5035,21.52167],[84.50452,21.52215],[84.50507,21.52405],[84.51202,21.52326],[84.51786,21.52171],[84.5197,21.52175],[84.51949,21.5169],[84.51849,21.51182],[84.51474,21.51522],[84.51147,21.51707],[84.50905,21.51884],[84.5035,21.52167]]]}},{"type":"Feature","properties":{"LCODE":"010270027002700099","LOCATION":"CHANDANKHUNTI","V_TYPE":"VILLAGE","BLOCK":"TILEIBANI","DISTRICT":"DEOGARH"},"geometry":{"type":"Polygon","coordinates":[[[84.63213,21.51941],[84.63266,21.52106],[84.63239,21.52302],[84.63271,21.5237],[84.63419,21.52402],[84.63553,21.52353],[84.63678,21.5219],[84.63689,21.52092],[84.63637,21.51955],[84.63599,21.51922],[84.63243,21.51895],[84.63213,21.51941]]]}},{"type":"Feature","properties":{"LCODE":"010300027002700002","LOCATION":"REABAHAL  KUNJABAHAL","V_TYPE":"VILLAGE","BLOCK":"TILEIBANI","DISTRICT":"DEOGARH"},"geometry":{"type":"Polygon","coordinates":[[[84.45731,21.50835],[84.45734,21.51007],[84.45815,21.51414],[84.45749,21.51636],[84.45938,21.51605],[84.46048,21.5166],[84.46103,21.5195],[84.46265,21.5226],[84.46304,21.52013],[84.4639,21.5173],[84.46773,21.51233],[84.4686,21.51001],[84.46877,21.5088],[84.46752,21.50452],[84.46716,21.5013],[84.46433,21.50113],[84.46144,21.50004],[84.46052,21.49994],[84.45924,21.50043],[84.45882,21.50084],[84.45731,21.50835]]]}},{"type":"Feature","properties":{"LCODE":"010270027002700171","LOCATION":"GAJARIBANIA","V_TYPE":"VILLAGE","BLOCK":"TILEIBANI","DISTRICT":"DEOGARH"},"geometry":{"type":"Polygon","coordinates":[[[84.80665,21.51699],[84.80701,21.519],[84.8082,21.52234],[84.81271,21.52106],[84.8159,21.51962],[84.81715,21.51934],[84.81737,21.51898],[84.81912,21.51824],[84.81853,21.51766],[84.81844,21.50852],[84.81608,21.50875],[84.81259,21.50996],[84.81026,21.51043],[84.80898,21.5106],[84.80762,21.51027],[84.80665,21.51699]]]}},{"type":"Feature","properties":{"LCODE":"010270027002700126","LOCATION":"PATAPATHAR","V_TYPE":"VILLAGE","BLOCK":"TILEIBANI","DISTRICT":"DEOGARH"},"geometry":{"type":"Polygon","coordinates":[[[84.76623,21.51548],[84.76732,21.51636],[84.76793,21.51728],[84.7683,21.51998],[84.77081,21.52165],[84.77155,21.52136],[84.77185,21.52009],[84.77179,21.51762],[84.77241,21.51515],[84.7721,21.51371],[84.77069,21.5136],[84.76744,21.51395],[84.76696,21.51377],[84.76623,21.51548]]]}},{"type":"Feature","properties":{"LCODE":"010300027002700004","LOCATION":"MAHULDARH","V_TYPE":"VILLAGE","BLOCK":"TILEIBANI","DISTRICT":"DEOGARH"},"geometry":{"type":"Polygon","coordinates":[[[84.47373,21.51589],[84.47433,21.51881],[84.47528,21.52045],[84.47731,21.52087],[84.48109,21.52033],[84.48657,21.51838],[84.49064,21.51646],[84.49431,21.51299],[84.49472,21.51229],[84.49463,21.51069],[84.49351,21.50973],[84.49216,21.50947],[84.48824,21.50973],[84.48483,21.51037],[84.48051,21.51178],[84.47419,21.51286],[84.47373,21.51589]]]}},{"type":"Feature","properties":{"LCODE":"010270027002700121","LOCATION":"KALANDA","V_TYPE":"VILLAGE","BLOCK":"TILEIBANI","DISTRICT":"DEOGARH"},"geometry":{"type":"Polygon","coordinates":[[[84.73881,21.51664],[84.73947,21.51909],[84.74031,21.52087],[84.74175,21.51968],[84.74316,21.51712],[84.7451,21.51077],[84.74653,21.50891],[84.75012,21.50706],[84.75539,21.50655],[84.76001,21.50654],[84.76385,21.50604],[84.76396,21.50481],[84.76445,21.50377],[84.76568,21.50233],[84.7674,21.50141],[84.76863,21.50162],[84.76738,21.49792],[84.76721,21.49445],[84.75916,21.4971],[84.75645,21.49921],[84.74728,21.50407],[84.74593,21.50439],[84.74265,21.50421],[84.74222,21.50498],[84.73962,21.50663],[84.74083,21.50879],[84.74085,21.50977],[84.74058,21.51098],[84.73917,21.51394],[84.73881,21.51664]]]}},{"type":"Feature","properties":{"LCODE":"010270027002700094","LOCATION":"BARAKHOLA","V_TYPE":"VILLAGE","BLOCK":"TILEIBANI","DISTRICT":"DEOGARH"},"geometry":{"type":"Polygon","coordinates":[[[84.607,21.51505],[84.60727,21.51602],[84.60833,21.51709],[84.61025,21.51819],[84.61181,21.51954],[84.61259,21.51895],[84.61426,21.51668],[84.61431,21.51599],[84.61368,21.51508],[84.61186,21.51334],[84.61044,21.51256],[84.6091,21.51282],[84.60711,21.51441],[84.607,21.51505]]]}},{"type":"Feature","properties":{"LCODE":"010270027002700110","LOCATION":"ISWARPALI","V_TYPE":"VILLAGE","BLOCK":"TILEIBANI","DISTRICT":"DEOGARH"},"geometry":{"type":"Polygon","coordinates":[[[84.70037,21.51462],[84.70126,21.51649],[84.70202,21.5174],[84.70598,21.51898],[84.70634,21.51936],[84.7064,21.5188],[84.70712,21.51804],[84.70815,21.51756],[84.71355,21.51683],[84.71158,21.51496],[84.70663,21.51237],[84.70454,21.51218],[84.70173,21.51235],[84.70088,21.51289],[84.70037,21.51462]]]}},{"type":"Feature","properties":{"LCODE":"01030002700270rf","LOCATION":"RF","V_TYPE":"FOREST","BLOCK":"TILEIBANI","DISTRICT":"DEOGARH"},"geometry":{"type":"Polygon","coordinates":[[[84.3943,21.42692],[84.39438,21.42857],[84.39509,21.43116],[84.39454,21.43392],[84.39478,21.43494],[84.39548,21.43588],[84.39721,21.4369],[84.40271,21.43722],[84.40649,21.43957],[84.40923,21.44028],[84.41167,21.44201],[84.41151,21.44335],[84.41088,21.44437],[84.41002,21.44814],[84.41042,21.45003],[84.41552,21.45333],[84.41647,21.45435],[84.41458,21.45584],[84.4145,21.45647],[84.41489,21.45741],[84.41442,21.45946],[84.4138,21.46056],[84.4138,21.46252],[84.4116,21.46439],[84.41167,21.4659],[84.41096,21.46677],[84.41104,21.46779],[84.40994,21.46999],[84.4101,21.47282],[84.40939,21.47361],[84.40923,21.47486],[84.40986,21.4762],[84.41049,21.47675],[84.41356,21.47856],[84.4189,21.48304],[84.42,21.48351],[84.42078,21.48453],[84.42119,21.48453],[84.42059,21.4833],[84.42026,21.48111],[84.42053,21.47892],[84.42045,21.47268],[84.42104,21.46997],[84.42168,21.4686],[84.42387,21.46672],[84.42753,21.46532],[84.43008,21.46344],[84.43111,21.46045],[84.4332,21.4569],[84.43455,21.45351],[84.43498,21.45323],[84.44579,21.45503],[84.45202,21.45482],[84.45258,21.45459],[84.45274,21.45223],[84.45069,21.44522],[84.45113,21.4443],[84.4525,21.44368],[84.45422,21.44388],[84.45519,21.44452],[84.45798,21.44756],[84.46152,21.44904],[84.46378,21.45121],[84.4651,21.45318],[84.46545,21.45423],[84.46555,21.45613],[84.46547,21.45706],[84.46483,21.45849],[84.46377,21.45946],[84.46068,21.46023],[84.4603,21.46052],[84.46067,21.46081],[84.46196,21.46111],[84.46422,21.46224],[84.46867,21.46483],[84.47095,21.46555],[84.47218,21.46556],[84.4736,21.46489],[84.47568,21.46231],[84.47655,21.46175],[84.47791,21.46136],[84.47852,21.46154],[84.47911,21.46322],[84.47893,21.46715],[84.47797,21.46892],[84.4763,21.47006],[84.47629,21.4704],[84.47882,21.47418],[84.47881,21.47488],[84.47819,21.47539],[84.47552,21.47617],[84.47205,21.47768],[84.47009,21.47772],[84.4678,21.47353],[84.46146,21.47709],[84.46115,21.4775],[84.46091,21.48153],[84.4621,21.4838],[84.46217,21.48795],[84.46172,21.48847],[84.45974,21.48943],[84.4567,21.49049],[84.45541,21.49047],[84.45507,21.48862],[84.45398,21.48739],[84.44987,21.48648],[84.44789,21.4868],[84.44447,21.48861],[84.44315,21.48966],[84.44523,21.48964],[84.44641,21.49003],[84.44743,21.49137],[84.44846,21.49365],[84.44846,21.49821],[84.44877,21.50001],[84.44814,21.50355],[84.44743,21.50528],[84.44468,21.50779],[84.44232,21.51133],[84.44209,21.51243],[84.44209,21.51337],[84.44389,21.51738],[84.44492,21.51848],[84.44617,21.5188],[84.44981,21.51847],[84.44955,21.51587],[84.45107,21.51175],[84.45161,21.50777],[84.4535,21.50434],[84.45476,21.50305],[84.45653,21.50244],[84.45849,21.50286],[84.45882,21.50084],[84.45972,21.50013],[84.46052,21.49994],[84.46144,21.50004],[84.46433,21.50113],[84.46716,21.5013],[84.46714,21.50041],[84.46655,21.49955],[84.46645,21.49799],[84.46672,21.49643],[84.46728,21.49581],[84.46852,21.49513],[84.4691,21.49381],[84.46909,21.48267],[84.46947,21.48175],[84.4699,21.48164],[84.47247,21.48317],[84.47395,21.4863],[84.47589,21.48852],[84.47798,21.48895],[84.47878,21.48878],[84.48406,21.48625],[84.48616,21.48599],[84.48757,21.48635],[84.49239,21.48929],[84.49371,21.48781],[84.49416,21.48689],[84.49429,21.48562],[84.49322,21.48376],[84.49096,21.48212],[84.49069,21.47958],[84.48935,21.47881],[84.48837,21.47868],[84.48633,21.47901],[84.48483,21.48003],[84.48428,21.48008],[84.48238,21.47948],[84.48232,21.47902],[84.48314,21.47793],[84.48672,21.47728],[84.48939,21.4761],[84.49056,21.47588],[84.4937,21.47627],[84.4981,21.47565],[84.49881,21.4765],[84.49934,21.47783],[84.49947,21.48199],[84.49925,21.48383],[84.49899,21.48481],[84.49798,21.48647],[84.4953,21.48881],[84.4951,21.48944],[84.49572,21.48962],[84.49767,21.49143],[84.49795,21.49311],[84.49767,21.49547],[84.49819,21.49721],[84.4991,21.49832],[84.5013,21.49897],[84.50848,21.4974],[84.50763,21.49665],[84.50576,21.49334],[84.50318,21.48708],[84.50277,21.48432],[84.50325,21.48238],[84.50427,21.48096],[84.50429,21.4805],[84.5028,21.47881],[84.50319,21.47594],[84.5005,21.47129],[84.50064,21.46896],[84.49905,21.46785],[84.49786,21.4657],[84.49541,21.46423],[84.49481,21.46358],[84.49452,21.46225],[84.49367,21.46172],[84.49283,21.4601],[84.49261,21.45859],[84.49188,21.45749],[84.49155,21.45529],[84.49046,21.45337],[84.49036,21.45222],[84.48988,21.45135],[84.48811,21.45012],[84.48731,21.45005],[84.4847,21.45215],[84.48347,21.45202],[84.48255,21.45143],[84.48337,21.45035],[84.48331,21.44988],[84.48289,21.44942],[84.48154,21.44882],[84.48155,21.4483],[84.48273,21.44716],[84.48414,21.44805],[84.4847,21.448],[84.48727,21.44491],[84.49053,21.4446],[84.49128,21.44404],[84.49255,21.44105],[84.49335,21.4376],[84.49298,21.43713],[84.49064,21.43751],[84.48984,21.43732],[84.4892,21.43484],[84.48801,21.43193],[84.4882,21.43142],[84.48852,21.43102],[84.49043,21.43098],[84.49447,21.42861],[84.49693,21.42887],[84.49748,21.42865],[84.49792,21.42813],[84.49831,21.42652],[84.49893,21.42618],[84.50146,21.4268],[84.50338,21.42598],[84.50442,21.426],[84.50494,21.4267],[84.50478,21.42808],[84.50635,21.4292],[84.50737,21.42956],[84.50812,21.43147],[84.51036,21.43204],[84.51138,21.43476],[84.51236,21.43477],[84.51355,21.43405],[84.51426,21.43251],[84.51552,21.43116],[84.51693,21.43102],[84.51831,21.42984],[84.5193,21.42951],[84.51995,21.42798],[84.52065,21.42736],[84.52194,21.42681],[84.52812,21.4267],[84.53163,21.42585],[84.53288,21.42513],[84.53551,21.42283],[84.53683,21.42125],[84.53814,21.42047],[84.54036,21.41982],[84.54274,21.41987],[84.54364,21.42047],[84.54439,21.42226],[84.54578,21.42269],[84.54801,21.4217],[84.54905,21.42161],[84.54929,21.42173],[84.54927,21.42236],[84.54788,21.42399],[84.54771,21.4256],[84.54838,21.42826],[84.54914,21.42936],[84.54987,21.42972],[84.55153,21.42935],[84.55302,21.43088],[84.55412,21.431],[84.55434,21.43142],[84.55647,21.43221],[84.55769,21.4324],[84.55935,21.4318],[84.56013,21.43257],[84.56419,21.44052],[84.56667,21.44378],[84.56787,21.44467],[84.5703,21.44747],[84.57065,21.4491],[84.57401,21.44818],[84.57739,21.44773],[84.578,21.44797],[84.58415,21.45634],[84.58659,21.45613],[84.5933,21.45672],[84.59572,21.45774],[84.59589,21.45849],[84.5956,21.45987],[84.59431,21.46243],[84.59288,21.46326],[84.58974,21.46429],[84.58937,21.46457],[84.59051,21.46511],[84.59277,21.46504],[84.59553,21.46557],[84.59715,21.4638],[84.59732,21.45979],[84.59814,21.4586],[84.60211,21.45678],[84.60738,21.45637],[84.60841,21.45467],[84.60985,21.45337],[84.61171,21.45226],[84.61331,21.45178],[84.62029,21.45197],[84.62347,21.45164],[84.62478,21.45185],[84.62398,21.45101],[84.6094,21.44021],[84.59798,21.43033],[84.59657,21.43013],[84.59551,21.43097],[84.59392,21.43117],[84.58923,21.43022],[84.585,21.42834],[84.58459,21.42766],[84.58512,21.42635],[84.58458,21.42582],[84.5831,21.42631],[84.58251,21.42773],[84.58121,21.42816],[84.5806,21.42809],[84.58013,21.42768],[84.57983,21.42722],[84.57986,21.42618],[84.5814,21.42357],[84.58081,21.42287],[84.57966,21.42239],[84.57908,21.4214],[84.57921,21.421],[84.58039,21.4201],[84.58041,21.4197],[84.57957,21.41865],[84.58099,21.41816],[84.58072,21.41695],[84.56919,21.40248],[84.56567,21.3973],[84.55861,21.38481],[84.55728,21.38202],[84.55065,21.36294],[84.54976,21.35999],[84.54985,21.35888],[84.54784,21.36014],[84.54645,21.36141],[84.54654,21.36265],[84.54517,21.36556],[84.54536,21.36647],[84.54676,21.36902],[84.5469,21.37009],[84.54765,21.37077],[84.54806,21.37169],[84.54829,21.37284],[84.54755,21.37381],[84.54353,21.37731],[84.5382,21.3804],[84.53639,21.38237],[84.53587,21.38251],[84.53474,21.38236],[84.53278,21.38116],[84.53139,21.38071],[84.52705,21.38047],[84.5209,21.38115],[84.52063,21.38193],[84.52,21.38255],[84.51795,21.3836],[84.51733,21.38422],[84.51698,21.38565],[84.51572,21.38706],[84.51605,21.38821],[84.51585,21.38884],[84.51553,21.38918],[84.51424,21.38944],[84.51321,21.38936],[84.51207,21.38865],[84.50991,21.38947],[84.50902,21.38842],[84.50893,21.38738],[84.50962,21.38671],[84.51145,21.38663],[84.51183,21.38629],[84.51453,21.38146],[84.51608,21.38092],[84.51645,21.38052],[84.51652,21.37811],[84.51684,21.3776],[84.51789,21.37708],[84.51779,21.37623],[84.51665,21.37407],[84.5152,21.37321],[84.51402,21.37198],[84.50954,21.37411],[84.50471,21.37562],[84.50169,21.37485],[84.50162,21.37435],[84.50217,21.37354],[84.50424,21.3713],[84.50552,21.36945],[84.50549,21.36781],[84.50503,21.36607],[84.50412,21.36465],[84.50335,21.36418],[84.50036,21.36422],[84.4986,21.36483],[84.49074,21.36829],[84.48885,21.36884],[84.48775,21.36986],[84.48775,21.37127],[84.49121,21.37277],[84.49176,21.37348],[84.4931,21.37906],[84.49412,21.38094],[84.49388,21.38259],[84.4931,21.38479],[84.49136,21.38786],[84.49113,21.39077],[84.48932,21.39069],[84.48743,21.3899],[84.485,21.38967],[84.48296,21.391],[84.48115,21.39313],[84.47934,21.39375],[84.47729,21.39383],[84.47572,21.39446],[84.47353,21.3947],[84.46999,21.39446],[84.46613,21.39305],[84.45584,21.39352],[84.45081,21.39313],[84.4479,21.39084],[84.44563,21.39037],[84.44287,21.39053],[84.44028,21.39022],[84.43698,21.38912],[84.42912,21.38534],[84.42825,21.38471],[84.42723,21.3833],[84.42645,21.38299],[84.42385,21.38259],[84.41796,21.38291],[84.41434,21.38165],[84.40357,21.37953],[84.40405,21.38204],[84.4053,21.38369],[84.40483,21.38409],[84.40169,21.38401],[84.40137,21.38424],[84.39862,21.38967],[84.39729,21.391],[84.39619,21.3936],[84.39626,21.39509],[84.39792,21.39682],[84.39799,21.39721],[84.39721,21.39831],[84.39705,21.39933],[84.39737,21.40169],[84.39776,21.40271],[84.39902,21.40381],[84.39957,21.40609],[84.40051,21.40696],[84.39973,21.40814],[84.39776,21.40892],[84.39705,21.40955],[84.39737,21.41018],[84.39697,21.41152],[84.39729,21.41434],[84.39964,21.41639],[84.39973,21.41937],[84.39909,21.42056],[84.39768,21.42181],[84.39485,21.42527],[84.39438,21.42606],[84.3943,21.42692]],[[84.59612,21.45178],[84.59627,21.45098],[84.59676,21.45064],[84.59976,21.45059],[84.60222,21.45265],[84.60251,21.45323],[84.60249,21.45426],[84.60192,21.45477],[84.60106,21.45486],[84.59874,21.45453],[84.59711,21.45375],[84.59663,21.45322],[84.59612,21.45178]],[[84.56732,21.4423],[84.56941,21.44194],[84.5713,21.44215],[84.57185,21.44245],[84.57294,21.44483],[84.57378,21.44553],[84.57364,21.44628],[84.57252,21.44689],[84.57093,21.4468],[84.5699,21.44643],[84.56927,21.44487],[84.5676,21.44311],[84.56732,21.4423]],[[84.57288,21.44287],[84.57293,21.44092],[84.57397,21.44048],[84.57587,21.44052],[84.57672,21.44077],[84.57772,21.44222],[84.57813,21.44292],[84.57828,21.4443],[84.57772,21.44469],[84.57472,21.44446],[84.57364,21.44398],[84.57288,21.44287]],[[84.45809,21.44017],[84.45855,21.43873],[84.45863,21.43694],[84.46049,21.43645],[84.46555,21.43668],[84.4659,21.43646],[84.46562,21.43507],[84.46703,21.43162],[84.46704,21.43087],[84.4629,21.42799],[84.4623,21.42729],[84.46219,21.42608],[84.4627,21.42493],[84.46453,21.41774],[84.4659,21.41701],[84.46848,21.41675],[84.4726,21.41697],[84.47291,21.4175],[84.47201,21.41985],[84.47223,21.42135],[84.47284,21.42194],[84.47664,21.42314],[84.47706,21.42378],[84.47745,21.43036],[84.47828,21.43257],[84.48013,21.43605],[84.48006,21.43674],[84.47962,21.43732],[84.47595,21.43987],[84.47336,21.44059],[84.47093,21.442],[84.47055,21.44292],[84.47142,21.44651],[84.47103,21.4476],[84.46967,21.44862],[84.46976,21.44984],[84.46772,21.45097],[84.46704,21.45107],[84.46673,21.45107],[84.46577,21.44979],[84.46303,21.44745],[84.46393,21.44526],[84.46376,21.44388],[84.4605,21.44372],[84.45868,21.44202],[84.45809,21.44017]],[[84.59132,21.43709],[84.5919,21.43579],[84.59341,21.43444],[84.59556,21.43379],[84.5969,21.43387],[84.5983,21.43436],[84.6011,21.43717],[84.60191,21.43874],[84.60182,21.43989],[84.59999,21.44203],[84.59932,21.44432],[84.59882,21.44471],[84.59846,21.44465],[84.59419,21.44169],[84.59348,21.4407],[84.59274,21.43867],[84.59132,21.43709]],[[84.41721,21.42923],[84.41766,21.42796],[84.41827,21.42774],[84.41888,21.42792],[84.41972,21.42972],[84.42269,21.43229],[84.42566,21.43539],[84.42649,21.43731],[84.42809,21.43784],[84.42839,21.43825],[84.42812,21.43923],[84.42442,21.43976],[84.42368,21.44027],[84.42286,21.4413],[84.42234,21.44291],[84.42134,21.44377],[84.41968,21.4438],[84.41931,21.44357],[84.41908,21.44282],[84.42015,21.44139],[84.42016,21.44069],[84.41885,21.43444],[84.41882,21.43259],[84.41785,21.43102],[84.41721,21.42923]],[[84.4241,21.42885],[84.42424,21.42821],[84.42635,21.42714],[84.42691,21.42657],[84.42704,21.42605],[84.42609,21.42379],[84.42629,21.42304],[84.4266,21.42282],[84.42876,21.42284],[84.43037,21.42217],[84.43172,21.42247],[84.43244,21.42312],[84.43306,21.42301],[84.435,21.42107],[84.43689,21.41832],[84.43776,21.41764],[84.44072,21.41722],[84.44121,21.41768],[84.44123,21.41999],[84.44152,21.42104],[84.44231,21.42145],[84.44411,21.42118],[84.44528,21.42056],[84.44624,21.41902],[84.44679,21.41868],[84.4495,21.41859],[84.45105,21.41804],[84.45148,21.41804],[84.4516,21.41833],[84.45083,21.42046],[84.44861,21.42055],[84.44823,21.42094],[84.44775,21.42388],[84.44719,21.42457],[84.44219,21.42532],[84.44048,21.42483],[84.4385,21.42539],[84.43801,21.42526],[84.43772,21.42388],[84.43742,21.42358],[84.43461,21.4241],[84.43455,21.42632],[84.43397,21.4277],[84.43388,21.4292],[84.43351,21.42971],[84.43209,21.42975],[84.43109,21.43084],[84.42963,21.43007],[84.42913,21.43018],[84.42825,21.43103],[84.42776,21.43103],[84.42476,21.43001],[84.42428,21.4296],[84.4241,21.42885]],[[84.48095,21.42296],[84.48116,21.42152],[84.48203,21.42043],[84.4847,21.41931],[84.48512,21.41932],[84.48592,21.42002],[84.4885,21.41988],[84.48905,21.41994],[84.48917,21.42023],[84.48934,21.42133],[84.48903,21.42179],[84.48644,21.42187],[84.48598,21.42337],[84.48499,21.42411],[84.4824,21.42454],[84.48191,21.4243],[84.48095,21.42296]],[[84.47408,21.40959],[84.47461,21.40734],[84.47514,21.40668],[84.47578,21.40666],[84.47665,21.4071],[84.47747,21.40801],[84.4778,21.40898],[84.47781,21.40958],[84.47408,21.40959]],[[84.53288,21.40968],[84.53302,21.40882],[84.53638,21.40682],[84.53751,21.40564],[84.53947,21.4051],[84.54002,21.40517],[84.5414,21.40618],[84.54286,21.40649],[84.54375,21.40772],[84.54408,21.40916],[84.54407,21.40945],[84.54357,21.40972],[84.5414,21.40876],[84.5386,21.40836],[84.53452,21.40989],[84.53371,21.41004],[84.53288,21.40968]],[[84.51568,21.40813],[84.51596,21.40682],[84.51678,21.4058],[84.51744,21.40426],[84.5193,21.40298],[84.51961,21.4031],[84.52042,21.40467],[84.52245,21.40637],[84.52176,21.40705],[84.51726,21.40845],[84.51615,21.40866],[84.51568,21.40813]],[[84.52782,21.40918],[84.52879,21.4073],[84.53155,21.40466],[84.53201,21.40318],[84.53399,21.40235],[84.5357,21.40244],[84.53675,21.40212],[84.53762,21.40145],[84.53799,21.40163],[84.53821,21.40232],[84.53807,21.40307],[84.53635,21.40527],[84.53362,21.40705],[84.53273,21.40813],[84.53182,21.41001],[84.53114,21.41057],[84.53035,21.41044],[84.53099,21.40919],[84.53089,21.40849],[84.52901,21.40984],[84.52792,21.40987],[84.52782,21.40918]],[[84.49023,21.40265],[84.49089,21.39983],[84.49114,21.39937],[84.49158,21.39931],[84.49438,21.40149],[84.49696,21.40175],[84.5009,21.40105],[84.50022,21.40145],[84.50101,21.40152],[84.5016,21.40217],[84.50195,21.40315],[84.50137,21.40412],[84.50069,21.4045],[84.50061,21.40422],[84.49999,21.4045],[84.49955,21.40507],[84.49917,21.40582],[84.49963,21.40796],[84.49919,21.40847],[84.4966,21.40907],[84.49493,21.40542],[84.49384,21.40413],[84.49318,21.40349],[84.49066,21.40306],[84.49023,21.40265]],[[84.50531,21.40075],[84.50632,21.39939],[84.50641,21.39865],[84.50697,21.39825],[84.50788,21.39839],[84.5098,21.39992],[84.50967,21.4002],[84.5077,21.40068],[84.50745,21.40096],[84.50795,21.40264],[84.50738,21.40332],[84.50635,21.40307],[84.50596,21.40168],[84.50531,21.40075]],[[84.50721,21.39625],[84.50759,21.39574],[84.50893,21.39594],[84.51,21.39493],[84.51105,21.39449],[84.51234,21.3944],[84.51283,21.39401],[84.51344,21.39413],[84.51446,21.39507],[84.51504,21.39606],[84.51417,21.39668],[84.51277,21.39636],[84.51111,21.39885],[84.51042,21.39936],[84.50721,21.39625]]]}},{"type":"Feature","properties":{"LCODE":"010300027002700001","LOCATION":"UCHHABPALI","V_TYPE":"VILLAGE","BLOCK":"TILEIBANI","DISTRICT":"DEOGARH"},"geometry":{"type":"Polygon","coordinates":[[[84.44955,21.51587],[84.44981,21.51847],[84.45356,21.51778],[84.45749,21.51636],[84.45815,21.51414],[84.45734,21.51007],[84.45731,21.50835],[84.45832,21.5029],[84.45738,21.50248],[84.45567,21.50263],[84.45476,21.50305],[84.4535,21.50434],[84.45161,21.50777],[84.45107,21.51175],[84.44955,21.51587]]]}},{"type":"Feature","properties":{"LCODE":"010270026002600174","LOCATION":"KALKATH","V_TYPE":"VILLAGE","BLOCK":"TILEIBANI","DISTRICT":"DEOGARH"},"geometry":{"type":"Polygon","coordinates":[[[84.81686,21.4971],[84.81813,21.4998],[84.81835,21.50173],[84.81853,21.51766],[84.81908,21.51823],[84.81982,21.5184],[84.8241,21.51564],[84.82815,21.51471],[84.83103,21.51442],[84.8317,21.51442],[84.83193,21.51469],[84.8325,21.51367],[84.83189,21.51235],[84.83213,21.5097],[84.83397,21.5059],[84.83482,21.50469],[84.83764,21.50279],[84.83972,21.50198],[84.84168,21.50187],[84.84368,21.49834],[84.84425,21.49609],[84.8435,21.49557],[84.84289,21.49436],[84.84106,21.48856],[84.83965,21.48711],[84.83469,21.48497],[84.8334,21.48543],[84.82523,21.48598],[84.82413,21.48632],[84.82272,21.48809],[84.82116,21.49326],[84.82005,21.4955],[84.8187,21.49664],[84.81789,21.49704],[84.81686,21.4971]]]}},{"type":"Feature","properties":{"LCODE":"010270026002600165","LOCATION":"MAYAPUR","V_TYPE":"VILLAGE","BLOCK":"TILEIBANI","DISTRICT":"DEOGARH"},"geometry":{"type":"Polygon","coordinates":[[[84.83968,21.51642],[84.84206,21.51618],[84.84837,21.51657],[84.84965,21.51698],[84.85066,21.51793],[84.85197,21.51576],[84.85229,21.51432],[84.85234,21.51139],[84.85275,21.51024],[84.851,21.50967],[84.84738,21.50933],[84.84487,21.50951],[84.84261,21.51014],[84.84058,21.51141],[84.8401,21.51216],[84.84022,21.51538],[84.83968,21.51642]]]}},{"type":"Feature","properties":{"LCODE":"010270026002600164","LOCATION":"BASALAI","V_TYPE":"VILLAGE","BLOCK":"TILEIBANI","DISTRICT":"DEOGARH"},"geometry":{"type":"Polygon","coordinates":[[[84.83193,21.51469],[84.83274,21.51706],[84.83318,21.51735],[84.83544,21.51711],[84.83881,21.51601],[84.83968,21.51642],[84.84022,21.51538],[84.8401,21.51216],[84.84058,21.51141],[84.84261,21.51014],[84.84487,21.50951],[84.84738,21.50933],[84.851,21.50967],[84.85275,21.51024],[84.85412,21.50794],[84.85596,21.50633],[84.85883,21.50575],[84.86404,21.50608],[84.86452,21.5055],[84.86355,21.5039],[84.86189,21.50229],[84.86131,21.50028],[84.86118,21.49534],[84.86057,21.48948],[84.86094,21.48544],[84.85641,21.48407],[84.85378,21.48463],[84.85341,21.48417],[84.85341,21.48343],[84.85378,21.48297],[84.85397,21.48176],[84.85343,21.48157],[84.85323,21.48233],[84.8488,21.48571],[84.84689,21.4884],[84.84579,21.48914],[84.84547,21.48972],[84.84516,21.49196],[84.84521,21.49557],[84.84472,21.49609],[84.84425,21.49609],[84.84368,21.49834],[84.84161,21.50187],[84.84058,21.50808],[84.83936,21.51072],[84.83721,21.51268],[84.83538,21.51332],[84.83248,21.5137],[84.83193,21.51469]]]}},{"type":"Feature","properties":{"LCODE":"010300027002700010","LOCATION":"KENDEIJORI","V_TYPE":"VILLAGE","BLOCK":"TILEIBANI","DISTRICT":"DEOGARH"},"geometry":{"type":"Polygon","coordinates":[[[84.49425,21.51025],[84.49463,21.51069],[84.49472,21.5121],[84.49807,21.51131],[84.49991,21.51115],[84.50432,21.51158],[84.50741,21.51284],[84.51253,21.51646],[84.51474,21.51522],[84.51849,21.51182],[84.51523,21.5025],[84.5136,21.50064],[84.51112,21.4992],[84.50996,21.49911],[84.50751,21.49933],[84.5041,21.50077],[84.49581,21.50842],[84.49425,21.51025]]]}},{"type":"Feature","properties":{"LCODE":"010270027002700097","LOCATION":"DANGAKHOLA","V_TYPE":"VILLAGE","BLOCK":"TILEIBANI","DISTRICT":"DEOGARH"},"geometry":{"type":"Polygon","coordinates":[[[84.62041,21.51311],[84.62067,21.51557],[84.62098,21.51585],[84.62208,21.51577],[84.6283,21.51426],[84.63152,21.51311],[84.6326,21.51228],[84.63307,21.51152],[84.63312,21.51083],[84.63223,21.50919],[84.63086,21.50835],[84.62627,21.50833],[84.62615,21.50814],[84.62413,21.51142],[84.62041,21.51311]]]}},{"type":"Feature","properties":{"LCODE":"010270027002700111","LOCATION":"TRINATHPUR","V_TYPE":"VILLAGE","BLOCK":"TILEIBANI","DISTRICT":"DEOGARH"},"geometry":{"type":"Polygon","coordinates":[[[84.67515,21.51209],[84.67696,21.51412],[84.67852,21.51507],[84.67901,21.51506],[84.67992,21.51447],[84.68038,21.51354],[84.68009,21.51153],[84.67922,21.51069],[84.67817,21.51037],[84.67568,21.51117],[84.67515,21.51209]]]}},{"type":"Feature","properties":{"LCODE":"010260024002400108","LOCATION":"BANDHABHUIN","V_TYPE":"VILLAGE","BLOCK":"BARKOTE","DISTRICT":"DEOGARH"},"geometry":{"type":"Polygon","coordinates":[[[84.3528,21.51123],[84.353,21.51359],[84.35331,21.5141],[84.35399,21.51439],[84.35484,21.51438],[84.3582,21.51356],[84.35887,21.51304],[84.35909,21.51318],[84.35934,21.51097],[84.35913,21.50621],[84.36034,21.50409],[84.35495,21.50255],[84.35379,21.50273],[84.35319,21.50503],[84.35303,21.50767],[84.35323,21.50997],[84.3528,21.51123]]]}},{"type":"Feature","properties":{"LCODE":"010270026002600173","LOCATION":"GARIAPASI","V_TYPE":"VILLAGE","BLOCK":"TILEIBANI","DISTRICT":"DEOGARH"},"geometry":{"type":"Polygon","coordinates":[[[84.83189,21.5112],[84.83213,21.51321],[84.83248,21.5137],[84.8333,21.51372],[84.83721,21.51268],[84.83936,21.51072],[84.84058,21.50808],[84.84161,21.50187],[84.83972,21.50198],[84.83764,21.50279],[84.83482,21.50469],[84.83256,21.50849],[84.83189,21.5112]]]}},{"type":"Feature","properties":{"LCODE":"010270027002700119","LOCATION":"CHADAKMARA","V_TYPE":"VILLAGE","BLOCK":"TILEIBANI","DISTRICT":"DEOGARH"},"geometry":{"type":"Polygon","coordinates":[[[84.73082,21.51009],[84.73465,21.51139],[84.73928,21.51368],[84.74058,21.51098],[84.74083,21.50879],[84.73962,21.50663],[84.73521,21.50908],[84.73174,21.51007],[84.73082,21.51009]]]}},{"type":"Feature","properties":{"LCODE":"010270027002700169","LOCATION":"KHANDADHUAN","V_TYPE":"VILLAGE","BLOCK":"TILEIBANI","DISTRICT":"DEOGARH"},"geometry":{"type":"Polygon","coordinates":[[[84.78962,21.5092],[84.78962,21.51017],[84.79011,21.51103],[84.79262,21.51316],[84.79421,21.51361],[84.79684,21.51292],[84.79783,21.51062],[84.80003,21.5082],[84.79832,21.50458],[84.79673,21.50337],[84.79459,21.50229],[84.79275,21.50062],[84.79121,21.50028],[84.79078,21.50042],[84.79121,21.502],[84.79097,21.50482],[84.78962,21.5092]]]}},{"type":"Feature","properties":{"LCODE":"010260024002400102","LOCATION":"BAGHALAT","V_TYPE":"VILLAGE","BLOCK":"BARKOTE","DISTRICT":"DEOGARH"},"geometry":{"type":"Polygon","coordinates":[[[84.21122,21.51023],[84.21458,21.51143],[84.21598,21.51173],[84.21714,21.51156],[84.21873,21.51204],[84.22062,21.51274],[84.22117,21.51326],[84.22352,21.50748],[84.22561,21.50417],[84.22833,21.50117],[84.22971,21.49833],[84.22766,21.49938],[84.22558,21.49904],[84.22214,21.49968],[84.22103,21.4995],[84.21878,21.50085],[84.2178,21.49972],[84.21719,21.50136],[84.21516,21.50375],[84.21503,21.50467],[84.21546,21.50542],[84.21521,21.5061],[84.2119,21.50912],[84.21122,21.51023]]]}},{"type":"Feature","properties":{"LCODE":"010270027002700096","LOCATION":"BHALUKHOLA","V_TYPE":"VILLAGE","BLOCK":"TILEIBANI","DISTRICT":"DEOGARH"},"geometry":{"type":"Polygon","coordinates":[[[84.61842,21.50786],[84.61878,21.51038],[84.62041,21.51311],[84.62413,21.51142],[84.62615,21.50814],[84.62493,21.50589],[84.62399,21.50493],[84.62289,21.50478],[84.62106,21.50511],[84.61924,21.50583],[84.6187,21.50625],[84.61842,21.50786]]]}},{"type":"Feature","properties":{"LCODE":"010300027002700012","LOCATION":"TALADIHI","V_TYPE":"VILLAGE","BLOCK":"TILEIBANI","DISTRICT":"DEOGARH"},"geometry":{"type":"Polygon","coordinates":[[[84.46749,21.50302],[84.46752,21.50452],[84.46877,21.5088],[84.46834,21.51112],[84.47379,21.5129],[84.48051,21.51178],[84.4869,21.50987],[84.49216,21.50947],[84.49351,21.50973],[84.49425,21.51025],[84.49581,21.50842],[84.5041,21.50077],[84.50101,21.4988],[84.4991,21.49832],[84.49819,21.49721],[84.49767,21.49547],[84.49795,21.49311],[84.49767,21.49143],[84.49572,21.48962],[84.4951,21.48944],[84.49519,21.48914],[84.4938,21.48989],[84.49294,21.48988],[84.48757,21.48635],[84.48616,21.48599],[84.48505,21.48603],[84.48307,21.48664],[84.4812,21.48778],[84.47798,21.48895],[84.47842,21.49299],[84.47795,21.49518],[84.47733,21.49592],[84.47434,21.49762],[84.47123,21.49995],[84.47032,21.50148],[84.46749,21.50302]]]}},{"type":"Feature","properties":{"LCODE":"010270027002700087","LOCATION":"GOLABADANPUR","V_TYPE":"VILLAGE","BLOCK":"TILEIBANI","DISTRICT":"DEOGARH"},"geometry":{"type":"Polygon","coordinates":[[[84.55054,21.4994],[84.55199,21.50083],[84.55225,21.50158],[84.55236,21.50445],[84.55552,21.50616],[84.5588,21.51098],[84.55961,21.51183],[84.56121,21.51231],[84.56174,21.51155],[84.56183,21.50937],[84.56298,21.50572],[84.5627,21.50395],[84.56194,21.50253],[84.55994,21.5009],[84.55779,21.49997],[84.55668,21.4997],[84.55633,21.50015],[84.5519,21.49874],[84.5508,21.49883],[84.55054,21.4994]]]}},{"type":"Feature","properties":{"LCODE":"010270027002700088","LOCATION":"KANTEIKOLI","V_TYPE":"VILLAGE","BLOCK":"TILEIBANI","DISTRICT":"DEOGARH"},"geometry":{"type":"Polygon","coordinates":[[[84.57723,21.50819],[84.57789,21.51036],[84.57913,21.51143],[84.5798,21.51141],[84.58338,21.50979],[84.58349,21.50892],[84.58451,21.50804],[84.58739,21.50815],[84.58946,21.50733],[84.59026,21.50459],[84.59018,21.50367],[84.58918,21.50283],[84.58727,21.50241],[84.58683,21.50153],[84.58764,21.49934],[84.58755,21.49807],[84.58577,21.49603],[84.58451,21.4952],[84.58297,21.49534],[84.58179,21.49612],[84.58039,21.49994],[84.57919,21.50189],[84.57846,21.50541],[84.57723,21.50819]]]}},{"type":"Feature","properties":{"LCODE":"010260024002400098","LOCATION":"SHARDHABAHAL","V_TYPE":"VILLAGE","BLOCK":"BARKOTE","DISTRICT":"DEOGARH"},"geometry":{"type":"Polygon","coordinates":[[[84.14384,21.50887],[84.14523,21.51035],[84.14816,21.51117],[84.14926,21.51107],[84.15134,21.5097],[84.15551,21.50818],[84.15717,21.50722],[84.16037,21.50373],[84.15488,21.49834],[84.15231,21.49747],[84.1497,21.4995],[84.14723,21.5022],[84.1458,21.50668],[84.14494,21.50799],[84.14384,21.50887]]]}},{"type":"Feature","properties":{"LCODE":"010270027002700098","LOCATION":"TIKILIJHARAN","V_TYPE":"VILLAGE","BLOCK":"TILEIBANI","DISTRICT":"DEOGARH"},"geometry":{"type":"Polygon","coordinates":[[[84.63524,21.50665],[84.63622,21.51002],[84.63728,21.51092],[84.64027,21.51057],[84.64295,21.50965],[84.6444,21.50876],[84.64445,21.50813],[84.64343,21.50643],[84.64268,21.50564],[84.64051,21.50425],[84.63583,21.5059],[84.63524,21.50665]]]}},{"type":"Feature","properties":{"LCODE":"010270027002700170","LOCATION":"NIKTIMAL","V_TYPE":"VILLAGE","BLOCK":"TILEIBANI","DISTRICT":"DEOGARH"},"geometry":{"type":"Polygon","coordinates":[[[84.78593,21.49505],[84.78666,21.49637],[84.79076,21.49822],[84.79125,21.4988],[84.79149,21.5003],[84.79348,21.50108],[84.79459,21.50229],[84.79673,21.50337],[84.79832,21.50458],[84.79993,21.50804],[84.80151,21.50883],[84.80898,21.5106],[84.81259,21.50996],[84.81608,21.50875],[84.81844,21.50852],[84.81835,21.50173],[84.8177,21.49859],[84.81686,21.4971],[84.81361,21.49485],[84.81033,21.49057],[84.8081,21.49012],[84.80221,21.49004],[84.79803,21.48945],[84.79539,21.49008],[84.79109,21.49162],[84.78962,21.49155],[84.78867,21.49116],[84.78925,21.49265],[84.78906,21.49356],[84.78777,21.49448],[84.78611,21.49465],[84.78593,21.49505]]]}},{"type":"Feature","properties":{"LCODE":"010260024002400101","LOCATION":"KANIBANDHALI","V_TYPE":"VILLAGE","BLOCK":"BARKOTE","DISTRICT":"DEOGARH"},"geometry":{"type":"Polygon","coordinates":[[[84.18182,21.49541],[84.18338,21.49917],[84.18386,21.50203],[84.18609,21.50164],[84.18774,21.50199],[84.18908,21.50281],[84.19412,21.50778],[84.1965,21.50895],[84.20304,21.50819],[84.20653,21.50873],[84.21122,21.51023],[84.2119,21.50912],[84.21484,21.50667],[84.21546,21.50542],[84.21503,21.50467],[84.21519,21.50371],[84.21291,21.50185],[84.2085,21.49896],[84.20588,21.49421],[84.2047,21.49366],[84.19992,21.49314],[84.19765,21.49251],[84.19659,21.49184],[84.19575,21.49234],[84.19317,21.49223],[84.19145,21.49246],[84.18465,21.49493],[84.18182,21.49541]]]}},{"type":"Feature","properties":{"LCODE":"010260024002400105","LOCATION":"KHARMUNDA","V_TYPE":"VILLAGE","BLOCK":"BARKOTE","DISTRICT":"DEOGARH"},"geometry":{"type":"Polygon","coordinates":[[[84.29423,21.49304],[84.2961,21.49372],[84.29638,21.49729],[84.29596,21.49821],[84.2954,21.49839],[84.29517,21.49909],[84.29554,21.49937],[84.29744,21.49941],[84.29706,21.50107],[84.29768,21.50274],[84.2991,21.50485],[84.29977,21.50508],[84.30235,21.50484],[84.30476,21.50954],[84.30598,21.51011],[84.31057,21.50975],[84.31149,21.50923],[84.3119,21.50681],[84.31176,21.50434],[84.30991,21.50165],[84.31052,21.49905],[84.30952,21.49841],[84.30857,21.49537],[84.30788,21.49422],[84.30376,21.49197],[84.29474,21.49051],[84.29423,21.49304]]]}},{"type":"Feature","properties":{"LCODE":"010260024002400099","LOCATION":"SAPLAI","V_TYPE":"VILLAGE","BLOCK":"BARKOTE","DISTRICT":"DEOGARH"},"geometry":{"type":"Polygon","coordinates":[[[84.13194,21.50399],[84.13249,21.50497],[84.13419,21.50555],[84.13963,21.50583],[84.14073,21.50566],[84.14171,21.50595],[84.14384,21.50887],[84.14494,21.50799],[84.1458,21.50668],[84.14723,21.5022],[84.1497,21.4995],[84.15231,21.49747],[84.1469,21.49611],[84.14126,21.49508],[84.13892,21.49427],[84.13734,21.49473],[84.13593,21.49537],[84.13445,21.49715],[84.13427,21.49841],[84.13475,21.49938],[84.13445,21.50071],[84.13391,21.50147],[84.13281,21.50215],[84.13194,21.50399]]]}},{"type":"Feature","properties":{"LCODE":"010300027002700025","LOCATION":"MAHENDRAPUR","V_TYPE":"VILLAGE","BLOCK":"TILEIBANI","DISTRICT":"DEOGARH"},"geometry":{"type":"Polygon","coordinates":[[[84.5242,21.50105],[84.52435,21.50272],[84.5254,21.50615],[84.52597,21.50734],[84.52728,21.50852],[84.52875,21.50855],[84.53008,21.50795],[84.53315,21.50507],[84.53471,21.50396],[84.53374,21.50092],[84.53394,21.49819],[84.53343,21.4978],[84.53048,21.49837],[84.52756,21.49992],[84.5242,21.50105]]]}},{"type":"Feature","properties":{"LCODE":"010270027002700122","LOCATION":"KAMALABAGICHA","V_TYPE":"VILLAGE","BLOCK":"TILEIBANI","DISTRICT":"DEOGARH"},"geometry":{"type":"Polygon","coordinates":[[[84.76385,21.50604],[84.76524,21.50624],[84.76659,21.5071],[84.76725,21.50792],[84.77052,21.50687],[84.77131,21.50618],[84.77131,21.50577],[84.77106,21.50508],[84.76929,21.5033],[84.76863,21.50162],[84.7674,21.50141],[84.76568,21.50233],[84.76445,21.50377],[84.76396,21.50481],[84.76385,21.50604]]]}},{"type":"Feature","properties":{"LCODE":"010270027002700089","LOCATION":"AMULPANI","V_TYPE":"VILLAGE","BLOCK":"TILEIBANI","DISTRICT":"DEOGARH"},"geometry":{"type":"Polygon","coordinates":[[[84.58882,21.50269],[84.58974,21.50311],[84.59018,21.50367],[84.59026,21.50459],[84.58946,21.50733],[84.59177,21.5064],[84.59308,21.50493],[84.59399,21.5044],[84.59761,21.50507],[84.6,21.50485],[84.60103,21.50426],[84.60185,21.50292],[84.60172,21.50229],[84.60116,21.50178],[84.59686,21.50078],[84.59499,21.49973],[84.59346,21.49941],[84.59116,21.50067],[84.58882,21.50269]]]}},{"type":"Feature","properties":{"LCODE":"010270027002700093","LOCATION":"PANCHAPADADUNGURI","V_TYPE":"VILLAGE","BLOCK":"TILEIBANI","DISTRICT":"DEOGARH"},"geometry":{"type":"Polygon","coordinates":[[[84.60751,21.50366],[84.60789,21.50452],[84.60975,21.50586],[84.61153,21.50628],[84.61288,21.50596],[84.61348,21.50538],[84.61406,21.5041],[84.61491,21.5034],[84.61504,21.5011],[84.61546,21.5004],[84.61758,21.49877],[84.61658,21.49785],[84.61346,21.4975],[84.61169,21.4977],[84.61146,21.49947],[84.61114,21.49998],[84.61069,21.50043],[84.61037,21.49999],[84.60995,21.50074],[84.60814,21.50204],[84.6076,21.50286],[84.60751,21.50366]]]}},{"type":"Feature","properties":{"LCODE":"010270026002600162","LOCATION":"BICHHA KHANI","V_TYPE":"VILLAGE","BLOCK":"TILEIBANI","DISTRICT":"DEOGARH"},"geometry":{"type":"Polygon","coordinates":[[[84.87849,21.50301],[84.87917,21.50531],[84.87984,21.5056],[84.88345,21.50467],[84.88786,21.50225],[84.88934,21.50173],[84.89098,21.5019],[84.89288,21.50253],[84.89474,21.50253],[84.89374,21.50035],[84.89259,21.49572],[84.89162,21.49353],[84.88985,21.49117],[84.8866,21.48916],[84.88408,21.4884],[84.88216,21.49391],[84.88092,21.50027],[84.88039,21.50134],[84.87849,21.50301]]]}},{"type":"Feature","properties":{"LCODE":"010270026002600163","LOCATION":"ASANNALI","V_TYPE":"VILLAGE","BLOCK":"TILEIBANI","DISTRICT":"DEOGARH"},"geometry":{"type":"Polygon","coordinates":[[[84.86057,21.48948],[84.86118,21.49534],[84.86131,21.50028],[84.86189,21.50229],[84.86355,21.5039],[84.86452,21.5055],[84.86612,21.50522],[84.86949,21.50533],[84.87206,21.50498],[84.87586,21.50348],[84.87856,21.50295],[84.88039,21.50134],[84.88092,21.50027],[84.88216,21.49391],[84.88406,21.48844],[84.88034,21.48678],[84.8785,21.4854],[84.87679,21.48379],[84.87406,21.47988],[84.87263,21.48056],[84.86795,21.48393],[84.86555,21.4853],[84.86427,21.48581],[84.86094,21.48544],[84.86057,21.48948]]]}},{"type":"Feature","properties":{"LCODE":"010270027002700120","LOCATION":"BALANDA","V_TYPE":"VILLAGE","BLOCK":"TILEIBANI","DISTRICT":"DEOGARH"},"geometry":{"type":"Polygon","coordinates":[[[84.74265,21.50421],[84.74593,21.50439],[84.74728,21.50407],[84.75645,21.49921],[84.75916,21.4971],[84.76721,21.49445],[84.76728,21.49229],[84.7668,21.48976],[84.76515,21.48723],[84.76291,21.48523],[84.76141,21.48612],[84.75827,21.48927],[84.75019,21.49285],[84.74783,21.49327],[84.7452,21.49577],[84.74492,21.49731],[84.74368,21.49887],[84.7434,21.50102],[84.74277,21.5025],[84.74265,21.50421]]]}},{"type":"Feature","properties":{"LCODE":"010300027002700026","LOCATION":"JAUTUK","V_TYPE":"VILLAGE","BLOCK":"TILEIBANI","DISTRICT":"DEOGARH"},"geometry":{"type":"Polygon","coordinates":[[[84.53374,21.50092],[84.53471,21.50396],[84.53624,21.50311],[84.53739,21.50286],[84.5385,21.50295],[84.54109,21.50416],[84.5419,21.5041],[84.54152,21.50093],[84.54364,21.49616],[84.54296,21.49431],[84.54276,21.49412],[84.53952,21.49476],[84.53685,21.49591],[84.53394,21.49819],[84.53374,21.50092]]]}},{"type":"Feature","properties":{"LCODE":"010300027002700027","LOCATION":"BARAGHAT","V_TYPE":"VILLAGE","BLOCK":"TILEIBANI","DISTRICT":"DEOGARH"},"geometry":{"type":"Polygon","coordinates":[[[84.54152,21.50093],[84.5419,21.5041],[84.54286,21.50389],[84.55056,21.49943],[84.5508,21.49883],[84.55201,21.49878],[84.55332,21.4982],[84.55286,21.49698],[84.55301,21.49411],[84.55254,21.49301],[84.55236,21.49071],[84.55121,21.49028],[84.55017,21.49026],[84.54685,21.49083],[84.54411,21.4906],[84.54255,21.49132],[84.54234,21.49258],[84.54364,21.49616],[84.54152,21.50093]]]}},{"type":"Feature","properties":{"LCODE":"010260024002400100","LOCATION":"MUNDHENPALI","V_TYPE":"VILLAGE","BLOCK":"BARKOTE","DISTRICT":"DEOGARH"},"geometry":{"type":"Polygon","coordinates":[[[84.13892,21.49427],[84.14126,21.49508],[84.1469,21.49611],[84.15408,21.49794],[84.15581,21.49909],[84.16037,21.50373],[84.16195,21.50278],[84.16373,21.50244],[84.16592,21.50217],[84.17374,21.50235],[84.17766,21.50117],[84.18095,21.50143],[84.18333,21.50225],[84.18386,21.50203],[84.18338,21.49917],[84.18182,21.49541],[84.17832,21.4935],[84.17691,21.49212],[84.17574,21.48942],[84.17421,21.48397],[84.17194,21.48006],[84.1685,21.47662],[84.16449,21.47363],[84.16371,21.47495],[84.16304,21.47553],[84.16169,21.47564],[84.16083,21.47828],[84.1596,21.47995],[84.15826,21.47898],[84.15488,21.4807],[84.15334,21.4807],[84.15231,21.48018],[84.15163,21.47915],[84.15138,21.47771],[84.15175,21.47593],[84.15143,21.47399],[84.14844,21.47616],[84.14739,21.47749],[84.14678,21.48162],[84.1431,21.49088],[84.14188,21.49214],[84.13991,21.49295],[84.13892,21.49427]]]}},{"type":"Feature","properties":{"LCODE":"010260024002400103","LOCATION":"DHULIAPALI","V_TYPE":"VILLAGE","BLOCK":"BARKOTE","DISTRICT":"DEOGARH"},"geometry":{"type":"Polygon","coordinates":[[[84.20587,21.49417],[84.2085,21.49896],[84.21291,21.50185],[84.21519,21.50371],[84.21719,21.50136],[84.2178,21.49972],[84.21878,21.50085],[84.22103,21.4995],[84.22214,21.49968],[84.22558,21.49904],[84.22766,21.49938],[84.22966,21.49832],[84.22809,21.49548],[84.2222,21.48885],[84.21878,21.4953],[84.20956,21.49193],[84.20722,21.49285],[84.20587,21.49417]]]}},{"type":"Feature","properties":{"LCODE":"010270027002700184","LOCATION":"BASUDEBPUR","V_TYPE":"VILLAGE","BLOCK":"TILEIBANI","DISTRICT":"DEOGARH"},"geometry":{"type":"Polygon","coordinates":[[[84.76291,21.48523],[84.76515,21.48723],[84.7668,21.48976],[84.76728,21.49229],[84.76738,21.49792],[84.76915,21.50304],[84.77719,21.50088],[84.77916,21.49957],[84.78415,21.49413],[84.78687,21.48999],[84.78867,21.49116],[84.78761,21.48845],[84.7878,21.48707],[84.78928,21.48592],[84.791,21.48512],[84.79179,21.48438],[84.79205,21.48317],[84.7907,21.48116],[84.79016,21.47874],[84.78894,21.47621],[84.78883,21.47535],[84.78913,21.47402],[84.78865,21.47356],[84.7865,21.47293],[84.78471,21.47326],[84.78527,21.47465],[84.78268,21.47665],[84.78053,21.4794],[84.77936,21.4802],[84.77555,21.48042],[84.77284,21.4819],[84.77015,21.48149],[84.76756,21.48315],[84.76291,21.48523]]]}},{"type":"Feature","properties":{"LCODE":"010300027002700011","LOCATION":"PALKUDAR","V_TYPE":"VILLAGE","BLOCK":"TILEIBANI","DISTRICT":"DEOGARH"},"geometry":{"type":"Polygon","coordinates":[[[84.46645,21.49799],[84.46655,21.49955],[84.46714,21.50041],[84.46749,21.50302],[84.47032,21.50148],[84.47123,21.49995],[84.47434,21.49762],[84.47733,21.49592],[84.47814,21.49472],[84.47842,21.49299],[84.47798,21.48895],[84.47589,21.48852],[84.47395,21.4863],[84.47247,21.48317],[84.4699,21.48164],[84.46928,21.48198],[84.46909,21.48267],[84.4691,21.49381],[84.46852,21.49513],[84.46728,21.49581],[84.46672,21.49643],[84.46645,21.49799]]]}},{"type":"Feature","properties":{"LCODE":"0102700270027000rf","LOCATION":"RF","V_TYPE":"FOREST","BLOCK":"TILEIBANI","DISTRICT":"DEOGARH"},"geometry":{"type":"Polygon","coordinates":[[[84.57802,21.48007],[84.57818,21.48063],[84.57843,21.48053],[84.58409,21.48413],[84.58961,21.48536],[84.59092,21.48424],[84.59339,21.48343],[84.59583,21.48377],[84.59856,21.48485],[84.60009,21.48471],[84.601,21.48502],[84.60624,21.48374],[84.60857,21.48333],[84.60905,21.48357],[84.60966,21.48416],[84.61172,21.48937],[84.61245,21.48961],[84.6146,21.48919],[84.6158,21.49037],[84.61583,21.49146],[84.61193,21.49552],[84.61045,21.4966],[84.61191,21.4977],[84.6134,21.49762],[84.6167,21.4932],[84.61704,21.492],[84.61874,21.49043],[84.62071,21.48978],[84.6223,21.48987],[84.62244,21.49165],[84.62177,21.49353],[84.62168,21.49709],[84.62207,21.49882],[84.62174,21.49962],[84.62033,21.49959],[84.61778,21.49874],[84.61621,21.49969],[84.6225,21.50165],[84.63123,21.50253],[84.64632,21.5016],[84.65471,21.50188],[84.65718,21.50089],[84.65717,21.50057],[84.65376,21.49969],[84.64861,21.49757],[84.64365,21.49506],[84.64292,21.49269],[84.64023,21.49246],[84.63551,21.49283],[84.63332,21.49238],[84.63254,21.49151],[84.63255,21.49105],[84.63529,21.48938],[84.63612,21.4883],[84.63614,21.48721],[84.63574,21.48606],[84.63435,21.48534],[84.63161,21.48511],[84.63013,21.48531],[84.62569,21.48655],[84.62502,21.48636],[84.62433,21.48479],[84.62408,21.48479],[84.61933,21.48624],[84.61745,21.48776],[84.61531,21.48789],[84.61446,21.48764],[84.61237,21.48582],[84.61173,21.48414],[84.61185,21.48196],[84.61362,21.47987],[84.6191,21.47854],[84.62131,21.47865],[84.62328,21.47805],[84.62346,21.47793],[84.62135,21.47612],[84.61682,21.47683],[84.61316,21.47871],[84.61076,21.47941],[84.60818,21.4797],[84.60035,21.4796],[84.59921,21.47843],[84.59882,21.47739],[84.59867,21.47595],[84.59914,21.47424],[84.59891,21.47383],[84.59792,21.47404],[84.59652,21.47384],[84.5957,21.47262],[84.59499,21.46933],[84.5958,21.46613],[84.5957,21.46561],[84.59325,21.46533],[84.59282,21.46556],[84.59322,21.46677],[84.59317,21.46872],[84.59261,21.47342],[84.59029,21.47561],[84.58863,21.47828],[84.58701,21.47917],[84.58498,21.4797],[84.584,21.47974],[84.58175,21.47918],[84.57862,21.47963],[84.57802,21.48007]]]}},{"type":"Feature","properties":{"LCODE":"01030002700270rf","LOCATION":"RF","V_TYPE":"FOREST","BLOCK":"TILEIBANI","DISTRICT":"DEOGARH"},"geometry":{"type":"Polygon","coordinates":[[[84.52009,21.49718],[84.52269,21.50022],[84.52437,21.501],[84.52756,21.49992],[84.53048,21.49837],[84.5319,21.49794],[84.53307,21.49773],[84.53422,21.49816],[84.53761,21.49541],[84.53952,21.49476],[84.54272,21.49419],[84.54236,21.49166],[84.54286,21.49109],[84.54411,21.4906],[84.54521,21.48815],[84.54573,21.48483],[84.54537,21.47989],[84.54565,21.4788],[84.54647,21.47784],[84.54791,21.47666],[84.54984,21.47567],[84.55156,21.47536],[84.5526,21.47549],[84.55489,21.47646],[84.55639,21.47769],[84.55827,21.48116],[84.56083,21.47917],[84.55929,21.47689],[84.55872,21.47539],[84.55864,21.47372],[84.55946,21.4731],[84.56174,21.47246],[84.56286,21.47168],[84.56396,21.47147],[84.56409,21.47124],[84.56343,21.47083],[84.56417,21.47061],[84.56444,21.46993],[84.56039,21.46778],[84.5583,21.46573],[84.55814,21.46527],[84.5572,21.46588],[84.55511,21.46641],[84.55363,21.46644],[84.55199,21.46595],[84.55057,21.46454],[84.54878,21.46037],[84.54738,21.45799],[84.54539,21.4568],[84.54339,21.45613],[84.54166,21.45672],[84.54631,21.459],[84.54684,21.45981],[84.54728,21.46172],[84.54828,21.46312],[84.54868,21.46433],[84.55116,21.46754],[84.55171,21.46962],[84.55162,21.47076],[84.55104,21.47184],[84.54935,21.47325],[84.54595,21.47433],[84.54067,21.47508],[84.53925,21.47563],[84.53899,21.47597],[84.53985,21.47834],[84.54063,21.47887],[84.54091,21.47974],[84.5407,21.481],[84.54086,21.48175],[84.54272,21.48276],[84.54314,21.4834],[84.54342,21.48416],[84.54311,21.48679],[84.54221,21.48838],[84.53802,21.49329],[84.5351,21.49513],[84.533,21.49578],[84.53062,21.49567],[84.52824,21.49511],[84.52589,21.49391],[84.52399,21.4937],[84.52244,21.49465],[84.52142,21.49606],[84.52009,21.49718]]]}},{"type":"Feature","properties":{"LCODE":"010260024002400116","LOCATION":"DIMBIRI MUNDA","V_TYPE":"VILLAGE","BLOCK":"BARKOTE","DISTRICT":"DEOGARH"},"geometry":{"type":"Polygon","coordinates":[[[84.31189,21.4955],[84.31221,21.49841],[84.31792,21.49791],[84.3205,21.49811],[84.3277,21.49975],[84.32951,21.50077],[84.3275,21.49728],[84.32724,21.49631],[84.32759,21.49469],[84.3296,21.49214],[84.33006,21.48937],[84.32981,21.48885],[84.32889,21.48857],[84.32557,21.48856],[84.32434,21.48793],[84.32171,21.48255],[84.32072,21.48182],[84.31769,21.48108],[84.31557,21.48239],[84.31527,21.48297],[84.31561,21.48596],[84.31531,21.48648],[84.31243,21.48807],[84.31319,21.49065],[84.312,21.49354],[84.31189,21.4955]]]}},{"type":"Feature","properties":{"LCODE":"010260024002400104","LOCATION":"PATAKHAMAN","V_TYPE":"VILLAGE","BLOCK":"BARKOTE","DISTRICT":"DEOGARH"},"geometry":{"type":"Polygon","coordinates":[[[84.27118,21.49967],[84.27119,21.50025],[84.27265,21.50069],[84.2737,21.49941],[84.2726,21.49886],[84.27158,21.49918],[84.27118,21.49967]]]}},{"type":"Feature","properties":{"LCODE":"010300027002700038","LOCATION":"DEOJHARAN","V_TYPE":"VILLAGE","BLOCK":"TILEIBANI","DISTRICT":"DEOGARH"},"geometry":{"type":"Polygon","coordinates":[[[84.64273,21.49264],[84.64362,21.49504],[84.64861,21.49757],[84.65376,21.49969],[84.65717,21.50057],[84.6578,21.49994],[84.6582,21.4988],[84.65745,21.49671],[84.65737,21.49505],[84.65771,21.49339],[84.65768,21.49241],[84.65732,21.49206],[84.65008,21.49048],[84.64327,21.49096],[84.64273,21.49264]]]}},{"type":"Feature","properties":{"LCODE":"010270027002700090","LOCATION":"KHAJURIDARH","V_TYPE":"VILLAGE","BLOCK":"TILEIBANI","DISTRICT":"DEOGARH"},"geometry":{"type":"Polygon","coordinates":[[[84.58805,21.48866],[84.58903,21.4911],[84.58963,21.49134],[84.59318,21.49141],[84.5945,21.49258],[84.59477,21.49362],[84.59483,21.49833],[84.59522,21.49972],[84.59579,21.50009],[84.59888,21.49801],[84.60021,21.49649],[84.60061,21.49294],[84.60187,21.48917],[84.60169,21.4867],[84.60105,21.48501],[84.60009,21.48471],[84.59856,21.48485],[84.59473,21.48351],[84.59222,21.48369],[84.59092,21.48424],[84.5891,21.48581],[84.5884,21.48695],[84.58805,21.48866]]]}},{"type":"Feature","properties":{"LCODE":"010300027002700036","LOCATION":"SARADHAPUR","V_TYPE":"VILLAGE","BLOCK":"TILEIBANI","DISTRICT":"DEOGARH"},"geometry":{"type":"Polygon","coordinates":[[[84.61346,21.4975],[84.61658,21.49785],[84.61758,21.49877],[84.62033,21.49959],[84.62174,21.49962],[84.62207,21.49882],[84.62168,21.49709],[84.62177,21.49353],[84.62244,21.49165],[84.6223,21.48987],[84.62071,21.48978],[84.61874,21.49043],[84.61704,21.492],[84.6167,21.4932],[84.61346,21.4975]]]}},{"type":"Feature","properties":{"LCODE":"010260024002400117","LOCATION":"KUREI BAHALA","V_TYPE":"VILLAGE","BLOCK":"BARKOTE","DISTRICT":"DEOGARH"},"geometry":{"type":"Polygon","coordinates":[[[84.29949,21.48516],[84.30119,21.49156],[84.30376,21.49197],[84.30788,21.49422],[84.30857,21.49537],[84.30909,21.49761],[84.30995,21.49875],[84.31057,21.49907],[84.311,21.49851],[84.31221,21.49841],[84.31189,21.4955],[84.312,21.49354],[84.31319,21.49065],[84.3125,21.48876],[84.31255,21.48796],[84.31137,21.48607],[84.31007,21.48545],[84.30756,21.48524],[84.30523,21.48573],[84.3045,21.48557],[84.30314,21.4846],[84.29949,21.48516]]]}},{"type":"Feature","properties":{"LCODE":"010260024002400121","LOCATION":"BADRAMA","V_TYPE":"VILLAGE","BLOCK":"BARKOTE","DISTRICT":"DEOGARH"},"geometry":{"type":"Polygon","coordinates":[[[84.26059,21.48877],[84.26614,21.4921],[84.26792,21.49346],[84.26812,21.49433],[84.26727,21.496],[84.26716,21.49687],[84.26987,21.49845],[84.27085,21.49827],[84.27389,21.49478],[84.27829,21.49277],[84.2803,21.49119],[84.28116,21.49095],[84.28263,21.49105],[84.28428,21.48994],[84.29423,21.49304],[84.29474,21.49051],[84.29189,21.48985],[84.28807,21.48846],[84.28721,21.48789],[84.28621,21.48629],[84.28633,21.4856],[84.28681,21.48519],[84.28755,21.48507],[84.28902,21.4854],[84.29191,21.48519],[84.29196,21.4845],[84.29029,21.48285],[84.28518,21.48112],[84.2835,21.47904],[84.28063,21.48002],[84.27751,21.47857],[84.275,21.48169],[84.27258,21.48575],[84.27167,21.48634],[84.27106,21.48658],[84.26897,21.48614],[84.26479,21.48636],[84.26333,21.48695],[84.26059,21.48877]]]}},{"type":"Feature","properties":{"LCODE":"010300027002700029","LOCATION":"KAUNSIPALI","V_TYPE":"VILLAGE","BLOCK":"TILEIBANI","DISTRICT":"DEOGARH"},"geometry":{"type":"Polygon","coordinates":[[[84.55236,21.49071],[84.55254,21.49301],[84.55301,21.49411],[84.55286,21.49698],[84.55332,21.4982],[84.55997,21.49695],[84.56408,21.49663],[84.5682,21.49672],[84.56721,21.49198],[84.56401,21.4833],[84.56245,21.48005],[84.56088,21.47916],[84.55827,21.48116],[84.55871,21.48262],[84.55739,21.4861],[84.55619,21.48734],[84.55328,21.48872],[84.55236,21.49071]]]}},{"type":"Feature","properties":{"LCODE":"010300027002700023","LOCATION":"BALITA","V_TYPE":"VILLAGE","BLOCK":"TILEIBANI","DISTRICT":"DEOGARH"},"geometry":{"type":"Polygon","coordinates":[[[84.50578,21.49338],[84.50763,21.49665],[84.50912,21.49771],[84.51417,21.49689],[84.52016,21.49719],[84.52288,21.49426],[84.52415,21.49369],[84.52322,21.48442],[84.52028,21.48421],[84.5199,21.4844],[84.51809,21.48606],[84.51622,21.48717],[84.514,21.48977],[84.51164,21.4911],[84.50578,21.49338]]]}},{"type":"Feature","properties":{"LCODE":"010270027002700092","LOCATION":"SRADHAPURA","V_TYPE":"VILLAGE","BLOCK":"TILEIBANI","DISTRICT":"DEOGARH"},"geometry":{"type":"Polygon","coordinates":[[[84.60021,21.49643],[84.60291,21.49614],[84.60717,21.49709],[84.60938,21.49707],[84.61193,21.49552],[84.61546,21.49185],[84.61583,21.49146],[84.6158,21.49037],[84.6146,21.48919],[84.61295,21.48939],[84.60998,21.49037],[84.60814,21.49056],[84.60308,21.48977],[84.60152,21.49069],[84.60094,21.49191],[84.60021,21.49643]]]}},{"type":"Feature","properties":{"LCODE":"010270026002600182","LOCATION":"KUDNALI","V_TYPE":"VILLAGE","BLOCK":"TILEIBANI","DISTRICT":"DEOGARH"},"geometry":{"type":"Polygon","coordinates":[[[84.81031,21.49041],[84.81037,21.49087],[84.81361,21.49485],[84.81686,21.4971],[84.81789,21.49704],[84.82005,21.4955],[84.82066,21.49452],[84.82272,21.48809],[84.82413,21.48632],[84.82523,21.48598],[84.8334,21.48543],[84.83496,21.48507],[84.83402,21.48256],[84.83157,21.47997],[84.82931,21.47835],[84.82526,21.47656],[84.82146,21.47637],[84.8201,21.47671],[84.81998,21.47717],[84.81783,21.479],[84.81734,21.47992],[84.81647,21.48423],[84.81652,21.48635],[84.81615,21.48716],[84.81572,21.48756],[84.81197,21.48892],[84.81031,21.49041]]]}},{"type":"Feature","properties":{"LCODE":"010300027002700030","LOCATION":"KHALINALI","V_TYPE":"VILLAGE","BLOCK":"TILEIBANI","DISTRICT":"DEOGARH"},"geometry":{"type":"Polygon","coordinates":[[[84.55856,21.47429],[84.55872,21.47539],[84.55999,21.47817],[84.56083,21.47917],[84.56245,21.48005],[84.56401,21.4833],[84.56721,21.49198],[84.5682,21.49672],[84.57156,21.49609],[84.57317,21.49549],[84.57563,21.49301],[84.57627,21.49176],[84.57707,21.48942],[84.57758,21.48644],[84.57849,21.48428],[84.57833,21.48123],[84.57736,21.47846],[84.57665,21.47764],[84.57478,21.47674],[84.57159,21.47696],[84.56897,21.47645],[84.56789,21.47597],[84.56675,21.47474],[84.56636,21.47336],[84.56474,21.47223],[84.56405,21.4714],[84.55902,21.47332],[84.55856,21.47429]]]}},{"type":"Feature","properties":{"LCODE":"010270027002700112","LOCATION":"SUKHAPADAN","V_TYPE":"VILLAGE","BLOCK":"TILEIBANI","DISTRICT":"DEOGARH"},"geometry":{"type":"Polygon","coordinates":[[[84.67216,21.4908],[84.67268,21.49242],[84.67339,21.49359],[84.6759,21.49599],[84.67729,21.49654],[84.67857,21.49662],[84.68684,21.49401],[84.68784,21.49049],[84.68755,21.48996],[84.68616,21.48919],[84.68355,21.4885],[84.67467,21.48838],[84.67339,21.4887],[84.67263,21.48932],[84.67216,21.4908]]]}},{"type":"Feature","properties":{"LCODE":"010270027002700113","LOCATION":"JHALIAMARA","V_TYPE":"VILLAGE","BLOCK":"TILEIBANI","DISTRICT":"DEOGARH"},"geometry":{"type":"Polygon","coordinates":[[[84.68684,21.49401],[84.6877,21.49399],[84.68891,21.49447],[84.69254,21.49655],[84.69737,21.49401],[84.69714,21.49326],[84.69525,21.49293],[84.69377,21.49083],[84.6925,21.49058],[84.68757,21.49166],[84.68684,21.49401]]]}},{"type":"Feature","properties":{"LCODE":"010270026002600175","LOCATION":"KUNDAPITHA","V_TYPE":"VILLAGE","BLOCK":"TILEIBANI","DISTRICT":"DEOGARH"},"geometry":{"type":"Polygon","coordinates":[[[84.8197,21.47143],[84.82018,21.47505],[84.8201,21.47671],[84.82146,21.47637],[84.82526,21.47656],[84.82931,21.47835],[84.83157,21.47997],[84.83402,21.48256],[84.83496,21.48507],[84.83965,21.48711],[84.84106,21.48856],[84.84289,21.49436],[84.84405,21.49609],[84.84472,21.49609],[84.84521,21.49557],[84.84534,21.4946],[84.84516,21.49196],[84.84547,21.48972],[84.84579,21.48914],[84.84689,21.4884],[84.8488,21.48571],[84.85323,21.48233],[84.85348,21.48141],[84.85299,21.48009],[84.85201,21.479],[84.85183,21.47768],[84.85374,21.47481],[84.8554,21.47338],[84.85614,21.47166],[84.85799,21.47023],[84.86198,21.47025],[84.86652,21.46986],[84.86879,21.4686],[84.86904,21.46717],[84.86843,21.46544],[84.86505,21.46595],[84.8586,21.46748],[84.85511,21.46741],[84.85242,21.46688],[84.84898,21.4667],[84.8472,21.46767],[84.84486,21.47019],[84.84314,21.47156],[84.83982,21.47247],[84.83595,21.47292],[84.83521,21.47337],[84.83423,21.47469],[84.83386,21.47475],[84.83301,21.47457],[84.83203,21.4725],[84.82995,21.47146],[84.82915,21.46864],[84.82836,21.46743],[84.82775,21.46714],[84.82579,21.46708],[84.82394,21.46771],[84.81982,21.47068],[84.8197,21.47143]]]}},{"type":"Feature","properties":{"LCODE":"010300027002700024","LOCATION":"THELKUBUDI","V_TYPE":"VILLAGE","BLOCK":"TILEIBANI","DISTRICT":"DEOGARH"},"geometry":{"type":"Polygon","coordinates":[[[84.52321,21.4845],[84.52415,21.49369],[84.52589,21.49391],[84.52824,21.49511],[84.53239,21.49582],[84.5351,21.49513],[84.53802,21.49329],[84.54221,21.48838],[84.5433,21.48622],[84.54342,21.48416],[84.54272,21.48276],[84.54086,21.48175],[84.5407,21.481],[84.54091,21.47974],[84.54063,21.47887],[84.53985,21.47834],[84.53902,21.47594],[84.53796,21.47555],[84.53699,21.47558],[84.53562,21.47613],[84.53387,21.47765],[84.53207,21.47853],[84.52825,21.48155],[84.52423,21.48302],[84.52335,21.48381],[84.52321,21.4845]]]}},{"type":"Feature","properties":{"LCODE":"010270025002500115","LOCATION":"BANDHAKHOL","V_TYPE":"VILLAGE","BLOCK":"TILEIBANI","DISTRICT":"DEOGARH"},"geometry":{"type":"Polygon","coordinates":[[[84.70913,21.48879],[84.7107,21.49209],[84.71127,21.49394],[84.71206,21.49516],[84.71387,21.49543],[84.71516,21.49528],[84.71652,21.49439],[84.71735,21.49332],[84.71768,21.49189],[84.7176,21.49028],[84.71666,21.48876],[84.71345,21.48602],[84.71188,21.4862],[84.70941,21.48718],[84.70913,21.48879]]]}},{"type":"Feature","properties":{"LCODE":"010260024002400129","LOCATION":"PATHAMUNDA(PARTHAMUNDA)","V_TYPE":"VILLAGE","BLOCK":"BARKOTE","DISTRICT":"DEOGARH"},"geometry":{"type":"Polygon","coordinates":[[[84.17332,21.48227],[84.17421,21.48397],[84.17574,21.48942],[84.17691,21.49212],[84.17832,21.4935],[84.18182,21.49541],[84.18465,21.49493],[84.19145,21.49246],[84.19317,21.49223],[84.19575,21.49234],[84.19667,21.49165],[84.19581,21.48878],[84.19446,21.48683],[84.19243,21.48499],[84.1885,21.48017],[84.18649,21.47818],[84.18568,21.47873],[84.18475,21.47879],[84.18059,21.47799],[84.17776,21.47811],[84.17678,21.47845],[84.17555,21.47943],[84.17332,21.48227]]]}},{"type":"Feature","properties":{"LCODE":"010260024002400126","LOCATION":"KHAIRMAL","V_TYPE":"VILLAGE","BLOCK":"BARKOTE","DISTRICT":"DEOGARH"},"geometry":{"type":"Polygon","coordinates":[[[84.20924,21.48412],[84.20924,21.48653],[84.20986,21.48826],[84.21004,21.48975],[84.21004,21.49101],[84.20966,21.49195],[84.21878,21.4953],[84.22158,21.4898],[84.22243,21.48848],[84.2233,21.48779],[84.22047,21.48527],[84.21678,21.48108],[84.2135,21.47798],[84.20924,21.48412]]]}},{"type":"Feature","properties":{"LCODE":"01027002500250rf","LOCATION":"RF","V_TYPE":"FOREST","BLOCK":"TILEIBANI","DISTRICT":"DEOGARH"},"geometry":{"type":"Polygon","coordinates":[[[84.67898,21.47386],[84.67968,21.47424],[84.68095,21.47748],[84.68154,21.47818],[84.6846,21.4806],[84.68836,21.48306],[84.68781,21.48181],[84.68639,21.48023],[84.68639,21.47765],[84.68671,21.47691],[84.68794,21.47659],[84.68954,21.47409],[84.69131,21.47401],[84.69349,21.47492],[84.6944,21.47557],[84.69492,21.47638],[84.69372,21.48319],[84.69266,21.48398],[84.68997,21.48402],[84.69274,21.48541],[84.70215,21.49129],[84.70451,21.49249],[84.70815,21.49411],[84.71206,21.49516],[84.71127,21.49394],[84.7107,21.49209],[84.70913,21.48879],[84.70941,21.48718],[84.71188,21.4862],[84.71345,21.48602],[84.71169,21.48396],[84.71101,21.48159],[84.71032,21.47595],[84.70527,21.47642],[84.70387,21.47604],[84.70369,21.47569],[84.70414,21.4749],[84.70644,21.47368],[84.70652,21.47265],[84.70261,21.46987],[84.70024,21.46914],[84.69959,21.46809],[84.69888,21.46509],[84.69769,21.46368],[84.69578,21.46411],[84.69462,21.4665],[84.69173,21.4669],[84.68816,21.46786],[84.68563,21.46861],[84.68346,21.46966],[84.67898,21.47386]]]}},{"type":"Feature","properties":{"LCODE":"010260024002400127","LOCATION":"BHOGRAPALI","V_TYPE":"VILLAGE","BLOCK":"BARKOTE","DISTRICT":"DEOGARH"},"geometry":{"type":"Polygon","coordinates":[[[84.19583,21.48884],[84.19648,21.49056],[84.19659,21.49184],[84.1971,21.49223],[84.19992,21.49314],[84.2047,21.49366],[84.20588,21.49421],[84.20722,21.49285],[84.20966,21.49195],[84.21004,21.49101],[84.20986,21.48826],[84.20924,21.48653],[84.20927,21.48399],[84.20709,21.48332],[84.20669,21.48329],[84.20624,21.48395],[84.2055,21.48424],[84.20531,21.48504],[84.20384,21.48487],[84.20305,21.48614],[84.199,21.48619],[84.19583,21.48884]]]}},{"type":"Feature","properties":{"LCODE":"010300027002700022","LOCATION":"JAISENDHA","V_TYPE":"VILLAGE","BLOCK":"TILEIBANI","DISTRICT":"DEOGARH"},"geometry":{"type":"Polygon","coordinates":[[[84.50277,21.48432],[84.50363,21.48853],[84.50578,21.49338],[84.51164,21.4911],[84.514,21.48977],[84.51622,21.48717],[84.51809,21.48606],[84.5199,21.4844],[84.51769,21.48266],[84.51537,21.48181],[84.5135,21.48149],[84.50933,21.48169],[84.50356,21.48261],[84.50313,21.48295],[84.50277,21.48432]]]}},{"type":"Feature","properties":{"LCODE":"010300027002700037","LOCATION":"JHARPADA","V_TYPE":"VILLAGE","BLOCK":"TILEIBANI","DISTRICT":"DEOGARH"},"geometry":{"type":"Polygon","coordinates":[[[84.63254,21.49151],[84.63332,21.49238],[84.6341,21.49269],[84.63551,21.49283],[84.64023,21.49246],[84.64273,21.49264],[84.64327,21.49096],[84.64201,21.49009],[84.64064,21.48829],[84.63913,21.48779],[84.63824,21.48716],[84.63691,21.48689],[84.6361,21.48708],[84.63612,21.4883],[84.63585,21.48893],[84.63293,21.49071],[84.63255,21.49105],[84.63254,21.49151]]]}},{"type":"Feature","properties":{"LCODE":"010270027002700183","LOCATION":"SUGUDA","V_TYPE":"VILLAGE","BLOCK":"TILEIBANI","DISTRICT":"DEOGARH"},"geometry":{"type":"Polygon","coordinates":[[[84.78761,21.48845],[84.78867,21.49116],[84.78962,21.49155],[84.79109,21.49162],[84.79539,21.49008],[84.79803,21.48945],[84.80221,21.49004],[84.8081,21.49012],[84.81033,21.49057],[84.81049,21.49001],[84.81197,21.48892],[84.8139,21.48812],[84.81333,21.48634],[84.81254,21.48496],[84.80892,21.48369],[84.80666,21.48201],[84.80561,21.48161],[84.80193,21.48067],[84.79967,21.47958],[84.79819,21.47951],[84.79746,21.47963],[84.79359,21.48243],[84.79176,21.48259],[84.79205,21.48317],[84.79179,21.48438],[84.7878,21.48707],[84.78761,21.48845]]]}},{"type":"Feature","properties":{"LCODE":"010260024002400118","LOCATION":"CHEPATAMB","V_TYPE":"VILLAGE","BLOCK":"BARKOTE","DISTRICT":"DEOGARH"},"geometry":{"type":"Polygon","coordinates":[[[84.2835,21.47904],[84.28518,21.48112],[84.29029,21.48285],[84.29196,21.4845],[84.29209,21.4849],[84.2916,21.48537],[84.28681,21.48519],[84.28633,21.4856],[84.28621,21.48629],[84.28721,21.48789],[84.28955,21.48913],[84.29398,21.49041],[84.30119,21.49156],[84.29949,21.48516],[84.29823,21.48489],[84.29784,21.48219],[84.29405,21.47831],[84.29258,21.47758],[84.28994,21.47755],[84.2887,21.47734],[84.2878,21.47678],[84.28564,21.47824],[84.2835,21.47904]]]}},{"type":"Feature","properties":{"LCODE":"010270027002700118","LOCATION":"MASINATA","V_TYPE":"VILLAGE","BLOCK":"TILEIBANI","DISTRICT":"DEOGARH"},"geometry":{"type":"Polygon","coordinates":[[[84.71987,21.48739],[84.72031,21.48941],[84.7215,21.49093],[84.72253,21.49124],[84.72481,21.49094],[84.72863,21.48986],[84.72958,21.4885],[84.72968,21.48707],[84.72957,21.48655],[84.72838,21.48503],[84.72693,21.48432],[84.72521,21.48428],[84.72072,21.48523],[84.72003,21.48607],[84.71987,21.48739]]]}},{"type":"Feature","properties":{"LCODE":"010260024002400110","LOCATION":"TILEIMAL","V_TYPE":"VILLAGE","BLOCK":"BARKOTE","DISTRICT":"DEOGARH"},"geometry":{"type":"Polygon","coordinates":[[[84.37601,21.48684],[84.3761,21.49035],[84.38249,21.49091],[84.38918,21.49014],[84.39633,21.48764],[84.39761,21.48711],[84.39828,21.48636],[84.40115,21.4785],[84.40278,21.47612],[84.4015,21.47407],[84.3967,21.47579],[84.39218,21.47802],[84.38496,21.48069],[84.38374,21.48151],[84.38316,21.48221],[84.38345,21.48232],[84.38065,21.48431],[84.37661,21.48579],[84.37612,21.48626],[84.37601,21.48684]]]}},{"type":"Feature","properties":{"LCODE":"010300025002500028","LOCATION":"BARAKANIA","V_TYPE":"VILLAGE","BLOCK":"TILEIBANI","DISTRICT":"DEOGARH"},"geometry":{"type":"Polygon","coordinates":[[[84.54411,21.4906],[84.54685,21.49083],[84.55017,21.49026],[84.55121,21.49028],[84.55236,21.49071],[84.55328,21.48872],[84.55519,21.48795],[84.55676,21.48689],[84.55739,21.4861],[84.55804,21.4845],[84.55871,21.48262],[84.55866,21.48193],[84.55692,21.47839],[84.55592,21.47722],[84.55381,21.47592],[84.55156,21.47536],[84.54984,21.47567],[84.54847,21.47633],[84.54597,21.4784],[84.54537,21.47989],[84.54565,21.48564],[84.54521,21.48815],[84.54411,21.4906]]]}},{"type":"Feature","properties":{"LCODE":"010270027002700091","LOCATION":"NUHANKARADAPALA","V_TYPE":"VILLAGE","BLOCK":"TILEIBANI","DISTRICT":"DEOGARH"},"geometry":{"type":"Polygon","coordinates":[[[84.60105,21.48501],[84.60169,21.4867],[84.60188,21.48877],[84.60152,21.49069],[84.60308,21.48977],[84.60814,21.49056],[84.61072,21.49021],[84.61223,21.48961],[84.61172,21.48937],[84.60966,21.48416],[84.60857,21.48333],[84.60105,21.48501]]]}},{"type":"Feature","properties":{"LCODE":"010300027002700013","LOCATION":"KUREIBAHAL","V_TYPE":"VILLAGE","BLOCK":"TILEIBANI","DISTRICT":"DEOGARH"},"geometry":{"type":"Polygon","coordinates":[[[84.45385,21.48736],[84.45507,21.48862],[84.45541,21.49047],[84.4575,21.49026],[84.46172,21.48847],[84.46217,21.48795],[84.4621,21.4838],[84.46105,21.48174],[84.45818,21.483],[84.45385,21.48736]]]}},{"type":"Feature","properties":{"LCODE":"010300027002700021","LOCATION":"DARICHAR","V_TYPE":"VILLAGE","BLOCK":"TILEIBANI","DISTRICT":"DEOGARH"},"geometry":{"type":"Polygon","coordinates":[[[84.48232,21.47902],[84.48238,21.47948],[84.48428,21.48008],[84.48483,21.48003],[84.48633,21.47901],[84.48837,21.47868],[84.48935,21.47881],[84.49069,21.47958],[84.49096,21.48212],[84.49322,21.48376],[84.49429,21.48562],[84.49416,21.48689],[84.49371,21.48781],[84.49289,21.48895],[84.49228,21.48924],[84.49294,21.48988],[84.4938,21.48989],[84.49519,21.48914],[84.49798,21.48647],[84.49899,21.48481],[84.49947,21.48199],[84.49934,21.47783],[84.49881,21.4765],[84.4981,21.47565],[84.4937,21.47627],[84.49056,21.47588],[84.48939,21.4761],[84.48672,21.47728],[84.48314,21.47793],[84.48232,21.47902]]]}},{"type":"Feature","properties":{"LCODE":"010300027002700014","LOCATION":"KALCHIPODADIHI","V_TYPE":"VILLAGE","BLOCK":"TILEIBANI","DISTRICT":"DEOGARH"},"geometry":{"type":"Polygon","coordinates":[[[84.43564,21.48391],[84.43724,21.48587],[84.44066,21.48898],[84.44193,21.48901],[84.44315,21.48966],[84.44447,21.48861],[84.44888,21.48653],[84.45097,21.48661],[84.45385,21.48736],[84.45818,21.483],[84.46105,21.48174],[84.46125,21.47736],[84.45827,21.47683],[84.45668,21.47571],[84.45632,21.47501],[84.45658,21.47455],[84.45974,21.47309],[84.46,21.47263],[84.45988,21.47171],[84.45854,21.47083],[84.45407,21.46921],[84.45204,21.46913],[84.45076,21.46848],[84.44768,21.46873],[84.44705,21.4693],[84.4464,21.4712],[84.44591,21.47142],[84.44462,21.47101],[84.44357,21.47174],[84.44296,21.47485],[84.44253,21.47514],[84.44167,21.47519],[84.4389,21.47434],[84.437,21.47432],[84.43588,21.47471],[84.43574,21.47598],[84.43622,21.47662],[84.4389,21.47815],[84.43957,21.47909],[84.4408,21.48331],[84.44054,21.48429],[84.4401,21.48446],[84.43722,21.48356],[84.43642,21.48355],[84.43564,21.48391]]]}},{"type":"Feature","properties":{"LCODE":"010260024002400128","LOCATION":"KANTINALI","V_TYPE":"VILLAGE","BLOCK":"BARKOTE","DISTRICT":"DEOGARH"},"geometry":{"type":"Polygon","coordinates":[[[84.18649,21.47818],[84.1885,21.48017],[84.19243,21.48499],[84.19446,21.48683],[84.19583,21.48884],[84.19807,21.48683],[84.19942,21.48602],[84.20305,21.48614],[84.20384,21.48487],[84.20531,21.48504],[84.2055,21.48424],[84.20624,21.48395],[84.20669,21.48329],[84.2039,21.48102],[84.20077,21.47758],[84.1993,21.47649],[84.19585,21.47649],[84.19439,21.47764],[84.18893,21.4773],[84.18649,21.47818]]]}},{"type":"Feature","properties":{"LCODE":"010260024002400122","LOCATION":"BISWALPALI","V_TYPE":"VILLAGE","BLOCK":"BARKOTE","DISTRICT":"DEOGARH"},"geometry":{"type":"Polygon","coordinates":[[[84.25538,21.4837],[84.25571,21.48571],[84.26059,21.48877],[84.26333,21.48695],[84.26479,21.48636],[84.26897,21.48614],[84.27106,21.48658],[84.27258,21.48575],[84.275,21.48169],[84.27751,21.47857],[84.27619,21.47799],[84.27306,21.4774],[84.26991,21.47513],[84.26807,21.47498],[84.26537,21.47524],[84.26226,21.47769],[84.26167,21.48029],[84.26051,21.48105],[84.25671,21.48219],[84.25568,21.48277],[84.25538,21.4837]]]}},{"type":"Feature","properties":{"LCODE":"010300027002700039","LOCATION":"BHALIADIHI","V_TYPE":"VILLAGE","BLOCK":"TILEIBANI","DISTRICT":"DEOGARH"},"geometry":{"type":"Polygon","coordinates":[[[84.6235,21.48104],[84.62428,21.48422],[84.62416,21.48479],[84.62502,21.48636],[84.62618,21.4865],[84.63013,21.48531],[84.63319,21.48514],[84.63514,21.48564],[84.63574,21.48606],[84.6361,21.48708],[84.63691,21.48689],[84.63824,21.48716],[84.63913,21.48779],[84.64064,21.48829],[84.64072,21.48704],[84.6391,21.48635],[84.63863,21.48548],[84.64,21.48229],[84.64355,21.4776],[84.64346,21.47616],[84.64295,21.47442],[84.64308,21.47342],[84.6401,21.47368],[84.63899,21.47328],[84.63802,21.47352],[84.63442,21.47322],[84.62862,21.4749],[84.62847,21.47615],[84.62758,21.47745],[84.62627,21.47834],[84.62444,21.47843],[84.62386,21.4795],[84.6235,21.48104]]]}},{"type":"Feature","properties":{"LCODE":"010260024002400119","LOCATION":"GANTAB","V_TYPE":"VILLAGE","BLOCK":"BARKOTE","DISTRICT":"DEOGARH"},"geometry":{"type":"Polygon","coordinates":[[[84.29384,21.47819],[84.29784,21.48219],[84.29823,21.48489],[84.29977,21.48516],[84.30314,21.4846],[84.3045,21.48557],[84.30523,21.48573],[84.30756,21.48524],[84.31007,21.48545],[84.31137,21.48607],[84.31255,21.48796],[84.31531,21.48648],[84.31561,21.48596],[84.31527,21.48297],[84.31557,21.48239],[84.31769,21.48108],[84.31241,21.4788],[84.30733,21.47454],[84.30419,21.47279],[84.29852,21.47128],[84.29384,21.47819]]]}},{"type":"Feature","properties":{"LCODE":"010300027002700035","LOCATION":"MAHULDARH","V_TYPE":"VILLAGE","BLOCK":"TILEIBANI","DISTRICT":"DEOGARH"},"geometry":{"type":"Polygon","coordinates":[[[84.6117,21.48316],[84.61173,21.48414],[84.61237,21.48582],[84.61326,21.4867],[84.61446,21.48764],[84.61531,21.48789],[84.61745,21.48776],[84.61933,21.48624],[84.62416,21.48479],[84.62428,21.48422],[84.62354,21.48191],[84.62352,21.48047],[84.62444,21.47843],[84.62346,21.47793],[84.62198,21.47854],[84.6191,21.47854],[84.61362,21.47987],[84.61185,21.48196],[84.6117,21.48316]]]}},{"type":"Feature","properties":{"LCODE":"010260024002400125","LOCATION":"TURUKCHUAN","V_TYPE":"VILLAGE","BLOCK":"BARKOTE","DISTRICT":"DEOGARH"},"geometry":{"type":"Polygon","coordinates":[[[84.21293,21.47387],[84.21378,21.4766],[84.2135,21.47798],[84.21678,21.48108],[84.22047,21.48527],[84.2233,21.48779],[84.22581,21.48681],[84.23206,21.48566],[84.23335,21.48503],[84.23329,21.48434],[84.23268,21.48394],[84.22801,21.48239],[84.22672,21.4817],[84.22648,21.48119],[84.22648,21.47958],[84.22746,21.47675],[84.22475,21.47671],[84.22267,21.4747],[84.22175,21.47464],[84.22046,21.47533],[84.21948,21.47533],[84.21782,21.47424],[84.2161,21.47378],[84.21293,21.47387]]]}},{"type":"Feature","properties":{"LCODE":"010300027002700040","LOCATION":"TALAKUNDI","V_TYPE":"VILLAGE","BLOCK":"TILEIBANI","DISTRICT":"DEOGARH"},"geometry":{"type":"Polygon","coordinates":[[[84.63863,21.48548],[84.6391,21.48635],[84.64072,21.48704],[84.64192,21.48612],[84.64433,21.48519],[84.64686,21.48473],[84.65363,21.4809],[84.656,21.47985],[84.65487,21.47771],[84.65362,21.4763],[84.65193,21.47271],[84.65109,21.47223],[84.65005,21.47221],[84.64308,21.47342],[84.64295,21.47442],[84.64346,21.47616],[84.64355,21.4776],[84.64,21.48229],[84.63863,21.48548]]]}},{"type":"Feature","properties":{"LCODE":"010260024002400113","LOCATION":"PATHURIA","V_TYPE":"VILLAGE","BLOCK":"BARKOTE","DISTRICT":"DEOGARH"},"geometry":{"type":"Polygon","coordinates":[[[84.35127,21.48015],[84.35178,21.4817],[84.35478,21.48172],[84.35596,21.4824],[84.3577,21.4852],[84.35863,21.48577],[84.35986,21.48593],[84.36176,21.48677],[84.36293,21.48641],[84.36304,21.48462],[84.36449,21.48265],[84.36448,21.48196],[84.36411,21.48139],[84.35967,21.48],[84.35881,21.47932],[84.35614,21.47607],[84.35445,21.4789],[84.35274,21.4799],[84.35127,21.48015]]]}},{"type":"Feature","properties":{"LCODE":"010270026002600176","LOCATION":"SUNAPASI","V_TYPE":"VILLAGE","BLOCK":"TILEIBANI","DISTRICT":"DEOGARH"},"geometry":{"type":"Polygon","coordinates":[[[84.85177,21.47831],[84.85201,21.479],[84.85299,21.48009],[84.85343,21.48157],[84.85397,21.48176],[84.85378,21.48297],[84.85341,21.48343],[84.85341,21.48417],[84.85378,21.48463],[84.85641,21.48407],[84.85758,21.48424],[84.85954,21.48517],[84.86427,21.48581],[84.86678,21.48462],[84.87263,21.48056],[84.87406,21.47988],[84.8727,21.47642],[84.87246,21.47149],[84.87259,21.46925],[84.87416,21.4653],[84.86843,21.46544],[84.86904,21.46717],[84.86879,21.4686],[84.86652,21.46986],[84.86198,21.47025],[84.85799,21.47023],[84.85719,21.47069],[84.85614,21.47166],[84.8554,21.47338],[84.85313,21.47561],[84.85183,21.47768],[84.85177,21.47831]]]}},{"type":"Feature","properties":{"LCODE":"010270027002700116","LOCATION":"HADAMUNDA","V_TYPE":"VILLAGE","BLOCK":"TILEIBANI","DISTRICT":"DEOGARH"},"geometry":{"type":"Polygon","coordinates":[[[84.71125,21.48241],[84.71169,21.48396],[84.71274,21.4853],[84.71622,21.48433],[84.72198,21.48381],[84.72501,21.48261],[84.72449,21.48134],[84.72231,21.48026],[84.72088,21.47845],[84.72063,21.47902],[84.71125,21.48241]]]}},{"type":"Feature","properties":{"LCODE":"010260024002400124","LOCATION":"KADLIPAL (KADALIPALA)","V_TYPE":"VILLAGE","BLOCK":"BARKOTE","DISTRICT":"DEOGARH"},"geometry":{"type":"Polygon","coordinates":[[[84.22642,21.48061],[84.22672,21.4817],[84.22801,21.48239],[84.23268,21.48394],[84.23341,21.48463],[84.23495,21.48468],[84.23672,21.48354],[84.24961,21.47208],[84.24702,21.47062],[84.24395,21.46815],[84.24204,21.46717],[84.24057,21.46539],[84.24002,21.46413],[84.24008,21.46321],[84.24026,21.46272],[84.24136,21.46224],[84.24075,21.46172],[84.24094,21.46126],[84.24241,21.46126],[84.24185,21.4604],[84.24216,21.45971],[84.23995,21.45971],[84.23579,21.46149],[84.2356,21.46144],[84.23572,21.46086],[84.23731,21.45869],[84.23449,21.46029],[84.23235,21.46086],[84.23085,21.46232],[84.23309,21.46408],[84.23376,21.46431],[84.23505,21.46689],[84.23481,21.46718],[84.23254,21.46746],[84.23045,21.46867],[84.23039,21.46976],[84.2307,21.47074],[84.23273,21.47407],[84.23286,21.47527],[84.23163,21.47441],[84.23034,21.47418],[84.22966,21.47418],[84.22887,21.47464],[84.22819,21.47527],[84.22715,21.4774],[84.22642,21.48061]]]}},{"type":"Feature","properties":{"LCODE":"010270027002700193","LOCATION":"KHUNTIAPALI","V_TYPE":"VILLAGE","BLOCK":"TILEIBANI","DISTRICT":"DEOGARH"},"geometry":{"type":"Polygon","coordinates":[[[84.78883,21.47535],[84.78925,21.47701],[84.79016,21.47874],[84.7907,21.48116],[84.79176,21.48259],[84.79359,21.48243],[84.79746,21.47963],[84.79967,21.47958],[84.80193,21.48067],[84.80666,21.48201],[84.80892,21.48369],[84.81168,21.4846],[84.81181,21.48054],[84.81104,21.47631],[84.80753,21.47587],[84.80563,21.47511],[84.80338,21.47218],[84.80179,21.47091],[84.79934,21.46992],[84.79885,21.46831],[84.79709,21.46674],[84.7964,21.46738],[84.79358,21.46766],[84.79314,21.46795],[84.79302,21.46841],[84.79345,21.47013],[84.79326,21.47053],[84.79031,21.47225],[84.78895,21.47437],[84.78883,21.47535]]]}},{"type":"Feature","properties":{"LCODE":"010300027002700062","LOCATION":"KATANGAPANI","V_TYPE":"VILLAGE","BLOCK":"TILEIBANI","DISTRICT":"DEOGARH"},"geometry":{"type":"Polygon","coordinates":[[[84.51505,21.48083],[84.51537,21.48181],[84.51769,21.48266],[84.5199,21.4844],[84.52028,21.48421],[84.52322,21.48442],[84.52335,21.48381],[84.52423,21.48302],[84.52825,21.48155],[84.53207,21.47853],[84.53419,21.47741],[84.53398,21.47575],[84.53276,21.47247],[84.52826,21.47254],[84.52528,21.47196],[84.5221,21.47199],[84.51893,21.47344],[84.51849,21.47389],[84.51744,21.47628],[84.51574,21.47792],[84.51508,21.47968],[84.51505,21.48083]]]}},{"type":"Feature","properties":{"LCODE":"010270025002500114","LOCATION":"PENDARAKHOL","V_TYPE":"VILLAGE","BLOCK":"TILEIBANI","DISTRICT":"DEOGARH"},"geometry":{"type":"Polygon","coordinates":[[[84.68635,21.47931],[84.68639,21.48023],[84.68781,21.48181],[84.68836,21.48306],[84.68997,21.48402],[84.69266,21.48398],[84.69372,21.48319],[84.69492,21.47638],[84.6944,21.47557],[84.69271,21.47444],[84.69131,21.47401],[84.68954,21.47409],[84.68794,21.47659],[84.68671,21.47691],[84.68639,21.47765],[84.68635,21.47931]]]}},{"type":"Feature","properties":{"LCODE":"010260024002400136","LOCATION":"KUMKAPALI","V_TYPE":"VILLAGE","BLOCK":"BARKOTE","DISTRICT":"DEOGARH"},"geometry":{"type":"Polygon","coordinates":[[[84.1864,21.45427],[84.18652,21.45495],[84.19015,21.46202],[84.19358,21.4661],[84.19377,21.46851],[84.19585,21.47178],[84.19629,21.47551],[84.19585,21.47649],[84.1993,21.47649],[84.20028,21.47712],[84.20292,21.4801],[84.20654,21.48326],[84.20838,21.48355],[84.20927,21.48399],[84.21341,21.47821],[84.21378,21.4766],[84.21199,21.47137],[84.20861,21.46575],[84.20518,21.46202],[84.2002,21.45754],[84.19637,21.45257],[84.19505,21.45358],[84.19389,21.45398],[84.18768,21.45363],[84.1864,21.45427]]]}},{"type":"Feature","properties":{"LCODE":"010300027002700064","LOCATION":"JOSHABANTPUR","V_TYPE":"VILLAGE","BLOCK":"TILEIBANI","DISTRICT":"DEOGARH"},"geometry":{"type":"Polygon","coordinates":[[[84.50247,21.4746],[84.50319,21.47594],[84.5028,21.47881],[84.50429,21.4805],[84.50427,21.48096],[84.50351,21.48192],[84.50313,21.48295],[84.50497,21.48224],[84.50933,21.48169],[84.51418,21.4815],[84.51537,21.48181],[84.51505,21.48083],[84.51535,21.47877],[84.51574,21.47792],[84.51744,21.47628],[84.51849,21.47389],[84.51893,21.47344],[84.52221,21.47199],[84.52167,21.46971],[84.52155,21.46723],[84.52339,21.45825],[84.52357,21.45424],[84.52318,21.45055],[84.52339,21.44952],[84.52415,21.44868],[84.53099,21.44686],[84.53393,21.4468],[84.53435,21.44704],[84.53492,21.44849],[84.53551,21.44913],[84.53794,21.4497],[84.53854,21.45034],[84.53887,21.4515],[84.53841,21.45363],[84.53974,21.45548],[84.54166,21.45685],[84.54339,21.45613],[84.54094,21.45418],[84.53899,21.44961],[84.53611,21.44754],[84.53576,21.44696],[84.53389,21.44594],[84.53006,21.44512],[84.52738,21.44523],[84.52052,21.44723],[84.51689,21.45008],[84.51556,21.45178],[84.5132,21.453],[84.50985,21.45731],[84.50954,21.46556],[84.50855,21.46795],[84.5083,21.46835],[84.50688,21.46878],[84.50649,21.46963],[84.5053,21.47059],[84.50337,21.47394],[84.50247,21.4746]]]}},{"type":"Feature","properties":{"LCODE":"010270027002700117","LOCATION":"KATEI","V_TYPE":"VILLAGE","BLOCK":"TILEIBANI","DISTRICT":"DEOGARH"},"geometry":{"type":"Polygon","coordinates":[[[84.72088,21.47845],[84.72231,21.48026],[84.72449,21.48134],[84.725,21.48278],[84.72659,21.48287],[84.72874,21.48234],[84.73096,21.47928],[84.73167,21.47775],[84.73054,21.47658],[84.72769,21.47543],[84.72598,21.47516],[84.72334,21.4758],[84.72141,21.47668],[84.7209,21.47771],[84.72088,21.47845]]]}},{"type":"Feature","properties":{"LCODE":"010260024002400131","LOCATION":"KHARSANMAL","V_TYPE":"VILLAGE","BLOCK":"BARKOTE","DISTRICT":"DEOGARH"},"geometry":{"type":"Polygon","coordinates":[[[84.1607,21.45835],[84.16125,21.4607],[84.16261,21.46358],[84.16193,21.46587],[84.16132,21.46661],[84.16346,21.46748],[84.1642,21.46846],[84.16402,21.47156],[84.16451,21.47369],[84.17052,21.4784],[84.17332,21.48227],[84.17555,21.47943],[84.17678,21.47845],[84.17776,21.47811],[84.18059,21.47799],[84.18475,21.47879],[84.18568,21.47873],[84.18649,21.47818],[84.18291,21.47041],[84.18143,21.46874],[84.17223,21.46403],[84.16303,21.45869],[84.16074,21.45771],[84.1607,21.45835]]]}},{"type":"Feature","properties":{"LCODE":"010260024002400111","LOCATION":"SARDA","V_TYPE":"VILLAGE","BLOCK":"BARKOTE","DISTRICT":"DEOGARH"},"geometry":{"type":"Polygon","coordinates":[[[84.37919,21.47333],[84.38197,21.47589],[84.38223,21.47641],[84.38139,21.4782],[84.37981,21.48041],[84.3808,21.48114],[84.38316,21.48221],[84.38496,21.48069],[84.3868,21.47987],[84.39218,21.47802],[84.3967,21.47579],[84.4015,21.47407],[84.40122,21.47361],[84.4046,21.46833],[84.40484,21.46718],[84.39912,21.46655],[84.39716,21.46663],[84.39463,21.46505],[84.39376,21.46408],[84.39308,21.46386],[84.39205,21.46473],[84.38924,21.46562],[84.38722,21.46691],[84.38489,21.46654],[84.38255,21.46558],[84.37919,21.47333]]]}},{"type":"Feature","properties":{"LCODE":"010260024002400130","LOCATION":"BHEJIKUDAR","V_TYPE":"VILLAGE","BLOCK":"BARKOTE","DISTRICT":"DEOGARH"},"geometry":{"type":"Polygon","coordinates":[[[84.15138,21.47771],[84.15144,21.47869],[84.15199,21.47978],[84.15334,21.4807],[84.15525,21.48064],[84.15826,21.47898],[84.1596,21.47995],[84.16083,21.47828],[84.16169,21.47564],[84.16304,21.47553],[84.16371,21.47495],[84.16449,21.47363],[84.16402,21.47156],[84.1642,21.46846],[84.16371,21.46765],[84.16132,21.46661],[84.15585,21.47024],[84.15143,21.47399],[84.15175,21.47593],[84.15138,21.47771]]]}},{"type":"Feature","properties":{"LCODE":"010300027002700031","LOCATION":"PANKADARAH","V_TYPE":"VILLAGE","BLOCK":"TILEIBANI","DISTRICT":"DEOGARH"},"geometry":{"type":"Polygon","coordinates":[[[84.57114,21.47689],[84.57478,21.47674],[84.57563,21.47699],[84.57736,21.47846],[84.57802,21.48007],[84.57862,21.47963],[84.58002,21.4796],[84.5812,21.47922],[84.58248,21.47925],[84.584,21.47974],[84.58701,21.47917],[84.58863,21.47828],[84.59029,21.47561],[84.59261,21.47342],[84.59307,21.46951],[84.5909,21.47097],[84.58391,21.47411],[84.57869,21.47481],[84.57358,21.47591],[84.57216,21.47623],[84.57114,21.47689]]]}},{"type":"Feature","properties":{"LCODE":"010300025002500041","LOCATION":"DALAKBAHAL","V_TYPE":"VILLAGE","BLOCK":"REAMAL","DISTRICT":"DEOGARH"},"geometry":{"type":"Polygon","coordinates":[[[84.6513,21.47235],[84.65193,21.47271],[84.65362,21.4763],[84.65487,21.47771],[84.65568,21.47956],[84.65622,21.47997],[84.65769,21.47972],[84.66238,21.47802],[84.66229,21.47699],[84.66286,21.47367],[84.66274,21.4712],[84.66219,21.46878],[84.66142,21.46733],[84.66057,21.4676],[84.66004,21.46919],[84.65942,21.4697],[84.65307,21.46863],[84.6524,21.47105],[84.6513,21.47235]]]}},{"type":"Feature","properties":{"LCODE":"010300027002700034","LOCATION":"BANKADARHA","V_TYPE":"VILLAGE","BLOCK":"TILEIBANI","DISTRICT":"DEOGARH"},"geometry":{"type":"Polygon","coordinates":[[[84.59867,21.47595],[84.59921,21.47843],[84.60035,21.4796],[84.60616,21.47972],[84.61186,21.4792],[84.61682,21.47683],[84.62135,21.47612],[84.62138,21.47577],[84.62064,21.47363],[84.61956,21.47264],[84.61871,21.47233],[84.61688,21.47201],[84.61407,21.47212],[84.6111,21.47109],[84.60867,21.47058],[84.60658,21.47054],[84.60474,21.47091],[84.60435,21.47153],[84.60419,21.4729],[84.60376,21.47324],[84.59896,21.47393],[84.59914,21.47424],[84.59867,21.47595]]]}},{"type":"Feature","properties":{"LCODE":"010260024002400114","LOCATION":"TANSARA","V_TYPE":"VILLAGE","BLOCK":"BARKOTE","DISTRICT":"DEOGARH"},"geometry":{"type":"Polygon","coordinates":[[[84.32715,21.46678],[84.32809,21.46947],[84.32799,21.47143],[84.32825,21.47287],[84.32943,21.47429],[84.33121,21.47548],[84.33535,21.47733],[84.33849,21.47931],[84.33923,21.47931],[84.34075,21.47756],[84.34197,21.47692],[84.34319,21.47673],[84.34443,21.477],[84.34479,21.47665],[84.34485,21.47619],[84.34454,21.47579],[84.34386,21.47563],[84.34287,21.47454],[84.34254,21.47161],[84.34136,21.47128],[84.341,21.47146],[84.34016,21.47296],[84.33911,21.47349],[84.33801,21.47316],[84.3351,21.47026],[84.33466,21.46922],[84.33446,21.46733],[84.3353,21.46548],[84.33529,21.46478],[84.33379,21.46221],[84.33353,21.45985],[84.33321,21.45951],[84.33224,21.4597],[84.33181,21.46022],[84.33164,21.46177],[84.33092,21.46386],[84.33008,21.46502],[84.32751,21.46602],[84.32715,21.46678]]]}},{"type":"Feature","properties":{"LCODE":"010300027002700052","LOCATION":"TENTLOI","V_TYPE":"VILLAGE","BLOCK":"TILEIBANI","DISTRICT":"DEOGARH"},"geometry":{"type":"Polygon","coordinates":[[[84.61422,21.46644],[84.61642,21.47204],[84.61774,21.47208],[84.61956,21.47264],[84.62105,21.47433],[84.62135,21.47612],[84.62316,21.47776],[84.62444,21.47843],[84.62547,21.4785],[84.62695,21.47795],[84.62814,21.47683],[84.62847,21.47615],[84.62865,21.47408],[84.62787,21.47096],[84.62776,21.46803],[84.62881,21.46547],[84.62711,21.46486],[84.62415,21.46325],[84.62312,21.46306],[84.61873,21.46326],[84.61513,21.46422],[84.61438,21.46484],[84.61422,21.46644]]]}},{"type":"Feature","properties":{"LCODE":"010260024002400120","LOCATION":"TABABAHAL (TAMBA BAHAL )","V_TYPE":"VILLAGE","BLOCK":"BARKOTE","DISTRICT":"DEOGARH"},"geometry":{"type":"Polygon","coordinates":[[[84.2878,21.47678],[84.2887,21.47734],[84.29258,21.47758],[84.29384,21.47819],[84.29852,21.47128],[84.29361,21.47014],[84.29153,21.46994],[84.29073,21.47023],[84.28947,21.4741],[84.2878,21.47678]]]}},{"type":"Feature","properties":{"LCODE":"010260024002400135","LOCATION":"SAHAJBAHAL","V_TYPE":"VILLAGE","BLOCK":"BARKOTE","DISTRICT":"DEOGARH"},"geometry":{"type":"Polygon","coordinates":[[[84.18175,21.46901],[84.18291,21.47041],[84.18649,21.47818],[84.18893,21.4773],[84.19439,21.47764],[84.19562,21.47684],[84.19611,21.47609],[84.19629,21.47425],[84.19585,21.47178],[84.19371,21.46834],[84.19193,21.46868],[84.18346,21.46868],[84.18175,21.46901]]]}},{"type":"Feature","properties":{"LCODE":"010300025002500042","LOCATION":"KENDUGHAT","V_TYPE":"VILLAGE","BLOCK":"TILEIBANI","DISTRICT":"DEOGARH"},"geometry":{"type":"Polygon","coordinates":[[[84.66138,21.4671],[84.66219,21.46878],[84.66274,21.4712],[84.66286,21.47367],[84.66229,21.47699],[84.66238,21.47802],[84.6709,21.47539],[84.67841,21.47375],[84.67909,21.47084],[84.67838,21.46479],[84.67706,21.46155],[84.67522,21.45893],[84.67445,21.45828],[84.66621,21.4595],[84.66517,21.45993],[84.6632,21.46259],[84.66221,21.46568],[84.66138,21.4671]]]}},{"type":"Feature","properties":{"LCODE":"010300027002700020","LOCATION":"GURULIA","V_TYPE":"VILLAGE","BLOCK":"TILEIBANI","DISTRICT":"DEOGARH"},"geometry":{"type":"Polygon","coordinates":[[[84.46783,21.47361],[84.47009,21.47772],[84.47094,21.47784],[84.47205,21.47768],[84.47552,21.47617],[84.47819,21.47539],[84.47881,21.47488],[84.47882,21.47418],[84.47629,21.4704],[84.47652,21.46989],[84.47184,21.47168],[84.46783,21.47361]]]}},{"type":"Feature","properties":{"LCODE":"010300027002700061","LOCATION":"SARANALI","V_TYPE":"VILLAGE","BLOCK":"TILEIBANI","DISTRICT":"DEOGARH"},"geometry":{"type":"Polygon","coordinates":[[[84.53276,21.47247],[84.53398,21.47575],[84.53419,21.47741],[84.53562,21.47613],[84.53699,21.47558],[84.53796,21.47555],[84.53902,21.47594],[84.54067,21.47508],[84.54823,21.47374],[84.55048,21.47235],[84.55162,21.47076],[84.55171,21.46962],[84.55116,21.46754],[84.54868,21.46433],[84.54828,21.46312],[84.54728,21.46172],[84.54684,21.45981],[84.54631,21.459],[84.54105,21.4566],[84.53974,21.45548],[84.53841,21.45363],[84.53793,21.45665],[84.53834,21.45982],[84.53748,21.46227],[84.53752,21.46284],[84.53834,21.46424],[84.53848,21.46596],[84.53638,21.46862],[84.53584,21.47062],[84.53276,21.47247]]]}},{"type":"Feature","properties":{"LCODE":"010300027002700019","LOCATION":"DANGAPATHAR","V_TYPE":"VILLAGE","BLOCK":"TILEIBANI","DISTRICT":"DEOGARH"},"geometry":{"type":"Polygon","coordinates":[[[84.45213,21.46717],[84.45219,21.46786],[84.45288,21.46903],[84.45407,21.46921],[84.45854,21.47083],[84.45988,21.47171],[84.46,21.47263],[84.45974,21.47309],[84.45658,21.47455],[84.45632,21.47501],[84.45668,21.47571],[84.45827,21.47683],[84.46125,21.47736],[84.46731,21.47376],[84.47652,21.46989],[84.47797,21.46892],[84.47893,21.46715],[84.47911,21.46322],[84.47852,21.46154],[84.47741,21.46147],[84.47568,21.46231],[84.4736,21.46489],[84.47218,21.46556],[84.47095,21.46555],[84.46867,21.46483],[84.46422,21.46224],[84.4603,21.46052],[84.45727,21.46169],[84.4571,21.46203],[84.45776,21.46222],[84.45811,21.4628],[84.45809,21.46453],[84.45476,21.46483],[84.45364,21.46523],[84.4524,21.46602],[84.45213,21.46717]]]}},{"type":"Feature","properties":{"LCODE":"010300027002700032","LOCATION":"DUDHIANALI","V_TYPE":"VILLAGE","BLOCK":"TILEIBANI","DISTRICT":"DEOGARH"},"geometry":{"type":"Polygon","coordinates":[[[84.56343,21.47083],[84.56409,21.47124],[84.56474,21.47223],[84.56636,21.47336],[84.56675,21.47474],[84.56789,21.47597],[84.57114,21.47689],[84.57216,21.47623],[84.57358,21.47591],[84.57869,21.47481],[84.58391,21.47411],[84.5909,21.47097],[84.59307,21.46951],[84.59322,21.46677],[84.59282,21.46556],[84.59341,21.46534],[84.59277,21.46504],[84.59051,21.46511],[84.58937,21.46457],[84.58746,21.46464],[84.58616,21.46542],[84.58501,21.46511],[84.58329,21.46519],[84.57995,21.46645],[84.57725,21.46679],[84.57607,21.46758],[84.5752,21.46762],[84.57461,21.46709],[84.57309,21.46683],[84.57265,21.46705],[84.57185,21.46927],[84.57124,21.4696],[84.56438,21.47037],[84.56343,21.47083]]]}},{"type":"Feature","properties":{"LCODE":"010260024002400137","LOCATION":"HALDIBAHAL","V_TYPE":"VILLAGE","BLOCK":"BARKOTE","DISTRICT":"DEOGARH"},"geometry":{"type":"Polygon","coordinates":[[[84.21148,21.47054],[84.21293,21.47387],[84.2161,21.47378],[84.21782,21.47424],[84.21948,21.47533],[84.22046,21.47533],[84.22175,21.47464],[84.22267,21.4747],[84.22475,21.47671],[84.22746,21.47675],[84.22819,21.47527],[84.22966,21.47418],[84.23163,21.47441],[84.23286,21.47527],[84.23273,21.47407],[84.2307,21.47074],[84.23039,21.46976],[84.23045,21.46867],[84.23254,21.46746],[84.23481,21.46718],[84.23505,21.46649],[84.23376,21.46431],[84.23309,21.46408],[84.23103,21.4624],[84.22757,21.46408],[84.22284,21.46408],[84.21867,21.4646],[84.21978,21.46552],[84.22039,21.46643],[84.22015,21.46718],[84.2196,21.46764],[84.21629,21.46948],[84.21457,21.47005],[84.21148,21.47054]]]}},{"type":"Feature","properties":{"LCODE":"010300025002500097","LOCATION":"RATANPUR","V_TYPE":"VILLAGE","BLOCK":"REAMAL","DISTRICT":"DEOGARH"},"geometry":{"type":"Polygon","coordinates":[[[84.69926,21.46682],[84.69977,21.46855],[84.70024,21.46914],[84.70261,21.46987],[84.70652,21.47265],[84.70644,21.47368],[84.70414,21.4749],[84.70369,21.47569],[84.70387,21.47604],[84.70527,21.47642],[84.71032,21.47595],[84.71051,21.4748],[84.71144,21.47407],[84.72083,21.47029],[84.72636,21.46713],[84.72761,21.46583],[84.72778,21.46405],[84.72767,21.46331],[84.72495,21.45943],[84.72253,21.46102],[84.72129,21.46151],[84.71096,21.46372],[84.70522,21.46602],[84.69926,21.46663],[84.69926,21.46682]]]}},{"type":"Feature","properties":{"LCODE":"010270027002700194","LOCATION":"BUDHIBIL","V_TYPE":"VILLAGE","BLOCK":"TILEIBANI","DISTRICT":"DEOGARH"},"geometry":{"type":"Polygon","coordinates":[[[84.79709,21.46674],[84.79885,21.46831],[84.79934,21.46992],[84.80179,21.47091],[84.80338,21.47218],[84.80563,21.47511],[84.80643,21.47558],[84.81078,21.47634],[84.81342,21.476],[84.81435,21.47514],[84.81441,21.47359],[84.81265,21.46899],[84.80869,21.46426],[84.80673,21.4596],[84.80551,21.45862],[84.80293,21.45849],[84.80225,21.45999],[84.80029,21.46205],[84.79967,21.46366],[84.79795,21.46354],[84.79752,21.46382],[84.79721,21.4644],[84.79709,21.46674]]]}},{"type":"Feature","properties":{"LCODE":"010300027002700051","LOCATION":"MADHYAPUR","V_TYPE":"VILLAGE","BLOCK":"TILEIBANI","DISTRICT":"DEOGARH"},"geometry":{"type":"Polygon","coordinates":[[[84.62772,21.46947],[84.62787,21.47096],[84.6286,21.47339],[84.62862,21.4749],[84.63442,21.47322],[84.63802,21.47352],[84.63899,21.47328],[84.63854,21.47221],[84.63881,21.46906],[84.63859,21.46819],[84.63612,21.46642],[84.63457,21.46467],[84.63403,21.46448],[84.62881,21.46547],[84.6279,21.46735],[84.62772,21.46947]]]}},{"type":"Feature","properties":{"LCODE":"010270027002700181","LOCATION":"BHALIAGUDI","V_TYPE":"VILLAGE","BLOCK":"TILEIBANI","DISTRICT":"DEOGARH"},"geometry":{"type":"Polygon","coordinates":[[[84.82827,21.46739],[84.82915,21.46864],[84.82995,21.47146],[84.83203,21.4725],[84.83301,21.47457],[84.83423,21.47469],[84.83521,21.47337],[84.83595,21.47292],[84.83741,21.47268],[84.8378,21.472],[84.83849,21.4689],[84.83775,21.46701],[84.83555,21.4651],[84.83514,21.46493],[84.8307,21.46618],[84.82827,21.46739]]]}},{"type":"Feature","properties":{"LCODE":"010300027002700065","LOCATION":"PALUNIPADA","V_TYPE":"VILLAGE","BLOCK":"TILEIBANI","DISTRICT":"DEOGARH"},"geometry":{"type":"Polygon","coordinates":[[[84.48154,21.44882],[84.48289,21.44942],[84.48331,21.44988],[84.48337,21.45035],[84.48255,21.45143],[84.48347,21.45202],[84.4847,21.45215],[84.48731,21.45005],[84.48811,21.45012],[84.48988,21.45135],[84.49036,21.45222],[84.49046,21.45337],[84.49155,21.45529],[84.49188,21.45749],[84.49261,21.45859],[84.49283,21.4601],[84.49367,21.46172],[84.49452,21.46225],[84.49481,21.46358],[84.49541,21.46423],[84.49786,21.4657],[84.49905,21.46785],[84.50064,21.46896],[84.5005,21.47129],[84.50247,21.4746],[84.50293,21.47433],[84.50407,21.47292],[84.5053,21.47059],[84.50649,21.46963],[84.50688,21.46878],[84.5083,21.46835],[84.50954,21.46556],[84.50953,21.4616],[84.50999,21.45833],[84.50985,21.45731],[84.50816,21.45382],[84.50813,21.45255],[84.50858,21.45204],[84.51103,21.45169],[84.51173,21.45102],[84.51163,21.44998],[84.50995,21.44897],[84.50522,21.44738],[84.50438,21.44679],[84.50343,21.44556],[84.50162,21.44507],[84.50076,21.44409],[84.49837,21.44326],[84.49734,21.44244],[84.49432,21.4379],[84.49322,21.43744],[84.493,21.43984],[84.49128,21.44404],[84.49053,21.4446],[84.48727,21.44491],[84.4847,21.448],[84.48414,21.44805],[84.48273,21.44716],[84.48155,21.4483],[84.48154,21.44882]]]}},{"type":"Feature","properties":{"LCODE":"010260024002400115","LOCATION":"CHIRGUNIKHOL","V_TYPE":"VILLAGE","BLOCK":"BARKOTE","DISTRICT":"DEOGARH"},"geometry":{"type":"Polygon","coordinates":[[[84.30688,21.46499],[84.30732,21.46613],[84.30722,21.46861],[84.30791,21.46981],[84.30768,21.47166],[84.30886,21.47366],[84.31095,21.47421],[84.31187,21.47362],[84.31557,21.4699],[84.31838,21.46797],[84.32372,21.46181],[84.32354,21.46135],[84.3196,21.46053],[84.31744,21.45934],[84.31677,21.45952],[84.31372,21.46157],[84.30901,21.46283],[84.30743,21.464],[84.30688,21.46499]]]}},{"type":"Feature","properties":{"LCODE":"010300027002700033","LOCATION":"MUNDAGOHIRA","V_TYPE":"VILLAGE","BLOCK":"TILEIBANI","DISTRICT":"DEOGARH"},"geometry":{"type":"Polygon","coordinates":[[[84.59499,21.46933],[84.5957,21.47262],[84.59652,21.47384],[84.59792,21.47404],[84.59959,21.47367],[84.60167,21.47366],[84.60326,21.4734],[84.60419,21.4729],[84.60435,21.47153],[84.60498,21.47081],[84.60534,21.46908],[84.60657,21.46646],[84.60684,21.4652],[84.60677,21.45871],[84.6069,21.45713],[84.60738,21.45637],[84.60211,21.45678],[84.59814,21.4586],[84.59732,21.45979],[84.59715,21.4638],[84.59553,21.46557],[84.5958,21.46613],[84.59499,21.46933]]]}},{"type":"Feature","properties":{"LCODE":"010270027002700191","LOCATION":"GUNDURIPASI","V_TYPE":"VILLAGE","BLOCK":"TILEIBANI","DISTRICT":"DEOGARH"},"geometry":{"type":"Polygon","coordinates":[[[84.77033,21.4522],[84.7716,21.45621],[84.77175,21.45982],[84.77766,21.46487],[84.77856,21.46497],[84.77979,21.4656],[84.78162,21.46779],[84.78471,21.47326],[84.7865,21.47293],[84.78865,21.47356],[84.78913,21.47402],[84.79031,21.47225],[84.79326,21.47053],[84.79345,21.47013],[84.79302,21.46841],[84.79314,21.46795],[84.79358,21.46766],[84.7964,21.46738],[84.79701,21.46692],[84.79721,21.4644],[84.79752,21.46382],[84.79795,21.46354],[84.79967,21.46366],[84.80029,21.46205],[84.80225,21.45999],[84.80293,21.45849],[84.80135,21.45723],[84.79908,21.4563],[84.7965,21.45664],[84.79491,21.4564],[84.79356,21.45582],[84.79321,21.45524],[84.79179,21.45472],[84.7913,21.45375],[84.79002,21.45305],[84.78732,21.45344],[84.77965,21.45342],[84.77873,21.45267],[84.77746,21.45034],[84.7766,21.45013],[84.77328,21.45086],[84.77033,21.4522]],[[84.77925,21.46054],[84.7803,21.45922],[84.78196,21.45883],[84.78331,21.45791],[84.78583,21.45798],[84.78588,21.45878],[84.78477,21.46114],[84.78275,21.46153],[84.78157,21.46239],[84.78059,21.46244],[84.78004,21.4621],[84.77949,21.46164],[84.77925,21.46054]]]}},{"type":"Feature","properties":{"LCODE":"010300025002500043","LOCATION":"DANGAGHAT(SAN)","V_TYPE":"VILLAGE","BLOCK":"TILEIBANI","DISTRICT":"DEOGARH"},"geometry":{"type":"Polygon","coordinates":[[[84.65587,21.45702],[84.6562,21.45802],[84.65871,21.45894],[84.65961,21.45959],[84.66444,21.46089],[84.66517,21.45993],[84.66621,21.4595],[84.67402,21.45827],[84.67493,21.45858],[84.67706,21.46155],[84.67838,21.46479],[84.67909,21.47084],[84.67837,21.47384],[84.67898,21.47386],[84.68332,21.46978],[84.68034,21.46248],[84.67953,21.46022],[84.67944,21.45907],[84.68025,21.4584],[84.68447,21.45854],[84.68834,21.45816],[84.69089,21.45654],[84.69261,21.45667],[84.6931,21.45699],[84.69214,21.45569],[84.6899,21.45399],[84.68917,21.45409],[84.68719,21.45526],[84.6854,21.45563],[84.67944,21.45436],[84.67775,21.45346],[84.67565,21.45153],[84.67489,21.45019],[84.67461,21.44829],[84.67146,21.44794],[84.66818,21.44695],[84.66434,21.44659],[84.66341,21.44698],[84.66364,21.44997],[84.66106,21.4529],[84.66026,21.45553],[84.65945,21.45632],[84.65592,21.45647],[84.65587,21.45702]]]}},{"type":"Feature","properties":{"LCODE":"010300025002500046","LOCATION":"RENGALNALI","V_TYPE":"VILLAGE","BLOCK":"REAMAL","DISTRICT":"DEOGARH"},"geometry":{"type":"Polygon","coordinates":[[[84.63847,21.46807],[84.63881,21.46906],[84.63854,21.47221],[84.63912,21.47343],[84.6401,21.47368],[84.6439,21.47335],[84.65005,21.47221],[84.6513,21.47235],[84.6524,21.47105],[84.65321,21.46802],[84.65334,21.46579],[84.65317,21.46515],[84.65197,21.46409],[84.64869,21.46322],[84.64465,21.46527],[84.64198,21.46728],[84.63847,21.46807]]]}},{"type":"Feature","properties":{"LCODE":"010270027002700180","LOCATION":"DHARANIDHARPUR","V_TYPE":"VILLAGE","BLOCK":"TILEIBANI","DISTRICT":"DEOGARH"},"geometry":{"type":"Polygon","coordinates":[[[84.83514,21.46493],[84.83775,21.46701],[84.83849,21.4689],[84.83823,21.47063],[84.83741,21.47268],[84.83982,21.47247],[84.84314,21.47156],[84.8483,21.46687],[84.85057,21.4667],[84.85497,21.46738],[84.85346,21.46597],[84.84997,21.46372],[84.84841,21.46222],[84.8477,21.46273],[84.84666,21.46296],[84.84175,21.4634],[84.83702,21.46425],[84.83514,21.46493]]]}},{"type":"Feature","properties":{"LCODE":"010300027002700063","LOCATION":"HETKHAMI","V_TYPE":"VILLAGE","BLOCK":"TILEIBANI","DISTRICT":"DEOGARH"},"geometry":{"type":"Polygon","coordinates":[[[84.52155,21.46723],[84.52167,21.46971],[84.52221,21.47199],[84.52528,21.47196],[84.52826,21.47254],[84.53236,21.47256],[84.53304,21.4724],[84.53584,21.47062],[84.53638,21.46862],[84.53848,21.46596],[84.53834,21.46424],[84.53752,21.46284],[84.53748,21.46227],[84.53834,21.45982],[84.53793,21.45665],[84.53887,21.4515],[84.5383,21.44999],[84.53551,21.44913],[84.53492,21.44849],[84.53435,21.44704],[84.5335,21.44668],[84.52945,21.44718],[84.52415,21.44868],[84.52339,21.44952],[84.52318,21.45055],[84.52357,21.45424],[84.52339,21.45825],[84.52155,21.46723]]]}},{"type":"Feature","properties":{"LCODE":"010260024002400123","LOCATION":"PATRAPALI","V_TYPE":"VILLAGE","BLOCK":"BARKOTE","DISTRICT":"DEOGARH"},"geometry":{"type":"Polygon","coordinates":[[[84.24002,21.46356],[84.24057,21.46539],[84.24204,21.46717],[84.24438,21.46844],[84.24818,21.47136],[84.25056,21.47253],[84.25239,21.47147],[84.25293,21.4706],[84.25545,21.46406],[84.2569,21.46191],[84.25635,21.46106],[84.25511,21.46015],[84.25404,21.45768],[84.25225,21.45609],[84.25156,21.455],[84.25145,21.45395],[84.24987,21.4541],[84.24866,21.45483],[84.24718,21.45495],[84.24643,21.45461],[84.24565,21.45501],[84.24553,21.45581],[84.24455,21.45627],[84.24449,21.45684],[84.24676,21.45822],[84.24676,21.45856],[84.24651,21.45891],[84.24474,21.45839],[84.244,21.45908],[84.24339,21.45879],[84.24259,21.45885],[84.24253,21.45948],[84.24314,21.46017],[84.2421,21.45994],[84.24185,21.4604],[84.24241,21.46126],[84.24088,21.46132],[84.24075,21.46172],[84.24136,21.46224],[84.24026,21.46272],[84.24002,21.46356]]]}},{"type":"Feature","properties":{"LCODE":"010300027002700053","LOCATION":"JAMBUNALI","V_TYPE":"VILLAGE","BLOCK":"TILEIBANI","DISTRICT":"DEOGARH"},"geometry":{"type":"Polygon","coordinates":[[[84.60498,21.47081],[84.60867,21.47058],[84.61407,21.47212],[84.61642,21.47204],[84.61438,21.46708],[84.61424,21.46552],[84.61438,21.46484],[84.61513,21.46422],[84.61873,21.46326],[84.61817,21.4625],[84.61851,21.459],[84.61909,21.45792],[84.61968,21.45771],[84.61935,21.45724],[84.61645,21.45603],[84.61401,21.45564],[84.61126,21.45541],[84.60777,21.45569],[84.6069,21.45713],[84.60684,21.4652],[84.60657,21.46646],[84.60534,21.46908],[84.60498,21.47081]]]}},{"type":"Feature","properties":{"LCODE":"010270027002700197","LOCATION":"PURUNAPANI","V_TYPE":"VILLAGE","BLOCK":"TILEIBANI","DISTRICT":"DEOGARH"},"geometry":{"type":"Polygon","coordinates":[[[84.81726,21.46268],[84.81866,21.46844],[84.81992,21.4706],[84.82394,21.46771],[84.82579,21.46708],[84.82769,21.46714],[84.82732,21.46599],[84.82414,21.46437],[84.82022,21.46304],[84.81726,21.46268]]]}},{"type":"Feature","properties":{"LCODE":"010260024002400138","LOCATION":"GUDGUDA","V_TYPE":"VILLAGE","BLOCK":"BARKOTE","DISTRICT":"DEOGARH"},"geometry":{"type":"Polygon","coordinates":[[[84.20515,21.46199],[84.20917,21.46649],[84.21148,21.47054],[84.21457,21.47005],[84.21629,21.46948],[84.2188,21.46816],[84.22033,21.46689],[84.22033,21.46626],[84.21978,21.46552],[84.21787,21.46374],[84.21462,21.46155],[84.21186,21.46156],[84.21051,21.46121],[84.20892,21.46167],[84.20726,21.46121],[84.20609,21.46144],[84.20515,21.46199]]]}},{"type":"Feature","properties":{"LCODE":"010300027002700017","LOCATION":"BELUAM","V_TYPE":"VILLAGE","BLOCK":"TILEIBANI","DISTRICT":"DEOGARH"},"geometry":{"type":"Polygon","coordinates":[[[84.42824,21.46488],[84.42868,21.4662],[84.43033,21.46754],[84.43124,21.4679],[84.43359,21.46793],[84.43724,21.46659],[84.44057,21.46628],[84.44485,21.46841],[84.44544,21.46969],[84.4463,21.47045],[84.4466,21.47039],[84.44705,21.4693],[84.44768,21.46873],[84.45076,21.46848],[84.45204,21.46913],[84.45288,21.46903],[84.45219,21.46786],[84.45214,21.46654],[84.4524,21.46602],[84.45476,21.46483],[84.45809,21.46453],[84.45823,21.46349],[84.45776,21.46222],[84.451,21.46092],[84.44891,21.46015],[84.44849,21.45951],[84.4485,21.45899],[84.44901,21.45813],[84.45157,21.45602],[84.45207,21.45545],[84.45222,21.45473],[84.44579,21.45503],[84.43566,21.45318],[84.43455,21.45351],[84.4332,21.4569],[84.43111,21.46045],[84.4304,21.46304],[84.42824,21.46488]]]}},{"type":"Feature","properties":{"LCODE":"010300027002700059","LOCATION":"AMBAGHAT","V_TYPE":"VILLAGE","BLOCK":"TILEIBANI","DISTRICT":"DEOGARH"},"geometry":{"type":"Polygon","coordinates":[[[84.55766,21.46269],[84.55794,21.46521],[84.5583,21.46573],[84.56039,21.46778],[84.56425,21.46975],[84.56438,21.47037],[84.57124,21.4696],[84.57185,21.46927],[84.57265,21.46705],[84.57309,21.46683],[84.57461,21.46709],[84.5752,21.46762],[84.57607,21.46758],[84.57725,21.46679],[84.57819,21.46673],[84.57767,21.46497],[84.57552,21.46268],[84.57393,21.46041],[84.57388,21.45967],[84.57341,21.45931],[84.57024,21.45913],[84.56407,21.46073],[84.56144,21.46074],[84.55915,21.46161],[84.55766,21.46269]]]}},{"type":"Feature","properties":{"LCODE":"010300025002500044","LOCATION":"BIJA BERINI","V_TYPE":"VILLAGE","BLOCK":"REAMAL","DISTRICT":"DEOGARH"},"geometry":{"type":"Polygon","coordinates":[[[84.67937,21.45953],[84.68332,21.46978],[84.68563,21.46861],[84.68816,21.46786],[84.69173,21.4669],[84.69462,21.4665],[84.69578,21.46411],[84.69794,21.4634],[84.6972,21.46086],[84.69614,21.45912],[84.69607,21.4579],[84.69398,21.45752],[84.69261,21.45667],[84.69089,21.45654],[84.68834,21.45816],[84.68742,21.45831],[84.68447,21.45854],[84.68025,21.4584],[84.67944,21.45907],[84.67937,21.45953]]]}},{"type":"Feature","properties":{"LCODE":"010300025002500045","LOCATION":"BILEINALI","V_TYPE":"VILLAGE","BLOCK":"REAMAL","DISTRICT":"DEOGARH"},"geometry":{"type":"Polygon","coordinates":[[[84.64909,21.46054],[84.64957,21.46232],[84.64954,21.46336],[84.65197,21.46409],[84.65317,21.46515],[84.65336,21.46711],[84.65307,21.46863],[84.65942,21.4697],[84.66004,21.46919],[84.66057,21.4676],[84.66142,21.46733],[84.6632,21.46259],[84.66444,21.46089],[84.66064,21.45996],[84.6562,21.45802],[84.65511,21.4583],[84.6514,21.45765],[84.65084,21.45793],[84.65019,21.45941],[84.64962,21.46026],[84.64909,21.46054]]]}},{"type":"Feature","properties":{"LCODE":"010260024002400134","LOCATION":"KANDUBERNI","V_TYPE":"VILLAGE","BLOCK":"BARKOTE","DISTRICT":"DEOGARH"},"geometry":{"type":"Polygon","coordinates":[[[84.18094,21.4684],[84.18175,21.46901],[84.18346,21.46868],[84.19242,21.46862],[84.19371,21.46834],[84.1937,21.46684],[84.1934,21.46575],[84.19201,21.4641],[84.19076,21.46449],[84.18935,21.46449],[84.18622,21.46391],[84.18143,21.46478],[84.18162,21.46656],[84.18094,21.4684]]]}},{"type":"Feature","properties":{"LCODE":"010260024002400132","LOCATION":"TANGARPALI","V_TYPE":"VILLAGE","BLOCK":"BARKOTE","DISTRICT":"DEOGARH"},"geometry":{"type":"Polygon","coordinates":[[[84.16074,21.45771],[84.16303,21.45869],[84.17223,21.46403],[84.18094,21.4684],[84.18168,21.46575],[84.18137,21.46466],[84.18021,21.46311],[84.1799,21.46173],[84.1818,21.45932],[84.18198,21.45811],[84.1815,21.45725],[84.18027,21.45748],[84.17793,21.45875],[84.17554,21.45875],[84.17143,21.45697],[84.16941,21.4557],[84.16713,21.45374],[84.16653,21.45427],[84.1615,21.45605],[84.161,21.45662],[84.16074,21.45771]]]}},{"type":"Feature","properties":{"LCODE":"010300025002500047","LOCATION":"TENTALABAHAL","V_TYPE":"VILLAGE","BLOCK":"REAMAL","DISTRICT":"DEOGARH"},"geometry":{"type":"Polygon","coordinates":[[[84.63335,21.45835],[84.63443,21.46087],[84.63566,21.46593],[84.63847,21.46807],[84.64198,21.46728],[84.64465,21.46527],[84.64751,21.46372],[84.64869,21.46322],[84.64954,21.46336],[84.64957,21.46232],[84.64883,21.45984],[84.64682,21.45721],[84.64518,21.45442],[84.64314,21.45245],[84.64204,21.45247],[84.64044,21.45335],[84.63837,21.45538],[84.63335,21.45835]]]}},{"type":"Feature","properties":{"LCODE":"010270027002700179","LOCATION":"BALAMJORE","V_TYPE":"VILLAGE","BLOCK":"TILEIBANI","DISTRICT":"DEOGARH"},"geometry":{"type":"Polygon","coordinates":[[[84.84841,21.46222],[84.84997,21.46372],[84.85346,21.46597],[84.85497,21.46738],[84.85905,21.46738],[84.85788,21.4661],[84.8577,21.46518],[84.85807,21.46334],[84.85783,21.46282],[84.85605,21.46104],[84.85636,21.45863],[84.85484,21.45677],[84.85311,21.45839],[84.85225,21.45988],[84.85219,21.46051],[84.85151,21.46091],[84.84887,21.46119],[84.84841,21.46222]]]}},{"type":"Feature","properties":{"LCODE":"010270027002700198","LOCATION":"GADPAL","V_TYPE":"VILLAGE","BLOCK":"TILEIBANI","DISTRICT":"DEOGARH"},"geometry":{"type":"Polygon","coordinates":[[[84.81721,21.46246],[84.81726,21.46268],[84.82022,21.46304],[84.82414,21.46437],[84.82671,21.46553],[84.82732,21.46599],[84.82769,21.46714],[84.82827,21.46739],[84.8307,21.46618],[84.83514,21.46493],[84.83408,21.46447],[84.83286,21.46291],[84.83274,21.46084],[84.83347,21.45904],[84.83238,21.45849],[84.82926,21.45428],[84.82285,21.44788],[84.82136,21.45178],[84.82031,21.45287],[84.81911,21.4532],[84.81784,21.45809],[84.81721,21.46246]]]}},{"type":"Feature","properties":{"LCODE":"010270027002700177","LOCATION":"GANGNAN","V_TYPE":"VILLAGE","BLOCK":"TILEIBANI","DISTRICT":"DEOGARH"},"geometry":{"type":"Polygon","coordinates":[[[84.85166,21.45034],[84.85325,21.45431],[84.85441,21.45627],[84.85636,21.45863],[84.85605,21.46104],[84.85783,21.46282],[84.85807,21.46334],[84.8577,21.46518],[84.85788,21.4661],[84.85905,21.46738],[84.86751,21.4655],[84.87426,21.46529],[84.87561,21.46472],[84.87832,21.46169],[84.87942,21.46083],[84.87997,21.46078],[84.88239,21.45349],[84.88264,21.45045],[84.8824,21.44695],[84.88258,21.44477],[84.88136,21.44258],[84.88069,21.44201],[84.87868,21.43896],[84.87775,21.43844],[84.87592,21.43774],[84.86874,21.43766],[84.86304,21.43689],[84.85741,21.43475],[84.85679,21.43658],[84.85789,21.43848],[84.85813,21.44014],[84.85935,21.4425],[84.85947,21.44354],[84.85904,21.44451],[84.85695,21.44669],[84.85406,21.44702],[84.85253,21.44805],[84.85185,21.44919],[84.85166,21.45034]]]}},{"type":"Feature","properties":{"LCODE":"010300027002700056","LOCATION":"SABARPALI","V_TYPE":"VILLAGE","BLOCK":"TILEIBANI","DISTRICT":"DEOGARH"},"geometry":{"type":"Polygon","coordinates":[[[84.57376,21.45983],[84.57552,21.46268],[84.57767,21.46497],[84.57819,21.46673],[84.57995,21.46645],[84.58329,21.46519],[84.58501,21.46511],[84.58616,21.46542],[84.58746,21.46464],[84.58937,21.46457],[84.59288,21.46326],[84.59431,21.46243],[84.5956,21.45987],[84.59589,21.45849],[84.59572,21.45774],[84.5933,21.45672],[84.58659,21.45613],[84.58411,21.45625],[84.57945,21.45753],[84.57722,21.45928],[84.57481,21.45934],[84.57402,21.45949],[84.57376,21.45983]]]}},{"type":"Feature","properties":{"LCODE":"010300025002500096","LOCATION":"DANGAGHAT (BADA)","V_TYPE":"VILLAGE","BLOCK":"REAMAL","DISTRICT":"DEOGARH"},"geometry":{"type":"Polygon","coordinates":[[[84.69603,21.45871],[84.69755,21.46173],[84.69794,21.4634],[84.6976,21.46367],[84.69888,21.46509],[84.69926,21.46663],[84.70522,21.46602],[84.71096,21.46372],[84.71957,21.462],[84.72253,21.46102],[84.72495,21.45943],[84.72467,21.45836],[84.72495,21.45705],[84.72598,21.45506],[84.72601,21.45357],[84.72469,21.45222],[84.72468,21.45128],[84.72253,21.45062],[84.72096,21.44967],[84.71962,21.44947],[84.71909,21.44866],[84.71799,21.44829],[84.71422,21.44793],[84.71232,21.44806],[84.71127,21.44845],[84.71007,21.45003],[84.70958,21.45002],[84.70969,21.45065],[84.7093,21.45145],[84.70665,21.45461],[84.70412,21.45548],[84.69942,21.45539],[84.69799,21.45611],[84.69678,21.45781],[84.69607,21.4579],[84.69603,21.45871]]]}},{"type":"Feature","properties":{"LCODE":"010300027002700060","LOCATION":"GAYAPALI","V_TYPE":"VILLAGE","BLOCK":"TILEIBANI","DISTRICT":"DEOGARH"},"geometry":{"type":"Polygon","coordinates":[[[84.54897,21.46082],[84.55057,21.46454],[84.55199,21.46595],[84.55363,21.46644],[84.55511,21.46641],[84.5572,21.46588],[84.55794,21.46521],[84.55696,21.45904],[84.55603,21.45707],[84.55264,21.45809],[84.55047,21.4592],[84.54897,21.46082]]]}},{"type":"Feature","properties":{"LCODE":"010300025002500050","LOCATION":"TALABAHALI","V_TYPE":"VILLAGE","BLOCK":"REAMAL","DISTRICT":"DEOGARH"},"geometry":{"type":"Polygon","coordinates":[[[84.61817,21.4625],[84.61873,21.46326],[84.62312,21.46306],[84.62415,21.46325],[84.62711,21.46486],[84.62881,21.46547],[84.63403,21.46448],[84.63457,21.46467],[84.63566,21.46593],[84.63443,21.46087],[84.63335,21.45835],[84.63211,21.45818],[84.63004,21.45584],[84.62999,21.4551],[84.63087,21.45391],[84.62703,21.4513],[84.6263,21.45123],[84.62478,21.45185],[84.62492,21.45241],[84.62444,21.4543],[84.62261,21.45662],[84.61909,21.45792],[84.61851,21.459],[84.61817,21.4625]]]}},{"type":"Feature","properties":{"LCODE":"010270027002700185","LOCATION":"KUMURANALI","V_TYPE":"VILLAGE","BLOCK":"TILEIBANI","DISTRICT":"DEOGARH"},"geometry":{"type":"Polygon","coordinates":[[[84.76746,21.46395],[84.76752,21.46464],[84.76807,21.46493],[84.77766,21.46487],[84.77175,21.45982],[84.77121,21.46098],[84.76789,21.46332],[84.76746,21.46395]]]}},{"type":"Feature","properties":{"LCODE":"010270027002700178","LOCATION":"CHHEPALIPALI","V_TYPE":"VILLAGE","BLOCK":"TILEIBANI","DISTRICT":"DEOGARH"},"geometry":{"type":"Polygon","coordinates":[[[84.83268,21.46153],[84.83286,21.46291],[84.83328,21.46354],[84.83408,21.46447],[84.83514,21.46493],[84.83702,21.46425],[84.84175,21.4634],[84.84666,21.46296],[84.84838,21.46227],[84.84887,21.46119],[84.85151,21.46091],[84.85219,21.46051],[84.85225,21.45988],[84.85311,21.45839],[84.85484,21.45677],[84.85325,21.45431],[84.85184,21.45108],[84.85062,21.45114],[84.84995,21.45085],[84.84673,21.44861],[84.84627,21.44952],[84.84424,21.45037],[84.84301,21.45123],[84.84209,21.45237],[84.84147,21.45456],[84.84023,21.45662],[84.83821,21.45776],[84.83592,21.45815],[84.83415,21.45912],[84.83347,21.45904],[84.83268,21.46153]]]}},{"type":"Feature","properties":{"LCODE":"010260024002400133","LOCATION":"KUSULI","V_TYPE":"VILLAGE","BLOCK":"BARKOTE","DISTRICT":"DEOGARH"},"geometry":{"type":"Polygon","coordinates":[[[84.16713,21.45374],[84.16941,21.4557],[84.17143,21.45697],[84.17554,21.45875],[84.17793,21.45875],[84.18027,21.45748],[84.1815,21.45725],[84.18198,21.45811],[84.1818,21.45932],[84.1799,21.46173],[84.18021,21.46311],[84.18143,21.46478],[84.18622,21.46391],[84.18935,21.46449],[84.19076,21.46449],[84.19201,21.4641],[84.19015,21.46202],[84.1864,21.45445],[84.18572,21.45427],[84.18388,21.45289],[84.18118,21.45197],[84.17315,21.45013],[84.171,21.44904],[84.16933,21.44938],[84.16934,21.45042],[84.16904,21.45105],[84.16713,21.45374]]]}},{"type":"Feature","properties":{"LCODE":"010260024002400139","LOCATION":"BADKUNDESARA","V_TYPE":"VILLAGE","BLOCK":"BARKOTE","DISTRICT":"DEOGARH"},"geometry":{"type":"Polygon","coordinates":[[[84.19637,21.45257],[84.2002,21.45754],[84.20515,21.46199],[84.20609,21.46144],[84.20726,21.46121],[84.20892,21.46167],[84.21051,21.46121],[84.21186,21.46156],[84.21462,21.46155],[84.21787,21.46374],[84.21867,21.4646],[84.22284,21.46408],[84.22757,21.46408],[84.23103,21.4624],[84.22462,21.46115],[84.22241,21.46023],[84.21953,21.46029],[84.21744,21.45954],[84.21701,21.45903],[84.21738,21.45765],[84.2178,21.45719],[84.22044,21.45604],[84.22031,21.45317],[84.21964,21.4507],[84.21884,21.44944],[84.21792,21.44892],[84.20885,21.44892],[84.20731,21.44852],[84.2058,21.44747],[84.19897,21.4507],[84.19637,21.45257]]]}},{"type":"Feature","properties":{"LCODE":"010270027002700186","LOCATION":"BANAKALO","V_TYPE":"VILLAGE","BLOCK":"TILEIBANI","DISTRICT":"DEOGARH"},"geometry":{"type":"Polygon","coordinates":[[[84.7541,21.46086],[84.75428,21.46189],[84.75556,21.46351],[84.75629,21.4638],[84.75893,21.46392],[84.76115,21.46232],[84.76164,21.46071],[84.76147,21.45962],[84.76086,21.4587],[84.75921,21.45714],[84.75608,21.45609],[84.75559,21.45644],[84.75558,21.45759],[84.7541,21.46086]]]}},{"type":"Feature","properties":{"LCODE":"010300027002700081","LOCATION":"MENJARIBAHAL","V_TYPE":"VILLAGE","BLOCK":"TILEIBANI","DISTRICT":"DEOGARH"},"geometry":{"type":"Polygon","coordinates":[[[84.54511,21.45669],[84.54738,21.45799],[84.54897,21.46082],[84.55047,21.4592],[84.55264,21.45809],[84.55603,21.45707],[84.55696,21.45904],[84.55766,21.46269],[84.55915,21.46161],[84.56144,21.46074],[84.56407,21.46073],[84.56667,21.46004],[84.56559,21.45892],[84.56555,21.458],[84.56825,21.45553],[84.56902,21.4544],[84.5707,21.44851],[84.57007,21.44718],[84.56787,21.44467],[84.56667,21.44378],[84.56419,21.44052],[84.56013,21.43257],[84.55935,21.4318],[84.55769,21.4324],[84.55586,21.43202],[84.55434,21.43142],[84.55412,21.431],[84.55302,21.43088],[84.55153,21.42935],[84.54958,21.42964],[84.54961,21.43012],[84.55167,21.43309],[84.55222,21.43528],[84.55315,21.43714],[84.55399,21.43802],[84.55723,21.44021],[84.55822,21.44178],[84.55878,21.44357],[84.56136,21.44592],[84.56194,21.44679],[84.56223,21.44766],[84.56176,21.44891],[84.56145,21.44907],[84.56247,21.44973],[84.56498,21.44972],[84.56662,21.45016],[84.56763,21.4511],[84.56808,21.45248],[84.56795,21.45311],[84.56699,21.45436],[84.56432,21.45608],[84.56303,21.4564],[84.56027,21.45635],[84.55924,21.45593],[84.55752,21.45434],[84.55617,21.45202],[84.55573,21.45046],[84.55487,21.45044],[84.55359,21.44959],[84.5547,21.45417],[84.554,21.45542],[84.55344,21.45587],[84.55258,21.45579],[84.55065,21.45472],[84.5491,21.45343],[84.5477,21.45322],[84.54551,21.45473],[84.54511,21.45669]]]}},{"type":"Feature","properties":{"LCODE":"010270027002700192","LOCATION":"ASANBANIA","V_TYPE":"VILLAGE","BLOCK":"TILEIBANI","DISTRICT":"DEOGARH"},"geometry":{"type":"Polygon","coordinates":[[[84.77925,21.46054],[84.77949,21.46164],[84.78004,21.4621],[84.78059,21.46244],[84.78157,21.46239],[84.78275,21.46153],[84.78477,21.46114],[84.78588,21.45878],[84.78583,21.45798],[84.78331,21.45791],[84.78196,21.45883],[84.7803,21.45922],[84.77925,21.46054]]]}},{"type":"Feature","properties":{"LCODE":"010260024002400112","LOCATION":"PUDADIHI","V_TYPE":"VILLAGE","BLOCK":"BARKOTE","DISTRICT":"DEOGARH"},"geometry":{"type":"Polygon","coordinates":[[[84.36874,21.4525],[84.36961,21.45456],[84.37123,21.4565],[84.37136,21.45713],[84.37106,21.45794],[84.37027,21.45881],[84.37072,21.46111],[84.37196,21.46213],[84.37294,21.46235],[84.37392,21.46234],[84.37557,21.46181],[84.37697,21.46024],[84.3772,21.4592],[84.37631,21.45529],[84.3764,21.45253],[84.37523,21.45168],[84.37343,21.44899],[84.37164,21.44907],[84.36967,21.44829],[84.36882,21.4487],[84.36989,21.45099],[84.36874,21.4525]]]}},{"type":"Feature","properties":{"LCODE":"010300027002700018","LOCATION":"SODO","V_TYPE":"VILLAGE","BLOCK":"TILEIBANI","DISTRICT":"DEOGARH"},"geometry":{"type":"Polygon","coordinates":[[[84.44849,21.45951],[84.44891,21.46015],[84.451,21.46092],[84.4571,21.46203],[84.45727,21.46169],[84.45839,21.46113],[84.4621,21.45979],[84.46377,21.45946],[84.46445,21.45895],[84.46547,21.45706],[84.46545,21.45423],[84.4651,21.45318],[84.46378,21.45121],[84.46152,21.44904],[84.45798,21.44756],[84.45519,21.44452],[84.45422,21.44388],[84.4525,21.44368],[84.45113,21.4443],[84.45069,21.44522],[84.45274,21.45223],[84.45258,21.45459],[84.45222,21.45473],[84.45207,21.45545],[84.45157,21.45602],[84.44901,21.45813],[84.44849,21.45951]]]}},{"type":"Feature","properties":{"LCODE":"010260024002400149","LOCATION":"KUDANKHOL","V_TYPE":"VILLAGE","BLOCK":"BARKOTE","DISTRICT":"DEOGARH"},"geometry":{"type":"Polygon","coordinates":[[[84.2356,21.46121],[84.23579,21.46149],[84.2364,21.46138],[84.23995,21.45971],[84.24124,21.45954],[84.24216,21.45971],[84.24253,21.46017],[84.24314,21.46017],[84.24253,21.45948],[84.24259,21.45885],[84.24339,21.45879],[84.244,21.45908],[84.24474,21.45839],[84.24651,21.45891],[84.24676,21.45822],[84.24467,21.45707],[84.24455,21.45627],[84.24553,21.45581],[84.24565,21.45501],[84.24596,21.45477],[84.24682,21.4546],[84.24712,21.45369],[84.2478,21.45386],[84.24804,21.45282],[84.24828,21.45271],[84.24872,21.45351],[84.24908,21.45357],[84.24933,21.45328],[84.24939,21.45018],[84.25018,21.44823],[84.25134,21.44714],[84.24889,21.44869],[84.24602,21.45282],[84.24509,21.45363],[84.23731,21.45869],[84.2356,21.46121]]]}},{"type":"Feature","properties":{"LCODE":"010300025002500048","LOCATION":"BARAKANI","V_TYPE":"VILLAGE","BLOCK":"REAMAL","DISTRICT":"DEOGARH"},"geometry":{"type":"Polygon","coordinates":[[[84.64307,21.45099],[84.64314,21.45245],[84.64518,21.45442],[84.64682,21.45721],[84.64807,21.45862],[84.64909,21.46054],[84.64962,21.46026],[84.65103,21.4577],[84.65511,21.4583],[84.6562,21.45802],[84.6538,21.45695],[84.65196,21.45479],[84.6512,21.45328],[84.64864,21.45048],[84.64613,21.44853],[84.64472,21.44838],[84.64379,21.44882],[84.64309,21.4499],[84.64307,21.45099]]]}},{"type":"Feature","properties":{"LCODE":"010300027002700058","LOCATION":"BELAMUNDA","V_TYPE":"VILLAGE","BLOCK":"TILEIBANI","DISTRICT":"DEOGARH"},"geometry":{"type":"Polygon","coordinates":[[[84.56548,21.45846],[84.56594,21.45939],[84.56667,21.46004],[84.57085,21.45909],[84.57341,21.45931],[84.57388,21.45967],[84.57481,21.45934],[84.57722,21.45928],[84.57945,21.45753],[84.58086,21.45718],[84.57681,21.45587],[84.56893,21.45453],[84.56787,21.45592],[84.56555,21.458],[84.56548,21.45846]]]}},{"type":"Feature","properties":{"LCODE":"010270027002700187","LOCATION":"JHARAGOGUA","V_TYPE":"VILLAGE","BLOCK":"TILEIBANI","DISTRICT":"DEOGARH"},"geometry":{"type":"Polygon","coordinates":[[[84.76091,21.4562],[84.76528,21.45687],[84.77042,21.45844],[84.77167,21.45915],[84.77184,21.45862],[84.7716,21.45621],[84.77075,21.45304],[84.77033,21.4522],[84.7688,21.45079],[84.76825,21.45067],[84.76757,21.45119],[84.76683,21.45188],[84.76627,21.45297],[84.76541,21.45365],[84.76091,21.4562]]]}},{"type":"Feature","properties":{"LCODE":"010270027002700199","LOCATION":"KADALIPAL","V_TYPE":"VILLAGE","BLOCK":"TILEIBANI","DISTRICT":"DEOGARH"},"geometry":{"type":"Polygon","coordinates":[[[84.80676,21.4365],[84.80676,21.43714],[84.80718,21.43783],[84.80859,21.4391],[84.81104,21.4402],[84.81299,21.44268],[84.81378,21.44435],[84.81428,21.44706],[84.81481,21.44785],[84.81554,21.45136],[84.8159,21.45234],[84.81664,21.45297],[84.81761,21.45338],[84.81847,21.45333],[84.82031,21.45287],[84.82087,21.45247],[84.82185,21.45075],[84.82285,21.44788],[84.82926,21.45428],[84.83238,21.45849],[84.83318,21.45901],[84.83415,21.45912],[84.83592,21.45815],[84.83569,21.45798],[84.83575,21.45678],[84.8362,21.45402],[84.83498,21.45189],[84.83271,21.45096],[84.83007,21.45055],[84.82646,21.4495],[84.82523,21.44824],[84.82439,21.44628],[84.82359,21.44542],[84.82329,21.44444],[84.82335,21.4434],[84.82387,21.44254],[84.82299,21.44122],[84.82188,21.44039],[84.82182,21.4407],[84.82121,21.44104],[84.81876,21.44103],[84.81729,21.44028],[84.81644,21.43878],[84.81638,21.43775],[84.81718,21.4343],[84.81787,21.43293],[84.81634,21.43241],[84.81413,21.43107],[84.81242,21.42952],[84.81297,21.42883],[84.81174,21.42951],[84.81064,21.43083],[84.81008,21.43198],[84.80927,21.43525],[84.80872,21.43582],[84.80676,21.4365]]]}},{"type":"Feature","properties":{"LCODE":"010300025002500049","LOCATION":"SADHUPALI","V_TYPE":"VILLAGE","BLOCK":"REAMAL","DISTRICT":"DEOGARH"},"geometry":{"type":"Polygon","coordinates":[[[84.62992,21.45538],[84.63033,21.45625],[84.63181,21.45795],[84.63321,21.45844],[84.63837,21.45538],[84.64044,21.45335],[84.63849,21.45285],[84.6321,21.45382],[84.63096,21.45406],[84.62992,21.45538]]]}},{"type":"Feature","properties":{"LCODE":"010270027002700202","LOCATION":"RANGAMATIA","V_TYPE":"VILLAGE","BLOCK":"TILEIBANI","DISTRICT":"DEOGARH"},"geometry":{"type":"Polygon","coordinates":[[[84.82329,21.44444],[84.82359,21.44542],[84.82439,21.44628],[84.82523,21.44824],[84.82646,21.4495],[84.83007,21.45055],[84.83271,21.45096],[84.83498,21.45189],[84.8362,21.45402],[84.83575,21.45815],[84.83821,21.45776],[84.84023,21.45662],[84.84147,21.45456],[84.84209,21.45237],[84.84301,21.45123],[84.84424,21.45037],[84.84627,21.44952],[84.8467,21.44883],[84.84682,21.44797],[84.84585,21.44641],[84.8383,21.44765],[84.83603,21.44776],[84.83487,21.44747],[84.8323,21.44573],[84.83144,21.44556],[84.83052,21.44561],[84.82948,21.44618],[84.82763,21.4479],[84.82677,21.44813],[84.82616,21.4479],[84.82586,21.44594],[84.82641,21.44479],[84.83065,21.44217],[84.83084,21.44102],[84.8301,21.44073],[84.82403,21.4422],[84.82335,21.4434],[84.82329,21.44444]]]}},{"type":"Feature","properties":{"LCODE":"01030002500250rf","LOCATION":"RF","V_TYPE":"FOREST","BLOCK":"REAMAL","DISTRICT":"DEOGARH"},"geometry":{"type":"Polygon","coordinates":[[[84.54976,21.35999],[84.55728,21.38202],[84.55861,21.38481],[84.56567,21.3973],[84.56919,21.40248],[84.57386,21.40854],[84.57752,21.41321],[84.57996,21.41585],[84.58072,21.41695],[84.5809,21.41822],[84.58148,21.41854],[84.58254,21.41739],[84.58366,21.41695],[84.58833,21.41842],[84.59056,21.41721],[84.59189,21.41781],[84.59457,21.41792],[84.59747,21.41694],[84.59967,21.4148],[84.60121,21.41437],[84.60854,21.41435],[84.61266,21.4161],[84.61398,21.41698],[84.61497,21.41896],[84.61475,21.42027],[84.61417,21.42112],[84.61189,21.422],[84.60834,21.42233],[84.60686,21.42276],[84.60561,21.42371],[84.60492,21.4268],[84.60327,21.42895],[84.60215,21.42979],[84.60085,21.43011],[84.59724,21.43009],[84.59798,21.43033],[84.59947,21.43151],[84.60946,21.44026],[84.6098,21.43855],[84.61206,21.43889],[84.61513,21.43855],[84.61609,21.43684],[84.61971,21.43611],[84.62337,21.43423],[84.62392,21.4343],[84.62498,21.4361],[84.62642,21.43711],[84.62646,21.43791],[84.62621,21.43819],[84.62396,21.4397],[84.62127,21.44211],[84.61973,21.4426],[84.61722,21.44278],[84.61441,21.4439],[84.62478,21.45185],[84.6263,21.45123],[84.62703,21.4513],[84.6304,21.45338],[84.63101,21.45416],[84.63849,21.45285],[84.64062,21.45336],[84.64204,21.45247],[84.64314,21.45245],[84.64329,21.44945],[84.64423,21.4486],[84.6457,21.44835],[84.64864,21.45048],[84.6512,21.45328],[84.65196,21.45479],[84.6538,21.45695],[84.6562,21.45802],[84.65592,21.45647],[84.65433,21.45564],[84.652,21.45312],[84.65058,21.45126],[84.64911,21.44989],[84.64898,21.44939],[84.64677,21.44722],[84.64613,21.44571],[84.64613,21.44376],[84.64739,21.43723],[84.64845,21.43634],[84.65086,21.43547],[84.64941,21.43452],[84.64766,21.43397],[84.646,21.43399],[84.64304,21.43525],[84.64164,21.435],[84.64044,21.43382],[84.63891,21.43167],[84.63823,21.42964],[84.63829,21.42718],[84.63908,21.42506],[84.63759,21.42607],[84.63593,21.42615],[84.63478,21.42561],[84.62962,21.42172],[84.62782,21.42088],[84.62711,21.41994],[84.62727,21.41845],[84.62857,21.4175],[84.62923,21.41602],[84.62897,21.40947],[84.62806,21.40911],[84.62513,21.40888],[84.6238,21.40828],[84.62138,21.40961],[84.61869,21.40984],[84.61787,21.41051],[84.61778,21.4116],[84.61747,21.412],[84.61552,21.41202],[84.60912,21.41091],[84.60822,21.41044],[84.60812,21.40957],[84.60776,21.40928],[84.60484,21.40899],[84.60083,21.40788],[84.59838,21.408],[84.59706,21.407],[84.59585,21.40674],[84.59405,21.40562],[84.59259,21.40731],[84.59106,21.40757],[84.59078,21.40888],[84.58567,21.41016],[84.58507,21.40974],[84.58533,21.409],[84.58878,21.4058],[84.58913,21.40443],[84.5882,21.40245],[84.58846,21.40194],[84.58926,21.40162],[84.58921,21.40121],[84.58723,21.39962],[84.58506,21.39872],[84.58208,21.39831],[84.57883,21.39871],[84.57738,21.39799],[84.57745,21.39753],[84.5782,21.39709],[84.58048,21.39633],[84.5834,21.39472],[84.58574,21.39385],[84.58678,21.39375],[84.58756,21.39412],[84.58801,21.39608],[84.58901,21.39713],[84.59271,21.39807],[84.59705,21.39844],[84.59819,21.39892],[84.59943,21.40291],[84.60026,21.40407],[84.60147,21.40433],[84.6032,21.40396],[84.60507,21.40469],[84.60594,21.40419],[84.60671,21.40506],[84.60884,21.40534],[84.60978,21.40679],[84.61021,21.40697],[84.61132,21.40642],[84.61529,21.40644],[84.61745,21.40562],[84.61784,21.40505],[84.61786,21.40414],[84.61726,21.40332],[84.61665,21.40337],[84.61693,21.40228],[84.61675,21.40182],[84.61438,21.4016],[84.61224,21.39909],[84.61024,21.39882],[84.60692,21.39703],[84.60526,21.39745],[84.60085,21.39765],[84.59982,21.3974],[84.59929,21.3967],[84.5991,21.39457],[84.59776,21.39219],[84.59772,21.39162],[84.59818,21.39025],[84.5993,21.38912],[84.59973,21.38706],[84.59928,21.38544],[84.59827,21.38462],[84.59792,21.38358],[84.59837,21.38296],[84.59966,21.38275],[84.60011,21.38196],[84.60036,21.38185],[84.60101,21.38232],[84.6019,21.38119],[84.60325,21.38093],[84.60339,21.38053],[84.60309,21.38001],[84.60219,21.37959],[84.60213,21.37924],[84.60256,21.37914],[84.60265,21.37822],[84.60344,21.3784],[84.60492,21.38021],[84.60677,21.37962],[84.60851,21.38052],[84.60974,21.3802],[84.61032,21.38141],[84.61117,21.38195],[84.61215,21.38162],[84.61213,21.38007],[84.6128,21.38003],[84.61346,21.3805],[84.61369,21.38114],[84.61229,21.38323],[84.61227,21.38387],[84.61311,21.38492],[84.61425,21.38534],[84.61475,21.38506],[84.61546,21.38387],[84.61594,21.38382],[84.61624,21.38412],[84.61595,21.38578],[84.61637,21.38613],[84.61832,21.38617],[84.62088,21.38432],[84.62283,21.38425],[84.62362,21.38449],[84.62347,21.38558],[84.6231,21.38586],[84.62058,21.38621],[84.61964,21.38706],[84.61962,21.38786],[84.621,21.38898],[84.62289,21.38936],[84.62454,21.38893],[84.62434,21.38772],[84.62453,21.3871],[84.62532,21.38728],[84.62603,21.38827],[84.62691,21.38726],[84.62777,21.38728],[84.62804,21.38831],[84.62702,21.39002],[84.62551,21.39177],[84.62623,21.39247],[84.62751,21.39255],[84.62868,21.39419],[84.62929,21.39449],[84.62984,21.39444],[84.63004,21.39416],[84.63077,21.38929],[84.63195,21.38833],[84.63349,21.38796],[84.6366,21.38814],[84.63844,21.38772],[84.64125,21.38783],[84.64223,21.38762],[84.6428,21.38694],[84.64296,21.38574],[84.64267,21.38252],[84.64137,21.38088],[84.63891,21.37922],[84.63856,21.37864],[84.63824,21.37674],[84.63882,21.37526],[84.63957,21.3747],[84.64215,21.37424],[84.64494,21.3751],[84.64544,21.37453],[84.64604,21.37242],[84.64197,21.36699],[84.63925,21.36585],[84.63682,21.36546],[84.63596,21.36567],[84.63482,21.36708],[84.63421,21.36719],[84.63385,21.36678],[84.63409,21.36489],[84.63293,21.36457],[84.63264,21.36641],[84.63109,21.36729],[84.6253,21.36948],[84.6242,21.36934],[84.62396,21.36905],[84.6243,21.36785],[84.62611,21.36639],[84.62756,21.36464],[84.62867,21.36397],[84.63101,21.36321],[84.63535,21.36072],[84.63549,21.36009],[84.63502,21.35962],[84.63264,21.35934],[84.6318,21.35898],[84.63174,21.35869],[84.632,21.35806],[84.6333,21.35746],[84.6343,21.35639],[84.63477,21.35496],[84.63591,21.35332],[84.6358,21.35251],[84.63544,21.35228],[84.63242,21.35336],[84.63016,21.35378],[84.62849,21.35696],[84.62798,21.36023],[84.62753,21.36108],[84.62572,21.36259],[84.62443,21.36286],[84.62321,21.36249],[84.62274,21.36185],[84.62306,21.36128],[84.62486,21.36016],[84.625,21.35959],[84.62489,21.35907],[84.62382,21.35819],[84.62307,21.35622],[84.61819,21.35389],[84.6172,21.35214],[84.61648,21.35144],[84.61532,21.35147],[84.61371,21.35247],[84.61265,21.35326],[84.61156,21.3549],[84.61069,21.36011],[84.61086,21.36121],[84.60932,21.36376],[84.60989,21.36504],[84.60988,21.36572],[84.60927,21.36577],[84.60812,21.36529],[84.60769,21.36545],[84.60743,21.36602],[84.60749,21.36832],[84.60794,21.36976],[84.60761,21.37073],[84.60706,21.37078],[84.60472,21.36913],[84.59777,21.36623],[84.59592,21.36493],[84.59486,21.36342],[84.5939,21.35788],[84.59265,21.35665],[84.59206,21.354],[84.59118,21.35254],[84.58915,21.35067],[84.58897,21.35032],[84.58918,21.34963],[84.59071,21.34949],[84.59524,21.35119],[84.60076,21.35251],[84.60326,21.35255],[84.60596,21.35215],[84.60891,21.35135],[84.61047,21.35006],[84.61099,21.34886],[84.61438,21.34778],[84.61594,21.34637],[84.61718,21.34582],[84.61853,21.34321],[84.61826,21.34205],[84.61618,21.33966],[84.6146,21.33687],[84.60989,21.33528],[84.60802,21.33438],[84.60686,21.33407],[84.60539,21.33427],[84.60388,21.33384],[84.60305,21.33274],[84.60292,21.33084],[84.60221,21.32911],[84.60056,21.32993],[84.59981,21.33072],[84.59965,21.33221],[84.59776,21.33464],[84.59603,21.33518],[84.59337,21.33427],[84.59332,21.33381],[84.59401,21.33313],[84.59415,21.33256],[84.59362,21.33174],[84.59383,21.33094],[84.59547,21.33098],[84.59634,21.33059],[84.59893,21.32714],[84.60011,21.32665],[84.60206,21.3264],[84.60233,21.32537],[84.60188,21.32381],[84.60208,21.3233],[84.60462,21.32174],[84.60458,21.32093],[84.60354,21.3189],[84.60374,21.31822],[84.60493,21.31726],[84.60506,21.31675],[84.60472,21.31577],[84.6031,21.31476],[84.60126,21.31535],[84.60071,21.31528],[84.59932,21.31468],[84.59785,21.31471],[84.59678,21.31389],[84.59706,21.31251],[84.59906,21.31066],[84.59901,21.31014],[84.59972,21.30877],[84.59946,21.30682],[84.60034,21.30597],[84.60043,21.30477],[84.59917,21.30405],[84.59637,21.30366],[84.59403,21.30476],[84.59078,21.30768],[84.58775,21.30951],[84.58801,21.31078],[84.58755,21.3121],[84.58673,21.31323],[84.58706,21.31473],[84.58601,21.31718],[84.58524,21.3213],[84.58504,21.32164],[84.58418,21.32174],[84.58337,21.32224],[84.58313,21.32476],[84.58244,21.32538],[84.58103,21.32541],[84.58011,21.32349],[84.58018,21.32298],[84.58094,21.32202],[84.58141,21.32042],[84.58198,21.3198],[84.58105,21.31783],[84.58091,21.3165],[84.58036,21.31643],[84.57574,21.31353],[84.57489,21.31334],[84.57481,21.31408],[84.57331,21.31532],[84.57232,21.31834],[84.57101,21.31906],[84.56869,21.31948],[84.56718,21.32029],[84.56786,21.32108],[84.56787,21.32204],[84.56905,21.32201],[84.57053,21.32118],[84.57157,21.32097],[84.57381,21.3217],[84.5759,21.32105],[84.57754,21.32149],[84.57902,21.3233],[84.57977,21.32481],[84.57979,21.32636],[84.57921,21.32738],[84.57916,21.32916],[84.57835,21.32983],[84.57731,21.33004],[84.57672,21.33135],[84.57617,21.33157],[84.57434,21.33153],[84.57204,21.33068],[84.57107,21.33078],[84.5686,21.33182],[84.56555,21.33377],[84.56517,21.33434],[84.5629,21.33492],[84.56008,21.33516],[84.55965,21.33561],[84.55932,21.33629],[84.55927,21.33841],[84.55981,21.34061],[84.55973,21.34124],[84.5593,21.34157],[84.5582,21.34154],[84.55758,21.34225],[84.55529,21.34336],[84.55663,21.3452],[84.55753,21.34837],[84.55711,21.35233],[84.55658,21.35404],[84.55586,21.35558],[84.55302,21.35902],[84.55167,21.35929],[84.55042,21.35848],[84.54985,21.35888],[84.54976,21.35999]],[[84.57047,21.37763],[84.5711,21.37696],[84.57184,21.37669],[84.5733,21.37683],[84.57448,21.37628],[84.57877,21.37797],[84.57928,21.37729],[84.57887,21.37677],[84.57894,21.3762],[84.58017,21.37588],[84.58306,21.37731],[84.5843,21.37688],[84.58464,21.37562],[84.58357,21.37439],[84.58138,21.37423],[84.58012,21.37306],[84.57945,21.37293],[84.57848,21.3728],[84.57639,21.37327],[84.57572,21.37314],[84.57372,21.37041],[84.57332,21.36936],[84.57363,21.36914],[84.57571,21.36935],[84.5767,21.36886],[84.57942,21.36966],[84.58135,21.37061],[84.58296,21.36984],[84.5839,21.37124],[84.58551,21.37276],[84.5864,21.37571],[84.58922,21.37807],[84.59114,21.37919],[84.5916,21.38018],[84.59135,21.38058],[84.59048,21.38091],[84.58849,21.38023],[84.58652,21.38042],[84.58666,21.38203],[84.58821,21.38591],[84.58813,21.38677],[84.58604,21.38708],[84.58447,21.3867],[84.58419,21.38543],[84.58485,21.38355],[84.58389,21.38301],[84.58127,21.3829],[84.57922,21.3839],[84.57797,21.38508],[84.57775,21.38634],[84.57896,21.38694],[84.57857,21.38785],[84.57784,21.38795],[84.57608,21.38728],[84.57526,21.3879],[84.57417,21.38799],[84.57388,21.38701],[84.57421,21.38569],[84.5743,21.38294],[84.57486,21.38272],[84.57612,21.38349],[84.57746,21.38363],[84.57869,21.38337],[84.57964,21.3823],[84.58009,21.38121],[84.57999,21.38024],[84.57935,21.37983],[84.5783,21.37969],[84.57668,21.38092],[84.57483,21.38157],[84.57447,21.38122],[84.57488,21.37956],[84.57453,21.37904],[84.57314,21.37826],[84.57076,21.3781],[84.57047,21.37763]],[[84.5671,21.36223],[84.56714,21.36097],[84.56794,21.36058],[84.56978,21.36051],[84.57091,21.36139],[84.57237,21.36148],[84.57482,21.36118],[84.57517,21.35952],[84.57681,21.35984],[84.57705,21.36013],[84.57559,21.36223],[84.5755,21.36332],[84.57511,21.36406],[84.57407,21.3645],[84.57309,21.36431],[84.57147,21.36542],[84.56983,21.36504],[84.56824,21.36513],[84.5683,21.36323],[84.56715,21.36252],[84.5671,21.36223]],[[84.59965,21.34142],[84.60126,21.3411],[84.60452,21.34156],[84.60596,21.34207],[84.60673,21.34192],[84.60845,21.34276],[84.60901,21.34405],[84.6088,21.34461],[84.60296,21.34374],[84.60028,21.34264],[84.59967,21.34204],[84.59965,21.34142]],[[84.58059,21.33304],[84.5811,21.33207],[84.58259,21.33112],[84.584,21.33092],[84.58527,21.33129],[84.58611,21.33177],[84.58646,21.33241],[84.58491,21.33352],[84.58512,21.33456],[84.58615,21.33504],[84.58895,21.33533],[84.58972,21.33592],[84.58995,21.33673],[84.5897,21.33695],[84.58695,21.33678],[84.5854,21.33807],[84.5846,21.33805],[84.58384,21.33678],[84.5837,21.33304],[84.58302,21.33308],[84.58165,21.33444],[84.58092,21.33402],[84.58059,21.33304]]]}},{"type":"Feature","properties":{"LCODE":"010300025002500095","LOCATION":"RENGALBEDA","V_TYPE":"VILLAGE","BLOCK":"REAMAL","DISTRICT":"DEOGARH"},"geometry":{"type":"Polygon","coordinates":[[[84.67435,21.44501],[84.675,21.45054],[84.67654,21.45252],[84.67775,21.45346],[84.67999,21.45454],[84.6854,21.45563],[84.68719,21.45526],[84.68917,21.45409],[84.6899,21.45399],[84.69214,21.45569],[84.6931,21.45699],[84.69513,21.45789],[84.69607,21.4579],[84.69608,21.45406],[84.69698,21.4523],[84.6993,21.4501],[84.70005,21.44702],[84.69991,21.4454],[84.69693,21.43954],[84.69502,21.43749],[84.69159,21.43277],[84.68864,21.43082],[84.6865,21.43089],[84.68381,21.42944],[84.68346,21.43026],[84.68359,21.43244],[84.68211,21.43264],[84.68076,21.43325],[84.67865,21.43688],[84.67679,21.43784],[84.67744,21.44128],[84.67706,21.44185],[84.67507,21.4429],[84.6745,21.44369],[84.67435,21.44501]]]}},{"type":"Feature","properties":{"LCODE":"01030002500250rf","LOCATION":"RF","V_TYPE":"FOREST","BLOCK":"REAMAL","DISTRICT":"DEOGARH"},"geometry":{"type":"Polygon","coordinates":[[[84.6524,21.42068],[84.65338,21.42529],[84.65346,21.42725],[84.66222,21.42707],[84.66217,21.42581],[84.66399,21.42143],[84.66462,21.42063],[84.66543,21.42025],[84.66844,21.41962],[84.67242,21.41941],[84.67484,21.42009],[84.67786,21.42164],[84.67977,21.42346],[84.6836,21.42928],[84.68607,21.43077],[84.68864,21.43082],[84.69159,21.43277],[84.69502,21.43749],[84.69693,21.43954],[84.69891,21.4432],[84.69991,21.4454],[84.69997,21.4477],[84.6993,21.4501],[84.69698,21.4523],[84.69608,21.45406],[84.69607,21.4579],[84.69671,21.45786],[84.69799,21.45611],[84.69942,21.45539],[84.70412,21.45548],[84.70591,21.45506],[84.70665,21.45461],[84.7093,21.45145],[84.70969,21.45065],[84.70958,21.45002],[84.70757,21.44958],[84.70565,21.44787],[84.70316,21.44714],[84.70226,21.44631],[84.70147,21.43877],[84.69936,21.43517],[84.69749,21.43387],[84.69799,21.43112],[84.69662,21.42954],[84.69688,21.42874],[84.69624,21.42752],[84.6965,21.42684],[84.69763,21.42571],[84.69848,21.42366],[84.69836,21.42119],[84.69899,21.42017],[84.69914,21.41891],[84.69867,21.41586],[84.69964,21.41122],[84.70048,21.4094],[84.7011,21.40867],[84.70253,21.40783],[84.70467,21.40782],[84.71102,21.41064],[84.71636,21.41224],[84.7167,21.41099],[84.71752,21.40962],[84.71971,21.40766],[84.72344,21.4075],[84.72953,21.40837],[84.73164,21.40939],[84.73251,21.41159],[84.73592,21.41441],[84.7406,21.41594],[84.74142,21.41745],[84.74117,21.42038],[84.74295,21.41984],[84.74477,21.42016],[84.74648,21.42095],[84.74728,21.4201],[84.7478,21.4189],[84.74846,21.41702],[84.74883,21.41398],[84.74969,21.41159],[84.75056,21.41021],[84.75396,21.40727],[84.75531,21.40734],[84.75745,21.40792],[84.75795,21.40723],[84.75833,21.4043],[84.75914,21.40137],[84.76099,21.39874],[84.76602,21.39582],[84.76646,21.39508],[84.76672,21.39146],[84.766,21.38657],[84.76663,21.38266],[84.76743,21.38083],[84.77106,21.37866],[84.77204,21.37688],[84.77205,21.37625],[84.7701,21.37365],[84.76784,21.37198],[84.76698,21.37197],[84.76427,21.3738],[84.76114,21.37724],[84.7607,21.37833],[84.76088,21.38086],[84.75952,21.38275],[84.75994,21.38522],[84.75908,21.38625],[84.75755,21.38682],[84.75552,21.38716],[84.75381,21.38703],[84.75192,21.38415],[84.74903,21.38278],[84.74638,21.38261],[84.74631,21.38371],[84.74693,21.38551],[84.74586,21.38721],[84.74567,21.39008],[84.74282,21.39422],[84.74179,21.3952],[84.74368,21.39699],[84.74567,21.3976],[84.7494,21.39756],[84.75358,21.3964],[84.75438,21.39641],[84.75523,21.39693],[84.75603,21.39814],[84.7562,21.39941],[84.75631,21.40257],[84.75581,21.40475],[84.75489,21.40595],[84.75218,21.4075],[84.74856,21.40766],[84.74145,21.40855],[84.73717,21.40858],[84.73358,21.4077],[84.73238,21.40659],[84.73295,21.4008],[84.73199,21.39716],[84.7309,21.39725],[84.72774,21.39662],[84.72298,21.39612],[84.72169,21.39621],[84.71862,21.39712],[84.7163,21.39696],[84.71473,21.3963],[84.71232,21.39476],[84.71046,21.39305],[84.7064,21.39211],[84.7056,21.39221],[84.70562,21.39399],[84.70528,21.39508],[84.70334,21.39475],[84.69997,21.39532],[84.69753,21.39515],[84.69657,21.39404],[84.69588,21.39259],[84.69602,21.38915],[84.69696,21.38578],[84.69556,21.38294],[84.69282,21.37938],[84.6918,21.37964],[84.69028,21.37933],[84.68774,21.37819],[84.6876,21.37652],[84.68813,21.37463],[84.68736,21.37117],[84.68555,21.37027],[84.68233,21.36952],[84.68055,21.36776],[84.6797,21.36751],[84.68,21.36999],[84.68133,21.37312],[84.68148,21.37433],[84.68113,21.37633],[84.68412,21.37633],[84.68472,21.37663],[84.68549,21.37762],[84.68558,21.37918],[84.68616,21.38034],[84.68625,21.38166],[84.68509,21.38411],[84.68398,21.38472],[84.68183,21.3849],[84.68089,21.38592],[84.68094,21.38638],[84.68195,21.38738],[84.68275,21.38975],[84.68497,21.39134],[84.68512,21.39267],[84.68355,21.39465],[84.68265,21.39629],[84.68104,21.39729],[84.67932,21.39743],[84.67695,21.39698],[84.67551,21.39563],[84.675,21.39453],[84.67432,21.3944],[84.67393,21.39526],[84.67456,21.39722],[84.67448,21.39791],[84.67321,21.3999],[84.67209,21.40085],[84.67073,21.40122],[84.66956,21.40195],[84.66819,21.40502],[84.66776,21.40536],[84.66677,21.40563],[84.66396,21.40557],[84.66353,21.40597],[84.66342,21.40774],[84.66453,21.40978],[84.66593,21.41003],[84.66869,21.41204],[84.66867,21.41267],[84.66816,21.41352],[84.66636,21.41487],[84.66304,21.41555],[84.66209,21.41673],[84.66148,21.41689],[84.65643,21.41582],[84.65563,21.41592],[84.65427,21.41675],[84.6524,21.42068]],[[84.68179,21.4138],[84.68185,21.41345],[84.68354,21.41222],[84.68387,21.41108],[84.68474,21.41069],[84.68647,21.41222],[84.68816,21.41306],[84.68916,21.4148],[84.6928,21.4158],[84.69515,21.41711],[84.69567,21.41844],[84.69559,21.42395],[84.69526,21.42538],[84.69488,21.42583],[84.69432,21.42622],[84.69212,21.42641],[84.68944,21.42584],[84.68787,21.425],[84.68727,21.42436],[84.686,21.42152],[84.68306,21.41675],[84.68179,21.4138]]]}},{"type":"Feature","properties":{"LCODE":"010300027002700054","LOCATION":"TALBAHALI [NUTAN]","V_TYPE":"VILLAGE","BLOCK":"TILEIBANI","DISTRICT":"DEOGARH"},"geometry":{"type":"Polygon","coordinates":[[[84.60777,21.45569],[84.61126,21.45541],[84.61645,21.45603],[84.61887,21.45688],[84.61968,21.45771],[84.62261,21.45662],[84.62343,21.45577],[84.62444,21.4543],[84.62492,21.45241],[84.62482,21.45189],[84.62347,21.45164],[84.62029,21.45197],[84.61331,21.45178],[84.61171,21.45226],[84.60985,21.45337],[84.60841,21.45467],[84.60777,21.45569]]]}},{"type":"Feature","properties":{"LCODE":"010300027002700073","LOCATION":"KAMSAR","V_TYPE":"VILLAGE","BLOCK":"TILEIBANI","DISTRICT":"DEOGARH"},"geometry":{"type":"Polygon","coordinates":[[[84.50142,21.42824],[84.50215,21.43038],[84.50386,21.43271],[84.50492,21.43629],[84.50563,21.43705],[84.50823,21.43825],[84.50916,21.43999],[84.50945,21.44287],[84.50823,21.44463],[84.50693,21.4454],[84.50343,21.44556],[84.50438,21.44679],[84.50522,21.44738],[84.50995,21.44897],[84.51163,21.44998],[84.51173,21.45102],[84.51103,21.45169],[84.50858,21.45204],[84.50813,21.45255],[84.50816,21.45382],[84.50985,21.45731],[84.5132,21.453],[84.51556,21.45178],[84.51689,21.45008],[84.51927,21.44806],[84.52052,21.44723],[84.52738,21.44523],[84.52563,21.44153],[84.52457,21.43795],[84.52264,21.43463],[84.52266,21.43394],[84.52411,21.43237],[84.52501,21.43083],[84.5257,21.42677],[84.52194,21.42681],[84.52065,21.42736],[84.51995,21.42798],[84.5193,21.42951],[84.51831,21.42984],[84.51693,21.43102],[84.51552,21.43116],[84.51426,21.43251],[84.51355,21.43405],[84.51236,21.43477],[84.51175,21.43482],[84.51121,21.43446],[84.51036,21.43204],[84.50812,21.43147],[84.50737,21.42956],[84.50635,21.4292],[84.50478,21.42808],[84.50494,21.4267],[84.50442,21.426],[84.50338,21.42598],[84.50183,21.42673],[84.50142,21.42824]]]}},{"type":"Feature","properties":{"LCODE":"010300027002700057","LOCATION":"ARJUNDARH","V_TYPE":"VILLAGE","BLOCK":"TILEIBANI","DISTRICT":"DEOGARH"},"geometry":{"type":"Polygon","coordinates":[[[84.56893,21.45453],[84.57681,21.45587],[84.58086,21.45718],[84.58411,21.45625],[84.578,21.44797],[84.57739,21.44773],[84.57401,21.44818],[84.57065,21.4491],[84.56893,21.45453]]]}},{"type":"Feature","properties":{"LCODE":"010270027002700196","LOCATION":"RENGALPALI","V_TYPE":"VILLAGE","BLOCK":"TILEIBANI","DISTRICT":"DEOGARH"},"geometry":{"type":"Polygon","coordinates":[[[84.80632,21.45489],[84.80663,21.45558],[84.81006,21.45714],[84.81123,21.45657],[84.81227,21.45554],[84.81551,21.45114],[84.81481,21.44785],[84.81396,21.44664],[84.81261,21.44629],[84.80991,21.44651],[84.80868,21.44703],[84.80743,21.44819],[84.80849,21.44823],[84.80855,21.44973],[84.80774,21.45214],[84.80632,21.45489]]]}},{"type":"Feature","properties":{"LCODE":"010300027002700079","LOCATION":"SUNAMUNDA","V_TYPE":"VILLAGE","BLOCK":"TILEIBANI","DISTRICT":"DEOGARH"},"geometry":{"type":"Polygon","coordinates":[[[84.54154,21.45218],[84.54198,21.45518],[84.54339,21.45613],[84.54511,21.45669],[84.54551,21.45473],[84.5477,21.45322],[84.5491,21.45343],[84.55065,21.45472],[84.55258,21.45579],[84.55344,21.45587],[84.55444,21.45485],[84.5547,21.45417],[84.55359,21.44959],[84.55198,21.44872],[84.55016,21.44816],[84.54845,21.44819],[84.54659,21.44907],[84.54549,21.44905],[84.54357,21.44964],[84.54232,21.45071],[84.54154,21.45218]]]}},{"type":"Feature","properties":{"LCODE":"010300025002500092","LOCATION":"KUNDAJHARI","V_TYPE":"VILLAGE","BLOCK":"REAMAL","DISTRICT":"DEOGARH"},"geometry":{"type":"Polygon","coordinates":[[[84.64604,21.44456],[84.64613,21.44571],[84.64677,21.44722],[84.64898,21.44939],[84.64911,21.44989],[84.65433,21.45564],[84.65589,21.45647],[84.65877,21.45642],[84.65982,21.45604],[84.66052,21.45496],[84.6608,21.45341],[84.66145,21.45228],[84.66269,21.45127],[84.66364,21.44997],[84.66373,21.44905],[84.66334,21.44761],[84.66354,21.44688],[84.66224,21.44506],[84.66145,21.44447],[84.65837,21.4432],[84.65409,21.43812],[84.65296,21.437],[84.65084,21.43559],[84.64845,21.43634],[84.64739,21.43723],[84.64604,21.44456]]]}},{"type":"Feature","properties":{"LCODE":"010300027002700080","LOCATION":"PATAKHAMAN","V_TYPE":"VILLAGE","BLOCK":"TILEIBANI","DISTRICT":"DEOGARH"},"geometry":{"type":"Polygon","coordinates":[[[84.55573,21.45046],[84.55617,21.45202],[84.55752,21.45434],[84.55924,21.45593],[84.56027,21.45635],[84.56303,21.4564],[84.56432,21.45608],[84.56699,21.45436],[84.56795,21.45311],[84.56808,21.45248],[84.56763,21.4511],[84.56614,21.44992],[84.56284,21.44979],[84.56145,21.44907],[84.56065,21.449],[84.55714,21.44505],[84.55698,21.44703],[84.55573,21.45046]]]}},{"type":"Feature","properties":{"LCODE":"010270027002700188","LOCATION":"KADAMDARH","V_TYPE":"VILLAGE","BLOCK":"TILEIBANI","DISTRICT":"DEOGARH"},"geometry":{"type":"Polygon","coordinates":[[[84.75728,21.44954],[84.7577,21.4507],[84.75935,21.453],[84.76091,21.4562],[84.76541,21.45365],[84.76627,21.45297],[84.76683,21.45188],[84.76825,21.45067],[84.76915,21.45108],[84.76997,21.44947],[84.77213,21.44704],[84.77052,21.44443],[84.77029,21.44459],[84.76828,21.44291],[84.76724,21.44257],[84.76522,21.4425],[84.76411,21.4429],[84.76232,21.44514],[84.75937,21.44771],[84.75752,21.44891],[84.75728,21.44954]]]}},{"type":"Feature","properties":{"LCODE":"010270027002700190","LOCATION":"BRAHMANIDEI","V_TYPE":"VILLAGE","BLOCK":"TILEIBANI","DISTRICT":"DEOGARH"},"geometry":{"type":"Polygon","coordinates":[[[84.77746,21.45034],[84.77873,21.45267],[84.77965,21.45342],[84.78732,21.45344],[84.79002,21.45305],[84.7913,21.45375],[84.79179,21.45472],[84.79321,21.45524],[84.79443,21.45404],[84.79694,21.45342],[84.79854,21.45222],[84.79885,21.45107],[84.79855,21.45004],[84.79781,21.44934],[84.79536,21.4491],[84.79438,21.4487],[84.79292,21.44708],[84.78943,21.44564],[84.78624,21.44528],[84.78452,21.44567],[84.78175,21.44704],[84.78034,21.4479],[84.77813,21.45008],[84.77746,21.45034]]]}},{"type":"Feature","properties":{"LCODE":"010300027002700078","LOCATION":"DHOLPADA","V_TYPE":"VILLAGE","BLOCK":"TILEIBANI","DISTRICT":"DEOGARH"},"geometry":{"type":"Polygon","coordinates":[[[84.52666,21.44357],[84.52738,21.44523],[84.53006,21.44512],[84.53152,21.44538],[84.53389,21.44594],[84.53576,21.44696],[84.53611,21.44754],[84.53899,21.44961],[84.54094,21.45418],[84.54198,21.45518],[84.54162,21.45178],[84.54232,21.45071],[84.54357,21.44964],[84.54549,21.44905],[84.54659,21.44907],[84.54845,21.44819],[84.55016,21.44816],[84.55198,21.44872],[84.55487,21.45044],[84.55573,21.45046],[84.55637,21.44915],[84.55706,21.44623],[84.55714,21.44505],[84.55511,21.44355],[84.55336,21.44283],[84.55014,21.44219],[84.54363,21.4385],[84.54096,21.43781],[84.53876,21.43783],[84.53548,21.43931],[84.53497,21.43988],[84.53483,21.44062],[84.53506,21.44131],[84.53614,21.44254],[84.53568,21.44288],[84.53519,21.44292],[84.53381,21.44232],[84.53185,21.44223],[84.52975,21.4427],[84.52744,21.44271],[84.52666,21.44357]]]}},{"type":"Feature","properties":{"LCODE":"010260024002400149","LOCATION":"KUDANKHOL","V_TYPE":"VILLAGE","BLOCK":"BARKOTE","DISTRICT":"DEOGARH"},"geometry":{"type":"Polygon","coordinates":[[[84.24643,21.45461],[84.24792,21.45495],[84.24866,21.45483],[84.24987,21.4541],[84.25145,21.45395],[84.25179,21.45264],[84.25569,21.44926],[84.25813,21.44756],[84.25948,21.44714],[84.261,21.44615],[84.26331,21.44376],[84.26452,21.44208],[84.26506,21.44086],[84.26481,21.44046],[84.26353,21.44065],[84.26122,21.44309],[84.2589,21.44438],[84.25658,21.44533],[84.25436,21.44547],[84.25333,21.44635],[84.25134,21.44714],[84.25018,21.44823],[84.24939,21.45018],[84.24933,21.45328],[84.24908,21.45357],[84.24872,21.45351],[84.24828,21.45271],[84.2478,21.45386],[84.24712,21.45369],[84.24682,21.4546],[84.24643,21.45461]]]}},{"type":"Feature","properties":{"LCODE":"010300027002700055","LOCATION":"MARDANG","V_TYPE":"VILLAGE","BLOCK":"TILEIBANI","DISTRICT":"DEOGARH"},"geometry":{"type":"Polygon","coordinates":[[[84.59612,21.45178],[84.59663,21.45322],[84.59711,21.45375],[84.59874,21.45453],[84.60106,21.45486],[84.60192,21.45477],[84.60249,21.45426],[84.60251,21.45323],[84.60222,21.45265],[84.59976,21.45059],[84.59676,21.45064],[84.59627,21.45098],[84.59612,21.45178]]]}},{"type":"Feature","properties":{"LCODE":"010260024002400141","LOCATION":"TILEIMAL(KULUNDI)","V_TYPE":"VILLAGE","BLOCK":"BARKOTE","DISTRICT":"DEOGARH"},"geometry":{"type":"Polygon","coordinates":[[[84.17882,21.45148],[84.18247,21.45231],[84.1864,21.45445],[84.18768,21.45363],[84.19389,21.45398],[84.19572,21.45317],[84.19897,21.4507],[84.20522,21.44789],[84.20596,21.44726],[84.20602,21.44657],[84.20553,21.44536],[84.2046,21.44446],[84.20492,21.444],[84.20228,21.44318],[84.20117,21.44318],[84.19891,21.44404],[84.19437,21.44364],[84.19375,21.44381],[84.19167,21.44559],[84.18958,21.44789],[84.18658,21.44933],[84.1851,21.45053],[84.18314,21.45093],[84.18039,21.45053],[84.17882,21.45148]]]}},{"type":"Feature","properties":{"LCODE":"010260024002400142","LOCATION":"GOUDPALI","V_TYPE":"VILLAGE","BLOCK":"BARKOTE","DISTRICT":"DEOGARH"},"geometry":{"type":"Polygon","coordinates":[[[84.16885,21.44588],[84.16933,21.44938],[84.171,21.44904],[84.17315,21.45013],[84.17882,21.45148],[84.18039,21.45053],[84.18314,21.45093],[84.18474,21.4507],[84.18658,21.44933],[84.18949,21.44795],[84.18609,21.44783],[84.18388,21.44708],[84.18296,21.44519],[84.18308,21.44306],[84.18351,21.44186],[84.18345,21.44054],[84.18192,21.43939],[84.17793,21.43858],[84.1771,21.43787],[84.17603,21.4391],[84.17259,21.44088],[84.17007,21.44301],[84.16898,21.44484],[84.16885,21.44588]]]}},{"type":"Feature","properties":{"LCODE":"010300025002500098","LOCATION":"BAISYAPADA","V_TYPE":"VILLAGE","BLOCK":"TILEIBANI","DISTRICT":"DEOGARH"},"geometry":{"type":"Polygon","coordinates":[[[84.71985,21.44264],[84.72007,21.44954],[84.72096,21.44967],[84.72253,21.45062],[84.72468,21.45128],[84.7254,21.45062],[84.72836,21.44959],[84.73584,21.44899],[84.73889,21.44681],[84.73933,21.44608],[84.73898,21.4455],[84.73693,21.44425],[84.73605,21.44274],[84.73455,21.44139],[84.72964,21.43956],[84.7287,21.43834],[84.72871,21.43759],[84.7293,21.43664],[84.72754,21.43562],[84.72448,21.43555],[84.72293,21.43639],[84.72218,21.43718],[84.72045,21.44041],[84.71985,21.44264]]]}},{"type":"Feature","properties":{"LCODE":"010270027002700203","LOCATION":"KALIKUD","V_TYPE":"VILLAGE","BLOCK":"TILEIBANI","DISTRICT":"DEOGARH"},"geometry":{"type":"Polygon","coordinates":[[[84.82585,21.44697],[84.82616,21.4479],[84.82732,21.44801],[84.82948,21.44618],[84.83052,21.44561],[84.83144,21.44556],[84.8323,21.44573],[84.83487,21.44747],[84.83603,21.44776],[84.8383,21.44765],[84.84585,21.44641],[84.84682,21.44797],[84.84673,21.44861],[84.84725,21.44906],[84.84995,21.45085],[84.85062,21.45114],[84.85184,21.45108],[84.85166,21.45034],[84.85185,21.44919],[84.85253,21.44805],[84.85406,21.44702],[84.85621,21.44691],[84.85732,21.4464],[84.85904,21.44451],[84.85947,21.44354],[84.85935,21.4425],[84.85813,21.44054],[84.85647,21.44163],[84.85474,21.44432],[84.85388,21.44507],[84.85254,21.44529],[84.85094,21.44437],[84.84917,21.4447],[84.84806,21.44441],[84.84727,21.44315],[84.84715,21.44119],[84.84833,21.43643],[84.84834,21.43419],[84.84748,21.43195],[84.84556,21.43051],[84.84281,21.43509],[84.84048,21.43807],[84.83955,21.4403],[84.83826,21.44225],[84.83758,21.44282],[84.83574,21.44299],[84.83231,21.44114],[84.83115,21.44073],[84.83022,21.44077],[84.83084,21.44102],[84.83065,21.44217],[84.82641,21.44479],[84.82586,21.44594],[84.82585,21.44697]]]}},{"type":"Feature","properties":{"LCODE":"010300027002700066","LOCATION":"KHAMARBAHAL","V_TYPE":"VILLAGE","BLOCK":"TILEIBANI","DISTRICT":"DEOGARH"},"geometry":{"type":"Polygon","coordinates":[[[84.45809,21.44017],[84.45868,21.44202],[84.4605,21.44372],[84.46376,21.44388],[84.46393,21.44526],[84.46303,21.44745],[84.46577,21.44979],[84.46673,21.45107],[84.46772,21.45097],[84.46976,21.44984],[84.46967,21.44862],[84.47103,21.4476],[84.47142,21.44651],[84.47055,21.44292],[84.47093,21.442],[84.4733,21.44062],[84.47262,21.44023],[84.46876,21.43926],[84.46555,21.43668],[84.46049,21.43645],[84.45863,21.43694],[84.45855,21.43873],[84.45809,21.44017]]]}},{"type":"Feature","properties":{"LCODE":"010300025002500099","LOCATION":"GUNDIAPALI","V_TYPE":"VILLAGE","BLOCK":"REAMAL","DISTRICT":"DEOGARH"},"geometry":{"type":"Polygon","coordinates":[[[84.69624,21.42752],[84.69688,21.42874],[84.69662,21.42954],[84.69799,21.43112],[84.69749,21.43387],[84.69936,21.43517],[84.70147,21.43877],[84.70226,21.44631],[84.70316,21.44714],[84.70565,21.44787],[84.70757,21.44958],[84.70921,21.45001],[84.71007,21.45003],[84.71127,21.44845],[84.71342,21.44791],[84.71799,21.44829],[84.71909,21.44866],[84.71962,21.44947],[84.72007,21.44954],[84.71985,21.44264],[84.72045,21.44041],[84.72218,21.43718],[84.7235,21.436],[84.72534,21.43546],[84.72754,21.43562],[84.7293,21.43664],[84.73153,21.43495],[84.73427,21.43361],[84.73347,21.43011],[84.73154,21.4292],[84.72698,21.4282],[84.72207,21.42402],[84.7216,21.42332],[84.7214,21.4213],[84.72081,21.4202],[84.7192,21.41879],[84.71891,21.4181],[84.71838,21.41481],[84.71651,21.4122],[84.71508,21.41199],[84.71102,21.41064],[84.70467,21.40782],[84.70315,21.40773],[84.70179,21.40816],[84.69997,21.41014],[84.69867,21.41586],[84.69914,21.41891],[84.69899,21.42017],[84.69836,21.42119],[84.69848,21.42366],[84.69763,21.42571],[84.6965,21.42684],[84.69624,21.42752]]]}},{"type":"Feature","properties":{"LCODE":"010270027002700195","LOCATION":"JAMBUJHARAN","V_TYPE":"VILLAGE","BLOCK":"TILEIBANI","DISTRICT":"DEOGARH"},"geometry":{"type":"Polygon","coordinates":[[[84.80341,21.44695],[84.80353,21.44816],[84.80426,21.44885],[84.8056,21.44926],[84.80732,21.44828],[84.80868,21.44703],[84.80991,21.44651],[84.81341,21.44636],[84.81428,21.44706],[84.81432,21.44665],[84.81378,21.44435],[84.81299,21.44268],[84.81207,21.44124],[84.81099,21.4404],[84.81091,21.44072],[84.8082,21.44197],[84.80624,21.44328],[84.80421,21.44517],[84.80341,21.44695]]]}},{"type":"Feature","properties":{"LCODE":"010300027002700077","LOCATION":"KALIAKHAMAR","V_TYPE":"VILLAGE","BLOCK":"TILEIBANI","DISTRICT":"DEOGARH"},"geometry":{"type":"Polygon","coordinates":[[[84.54015,21.4378],[84.54363,21.4385],[84.54971,21.44201],[84.55336,21.44283],[84.55511,21.44355],[84.55782,21.44556],[84.56006,21.44853],[84.56096,21.44913],[84.56176,21.44891],[84.56223,21.44766],[84.56194,21.44679],[84.56136,21.44592],[84.55878,21.44357],[84.55822,21.44178],[84.55723,21.44021],[84.55399,21.43802],[84.55315,21.43714],[84.55222,21.43528],[84.55167,21.43309],[84.55013,21.4311],[84.54958,21.42964],[84.54838,21.42826],[84.54777,21.42612],[84.54775,21.42445],[84.54927,21.42236],[84.54929,21.42173],[84.54838,21.42159],[84.54578,21.42269],[84.54499,21.42256],[84.54439,21.42226],[84.54322,21.42005],[84.54131,21.41971],[84.54195,21.42215],[84.54214,21.42606],[84.54322,21.42896],[84.5441,21.43282],[84.5435,21.43471],[84.54255,21.43566],[84.5405,21.43671],[84.54015,21.4378]]]}},{"type":"Feature","properties":{"LCODE":"010300025002500093","LOCATION":"TABADA","V_TYPE":"VILLAGE","BLOCK":"REAMAL","DISTRICT":"DEOGARH"},"geometry":{"type":"Polygon","coordinates":[[[84.65173,21.4361],[84.65517,21.43923],[84.65837,21.4432],[84.66145,21.44447],[84.66224,21.44506],[84.66354,21.44688],[84.66434,21.44659],[84.66714,21.44682],[84.67146,21.44794],[84.67461,21.44829],[84.67435,21.44501],[84.6745,21.44369],[84.67545,21.44256],[84.67706,21.44185],[84.67744,21.44128],[84.67668,21.43736],[84.67609,21.43631],[84.67261,21.43383],[84.67017,21.43108],[84.66842,21.43007],[84.66639,21.42837],[84.66304,21.42755],[84.66222,21.42707],[84.65346,21.42725],[84.65308,21.42988],[84.65298,21.43361],[84.65259,21.43545],[84.65173,21.4361]]]}},{"type":"Feature","properties":{"LCODE":"010260024002400143","LOCATION":"KULUNDI","V_TYPE":"VILLAGE","BLOCK":"BARKOTE","DISTRICT":"DEOGARH"},"geometry":{"type":"Polygon","coordinates":[[[84.1771,21.43787],[84.17793,21.43858],[84.18192,21.43939],[84.18327,21.44031],[84.18357,21.44123],[84.18308,21.44306],[84.18296,21.44519],[84.18388,21.44708],[84.18517,21.44766],[84.18949,21.44795],[84.19167,21.44559],[84.19375,21.44381],[84.19437,21.44364],[84.19891,21.44404],[84.20184,21.44312],[84.20492,21.444],[84.20657,21.44169],[84.20804,21.44019],[84.21006,21.43629],[84.21141,21.43468],[84.21392,21.43244],[84.21581,21.43315],[84.21691,21.42699],[84.2152,21.42808],[84.21391,21.42837],[84.21232,21.42831],[84.20969,21.42733],[84.2076,21.4244],[84.20543,21.41965],[84.20257,21.4194],[84.20097,21.42038],[84.19944,21.42406],[84.19791,21.42572],[84.19742,21.42664],[84.19767,21.4294],[84.19491,21.43324],[84.19399,21.43405],[84.1927,21.43462],[84.19147,21.43462],[84.18859,21.43221],[84.18706,21.43158],[84.18356,21.43158],[84.17921,21.43324],[84.17854,21.43445],[84.17768,21.43709],[84.1771,21.43787]]]}},{"type":"Feature","properties":{"LCODE":"010270027002700189","LOCATION":"DANAKDANPALI","V_TYPE":"VILLAGE","BLOCK":"TILEIBANI","DISTRICT":"DEOGARH"},"geometry":{"type":"Polygon","coordinates":[[[84.76181,21.43525],[84.76199,21.43599],[84.76419,21.43847],[84.76923,21.43746],[84.77143,21.43764],[84.77192,21.43804],[84.77241,21.43873],[84.7724,21.4396],[84.77052,21.44443],[84.77213,21.44704],[84.77385,21.44587],[84.78091,21.44365],[84.78257,21.44285],[84.78528,21.44091],[84.77598,21.43559],[84.772,21.43224],[84.76237,21.43479],[84.76181,21.43525]]]}},{"type":"Feature","properties":{"LCODE":"010300027002700082","LOCATION":"NIRGUNDIPALI","V_TYPE":"VILLAGE","BLOCK":"TILEIBANI","DISTRICT":"DEOGARH"},"geometry":{"type":"Polygon","coordinates":[[[84.56732,21.4423],[84.5676,21.44311],[84.56927,21.44487],[84.5699,21.44643],[84.57093,21.4468],[84.57252,21.44689],[84.57364,21.44628],[84.57378,21.44553],[84.57294,21.44483],[84.57185,21.44245],[84.5713,21.44215],[84.56941,21.44194],[84.56732,21.4423]]]}},{"type":"Feature","properties":{"LCODE":"010260024002400152","LOCATION":"KUTAB","V_TYPE":"VILLAGE","BLOCK":"BARKOTE","DISTRICT":"DEOGARH"},"geometry":{"type":"Polygon","coordinates":[[[84.30357,21.43209],[84.30389,21.43278],[84.30573,21.43402],[84.30648,21.43488],[84.30655,21.4358],[84.30619,21.43655],[84.3054,21.43719],[84.30534,21.43771],[84.30597,21.43914],[84.30512,21.44059],[84.30556,21.4418],[84.30672,21.44167],[84.30875,21.4409],[84.31084,21.44145],[84.31284,21.44016],[84.31334,21.44027],[84.31365,21.44085],[84.31433,21.44124],[84.31647,21.44093],[84.31673,21.4419],[84.31619,21.44364],[84.31547,21.44474],[84.31567,21.44606],[84.31597,21.44663],[84.31653,21.44674],[84.31799,21.44621],[84.31921,21.44504],[84.31988,21.444],[84.31998,21.4421],[84.32028,21.44152],[84.32249,21.4415],[84.32272,21.43971],[84.32234,21.43891],[84.31406,21.43197],[84.31301,21.43158],[84.31123,21.4316],[84.31035,21.43113],[84.30939,21.43214],[84.30885,21.43209],[84.30632,21.42944],[84.30559,21.43109],[84.30363,21.43168],[84.30357,21.43209]]]}},{"type":"Feature","properties":{"LCODE":"010260024002400140","LOCATION":"BANMAL","V_TYPE":"VILLAGE","BLOCK":"BARKOTE","DISTRICT":"DEOGARH"},"geometry":{"type":"Polygon","coordinates":[[[84.2046,21.44446],[84.20553,21.44536],[84.20601,21.44653],[84.21259,21.44536],[84.21552,21.44433],[84.21638,21.44192],[84.21791,21.4406],[84.21841,21.43974],[84.21815,21.43859],[84.21601,21.43554],[84.21564,21.43422],[84.21581,21.43315],[84.21392,21.43244],[84.21141,21.43468],[84.21006,21.43629],[84.20804,21.44019],[84.20657,21.44169],[84.2046,21.44446]]]}},{"type":"Feature","properties":{"LCODE":"010300027002700072","LOCATION":"TERENDAKATA","V_TYPE":"VILLAGE","BLOCK":"TILEIBANI","DISTRICT":"DEOGARH"},"geometry":{"type":"Polygon","coordinates":[[[84.48801,21.43193],[84.4892,21.43484],[84.48984,21.43732],[84.49064,21.43751],[84.49298,21.43713],[84.49432,21.4379],[84.49734,21.44244],[84.49935,21.44373],[84.50076,21.44409],[84.50162,21.44507],[84.50374,21.44563],[84.50693,21.4454],[84.50823,21.44463],[84.50925,21.44344],[84.50946,21.4423],[84.50899,21.43942],[84.50823,21.43825],[84.50563,21.43705],[84.50492,21.43629],[84.50386,21.43271],[84.50215,21.43038],[84.50153,21.4287],[84.50143,21.42772],[84.50183,21.42673],[84.49893,21.42618],[84.49831,21.42652],[84.49792,21.42813],[84.49748,21.42865],[84.49693,21.42887],[84.49447,21.42861],[84.49043,21.43098],[84.48852,21.43102],[84.48801,21.43193]]]}},{"type":"Feature","properties":{"LCODE":"010260024002400148","LOCATION":"BADAKACHAR","V_TYPE":"VILLAGE","BLOCK":"BARKOTE","DISTRICT":"DEOGARH"},"geometry":{"type":"Polygon","coordinates":[[[84.22924,21.44358],[84.23338,21.44525],[84.24006,21.44536],[84.24073,21.44513],[84.24104,21.44307],[84.24171,21.44272],[84.24503,21.44261],[84.24564,21.44284],[84.24638,21.44364],[84.24711,21.44375],[84.24754,21.44364],[84.24846,21.44232],[84.25018,21.44255],[84.25056,21.43493],[84.24832,21.43371],[84.24789,21.43285],[84.24789,21.43159],[84.24746,21.43061],[84.24482,21.42912],[84.24445,21.4286],[84.24445,21.42723],[84.245,21.42613],[84.2458,21.42539],[84.24586,21.42418],[84.24558,21.42355],[84.24432,21.42367],[84.24261,21.4247],[84.24065,21.42803],[84.23875,21.42969],[84.23814,21.43084],[84.23845,21.43164],[84.24035,21.43182],[84.24226,21.43308],[84.24244,21.43365],[84.24195,21.43503],[84.2368,21.43813],[84.23398,21.4383],[84.23147,21.43905],[84.22969,21.44117],[84.22924,21.44358]]]}},{"type":"Feature","properties":{"LCODE":"010270027002700204","LOCATION":"BANDHALI","V_TYPE":"VILLAGE","BLOCK":"TILEIBANI","DISTRICT":"DEOGARH"},"geometry":{"type":"Polygon","coordinates":[[[84.84556,21.43051],[84.84748,21.43195],[84.84834,21.43419],[84.84833,21.43643],[84.84715,21.44119],[84.84715,21.44246],[84.84763,21.44401],[84.84843,21.44464],[84.85094,21.44437],[84.85254,21.44529],[84.85388,21.44507],[84.85474,21.44432],[84.85696,21.44111],[84.85829,21.44053],[84.85789,21.43848],[84.85679,21.43658],[84.85741,21.4344],[84.85602,21.43105],[84.8549,21.43111],[84.85405,21.43082],[84.84909,21.42805],[84.84737,21.4285],[84.84556,21.43051]]]}},{"type":"Feature","properties":{"LCODE":"010300027002700085","LOCATION":"MALICHUA","V_TYPE":"VILLAGE","BLOCK":"TILEIBANI","DISTRICT":"DEOGARH"},"geometry":{"type":"Polygon","coordinates":[[[84.59132,21.43709],[84.59274,21.43867],[84.59348,21.4407],[84.59419,21.44169],[84.59846,21.44465],[84.59882,21.44471],[84.59932,21.44432],[84.59999,21.44203],[84.60182,21.43989],[84.60191,21.43874],[84.6011,21.43717],[84.5983,21.43436],[84.5969,21.43387],[84.59556,21.43379],[84.59341,21.43444],[84.5919,21.43579],[84.59132,21.43709]]]}},{"type":"Feature","properties":{"LCODE":"010300027002700083","LOCATION":"KUMARAPALI","V_TYPE":"VILLAGE","BLOCK":"TILEIBANI","DISTRICT":"DEOGARH"},"geometry":{"type":"Polygon","coordinates":[[[84.57288,21.44287],[84.57364,21.44398],[84.57472,21.44446],[84.57772,21.44469],[84.57828,21.4443],[84.57813,21.44292],[84.57772,21.44222],[84.57672,21.44077],[84.57587,21.44052],[84.57397,21.44048],[84.57293,21.44092],[84.57288,21.44287]]]}},{"type":"Feature","properties":{"LCODE":"010300027002700067","LOCATION":"BHUTEL","V_TYPE":"VILLAGE","BLOCK":"TILEIBANI","DISTRICT":"DEOGARH"},"geometry":{"type":"Polygon","coordinates":[[[84.41721,21.42923],[84.41785,21.43102],[84.41882,21.43259],[84.41885,21.43444],[84.42016,21.44069],[84.42015,21.44139],[84.41908,21.44282],[84.41931,21.44357],[84.41968,21.4438],[84.42134,21.44377],[84.42234,21.44291],[84.42286,21.4413],[84.42368,21.44027],[84.42442,21.43976],[84.42812,21.43923],[84.42839,21.43825],[84.42809,21.43784],[84.42649,21.43731],[84.42566,21.43539],[84.42269,21.43229],[84.41972,21.42972],[84.41888,21.42792],[84.41827,21.42774],[84.41766,21.42796],[84.41721,21.42923]]]}},{"type":"Feature","properties":{"LCODE":"010300025002500088","LOCATION":"BAILADIHI","V_TYPE":"VILLAGE","BLOCK":"REAMAL","DISTRICT":"DEOGARH"},"geometry":{"type":"Polygon","coordinates":[[[84.60946,21.44026],[84.61441,21.4439],[84.61722,21.44278],[84.61973,21.4426],[84.62127,21.44211],[84.62396,21.4397],[84.62621,21.43819],[84.62647,21.43733],[84.62498,21.4361],[84.62428,21.43459],[84.62337,21.43423],[84.61971,21.43611],[84.61609,21.43684],[84.61513,21.43855],[84.61206,21.43889],[84.6098,21.43855],[84.60946,21.44026]]]}},{"type":"Feature","properties":{"LCODE":"010300027002700074","LOCATION":"MAJHIPALI","V_TYPE":"VILLAGE","BLOCK":"TILEIBANI","DISTRICT":"DEOGARH"},"geometry":{"type":"Polygon","coordinates":[[[84.52264,21.43463],[84.52457,21.43795],[84.52563,21.44153],[84.52666,21.44357],[84.52744,21.44271],[84.52975,21.4427],[84.53185,21.44223],[84.53381,21.44232],[84.53519,21.44292],[84.53568,21.44288],[84.53614,21.44254],[84.53494,21.44108],[84.53497,21.43988],[84.53604,21.43886],[84.53876,21.43783],[84.5386,21.43714],[84.53663,21.43526],[84.53421,21.43217],[84.53167,21.42584],[84.52812,21.4267],[84.5257,21.42677],[84.52501,21.43083],[84.52411,21.43237],[84.52266,21.43394],[84.52264,21.43463]]]}},{"type":"Feature","properties":{"LCODE":"010270027002700205","LOCATION":"KUSPANGA","V_TYPE":"VILLAGE","BLOCK":"TILEIBANI","DISTRICT":"DEOGARH"},"geometry":{"type":"Polygon","coordinates":[[[84.82636,21.4406],[84.82642,21.44155],[84.82925,21.44078],[84.83115,21.44073],[84.83525,21.44282],[84.83666,21.44305],[84.83758,21.44282],[84.83826,21.44225],[84.83955,21.4403],[84.8406,21.43793],[84.84032,21.43696],[84.83619,21.43506],[84.83213,21.43175],[84.83038,21.43073],[84.82885,21.43067],[84.82817,21.4309],[84.82706,21.43199],[84.82663,21.43325],[84.82636,21.4406]]]}},{"type":"Feature","properties":{"LCODE":"010260024002400150","LOCATION":"RENGUMUNDA","V_TYPE":"VILLAGE","BLOCK":"BARKOTE","DISTRICT":"DEOGARH"},"geometry":{"type":"Polygon","coordinates":[[[84.29091,21.43609],[84.29116,21.4366],[84.29288,21.43739],[84.29301,21.43865],[84.29652,21.44],[84.2979,21.44234],[84.29845,21.44262],[84.29888,21.44262],[84.30094,21.44024],[84.30063,21.43932],[84.29884,21.43842],[84.29821,21.43618],[84.29851,21.43525],[84.29904,21.43465],[84.29792,21.43186],[84.29755,21.43129],[84.29551,21.4302],[84.29252,21.43152],[84.29156,21.4332],[84.29091,21.43609]]]}},{"type":"Feature","properties":{"LCODE":"010270027002700201","LOCATION":"BAURIPALI","V_TYPE":"VILLAGE","BLOCK":"TILEIBANI","DISTRICT":"DEOGARH"},"geometry":{"type":"Polygon","coordinates":[[[84.81898,21.43012],[84.81953,21.43218],[84.82129,21.43645],[84.82189,21.43886],[84.82188,21.44039],[84.82299,21.44122],[84.82387,21.44254],[84.82458,21.44197],[84.82642,21.44155],[84.82651,21.43451],[84.82703,21.4321],[84.82664,21.42923],[84.82494,21.42503],[84.82487,21.42401],[84.82175,21.42386],[84.82059,21.42478],[84.82046,21.42736],[84.81898,21.43012]]]}},{"type":"Feature","properties":{"LCODE":"010270027002700200","LOCATION":"SHYMSUNDARPUR","V_TYPE":"VILLAGE","BLOCK":"TILEIBANI","DISTRICT":"DEOGARH"},"geometry":{"type":"Polygon","coordinates":[[[84.81638,21.43775],[84.81668,21.43941],[84.81796,21.4408],[84.82121,21.44104],[84.82182,21.4407],[84.82189,21.43886],[84.82129,21.43645],[84.81953,21.43218],[84.81909,21.43299],[84.81787,21.43293],[84.81756,21.43327],[84.81638,21.43775]]]}},{"type":"Feature","properties":{"LCODE":"010300027002700070","LOCATION":"TURANGA","V_TYPE":"VILLAGE","BLOCK":"TILEIBANI","DISTRICT":"DEOGARH"},"geometry":{"type":"Polygon","coordinates":[[[84.46219,21.42608],[84.4623,21.42729],[84.4629,21.42799],[84.46704,21.43087],[84.46703,21.43162],[84.46562,21.43507],[84.4659,21.43646],[84.46555,21.43668],[84.46803,21.43885],[84.4733,21.44062],[84.47595,21.43987],[84.47962,21.43732],[84.48006,21.43674],[84.48013,21.43605],[84.47828,21.43257],[84.47745,21.43036],[84.47706,21.42378],[84.47664,21.42314],[84.47284,21.42194],[84.47223,21.42135],[84.47201,21.41985],[84.47291,21.4175],[84.4726,21.41697],[84.46848,21.41675],[84.4659,21.41701],[84.46453,21.41774],[84.4627,21.42493],[84.46219,21.42608]]]}},{"type":"Feature","properties":{"LCODE":"010260024002400147","LOCATION":"BANKTAL","V_TYPE":"VILLAGE","BLOCK":"BARKOTE","DISTRICT":"DEOGARH"},"geometry":{"type":"Polygon","coordinates":[[[84.23122,21.43589],[84.23146,21.43715],[84.23226,21.43778],[84.23414,21.43831],[84.2368,21.43813],[84.24195,21.43503],[84.24238,21.43325],[84.24188,21.43268],[84.24035,21.43182],[84.23838,21.43159],[84.23201,21.43371],[84.23122,21.43589]]]}},{"type":"Feature","properties":{"LCODE":"010270027002700207","LOCATION":"KANTIMAL","V_TYPE":"VILLAGE","BLOCK":"TILEIBANI","DISTRICT":"DEOGARH"},"geometry":{"type":"Polygon","coordinates":[[[84.83774,21.43128],[84.83786,21.43208],[84.8392,21.43376],[84.84135,21.43485],[84.84164,21.43577],[84.84103,21.43663],[84.84032,21.43696],[84.8406,21.43793],[84.84281,21.43509],[84.84556,21.43051],[84.8449,21.43007],[84.84222,21.4294],[84.83891,21.42939],[84.83799,21.43007],[84.83774,21.43128]]]}},{"type":"Feature","properties":{"LCODE":"010300025002500094","LOCATION":"BEGUNIA NALI","V_TYPE":"VILLAGE","BLOCK":"REAMAL","DISTRICT":"DEOGARH"},"geometry":{"type":"Polygon","coordinates":[[[84.66203,21.42638],[84.66256,21.42737],[84.66639,21.42837],[84.66842,21.43007],[84.67017,21.43108],[84.67261,21.43383],[84.67609,21.43631],[84.67679,21.43784],[84.67865,21.43688],[84.68076,21.43325],[84.68211,21.43264],[84.68321,21.43266],[84.68372,21.4321],[84.68346,21.43026],[84.68381,21.42944],[84.67977,21.42346],[84.67876,21.42229],[84.67672,21.42093],[84.67345,21.4196],[84.67052,21.41937],[84.66635,21.42004],[84.66462,21.42063],[84.66399,21.42143],[84.66203,21.42638]]]}},{"type":"Feature","properties":{"LCODE":"010300027002700075","LOCATION":"CHANDRAPUR","V_TYPE":"VILLAGE","BLOCK":"TILEIBANI","DISTRICT":"DEOGARH"},"geometry":{"type":"Polygon","coordinates":[[[84.53167,21.42584],[84.5329,21.42858],[84.53357,21.43089],[84.53497,21.43327],[84.5386,21.43714],[84.53876,21.43783],[84.54015,21.4378],[84.54051,21.43648],[84.54,21.43487],[84.53892,21.4322],[84.53479,21.42425],[84.53434,21.4237],[84.53288,21.42513],[84.53167,21.42584]]]}},{"type":"Feature","properties":{"LCODE":"010300027002700076","LOCATION":"BIJANALI","V_TYPE":"VILLAGE","BLOCK":"TILEIBANI","DISTRICT":"DEOGARH"},"geometry":{"type":"Polygon","coordinates":[[[84.53434,21.4237],[84.53892,21.4322],[84.5405,21.43671],[84.54186,21.43611],[84.5435,21.43471],[84.5441,21.43282],[84.54322,21.42896],[84.54214,21.42606],[84.54195,21.42215],[84.54131,21.41971],[84.53876,21.42025],[84.53745,21.42086],[84.53434,21.4237]]]}},{"type":"Feature","properties":{"LCODE":"010300025002500091","LOCATION":"PEJGALA","V_TYPE":"VILLAGE","BLOCK":"REAMAL","DISTRICT":"DEOGARH"},"geometry":{"type":"Polygon","coordinates":[[[84.63812,21.42884],[84.63891,21.43167],[84.64044,21.43382],[84.64164,21.435],[84.64304,21.43525],[84.646,21.43399],[84.64766,21.43397],[84.65002,21.43482],[84.65173,21.4361],[84.65259,21.43545],[84.65298,21.43361],[84.65317,21.42874],[84.65352,21.42711],[84.65244,21.42087],[84.65142,21.42043],[84.64861,21.42043],[84.64467,21.4215],[84.64319,21.42228],[84.63869,21.42536],[84.63908,21.42506],[84.63857,21.42603],[84.63812,21.42884]]]}},{"type":"Feature","properties":{"LCODE":"010260024002400146","LOCATION":"NUABAGHRA","V_TYPE":"VILLAGE","BLOCK":"BARKOTE","DISTRICT":"DEOGARH"},"geometry":{"type":"Polygon","coordinates":[[[84.23054,21.43044],[84.23096,21.43245],[84.23203,21.43369],[84.23643,21.4321],[84.23814,21.43176],[84.23838,21.43159],[84.23814,21.43084],[84.23839,21.43021],[84.24065,21.42803],[84.24142,21.42677],[84.2355,21.42699],[84.2328,21.42768],[84.23115,21.42883],[84.2306,21.42975],[84.23054,21.43044]]]}},{"type":"Feature","properties":{"LCODE":"010300025002500100","LOCATION":"CHACHHUPALI","V_TYPE":"VILLAGE","BLOCK":"TILEIBANI","DISTRICT":"DEOGARH"},"geometry":{"type":"Polygon","coordinates":[[[84.71651,21.4122],[84.71838,21.41481],[84.71891,21.4181],[84.7192,21.41879],[84.72081,21.4202],[84.7214,21.4213],[84.7216,21.42332],[84.72207,21.42402],[84.72698,21.4282],[84.73154,21.4292],[84.73347,21.43011],[84.73427,21.43361],[84.73683,21.43052],[84.74067,21.42083],[84.74117,21.42038],[84.74142,21.41745],[84.7406,21.41594],[84.73592,21.41441],[84.73251,21.41159],[84.73164,21.40939],[84.72953,21.40837],[84.72344,21.4075],[84.71971,21.40766],[84.71752,21.40962],[84.7167,21.41099],[84.71651,21.4122]]]}},{"type":"Feature","properties":{"LCODE":"010270027002700206","LOCATION":"GHUNTULIPASI","V_TYPE":"VILLAGE","BLOCK":"TILEIBANI","DISTRICT":"DEOGARH"},"geometry":{"type":"Polygon","coordinates":[[[84.82482,21.42428],[84.82664,21.42923],[84.82703,21.4321],[84.82817,21.4309],[84.82885,21.43067],[84.83038,21.43073],[84.83213,21.43175],[84.83388,21.43035],[84.83468,21.42868],[84.83463,21.4257],[84.83334,21.42431],[84.82487,21.42401],[84.82482,21.42428]]]}},{"type":"Feature","properties":{"LCODE":"010260024002400151","LOCATION":"BADIBAHAL (SAN)","V_TYPE":"VILLAGE","BLOCK":"BARKOTE","DISTRICT":"DEOGARH"},"geometry":{"type":"Polygon","coordinates":[[[84.29137,21.42664],[84.29182,21.42917],[84.29276,21.43065],[84.29252,21.43152],[84.29387,21.43104],[84.29594,21.42993],[84.29746,21.42807],[84.29947,21.42649],[84.30526,21.42269],[84.30586,21.42141],[84.30561,21.42078],[84.30456,21.4197],[84.30349,21.4191],[84.30039,21.41986],[84.29855,21.42057],[84.29367,21.42322],[84.29264,21.42421],[84.29137,21.42664]]]}},{"type":"Feature","properties":{"LCODE":"010270027002700208","LOCATION":"PODAPARA [BAD]","V_TYPE":"VILLAGE","BLOCK":"TILEIBANI","DISTRICT":"DEOGARH"},"geometry":{"type":"Polygon","coordinates":[[[84.8449,21.43007],[84.84556,21.43051],[84.84737,21.4285],[84.84909,21.42805],[84.85405,21.43082],[84.8549,21.43111],[84.85613,21.43101],[84.85706,21.43038],[84.85792,21.42923],[84.85854,21.42665],[84.85934,21.4247],[84.85997,21.42157],[84.85937,21.42076],[84.8572,21.4228],[84.85425,21.42439],[84.85247,21.42571],[84.84854,21.42707],[84.8449,21.43007]]]}},{"type":"Feature","properties":{"LCODE":"010300025002500086","LOCATION":"AINLAKULI","V_TYPE":"VILLAGE","BLOCK":"REAMAL","DISTRICT":"DEOGARH"},"geometry":{"type":"Polygon","coordinates":[[[84.585,21.42834],[84.58923,21.43022],[84.59392,21.43117],[84.59551,21.43097],[84.59657,21.43013],[84.59792,21.42999],[84.59602,21.42823],[84.59533,21.4262],[84.59474,21.4255],[84.59341,21.42507],[84.58956,21.42477],[84.58729,21.42518],[84.58648,21.4258],[84.58588,21.42768],[84.585,21.42834]]]}},{"type":"Feature","properties":{"LCODE":"010300027002700068","LOCATION":"RAINDA","V_TYPE":"VILLAGE","BLOCK":"TILEIBANI","DISTRICT":"DEOGARH"},"geometry":{"type":"Polygon","coordinates":[[[84.4241,21.42885],[84.42428,21.4296],[84.42476,21.43001],[84.42776,21.43103],[84.42825,21.43103],[84.42913,21.43018],[84.42963,21.43007],[84.43109,21.43084],[84.43209,21.42975],[84.43351,21.42971],[84.43388,21.4292],[84.43397,21.4277],[84.43455,21.42632],[84.43461,21.4241],[84.43381,21.42239],[84.43306,21.42301],[84.43244,21.42312],[84.43172,21.42247],[84.43037,21.42217],[84.42876,21.42284],[84.4266,21.42282],[84.42609,21.42379],[84.42704,21.42605],[84.42691,21.42657],[84.42635,21.42714],[84.42424,21.42821],[84.4241,21.42885]]]}},{"type":"Feature","properties":{"LCODE":"010300025002500087","LOCATION":"RATAKHANDI","V_TYPE":"VILLAGE","BLOCK":"REAMAL","DISTRICT":"DEOGARH"},"geometry":{"type":"Polygon","coordinates":[[[84.58148,21.41854],[84.58327,21.42005],[84.5854,21.42267],[84.58717,21.42265],[84.58841,21.42457],[84.58895,21.42486],[84.59341,21.42507],[84.59474,21.4255],[84.59533,21.4262],[84.59602,21.42823],[84.59792,21.42999],[84.60159,21.43],[84.60327,21.42895],[84.60492,21.4268],[84.60561,21.42371],[84.60758,21.42247],[84.60734,21.42081],[84.6054,21.41773],[84.60368,21.4158],[84.60145,21.41438],[84.59967,21.4148],[84.59747,21.41694],[84.59457,21.41792],[84.59189,21.41781],[84.59056,21.41721],[84.58833,21.41842],[84.58366,21.41695],[84.58254,21.41739],[84.58148,21.41854]]]}},{"type":"Feature","properties":{"LCODE":"010260024002400144","LOCATION":"BANDHABAHAL","V_TYPE":"VILLAGE","BLOCK":"BARKOTE","DISTRICT":"DEOGARH"},"geometry":{"type":"Polygon","coordinates":[[[84.2052,21.41424],[84.2052,21.41493],[84.20581,21.41562],[84.2093,21.41585],[84.21017,21.41648],[84.21017,21.41717],[84.20735,21.41969],[84.20655,21.41992],[84.20543,21.41965],[84.2076,21.4244],[84.20938,21.42704],[84.2111,21.42796],[84.21391,21.42837],[84.2152,21.42808],[84.21691,21.42699],[84.21814,21.4197],[84.21802,21.41757],[84.21709,21.41556],[84.21544,21.41447],[84.20943,21.41309],[84.20721,21.41193],[84.20563,21.41315],[84.2052,21.41424]]]}},{"type":"Feature","properties":{"LCODE":"010300025002500084","LOCATION":"JHARJHARIKHOL","V_TYPE":"VILLAGE","BLOCK":"REAMAL","DISTRICT":"DEOGARH"},"geometry":{"type":"Polygon","coordinates":[[[84.57908,21.4214],[84.57966,21.42239],[84.58081,21.42287],[84.5814,21.42357],[84.57986,21.42618],[84.57983,21.42722],[84.5806,21.42809],[84.58121,21.42816],[84.58251,21.42773],[84.5831,21.42631],[84.58458,21.42582],[84.58512,21.42635],[84.58459,21.42766],[84.585,21.42834],[84.58588,21.42768],[84.58622,21.42631],[84.58685,21.42546],[84.58895,21.42486],[84.58799,21.42422],[84.58717,21.42265],[84.5854,21.42267],[84.58492,21.42232],[84.58327,21.42005],[84.5809,21.41822],[84.57957,21.41865],[84.58046,21.41988],[84.57908,21.4214]]]}},{"type":"Feature","properties":{"LCODE":"010300025002500101","LOCATION":"JUALIBHANGA","V_TYPE":"VILLAGE","BLOCK":"TILEIBANI","DISTRICT":"DEOGARH"},"geometry":{"type":"Polygon","coordinates":[[[84.74648,21.42095],[84.74706,21.42205],[84.74709,21.42348],[84.74841,21.4246],[84.75175,21.4266],[84.75535,21.42665],[84.75542,21.42528],[84.75446,21.42004],[84.75391,21.4182],[84.75233,21.41514],[84.75234,21.41382],[84.75302,21.41256],[84.75677,21.40947],[84.7577,21.40758],[84.75745,21.40792],[84.75531,21.40734],[84.75396,21.40727],[84.75056,21.41021],[84.74969,21.41159],[84.74883,21.41398],[84.74846,21.41702],[84.7478,21.4189],[84.74728,21.4201],[84.74648,21.42095]]]}},{"type":"Feature","properties":{"LCODE":"010300025002500106","LOCATION":"DHAURAGOTHA","V_TYPE":"VILLAGE","BLOCK":"REAMAL","DISTRICT":"DEOGARH"},"geometry":{"type":"Polygon","coordinates":[[[84.68565,21.42101],[84.68727,21.42436],[84.68871,21.42559],[84.69114,21.42627],[84.69279,21.42642],[84.69432,21.42622],[84.69526,21.42538],[84.69559,21.42395],[84.69567,21.41844],[84.69515,21.41711],[84.69377,21.41622],[84.68913,21.41477],[84.68749,21.41534],[84.68646,21.41739],[84.68565,21.42101]]]}},{"type":"Feature","properties":{"LCODE":"010300025002500090","LOCATION":"KUDALPAL","V_TYPE":"VILLAGE","BLOCK":"REAMAL","DISTRICT":"DEOGARH"},"geometry":{"type":"Polygon","coordinates":[[[84.62705,21.41971],[84.62782,21.42088],[84.63143,21.4229],[84.63478,21.42561],[84.63593,21.42615],[84.63759,21.42607],[84.64319,21.42228],[84.64559,21.4212],[84.64572,21.41624],[84.64539,21.41502],[84.64408,21.41356],[84.64294,21.41273],[84.63949,21.41146],[84.63727,21.40981],[84.63308,21.40875],[84.63009,21.40852],[84.62917,21.40873],[84.62908,21.41671],[84.62857,21.4175],[84.62727,21.41845],[84.62705,21.41971]]]}},{"type":"Feature","properties":{"LCODE":"010300027002700069","LOCATION":"ARGAN","V_TYPE":"VILLAGE","BLOCK":"TILEIBANI","DISTRICT":"DEOGARH"},"geometry":{"type":"Polygon","coordinates":[[[84.43381,21.42239],[84.43461,21.4241],[84.43742,21.42358],[84.43772,21.42388],[84.43801,21.42526],[84.4385,21.42539],[84.44048,21.42483],[84.44219,21.42532],[84.44719,21.42457],[84.44775,21.42388],[84.44823,21.42094],[84.44861,21.42055],[84.45083,21.42046],[84.4516,21.41833],[84.45148,21.41804],[84.45105,21.41804],[84.4495,21.41859],[84.44679,21.41868],[84.44624,21.41902],[84.44528,21.42056],[84.44411,21.42118],[84.44231,21.42145],[84.44152,21.42104],[84.44123,21.41999],[84.44121,21.41768],[84.44072,21.41722],[84.43776,21.41764],[84.43689,21.41832],[84.43569,21.42021],[84.43381,21.42239]]]}},{"type":"Feature","properties":{"LCODE":"010300027002700118","LOCATION":"GAMBHARIBHUIN","V_TYPE":"VILLAGE","BLOCK":"TILEIBANI","DISTRICT":"DEOGARH"},"geometry":{"type":"Polygon","coordinates":[[[84.48095,21.42296],[84.48191,21.4243],[84.4824,21.42454],[84.48499,21.42411],[84.48598,21.42337],[84.48644,21.42187],[84.48903,21.42179],[84.48934,21.42133],[84.48917,21.42023],[84.48905,21.41994],[84.4885,21.41988],[84.48592,21.42002],[84.48512,21.41932],[84.4847,21.41931],[84.48203,21.42043],[84.48116,21.42152],[84.48095,21.42296]]]}},{"type":"Feature","properties":{"LCODE":"010300025002500089","LOCATION":"BAGIA BADHA","V_TYPE":"VILLAGE","BLOCK":"REAMAL","DISTRICT":"DEOGARH"},"geometry":{"type":"Polygon","coordinates":[[[84.60145,21.41438],[84.60368,21.4158],[84.6054,21.41773],[84.60734,21.42081],[84.60758,21.42247],[84.6133,21.42162],[84.61417,21.42112],[84.61475,21.42027],[84.61497,21.41896],[84.61398,21.41698],[84.60921,21.41448],[84.60671,21.4142],[84.60145,21.41438]]]}},{"type":"Feature","properties":{"LCODE":"010300025002500114","LOCATION":"RANGAMATIA","V_TYPE":"VILLAGE","BLOCK":"REAMAL","DISTRICT":"DEOGARH"},"geometry":{"type":"Polygon","coordinates":[[[84.63428,21.40027],[84.63534,21.4031],[84.63845,21.40673],[84.63889,21.40886],[84.63807,21.4102],[84.63949,21.41146],[84.64294,21.41273],[84.64486,21.41421],[84.64539,21.41502],[84.64572,21.41624],[84.64559,21.4212],[84.64861,21.42043],[84.65142,21.42043],[84.65244,21.42087],[84.6524,21.42045],[84.65427,21.41675],[84.65598,21.41586],[84.65488,21.41458],[84.65371,21.4122],[84.65124,21.40854],[84.65126,21.4077],[84.64951,21.4066],[84.64554,21.4067],[84.64391,21.40598],[84.64255,21.40405],[84.6399,21.40262],[84.63903,21.40077],[84.63861,21.39806],[84.63814,21.39742],[84.63667,21.39739],[84.63456,21.39867],[84.63428,21.40027]]]}},{"type":"Feature","properties":{"LCODE":"010300025002500107","LOCATION":"BASANTAPUR","V_TYPE":"VILLAGE","BLOCK":"REAMAL","DISTRICT":"DEOGARH"},"geometry":{"type":"Polygon","coordinates":[[[84.68179,21.4138],[84.68306,21.41675],[84.68565,21.42101],[84.68646,21.41739],[84.68718,21.41568],[84.68913,21.41477],[84.68893,21.41417],[84.68816,21.41306],[84.68647,21.41222],[84.68474,21.41069],[84.68387,21.41108],[84.68354,21.41222],[84.68185,21.41345],[84.68179,21.4138]]]}},{"type":"Feature","properties":{"LCODE":"010260024002400145","LOCATION":"BUDHIKUTUNI","V_TYPE":"VILLAGE","BLOCK":"BARKOTE","DISTRICT":"DEOGARH"},"geometry":{"type":"Polygon","coordinates":[[[84.20721,21.41193],[84.20943,21.41309],[84.21286,21.41372],[84.21599,21.4147],[84.21709,21.41556],[84.21801,21.41755],[84.22028,21.41746],[84.22121,21.41769],[84.22415,21.41981],[84.22495,21.41987],[84.22672,21.41907],[84.22783,21.41809],[84.22862,21.41631],[84.22935,21.41545],[84.23175,21.415],[84.23212,21.41436],[84.23225,21.41078],[84.2329,21.40966],[84.23425,21.4092],[84.23438,21.40857],[84.23345,21.40702],[84.2321,21.40587],[84.23094,21.40541],[84.22462,21.40328],[84.2196,21.40293],[84.21873,21.4031],[84.21764,21.40379],[84.21537,21.40856],[84.21353,21.41091],[84.21304,21.4112],[84.20973,21.41143],[84.20721,21.41193]]]}},{"type":"Feature","properties":{"LCODE":"010260024002400153","LOCATION":"GADPATI","V_TYPE":"VILLAGE","BLOCK":"BARKOTE","DISTRICT":"DEOGARH"},"geometry":{"type":"Polygon","coordinates":[[[84.30595,21.41738],[84.30632,21.41807],[84.30694,21.41846],[84.30792,21.41851],[84.3089,21.41816],[84.312,21.41536],[84.31401,21.41401],[84.31688,21.4126],[84.3201,21.40917],[84.31966,21.40819],[84.31831,21.40729],[84.31628,21.40708],[84.31553,21.4057],[84.31486,21.40588],[84.31358,21.40711],[84.31046,21.40766],[84.30973,21.40859],[84.30937,21.40963],[84.30939,21.41118],[84.30891,21.41291],[84.30837,21.41396],[84.3074,21.41477],[84.30789,21.41534],[84.3071,21.41576],[84.30595,21.41738]]]}},{"type":"Feature","properties":{"LCODE":"010300025002500113","LOCATION":"ISWARPALI","V_TYPE":"VILLAGE","BLOCK":"REAMAL","DISTRICT":"DEOGARH"},"geometry":{"type":"Polygon","coordinates":[[[84.65124,21.40854],[84.65371,21.4122],[84.65488,21.41458],[84.65598,21.41586],[84.66148,21.41689],[84.66209,21.41673],[84.66316,21.41549],[84.66243,21.41301],[84.66228,21.4114],[84.65851,21.40621],[84.65434,21.40234],[84.65376,21.40319],[84.65326,21.40587],[84.65126,21.4077],[84.65124,21.40854]]]}},{"type":"Feature","properties":{"LCODE":"010260024002400154","LOCATION":"LUNBHET(LUNABHET)","V_TYPE":"VILLAGE","BLOCK":"BARKOTE","DISTRICT":"DEOGARH"},"geometry":{"type":"Polygon","coordinates":[[[84.28257,21.41016],[84.28424,21.41105],[84.28751,21.41401],[84.29079,21.41634],[84.29214,21.41661],[84.29446,21.41578],[84.30059,21.408],[84.30466,21.40369],[84.30744,21.3998],[84.31559,21.39217],[84.31947,21.38695],[84.31988,21.38545],[84.31944,21.38459],[84.3187,21.38391],[84.31699,21.38393],[84.31534,21.38498],[84.31382,21.3869],[84.31084,21.38975],[84.30743,21.39146],[84.30504,21.39194],[84.30309,21.39283],[84.29919,21.39609],[84.29791,21.39749],[84.29688,21.39882],[84.29562,21.40137],[84.29513,21.40155],[84.29402,21.40116],[84.29048,21.39653],[84.28696,21.39289],[84.28605,21.39134],[84.28587,21.39532],[84.28529,21.39866],[84.28257,21.41016]]]}},{"type":"Feature","properties":{"LCODE":"010300025002500112","LOCATION":"KHAIRNALI","V_TYPE":"VILLAGE","BLOCK":"REAMAL","DISTRICT":"DEOGARH"},"geometry":{"type":"Polygon","coordinates":[[[84.66237,21.41163],[84.66243,21.41301],[84.66316,21.41549],[84.66549,21.41519],[84.66698,21.41459],[84.66816,21.41352],[84.66874,21.41245],[84.66845,21.41175],[84.66569,21.40991],[84.6648,21.40994],[84.66351,21.41154],[84.66237,21.41163]]]}},{"type":"Feature","properties":{"LCODE":"010300025002500116","LOCATION":"KHAIRRANDHA","V_TYPE":"VILLAGE","BLOCK":"REAMAL","DISTRICT":"DEOGARH"},"geometry":{"type":"Polygon","coordinates":[[[84.60785,21.40932],[84.60822,21.41044],[84.60912,21.41091],[84.61691,21.4121],[84.61766,21.41177],[84.61787,21.41051],[84.61869,21.40984],[84.62138,21.40961],[84.6237,21.4083],[84.62209,21.40583],[84.62222,21.40325],[84.62109,21.40202],[84.6193,21.40114],[84.61822,21.4019],[84.6174,21.40298],[84.61733,21.40337],[84.61774,21.40379],[84.6179,21.4046],[84.61745,21.40562],[84.61529,21.40644],[84.61132,21.40642],[84.60785,21.40932]]]}},{"type":"Feature","properties":{"LCODE":"010300025002500111","LOCATION":"PATHARKHANI","V_TYPE":"VILLAGE","BLOCK":"REAMAL","DISTRICT":"DEOGARH"},"geometry":{"type":"Polygon","coordinates":[[[84.65434,21.40234],[84.65851,21.40621],[84.66237,21.41163],[84.66351,21.41154],[84.66394,21.4112],[84.6648,21.40994],[84.66342,21.40774],[84.66353,21.40597],[84.66402,21.40558],[84.66341,21.40298],[84.66206,21.40111],[84.66122,21.40052],[84.6586,21.40001],[84.65608,21.4007],[84.65465,21.40177],[84.65434,21.40234]]]}},{"type":"Feature","properties":{"LCODE":"010300027002700124","LOCATION":"TAMPAR","V_TYPE":"VILLAGE","BLOCK":"TILEIBANI","DISTRICT":"DEOGARH"},"geometry":{"type":"Polygon","coordinates":[[[84.52782,21.40918],[84.52792,21.40987],[84.52901,21.40984],[84.53089,21.40849],[84.53099,21.40919],[84.53035,21.41044],[84.53114,21.41057],[84.53182,21.41001],[84.53273,21.40813],[84.53362,21.40705],[84.53635,21.40527],[84.53807,21.40307],[84.53821,21.40232],[84.53799,21.40163],[84.53762,21.40145],[84.53675,21.40212],[84.5357,21.40244],[84.53399,21.40235],[84.53201,21.40318],[84.53155,21.40466],[84.52879,21.4073],[84.52782,21.40918]]]}},{"type":"Feature","properties":{"LCODE":"010300025002500115","LOCATION":"JULANI","V_TYPE":"VILLAGE","BLOCK":"REAMAL","DISTRICT":"DEOGARH"},"geometry":{"type":"Polygon","coordinates":[[[84.6187,21.39996],[84.61934,21.40118],[84.62109,21.40202],[84.62222,21.40325],[84.62209,21.40583],[84.6237,21.4083],[84.62513,21.40888],[84.62806,21.40911],[84.62909,21.40965],[84.62917,21.40873],[84.63009,21.40852],[84.63308,21.40875],[84.63654,21.40951],[84.63807,21.4102],[84.63869,21.40938],[84.63889,21.40886],[84.63873,21.40765],[84.63845,21.40673],[84.6375,21.40539],[84.6353,21.40305],[84.63343,21.40221],[84.62994,21.39996],[84.62849,21.39958],[84.62445,21.39962],[84.61977,21.39883],[84.61915,21.39899],[84.6187,21.39996]]]}},{"type":"Feature","properties":{"LCODE":"010300025002500117","LOCATION":"ANDHARIKHOL","V_TYPE":"VILLAGE","BLOCK":"REAMAL","DISTRICT":"DEOGARH"},"geometry":{"type":"Polygon","coordinates":[[[84.57732,21.39776],[84.57767,21.39828],[84.57883,21.39871],[84.58208,21.39831],[84.58506,21.39872],[84.58723,21.39962],[84.58921,21.40121],[84.58926,21.40162],[84.58846,21.40194],[84.5882,21.40245],[84.58913,21.40443],[84.58878,21.4058],[84.58533,21.409],[84.58507,21.40974],[84.58567,21.41016],[84.59078,21.40888],[84.59106,21.40757],[84.59259,21.40731],[84.59405,21.40562],[84.59585,21.40674],[84.59706,21.407],[84.59838,21.408],[84.60083,21.40788],[84.60484,21.40899],[84.60785,21.40932],[84.61108,21.40656],[84.61002,21.40691],[84.60884,21.40534],[84.60671,21.40506],[84.60594,21.40419],[84.60507,21.40469],[84.6032,21.40396],[84.60147,21.40433],[84.60026,21.40407],[84.59943,21.40291],[84.59819,21.39892],[84.59705,21.39844],[84.59271,21.39807],[84.58901,21.39713],[84.58801,21.39608],[84.58756,21.39412],[84.58678,21.39375],[84.58574,21.39385],[84.5834,21.39472],[84.58048,21.39633],[84.5782,21.39709],[84.57732,21.39776]]]}},{"type":"Feature","properties":{"LCODE":"010300027002700125","LOCATION":"BHANGAMUNDA","V_TYPE":"VILLAGE","BLOCK":"TILEIBANI","DISTRICT":"DEOGARH"},"geometry":{"type":"Polygon","coordinates":[[[84.53288,21.40968],[84.53371,21.41004],[84.53452,21.40989],[84.5386,21.40836],[84.5414,21.40876],[84.54357,21.40972],[84.54407,21.40945],[84.54408,21.40916],[84.54375,21.40772],[84.54286,21.40649],[84.5414,21.40618],[84.54002,21.40517],[84.53947,21.4051],[84.53751,21.40564],[84.53638,21.40682],[84.53302,21.40882],[84.53288,21.40968]]]}},{"type":"Feature","properties":{"LCODE":"010300025002500071","LOCATION":"BETKHOLJHARAN","V_TYPE":"VILLAGE","BLOCK":"TILEIBANI","DISTRICT":"DEOGARH"},"geometry":{"type":"Polygon","coordinates":[[[84.47408,21.40959],[84.47781,21.40958],[84.4778,21.40898],[84.47747,21.40801],[84.47665,21.4071],[84.47578,21.40666],[84.47514,21.40668],[84.47461,21.40734],[84.47408,21.40959]]]}},{"type":"Feature","properties":{"LCODE":"010300027002700119","LOCATION":"LAINDA","V_TYPE":"VILLAGE","BLOCK":"TILEIBANI","DISTRICT":"DEOGARH"},"geometry":{"type":"Polygon","coordinates":[[[84.49023,21.40265],[84.49066,21.40306],[84.49318,21.40349],[84.49384,21.40413],[84.49493,21.40542],[84.4966,21.40907],[84.49919,21.40847],[84.49963,21.40796],[84.49917,21.40582],[84.49955,21.40507],[84.49999,21.4045],[84.50061,21.40422],[84.50069,21.4045],[84.50137,21.40412],[84.50195,21.40315],[84.5016,21.40217],[84.50101,21.40152],[84.50022,21.40145],[84.5009,21.40105],[84.49696,21.40175],[84.49438,21.40149],[84.49158,21.39931],[84.49114,21.39937],[84.49089,21.39983],[84.49023,21.40265]]]}},{"type":"Feature","properties":{"LCODE":"010300027002700123","LOCATION":"JAGADALA","V_TYPE":"VILLAGE","BLOCK":"TILEIBANI","DISTRICT":"DEOGARH"},"geometry":{"type":"Polygon","coordinates":[[[84.51568,21.40813],[84.51615,21.40866],[84.51726,21.40845],[84.52176,21.40705],[84.52245,21.40637],[84.52042,21.40467],[84.51961,21.4031],[84.5193,21.40298],[84.51744,21.40426],[84.51678,21.4058],[84.51596,21.40682],[84.51568,21.40813]]]}},{"type":"Feature","properties":{"LCODE":"010300025002500102","LOCATION":"DENGASARAGI","V_TYPE":"VILLAGE","BLOCK":"REAMAL","DISTRICT":"DEOGARH"},"geometry":{"type":"Polygon","coordinates":[[[84.73193,21.39716],[84.73295,21.4008],[84.73238,21.40659],[84.7331,21.40741],[84.73479,21.40813],[84.73717,21.40858],[84.73955,21.40863],[84.75218,21.4075],[84.75489,21.40595],[84.75581,21.40475],[84.75631,21.40257],[84.75603,21.39814],[84.75523,21.39693],[84.75438,21.39641],[84.75162,21.3968],[84.7494,21.39756],[84.74567,21.3976],[84.74368,21.39699],[84.74176,21.39517],[84.74085,21.39469],[84.7394,21.39449],[84.73786,21.39463],[84.73349,21.39598],[84.73201,21.39677],[84.73193,21.39716]]]}},{"type":"Feature","properties":{"LCODE":"010300025002500136","LOCATION":"DARJIMUNDA","V_TYPE":"VILLAGE","BLOCK":"REAMAL","DISTRICT":"DEOGARH"},"geometry":{"type":"Polygon","coordinates":[[[84.63041,21.39129],[84.63468,21.39161],[84.63862,21.39277],[84.63999,21.39412],[84.64045,21.39534],[84.64042,21.39654],[84.63966,21.39774],[84.6387,21.39857],[84.63903,21.40077],[84.6399,21.40262],[84.64255,21.40405],[84.64391,21.40598],[84.64469,21.40639],[84.64554,21.4067],[84.64951,21.4066],[84.6512,21.40773],[84.65269,21.4065],[84.65352,21.40531],[84.65376,21.40319],[84.65439,21.40228],[84.65392,21.40129],[84.65325,21.40095],[84.6545,21.39815],[84.65459,21.39671],[84.65436,21.39631],[84.65381,21.39612],[84.65167,21.39631],[84.65022,21.39553],[84.64916,21.39385],[84.64925,21.39316],[84.65041,21.39295],[84.65412,21.3936],[84.65712,21.39355],[84.65945,21.39514],[84.66158,21.39559],[84.66251,21.39555],[84.66337,21.39511],[84.66419,21.39386],[84.66499,21.39376],[84.66565,21.39411],[84.66585,21.39372],[84.66751,21.39318],[84.66983,21.39334],[84.67339,21.39502],[84.67394,21.39503],[84.67435,21.39439],[84.6741,21.3936],[84.67285,21.39231],[84.67274,21.39173],[84.6732,21.39053],[84.67378,21.38993],[84.67344,21.38836],[84.67238,21.38655],[84.67015,21.38536],[84.67135,21.38401],[84.67146,21.38217],[84.6699,21.3807],[84.66583,21.37982],[84.66483,21.37811],[84.66257,21.38084],[84.66189,21.38123],[84.66017,21.38154],[84.65778,21.38431],[84.65474,21.38592],[84.65287,21.38737],[84.65202,21.38718],[84.65107,21.38613],[84.6516,21.38436],[84.6533,21.38257],[84.6518,21.38143],[84.65014,21.37962],[84.64886,21.37919],[84.64768,21.37916],[84.64732,21.3802],[84.64576,21.38137],[84.64445,21.38198],[84.64231,21.38232],[84.64278,21.38281],[84.64296,21.38574],[84.6428,21.38694],[84.64223,21.38762],[84.64125,21.38783],[84.63844,21.38772],[84.6366,21.38814],[84.63269,21.38806],[84.63077,21.38929],[84.63041,21.39129]]]}},{"type":"Feature","properties":{"LCODE":"010300025002500110","LOCATION":"MADHAPALI","V_TYPE":"VILLAGE","BLOCK":"REAMAL","DISTRICT":"DEOGARH"},"geometry":{"type":"Polygon","coordinates":[[[84.65768,21.40018],[84.65945,21.40002],[84.66122,21.40052],[84.66206,21.40111],[84.66341,21.40298],[84.66396,21.40546],[84.66439,21.40564],[84.66677,21.40563],[84.66776,21.40536],[84.66845,21.40451],[84.66917,21.4024],[84.67073,21.40122],[84.66928,21.40074],[84.6655,21.39796],[84.66415,21.39816],[84.66147,21.39777],[84.66042,21.39792],[84.65795,21.39919],[84.65768,21.40018]]]}},{"type":"Feature","properties":{"LCODE":"010300025002500134","LOCATION":"SIARIA","V_TYPE":"VILLAGE","BLOCK":"REAMAL","DISTRICT":"DEOGARH"},"geometry":{"type":"Polygon","coordinates":[[[84.60876,21.39814],[84.61024,21.39882],[84.61266,21.39932],[84.61474,21.40178],[84.61675,21.40182],[84.61678,21.40348],[84.61733,21.40337],[84.61822,21.4019],[84.6193,21.40114],[84.6187,21.39996],[84.61915,21.39899],[84.61977,21.39883],[84.62445,21.39962],[84.62897,21.39965],[84.62994,21.39996],[84.63343,21.40221],[84.63537,21.40299],[84.63428,21.40027],[84.63432,21.39941],[84.63168,21.3989],[84.62994,21.39794],[84.62826,21.39659],[84.62199,21.39405],[84.62153,21.39456],[84.61922,21.39417],[84.61658,21.39446],[84.61428,21.39614],[84.6096,21.39714],[84.60876,21.39814]]]}},{"type":"Feature","properties":{"LCODE":"010300027002700120","LOCATION":"TELBHANGUNI","V_TYPE":"VILLAGE","BLOCK":"TILEIBANI","DISTRICT":"DEOGARH"},"geometry":{"type":"Polygon","coordinates":[[[84.50531,21.40075],[84.50596,21.40168],[84.50635,21.40307],[84.50738,21.40332],[84.50795,21.40264],[84.50745,21.40096],[84.5077,21.40068],[84.50967,21.4002],[84.5098,21.39992],[84.50788,21.39839],[84.50697,21.39825],[84.50641,21.39865],[84.50632,21.39939],[84.50531,21.40075]]]}},{"type":"Feature","properties":{"LCODE":"010300025002500109","LOCATION":"GHAMAMUNDA","V_TYPE":"VILLAGE","BLOCK":"REAMAL","DISTRICT":"DEOGARH"},"geometry":{"type":"Polygon","coordinates":[[[84.64916,21.39385],[84.65022,21.39553],[84.65094,21.39601],[84.65167,21.39631],[84.65381,21.39612],[84.65436,21.39631],[84.65459,21.39671],[84.6545,21.39815],[84.65325,21.40095],[84.65392,21.40129],[84.65437,21.40212],[84.65608,21.4007],[84.65768,21.40018],[84.65795,21.39919],[84.65951,21.39819],[84.66147,21.39777],[84.66415,21.39816],[84.66531,21.39799],[84.66566,21.39618],[84.66565,21.39411],[84.66499,21.39376],[84.66419,21.39386],[84.66337,21.39511],[84.66251,21.39555],[84.66158,21.39559],[84.65945,21.39514],[84.65712,21.39355],[84.65412,21.3936],[84.65041,21.39295],[84.64925,21.39316],[84.64916,21.39385]]]}},{"type":"Feature","properties":{"LCODE":"010300025002500108","LOCATION":"BADKUMARKHOL","V_TYPE":"VILLAGE","BLOCK":"REAMAL","DISTRICT":"DEOGARH"},"geometry":{"type":"Polygon","coordinates":[[[84.66531,21.39799],[84.667,21.39885],[84.66928,21.40074],[84.67073,21.40122],[84.67209,21.40085],[84.67321,21.3999],[84.67429,21.39854],[84.67456,21.39722],[84.67394,21.39503],[84.6729,21.39484],[84.66983,21.39334],[84.66751,21.39318],[84.66585,21.39372],[84.66559,21.39423],[84.66566,21.39618],[84.66531,21.39799]]]}},{"type":"Feature","properties":{"LCODE":"010300025002500135","LOCATION":"BUTAPALI","V_TYPE":"VILLAGE","BLOCK":"REAMAL","DISTRICT":"DEOGARH"},"geometry":{"type":"Polygon","coordinates":[[[84.6285,21.39678],[84.63168,21.3989],[84.63432,21.39941],[84.63456,21.39867],[84.63722,21.39723],[84.63844,21.39765],[84.6387,21.39857],[84.63966,21.39774],[84.64042,21.39654],[84.64045,21.39534],[84.63999,21.39412],[84.6394,21.39348],[84.63862,21.39277],[84.63747,21.39229],[84.63468,21.39161],[84.63041,21.39129],[84.62983,21.39484],[84.6285,21.39678]]]}},{"type":"Feature","properties":{"LCODE":"010300027002700122","LOCATION":"BIRIAM","V_TYPE":"VILLAGE","BLOCK":"TILEIBANI","DISTRICT":"DEOGARH"},"geometry":{"type":"Polygon","coordinates":[[[84.50721,21.39625],[84.51042,21.39936],[84.51111,21.39885],[84.51277,21.39636],[84.51417,21.39668],[84.51504,21.39606],[84.51446,21.39507],[84.51344,21.39413],[84.51283,21.39401],[84.51234,21.3944],[84.51105,21.39449],[84.51,21.39493],[84.50893,21.39594],[84.50759,21.39574],[84.50721,21.39625]]]}},{"type":"Feature","properties":{"LCODE":"010300025002500131","LOCATION":"KARADAPAL(SRIMANTA)","V_TYPE":"VILLAGE","BLOCK":"REAMAL","DISTRICT":"DEOGARH"},"geometry":{"type":"Polygon","coordinates":[[[84.60741,21.39716],[84.60876,21.39814],[84.6096,21.39714],[84.61428,21.39614],[84.61658,21.39446],[84.61922,21.39417],[84.62153,21.39456],[84.62202,21.39417],[84.61581,21.39123],[84.6148,21.39018],[84.61407,21.38841],[84.61191,21.38862],[84.60857,21.38981],[84.60912,21.39248],[84.60802,21.39458],[84.60741,21.39716]]]}},{"type":"Feature","properties":{"LCODE":"010300025002500130","LOCATION":"ANDHARINALI","V_TYPE":"VILLAGE","BLOCK":"REAMAL","DISTRICT":"DEOGARH"},"geometry":{"type":"Polygon","coordinates":[[[84.59772,21.39162],[84.59776,21.39219],[84.5991,21.39457],[84.59929,21.3967],[84.59982,21.3974],[84.60085,21.39765],[84.60741,21.39716],[84.60802,21.39458],[84.60912,21.39248],[84.60857,21.38981],[84.60729,21.38974],[84.60422,21.3883],[84.60101,21.38737],[84.59971,21.38737],[84.5993,21.38912],[84.59818,21.39025],[84.59772,21.39162]]]}},{"type":"Feature","properties":{"LCODE":"010300025002500142","LOCATION":"RATNAKHALINALI","V_TYPE":"VILLAGE","BLOCK":"REAMAL","DISTRICT":"DEOGARH"},"geometry":{"type":"Polygon","coordinates":[[[84.67274,21.39173],[84.67285,21.39231],[84.6741,21.3936],[84.67435,21.39439],[84.675,21.39453],[84.67628,21.39651],[84.67749,21.39717],[84.67932,21.39743],[84.68104,21.39729],[84.68221,21.39674],[84.68519,21.39238],[84.68497,21.39134],[84.68275,21.38975],[84.68172,21.38697],[84.68094,21.38638],[84.68089,21.38604],[84.68027,21.38596],[84.67814,21.38609],[84.67708,21.38676],[84.67513,21.38919],[84.6732,21.39053],[84.67274,21.39173]]]}},{"type":"Feature","properties":{"LCODE":"010300025002500103","LOCATION":"DIMIRIMUNDA","V_TYPE":"VILLAGE","BLOCK":"REAMAL","DISTRICT":"DEOGARH"},"geometry":{"type":"Polygon","coordinates":[[[84.71072,21.39322],[84.71232,21.39476],[84.71473,21.3963],[84.7163,21.39696],[84.71862,21.39712],[84.72169,21.39621],[84.72298,21.39612],[84.72774,21.39662],[84.7309,21.39725],[84.73193,21.39716],[84.73201,21.39677],[84.73112,21.39571],[84.72787,21.39346],[84.72591,21.39118],[84.72521,21.38979],[84.72398,21.38471],[84.72351,21.38418],[84.7221,21.38444],[84.7203,21.38567],[84.71957,21.38778],[84.71609,21.39012],[84.7157,21.39155],[84.71489,21.39205],[84.71072,21.39322]]]}},{"type":"Feature","properties":{"LCODE":"010300025002500133","LOCATION":"RAMPALI","V_TYPE":"VILLAGE","BLOCK":"REAMAL","DISTRICT":"DEOGARH"},"geometry":{"type":"Polygon","coordinates":[[[84.62175,21.39307],[84.62199,21.39405],[84.6285,21.39678],[84.62932,21.39581],[84.6299,21.39436],[84.62881,21.3943],[84.62751,21.39255],[84.62623,21.39247],[84.62551,21.39177],[84.62702,21.39002],[84.62804,21.38831],[84.62777,21.38728],[84.62691,21.38726],[84.62603,21.38827],[84.62532,21.38728],[84.62453,21.3871],[84.62434,21.38772],[84.62454,21.38893],[84.62289,21.38936],[84.62185,21.38928],[84.62175,21.39307]]]}},{"type":"Feature","properties":{"LCODE":"010300025002500149","LOCATION":"ARJUNJHARI","V_TYPE":"VILLAGE","BLOCK":"REAMAL","DISTRICT":"DEOGARH"},"geometry":{"type":"Polygon","coordinates":[[[84.72283,21.37951],[84.72333,21.38148],[84.72588,21.38498],[84.73029,21.39207],[84.73131,21.39531],[84.73114,21.39573],[84.73201,21.39677],[84.73349,21.39598],[84.73786,21.39463],[84.74025,21.39457],[84.74179,21.3952],[84.74282,21.39422],[84.74567,21.39008],[84.74586,21.38721],[84.74693,21.38551],[84.74631,21.38371],[84.74655,21.38114],[84.74526,21.37864],[84.74365,21.37711],[84.74012,21.3767],[84.73816,21.37683],[84.73728,21.37796],[84.73656,21.37967],[84.73563,21.38069],[84.73495,21.38091],[84.7341,21.38054],[84.73256,21.37867],[84.73118,21.37784],[84.72984,21.37724],[84.72601,21.37659],[84.7231,21.37681],[84.72283,21.37951]]]}},{"type":"Feature","properties":{"LCODE":"010300025002500146","LOCATION":"TINKBIR","V_TYPE":"VILLAGE","BLOCK":"REAMAL","DISTRICT":"DEOGARH"},"geometry":{"type":"Polygon","coordinates":[[[84.70548,21.36935],[84.70597,21.37458],[84.70699,21.37782],[84.70952,21.38184],[84.71409,21.38738],[84.71605,21.3902],[84.71957,21.38778],[84.7203,21.38567],[84.72117,21.38494],[84.7221,21.38444],[84.72351,21.38418],[84.72398,21.38471],[84.72521,21.38979],[84.72591,21.39118],[84.72787,21.39346],[84.73114,21.39573],[84.73136,21.39554],[84.73029,21.39207],[84.72298,21.38072],[84.72285,21.37848],[84.7231,21.37681],[84.72271,21.3767],[84.72148,21.37449],[84.71773,21.37062],[84.71613,21.36623],[84.71629,21.36474],[84.71732,21.36323],[84.71678,21.36279],[84.7159,21.36278],[84.71442,21.36338],[84.71291,21.36524],[84.71188,21.36764],[84.71113,21.36814],[84.70777,21.36813],[84.7063,21.36839],[84.70548,21.36935]]]}},{"type":"Feature","properties":{"LCODE":"010300025002500152","LOCATION":"DALKIJANGAL BLOCK","V_TYPE":"VILLAGE","BLOCK":"REAMAL","DISTRICT":"DEOGARH"},"geometry":{"type":"Polygon","coordinates":[[[84.766,21.38657],[84.76672,21.39146],[84.76646,21.39508],[84.7662,21.39553],[84.7691,21.39469],[84.77204,21.39326],[84.77259,21.39281],[84.77321,21.3912],[84.77347,21.38896],[84.77299,21.3839],[84.77312,21.38258],[84.77392,21.38088],[84.77289,21.38085],[84.77142,21.38021],[84.77092,21.37872],[84.76743,21.38083],[84.76663,21.38266],[84.766,21.38657]]]}},{"type":"Feature","properties":{"LCODE":"010300025002500105","LOCATION":"MADHUPALI","V_TYPE":"VILLAGE","BLOCK":"REAMAL","DISTRICT":"DEOGARH"},"geometry":{"type":"Polygon","coordinates":[[[84.69583,21.39196],[84.69616,21.39334],[84.69753,21.39515],[84.69997,21.39532],[84.70334,21.39475],[84.70528,21.39508],[84.70563,21.39348],[84.70535,21.39014],[84.70411,21.38552],[84.69691,21.38564],[84.69602,21.38915],[84.69583,21.39196]]]}},{"type":"Feature","properties":{"LCODE":"010300025002500132","LOCATION":"ADAS","V_TYPE":"VILLAGE","BLOCK":"REAMAL","DISTRICT":"DEOGARH"},"geometry":{"type":"Polygon","coordinates":[[[84.61382,21.38556],[84.61427,21.38919],[84.61515,21.39064],[84.61743,21.39218],[84.62199,21.39405],[84.62175,21.39307],[84.62185,21.38928],[84.61987,21.38815],[84.61958,21.3874],[84.62058,21.38621],[84.6231,21.38586],[84.62347,21.38558],[84.62362,21.38449],[84.62283,21.38425],[84.62088,21.38432],[84.61832,21.38617],[84.6171,21.38632],[84.61595,21.38578],[84.61624,21.38412],[84.6157,21.38382],[84.61475,21.38506],[84.61383,21.38529],[84.61382,21.38556]]]}},{"type":"Feature","properties":{"LCODE":"010300025002500104","LOCATION":"JANDAMUNDA","V_TYPE":"VILLAGE","BLOCK":"REAMAL","DISTRICT":"DEOGARH"},"geometry":{"type":"Polygon","coordinates":[[[84.70232,21.38104],[84.70383,21.38442],[84.70451,21.38679],[84.70518,21.38922],[84.70559,21.3925],[84.70579,21.3921],[84.7064,21.39211],[84.71072,21.39322],[84.71489,21.39205],[84.7157,21.39155],[84.71605,21.3902],[84.71409,21.38738],[84.70952,21.38184],[84.70699,21.37782],[84.70625,21.37568],[84.70522,21.37543],[84.70458,21.37617],[84.70299,21.37895],[84.70232,21.38104]]]}},{"type":"Feature","properties":{"LCODE":"010260024002400155","LOCATION":"GARIABAHAL","V_TYPE":"VILLAGE","BLOCK":"BARKOTE","DISTRICT":"DEOGARH"},"geometry":{"type":"Polygon","coordinates":[[[84.27993,21.37563],[84.28139,21.38068],[84.28512,21.38634],[84.28587,21.38869],[84.286,21.39054],[84.2876,21.38965],[84.28845,21.38884],[84.28855,21.38642],[84.2888,21.38619],[84.28922,21.38607],[84.29114,21.38714],[84.29211,21.38701],[84.2934,21.38625],[84.29625,21.3834],[84.29919,21.38256],[84.29997,21.38146],[84.30068,21.37772],[84.2987,21.37583],[84.29605,21.37459],[84.29487,21.37271],[84.29283,21.37152],[84.29056,21.36885],[84.28956,21.36919],[84.28674,21.36888],[84.28502,21.36901],[84.28307,21.3699],[84.28155,21.37141],[84.28022,21.37384],[84.27993,21.37563]]]}},{"type":"Feature","properties":{"LCODE":"010300025002500129","LOCATION":"PUDAPADA","V_TYPE":"VILLAGE","BLOCK":"REAMAL","DISTRICT":"DEOGARH"},"geometry":{"type":"Polygon","coordinates":[[[84.59792,21.38358],[84.59827,21.38462],[84.59928,21.38544],[84.59963,21.38614],[84.59971,21.38737],[84.60101,21.38737],[84.60422,21.3883],[84.60729,21.38974],[84.60833,21.38993],[84.6105,21.38894],[84.61407,21.38841],[84.61383,21.38529],[84.61311,21.38492],[84.61227,21.38387],[84.61229,21.38323],[84.61356,21.38148],[84.61364,21.38079],[84.6125,21.37991],[84.61206,21.3803],[84.61215,21.38162],[84.61117,21.38195],[84.61032,21.38141],[84.60974,21.3802],[84.60851,21.38052],[84.60677,21.37962],[84.60492,21.38021],[84.60344,21.3784],[84.60265,21.37822],[84.60256,21.37914],[84.60213,21.37924],[84.60219,21.37959],[84.60309,21.38001],[84.60339,21.38053],[84.60325,21.38093],[84.6019,21.38119],[84.60101,21.38232],[84.60036,21.38185],[84.60011,21.38196],[84.59966,21.38275],[84.59837,21.38296],[84.59792,21.38358]]]}},{"type":"Feature","properties":{"LCODE":"010300025002500143","LOCATION":"RATANPUR","V_TYPE":"VILLAGE","BLOCK":"REAMAL","DISTRICT":"DEOGARH"},"geometry":{"type":"Polygon","coordinates":[[[84.67015,21.38536],[84.67238,21.38655],[84.67344,21.38836],[84.67378,21.38993],[84.67513,21.38919],[84.67708,21.38676],[84.67814,21.38609],[84.68089,21.38604],[84.68183,21.3849],[84.68398,21.38472],[84.68478,21.38439],[84.68625,21.38166],[84.68616,21.38034],[84.68558,21.37918],[84.68526,21.37716],[84.68412,21.37633],[84.6815,21.37639],[84.68102,21.37606],[84.67617,21.37686],[84.67524,21.37725],[84.6735,21.37859],[84.67107,21.38169],[84.67146,21.38217],[84.67135,21.38401],[84.67015,21.38536]]]}},{"type":"Feature","properties":{"LCODE":"010300027002700121","LOCATION":"HIRAN","V_TYPE":"VILLAGE","BLOCK":"TILEIBANI","DISTRICT":"DEOGARH"},"geometry":{"type":"Polygon","coordinates":[[[84.50892,21.38784],[84.50932,21.38894],[84.50991,21.38947],[84.51207,21.38865],[84.51357,21.38948],[84.51553,21.38918],[84.51585,21.38884],[84.51605,21.38821],[84.51572,21.38706],[84.51698,21.38565],[84.51733,21.38422],[84.51795,21.3836],[84.52,21.38255],[84.52063,21.38193],[84.5209,21.38115],[84.51966,21.38023],[84.51891,21.37922],[84.51789,21.37708],[84.51684,21.3776],[84.51652,21.37811],[84.51645,21.38052],[84.51608,21.38092],[84.51453,21.38146],[84.51183,21.38629],[84.51145,21.38663],[84.50962,21.38671],[84.50912,21.38704],[84.50892,21.38784]]]}},{"type":"Feature","properties":{"LCODE":"010300025002500128","LOCATION":"HILAGSARKARI","V_TYPE":"VILLAGE","BLOCK":"REAMAL","DISTRICT":"DEOGARH"},"geometry":{"type":"Polygon","coordinates":[[[84.57388,21.38701],[84.57417,21.38799],[84.57526,21.3879],[84.57608,21.38728],[84.57784,21.38795],[84.57857,21.38785],[84.57896,21.38694],[84.57775,21.38634],[84.57797,21.38508],[84.58034,21.38323],[84.58249,21.38281],[84.58389,21.38301],[84.58485,21.38355],[84.58419,21.38543],[84.58447,21.3867],[84.58604,21.38708],[84.58813,21.38677],[84.58821,21.38591],[84.58666,21.38203],[84.58652,21.38042],[84.58849,21.38023],[84.59048,21.38091],[84.59154,21.38041],[84.59143,21.3796],[84.58694,21.3763],[84.58614,21.37503],[84.58549,21.37564],[84.58463,21.37586],[84.58449,21.37654],[84.58392,21.37716],[84.58265,21.37721],[84.58193,21.37855],[84.57958,21.37954],[84.57935,21.37983],[84.57999,21.38024],[84.58009,21.38121],[84.57964,21.3823],[84.57869,21.38337],[84.57746,21.38363],[84.57612,21.38349],[84.57486,21.38272],[84.5743,21.38294],[84.57421,21.38569],[84.57388,21.38701]]]}},{"type":"Feature","properties":{"LCODE":"010300025002500140","LOCATION":"PATAPATHAR","V_TYPE":"VILLAGE","BLOCK":"REAMAL","DISTRICT":"DEOGARH"},"geometry":{"type":"Polygon","coordinates":[[[84.65107,21.38613],[84.65202,21.38718],[84.65287,21.38737],[84.65474,21.38592],[84.65778,21.38431],[84.65838,21.38348],[84.65705,21.38389],[84.65595,21.38387],[84.6533,21.38257],[84.6516,21.38436],[84.65107,21.38613]]]}},{"type":"Feature","properties":{"LCODE":"010300025002500150","LOCATION":"KOLHABASA","V_TYPE":"VILLAGE","BLOCK":"REAMAL","DISTRICT":"DEOGARH"},"geometry":{"type":"Polygon","coordinates":[[[84.74155,21.36277],[84.74178,21.36346],[84.74169,21.36691],[84.7422,21.36858],[84.7432,21.37027],[84.74324,21.37125],[84.74252,21.37341],[84.743,21.37607],[84.74347,21.3771],[84.74474,21.37794],[84.74526,21.37864],[84.7462,21.38038],[84.74655,21.38114],[84.74638,21.38261],[84.74903,21.38278],[84.75192,21.38415],[84.75381,21.38703],[84.75632,21.3871],[84.75908,21.38625],[84.75994,21.38522],[84.75952,21.38275],[84.76088,21.38086],[84.7607,21.37833],[84.76114,21.37724],[84.76328,21.37486],[84.76164,21.37367],[84.76067,21.37252],[84.75709,21.36537],[84.75544,21.36393],[84.75269,21.36277],[84.75246,21.36239],[84.74853,21.36205],[84.74155,21.36277]]]}},{"type":"Feature","properties":{"LCODE":"010300025002500145","LOCATION":"KALICHARANPALI","V_TYPE":"VILLAGE","BLOCK":"REAMAL","DISTRICT":"DEOGARH"},"geometry":{"type":"Polygon","coordinates":[[[84.69282,21.37938],[84.69556,21.38294],[84.69691,21.38564],[84.70411,21.38552],[84.70192,21.38019],[84.69997,21.37762],[84.69764,21.37563],[84.69678,21.37567],[84.69337,21.37772],[84.69286,21.37852],[84.69282,21.37938]]]}},{"type":"Feature","properties":{"LCODE":"010300025002500139","LOCATION":"MEDINIPUR","V_TYPE":"VILLAGE","BLOCK":"REAMAL","DISTRICT":"DEOGARH"},"geometry":{"type":"Polygon","coordinates":[[[84.6475,21.37756],[84.64768,21.37916],[84.64886,21.37919],[84.65014,21.37962],[84.65306,21.38244],[84.65529,21.38363],[84.65705,21.38389],[84.65853,21.38341],[84.66017,21.38154],[84.66189,21.38123],[84.66257,21.38084],[84.6637,21.37972],[84.66484,21.3779],[84.66315,21.37465],[84.6633,21.37295],[84.66215,21.37096],[84.66069,21.37053],[84.65722,21.37017],[84.65568,21.37054],[84.65431,21.37166],[84.64887,21.37402],[84.6478,21.37532],[84.6475,21.37756]]]}},{"type":"Feature","properties":{"LCODE":"010300025002500137","LOCATION":"BAHIDARMUNDA","V_TYPE":"VILLAGE","BLOCK":"REAMAL","DISTRICT":"DEOGARH"},"geometry":{"type":"Polygon","coordinates":[[[84.63824,21.37674],[84.63856,21.37864],[84.63891,21.37922],[84.64137,21.38088],[84.64231,21.38232],[84.64445,21.38198],[84.64576,21.38137],[84.64732,21.3802],[84.6477,21.37951],[84.64766,21.37572],[84.64627,21.37552],[84.64522,21.37487],[84.64494,21.3751],[84.64421,21.37497],[84.64313,21.37437],[84.64215,21.37424],[84.63957,21.3747],[84.63882,21.37526],[84.63824,21.37674]]]}},{"type":"Feature","properties":{"LCODE":"010300025002500141","LOCATION":"BUDIDO","V_TYPE":"VILLAGE","BLOCK":"REAMAL","DISTRICT":"DEOGARH"},"geometry":{"type":"Polygon","coordinates":[[[84.6631,21.37419],[84.66408,21.37662],[84.66467,21.37721],[84.66483,21.37836],[84.66583,21.37982],[84.6699,21.3807],[84.67107,21.38169],[84.67437,21.37781],[84.67617,21.37686],[84.68102,21.37606],[84.68148,21.37433],[84.68133,21.37312],[84.68,21.36999],[84.67967,21.36755],[84.67621,21.36584],[84.67268,21.36737],[84.66833,21.37087],[84.66835,21.37194],[84.66735,21.37278],[84.66364,21.37231],[84.6631,21.37419]]]}},{"type":"Feature","properties":{"LCODE":"010300025002500126","LOCATION":"BHALIADIHI","V_TYPE":"VILLAGE","BLOCK":"REAMAL","DISTRICT":"DEOGARH"},"geometry":{"type":"Polygon","coordinates":[[[84.57047,21.37763],[84.57076,21.3781],[84.57314,21.37826],[84.57453,21.37904],[84.57488,21.37956],[84.57447,21.38122],[84.57507,21.38157],[84.57668,21.38092],[84.5783,21.37969],[84.57935,21.37983],[84.58002,21.3792],[84.58193,21.37855],[84.58265,21.37721],[84.58017,21.37588],[84.57894,21.3762],[84.57887,21.37677],[84.57928,21.37729],[84.57877,21.37797],[84.57448,21.37628],[84.5733,21.37683],[84.57184,21.37669],[84.5711,21.37696],[84.57047,21.37763]]]}},{"type":"Feature","properties":{"LCODE":"010300025002500157","LOCATION":"NAULI PADA","V_TYPE":"VILLAGE","BLOCK":"REAMAL","DISTRICT":"DEOGARH"},"geometry":{"type":"Polygon","coordinates":[[[84.68843,21.36499],[84.68865,21.36744],[84.68966,21.36714],[84.69246,21.36754],[84.69366,21.36842],[84.69453,21.37039],[84.69469,21.37097],[84.69413,21.374],[84.69316,21.37622],[84.69334,21.37776],[84.69678,21.37567],[84.69764,21.37563],[84.69997,21.37762],[84.70232,21.38104],[84.70299,21.37895],[84.70458,21.37617],[84.70522,21.37543],[84.70629,21.37572],[84.70555,21.37159],[84.70548,21.36935],[84.70598,21.36868],[84.70518,21.36699],[84.70445,21.36663],[84.70213,21.36652],[84.70092,21.36616],[84.69918,21.36497],[84.6953,21.36352],[84.68858,21.36293],[84.68843,21.36499]]]}},{"type":"Feature","properties":{"LCODE":"010300025002500153","LOCATION":"CHIRGUNIKUDAR","V_TYPE":"VILLAGE","BLOCK":"REAMAL","DISTRICT":"DEOGARH"},"geometry":{"type":"Polygon","coordinates":[[[84.76418,21.35831],[84.76471,21.35932],[84.76566,21.3653],[84.76559,21.36789],[84.76583,21.36932],[84.76733,21.37197],[84.76784,21.37198],[84.7701,21.37365],[84.77205,21.37625],[84.77204,21.37688],[84.77092,21.37872],[84.77142,21.38021],[84.77203,21.38062],[84.77392,21.38088],[84.7754,21.37994],[84.77945,21.37835],[84.78093,21.3775],[84.7829,21.37509],[84.78529,21.37389],[84.78713,21.37264],[84.78756,21.37195],[84.78775,21.37086],[84.7869,21.36798],[84.78422,21.36533],[84.78288,21.36291],[84.78259,21.36009],[84.78132,21.35635],[84.78138,21.35537],[84.7801,21.35502],[84.77544,21.35638],[84.77011,21.3556],[84.76613,21.35679],[84.76418,21.35831]]]}},{"type":"Feature","properties":{"LCODE":"010300025002500148","LOCATION":"CHANDPASI","V_TYPE":"VILLAGE","BLOCK":"REAMAL","DISTRICT":"DEOGARH"},"geometry":{"type":"Polygon","coordinates":[[[84.72489,21.3637],[84.726,21.372],[84.72618,21.37662],[84.72984,21.37724],[84.73118,21.37784],[84.73256,21.37867],[84.7341,21.38054],[84.73495,21.38091],[84.73563,21.38069],[84.73656,21.37967],[84.73728,21.37796],[84.73816,21.37683],[84.74012,21.3767],[84.74347,21.3771],[84.743,21.37607],[84.74252,21.37341],[84.74324,21.37125],[84.7432,21.37027],[84.7422,21.36858],[84.74169,21.36691],[84.74178,21.36346],[84.74155,21.36277],[84.7321,21.36212],[84.7299,21.36225],[84.72489,21.3637]]]}},{"type":"Feature","properties":{"LCODE":"010300025002500144","LOCATION":"SINDHUPALI","V_TYPE":"VILLAGE","BLOCK":"REAMAL","DISTRICT":"DEOGARH"},"geometry":{"type":"Polygon","coordinates":[[[84.68745,21.3684],[84.68785,21.3686],[84.68809,21.36917],[84.68806,21.37026],[84.68747,21.37134],[84.68813,21.37463],[84.6876,21.37652],[84.68774,21.37819],[84.68979,21.3792],[84.69241,21.3796],[84.69282,21.37938],[84.69286,21.37852],[84.69334,21.37776],[84.69316,21.37622],[84.69413,21.374],[84.69469,21.37097],[84.69366,21.36842],[84.69246,21.36754],[84.68966,21.36714],[84.68843,21.36752],[84.68745,21.3684]]]}},{"type":"Feature","properties":{"LCODE":"010260024002400156","LOCATION":"SAREIPALI","V_TYPE":"VILLAGE","BLOCK":"BARKOTE","DISTRICT":"DEOGARH"},"geometry":{"type":"Polygon","coordinates":[[[84.29056,21.36885],[84.29283,21.37152],[84.29487,21.37271],[84.29605,21.37459],[84.2987,21.37583],[84.30068,21.37772],[84.30092,21.37742],[84.30715,21.37545],[84.3141,21.37236],[84.31078,21.36977],[84.30898,21.36749],[84.30878,21.36645],[84.30962,21.36299],[84.30917,21.36179],[84.30875,21.36083],[84.30553,21.3586],[84.30364,21.35856],[84.30273,21.36111],[84.30077,21.36072],[84.29906,21.3627],[84.29827,21.363],[84.29588,21.36216],[84.29563,21.36256],[84.29582,21.36354],[84.2954,21.36481],[84.2924,21.36456],[84.2916,21.36485],[84.29106,21.36566],[84.29056,21.36885]]]}},{"type":"Feature","properties":{"LCODE":"010300025002500147","LOCATION":"CHAURIADHIA","V_TYPE":"VILLAGE","BLOCK":"REAMAL","DISTRICT":"DEOGARH"},"geometry":{"type":"Polygon","coordinates":[[[84.71613,21.36623],[84.71773,21.37062],[84.72148,21.37449],[84.72271,21.3767],[84.72618,21.37662],[84.726,21.372],[84.72489,21.3637],[84.72085,21.3627],[84.71732,21.36323],[84.71629,21.36474],[84.71613,21.36623]]]}},{"type":"Feature","properties":{"LCODE":"010300025002500127","LOCATION":"HILAGPRAJATI","V_TYPE":"VILLAGE","BLOCK":"REAMAL","DISTRICT":"DEOGARH"},"geometry":{"type":"Polygon","coordinates":[[[84.57332,21.36936],[84.57372,21.37041],[84.57597,21.37326],[84.57848,21.3728],[84.58012,21.37306],[84.58138,21.37423],[84.5829,21.37426],[84.58399,21.37463],[84.58463,21.37586],[84.58549,21.37564],[84.58614,21.37503],[84.58551,21.37276],[84.5839,21.37124],[84.58296,21.36984],[84.58135,21.37061],[84.57942,21.36966],[84.5767,21.36886],[84.57571,21.36935],[84.57363,21.36914],[84.57332,21.36936]]]}},{"type":"Feature","properties":{"LCODE":"010300025002500138","LOCATION":"BRAHMANINALI","V_TYPE":"VILLAGE","BLOCK":"REAMAL","DISTRICT":"DEOGARH"},"geometry":{"type":"Polygon","coordinates":[[[84.64522,21.37487],[84.64627,21.37552],[84.64766,21.37572],[84.64825,21.37453],[84.64887,21.37402],[84.65431,21.37166],[84.65549,21.37068],[84.65452,21.3676],[84.65222,21.36639],[84.65215,21.36789],[84.65143,21.36977],[84.65036,21.37089],[84.64893,21.37184],[84.64597,21.37264],[84.64522,21.37487]]]}},{"type":"Feature","properties":{"LCODE":"010300025002500151","LOCATION":"CHADAKMARA","V_TYPE":"VILLAGE","BLOCK":"REAMAL","DISTRICT":"DEOGARH"},"geometry":{"type":"Polygon","coordinates":[[[84.75246,21.36239],[84.75269,21.36277],[84.75544,21.36393],[84.75709,21.36537],[84.76067,21.37252],[84.76256,21.37443],[84.76328,21.37486],[84.76427,21.3738],[84.76733,21.37197],[84.76583,21.36932],[84.76559,21.36789],[84.76566,21.3653],[84.76471,21.35932],[84.76418,21.35831],[84.76214,21.35901],[84.76018,21.35912],[84.75803,21.36055],[84.75649,21.35991],[84.75558,21.35996],[84.75471,21.3603],[84.75246,21.36239]]]}},{"type":"Feature","properties":{"LCODE":"010300025002500172","LOCATION":"BADBAHAL","V_TYPE":"VILLAGE","BLOCK":"REAMAL","DISTRICT":"DEOGARH"},"geometry":{"type":"Polygon","coordinates":[[[84.65452,21.3676],[84.65549,21.37068],[84.65655,21.37016],[84.66154,21.37071],[84.66215,21.37096],[84.66268,21.3716],[84.6633,21.37295],[84.66339,21.37253],[84.66394,21.37226],[84.66735,21.37278],[84.66835,21.37194],[84.66833,21.37087],[84.66664,21.36932],[84.65781,21.36633],[84.65652,21.36625],[84.65548,21.36652],[84.65461,21.36713],[84.65452,21.3676]]]}},{"type":"Feature","properties":{"LCODE":"010300025002500180","LOCATION":"TIMUR","V_TYPE":"VILLAGE","BLOCK":"REAMAL","DISTRICT":"DEOGARH"},"geometry":{"type":"Polygon","coordinates":[[[84.62396,21.36905],[84.6242,21.36934],[84.6253,21.36948],[84.63109,21.36729],[84.63264,21.36641],[84.6328,21.36474],[84.63342,21.36458],[84.6342,21.36517],[84.63385,21.36678],[84.63421,21.36719],[84.63482,21.36708],[84.63596,21.36567],[84.63682,21.36546],[84.64064,21.36628],[84.64197,21.36699],[84.64604,21.37242],[84.64597,21.37264],[84.64794,21.37217],[84.64973,21.3714],[84.65181,21.36914],[84.65215,21.36789],[84.65211,21.36214],[84.65248,21.36008],[84.65057,21.36007],[84.65031,21.36055],[84.64927,21.36088],[84.64745,21.36061],[84.64622,21.35893],[84.64503,21.35947],[84.64009,21.35914],[84.63924,21.35936],[84.63657,21.36063],[84.63529,21.36077],[84.63101,21.36321],[84.62867,21.36397],[84.62756,21.36464],[84.62611,21.36639],[84.6243,21.36785],[84.62396,21.36905]]]}},{"type":"Feature","properties":{"LCODE":"010260024002400157","LOCATION":"BALARAMA","V_TYPE":"VILLAGE","BLOCK":"BARKOTE","DISTRICT":"DEOGARH"},"geometry":{"type":"Polygon","coordinates":[[[84.30875,21.36083],[84.30962,21.36299],[84.30878,21.36645],[84.30898,21.36749],[84.31078,21.36977],[84.3141,21.37236],[84.32199,21.36873],[84.32358,21.36768],[84.3251,21.36605],[84.32304,21.36296],[84.32316,21.36216],[84.32717,21.36118],[84.32632,21.35896],[84.32472,21.35897],[84.32399,21.35927],[84.32259,21.36055],[84.32076,21.36138],[84.31333,21.36082],[84.31186,21.36038],[84.3099,21.36086],[84.30875,21.36083]]]}},{"type":"Feature","properties":{"LCODE":"010300025002500158","LOCATION":"SAMBARU BARAPALI","V_TYPE":"VILLAGE","BLOCK":"REAMAL","DISTRICT":"DEOGARH"},"geometry":{"type":"Polygon","coordinates":[[[84.68048,21.36772],[84.68233,21.36952],[84.68555,21.37027],[84.68747,21.37134],[84.68806,21.37026],[84.68785,21.3686],[84.68713,21.36824],[84.68529,21.36607],[84.68368,21.36472],[84.68288,21.36448],[84.68178,21.36491],[84.68048,21.36772]]]}},{"type":"Feature","properties":{"LCODE":"010300025002500171","LOCATION":"DHARAMPUR","V_TYPE":"VILLAGE","BLOCK":"REAMAL","DISTRICT":"DEOGARH"},"geometry":{"type":"Polygon","coordinates":[[[84.66382,21.36754],[84.66393,21.36835],[84.66664,21.36932],[84.66833,21.37087],[84.67285,21.36725],[84.67261,21.36525],[84.67289,21.3587],[84.6712,21.35793],[84.66772,21.35539],[84.6674,21.36089],[84.66657,21.36237],[84.66418,21.36531],[84.66382,21.36754]]]}},{"type":"Feature","properties":{"LCODE":"010300025002500187","LOCATION":"BADSIMLOI","V_TYPE":"VILLAGE","BLOCK":"REAMAL","DISTRICT":"DEOGARH"},"geometry":{"type":"Polygon","coordinates":[[[84.59563,21.36463],[84.59777,21.36623],[84.60472,21.36913],[84.60706,21.37078],[84.60761,21.37073],[84.60794,21.36976],[84.60749,21.36832],[84.60743,21.36602],[84.60769,21.36545],[84.60812,21.36529],[84.60927,21.36577],[84.60988,21.36572],[84.60989,21.36504],[84.60932,21.36376],[84.61086,21.36121],[84.61069,21.36011],[84.61156,21.3549],[84.61265,21.35326],[84.61578,21.35134],[84.61626,21.35046],[84.61584,21.35016],[84.61407,21.35041],[84.61221,21.35141],[84.60839,21.35501],[84.6054,21.35719],[84.60161,21.36211],[84.60062,21.36261],[84.59872,21.36275],[84.59734,21.36404],[84.59563,21.36463]]]}},{"type":"Feature","properties":{"LCODE":"010300025002500155","LOCATION":"KAHNEIMUNDA","V_TYPE":"VILLAGE","BLOCK":"REAMAL","DISTRICT":"DEOGARH"},"geometry":{"type":"Polygon","coordinates":[[[84.70473,21.36677],[84.70518,21.36699],[84.70598,21.36868],[84.7063,21.36839],[84.70777,21.36813],[84.71113,21.36814],[84.71188,21.36764],[84.71291,21.36524],[84.71442,21.36338],[84.7159,21.36278],[84.71678,21.36279],[84.71746,21.36149],[84.71694,21.36015],[84.71467,21.3581],[84.71317,21.35744],[84.71104,21.35711],[84.7091,21.35752],[84.70844,21.35855],[84.70677,21.35898],[84.70546,21.36286],[84.70527,21.36572],[84.70473,21.36677]]]}},{"type":"Feature","properties":{"LCODE":"010300025002500162","LOCATION":"SUNARIPADA","V_TYPE":"VILLAGE","BLOCK":"REAMAL","DISTRICT":"DEOGARH"},"geometry":{"type":"Polygon","coordinates":[[[84.67258,21.35332],[84.67517,21.35789],[84.67648,21.35958],[84.67745,21.36196],[84.67876,21.36319],[84.68028,21.36592],[84.68101,21.36628],[84.68159,21.36514],[84.68221,21.36463],[84.68288,21.36448],[84.68368,21.36472],[84.68745,21.3684],[84.68865,21.36744],[84.6885,21.36223],[84.6894,21.36041],[84.68936,21.35708],[84.68872,21.35557],[84.68887,21.35477],[84.69177,21.35322],[84.69738,21.35121],[84.70058,21.34948],[84.69906,21.34751],[84.6978,21.34656],[84.69605,21.34549],[84.69363,21.34511],[84.69193,21.34938],[84.69118,21.35005],[84.68938,21.35093],[84.68505,21.35108],[84.68272,21.35143],[84.68197,21.35234],[84.68056,21.35242],[84.67855,21.3521],[84.6765,21.35119],[84.67463,21.34994],[84.67258,21.35332]]]}},{"type":"Feature","properties":{"LCODE":"010300025002500173","LOCATION":"REAMAL","V_TYPE":"VILLAGE","BLOCK":"REAMAL","DISTRICT":"DEOGARH"},"geometry":{"type":"Polygon","coordinates":[[[84.65205,21.36438],[84.65222,21.36639],[84.65452,21.3676],[84.65492,21.36679],[84.65591,21.36635],[84.65701,21.36626],[84.66393,21.36835],[84.66385,21.36634],[84.66418,21.36531],[84.66657,21.36237],[84.66754,21.36038],[84.66773,21.35521],[84.66752,21.35136],[84.66731,21.35116],[84.66406,21.35313],[84.66296,21.35334],[84.66231,21.35241],[84.66209,21.35137],[84.66234,21.34841],[84.66185,21.34872],[84.65997,21.3506],[84.66019,21.35173],[84.65907,21.3547],[84.65936,21.36033],[84.65781,21.36134],[84.65604,21.36107],[84.65334,21.36188],[84.65217,21.3618],[84.65205,21.36438]]]}},{"type":"Feature","properties":{"LCODE":"010300025002500159","LOCATION":"MANARPUR","V_TYPE":"VILLAGE","BLOCK":"REAMAL","DISTRICT":"DEOGARH"},"geometry":{"type":"Polygon","coordinates":[[[84.67621,21.36584],[84.67967,21.36755],[84.68048,21.36772],[84.68093,21.36691],[84.68101,21.36628],[84.68028,21.36592],[84.67876,21.36319],[84.67769,21.36227],[84.67774,21.36506],[84.67724,21.36557],[84.67621,21.36584]]]}},{"type":"Feature","properties":{"LCODE":"010300025002500160","LOCATION":"BELGOTHA","V_TYPE":"VILLAGE","BLOCK":"REAMAL","DISTRICT":"DEOGARH"},"geometry":{"type":"Polygon","coordinates":[[[84.67261,21.36525],[84.67285,21.36725],[84.67724,21.36557],[84.67774,21.36506],[84.67777,21.36421],[84.67656,21.36343],[84.67516,21.36317],[84.67332,21.36337],[84.67265,21.36353],[84.67261,21.36525]]]}},{"type":"Feature","properties":{"LCODE":"010300025002500156","LOCATION":"GOLA BANDHA","V_TYPE":"VILLAGE","BLOCK":"REAMAL","DISTRICT":"DEOGARH"},"geometry":{"type":"Polygon","coordinates":[[[84.6885,21.36223],[84.68858,21.36293],[84.6953,21.36352],[84.69918,21.36497],[84.70092,21.36616],[84.70473,21.36677],[84.70527,21.36572],[84.70546,21.36286],[84.70677,21.35898],[84.70844,21.35855],[84.7091,21.35752],[84.70841,21.35706],[84.70645,21.35466],[84.70441,21.35106],[84.70368,21.35053],[84.7021,21.3505],[84.70058,21.34948],[84.69738,21.35121],[84.69177,21.35322],[84.68887,21.35477],[84.68872,21.35557],[84.68936,21.35708],[84.6894,21.36041],[84.6885,21.36223]]]}},{"type":"Feature","properties":{"LCODE":"010300025002500190","LOCATION":"NISTURDUMA","V_TYPE":"VILLAGE","BLOCK":"REAMAL","DISTRICT":"DEOGARH"},"geometry":{"type":"Polygon","coordinates":[[[84.5671,21.36223],[84.56715,21.36252],[84.5683,21.36323],[84.56824,21.36513],[84.56983,21.36504],[84.57147,21.36542],[84.57309,21.36431],[84.57407,21.3645],[84.57511,21.36406],[84.5755,21.36332],[84.57559,21.36223],[84.57705,21.36013],[84.57681,21.35984],[84.57517,21.35952],[84.57482,21.36118],[84.57237,21.36148],[84.57091,21.36139],[84.56978,21.36051],[84.56794,21.36058],[84.56714,21.36097],[84.5671,21.36223]]]}},{"type":"Feature","properties":{"LCODE":"010300025002500189","LOCATION":"GAIMARUNI","V_TYPE":"VILLAGE","BLOCK":"REAMAL","DISTRICT":"DEOGARH"},"geometry":{"type":"Polygon","coordinates":[[[84.58897,21.35032],[84.59118,21.35254],[84.59206,21.354],[84.59265,21.35665],[84.5939,21.35788],[84.59486,21.36342],[84.59532,21.36429],[84.59563,21.36463],[84.59734,21.36404],[84.59849,21.36285],[84.59882,21.36126],[84.59906,21.35684],[84.59956,21.35392],[84.59916,21.35223],[84.59524,21.35119],[84.59071,21.34949],[84.58936,21.34952],[84.58897,21.35032]]]}},{"type":"Feature","properties":{"LCODE":"010300025002500161","LOCATION":"MAHIBAHAL","V_TYPE":"VILLAGE","BLOCK":"REAMAL","DISTRICT":"DEOGARH"},"geometry":{"type":"Polygon","coordinates":[[[84.67265,21.36353],[84.67516,21.36317],[84.67656,21.36343],[84.67777,21.36421],[84.67769,21.36227],[84.67648,21.35958],[84.67541,21.35804],[84.67362,21.35884],[84.67289,21.3587],[84.67265,21.36353]]]}},{"type":"Feature","properties":{"LCODE":"010300025002500186","LOCATION":"PANDARKHANDIA","V_TYPE":"VILLAGE","BLOCK":"REAMAL","DISTRICT":"DEOGARH"},"geometry":{"type":"Polygon","coordinates":[[[84.62274,21.36185],[84.62321,21.36249],[84.62504,21.36281],[84.6259,21.36248],[84.62753,21.36108],[84.62798,21.36023],[84.62849,21.35696],[84.63016,21.35378],[84.63058,21.35362],[84.6302,21.3523],[84.62731,21.35275],[84.62624,21.35387],[84.62602,21.35548],[84.6257,21.35599],[84.62514,21.35638],[84.62344,21.35676],[84.62353,21.35767],[84.62489,21.35907],[84.625,21.35959],[84.62486,21.36016],[84.62306,21.36128],[84.62274,21.36185]]]}},{"type":"Feature","properties":{"LCODE":"010300025002500188","LOCATION":"SANSIMLOI","V_TYPE":"VILLAGE","BLOCK":"REAMAL","DISTRICT":"DEOGARH"},"geometry":{"type":"Polygon","coordinates":[[[84.59849,21.36285],[84.60117,21.36245],[84.60616,21.35652],[84.60839,21.35501],[84.61221,21.35141],[84.61363,21.35058],[84.61536,21.35019],[84.61766,21.34825],[84.61855,21.34711],[84.61881,21.34632],[84.61836,21.34383],[84.61718,21.34582],[84.61594,21.34637],[84.61438,21.34778],[84.61099,21.34886],[84.61047,21.35006],[84.60891,21.35135],[84.60326,21.35255],[84.59916,21.35223],[84.59956,21.35392],[84.59849,21.36285]]]}},{"type":"Feature","properties":{"LCODE":"010260024002400158","LOCATION":"SUNAMUDI","V_TYPE":"VILLAGE","BLOCK":"BARKOTE","DISTRICT":"DEOGARH"},"geometry":{"type":"Polygon","coordinates":[[[84.32524,21.35603],[84.32543,21.35672],[84.3269,21.35688],[84.32747,21.35768],[84.32735,21.35837],[84.32632,21.35896],[84.32717,21.36118],[84.33265,21.36079],[84.33332,21.36095],[84.33561,21.36271],[84.33598,21.36265],[84.33622,21.36219],[84.33723,21.35936],[84.33784,21.35883],[84.34046,21.35771],[84.34156,21.35643],[84.34309,21.35578],[84.34352,21.35527],[84.34277,21.35464],[84.34126,21.35068],[84.33945,21.34822],[84.33829,21.34766],[84.33657,21.34751],[84.33407,21.34868],[84.33109,21.35194],[84.3299,21.35207],[84.33167,21.35527],[84.3318,21.3559],[84.33102,21.35712],[84.33004,21.35725],[84.32967,21.3569],[84.32996,21.35494],[84.32903,21.35438],[84.32634,21.35498],[84.32524,21.35603]]]}},{"type":"Feature","properties":{"LCODE":"010300025002500179","LOCATION":"MAHULMAL","V_TYPE":"VILLAGE","BLOCK":"REAMAL","DISTRICT":"DEOGARH"},"geometry":{"type":"Polygon","coordinates":[[[84.65217,21.3618],[84.65334,21.36188],[84.65604,21.36107],[84.65781,21.36134],[84.65898,21.36073],[84.6595,21.3597],[84.65909,21.35528],[84.65601,21.35498],[84.65446,21.35422],[84.6536,21.35603],[84.65217,21.3618]]]}},{"type":"Feature","properties":{"LCODE":"01026002400240rf","LOCATION":"RF","V_TYPE":"FOREST","BLOCK":"BARKOTE","DISTRICT":"DEOGARH"},"geometry":{"type":"Polygon","coordinates":[[[84.30364,21.35856],[84.30553,21.3586],[84.3083,21.3607],[84.30904,21.36092],[84.31186,21.36038],[84.31333,21.36082],[84.32076,21.36138],[84.32259,21.36055],[84.32399,21.35927],[84.32472,21.35897],[84.32638,21.35896],[84.32735,21.35837],[84.32747,21.35768],[84.3269,21.35688],[84.32562,21.35678],[84.32525,21.35649],[84.32555,21.35551],[84.32634,21.35498],[84.32835,21.35439],[84.32964,21.3546],[84.33002,21.3554],[84.32961,21.3565],[84.33004,21.35725],[84.33102,21.35712],[84.3318,21.3559],[84.3299,21.35207],[84.32944,21.35196],[84.32863,21.35099],[84.328,21.34909],[84.32811,21.34754],[84.32753,21.34449],[84.32516,21.34141],[84.32285,21.34328],[84.3138,21.34469],[84.31252,21.34534],[84.31185,21.3461],[84.311,21.34841],[84.31151,21.34904],[84.31152,21.35099],[84.31056,21.35302],[84.30867,21.35373],[84.30566,21.35376],[84.30493,21.35406],[84.30415,21.35551],[84.30364,21.35856]]]}},{"type":"Feature","properties":{"LCODE":"010300025002500181","LOCATION":"GHANTIAPALI","V_TYPE":"VILLAGE","BLOCK":"REAMAL","DISTRICT":"DEOGARH"},"geometry":{"type":"Polygon","coordinates":[[[84.64612,21.35448],[84.64648,21.35766],[84.64622,21.35893],[84.64691,21.36008],[84.64745,21.36061],[84.64811,21.3608],[84.64982,21.36083],[84.65057,21.36039],[84.65047,21.35912],[84.64977,21.35796],[84.64883,21.35673],[84.64612,21.35448]]]}},{"type":"Feature","properties":{"LCODE":"010300025002500182","LOCATION":"TALBAHALI","V_TYPE":"VILLAGE","BLOCK":"REAMAL","DISTRICT":"DEOGARH"},"geometry":{"type":"Polygon","coordinates":[[[84.63174,21.35869],[84.6318,21.35898],[84.63264,21.35934],[84.63502,21.35962],[84.63549,21.36009],[84.63529,21.36077],[84.63657,21.36063],[84.64009,21.35914],[84.64503,21.35947],[84.64602,21.35915],[84.64645,21.3587],[84.64648,21.35766],[84.64615,21.35352],[84.64518,21.35379],[84.64335,21.35352],[84.6404,21.34979],[84.63931,21.34942],[84.63707,21.34932],[84.63658,21.35103],[84.63555,21.35234],[84.63593,21.3528],[84.63591,21.35332],[84.63477,21.35496],[84.6343,21.35639],[84.6333,21.35746],[84.632,21.35806],[84.63174,21.35869]]]}},{"type":"Feature","properties":{"LCODE":"010300025002500178","LOCATION":"BABARAKOTE","V_TYPE":"VILLAGE","BLOCK":"REAMAL","DISTRICT":"DEOGARH"},"geometry":{"type":"Polygon","coordinates":[[[84.64608,21.35421],[84.64883,21.35673],[84.64977,21.35796],[84.65047,21.35912],[84.65057,21.36007],[84.65248,21.36008],[84.654,21.35483],[84.65617,21.35108],[84.65707,21.3488],[84.65617,21.34878],[84.65487,21.34709],[84.65408,21.34673],[84.65237,21.34669],[84.65065,21.34739],[84.65012,21.34906],[84.64949,21.34991],[84.64642,21.35278],[84.64608,21.35421]]]}},{"type":"Feature","properties":{"LCODE":"010300025002500191","LOCATION":"HITAM","V_TYPE":"VILLAGE","BLOCK":"REAMAL","DISTRICT":"DEOGARH"},"geometry":{"type":"Polygon","coordinates":[[[84.55042,21.35848],[84.55167,21.35929],[84.55302,21.35902],[84.55586,21.35558],[84.55658,21.35404],[84.55711,21.35233],[84.55753,21.34837],[84.55663,21.3452],[84.55529,21.34336],[84.55282,21.35045],[84.55289,21.35358],[84.55254,21.35504],[84.55168,21.35704],[84.55042,21.35848]]]}},{"type":"Feature","properties":{"LCODE":"010300025002500170","LOCATION":"GUDURIMUNDA","V_TYPE":"VILLAGE","BLOCK":"REAMAL","DISTRICT":"DEOGARH"},"geometry":{"type":"Polygon","coordinates":[[[84.66731,21.35116],[84.66757,21.35182],[84.66772,21.35539],[84.6712,21.35793],[84.67265,21.35864],[84.67362,21.35884],[84.67541,21.35804],[84.67284,21.35353],[84.67135,21.35218],[84.66797,21.35051],[84.66748,21.35061],[84.66731,21.35116]]]}},{"type":"Feature","properties":{"LCODE":"010300025002500185","LOCATION":"LAKHABAHAL","V_TYPE":"VILLAGE","BLOCK":"REAMAL","DISTRICT":"DEOGARH"},"geometry":{"type":"Polygon","coordinates":[[[84.61578,21.35134],[84.6169,21.35173],[84.61819,21.35389],[84.62259,21.35593],[84.62344,21.35676],[84.62514,21.35638],[84.6257,21.35599],[84.62602,21.35548],[84.62624,21.35387],[84.62731,21.35275],[84.6302,21.3523],[84.62997,21.35154],[84.6286,21.3503],[84.62594,21.34944],[84.62302,21.34898],[84.62045,21.34893],[84.61824,21.34946],[84.61624,21.35044],[84.61578,21.35134]]]}},{"type":"Feature","properties":{"LCODE":"010300025002500239","LOCATION":"SATKIARI","V_TYPE":"VILLAGE","BLOCK":"REAMAL","DISTRICT":"DEOGARH"},"geometry":{"type":"Polygon","coordinates":[[[84.77744,21.35119],[84.77876,21.35329],[84.7801,21.35462],[84.7801,21.35502],[84.78138,21.35541],[84.78452,21.35165],[84.78496,21.34935],[84.78484,21.34722],[84.78333,21.34279],[84.78462,21.3401],[84.78494,21.33786],[84.78489,21.33544],[84.78398,21.33193],[84.77962,21.33565],[84.77827,21.33742],[84.77789,21.33851],[84.77769,21.3402],[84.77959,21.34438],[84.77952,21.34536],[84.77744,21.35119]]]}},{"type":"Feature","properties":{"LCODE":"010300025002500177","LOCATION":"BRAHMANIMAL","V_TYPE":"VILLAGE","BLOCK":"REAMAL","DISTRICT":"DEOGARH"},"geometry":{"type":"Polygon","coordinates":[[[84.65446,21.35422],[84.65601,21.35498],[84.65909,21.35528],[84.65935,21.35361],[84.6602,21.35122],[84.65874,21.34854],[84.65768,21.34757],[84.65446,21.35422]]]}},{"type":"Feature","properties":{"LCODE":"010300025002500237","LOCATION":"TILEIPOSI","V_TYPE":"VILLAGE","BLOCK":"REAMAL","DISTRICT":"DEOGARH"},"geometry":{"type":"Polygon","coordinates":[[[84.71347,21.3531],[84.71362,21.35375],[84.7147,21.35415],[84.71564,21.35287],[84.71624,21.35102],[84.71474,21.35054],[84.71436,21.35079],[84.71394,21.35162],[84.71419,21.35247],[84.71347,21.3531]]]}},{"type":"Feature","properties":{"LCODE":"010300025002500183","LOCATION":"MALEIPADA","V_TYPE":"VILLAGE","BLOCK":"REAMAL","DISTRICT":"DEOGARH"},"geometry":{"type":"Polygon","coordinates":[[[84.63548,21.34763],[84.63696,21.34782],[84.63707,21.34932],[84.63931,21.34942],[84.6404,21.34979],[84.64335,21.35352],[84.64518,21.35379],[84.64615,21.35352],[84.64642,21.35278],[84.65012,21.34906],[84.65063,21.34792],[84.65058,21.34517],[84.65274,21.33987],[84.64854,21.34128],[84.6461,21.3414],[84.64201,21.34373],[84.64115,21.34394],[84.63921,21.34379],[84.63672,21.34564],[84.63548,21.34763]]]}},{"type":"Feature","properties":{"LCODE":"010300025002500184","LOCATION":"RAJAMUNDA","V_TYPE":"VILLAGE","BLOCK":"REAMAL","DISTRICT":"DEOGARH"},"geometry":{"type":"Polygon","coordinates":[[[84.62824,21.35016],[84.62997,21.35154],[84.63058,21.35362],[84.63242,21.35336],[84.63555,21.35234],[84.63683,21.35047],[84.63714,21.34812],[84.63642,21.34764],[84.63557,21.34763],[84.63177,21.34818],[84.62892,21.34956],[84.62824,21.35016]]]}},{"type":"Feature","properties":{"LCODE":"010300025002500174","LOCATION":"KHAIRPALI","V_TYPE":"VILLAGE","BLOCK":"REAMAL","DISTRICT":"DEOGARH"},"geometry":{"type":"Polygon","coordinates":[[[84.66205,21.35045],[84.66231,21.35241],[84.66296,21.35334],[84.66406,21.35313],[84.66731,21.35116],[84.66282,21.3472],[84.66215,21.34896],[84.66205,21.35045]]]}},{"type":"Feature","properties":{"LCODE":"010300025002500169","LOCATION":"DUBAMUNDA","V_TYPE":"VILLAGE","BLOCK":"REAMAL","DISTRICT":"DEOGARH"},"geometry":{"type":"Polygon","coordinates":[[[84.66493,21.3489],[84.66579,21.35],[84.66731,21.35116],[84.66748,21.35061],[84.66863,21.35075],[84.67027,21.35147],[84.67258,21.35332],[84.67463,21.34994],[84.67229,21.34835],[84.66943,21.34691],[84.66884,21.3476],[84.66723,21.34848],[84.66493,21.3489]]]}},{"type":"Feature","properties":{"LCODE":"010300025002500154","LOCATION":"SUNDHINALI","V_TYPE":"VILLAGE","BLOCK":"REAMAL","DISTRICT":"DEOGARH"},"geometry":{"type":"Polygon","coordinates":[[[84.77188,21.34159],[84.77188,21.34262],[84.77254,21.34504],[84.77295,21.35108],[84.77343,21.35229],[84.77441,21.35252],[84.77662,21.35104],[84.77711,21.35087],[84.77744,21.35119],[84.77952,21.34536],[84.77959,21.34438],[84.77769,21.3402],[84.77575,21.3389],[84.77502,21.33879],[84.77263,21.33918],[84.77207,21.34015],[84.77188,21.34159]]]}},{"type":"Feature","properties":{"LCODE":"010300025002500164","LOCATION":"BHITARPADA","V_TYPE":"VILLAGE","BLOCK":"REAMAL","DISTRICT":"DEOGARH"},"geometry":{"type":"Polygon","coordinates":[[[84.66943,21.34616],[84.66943,21.34691],[84.67229,21.34835],[84.6765,21.35119],[84.67953,21.35235],[84.68197,21.35234],[84.68311,21.35081],[84.68396,21.34836],[84.68413,21.34428],[84.67658,21.34298],[84.67294,21.343],[84.67295,21.34417],[84.67244,21.34502],[84.66943,21.34616]]]}},{"type":"Feature","properties":{"LCODE":"010300025002500163","LOCATION":"JATIANALI","V_TYPE":"VILLAGE","BLOCK":"REAMAL","DISTRICT":"DEOGARH"},"geometry":{"type":"Polygon","coordinates":[[[84.68272,21.35143],[84.68505,21.35108],[84.68938,21.35093],[84.69118,21.35005],[84.69238,21.34864],[84.69363,21.34511],[84.69035,21.34406],[84.68666,21.34225],[84.68579,21.34328],[84.68413,21.34428],[84.68396,21.34836],[84.68272,21.35143]]]}},{"type":"Feature","properties":{"LCODE":"010300025002500238","LOCATION":"SINDURAKHOL","V_TYPE":"VILLAGE","BLOCK":"REAMAL","DISTRICT":"DEOGARH"},"geometry":{"type":"Polygon","coordinates":[[[84.75103,21.35017],[84.75145,21.35086],[84.75274,21.35092],[84.75317,21.35],[84.75305,21.34943],[84.7525,21.34897],[84.75158,21.34896],[84.75103,21.35017]]]}},{"type":"Feature","properties":{"LCODE":"010300025002500175","LOCATION":"PATHARGHAT","V_TYPE":"VILLAGE","BLOCK":"REAMAL","DISTRICT":"DEOGARH"},"geometry":{"type":"Polygon","coordinates":[[[84.65768,21.34757],[84.65874,21.34854],[84.65997,21.3506],[84.66234,21.34841],[84.66389,21.34526],[84.66788,21.34233],[84.6646,21.33907],[84.66399,21.33906],[84.66299,21.34001],[84.66155,21.34016],[84.66135,21.34165],[84.66032,21.34387],[84.65768,21.34757]]]}},{"type":"Feature","properties":{"LCODE":"010300025002500200","LOCATION":"HARIHARPUR","V_TYPE":"VILLAGE","BLOCK":"REAMAL","DISTRICT":"DEOGARH"},"geometry":{"type":"Polygon","coordinates":[[[84.6136,21.32175],[84.61433,21.32411],[84.61737,21.32435],[84.61939,21.32416],[84.6203,21.32446],[84.62137,21.32552],[84.62199,21.32748],[84.6218,21.32995],[84.62202,21.33346],[84.62174,21.33448],[84.61925,21.33673],[84.61578,21.33903],[84.61826,21.34205],[84.61881,21.34632],[84.61804,21.34785],[84.61536,21.35019],[84.61624,21.35044],[84.61824,21.34946],[84.62161,21.3489],[84.62508,21.34925],[84.62824,21.35016],[84.62892,21.34956],[84.63177,21.34818],[84.63548,21.34763],[84.63672,21.34564],[84.63846,21.34424],[84.63993,21.3437],[84.63977,21.34306],[84.64081,21.34066],[84.64105,21.33831],[84.64137,21.33792],[84.64801,21.33374],[84.64994,21.33217],[84.65043,21.33212],[84.65073,21.33242],[84.65012,21.33476],[84.6476,21.34022],[84.64641,21.34137],[84.64854,21.34128],[84.65274,21.33987],[84.6546,21.33853],[84.65582,21.33642],[84.65621,21.33517],[84.65614,21.33344],[84.6554,21.33079],[84.65503,21.3279],[84.6544,21.32692],[84.6542,21.32554],[84.65322,21.32557],[84.65282,21.32459],[84.65105,21.32421],[84.65052,21.32357],[84.64844,21.3241],[84.64793,21.32472],[84.64738,21.32488],[84.64661,21.32418],[84.64489,21.32443],[84.64358,21.32567],[84.64215,21.32897],[84.64145,21.32994],[84.64059,21.33256],[84.64039,21.33572],[84.6389,21.33908],[84.63599,21.34292],[84.63207,21.34595],[84.63134,21.34587],[84.63085,21.34569],[84.62937,21.34394],[84.62727,21.34034],[84.62755,21.33902],[84.62972,21.33522],[84.63083,21.33248],[84.63138,21.32772],[84.63023,21.32523],[84.62978,21.32356],[84.62884,21.31504],[84.62786,21.31284],[84.62637,21.31166],[84.62382,21.31098],[84.62506,21.31496],[84.62456,21.31765],[84.62443,21.32047],[84.62354,21.32177],[84.62244,21.32186],[84.61893,21.32047],[84.6139,21.31954],[84.61391,21.32129],[84.6136,21.32175]]]}},{"type":"Feature","properties":{"LCODE":"010300025002500168","LOCATION":"TELIMUNDA","V_TYPE":"VILLAGE","BLOCK":"REAMAL","DISTRICT":"DEOGARH"},"geometry":{"type":"Polygon","coordinates":[[[84.66282,21.3472],[84.66493,21.3489],[84.6657,21.34885],[84.66791,21.34815],[84.66927,21.3472],[84.66953,21.34658],[84.6693,21.346],[84.66768,21.34499],[84.66727,21.34435],[84.66705,21.34312],[84.66563,21.3438],[84.66389,21.34526],[84.66282,21.3472]]]}},{"type":"Feature","properties":{"LCODE":"010300025002500176","LOCATION":"RENGALBAHAL","V_TYPE":"VILLAGE","BLOCK":"REAMAL","DISTRICT":"DEOGARH"},"geometry":{"type":"Polygon","coordinates":[[[84.65057,21.34597],[84.65065,21.34739],[84.65237,21.34669],[84.65408,21.34673],[84.65487,21.34709],[84.65617,21.34878],[84.65707,21.3488],[84.65748,21.34783],[84.66032,21.34387],[84.66155,21.34102],[84.66155,21.34016],[84.66019,21.33978],[84.66022,21.33801],[84.65914,21.33741],[84.65676,21.33753],[84.65603,21.33746],[84.65552,21.33707],[84.6546,21.33853],[84.6528,21.3397],[84.65168,21.34289],[84.65079,21.34448],[84.65057,21.34597]]]}},{"type":"Feature","properties":{"LCODE":"010300025002500236","LOCATION":"BURBUDA","V_TYPE":"VILLAGE","BLOCK":"REAMAL","DISTRICT":"DEOGARH"},"geometry":{"type":"Polygon","coordinates":[[[84.71254,21.34289],[84.71329,21.3444],[84.71301,21.34577],[84.71494,21.3469],[84.71603,21.3471],[84.71701,21.34482],[84.71744,21.34465],[84.72478,21.34624],[84.72588,21.34626],[84.72643,21.34615],[84.72756,21.34503],[84.73334,21.34353],[84.7337,21.34337],[84.7339,21.34274],[84.73302,21.34146],[84.73312,21.33968],[84.73132,21.33873],[84.73064,21.33871],[84.72867,21.33971],[84.72506,21.33987],[84.72291,21.34045],[84.72102,21.34053],[84.71986,21.34011],[84.71909,21.33917],[84.71895,21.33768],[84.71835,21.33692],[84.71667,21.33619],[84.71563,21.33612],[84.71502,21.33616],[84.71388,21.33681],[84.71336,21.33776],[84.71594,21.33831],[84.71647,21.33924],[84.71621,21.33981],[84.71507,21.34174],[84.71396,21.34223],[84.71286,21.34227],[84.71254,21.34289]]]}},{"type":"Feature","properties":{"LCODE":"010300025002500167","LOCATION":"FULSARNALI","V_TYPE":"VILLAGE","BLOCK":"REAMAL","DISTRICT":"DEOGARH"},"geometry":{"type":"Polygon","coordinates":[[[84.66705,21.34312],[84.66727,21.34435],[84.66768,21.34499],[84.66943,21.34616],[84.67244,21.34502],[84.67295,21.34417],[84.67303,21.34343],[84.67252,21.34164],[84.67137,21.34007],[84.67012,21.34033],[84.66901,21.34094],[84.66705,21.34312]]]}},{"type":"Feature","properties":{"LCODE":"010300025002500198","LOCATION":"KADO PADA","V_TYPE":"VILLAGE","BLOCK":"REAMAL","DISTRICT":"DEOGARH"},"geometry":{"type":"Polygon","coordinates":[[[84.62727,21.34034],[84.62937,21.34394],[84.63085,21.34569],[84.6317,21.346],[84.63599,21.34292],[84.63744,21.34129],[84.63992,21.33709],[84.64039,21.33572],[84.64059,21.33256],[84.64145,21.32994],[84.6426,21.32806],[84.64275,21.32715],[84.63881,21.32586],[84.63528,21.32786],[84.63368,21.32829],[84.63277,21.32833],[84.63138,21.32772],[84.63083,21.33248],[84.62972,21.33522],[84.62755,21.33902],[84.62727,21.34034]]]}},{"type":"Feature","properties":{"LCODE":"010300025002500194","LOCATION":"PURUNAPANI","V_TYPE":"VILLAGE","BLOCK":"REAMAL","DISTRICT":"DEOGARH"},"geometry":{"type":"Polygon","coordinates":[[[84.59965,21.34142],[84.59967,21.34204],[84.60028,21.34264],[84.60296,21.34374],[84.6088,21.34461],[84.60901,21.34405],[84.60845,21.34276],[84.60673,21.34192],[84.60596,21.34207],[84.60452,21.34156],[84.60126,21.3411],[84.59965,21.34142]]]}},{"type":"Feature","properties":{"LCODE":"010300025002500165","LOCATION":"DEBICHUA(NUTAN)","V_TYPE":"VILLAGE","BLOCK":"REAMAL","DISTRICT":"DEOGARH"},"geometry":{"type":"Polygon","coordinates":[[[84.67799,21.34319],[84.68436,21.34428],[84.68579,21.34328],[84.68666,21.34225],[84.6836,21.34059],[84.68021,21.33936],[84.68,21.34052],[84.67799,21.34319]]]}},{"type":"Feature","properties":{"LCODE":"010300025002500199","LOCATION":"KAKHARUMAL","V_TYPE":"VILLAGE","BLOCK":"REAMAL","DISTRICT":"DEOGARH"},"geometry":{"type":"Polygon","coordinates":[[[84.63977,21.34306],[84.63993,21.3437],[84.64115,21.34394],[84.64201,21.34373],[84.64703,21.34085],[84.6476,21.34022],[84.64921,21.33693],[84.65073,21.33242],[84.65043,21.33212],[84.64963,21.33234],[84.64801,21.33374],[84.64137,21.33792],[84.64105,21.33831],[84.64081,21.34066],[84.63977,21.34306]]]}},{"type":"Feature","properties":{"LCODE":"010300025002500166","LOCATION":"DEBICHUA(SABAKA)","V_TYPE":"VILLAGE","BLOCK":"REAMAL","DISTRICT":"DEOGARH"},"geometry":{"type":"Polygon","coordinates":[[[84.67076,21.33883],[84.67117,21.33983],[84.67252,21.34164],[84.67294,21.343],[84.67799,21.34319],[84.67956,21.34126],[84.6802,21.33995],[84.68021,21.33936],[84.67899,21.3393],[84.67366,21.33776],[84.67076,21.33883]]]}},{"type":"Feature","properties":{"LCODE":"010300025002500229","LOCATION":"SAPUINALI","V_TYPE":"VILLAGE","BLOCK":"REAMAL","DISTRICT":"DEOGARH"},"geometry":{"type":"Polygon","coordinates":[[[84.66247,21.33994],[84.66299,21.34001],[84.66399,21.33906],[84.6646,21.33907],[84.66788,21.34233],[84.66901,21.34094],[84.67012,21.34033],[84.67137,21.34007],[84.67076,21.33883],[84.67028,21.33861],[84.66751,21.33476],[84.66747,21.3339],[84.66685,21.33307],[84.66575,21.33432],[84.66365,21.33532],[84.66321,21.33588],[84.66313,21.3391],[84.66247,21.33994]]]}},{"type":"Feature","properties":{"LCODE":"010300025002500192","LOCATION":"JADAGOLA","V_TYPE":"VILLAGE","BLOCK":"REAMAL","DISTRICT":"DEOGARH"},"geometry":{"type":"Polygon","coordinates":[[[84.55795,21.33511],[84.55895,21.3376],[84.5582,21.34154],[84.5593,21.34157],[84.55973,21.34124],[84.55981,21.34061],[84.55927,21.33841],[84.55932,21.33629],[84.56008,21.33516],[84.5629,21.33492],[84.56517,21.33434],[84.56555,21.33377],[84.5686,21.33182],[84.57107,21.33078],[84.57204,21.33068],[84.57434,21.33153],[84.57574,21.33162],[84.57672,21.33135],[84.57731,21.33004],[84.57835,21.32983],[84.57916,21.32916],[84.57921,21.32738],[84.57979,21.32636],[84.57987,21.32561],[84.57942,21.324],[84.57813,21.32202],[84.57645,21.32107],[84.57381,21.3217],[84.57157,21.32097],[84.57096,21.32101],[84.56941,21.3219],[84.56787,21.32204],[84.56784,21.3229],[84.56728,21.32379],[84.5655,21.32513],[84.56446,21.32757],[84.56197,21.3293],[84.56014,21.33304],[84.55795,21.33511]]]}},{"type":"Feature","properties":{"LCODE":"010300025002500228","LOCATION":"PATRAPALI","V_TYPE":"VILLAGE","BLOCK":"REAMAL","DISTRICT":"DEOGARH"},"geometry":{"type":"Polygon","coordinates":[[[84.65552,21.33707],[84.65603,21.33746],[84.65963,21.33753],[84.66022,21.33801],[84.66013,21.33938],[84.66036,21.34002],[84.66212,21.34011],[84.66313,21.3391],[84.66321,21.33588],[84.66365,21.33532],[84.66575,21.33432],[84.66685,21.33307],[84.666,21.33186],[84.66402,21.33021],[84.66037,21.33249],[84.65891,21.33218],[84.65707,21.33226],[84.65594,21.33282],[84.65621,21.33517],[84.65552,21.33707]]]}},{"type":"Feature","properties":{"LCODE":"010300025002500197","LOCATION":"DASA GHARIA  (PAIKI)","V_TYPE":"VILLAGE","BLOCK":"REAMAL","DISTRICT":"DEOGARH"},"geometry":{"type":"Polygon","coordinates":[[[84.6088,21.33468],[84.6146,21.33687],[84.61578,21.33903],[84.61925,21.33673],[84.62012,21.33572],[84.62131,21.33493],[84.62194,21.33403],[84.62199,21.32748],[84.62137,21.32552],[84.6203,21.32446],[84.61939,21.32416],[84.61737,21.32435],[84.61433,21.32411],[84.61386,21.32542],[84.61194,21.32677],[84.61068,21.32829],[84.6098,21.33143],[84.60922,21.33246],[84.6088,21.33468]]]}},{"type":"Feature","properties":{"LCODE":"010300025002500193","LOCATION":"BAGHAMARI","V_TYPE":"VILLAGE","BLOCK":"REAMAL","DISTRICT":"DEOGARH"},"geometry":{"type":"Polygon","coordinates":[[[84.58059,21.33304],[84.58092,21.33402],[84.58165,21.33444],[84.58302,21.33308],[84.5837,21.33304],[84.58384,21.33678],[84.5846,21.33805],[84.5854,21.33807],[84.58695,21.33678],[84.5897,21.33695],[84.58995,21.33673],[84.58972,21.33592],[84.58895,21.33533],[84.58615,21.33504],[84.58512,21.33456],[84.58491,21.33352],[84.58646,21.33241],[84.58611,21.33177],[84.58527,21.33129],[84.584,21.33092],[84.58259,21.33112],[84.5811,21.33207],[84.58059,21.33304]]]}},{"type":"Feature","properties":{"LCODE":"010300025002500232","LOCATION":"BANDHALI","V_TYPE":"VILLAGE","BLOCK":"REAMAL","DISTRICT":"DEOGARH"},"geometry":{"type":"Polygon","coordinates":[[[84.70438,21.33463],[84.70503,21.33533],[84.70486,21.33705],[84.70547,21.33752],[84.71114,21.33746],[84.71336,21.33776],[84.71388,21.33681],[84.71227,21.33398],[84.71143,21.33299],[84.71059,21.33251],[84.70869,21.33245],[84.70844,21.33327],[84.70573,21.33391],[84.70463,21.33429],[84.70438,21.33463]]]}},{"type":"Feature","properties":{"LCODE":"010300025002500195","LOCATION":"HARAPALI","V_TYPE":"VILLAGE","BLOCK":"REAMAL","DISTRICT":"DEOGARH"},"geometry":{"type":"Polygon","coordinates":[[[84.59332,21.33404],[84.59355,21.33444],[84.59603,21.33518],[84.59776,21.33464],[84.59965,21.33221],[84.59981,21.33072],[84.60056,21.32993],[84.60221,21.32911],[84.60252,21.32738],[84.60229,21.32613],[84.60169,21.32656],[84.60011,21.32665],[84.59893,21.32714],[84.59634,21.33059],[84.59547,21.33098],[84.59395,21.33083],[84.59362,21.33174],[84.59415,21.33256],[84.59408,21.33296],[84.59332,21.33404]]]}},{"type":"Feature","properties":{"LCODE":"010300025002500233","LOCATION":"BALIJURI","V_TYPE":"VILLAGE","BLOCK":"REAMAL","DISTRICT":"DEOGARH"},"geometry":{"type":"Polygon","coordinates":[[[84.70027,21.33148],[84.70281,21.33486],[84.70389,21.33451],[84.70438,21.33463],[84.70463,21.33429],[84.70573,21.33391],[84.70844,21.33327],[84.70863,21.33293],[84.70869,21.33245],[84.70835,21.33189],[84.70612,21.33059],[84.70556,21.32862],[84.70496,21.32838],[84.70377,21.32922],[84.7014,21.32915],[84.70112,21.33055],[84.70027,21.33148]]]}},{"type":"Feature","properties":{"LCODE":"010300025002500196","LOCATION":"DASA GHARIA (RAYATI)","V_TYPE":"VILLAGE","BLOCK":"REAMAL","DISTRICT":"DEOGARH"},"geometry":{"type":"Polygon","coordinates":[[[84.60188,21.32381],[84.60254,21.32675],[84.60221,21.32911],[84.60292,21.33084],[84.60305,21.33274],[84.60442,21.33414],[84.60686,21.33407],[84.6088,21.33468],[84.60922,21.33246],[84.6098,21.33143],[84.61068,21.32829],[84.61194,21.32677],[84.61386,21.32542],[84.61419,21.32457],[84.61428,21.32342],[84.61366,21.3218],[84.61079,21.3214],[84.60695,21.3215],[84.60465,21.32122],[84.60462,21.32174],[84.60208,21.3233],[84.60188,21.32381]]]}},{"type":"Feature","properties":{"LCODE":"010300025002500231","LOCATION":"KANKARKHOL","V_TYPE":"VILLAGE","BLOCK":"REAMAL","DISTRICT":"DEOGARH"},"geometry":{"type":"Polygon","coordinates":[[[84.68517,21.32981],[84.68665,21.33095],[84.69161,21.3326],[84.6931,21.33376],[84.69604,21.33332],[84.69732,21.33122],[84.69878,21.33107],[84.70027,21.33148],[84.70112,21.33055],[84.7014,21.32915],[84.69984,21.32805],[84.69705,21.32707],[84.69549,21.32618],[84.69334,21.32401],[84.6917,21.32375],[84.69102,21.32403],[84.68977,21.32549],[84.68811,21.32592],[84.68706,21.32659],[84.68658,21.32652],[84.68602,21.32904],[84.68517,21.32981]]]}},{"type":"Feature","properties":{"LCODE":"010300025002500240","LOCATION":"BIJANALI","V_TYPE":"VILLAGE","BLOCK":"REAMAL","DISTRICT":"DEOGARH"},"geometry":{"type":"Polygon","coordinates":[[[84.76936,21.3299],[84.76954,21.33042],[84.77039,21.33083],[84.77222,21.33274],[84.77455,21.33355],[84.77638,21.3335],[84.77755,21.3323],[84.77824,21.33065],[84.77481,21.32873],[84.76965,21.32785],[84.76936,21.3299]]]}},{"type":"Feature","properties":{"LCODE":"010300025002500227","LOCATION":"KHANDUMUNDA","V_TYPE":"VILLAGE","BLOCK":"REAMAL","DISTRICT":"DEOGARH"},"geometry":{"type":"Polygon","coordinates":[[[84.65503,21.3279],[84.65594,21.33282],[84.65788,21.33216],[84.66037,21.33249],[84.66402,21.33021],[84.66286,21.32789],[84.66209,21.32696],[84.65884,21.32511],[84.65806,21.32492],[84.65707,21.32536],[84.65503,21.3279]]]}},{"type":"Feature","properties":{"LCODE":"010300025002500234","LOCATION":"BADJHARAN","V_TYPE":"VILLAGE","BLOCK":"REAMAL","DISTRICT":"DEOGARH"},"geometry":{"type":"Polygon","coordinates":[[[84.70842,21.32644],[84.70912,21.3276],[84.70938,21.32944],[84.70998,21.33015],[84.71094,21.33068],[84.71167,21.33075],[84.71351,21.33039],[84.71424,21.33052],[84.71586,21.33158],[84.71641,21.33159],[84.71768,21.32949],[84.71928,21.32788],[84.71915,21.32648],[84.71864,21.32503],[84.71882,21.32278],[84.71736,21.3226],[84.71592,21.3217],[84.71536,21.32181],[84.71401,21.3223],[84.71331,21.32343],[84.71219,21.32445],[84.7092,21.32509],[84.70844,21.32592],[84.70842,21.32644]]]}},{"type":"Feature","properties":{"LCODE":"010300025002500241","LOCATION":"SIMILITA","V_TYPE":"VILLAGE","BLOCK":"REAMAL","DISTRICT":"DEOGARH"},"geometry":{"type":"Polygon","coordinates":[[[84.76774,21.32214],[84.76791,21.32518],[84.76965,21.32785],[84.77481,21.32873],[84.77824,21.33065],[84.7786,21.3303],[84.78074,21.33129],[84.78401,21.33153],[84.78467,21.32912],[84.78436,21.3278],[84.78303,21.32555],[84.77711,21.31868],[84.77663,21.31672],[84.77696,21.31548],[84.77351,21.3159],[84.77254,21.31572],[84.77205,21.31515],[84.77187,21.31457],[84.77299,21.31159],[84.77311,21.31015],[84.77244,21.30997],[84.76987,21.31042],[84.76932,21.31116],[84.76888,21.31444],[84.76941,21.31726],[84.76929,21.31824],[84.76885,21.31978],[84.76787,21.3211],[84.76774,21.32214]]]}},{"type":"Feature","properties":{"LCODE":"010300025002500242","LOCATION":"SIMILIHATA","V_TYPE":"VILLAGE","BLOCK":"REAMAL","DISTRICT":"DEOGARH"},"geometry":{"type":"Polygon","coordinates":[[[84.77663,21.31672],[84.77711,21.31868],[84.78303,21.32555],[84.78388,21.32687],[84.78467,21.32912],[84.78445,21.32999],[84.78614,21.32948],[84.78682,21.32677],[84.78953,21.32276],[84.79008,21.32145],[84.79207,21.31474],[84.78773,21.31115],[84.7856,21.30889],[84.78505,21.30883],[84.78198,21.311],[84.77995,21.31329],[84.77696,21.31548],[84.77663,21.31672]]]}},{"type":"Feature","properties":{"LCODE":"010300025002500230","LOCATION":"MADHUPALI","V_TYPE":"VILLAGE","BLOCK":"REAMAL","DISTRICT":"DEOGARH"},"geometry":{"type":"Polygon","coordinates":[[[84.67362,21.32454],[84.67579,21.32596],[84.68347,21.32864],[84.68456,21.32912],[84.68517,21.32981],[84.68602,21.32904],[84.68648,21.32778],[84.68658,21.32652],[84.68082,21.32463],[84.68003,21.32455],[84.67965,21.32535],[84.67921,21.32552],[84.67529,21.32383],[84.67388,21.32409],[84.67362,21.32454]]]}},{"type":"Feature","properties":{"LCODE":"010300025002500235","LOCATION":"KIRTANPALI","V_TYPE":"VILLAGE","BLOCK":"REAMAL","DISTRICT":"DEOGARH"},"geometry":{"type":"Polygon","coordinates":[[[84.7186,21.32434],[84.71928,21.32788],[84.7218,21.32808],[84.72665,21.32703],[84.73042,21.32779],[84.73128,21.32729],[84.73106,21.32637],[84.72979,21.32577],[84.72292,21.31983],[84.72221,21.31884],[84.72158,21.31722],[84.72091,21.31721],[84.72072,21.31749],[84.72081,21.31876],[84.71999,21.31949],[84.72002,21.32121],[84.71931,21.32258],[84.71882,21.32278],[84.7186,21.32434]]]}},{"type":"Feature","properties":{"LCODE":"010300025002500210","LOCATION":"KUKUTI NALI","V_TYPE":"VILLAGE","BLOCK":"REAMAL","DISTRICT":"DEOGARH"},"geometry":{"type":"Polygon","coordinates":[[[84.58011,21.32349],[84.58103,21.32541],[84.58176,21.32554],[84.58281,21.32515],[84.58326,21.3243],[84.58337,21.32224],[84.58418,21.32174],[84.58504,21.32164],[84.58564,21.31969],[84.584,21.31949],[84.58196,21.31976],[84.58141,21.32042],[84.58094,21.32202],[84.58018,21.32298],[84.58011,21.32349]]]}},{"type":"Feature","properties":{"LCODE":"010300025002500244","LOCATION":"CHINGUDI JHARANA","V_TYPE":"VILLAGE","BLOCK":"REAMAL","DISTRICT":"DEOGARH"},"geometry":{"type":"Polygon","coordinates":[[[84.73421,21.31971],[84.73455,21.32052],[84.7356,21.32043],[84.7362,21.32079],[84.73758,21.32414],[84.73817,21.32502],[84.73865,21.32526],[84.74228,21.32401],[84.7454,21.32367],[84.74913,21.32087],[84.75113,21.31813],[84.75093,21.3163],[84.74979,21.31273],[84.74696,21.30687],[84.74589,21.30618],[84.74232,21.3093],[84.74141,21.3094],[84.74063,21.30869],[84.73999,21.30719],[84.73951,21.30695],[84.73884,21.30694],[84.73729,21.30823],[84.73683,21.30931],[84.73779,21.313],[84.73772,21.31536],[84.7367,21.31735],[84.73472,21.31875],[84.73421,21.31971]]]}},{"type":"Feature","properties":{"LCODE":"010300025002500205","LOCATION":"KUMAL(PAIKI)","V_TYPE":"VILLAGE","BLOCK":"REAMAL","DISTRICT":"DEOGARH"},"geometry":{"type":"Polygon","coordinates":[[[84.60829,21.30837],[84.60873,21.30936],[84.60888,21.31315],[84.60979,21.31535],[84.61134,21.31688],[84.61395,21.31767],[84.61417,21.31854],[84.6139,21.31954],[84.61893,21.32047],[84.62244,21.32186],[84.62354,21.32177],[84.62392,21.32143],[84.62457,21.31978],[84.62456,21.31765],[84.62506,21.31496],[84.62355,21.3099],[84.62196,21.3099],[84.62083,21.30862],[84.61912,21.30876],[84.61882,21.30841],[84.61903,21.30766],[84.61837,21.30719],[84.61726,21.30769],[84.61626,21.30752],[84.61333,21.30847],[84.60829,21.30837]]]}},{"type":"Feature","properties":{"LCODE":"010300025002500206","LOCATION":"KUMAL(RAYATI)","V_TYPE":"VILLAGE","BLOCK":"REAMAL","DISTRICT":"DEOGARH"},"geometry":{"type":"Polygon","coordinates":[[[84.60284,21.31303],[84.60286,21.31479],[84.6043,21.31536],[84.60506,21.31675],[84.60493,21.31726],[84.60374,21.31822],[84.60354,21.3189],[84.60465,21.32122],[84.60695,21.3215],[84.61079,21.3214],[84.61323,21.32179],[84.61385,21.32158],[84.61417,21.31854],[84.61395,21.31767],[84.61134,21.31688],[84.61015,21.31593],[84.60888,21.31315],[84.60851,21.30872],[84.60688,21.30685],[84.60504,21.30825],[84.60397,21.30955],[84.6032,21.31103],[84.60284,21.31303]]]}},{"type":"Feature","properties":{"LCODE":"010300025002500201","LOCATION":"SANKARPALI","V_TYPE":"VILLAGE","BLOCK":"REAMAL","DISTRICT":"DEOGARH"},"geometry":{"type":"Polygon","coordinates":[[[84.6454,21.31634],[84.64674,21.31901],[84.64735,21.32098],[84.64845,21.32111],[84.64946,21.31981],[84.65129,21.31968],[84.65156,21.31899],[84.65031,21.3173],[84.65028,21.31627],[84.64843,21.31474],[84.64765,21.31454],[84.6454,21.31634]]]}},{"type":"Feature","properties":{"LCODE":"010300025002500212","LOCATION":"KHARIAKANI","V_TYPE":"VILLAGE","BLOCK":"REAMAL","DISTRICT":"DEOGARH"},"geometry":{"type":"Polygon","coordinates":[[[84.56451,21.31689],[84.56638,21.31833],[84.56718,21.32029],[84.56869,21.31948],[84.57163,21.31879],[84.57232,21.31834],[84.57331,21.31532],[84.57494,21.31374],[84.57445,21.31161],[84.57389,21.31104],[84.5722,21.31139],[84.56946,21.31116],[84.56765,21.31038],[84.56583,21.30883],[84.56531,21.30877],[84.56502,21.30963],[84.5657,21.3152],[84.56551,21.31577],[84.56462,21.3164],[84.56451,21.31689]]]}},{"type":"Feature","properties":{"LCODE":"010300025002500209","LOCATION":"PHATA TANGAR","V_TYPE":"VILLAGE","BLOCK":"REAMAL","DISTRICT":"DEOGARH"},"geometry":{"type":"Polygon","coordinates":[[[84.58089,21.3169],[84.58196,21.31976],[84.584,21.31949],[84.58564,21.31969],[84.58601,21.31718],[84.58706,21.31473],[84.58673,21.31323],[84.58755,21.3121],[84.58801,21.31078],[84.58774,21.30968],[84.58665,21.30909],[84.58374,21.30895],[84.58301,21.31103],[84.58276,21.31321],[84.58195,21.31411],[84.58173,21.3152],[84.58089,21.3169]]]}},{"type":"Feature","properties":{"LCODE":"010300025002500243","LOCATION":"KHANDIA MUNDA","V_TYPE":"VILLAGE","BLOCK":"REAMAL","DISTRICT":"DEOGARH"},"geometry":{"type":"Polygon","coordinates":[[[84.74589,21.30618],[84.74696,21.30687],[84.74748,21.30762],[84.74934,21.31168],[84.75057,21.31463],[84.75113,21.31813],[84.75417,21.31689],[84.75595,21.31541],[84.75896,21.31421],[84.75988,21.31324],[84.76001,21.31203],[84.75819,21.30892],[84.75874,21.30812],[84.75918,21.30634],[84.75991,21.30594],[84.75948,21.30485],[84.75581,21.30494],[84.75453,21.30534],[84.75079,21.30532],[84.74589,21.30618]]]}},{"type":"Feature","properties":{"LCODE":"010300025002500226","LOCATION":"BASUDEVPALI","V_TYPE":"VILLAGE","BLOCK":"REAMAL","DISTRICT":"DEOGARH"},"geometry":{"type":"Polygon","coordinates":[[[84.65363,21.31569],[84.65789,21.31705],[84.65953,21.31731],[84.66069,21.31722],[84.66132,21.31672],[84.66132,21.31631],[84.66043,21.31549],[84.65586,21.31353],[84.65441,21.31463],[84.65363,21.31569]]]}},{"type":"Feature","properties":{"LCODE":"010300025002500211","LOCATION":"KARADA PAL","V_TYPE":"VILLAGE","BLOCK":"REAMAL","DISTRICT":"DEOGARH"},"geometry":{"type":"Polygon","coordinates":[[[84.57404,21.31114],[84.57445,21.31161],[84.57489,21.31334],[84.5767,21.31406],[84.58036,21.31643],[84.58091,21.3165],[84.58141,21.31594],[84.58195,21.31394],[84.58191,21.31336],[84.58149,21.31295],[84.57563,21.31077],[84.5749,21.31075],[84.57404,21.31114]]]}},{"type":"Feature","properties":{"LCODE":"010300025002500202","LOCATION":"PURMUNDA","V_TYPE":"VILLAGE","BLOCK":"REAMAL","DISTRICT":"DEOGARH"},"geometry":{"type":"Polygon","coordinates":[[[84.63248,21.30374],[84.63269,21.30532],[84.63618,21.30737],[84.63972,21.31198],[84.6454,21.31634],[84.64765,21.31454],[84.64722,21.31448],[84.6461,21.31297],[84.64648,21.31246],[84.64776,21.31237],[84.64848,21.31267],[84.65135,21.31491],[84.65363,21.31569],[84.65441,21.31463],[84.65586,21.31353],[84.65363,21.31203],[84.65321,21.31139],[84.65329,21.31081],[84.65404,21.3102],[84.65191,21.30992],[84.64809,21.30658],[84.64587,21.30532],[84.64477,21.30524],[84.64445,21.30547],[84.64442,21.30713],[84.64392,21.30741],[84.64303,21.30659],[84.64072,21.30637],[84.63914,21.30341],[84.63718,21.30153],[84.63499,21.30137],[84.63358,21.30169],[84.63283,21.30225],[84.63248,21.30374]]]}},{"type":"Feature","properties":{"LCODE":"010300025002500208","LOCATION":"KHIALI DHIPA","V_TYPE":"VILLAGE","BLOCK":"REAMAL","DISTRICT":"DEOGARH"},"geometry":{"type":"Polygon","coordinates":[[[84.59678,21.31389],[84.59785,21.31471],[84.59932,21.31468],[84.60071,21.31528],[84.60126,21.31535],[84.60286,21.31479],[84.60285,21.31251],[84.60322,21.31098],[84.60225,21.30997],[84.5997,21.3088],[84.59901,21.31014],[84.59906,21.31066],[84.59706,21.31251],[84.59678,21.31389]]]}},{"type":"Feature","properties":{"LCODE":"010300025002500214","LOCATION":"KENDUNALI","V_TYPE":"VILLAGE","BLOCK":"REAMAL","DISTRICT":"DEOGARH"},"geometry":{"type":"Polygon","coordinates":[[[84.57211,21.30771],[84.57391,21.31108],[84.57526,21.3107],[84.57654,21.31102],[84.58149,21.31295],[84.58191,21.31336],[84.58195,21.31411],[84.58238,21.31383],[84.58276,21.31321],[84.58315,21.31046],[84.5846,21.30618],[84.584,21.29893],[84.58353,21.29806],[84.58162,21.299],[84.58087,21.29967],[84.57935,21.30194],[84.57818,21.30232],[84.5744,21.30213],[84.57384,21.30246],[84.57317,21.3034],[84.57379,21.30447],[84.57392,21.30583],[84.57343,21.30647],[84.57225,21.30708],[84.57211,21.30771]]]}},{"type":"Feature","properties":{"LCODE":"010300025002500213","LOCATION":"JHIMPABIRA","V_TYPE":"VILLAGE","BLOCK":"REAMAL","DISTRICT":"DEOGARH"},"geometry":{"type":"Polygon","coordinates":[[[84.56615,21.30909],[84.56765,21.31038],[84.56946,21.31116],[84.5722,21.31139],[84.57389,21.31104],[84.57211,21.30771],[84.57225,21.30708],[84.57381,21.30614],[84.57401,21.30528],[84.57379,21.30447],[84.57151,21.30063],[84.56922,21.29785],[84.56754,21.29907],[84.56682,21.29987],[84.56653,21.30076],[84.56656,21.30249],[84.5676,21.30539],[84.56787,21.30761],[84.56721,21.30915],[84.56615,21.30909]]]}},{"type":"Feature","properties":{"LCODE":"010300025002500207","LOCATION":"KHUNTA BANDHA","V_TYPE":"VILLAGE","BLOCK":"REAMAL","DISTRICT":"DEOGARH"},"geometry":{"type":"Polygon","coordinates":[[[84.5959,21.29417],[84.59637,21.29469],[84.59801,21.29519],[84.59836,21.29582],[84.59803,21.29668],[84.59708,21.29764],[84.59708,21.29793],[84.59834,21.29898],[84.59757,21.30017],[84.59803,21.30104],[84.59686,21.3016],[84.59725,21.30281],[84.59678,21.30357],[84.59735,21.3039],[84.59917,21.30405],[84.60043,21.30477],[84.60034,21.30597],[84.59946,21.30682],[84.5997,21.3088],[84.60225,21.30997],[84.60322,21.31098],[84.60448,21.30887],[84.60688,21.30685],[84.6059,21.30591],[84.6058,21.30505],[84.60655,21.29938],[84.60719,21.29729],[84.60613,21.29684],[84.60599,21.29557],[84.60496,21.29527],[84.60361,21.29553],[84.60272,21.29436],[84.60108,21.29404],[84.60036,21.29167],[84.60154,21.29078],[84.60124,21.29037],[84.59795,21.29015],[84.5975,21.29104],[84.59715,21.29293],[84.5959,21.29417]]]}},{"type":"Feature","properties":{"LCODE":"010300025002500203","LOCATION":"AKHABUDA","V_TYPE":"VILLAGE","BLOCK":"REAMAL","DISTRICT":"DEOGARH"},"geometry":{"type":"Polygon","coordinates":[[[84.61028,21.29874],[84.61101,21.29935],[84.61134,21.30062],[84.61256,21.30087],[84.61258,21.30231],[84.61388,21.30366],[84.61393,21.30435],[84.61285,21.30565],[84.61369,21.30618],[84.61393,21.3067],[84.61435,21.30677],[84.61548,21.30576],[84.61792,21.30569],[84.6181,21.30598],[84.6179,21.30615],[84.61617,21.30709],[84.61626,21.30752],[84.61726,21.30769],[84.61873,21.30726],[84.61903,21.30766],[84.61882,21.30841],[84.61912,21.30876],[84.62083,21.30862],[84.62196,21.3099],[84.62355,21.3099],[84.62292,21.30774],[84.62292,21.30579],[84.624,21.30386],[84.62558,21.30259],[84.62616,21.30057],[84.62614,21.29896],[84.62457,21.296],[84.62023,21.29425],[84.61828,21.29421],[84.61678,21.29562],[84.61416,21.29556],[84.61341,21.29831],[84.61292,21.29858],[84.61176,21.29839],[84.61028,21.29874]]]}},{"type":"Feature","properties":{"LCODE":"010300025002500216","LOCATION":"TUHILAMAL","V_TYPE":"VILLAGE","BLOCK":"REAMAL","DISTRICT":"DEOGARH"},"geometry":{"type":"Polygon","coordinates":[[[84.56734,21.28427],[84.57034,21.28562],[84.57499,21.28927],[84.57575,21.29049],[84.57564,21.29227],[84.57616,21.29338],[84.57702,21.29333],[84.57808,21.29244],[84.57906,21.2924],[84.57941,21.29264],[84.58006,21.29351],[84.5807,21.29708],[84.58177,21.29891],[84.58353,21.29806],[84.584,21.29893],[84.58434,21.30433],[84.58463,21.3052],[84.5846,21.30618],[84.58374,21.30895],[84.58665,21.30909],[84.58774,21.30968],[84.59078,21.30768],[84.59403,21.30476],[84.59678,21.30357],[84.59725,21.30281],[84.59686,21.3016],[84.59803,21.30104],[84.59757,21.30017],[84.59834,21.29898],[84.59708,21.29793],[84.59708,21.29764],[84.59803,21.29668],[84.59836,21.29582],[84.59801,21.29519],[84.59637,21.29469],[84.5959,21.29417],[84.59715,21.29293],[84.5975,21.29104],[84.59795,21.29015],[84.59623,21.28855],[84.59571,21.28733],[84.59361,21.2862],[84.59172,21.28616],[84.59211,21.28513],[84.59194,21.28478],[84.58974,21.28509],[84.5889,21.28461],[84.58878,21.28409],[84.59039,21.28338],[84.59053,21.28263],[84.58987,21.28227],[84.58714,21.28176],[84.58558,21.28098],[84.58411,21.28124],[84.58237,21.28029],[84.58073,21.28008],[84.57874,21.27913],[84.57749,21.27784],[84.57333,21.27827],[84.57265,21.27671],[84.57142,21.27691],[84.57018,21.27531],[84.56835,21.27493],[84.56789,21.27549],[84.56794,21.27681],[84.56765,21.27763],[84.57,21.28015],[84.56921,21.28038],[84.56784,21.27977],[84.56765,21.28017],[84.56831,21.28117],[84.5687,21.28283],[84.56734,21.28427]]]}},{"type":"Feature","properties":{"LCODE":"010300025002500204","LOCATION":"JARIPAL","V_TYPE":"VILLAGE","BLOCK":"REAMAL","DISTRICT":"DEOGARH"},"geometry":{"type":"Polygon","coordinates":[[[84.60578,21.30556],[84.60829,21.30837],[84.61053,21.30847],[84.61333,21.30847],[84.61511,21.30805],[84.61626,21.30752],[84.61617,21.30709],[84.6181,21.30598],[84.61792,21.30569],[84.61591,21.30565],[84.61517,21.30586],[84.61435,21.30677],[84.61393,21.3067],[84.61369,21.30618],[84.61285,21.30565],[84.614,21.304],[84.61258,21.30231],[84.61256,21.30087],[84.61134,21.30062],[84.61066,21.29888],[84.60963,21.29869],[84.60897,21.2981],[84.60798,21.29849],[84.60732,21.29824],[84.60719,21.29729],[84.60655,21.29938],[84.60578,21.30556]]]}},{"type":"Feature","properties":{"LCODE":"010300025002500223","LOCATION":"DUDHIANALI","V_TYPE":"VILLAGE","BLOCK":"REAMAL","DISTRICT":"DEOGARH"},"geometry":{"type":"Polygon","coordinates":[[[84.62556,21.29756],[84.62614,21.29896],[84.62618,21.29988],[84.62558,21.30259],[84.62593,21.3024],[84.62636,21.30258],[84.62706,21.30352],[84.62885,21.30499],[84.63269,21.30532],[84.63251,21.30293],[84.63283,21.30225],[84.63358,21.30169],[84.63444,21.30148],[84.6367,21.30141],[84.63718,21.30153],[84.63914,21.30341],[84.64072,21.30637],[84.64303,21.30659],[84.64392,21.30741],[84.64442,21.30713],[84.64445,21.30547],[84.64515,21.30525],[84.64645,21.30228],[84.6459,21.30171],[84.64252,21.30032],[84.64141,21.30053],[84.64005,21.30136],[84.63945,21.301],[84.63865,21.29892],[84.63862,21.29777],[84.63863,21.29708],[84.63934,21.29543],[84.63931,21.29451],[84.63806,21.29317],[84.63668,21.29245],[84.63278,21.2922],[84.63121,21.29401],[84.62986,21.29444],[84.62856,21.29533],[84.62779,21.29658],[84.62704,21.2972],[84.62556,21.29756]]]}},{"type":"Feature","properties":{"LCODE":"010300025002500215","LOCATION":"NILAGANDIA","V_TYPE":"VILLAGE","BLOCK":"REAMAL","DISTRICT":"DEOGARH"},"geometry":{"type":"Polygon","coordinates":[[[84.567,21.28656],[84.56784,21.28753],[84.56815,21.28885],[84.56925,21.28962],[84.56779,21.29147],[84.57023,21.29178],[84.5703,21.2922],[84.56947,21.29349],[84.56979,21.29432],[84.57128,21.29395],[84.57127,21.2946],[84.56999,21.29613],[84.56922,21.29785],[84.57046,21.29912],[84.57317,21.3034],[84.57359,21.30269],[84.5744,21.30213],[84.57818,21.30232],[84.57935,21.30194],[84.58087,21.29967],[84.58177,21.29891],[84.5807,21.29708],[84.57977,21.29305],[84.57906,21.2924],[84.57857,21.29239],[84.57808,21.29244],[84.57702,21.29333],[84.57616,21.29338],[84.57564,21.29227],[84.57575,21.29049],[84.57499,21.28927],[84.57189,21.28669],[84.56949,21.28514],[84.56737,21.28445],[84.56783,21.28526],[84.56876,21.28603],[84.56858,21.28627],[84.56702,21.28631],[84.567,21.28656]]]}},{"type":"Feature","properties":{"LCODE":"010300025002500245","LOCATION":"LULONG","V_TYPE":"VILLAGE","BLOCK":"REAMAL","DISTRICT":"DEOGARH"},"geometry":{"type":"Polygon","coordinates":[[[84.74408,21.29165],[84.74419,21.29228],[84.74467,21.29275],[84.74612,21.29306],[84.74672,21.29348],[84.748,21.29603],[84.75063,21.29759],[84.75014,21.30031],[84.74869,21.30075],[84.74867,21.30121],[84.74926,21.30209],[84.7505,21.30302],[84.7516,21.30291],[84.7524,21.30211],[84.75327,21.30056],[84.75498,21.30022],[84.75645,21.29885],[84.7574,21.2941],[84.75607,21.2904],[84.75478,21.28826],[84.75263,21.28595],[84.75217,21.28635],[84.75023,21.28645],[84.74987,21.28724],[84.74881,21.28783],[84.74767,21.2893],[84.74686,21.28998],[84.74452,21.29102],[84.74408,21.29165]]]}},{"type":"Feature","properties":{"LCODE":"010300025002500224","LOCATION":"NISABIRA","V_TYPE":"VILLAGE","BLOCK":"REAMAL","DISTRICT":"DEOGARH"},"geometry":{"type":"Polygon","coordinates":[[[84.63707,21.29262],[84.63806,21.29317],[84.63931,21.29451],[84.63934,21.29543],[84.63863,21.29708],[84.63862,21.29777],[84.63865,21.29892],[84.63945,21.301],[84.64005,21.30136],[84.64141,21.30053],[84.64252,21.30032],[84.6459,21.30171],[84.64645,21.30228],[84.6484,21.29949],[84.6468,21.29782],[84.64664,21.29732],[84.64709,21.29569],[84.64606,21.29364],[84.64513,21.29066],[84.63783,21.28944],[84.6377,21.29092],[84.63707,21.29262]]]}},{"type":"Feature","properties":{"LCODE":"010300025002500222","LOCATION":"TARANG","V_TYPE":"VILLAGE","BLOCK":"REAMAL","DISTRICT":"DEOGARH"},"geometry":{"type":"Polygon","coordinates":[[[84.59167,21.28587],[84.59184,21.28622],[84.59361,21.2862],[84.59571,21.28733],[84.59623,21.28855],[84.59801,21.29019],[84.60136,21.29043],[84.60154,21.29078],[84.60036,21.29167],[84.60108,21.29404],[84.60272,21.29436],[84.60361,21.29553],[84.60496,21.29527],[84.60599,21.29557],[84.60613,21.29684],[84.60704,21.29709],[84.60732,21.29824],[84.60798,21.29849],[84.60897,21.2981],[84.61005,21.29876],[84.61176,21.29839],[84.61292,21.29858],[84.61367,21.29791],[84.61416,21.29556],[84.61678,21.29562],[84.6179,21.29443],[84.61877,21.29416],[84.62023,21.29425],[84.62457,21.296],[84.62556,21.29756],[84.62704,21.2972],[84.62779,21.29658],[84.62856,21.29533],[84.62986,21.29444],[84.63121,21.29401],[84.63278,21.2922],[84.63707,21.29262],[84.6377,21.29092],[84.63783,21.28944],[84.63508,21.28916],[84.6346,21.28529],[84.63203,21.28151],[84.62938,21.27996],[84.62878,21.27929],[84.62643,21.28105],[84.62434,21.28164],[84.61846,21.28003],[84.61579,21.27963],[84.6136,21.27964],[84.60899,21.28076],[84.60363,21.28077],[84.60313,21.28139],[84.60072,21.28243],[84.59539,21.28353],[84.59212,21.28498],[84.59167,21.28587]]]}},{"type":"Feature","properties":{"LCODE":"010300025002500246","LOCATION":"RENGALPALI","V_TYPE":"VILLAGE","BLOCK":"REAMAL","DISTRICT":"DEOGARH"},"geometry":{"type":"Polygon","coordinates":[[[84.75263,21.28595],[84.75478,21.28826],[84.75607,21.2904],[84.7574,21.2941],[84.76009,21.29347],[84.76229,21.29331],[84.76376,21.29251],[84.76579,21.29011],[84.76707,21.28954],[84.76913,21.2892],[84.77026,21.28783],[84.7709,21.28295],[84.77133,21.28238],[84.77278,21.28147],[84.77409,21.27957],[84.77422,21.27745],[84.77365,21.27317],[84.7724,21.27382],[84.76611,21.27449],[84.76511,21.27584],[84.76376,21.27693],[84.76278,21.27865],[84.76228,21.28025],[84.76118,21.28082],[84.75635,21.2816],[84.75475,21.28269],[84.75414,21.284],[84.75263,21.28595]]]}},{"type":"Feature","properties":{"LCODE":"010300025002500247","LOCATION":"KURUD KHOL","V_TYPE":"VILLAGE","BLOCK":"REAMAL","DISTRICT":"DEOGARH"},"geometry":{"type":"Polygon","coordinates":[[[84.76913,21.2892],[84.77026,21.28944],[84.77216,21.29037],[84.77349,21.29164],[84.77478,21.29056],[84.77596,21.28826],[84.77669,21.28787],[84.77993,21.28863],[84.78054,21.28863],[84.78078,21.28829],[84.77744,21.28356],[84.77549,21.28205],[84.77278,21.28147],[84.77133,21.28238],[84.7709,21.28295],[84.77026,21.28783],[84.76913,21.2892]]]}},{"type":"Feature","properties":{"LCODE":"010300025002500217","LOCATION":"DANDAPARBAT","V_TYPE":"VILLAGE","BLOCK":"REAMAL","DISTRICT":"DEOGARH"},"geometry":{"type":"Polygon","coordinates":[[[84.56775,21.27204],[84.56782,21.27253],[84.57044,21.27482],[84.57018,21.27531],[84.57088,21.2765],[84.57142,21.27691],[84.5724,21.27665],[84.57294,21.27694],[84.57321,21.27821],[84.57749,21.27784],[84.57874,21.27913],[84.58073,21.28008],[84.58237,21.28029],[84.58411,21.28124],[84.58558,21.28098],[84.58714,21.28176],[84.58987,21.28227],[84.59053,21.28263],[84.59058,21.28321],[84.58878,21.28409],[84.5889,21.28461],[84.58974,21.28509],[84.59151,21.28478],[84.59212,21.28498],[84.59539,21.28353],[84.60201,21.282],[84.60313,21.28139],[84.60363,21.28077],[84.60416,21.27911],[84.6034,21.27801],[84.60105,21.27681],[84.59791,21.27594],[84.59474,21.27559],[84.57142,21.26824],[84.57063,21.26933],[84.56831,21.27107],[84.56775,21.27204]]]}},{"type":"Feature","properties":{"LCODE":"010300025002500221","LOCATION":"HATAKHOL","V_TYPE":"VILLAGE","BLOCK":"REAMAL","DISTRICT":"DEOGARH"},"geometry":{"type":"Polygon","coordinates":[[[84.60363,21.28077],[84.60899,21.28076],[84.6136,21.27964],[84.61579,21.27963],[84.61846,21.28003],[84.62434,21.28164],[84.62643,21.28105],[84.62884,21.27913],[84.63061,21.27819],[84.63144,21.27682],[84.63169,21.27584],[84.63152,21.27559],[84.62902,21.27499],[84.62711,21.27493],[84.62605,21.27519],[84.6208,21.27489],[84.61969,21.27534],[84.61813,21.27505],[84.61691,21.27522],[84.61629,21.2757],[84.61497,21.27552],[84.61393,21.27615],[84.61068,21.27706],[84.6094,21.27703],[84.60868,21.27656],[84.60789,21.27654],[84.60373,21.27833],[84.60416,21.27911],[84.60363,21.28077]]]}},{"type":"Feature","properties":{"LCODE":"010300025002500248","LOCATION":"LUGA PODA","V_TYPE":"VILLAGE","BLOCK":"REAMAL","DISTRICT":"DEOGARH"},"geometry":{"type":"Polygon","coordinates":[[[84.77386,21.27509],[84.77428,21.27843],[84.7739,21.28006],[84.77525,21.28073],[84.77678,21.28091],[84.77911,21.28052],[84.78179,21.28065],[84.78247,21.28002],[84.78072,21.27599],[84.77888,21.27437],[84.77791,21.27396],[84.77509,21.27395],[84.77387,21.27423],[84.77386,21.27509]]]}},{"type":"Feature","properties":{"LCODE":"010300025002500218","LOCATION":"THAKARMAL","V_TYPE":"VILLAGE","BLOCK":"REAMAL","DISTRICT":"DEOGARH"},"geometry":{"type":"Polygon","coordinates":[[[84.56241,21.25743],[84.56351,21.25837],[84.56576,21.25859],[84.56638,21.26075],[84.56714,21.26167],[84.56985,21.2638],[84.57136,21.26565],[84.57176,21.26665],[84.57142,21.26824],[84.59474,21.27559],[84.59791,21.27594],[84.60105,21.27681],[84.60208,21.27717],[84.60373,21.27833],[84.60789,21.27654],[84.60868,21.27656],[84.6094,21.27703],[84.61068,21.27706],[84.61393,21.27615],[84.61497,21.27552],[84.60917,21.27243],[84.60818,21.27101],[84.60692,21.26695],[84.60606,21.26576],[84.6014,21.26814],[84.60018,21.26829],[84.59757,21.26772],[84.59447,21.26778],[84.59332,21.26747],[84.59261,21.26642],[84.59318,21.26568],[84.59321,21.26442],[84.59404,21.263],[84.59412,21.26237],[84.59298,21.2572],[84.59006,21.25815],[84.58658,21.25741],[84.58678,21.25895],[84.58596,21.26221],[84.5854,21.26277],[84.58418,21.26275],[84.58159,21.26143],[84.57884,21.25943],[84.5785,21.25626],[84.5799,21.25629],[84.5812,21.25695],[84.57961,21.2531],[84.57616,21.2521],[84.57407,21.25229],[84.57172,21.25206],[84.56958,21.25102],[84.56824,21.24959],[84.56747,21.24916],[84.56609,21.24891],[84.5651,21.24994],[84.56458,21.25487],[84.56412,21.25576],[84.56241,21.25743]]]}},{"type":"Feature","properties":{"LCODE":"010300025002500249","LOCATION":"POIPANI","V_TYPE":"VILLAGE","BLOCK":"REAMAL","DISTRICT":"DEOGARH"},"geometry":{"type":"Polygon","coordinates":[[[84.75478,21.25764],[84.75631,21.25926],[84.75621,21.26264],[84.75851,21.26653],[84.76107,21.26952],[84.76277,21.27033],[84.76506,21.27286],[84.76615,21.27449],[84.7724,21.27382],[84.77365,21.27317],[84.77409,21.26948],[84.77493,21.26803],[84.76891,21.26161],[84.76882,21.26073],[84.76751,21.25942],[84.76702,21.2585],[84.76672,21.25688],[84.76661,21.25282],[84.75894,21.2555],[84.75542,21.25642],[84.75481,21.25697],[84.75478,21.25764]]]}},{"type":"Feature","properties":{"LCODE":"010300025002500219","LOCATION":"NARASINGHA TAILA","V_TYPE":"VILLAGE","BLOCK":"REAMAL","DISTRICT":"DEOGARH"},"geometry":{"type":"Polygon","coordinates":[[[84.57843,21.25666],[84.57882,21.25793],[84.57884,21.25943],[84.57932,21.25984],[84.58315,21.26233],[84.5846,21.26287],[84.58571,21.26255],[84.58678,21.25895],[84.58658,21.25741],[84.58562,21.25692],[84.58408,21.25737],[84.58234,21.25737],[84.57887,21.2561],[84.5785,21.25626],[84.57843,21.25666]]]}}]}