{"type":"FeatureCollection","features":[{"type":"Feature","properties":{"LCODE":"010190008000800014","LOCATION":"TAPGUNJA","V_TYPE":"VILLAGE","BLOCK":"LAIKERA","DISTRICT":"JHARSUGUDA"},"geometry":{"type":"Polygon","coordinates":[[[84.291,22.02003],[84.29276,22.0217],[84.29346,22.0231],[84.29437,22.02882],[84.29516,22.03116],[84.29668,22.03425],[84.299,22.03467],[84.30266,22.03424],[84.30471,22.03488],[84.31053,22.0379],[84.31302,22.03823],[84.31496,22.0379],[84.32175,22.03801],[84.32178,22.03711],[84.32133,22.03693],[84.31998,22.03464],[84.31658,22.03234],[84.31406,22.02999],[84.31226,22.02654],[84.30998,22.02481],[84.30684,22.02419],[84.30357,22.02218],[84.29888,22.02063],[84.29586,22.01909],[84.29488,22.02024],[84.29218,22.01892],[84.291,22.02003]]]}},{"type":"Feature","properties":{"LCODE":"010190008000800016","LOCATION":"KANKKUMRA","V_TYPE":"VILLAGE","BLOCK":"LAIKERA","DISTRICT":"JHARSUGUDA"},"geometry":{"type":"Polygon","coordinates":[[[84.31855,22.02601],[84.3188,22.02739],[84.32022,22.03053],[84.3217,22.03124],[84.32287,22.03279],[84.32374,22.03308],[84.32472,22.03405],[84.32516,22.03509],[84.32417,22.03543],[84.32178,22.03711],[84.32175,22.03801],[84.32682,22.03736],[84.33006,22.03639],[84.33125,22.03575],[84.33318,22.03381],[84.33459,22.03294],[84.33643,22.0351],[84.33707,22.03521],[84.33804,22.03488],[84.33836,22.03424],[84.33966,22.03337],[84.34117,22.03316],[84.3416,22.03424],[84.34322,22.03467],[84.34441,22.03618],[84.34527,22.03499],[84.34657,22.03456],[84.35364,22.03446],[84.35376,22.03118],[84.35431,22.03009],[84.35406,22.02934],[84.34629,22.02193],[84.34191,22.01941],[84.33951,22.01752],[84.33766,22.01689],[84.33581,22.01672],[84.33451,22.01695],[84.33186,22.01799],[84.32523,22.01981],[84.32539,22.02139],[84.32459,22.02329],[84.32391,22.02398],[84.32225,22.02451],[84.31985,22.02445],[84.3188,22.02538],[84.31855,22.02601]]]}},{"type":"Feature","properties":{"LCODE":"01019000800080rf","LOCATION":"RF","V_TYPE":"FOREST","BLOCK":"LAIKERA","DISTRICT":"JHARSUGUDA"},"geometry":{"type":"Polygon","coordinates":[[[84.29217,22.01472],[84.29241,22.01679],[84.29218,22.01892],[84.29488,22.02024],[84.29586,22.01909],[84.29888,22.02063],[84.30357,22.02218],[84.30684,22.02419],[84.30998,22.02481],[84.31226,22.02654],[84.31406,22.02999],[84.31658,22.03234],[84.31998,22.03464],[84.32133,22.03693],[84.32178,22.03711],[84.32417,22.03543],[84.32516,22.03509],[84.32472,22.03405],[84.32355,22.0329],[84.32287,22.03279],[84.3217,22.03124],[84.32028,22.03055],[84.31874,22.03032],[84.3167,22.02802],[84.31553,22.02728],[84.31541,22.02659],[84.31689,22.02618],[84.31738,22.02572],[84.3172,22.02492],[84.31578,22.0244],[84.31473,22.02515],[84.31263,22.02337],[84.31183,22.02107],[84.31097,22.02044],[84.30862,22.01935],[84.30634,22.01901],[84.30424,22.0197],[84.30246,22.01965],[84.29926,22.01839],[84.2963,22.0165],[84.29642,22.01615],[84.29722,22.01592],[84.30086,22.01332],[84.30036,22.01166],[84.29956,22.01068],[84.29968,22.01033],[84.30283,22.00947],[84.30289,22.00924],[84.30258,22.00814],[84.29888,22.0009],[84.29302,22.00097],[84.29235,22.00885],[84.29247,22.01294],[84.29217,22.01472]]]}},{"type":"Feature","properties":{"LCODE":"010190008000800017","LOCATION":"BADDHURIAM","V_TYPE":"VILLAGE","BLOCK":"LAIKERA","DISTRICT":"JHARSUGUDA"},"geometry":{"type":"Polygon","coordinates":[[[84.33791,22.01695],[84.33951,22.01752],[84.34191,22.01941],[84.34629,22.02193],[84.35406,22.02934],[84.35431,22.03009],[84.35376,22.03118],[84.3536,22.03455],[84.35618,22.03633],[84.35972,22.03542],[84.36964,22.02981],[84.37741,22.02809],[84.38572,22.02744],[84.39068,22.02518],[84.39111,22.02388],[84.3905,22.02112],[84.39031,22.02364],[84.38963,22.02404],[84.38864,22.0241],[84.38618,22.02549],[84.38531,22.02537],[84.38439,22.02417],[84.38476,22.02215],[84.38451,22.02152],[84.38112,22.02095],[84.38069,22.02055],[84.3802,22.019],[84.3792,22.01825],[84.37779,22.0178],[84.37514,22.01872],[84.37508,22.01814],[84.37563,22.01717],[84.37538,22.01659],[84.37477,22.01653],[84.37446,22.01682],[84.37452,22.01746],[84.37421,22.01757],[84.37039,22.01723],[84.3686,22.01528],[84.3702,22.01326],[84.36959,22.01303],[84.36761,22.01327],[84.36533,22.01402],[84.36509,22.01385],[84.36539,22.01281],[84.36509,22.01212],[84.36545,22.01062],[84.3644,22.00977],[84.36157,22.00937],[84.35583,22.00903],[84.35411,22.00949],[84.35165,22.01071],[84.349,22.01273],[84.3474,22.01307],[84.34554,22.01308],[84.33791,22.01695]]]}},{"type":"Feature","properties":{"LCODE":"010190008000800015","LOCATION":"NUAGAON","V_TYPE":"VILLAGE","BLOCK":"LAIKERA","DISTRICT":"JHARSUGUDA"},"geometry":{"type":"Polygon","coordinates":[[[84.30997,22.01982],[84.31183,22.02107],[84.31263,22.02337],[84.31473,22.02515],[84.31578,22.0244],[84.3172,22.02492],[84.31738,22.02572],[84.31689,22.02618],[84.31541,22.02659],[84.31541,22.02699],[84.3167,22.02802],[84.31874,22.03032],[84.32022,22.03053],[84.31855,22.02664],[84.3188,22.02538],[84.31985,22.02445],[84.32225,22.02451],[84.32391,22.02398],[84.32473,22.0229],[84.32225,22.02272],[84.32133,22.02313],[84.32053,22.02313],[84.31935,22.02233],[84.31799,22.02031],[84.31263,22.01808],[84.31015,22.0174],[84.30997,22.01982]]]}},{"type":"Feature","properties":{"LCODE":"01019000800080rf","LOCATION":"RF","V_TYPE":"FOREST","BLOCK":"LAIKERA","DISTRICT":"JHARSUGUDA"},"geometry":{"type":"Polygon","coordinates":[[[84.33347,21.95806],[84.33372,21.95915],[84.33475,21.96041],[84.33611,21.96288],[84.33751,21.96425],[84.33874,21.96477],[84.34069,21.96465],[84.34179,21.96522],[84.34216,21.9658],[84.34216,21.96689],[84.34069,21.96919],[84.34051,21.9704],[84.341,21.97143],[84.34149,21.97183],[84.34277,21.97217],[84.34816,21.97061],[84.35103,21.96917],[84.35122,21.96848],[84.34987,21.96796],[84.35299,21.96244],[84.35336,21.96204],[84.35526,21.96209],[84.35776,21.95956],[84.36295,21.95513],[84.36895,21.95558],[84.36932,21.9558],[84.36975,21.95959],[84.36718,21.96356],[84.367,21.9666],[84.36572,21.9681],[84.36572,21.96873],[84.36645,21.96994],[84.36633,21.97057],[84.36291,21.97569],[84.3634,21.97643],[84.36541,21.977],[84.3656,21.97769],[84.36535,21.97855],[84.36468,21.97964],[84.36131,21.98206],[84.35985,21.98356],[84.36046,21.98425],[84.36125,21.9843],[84.3637,21.98338],[84.36707,21.98119],[84.37031,21.9794],[84.37086,21.97934],[84.37209,21.98009],[84.37282,21.98106],[84.37331,21.98404],[84.37521,21.9849],[84.37569,21.98588],[84.37545,21.98645],[84.37172,21.98841],[84.37276,21.99025],[84.37233,21.99076],[84.37135,21.99111],[84.37135,21.99191],[84.3735,21.99283],[84.3738,21.99323],[84.37283,21.99513],[84.37289,21.99541],[84.37428,21.99593],[84.37068,21.99992],[84.36964,22.00073],[84.36853,22.00257],[84.36897,22.00326],[84.36933,22.00332],[84.37198,22.00245],[84.37247,22.00366],[84.37125,22.00423],[84.36804,22.00487],[84.36613,22.00562],[84.36625,22.00637],[84.36823,22.00688],[84.36958,22.00757],[84.36946,22.00797],[84.36687,22.00924],[84.36558,22.01022],[84.36509,22.01212],[84.36539,22.01281],[84.36509,22.01385],[84.36533,22.01402],[84.36669,22.01344],[84.36959,22.01303],[84.3702,22.01326],[84.37002,22.01373],[84.3686,22.01528],[84.37039,22.01723],[84.37421,22.01757],[84.37452,22.01746],[84.37446,22.01682],[84.37477,22.01653],[84.37538,22.01659],[84.37563,22.01717],[84.37508,22.01814],[84.37514,22.01872],[84.37631,22.01849],[84.3773,22.0178],[84.3792,22.01825],[84.3802,22.019],[84.38069,22.02055],[84.38112,22.02095],[84.38451,22.02152],[84.38476,22.02215],[84.38439,22.02417],[84.38483,22.02491],[84.38575,22.02555],[84.38864,22.0241],[84.38963,22.02404],[84.39031,22.02364],[84.3905,22.02112],[84.39014,22.01892],[84.39014,22.01612],[84.38965,22.01586],[84.38963,22.01504],[84.39019,22.00722],[84.38956,22.00378],[84.38982,22.00225],[84.39075,22.00045],[84.39125,22.00008],[84.39062,21.99889],[84.39043,21.99715],[84.39106,21.99279],[84.39088,21.99142],[84.38857,21.98962],[84.37967,21.98128],[84.3783,21.97891],[84.37717,21.97798],[84.37457,21.97735],[84.37376,21.97686],[84.37201,21.97449],[84.37238,21.97119],[84.37419,21.9669],[84.37475,21.96409],[84.3754,21.96303],[84.37518,21.95722],[84.37481,21.95443],[84.37431,21.9527],[84.37307,21.95102],[84.37027,21.94946],[84.36784,21.94685],[84.3651,21.94305],[84.36411,21.94041],[84.36265,21.93934],[84.36142,21.93894],[84.36032,21.93733],[84.36002,21.93733],[84.35513,21.93969],[84.35047,21.94079],[84.3476,21.94189],[84.34748,21.94499],[84.34724,21.94562],[84.34326,21.94787],[84.33611,21.95265],[84.33561,21.95323],[84.33347,21.95806]]]}},{"type":"Feature","properties":{"LCODE":"01019000800080rf","LOCATION":"RF","V_TYPE":"FOREST","BLOCK":"LAIKERA","DISTRICT":"JHARSUGUDA"},"geometry":{"type":"Polygon","coordinates":[[[84.30585,22.01176],[84.30603,22.01222],[84.30671,22.01245],[84.30671,22.01435],[84.30751,22.01481],[84.30801,22.01458],[84.3085,22.01486],[84.30992,22.01734],[84.31263,22.01808],[84.31799,22.02031],[84.31935,22.02233],[84.32053,22.02313],[84.32133,22.02313],[84.32225,22.02272],[84.32473,22.0229],[84.32509,22.02231],[84.32539,22.02139],[84.32521,22.01955],[84.32478,22.01863],[84.32471,22.0165],[84.32428,22.01541],[84.3236,22.01495],[84.31929,22.01381],[84.31633,22.01336],[84.31374,22.01209],[84.31245,22.01244],[84.31165,22.01221],[84.30721,22.00963],[84.30647,22.01015],[84.30585,22.01176]]]}},{"type":"Feature","properties":{"LCODE":"010190008000800011","LOCATION":"JAMMAL","V_TYPE":"VILLAGE","BLOCK":"LAIKERA","DISTRICT":"JHARSUGUDA"},"geometry":{"type":"Polygon","coordinates":[[[84.27522,22.00114],[84.27638,22.00364],[84.27663,22.00646],[84.27854,22.01187],[84.27848,22.01705],[84.283,22.01715],[84.28676,22.01853],[84.2884,22.01879],[84.291,22.02003],[84.29218,22.01892],[84.29235,22.01783],[84.29217,22.01553],[84.29247,22.01294],[84.29235,22.00885],[84.29302,22.00097],[84.29891,22.00094],[84.30232,21.99629],[84.30257,21.99353],[84.30288,21.99267],[84.30371,21.99173],[84.29921,21.98463],[84.29731,21.98262],[84.29529,21.98127],[84.29425,21.98246],[84.2937,21.98407],[84.29285,21.98499],[84.29089,21.98557],[84.28416,21.98582],[84.28288,21.98614],[84.28214,21.98749],[84.2814,21.98985],[84.28158,21.99537],[84.27849,21.9993],[84.27675,22.00071],[84.27522,22.00114]]]}},{"type":"Feature","properties":{"LCODE":"010190008000800013","LOCATION":"GANJUDIHI","V_TYPE":"VILLAGE","BLOCK":"LAIKERA","DISTRICT":"JHARSUGUDA"},"geometry":{"type":"Polygon","coordinates":[[[84.2963,22.0165],[84.29926,22.01839],[84.30246,22.01965],[84.30424,22.0197],[84.30634,22.01901],[84.30997,22.01982],[84.31015,22.0174],[84.30943,22.0167],[84.3085,22.01486],[84.30801,22.01458],[84.30751,22.01481],[84.30671,22.01435],[84.30671,22.01245],[84.30603,22.01222],[84.30585,22.01176],[84.30647,22.01015],[84.30721,22.00963],[84.31165,22.01221],[84.31245,22.01244],[84.31374,22.01209],[84.31633,22.01336],[84.31929,22.01381],[84.32108,22.01438],[84.3228,22.00909],[84.32444,22.00533],[84.32341,22.00512],[84.32064,22.00259],[84.31255,21.99684],[84.30985,21.99564],[84.30716,21.99513],[84.306,21.99462],[84.30371,21.99173],[84.30288,21.99267],[84.30257,21.99353],[84.30232,21.99629],[84.29891,22.00094],[84.30258,22.00814],[84.30283,22.00947],[84.29968,22.01033],[84.29956,22.01068],[84.30036,22.01166],[84.30086,22.01332],[84.29722,22.01592],[84.29642,22.01615],[84.2963,22.0165]]]}},{"type":"Feature","properties":{"LCODE":"010190008000800018","LOCATION":"TILEIMAL","V_TYPE":"VILLAGE","BLOCK":"LAIKERA","DISTRICT":"JHARSUGUDA"},"geometry":{"type":"Polygon","coordinates":[[[84.32108,22.01438],[84.3236,22.01495],[84.32428,22.01541],[84.32471,22.0165],[84.32478,22.01863],[84.32523,22.01981],[84.33186,22.01799],[84.33451,22.01695],[84.33692,22.01671],[84.33791,22.01695],[84.34554,22.01308],[84.3474,22.01307],[84.349,22.01273],[84.35165,22.01071],[84.35411,22.00949],[84.35583,22.00903],[84.35947,22.00914],[84.3644,22.00977],[84.36545,22.01062],[84.36558,22.01022],[84.36687,22.00924],[84.36946,22.00797],[84.36958,22.00757],[84.36823,22.00688],[84.36625,22.00637],[84.36613,22.00562],[84.36804,22.00487],[84.37125,22.00423],[84.37247,22.00366],[84.37247,22.0032],[84.37198,22.00245],[84.37149,22.00245],[84.37025,22.0032],[84.36897,22.00326],[84.36856,22.00244],[84.36749,22.00179],[84.36705,22.00269],[84.36594,22.00349],[84.36471,22.0039],[84.36342,22.00384],[84.36132,22.00304],[84.35873,22.00259],[84.35793,22.0019],[84.35638,22.00127],[84.35374,22.00116],[84.35269,22.00196],[84.35121,22.00196],[84.34263,22.00056],[84.34264,22.00123],[84.34178,22.00238],[84.34061,22.00336],[84.33864,22.00417],[84.33482,22.0051],[84.33186,22.00528],[84.32822,22.00482],[84.32444,22.00533],[84.3228,22.00909],[84.32108,22.01438]]]}},{"type":"Feature","properties":{"LCODE":"010190008000800010","LOCATION":"KARLA","V_TYPE":"VILLAGE","BLOCK":"LAIKERA","DISTRICT":"JHARSUGUDA"},"geometry":{"type":"Polygon","coordinates":[[[84.25691,21.99753],[84.25737,21.99832],[84.25896,21.99934],[84.25919,22.00264],[84.26006,22.00348],[84.26134,22.00619],[84.26296,22.00792],[84.26382,22.00857],[84.26955,22.00889],[84.27009,22.01018],[84.27009,22.01579],[84.27062,22.01633],[84.27375,22.01709],[84.27848,22.01705],[84.27854,22.01187],[84.27663,22.00646],[84.27638,22.00364],[84.27522,22.00114],[84.27373,22.00129],[84.27213,22.001],[84.27096,22.00043],[84.26353,21.99835],[84.25691,21.99753]]]}},{"type":"Feature","properties":{"LCODE":"010190009000900003","LOCATION":"BHAUNRA","V_TYPE":"VILLAGE","BLOCK":"KIRIMIRA","DISTRICT":"JHARSUGUDA"},"geometry":{"type":"Polygon","coordinates":[[[84.10809,21.99121],[84.1088,21.9913],[84.10979,21.99255],[84.1115,21.99975],[84.11297,22.00355],[84.11813,22.01133],[84.11908,22.01194],[84.12048,22.0119],[84.12151,22.00776],[84.12249,22.0067],[84.12435,22.0059],[84.12633,22.00587],[84.12648,22.00431],[84.12743,22.00366],[84.13016,22.0042],[84.13206,22.00298],[84.1327,22.00215],[84.13551,22.00089],[84.13729,21.99972],[84.13816,21.99752],[84.13869,21.99714],[84.13995,21.99782],[84.14108,21.99718],[84.14165,21.99722],[84.14268,21.9982],[84.14404,21.99892],[84.14423,21.9987],[84.14408,21.9979],[84.14548,21.99821],[84.14681,21.99744],[84.14712,21.99775],[84.14723,21.99866],[84.14845,21.99911],[84.14954,21.99866],[84.15034,21.99786],[84.15099,21.99801],[84.15178,21.99873],[84.15266,21.99752],[84.15302,21.99769],[84.15337,21.9987],[84.15433,21.99824],[84.15607,21.99843],[84.15641,21.99763],[84.15761,21.99745],[84.15665,21.99352],[84.15603,21.99334],[84.15679,21.99726],[84.15544,21.99728],[84.15494,21.99625],[84.15461,21.99431],[84.15314,21.99455],[84.15221,21.99422],[84.14503,21.98919],[84.14441,21.98834],[84.14378,21.98657],[84.1477,21.98624],[84.14394,21.98479],[84.14214,21.9824],[84.14133,21.98178],[84.13806,21.98038],[84.13596,21.97743],[84.13441,21.97784],[84.13084,21.97753],[84.12877,21.97997],[84.12618,21.98051],[84.12434,21.98042],[84.12199,21.97935],[84.12027,21.97966],[84.11952,21.97823],[84.11903,21.97783],[84.11835,21.97756],[84.11755,21.97779],[84.1167,21.97935],[84.11683,21.97981],[84.1172,21.98032],[84.11967,21.98179],[84.11949,21.98225],[84.11685,21.98274],[84.11458,21.98276],[84.11359,21.98323],[84.11274,21.98393],[84.11196,21.98618],[84.11117,21.98733],[84.11025,21.98815],[84.1089,21.98868],[84.10847,21.98931],[84.10809,21.99121]]]}},{"type":"Feature","properties":{"LCODE":"010190008000800012","LOCATION":"KUKERAMA","V_TYPE":"VILLAGE","BLOCK":"LAIKERA","DISTRICT":"JHARSUGUDA"},"geometry":{"type":"Polygon","coordinates":[[[84.29529,21.98127],[84.29731,21.98262],[84.29921,21.98463],[84.30306,21.99089],[84.306,21.99462],[84.30716,21.99513],[84.30985,21.99564],[84.31255,21.99684],[84.32064,22.00259],[84.32341,22.00512],[84.32444,22.00533],[84.32693,21.99778],[84.32711,21.99536],[84.32664,21.98975],[84.31836,21.98493],[84.3172,21.98292],[84.31683,21.98016],[84.31696,21.97809],[84.31769,21.97464],[84.31848,21.97332],[84.3183,21.96958],[84.31916,21.96786],[84.3186,21.96688],[84.3161,21.96545],[84.30931,21.96294],[84.30622,21.96223],[84.30539,21.96427],[84.30569,21.96564],[84.30741,21.96788],[84.30827,21.97087],[84.30563,21.97363],[84.30472,21.97519],[84.30312,21.97858],[84.30276,21.98066],[84.30196,21.98123],[84.30141,21.98129],[84.297,21.98101],[84.29529,21.98127]]]}},{"type":"Feature","properties":{"LCODE":"010190008000800019","LOCATION":"KADODARHA","V_TYPE":"VILLAGE","BLOCK":"LAIKERA","DISTRICT":"JHARSUGUDA"},"geometry":{"type":"Polygon","coordinates":[[[84.32444,22.00533],[84.32822,22.00482],[84.33186,22.00528],[84.33482,22.0051],[84.33864,22.00417],[84.34061,22.00336],[84.34178,22.00238],[84.34264,22.00123],[84.34262,22.00046],[84.33635,21.99402],[84.33452,21.99373],[84.3325,21.99299],[84.32993,21.99133],[84.32664,21.98975],[84.32711,21.99536],[84.32693,21.99778],[84.32444,22.00533]]]}},{"type":"Feature","properties":{"LCODE":"010190008000800021","LOCATION":"PAKELPADA","V_TYPE":"VILLAGE","BLOCK":"LAIKERA","DISTRICT":"JHARSUGUDA"},"geometry":{"type":"Polygon","coordinates":[[[84.31683,21.98016],[84.3172,21.98292],[84.31836,21.98493],[84.3325,21.99299],[84.33452,21.99373],[84.33635,21.99402],[84.34263,22.00056],[84.35121,22.00196],[84.35269,22.00196],[84.35374,22.00116],[84.35638,22.00127],[84.35793,22.0019],[84.35873,22.00259],[84.36089,22.00293],[84.36409,22.0039],[84.36594,22.00349],[84.36705,22.00269],[84.36749,22.00179],[84.36354,21.99833],[84.3612,21.99435],[84.36132,21.99211],[84.36266,21.98987],[84.3626,21.98953],[84.36205,21.98895],[84.36058,21.9889],[84.35997,21.98856],[84.36042,21.98421],[84.35985,21.98356],[84.3602,21.98311],[84.35703,21.97978],[84.35636,21.97811],[84.35636,21.9776],[84.35709,21.97679],[84.35833,21.97667],[84.35623,21.97495],[84.35293,21.97106],[84.35069,21.9694],[84.34816,21.97061],[84.34344,21.972],[84.34241,21.97217],[84.34149,21.97183],[84.34069,21.97097],[84.34051,21.96976],[84.34229,21.96637],[84.34179,21.96522],[84.34124,21.96488],[84.34002,21.9646],[84.33874,21.96477],[84.33786,21.96445],[84.33672,21.96592],[84.33501,21.96725],[84.33353,21.96783],[84.32944,21.96847],[84.32295,21.97015],[84.3184,21.97234],[84.31842,21.97355],[84.31769,21.97464],[84.31714,21.97671],[84.31683,21.98016]]]}},{"type":"Feature","properties":{"LCODE":"010190008000800020","LOCATION":"NANDAMUNDA","V_TYPE":"VILLAGE","BLOCK":"LAIKERA","DISTRICT":"JHARSUGUDA"},"geometry":{"type":"Polygon","coordinates":[[[84.35997,21.98752],[84.36009,21.98873],[84.36205,21.98895],[84.3626,21.98953],[84.36266,21.98987],[84.36132,21.99211],[84.36108,21.99332],[84.36163,21.99539],[84.36354,21.99833],[84.36736,22.00171],[84.36856,22.00244],[84.36964,22.00073],[84.37068,21.99992],[84.37428,21.99593],[84.37289,21.99541],[84.37283,21.99513],[84.3738,21.99323],[84.3735,21.99283],[84.37135,21.99191],[84.37135,21.99111],[84.37233,21.99076],[84.37276,21.99025],[84.37172,21.98841],[84.37545,21.98645],[84.37569,21.98588],[84.37551,21.9853],[84.37521,21.9849],[84.37367,21.98433],[84.37312,21.98376],[84.37282,21.98106],[84.37251,21.98054],[84.37147,21.97963],[84.37031,21.9794],[84.3637,21.98338],[84.36125,21.9843],[84.36042,21.98421],[84.35997,21.98752]]]}},{"type":"Feature","properties":{"LCODE":"010190008000800009","LOCATION":"BABUCHIPIDIHI","V_TYPE":"VILLAGE","BLOCK":"LAIKERA","DISTRICT":"JHARSUGUDA"},"geometry":{"type":"Polygon","coordinates":[[[84.2431,21.98049],[84.24413,21.98113],[84.24477,21.98219],[84.24587,21.98253],[84.24553,21.98375],[84.2467,21.98394],[84.24724,21.98447],[84.24811,21.98674],[84.24951,21.98928],[84.25107,21.99008],[84.25339,21.99335],[84.25407,21.99505],[84.25616,21.99608],[84.25691,21.99753],[84.26353,21.99835],[84.27096,22.00043],[84.27213,22.001],[84.27373,22.00129],[84.27589,22.00111],[84.27849,21.9993],[84.28158,21.99537],[84.2814,21.98985],[84.28214,21.98749],[84.28293,21.98622],[84.28098,21.9822],[84.27853,21.97847],[84.27761,21.97594],[84.2767,21.97157],[84.27682,21.97015],[84.27596,21.96927],[84.27486,21.96353],[84.27383,21.96106],[84.27309,21.96031],[84.26852,21.95743],[84.26637,21.95865],[84.26324,21.95935],[84.26104,21.96033],[84.25941,21.96061],[84.25847,21.96396],[84.25743,21.96563],[84.25565,21.96598],[84.25272,21.96582],[84.25211,21.96611],[84.25381,21.96927],[84.25504,21.97001],[84.25608,21.9726],[84.25675,21.97294],[84.25797,21.97288],[84.25957,21.97322],[84.2606,21.97403],[84.26134,21.97592],[84.26237,21.97742],[84.26189,21.97857],[84.26023,21.97892],[84.25895,21.97835],[84.25681,21.97582],[84.25449,21.97427],[84.25351,21.97157],[84.25308,21.97111],[84.25167,21.97008],[84.25012,21.96966],[84.2513,21.97382],[84.2513,21.97508],[84.25095,21.97625],[84.24953,21.97773],[84.24684,21.97965],[84.2431,21.98049]]]}},{"type":"Feature","properties":{"LCODE":"010190009000900005","LOCATION":"HANDATUPA","V_TYPE":"VILLAGE","BLOCK":"KIRIMIRA","DISTRICT":"JHARSUGUDA"},"geometry":{"type":"Polygon","coordinates":[[[84.15664,21.99348],[84.15761,21.99745],[84.15971,21.99767],[84.16206,21.99961],[84.16264,21.99957],[84.16362,21.99892],[84.16597,21.99858],[84.16681,21.99896],[84.16749,21.99888],[84.16825,21.99824],[84.16958,21.99778],[84.16973,21.99816],[84.16851,21.99919],[84.16848,21.99949],[84.1687,22.00074],[84.16962,22.00093],[84.17068,21.99968],[84.17181,21.9993],[84.172,21.99786],[84.17345,21.99801],[84.17496,21.99748],[84.17641,21.9974],[84.17549,21.99543],[84.17568,21.99479],[84.1791,21.99327],[84.17956,21.99331],[84.18012,21.9941],[84.18077,21.99418],[84.18114,21.99369],[84.18195,21.99399],[84.18229,21.99369],[84.18233,21.99308],[84.18289,21.99315],[84.18308,21.99281],[84.18282,21.99206],[84.18308,21.99187],[84.18452,21.99275],[84.18502,21.99259],[84.18517,21.99035],[84.18654,21.99016],[84.18858,21.98917],[84.19018,21.98963],[84.19181,21.9886],[84.19283,21.98845],[84.19397,21.98762],[84.19598,21.98712],[84.1967,21.98648],[84.1991,21.98583],[84.20065,21.98595],[84.20198,21.98534],[84.20262,21.9847],[84.20183,21.98166],[84.20228,21.98045],[84.20319,21.97923],[84.20414,21.97851],[84.20424,21.9775],[84.20291,21.97614],[84.20146,21.97625],[84.19763,21.97509],[84.19604,21.97602],[84.19512,21.97597],[84.19456,21.97547],[84.19362,21.97358],[84.19337,21.97238],[84.19353,21.97124],[84.19495,21.97047],[84.19437,21.96842],[84.19381,21.96728],[84.19337,21.96722],[84.19179,21.96827],[84.19086,21.96811],[84.19006,21.96743],[84.18919,21.96635],[84.18755,21.96305],[84.18748,21.96115],[84.18775,21.9607],[84.18624,21.96054],[84.17942,21.96141],[84.17267,21.96309],[84.17076,21.96288],[84.1685,21.96451],[84.16739,21.96446],[84.16437,21.96358],[84.16246,21.96366],[84.16072,21.96637],[84.16153,21.96969],[84.1626,21.97226],[84.16277,21.97656],[84.1619,21.98264],[84.16311,21.98791],[84.16344,21.99134],[84.1629,21.99255],[84.16235,21.99273],[84.16056,21.99218],[84.15664,21.99348]]]}},{"type":"Feature","properties":{"LCODE":"010190009000900002","LOCATION":"SULAHI","V_TYPE":"VILLAGE","BLOCK":"KIRIMIRA","DISTRICT":"JHARSUGUDA"},"geometry":{"type":"Polygon","coordinates":[[[84.08444,21.97926],[84.08623,21.98497],[84.08701,21.98903],[84.0885,21.98883],[84.08945,21.98985],[84.09077,21.99395],[84.09093,21.99493],[84.0896,21.99691],[84.0896,21.99759],[84.09043,21.9982],[84.09222,21.9987],[84.0945,21.99862],[84.09502,21.99835],[84.09567,21.99718],[84.09579,21.99615],[84.09708,21.99536],[84.09969,21.99543],[84.10435,21.99695],[84.10561,21.99657],[84.10652,21.99562],[84.10675,21.99486],[84.10675,21.99209],[84.10809,21.99121],[84.10847,21.98931],[84.1089,21.98868],[84.11025,21.98815],[84.11117,21.98733],[84.11196,21.98618],[84.11274,21.98393],[84.11458,21.98276],[84.11888,21.98248],[84.11949,21.98225],[84.11967,21.98179],[84.1172,21.98032],[84.11683,21.97981],[84.1167,21.97935],[84.11725,21.9782],[84.118,21.97766],[84.11636,21.97448],[84.11344,21.9717],[84.11194,21.96931],[84.10693,21.96534],[84.10457,21.9629],[84.10381,21.96021],[84.10435,21.9565],[84.09978,21.95721],[84.09578,21.95685],[84.09493,21.95772],[84.09283,21.95774],[84.09119,21.95902],[84.08935,21.95977],[84.0896,21.9606],[84.08952,21.96265],[84.08869,21.96576],[84.08664,21.96997],[84.08622,21.97183],[84.08664,21.97457],[84.08604,21.97821],[84.0855,21.97889],[84.08444,21.97926]]]}},{"type":"Feature","properties":{"LCODE":"01019000900090rf","LOCATION":"RF","V_TYPE":"FOREST","BLOCK":"KIRIMIRA","DISTRICT":"JHARSUGUDA"},"geometry":{"type":"Polygon","coordinates":[[[84.14378,21.98657],[84.14441,21.98834],[84.1459,21.98999],[84.15221,21.99422],[84.15314,21.99455],[84.15461,21.99431],[84.15494,21.99625],[84.15544,21.99728],[84.15679,21.99726],[84.15577,21.99246],[84.15215,21.98659],[84.15092,21.98655],[84.15061,21.98759],[84.14932,21.98766],[84.14828,21.9875],[84.1477,21.98624],[84.14378,21.98657]]]}},{"type":"Feature","properties":{"LCODE":"010190009000900004","LOCATION":"BHIMJOR","V_TYPE":"VILLAGE","BLOCK":"KIRIMIRA","DISTRICT":"JHARSUGUDA"},"geometry":{"type":"Polygon","coordinates":[[[84.13596,21.97743],[84.13806,21.98038],[84.14133,21.98178],[84.14214,21.9824],[84.14394,21.98479],[84.1477,21.98624],[84.14828,21.9875],[84.15061,21.98759],[84.15092,21.98655],[84.15215,21.98659],[84.15577,21.99246],[84.15603,21.99334],[84.15665,21.99352],[84.16056,21.99218],[84.16235,21.99273],[84.16321,21.99215],[84.16344,21.99008],[84.1619,21.98264],[84.16277,21.97656],[84.1626,21.97226],[84.16153,21.96969],[84.16072,21.96637],[84.15917,21.96696],[84.15745,21.96681],[84.15652,21.96705],[84.15726,21.96721],[84.15807,21.96789],[84.15845,21.96961],[84.15809,21.96996],[84.15612,21.97021],[84.15113,21.96946],[84.14886,21.96948],[84.14652,21.97008],[84.14678,21.97117],[84.14759,21.97213],[84.14778,21.97334],[84.1476,21.97368],[84.14693,21.97392],[84.14214,21.97454],[84.13973,21.97457],[84.13936,21.97429],[84.13902,21.97258],[84.13795,21.97236],[84.13671,21.9734],[84.13667,21.97564],[84.13596,21.97743]]]}},{"type":"Feature","properties":{"LCODE":"010190009000900001","LOCATION":"CHAKBUDA","V_TYPE":"VILLAGE","BLOCK":"KIRIMIRA","DISTRICT":"JHARSUGUDA"},"geometry":{"type":"Polygon","coordinates":[[[84.07063,21.98409],[84.07127,21.98765],[84.07169,21.98868],[84.0723,21.98906],[84.08258,21.98993],[84.08471,21.98974],[84.08701,21.98903],[84.08623,21.98497],[84.08444,21.97926],[84.08304,21.97969],[84.07533,21.9801],[84.07458,21.98094],[84.07362,21.98337],[84.07325,21.98371],[84.07279,21.9839],[84.07127,21.98371],[84.07063,21.98409]]]}},{"type":"Feature","properties":{"LCODE":"010190008000800026","LOCATION":"ROUTBAHAL","V_TYPE":"VILLAGE","BLOCK":"LAIKERA","DISTRICT":"JHARSUGUDA"},"geometry":{"type":"Polygon","coordinates":[[[84.2767,21.97157],[84.27724,21.97456],[84.27853,21.97847],[84.28098,21.9822],[84.28288,21.98614],[84.28416,21.98582],[84.29089,21.98557],[84.29285,21.98499],[84.2937,21.98407],[84.29425,21.98246],[84.29529,21.98127],[84.2923,21.97919],[84.29114,21.97689],[84.28857,21.97482],[84.28642,21.96977],[84.28459,21.96862],[84.283,21.96828],[84.28129,21.9684],[84.28012,21.96863],[84.27682,21.97015],[84.2767,21.97157]]]}},{"type":"Feature","properties":{"LCODE":"010190008000800022","LOCATION":"KARMAPADA","V_TYPE":"VILLAGE","BLOCK":"LAIKERA","DISTRICT":"JHARSUGUDA"},"geometry":{"type":"Polygon","coordinates":[[[84.35636,21.9776],[84.35648,21.97869],[84.35703,21.97978],[84.3602,21.98311],[84.36468,21.97964],[84.36535,21.97855],[84.3656,21.97729],[84.3648,21.97672],[84.36314,21.97623],[84.36156,21.97661],[84.35709,21.97679],[84.35636,21.9776]]]}},{"type":"Feature","properties":{"LCODE":"010190008000800025","LOCATION":"RAMCHI   PIDIHI","V_TYPE":"VILLAGE","BLOCK":"LAIKERA","DISTRICT":"JHARSUGUDA"},"geometry":{"type":"Polygon","coordinates":[[[84.27366,21.96088],[84.27486,21.96353],[84.27596,21.96927],[84.27645,21.96985],[84.27682,21.97015],[84.28012,21.96863],[84.28214,21.96828],[84.28459,21.96862],[84.28551,21.96914],[84.28642,21.96977],[84.28857,21.97482],[84.29114,21.97689],[84.2923,21.97919],[84.29529,21.98127],[84.297,21.98101],[84.30141,21.98129],[84.30233,21.98106],[84.30276,21.98066],[84.30312,21.97858],[84.30563,21.97363],[84.3082,21.9711],[84.30808,21.96972],[84.30741,21.96788],[84.30569,21.96564],[84.30539,21.96427],[84.30622,21.96223],[84.30338,21.96145],[84.29989,21.96094],[84.29713,21.95865],[84.29493,21.95595],[84.29298,21.9521],[84.29096,21.94895],[84.29066,21.94596],[84.28888,21.94199],[84.28796,21.94113],[84.28396,21.93869],[84.28326,21.94097],[84.28338,21.94597],[84.28258,21.94839],[84.27988,21.95339],[84.27682,21.95806],[84.27438,21.95979],[84.27366,21.96088]]]}},{"type":"Feature","properties":{"LCODE":"010190009000900035","LOCATION":"DHENGURJOR","V_TYPE":"VILLAGE","BLOCK":"KIRIMIRA","DISTRICT":"JHARSUGUDA"},"geometry":{"type":"Polygon","coordinates":[[[84.12006,21.96853],[84.12136,21.97029],[84.12312,21.9736],[84.12337,21.97492],[84.12246,21.97676],[84.12088,21.97862],[84.12073,21.9796],[84.12199,21.97935],[84.12434,21.98042],[84.12618,21.98051],[84.12877,21.97997],[84.13084,21.97753],[84.13241,21.97755],[84.13267,21.97545],[84.1311,21.97139],[84.1309,21.97048],[84.13108,21.97008],[84.12934,21.96826],[84.12762,21.96764],[84.12528,21.96813],[84.12091,21.96812],[84.12018,21.96824],[84.12006,21.96853]]]}},{"type":"Feature","properties":{"LCODE":"010190008000800008","LOCATION":"BAIGANBUD","V_TYPE":"VILLAGE","BLOCK":"LAIKERA","DISTRICT":"JHARSUGUDA"},"geometry":{"type":"Polygon","coordinates":[[[84.23181,21.97403],[84.23309,21.97441],[84.23418,21.97548],[84.23601,21.97623],[84.23787,21.97752],[84.23931,21.97764],[84.24072,21.97824],[84.2431,21.98049],[84.24684,21.97965],[84.25014,21.97715],[84.25095,21.97625],[84.2513,21.97508],[84.251,21.97238],[84.25012,21.96966],[84.24865,21.96936],[84.24809,21.96887],[84.2474,21.96802],[84.24708,21.96619],[84.24433,21.96267],[84.24229,21.96102],[84.24057,21.96179],[84.23636,21.9651],[84.23502,21.9658],[84.2332,21.96869],[84.23254,21.97041],[84.23249,21.97213],[84.23181,21.97403]]]}},{"type":"Feature","properties":{"LCODE":"010190009000900036","LOCATION":"MEDNIPUR","V_TYPE":"VILLAGE","BLOCK":"KIRIMIRA","DISTRICT":"JHARSUGUDA"},"geometry":{"type":"Polygon","coordinates":[[[84.11185,21.96923],[84.11344,21.9717],[84.11561,21.97357],[84.11691,21.97522],[84.118,21.97766],[84.11903,21.97783],[84.11952,21.97823],[84.11996,21.97937],[84.12052,21.97971],[84.12083,21.97954],[84.12088,21.97862],[84.12246,21.97676],[84.12337,21.97492],[84.12312,21.9736],[84.12136,21.97029],[84.12006,21.96853],[84.12018,21.96824],[84.12091,21.96812],[84.12354,21.9682],[84.12032,21.96228],[84.11687,21.96237],[84.11595,21.96301],[84.11362,21.96383],[84.11288,21.96453],[84.11259,21.96534],[84.11304,21.96809],[84.11185,21.96923]]]}},{"type":"Feature","properties":{"LCODE":"01019000800080rf","LOCATION":"RF","V_TYPE":"FOREST","BLOCK":"LAIKERA","DISTRICT":"JHARSUGUDA"},"geometry":{"type":"Polygon","coordinates":[[[84.22353,21.93001],[84.22398,21.93184],[84.22453,21.93206],[84.22478,21.93269],[84.22487,21.93498],[84.22655,21.93777],[84.22774,21.93913],[84.22972,21.9406],[84.23244,21.94183],[84.23405,21.94302],[84.23679,21.94562],[84.23747,21.94716],[84.2373,21.94854],[84.23657,21.94941],[84.23486,21.94983],[84.23302,21.95116],[84.23267,21.95237],[84.23282,21.95288],[84.23723,21.95388],[84.23822,21.95443],[84.23875,21.95734],[84.23925,21.95837],[84.24433,21.96267],[84.24708,21.96619],[84.2474,21.96802],[84.24844,21.96925],[84.25118,21.96985],[84.25308,21.97111],[84.25351,21.97157],[84.25449,21.97427],[84.25681,21.97582],[84.25846,21.97794],[84.25944,21.97869],[84.26078,21.97892],[84.26189,21.97857],[84.26237,21.97742],[84.26134,21.97592],[84.2606,21.97403],[84.25957,21.97322],[84.25797,21.97288],[84.25675,21.97294],[84.25608,21.9726],[84.25504,21.97001],[84.25381,21.96927],[84.25217,21.96645],[84.25223,21.96588],[84.25565,21.96598],[84.25743,21.96563],[84.25847,21.96396],[84.25945,21.96051],[84.2589,21.95971],[84.25737,21.95948],[84.25706,21.95913],[84.257,21.95695],[84.25682,21.95609],[84.25639,21.95563],[84.25468,21.95477],[84.25199,21.955],[84.25187,21.95287],[84.25065,21.95253],[84.25095,21.95201],[84.25272,21.95161],[84.25395,21.95097],[84.25468,21.95016],[84.25481,21.94959],[84.25475,21.94654],[84.25408,21.94453],[84.25206,21.94137],[84.25017,21.93976],[84.24905,21.93937],[84.24673,21.93733],[84.24543,21.93706],[84.2439,21.93725],[84.24385,21.93908],[84.2422,21.93967],[84.24351,21.94189],[84.24339,21.94263],[84.24272,21.94304],[84.2405,21.94243],[84.24037,21.94175],[84.24092,21.94111],[84.24079,21.94031],[84.24011,21.93998],[84.23852,21.94057],[84.23779,21.9416],[84.23724,21.9415],[84.23759,21.93989],[84.23689,21.93818],[84.23676,21.93709],[84.23534,21.93613],[84.23417,21.93597],[84.23318,21.93598],[84.23178,21.93726],[84.23104,21.93715],[84.22875,21.93557],[84.22592,21.92953],[84.22413,21.92868],[84.22353,21.93001]]]}},{"type":"Feature","properties":{"LCODE":"010190009000900006","LOCATION":"BAIJAPALI","V_TYPE":"VILLAGE","BLOCK":"KIRIMIRA","DISTRICT":"JHARSUGUDA"},"geometry":{"type":"Polygon","coordinates":[[[84.19938,21.97048],[84.19988,21.97174],[84.20286,21.97452],[84.20336,21.97531],[84.20324,21.976],[84.20291,21.97614],[84.20424,21.9775],[84.20403,21.97661],[84.20471,21.97616],[84.20547,21.97658],[84.20766,21.97676],[84.20937,21.97733],[84.21761,21.97787],[84.22451,21.97502],[84.22562,21.97487],[84.22584,21.9751],[84.22308,21.9716],[84.22157,21.9691],[84.21974,21.96396],[84.21576,21.95733],[84.21404,21.96047],[84.21326,21.9614],[84.21209,21.96192],[84.21037,21.96171],[84.2064,21.96485],[84.20448,21.96418],[84.20338,21.96414],[84.2029,21.96557],[84.20199,21.96702],[84.19986,21.96945],[84.19938,21.97048]]]}},{"type":"Feature","properties":{"LCODE":"010190009000900033","LOCATION":"BUNGA BERNA","V_TYPE":"VILLAGE","BLOCK":"KIRIMIRA","DISTRICT":"JHARSUGUDA"},"geometry":{"type":"Polygon","coordinates":[[[84.1309,21.97048],[84.13267,21.97545],[84.13241,21.97755],[84.13441,21.97784],[84.13596,21.97743],[84.13667,21.97564],[84.13671,21.9734],[84.13795,21.97236],[84.13299,21.97017],[84.13114,21.96996],[84.1309,21.97048]]]}},{"type":"Feature","properties":{"LCODE":"010190008000800023","LOCATION":"KHAJURKHAMAN","V_TYPE":"VILLAGE","BLOCK":"LAIKERA","DISTRICT":"JHARSUGUDA"},"geometry":{"type":"Polygon","coordinates":[[[84.34987,21.96796],[84.35122,21.96848],[84.35128,21.96876],[84.35069,21.9694],[84.35293,21.97106],[84.35623,21.97495],[84.35833,21.97667],[84.36156,21.97661],[84.36314,21.97623],[84.36291,21.97569],[84.36633,21.97057],[84.36645,21.96994],[84.36572,21.96873],[84.36572,21.9681],[84.367,21.9666],[84.36718,21.96356],[84.36975,21.95959],[84.36932,21.9558],[84.36895,21.95558],[84.36295,21.95513],[84.35776,21.95956],[84.35526,21.96209],[84.35336,21.96204],[84.34987,21.96796]]]}},{"type":"Feature","properties":{"LCODE":"01019000900090rf","LOCATION":"RF","V_TYPE":"FOREST","BLOCK":"KIRIMIRA","DISTRICT":"JHARSUGUDA"},"geometry":{"type":"Polygon","coordinates":[[[84.18748,21.96115],[84.18755,21.96305],[84.18919,21.96635],[84.19006,21.96743],[84.19086,21.96811],[84.19179,21.96827],[84.19337,21.96722],[84.19381,21.96728],[84.19437,21.96842],[84.19495,21.97047],[84.19353,21.97124],[84.19337,21.97238],[84.19362,21.97358],[84.19456,21.97547],[84.19512,21.97597],[84.19604,21.97602],[84.19763,21.97509],[84.20146,21.97625],[84.20245,21.97635],[84.20324,21.976],[84.20336,21.97531],[84.20286,21.97452],[84.19988,21.97174],[84.19938,21.97048],[84.19986,21.96945],[84.20199,21.96702],[84.2029,21.96557],[84.20338,21.96414],[84.20448,21.96418],[84.2064,21.96485],[84.2067,21.96456],[84.20645,21.96416],[84.20287,21.96214],[84.202,21.96192],[84.20184,21.96473],[84.20142,21.96536],[84.20062,21.96577],[84.19964,21.96578],[84.19933,21.9655],[84.20085,21.96411],[84.20085,21.96365],[84.19981,21.96372],[84.1976,21.96494],[84.19723,21.96455],[84.19747,21.96403],[84.19857,21.96333],[84.19795,21.96276],[84.19457,21.9636],[84.19408,21.96298],[84.19382,21.96137],[84.19479,21.96079],[84.19602,21.96078],[84.19781,21.96162],[84.19948,21.96154],[84.20009,21.96119],[84.20002,21.96062],[84.19867,21.96058],[84.19823,21.96024],[84.19772,21.95721],[84.19531,21.95729],[84.19331,21.95926],[84.18797,21.96035],[84.18748,21.96115]]]}},{"type":"Feature","properties":{"LCODE":"010190008000800007","LOCATION":"BANKI","V_TYPE":"VILLAGE","BLOCK":"LAIKERA","DISTRICT":"JHARSUGUDA"},"geometry":{"type":"Polygon","coordinates":[[[84.21576,21.95733],[84.21974,21.96396],[84.22101,21.96784],[84.22308,21.9716],[84.22584,21.9751],[84.22687,21.97506],[84.2272,21.97544],[84.2291,21.97574],[84.22975,21.97612],[84.23028,21.97582],[84.23024,21.9751],[84.23077,21.97426],[84.23108,21.97396],[84.23181,21.97403],[84.23249,21.97213],[84.23254,21.97041],[84.2332,21.96869],[84.23502,21.9658],[84.23636,21.9651],[84.24057,21.96179],[84.24229,21.96102],[84.23925,21.95837],[84.23875,21.95734],[84.23822,21.95443],[84.23723,21.95388],[84.23282,21.95288],[84.23089,21.95279],[84.23015,21.95245],[84.22935,21.9524],[84.22659,21.95352],[84.21995,21.95463],[84.21713,21.95563],[84.21576,21.95733]]]}},{"type":"Feature","properties":{"LCODE":"01019000900090rf","LOCATION":"RF","V_TYPE":"FOREST","BLOCK":"KIRIMIRA","DISTRICT":"JHARSUGUDA"},"geometry":{"type":"Polygon","coordinates":[[[84.13267,21.96036],[84.13344,21.96201],[84.13789,21.96019],[84.13887,21.96012],[84.14097,21.96067],[84.14214,21.96198],[84.14278,21.96364],[84.14298,21.96587],[84.14281,21.96782],[84.14252,21.96921],[84.14149,21.97082],[84.13891,21.97154],[84.13936,21.97429],[84.13973,21.97457],[84.1449,21.97428],[84.1476,21.97368],[84.14778,21.97334],[84.14759,21.97213],[84.14653,21.97042],[84.14652,21.97008],[84.14719,21.96973],[84.15113,21.96946],[84.15612,21.97021],[84.15809,21.96996],[84.15845,21.96961],[84.15807,21.96789],[84.15683,21.96704],[84.15604,21.96705],[84.15469,21.9681],[84.15333,21.96742],[84.14719,21.96829],[84.14632,21.9687],[84.14621,21.96922],[84.14571,21.96923],[84.14448,21.96844],[84.14532,21.96659],[84.14451,21.96448],[84.14516,21.96212],[84.14466,21.96132],[84.14294,21.96128],[84.14251,21.96106],[84.14232,21.96049],[84.14245,21.95452],[84.14178,21.94891],[84.1392,21.94131],[84.13789,21.93943],[84.13703,21.93909],[84.13726,21.93725],[84.13443,21.93694],[84.134,21.93769],[84.13509,21.94204],[84.13524,21.94513],[84.13575,21.94771],[84.13576,21.9488],[84.13448,21.95111],[84.13437,21.9518],[84.136,21.95597],[84.13589,21.95648],[84.13357,21.9588],[84.13267,21.96036]]]}},{"type":"Feature","properties":{"LCODE":"010190009000900032","LOCATION":"PITAMAL","V_TYPE":"VILLAGE","BLOCK":"KIRIMIRA","DISTRICT":"JHARSUGUDA"},"geometry":{"type":"Polygon","coordinates":[[[84.13344,21.96201],[84.1341,21.96356],[84.1364,21.96589],[84.13659,21.96629],[84.13623,21.96749],[84.13686,21.97007],[84.13816,21.97242],[84.13902,21.97258],[84.13891,21.97154],[84.14149,21.97082],[84.14252,21.96921],[84.14298,21.96587],[84.14278,21.96364],[84.14214,21.96198],[84.14097,21.96067],[84.13887,21.96012],[84.13789,21.96019],[84.13344,21.96201]]]}},{"type":"Feature","properties":{"LCODE":"010190009000900034","LOCATION":"DUMBERDIHI","V_TYPE":"VILLAGE","BLOCK":"KIRIMIRA","DISTRICT":"JHARSUGUDA"},"geometry":{"type":"Polygon","coordinates":[[[84.1272,21.96306],[84.12785,21.96546],[84.1274,21.9677],[84.12934,21.96826],[84.13108,21.97008],[84.13299,21.97017],[84.13816,21.97242],[84.13686,21.97007],[84.13648,21.9687],[84.13622,21.96704],[84.13659,21.96629],[84.1341,21.96356],[84.13267,21.96036],[84.12775,21.96219],[84.12733,21.96248],[84.1272,21.96306]]]}},{"type":"Feature","properties":{"LCODE":"010190008000800024","LOCATION":"TALMUNDA","V_TYPE":"VILLAGE","BLOCK":"LAIKERA","DISTRICT":"JHARSUGUDA"},"geometry":{"type":"Polygon","coordinates":[[[84.30622,21.96223],[84.30931,21.96294],[84.3161,21.96545],[84.3186,21.96688],[84.31916,21.96786],[84.3183,21.96958],[84.3184,21.97234],[84.32295,21.97015],[84.32944,21.96847],[84.33353,21.96783],[84.33501,21.96725],[84.33672,21.96592],[84.33786,21.96445],[84.33611,21.96288],[84.33347,21.95858],[84.33414,21.95628],[84.33561,21.95323],[84.33818,21.9511],[84.34724,21.94562],[84.34748,21.94499],[84.34758,21.9421],[84.33897,21.93984],[84.33598,21.93938],[84.33451,21.93944],[84.33256,21.94036],[84.33078,21.94278],[84.32919,21.94376],[84.32858,21.94468],[84.32821,21.94606],[84.32723,21.94715],[84.32577,21.94762],[84.32484,21.94716],[84.32289,21.94463],[84.32124,21.94366],[84.31904,21.94332],[84.31738,21.94413],[84.31689,21.94407],[84.31653,21.94378],[84.31616,21.94252],[84.31525,21.9416],[84.31035,21.94103],[84.30901,21.94724],[84.30925,21.95069],[84.3084,21.95236],[84.30839,21.95719],[84.30747,21.96064],[84.30622,21.96223]]]}},{"type":"Feature","properties":{"LCODE":"010190009000900031","LOCATION":"SARASMALI","V_TYPE":"VILLAGE","BLOCK":"KIRIMIRA","DISTRICT":"JHARSUGUDA"},"geometry":{"type":"Polygon","coordinates":[[[84.14179,21.94895],[84.14245,21.95452],[84.14232,21.96049],[84.14251,21.96106],[84.14294,21.96128],[84.14466,21.96132],[84.14516,21.96212],[84.14451,21.96448],[84.14532,21.96659],[84.14448,21.96844],[84.14571,21.96923],[84.14621,21.96922],[84.14632,21.9687],[84.14719,21.96829],[84.15333,21.96742],[84.15469,21.9681],[84.15604,21.96705],[84.15745,21.96681],[84.15917,21.96696],[84.16072,21.96637],[84.15878,21.96357],[84.15556,21.9627],[84.15237,21.96291],[84.15068,21.95965],[84.1496,21.95668],[84.15058,21.95604],[84.15139,21.95707],[84.15206,21.9566],[84.15452,21.95594],[84.15601,21.95482],[84.1553,21.95433],[84.15524,21.95387],[84.15572,21.95249],[84.15833,21.94925],[84.16053,21.94734],[84.16045,21.94464],[84.15969,21.94293],[84.15876,21.94185],[84.15653,21.94015],[84.15456,21.93943],[84.14915,21.93917],[84.14714,21.94237],[84.14635,21.9441],[84.14606,21.94588],[84.14442,21.9475],[84.14179,21.94895]]]}},{"type":"Feature","properties":{"LCODE":"010190009000900037","LOCATION":"MAGARADIHI","V_TYPE":"VILLAGE","BLOCK":"KIRIMIRA","DISTRICT":"JHARSUGUDA"},"geometry":{"type":"Polygon","coordinates":[[[84.10381,21.96021],[84.10457,21.9629],[84.10693,21.96534],[84.11185,21.96923],[84.11304,21.96809],[84.11259,21.96534],[84.11288,21.96453],[84.11362,21.96383],[84.11595,21.96301],[84.11687,21.96237],[84.12032,21.96228],[84.1185,21.95902],[84.11726,21.95783],[84.11565,21.95693],[84.11295,21.95667],[84.11221,21.95633],[84.11159,21.95634],[84.11049,21.9571],[84.10968,21.95665],[84.1087,21.9574],[84.10784,21.95712],[84.10703,21.95627],[84.10435,21.9565],[84.10381,21.96021]]]}},{"type":"Feature","properties":{"LCODE":"010190009000900039","LOCATION":"DEOPAN","V_TYPE":"VILLAGE","BLOCK":"KIRIMIRA","DISTRICT":"JHARSUGUDA"},"geometry":{"type":"Polygon","coordinates":[[[84.106,21.94968],[84.10677,21.95295],[84.10659,21.95502],[84.10728,21.95661],[84.10822,21.95735],[84.1087,21.9574],[84.10968,21.95665],[84.11049,21.9571],[84.11159,21.95634],[84.11221,21.95633],[84.11295,21.95667],[84.11565,21.95693],[84.11726,21.95783],[84.1185,21.95902],[84.12354,21.9682],[84.1274,21.9677],[84.12785,21.96546],[84.1272,21.96306],[84.12733,21.96248],[84.13267,21.96036],[84.13357,21.9588],[84.13589,21.95648],[84.136,21.95597],[84.13437,21.9518],[84.13448,21.95111],[84.13576,21.9488],[84.13488,21.94106],[84.12927,21.93866],[84.12773,21.93769],[84.12184,21.93965],[84.11981,21.93984],[84.1171,21.93912],[84.11513,21.93794],[84.11383,21.93772],[84.1143,21.943],[84.10726,21.94686],[84.10648,21.9479],[84.106,21.94968]]]}},{"type":"Feature","properties":{"LCODE":"010190009000900030","LOCATION":"JHARMUNDA","V_TYPE":"VILLAGE","BLOCK":"KIRIMIRA","DISTRICT":"JHARSUGUDA"},"geometry":{"type":"Polygon","coordinates":[[[84.15878,21.96357],[84.16072,21.96637],[84.16246,21.96366],[84.16437,21.96358],[84.16739,21.96446],[84.1685,21.96451],[84.17076,21.96288],[84.17267,21.96309],[84.17942,21.96141],[84.18624,21.96054],[84.18775,21.9607],[84.18797,21.96035],[84.18944,21.95999],[84.19177,21.95973],[84.19331,21.95926],[84.19491,21.95752],[84.19374,21.95375],[84.19337,21.95318],[84.19189,21.95228],[84.19062,21.94897],[84.18913,21.94761],[84.1893,21.9456],[84.18911,21.94457],[84.18792,21.94218],[84.18762,21.94212],[84.18179,21.94488],[84.17577,21.94529],[84.17326,21.94692],[84.16862,21.95098],[84.16592,21.95234],[84.16571,21.95571],[84.16517,21.95704],[84.16351,21.95751],[84.16184,21.95655],[84.16098,21.95662],[84.16115,21.96121],[84.16152,21.96201],[84.16147,21.96275],[84.1611,21.96338],[84.16013,21.96385],[84.15878,21.96357]]]}},{"type":"Feature","properties":{"LCODE":"010190009000900029","LOCATION":"BARPAN","V_TYPE":"VILLAGE","BLOCK":"KIRIMIRA","DISTRICT":"JHARSUGUDA"},"geometry":{"type":"Polygon","coordinates":[[[84.19073,21.94916],[84.19189,21.95228],[84.19337,21.95318],[84.19374,21.95375],[84.19491,21.95752],[84.19531,21.95729],[84.19772,21.95721],[84.19823,21.96024],[84.19867,21.96058],[84.20002,21.96062],[84.20021,21.96085],[84.19948,21.96154],[84.19868,21.96167],[84.19781,21.96162],[84.19602,21.96078],[84.19479,21.96079],[84.19382,21.96137],[84.19408,21.96298],[84.19457,21.9636],[84.19795,21.96276],[84.19857,21.96333],[84.19747,21.96403],[84.19723,21.96455],[84.1976,21.96494],[84.19981,21.96372],[84.20085,21.96365],[84.20085,21.96411],[84.19933,21.9655],[84.19964,21.96578],[84.20062,21.96577],[84.20142,21.96536],[84.20184,21.96473],[84.202,21.96192],[84.2054,21.96349],[84.20667,21.96449],[84.21037,21.96171],[84.21209,21.96192],[84.21326,21.9614],[84.21404,21.96047],[84.21616,21.95661],[84.21713,21.95563],[84.22038,21.95457],[84.21943,21.95079],[84.22096,21.95066],[84.22127,21.95037],[84.22083,21.94946],[84.22119,21.94848],[84.22347,21.94943],[84.22501,21.9493],[84.22611,21.94866],[84.22808,21.94892],[84.23093,21.95067],[84.23169,21.95289],[84.23286,21.95288],[84.23267,21.95237],[84.23302,21.95116],[84.23486,21.94983],[84.23657,21.94941],[84.2373,21.94854],[84.23747,21.94716],[84.23679,21.94562],[84.23405,21.94302],[84.23244,21.94183],[84.22972,21.9406],[84.22774,21.93913],[84.22655,21.93777],[84.22487,21.93498],[84.22478,21.93269],[84.22453,21.93206],[84.22398,21.93184],[84.22366,21.93104],[84.22353,21.93001],[84.22399,21.92886],[84.22357,21.92806],[84.22392,21.92634],[84.22195,21.92607],[84.22042,21.92649],[84.21999,21.92626],[84.21889,21.92673],[84.21489,21.92689],[84.21362,21.92879],[84.21276,21.92949],[84.2113,21.92996],[84.20856,21.93377],[84.20636,21.93482],[84.20563,21.93546],[84.20418,21.93869],[84.20357,21.93921],[84.2018,21.93991],[84.20045,21.9417],[84.2001,21.94314],[84.20018,21.94509],[84.1991,21.94739],[84.19849,21.94797],[84.19627,21.94834],[84.19307,21.94768],[84.19073,21.94916]]]}},{"type":"Feature","properties":{"LCODE":"01019000900090rf","LOCATION":"RF","V_TYPE":"FOREST","BLOCK":"KIRIMIRA","DISTRICT":"JHARSUGUDA"},"geometry":{"type":"Polygon","coordinates":[[[84.1496,21.95668],[84.15068,21.95965],[84.15237,21.96291],[84.15556,21.9627],[84.16013,21.96385],[84.1611,21.96338],[84.16147,21.96275],[84.16152,21.96201],[84.16115,21.96121],[84.16098,21.95662],[84.16184,21.95655],[84.16351,21.95751],[84.16517,21.95704],[84.16571,21.95571],[84.16592,21.9521],[84.16512,21.95176],[84.16408,21.95189],[84.16058,21.95313],[84.15918,21.95446],[84.1581,21.95654],[84.15736,21.95712],[84.15699,21.95695],[84.15692,21.95649],[84.1574,21.95482],[84.1566,21.95449],[84.15452,21.95594],[84.15206,21.9566],[84.15139,21.95707],[84.15058,21.95604],[84.1496,21.95668]]]}},{"type":"Feature","properties":{"LCODE":"010190008000800051","LOCATION":"SAHASPUR","V_TYPE":"VILLAGE","BLOCK":"LAIKERA","DISTRICT":"JHARSUGUDA"},"geometry":{"type":"Polygon","coordinates":[[[84.27873,21.92855],[84.27879,21.92993],[84.27953,21.93223],[84.28124,21.93591],[84.28417,21.93889],[84.28632,21.94004],[84.28888,21.94199],[84.29066,21.94596],[84.29096,21.94895],[84.29298,21.9521],[84.29493,21.95595],[84.29713,21.95865],[84.29989,21.96094],[84.30338,21.96145],[84.30622,21.96223],[84.30747,21.96064],[84.30839,21.95719],[84.3084,21.95236],[84.30925,21.95069],[84.30901,21.94724],[84.31031,21.94116],[84.30925,21.9404],[84.30656,21.93736],[84.30014,21.93139],[84.29929,21.9314],[84.2925,21.92957],[84.28687,21.92929],[84.28375,21.92636],[84.27943,21.92445],[84.27885,21.92579],[84.27873,21.92855]]]}},{"type":"Feature","properties":{"LCODE":"010190008000800027","LOCATION":"NAIKBANDHPALI","V_TYPE":"VILLAGE","BLOCK":"LAIKERA","DISTRICT":"JHARSUGUDA"},"geometry":{"type":"Polygon","coordinates":[[[84.26618,21.95469],[84.26643,21.95543],[84.26765,21.95675],[84.27366,21.96088],[84.27438,21.95979],[84.27682,21.95806],[84.27988,21.95339],[84.28258,21.94839],[84.28338,21.94597],[84.28326,21.94097],[84.28396,21.93869],[84.28124,21.93591],[84.27946,21.93205],[84.27739,21.93339],[84.27518,21.93575],[84.27097,21.9384],[84.26659,21.9402],[84.26649,21.94215],[84.26686,21.9441],[84.2679,21.94646],[84.26942,21.94876],[84.26973,21.95111],[84.26875,21.95301],[84.26667,21.95405],[84.26618,21.95469]]]}},{"type":"Feature","properties":{"LCODE":"010190008000800028","LOCATION":"DUDUKABAHAL","V_TYPE":"VILLAGE","BLOCK":"LAIKERA","DISTRICT":"JHARSUGUDA"},"geometry":{"type":"Polygon","coordinates":[[[84.24734,21.93784],[84.24905,21.93937],[84.25017,21.93976],[84.25206,21.94137],[84.25408,21.94453],[84.25475,21.94654],[84.25493,21.94861],[84.25438,21.95062],[84.25352,21.95126],[84.25059,21.9523],[84.25065,21.95253],[84.25187,21.95287],[84.25199,21.955],[84.25468,21.95477],[84.25639,21.95563],[84.25682,21.95609],[84.257,21.95695],[84.25706,21.95913],[84.25737,21.95948],[84.2589,21.95971],[84.25939,21.96017],[84.25941,21.96061],[84.26104,21.96033],[84.26324,21.95935],[84.26637,21.95865],[84.26852,21.95743],[84.26643,21.95543],[84.26618,21.95469],[84.26667,21.95405],[84.26826,21.95336],[84.26912,21.9525],[84.26973,21.95111],[84.26967,21.94956],[84.26686,21.9441],[84.26649,21.94215],[84.26662,21.93967],[84.26631,21.93887],[84.26497,21.93755],[84.26234,21.93611],[84.26057,21.93577],[84.25757,21.93595],[84.25574,21.93543],[84.25347,21.93613],[84.25225,21.93613],[84.25152,21.93533],[84.25091,21.93242],[84.24904,21.93479],[84.24734,21.93784]]]}},{"type":"Feature","properties":{"LCODE":"010190009000900038","LOCATION":"CHANDARPUR","V_TYPE":"VILLAGE","BLOCK":"KIRIMIRA","DISTRICT":"JHARSUGUDA"},"geometry":{"type":"Polygon","coordinates":[[[84.07883,21.94197],[84.07898,21.94474],[84.07989,21.9466],[84.07982,21.9486],[84.08046,21.95309],[84.08125,21.95457],[84.0822,21.95548],[84.08614,21.95833],[84.08891,21.95901],[84.08935,21.95977],[84.09119,21.95902],[84.09283,21.95774],[84.09493,21.95772],[84.09578,21.95685],[84.09978,21.95721],[84.10519,21.95635],[84.10712,21.95639],[84.10659,21.95502],[84.10677,21.95295],[84.106,21.94968],[84.10683,21.94726],[84.10877,21.94603],[84.10719,21.94485],[84.10693,21.94382],[84.10558,21.94292],[84.1052,21.94223],[84.10398,21.93656],[84.09901,21.93724],[84.0977,21.93663],[84.09517,21.93441],[84.09412,21.93402],[84.08865,21.93483],[84.08669,21.93479],[84.08651,21.93519],[84.0843,21.93648],[84.08197,21.93713],[84.07993,21.93732],[84.07906,21.93894],[84.07883,21.94197]]]}},{"type":"Feature","properties":{"LCODE":"010190009000900045","LOCATION":"TELIDIHI","V_TYPE":"VILLAGE","BLOCK":"KIRIMIRA","DISTRICT":"JHARSUGUDA"},"geometry":{"type":"Polygon","coordinates":[[[84.15524,21.95387],[84.1553,21.95433],[84.15601,21.95482],[84.1566,21.95449],[84.1574,21.95482],[84.15699,21.95695],[84.15773,21.957],[84.15918,21.95446],[84.16058,21.95313],[84.16408,21.95189],[84.16512,21.95176],[84.16592,21.9521],[84.16592,21.95234],[84.16771,21.95162],[84.17326,21.94692],[84.17577,21.94529],[84.18179,21.94488],[84.18504,21.94324],[84.18724,21.94247],[84.18767,21.94218],[84.18723,21.94115],[84.18727,21.93903],[84.18622,21.93801],[84.18536,21.93808],[84.18333,21.93907],[84.17693,21.9373],[84.176,21.93743],[84.17533,21.93789],[84.17521,21.93841],[84.17565,21.93955],[84.1756,21.94013],[84.17517,21.94053],[84.16782,21.94382],[84.16671,21.94366],[84.1659,21.94258],[84.16511,21.9427],[84.16304,21.94542],[84.16061,21.94666],[84.16053,21.94734],[84.15833,21.94925],[84.15627,21.95174],[84.15524,21.95387]]]}},{"type":"Feature","properties":{"LCODE":"01019000800080rf","LOCATION":"RF","V_TYPE":"FOREST","BLOCK":"LAIKERA","DISTRICT":"JHARSUGUDA"},"geometry":{"type":"Polygon","coordinates":[[[84.21943,21.95079],[84.22037,21.95452],[84.22659,21.95352],[84.22935,21.9524],[84.23167,21.95282],[84.23093,21.95067],[84.22808,21.94892],[84.2266,21.94865],[84.22433,21.94948],[84.22347,21.94943],[84.22119,21.94848],[84.22083,21.94946],[84.22127,21.95037],[84.22096,21.95066],[84.21943,21.95079]]]}},{"type":"Feature","properties":{"LCODE":"010180005000500002","LOCATION":"TANGARPALI","V_TYPE":"VILLAGE","BLOCK":"JHARSUGUDA","DISTRICT":"JHARSUGUDA"},"geometry":{"type":"Polygon","coordinates":[[[84.02058,21.94266],[84.02184,21.94364],[84.02325,21.94607],[84.02427,21.94706],[84.0292,21.95173],[84.03019,21.9518],[84.03167,21.95161],[84.03504,21.9504],[84.03554,21.94979],[84.03523,21.94892],[84.03648,21.94808],[84.04453,21.94759],[84.04756,21.94767],[84.04942,21.94736],[84.05012,21.94698],[84.04984,21.94345],[84.05128,21.94241],[84.0512,21.94204],[84.0489,21.93977],[84.04509,21.93952],[84.04076,21.93623],[84.03867,21.93591],[84.03621,21.93599],[84.03548,21.93634],[84.03462,21.93744],[84.03415,21.93969],[84.03168,21.93954],[84.0285,21.94147],[84.02795,21.94154],[84.02728,21.94149],[84.02591,21.94035],[84.02364,21.9406],[84.02058,21.94266]]]}},{"type":"Feature","properties":{"LCODE":"010190009000900046","LOCATION":"CHAMARDIHI","V_TYPE":"VILLAGE","BLOCK":"KIRIMIRA","DISTRICT":"JHARSUGUDA"},"geometry":{"type":"Polygon","coordinates":[[[84.18716,21.9388],[84.18742,21.94184],[84.18792,21.94218],[84.18911,21.94457],[84.1893,21.9456],[84.18913,21.94761],[84.19073,21.94916],[84.19307,21.94768],[84.19627,21.94834],[84.19849,21.94797],[84.1991,21.94739],[84.20018,21.94509],[84.2001,21.94314],[84.20045,21.9417],[84.2018,21.93991],[84.20335,21.93928],[84.19923,21.93536],[84.19479,21.93454],[84.19105,21.93189],[84.18897,21.93661],[84.18716,21.9388]]]}},{"type":"Feature","properties":{"LCODE":"010190009000900042","LOCATION":"KADOBAHAL","V_TYPE":"VILLAGE","BLOCK":"KIRIMIRA","DISTRICT":"JHARSUGUDA"},"geometry":{"type":"Polygon","coordinates":[[[84.13236,21.93294],[84.13405,21.93748],[84.13443,21.93694],[84.13726,21.93725],[84.13703,21.93909],[84.13789,21.93943],[84.1392,21.94131],[84.14179,21.94895],[84.14344,21.9482],[84.14533,21.94675],[84.14606,21.94588],[84.14635,21.9441],[84.14714,21.94237],[84.14938,21.93868],[84.14733,21.93549],[84.14613,21.93212],[84.14545,21.93103],[84.14075,21.92827],[84.13914,21.92771],[84.13577,21.92764],[84.13472,21.9281],[84.13554,21.92999],[84.13542,21.93085],[84.13284,21.93185],[84.13236,21.93294]]]}},{"type":"Feature","properties":{"LCODE":"010190008000800052","LOCATION":"CHANDNIMAL","V_TYPE":"VILLAGE","BLOCK":"LAIKERA","DISTRICT":"JHARSUGUDA"},"geometry":{"type":"Polygon","coordinates":[[[84.30014,21.93139],[84.30656,21.93736],[84.30925,21.9404],[84.31031,21.94116],[84.31525,21.9416],[84.31616,21.94252],[84.31653,21.94378],[84.31689,21.94407],[84.31738,21.94413],[84.31904,21.94332],[84.32124,21.94366],[84.32289,21.94463],[84.32484,21.94716],[84.32577,21.94762],[84.32723,21.94715],[84.32778,21.94664],[84.32919,21.94376],[84.33078,21.94278],[84.33256,21.94036],[84.33451,21.93944],[84.33733,21.93956],[84.33836,21.93639],[84.33904,21.9272],[84.33875,21.92575],[84.33677,21.92623],[84.33066,21.92675],[84.32031,21.92495],[84.31776,21.92763],[84.31604,21.92873],[84.31451,21.92925],[84.31127,21.92971],[84.30625,21.93093],[84.30014,21.93139]]]}},{"type":"Feature","properties":{"LCODE":"010190009000900043","LOCATION":"TUMBADIHI","V_TYPE":"VILLAGE","BLOCK":"KIRIMIRA","DISTRICT":"JHARSUGUDA"},"geometry":{"type":"Polygon","coordinates":[[[84.14801,21.93643],[84.1492,21.93822],[84.14938,21.93868],[84.14915,21.93917],[84.15456,21.93943],[84.15653,21.94015],[84.15876,21.94185],[84.16013,21.94373],[84.16061,21.94666],[84.16304,21.94542],[84.16526,21.94265],[84.16631,21.9404],[84.16677,21.93666],[84.16646,21.93621],[84.16474,21.9364],[84.16326,21.93613],[84.15961,21.9345],[84.15654,21.93379],[84.15562,21.9338],[84.15298,21.93474],[84.15102,21.93488],[84.15059,21.93557],[84.14986,21.93598],[84.14801,21.93643]]]}},{"type":"Feature","properties":{"LCODE":"010190009000900063","LOCATION":"ARDA","V_TYPE":"VILLAGE","BLOCK":"KIRIMIRA","DISTRICT":"JHARSUGUDA"},"geometry":{"type":"Polygon","coordinates":[[[84.07269,21.88262],[84.07457,21.88754],[84.07497,21.89092],[84.07726,21.90066],[84.07827,21.9045],[84.07915,21.90667],[84.08188,21.90978],[84.0847,21.90886],[84.08575,21.90914],[84.0863,21.90976],[84.08778,21.90969],[84.08821,21.91003],[84.08878,21.91134],[84.08885,21.91301],[84.0899,21.91357],[84.09249,21.91423],[84.09435,21.91605],[84.09534,21.91754],[84.09573,21.91966],[84.09564,21.92425],[84.09737,21.93296],[84.0977,21.93663],[84.09901,21.93724],[84.10398,21.93656],[84.1052,21.94223],[84.10558,21.94292],[84.10693,21.94382],[84.10719,21.94485],[84.10877,21.94603],[84.1143,21.943],[84.11409,21.93881],[84.11377,21.93807],[84.1146,21.9341],[84.11509,21.93329],[84.11582,21.93277],[84.11956,21.93152],[84.12072,21.93025],[84.12428,21.9297],[84.12569,21.9302],[84.12688,21.9326],[84.1277,21.93771],[84.12927,21.93866],[84.13488,21.94106],[84.13405,21.93748],[84.13236,21.93294],[84.13284,21.93185],[84.13542,21.93085],[84.13554,21.92999],[84.13472,21.9281],[84.13577,21.92764],[84.13291,21.92485],[84.13148,21.92291],[84.13042,21.92097],[84.12953,21.91823],[84.12817,21.91692],[84.12506,21.91305],[84.1233,21.90808],[84.12297,21.90573],[84.1207,21.89841],[84.11607,21.89684],[84.11354,21.89561],[84.11169,21.8939],[84.10715,21.88855],[84.10514,21.88572],[84.10382,21.88646],[84.10154,21.88642],[84.09892,21.88806],[84.09695,21.88825],[84.09509,21.88804],[84.08794,21.89126],[84.08425,21.89158],[84.08254,21.8924],[84.08144,21.89247],[84.08014,21.89157],[84.0792,21.88962],[84.07747,21.8882],[84.0761,21.88638],[84.07571,21.88397],[84.07632,21.88287],[84.075,21.87995],[84.07311,21.8817],[84.07269,21.88262]]]}},{"type":"Feature","properties":{"LCODE":"010162005000500002","LOCATION":"TILEIMAL","V_TYPE":"VILLAGE","BLOCK":"JHARSUGUDA","DISTRICT":"JHARSUGUDA"},"geometry":{"type":"Polygon","coordinates":[[[83.89587,21.94169],[83.8979,21.94494],[83.89832,21.94505],[83.90897,21.94324],[83.91271,21.94329],[83.91846,21.94426],[83.92348,21.94238],[83.92371,21.93942],[83.92442,21.93714],[83.92706,21.9339],[83.92803,21.93052],[83.93027,21.92872],[83.93071,21.92804],[83.93093,21.9266],[83.92969,21.92705],[83.92606,21.92734],[83.92386,21.92696],[83.92221,21.92631],[83.92149,21.92521],[83.92159,21.92044],[83.9201,21.92013],[83.91828,21.91901],[83.91521,21.91546],[83.9146,21.91523],[83.913,21.91532],[83.9117,21.91633],[83.91037,21.91834],[83.91346,21.9209],[83.91338,21.92187],[83.91099,21.92557],[83.90932,21.93037],[83.90774,21.93294],[83.90736,21.9335],[83.90233,21.937],[83.89681,21.94025],[83.89588,21.94116],[83.89587,21.94169]]]}},{"type":"Feature","properties":{"LCODE":"010190009000900044","LOCATION":"KHADANGADIHI","V_TYPE":"VILLAGE","BLOCK":"KIRIMIRA","DISTRICT":"JHARSUGUDA"},"geometry":{"type":"Polygon","coordinates":[[[84.16526,21.94265],[84.1659,21.94258],[84.16628,21.94332],[84.16714,21.94388],[84.16782,21.94382],[84.17444,21.94088],[84.1756,21.94013],[84.17521,21.93841],[84.17533,21.93789],[84.17677,21.93731],[84.17525,21.93537],[84.16706,21.92987],[84.16685,21.93116],[84.16754,21.9331],[84.16756,21.93488],[84.16652,21.93629],[84.16677,21.93666],[84.16631,21.9404],[84.16526,21.94265]]]}},{"type":"Feature","properties":{"LCODE":"010162005000500003","LOCATION":"NIKTIMAL","V_TYPE":"VILLAGE","BLOCK":"JHARSUGUDA","DISTRICT":"JHARSUGUDA"},"geometry":{"type":"Polygon","coordinates":[[[83.92348,21.94238],[83.93016,21.94179],[83.93506,21.94348],[83.93797,21.94318],[83.93786,21.94152],[83.93884,21.93814],[83.9394,21.93729],[83.94196,21.93509],[83.94009,21.93224],[83.93675,21.92913],[83.93539,21.92734],[83.93527,21.92669],[83.93275,21.92376],[83.93194,21.92426],[83.93093,21.9266],[83.93071,21.92804],[83.93027,21.92872],[83.92803,21.93052],[83.92706,21.9339],[83.92442,21.93714],[83.92371,21.93942],[83.92348,21.94238]]]}},{"type":"Feature","properties":{"LCODE":"010162005000500004","LOCATION":"BALANGIBAHAL","V_TYPE":"VILLAGE","BLOCK":"JHARSUGUDA","DISTRICT":"JHARSUGUDA"},"geometry":{"type":"Polygon","coordinates":[[[83.93786,21.94152],[83.93797,21.94318],[83.94009,21.94291],[83.94393,21.94316],[83.94682,21.94281],[83.94969,21.94286],[83.95348,21.9421],[83.95876,21.94174],[83.95713,21.93794],[83.95454,21.93521],[83.95338,21.93444],[83.95264,21.93438],[83.95068,21.93469],[83.94823,21.93449],[83.94398,21.93466],[83.94196,21.93509],[83.9394,21.93729],[83.93884,21.93814],[83.93786,21.94152]]]}},{"type":"Feature","properties":{"LCODE":"010190008000800048","LOCATION":"PANKELKHOL","V_TYPE":"VILLAGE","BLOCK":"LAIKERA","DISTRICT":"JHARSUGUDA"},"geometry":{"type":"Polygon","coordinates":[[[84.22357,21.92806],[84.22399,21.92886],[84.2245,21.92874],[84.22524,21.92907],[84.22643,21.93021],[84.22875,21.93557],[84.23104,21.93715],[84.23178,21.93726],[84.23318,21.93598],[84.23534,21.93613],[84.23676,21.93709],[84.23689,21.93818],[84.23759,21.93989],[84.23724,21.9415],[84.23779,21.9416],[84.23852,21.94057],[84.24011,21.93998],[84.24079,21.94031],[84.24092,21.94111],[84.24037,21.94175],[84.2405,21.94243],[84.24272,21.94304],[84.24339,21.94263],[84.24351,21.94189],[84.2422,21.93967],[84.24385,21.93908],[84.2439,21.93725],[84.24543,21.93706],[84.24673,21.93733],[84.24734,21.93784],[84.24904,21.93479],[84.25091,21.93242],[84.24973,21.92943],[84.24794,21.92777],[84.23972,21.93116],[84.23842,21.93106],[84.23719,21.93056],[84.23421,21.92812],[84.23242,21.9245],[84.23203,21.92442],[84.23121,21.92311],[84.23009,21.92249],[84.22879,21.92102],[84.22743,21.92035],[84.22731,21.91995],[84.22633,21.9211],[84.22386,21.92633],[84.22357,21.92806]]]}},{"type":"Feature","properties":{"LCODE":"010180005000500001","LOCATION":"TALPATIA","V_TYPE":"VILLAGE","BLOCK":"JHARSUGUDA","DISTRICT":"JHARSUGUDA"},"geometry":{"type":"Polygon","coordinates":[[[84.00381,21.92065],[84.00556,21.92171],[84.01004,21.92695],[84.01209,21.92885],[84.01479,21.93313],[84.01546,21.93503],[84.01823,21.93981],[84.02058,21.94266],[84.02364,21.9406],[84.02591,21.94035],[84.02728,21.94149],[84.02795,21.94154],[84.0285,21.94147],[84.03168,21.93954],[84.03415,21.93969],[84.03462,21.93744],[84.03548,21.93634],[84.03621,21.93599],[84.03867,21.93591],[84.04076,21.93623],[84.04509,21.93952],[84.0489,21.93977],[84.0512,21.94204],[84.05128,21.94241],[84.05189,21.94137],[84.05371,21.93981],[84.05466,21.9386],[84.05582,21.93565],[84.05309,21.9322],[84.05073,21.92803],[84.04991,21.92605],[84.04438,21.9266],[84.04297,21.92708],[84.03936,21.92947],[84.03629,21.93002],[84.03426,21.92992],[84.03252,21.92845],[84.03012,21.92755],[84.02686,21.92724],[84.02435,21.92749],[84.02361,21.92722],[84.02218,21.92625],[84.02088,21.92489],[84.0185,21.92118],[84.01403,21.92116],[84.01224,21.91951],[84.01002,21.91879],[84.00566,21.91981],[84.00381,21.92065]]]}},{"type":"Feature","properties":{"LCODE":"010190008000800053","LOCATION":"BARHAMMUSA","V_TYPE":"VILLAGE","BLOCK":"LAIKERA","DISTRICT":"JHARSUGUDA"},"geometry":{"type":"Polygon","coordinates":[[[84.33733,21.93956],[84.34758,21.9421],[84.3476,21.94189],[84.35047,21.94079],[84.35513,21.93969],[84.36002,21.93733],[84.36032,21.93733],[84.36142,21.93894],[84.36265,21.93934],[84.36411,21.94041],[84.36442,21.9372],[84.36205,21.93372],[84.3595,21.92836],[84.35813,21.92712],[84.35638,21.92662],[84.35607,21.925],[84.35508,21.92338],[84.35312,21.92148],[84.35249,21.92201],[84.34558,21.92529],[84.34295,21.92581],[84.34135,21.92493],[84.33875,21.92575],[84.33904,21.9272],[84.33836,21.93639],[84.33733,21.93956]]]}},{"type":"Feature","properties":{"LCODE":"010162005000500006","LOCATION":"BHOIMUNDA","V_TYPE":"VILLAGE","BLOCK":"JHARSUGUDA","DISTRICT":"JHARSUGUDA"},"geometry":{"type":"Polygon","coordinates":[[[83.95188,21.92845],[83.95251,21.9344],[83.95338,21.93444],[83.95454,21.93521],[83.95713,21.93794],[83.95876,21.94174],[83.96017,21.94172],[83.96138,21.94117],[83.96381,21.93456],[83.96698,21.92107],[83.96655,21.92034],[83.9656,21.9147],[83.96397,21.9121],[83.96119,21.91441],[83.95924,21.91736],[83.95631,21.92054],[83.95479,21.92327],[83.95261,21.92485],[83.95235,21.92633],[83.95196,21.92697],[83.95188,21.92845]]]}},{"type":"Feature","properties":{"LCODE":"010162005000500001","LOCATION":"CHICHINDA","V_TYPE":"VILLAGE","BLOCK":"JHARSUGUDA","DISTRICT":"JHARSUGUDA"},"geometry":{"type":"Polygon","coordinates":[[[83.8819,21.92575],[83.88506,21.92918],[83.88611,21.93079],[83.8877,21.9323],[83.88795,21.93296],[83.89108,21.9368],[83.8928,21.93869],[83.89473,21.94013],[83.89587,21.94169],[83.89588,21.94116],[83.89681,21.94025],[83.90233,21.937],[83.90736,21.9335],[83.90932,21.93037],[83.91099,21.92557],[83.91181,21.92403],[83.91325,21.92227],[83.91346,21.9209],[83.91037,21.91834],[83.90981,21.91872],[83.90763,21.91708],[83.90573,21.91682],[83.90651,21.91459],[83.90686,21.91184],[83.90767,21.91054],[83.90601,21.91108],[83.90118,21.91417],[83.89986,21.91593],[83.89946,21.91777],[83.89808,21.9193],[83.89568,21.91995],[83.89339,21.92113],[83.88755,21.92512],[83.88681,21.9254],[83.8835,21.92541],[83.8819,21.92575]]]}},{"type":"Feature","properties":{"LCODE":"010190008000800050","LOCATION":"SARANGLOI","V_TYPE":"VILLAGE","BLOCK":"LAIKERA","DISTRICT":"JHARSUGUDA"},"geometry":{"type":"Polygon","coordinates":[[[84.24374,21.91689],[84.24567,21.91816],[84.2458,21.91907],[84.24527,21.92114],[84.24553,21.92257],[84.24468,21.92389],[84.24445,21.92504],[84.24973,21.92943],[84.25091,21.93239],[84.25152,21.93533],[84.25225,21.93613],[84.25347,21.93613],[84.25574,21.93543],[84.25757,21.93595],[84.2599,21.93571],[84.26154,21.93588],[84.26314,21.93646],[84.26497,21.93755],[84.26631,21.93887],[84.26659,21.9402],[84.27097,21.9384],[84.27518,21.93575],[84.27739,21.93339],[84.27946,21.93205],[84.27879,21.92993],[84.27885,21.92579],[84.27947,21.92435],[84.27905,21.92297],[84.27274,21.91706],[84.26804,21.91114],[84.26645,21.91091],[84.26303,21.9112],[84.26199,21.91075],[84.26113,21.90971],[84.25957,21.90561],[84.25667,21.90799],[84.25325,21.90776],[84.24977,21.90956],[84.2452,21.91444],[84.24374,21.91689]]]}},{"type":"Feature","properties":{"LCODE":"010190009000900040","LOCATION":"BHOIDIHI","V_TYPE":"VILLAGE","BLOCK":"KIRIMIRA","DISTRICT":"JHARSUGUDA"},"geometry":{"type":"Polygon","coordinates":[[[84.11397,21.93772],[84.11513,21.93794],[84.1171,21.93912],[84.11981,21.93984],[84.12184,21.93965],[84.12663,21.93817],[84.1277,21.93771],[84.12688,21.9326],[84.12659,21.93201],[84.12492,21.93267],[84.12179,21.93311],[84.12061,21.93278],[84.11966,21.93141],[84.11582,21.93277],[84.11509,21.93329],[84.1146,21.9341],[84.11397,21.93772]]]}},{"type":"Feature","properties":{"LCODE":"010190009000900047","LOCATION":"KULUTHMAL","V_TYPE":"VILLAGE","BLOCK":"KIRIMIRA","DISTRICT":"JHARSUGUDA"},"geometry":{"type":"Polygon","coordinates":[[[84.19051,21.93057],[84.19077,21.93166],[84.19479,21.93454],[84.19923,21.93536],[84.20335,21.93928],[84.20357,21.93921],[84.20418,21.93869],[84.20563,21.93546],[84.20636,21.93482],[84.20856,21.93377],[84.2113,21.92996],[84.21276,21.92949],[84.21362,21.92879],[84.21489,21.92689],[84.21889,21.92673],[84.21999,21.92626],[84.22042,21.92649],[84.22195,21.92607],[84.22386,21.92633],[84.22633,21.9211],[84.22731,21.91995],[84.22736,21.91874],[84.2279,21.91776],[84.22934,21.91799],[84.22998,21.91677],[84.22989,21.91385],[84.2287,21.91151],[84.22752,21.91095],[84.22321,21.91036],[84.22095,21.91096],[84.21741,21.91334],[84.21587,21.91364],[84.2147,21.91302],[84.21234,21.91139],[84.21123,21.90991],[84.21127,21.90888],[84.21235,21.9052],[84.21208,21.9036],[84.21066,21.90224],[84.20831,21.90094],[84.20787,21.90003],[84.20798,21.89865],[84.20711,21.89706],[84.20341,21.89663],[84.2026,21.89538],[84.20058,21.89456],[84.19956,21.89623],[84.2006,21.89804],[84.20251,21.89939],[84.20478,21.90441],[84.20567,21.90727],[84.2069,21.91419],[84.20797,21.91699],[84.20798,21.91802],[84.20707,21.91946],[84.2058,21.92056],[84.20261,21.92203],[84.20126,21.92233],[84.19729,21.92483],[84.1936,21.9266],[84.19325,21.9278],[84.19241,21.92878],[84.19154,21.92907],[84.19081,21.92971],[84.19051,21.93057]]]}},{"type":"Feature","properties":{"LCODE":"010190009000900060","LOCATION":"NAKSAPALI","V_TYPE":"VILLAGE","BLOCK":"KIRIMIRA","DISTRICT":"JHARSUGUDA"},"geometry":{"type":"Polygon","coordinates":[[[84.1611,21.90788],[84.16169,21.91166],[84.16382,21.91582],[84.16383,21.91743],[84.16299,21.9199],[84.16457,21.92361],[84.16669,21.92715],[84.16713,21.92835],[84.16706,21.92987],[84.17525,21.93537],[84.17677,21.93731],[84.18333,21.93907],[84.18572,21.93802],[84.18622,21.93801],[84.18716,21.9388],[84.18897,21.93661],[84.19036,21.93361],[84.19105,21.93189],[84.19051,21.93057],[84.19081,21.92971],[84.19154,21.92907],[84.19241,21.92878],[84.19325,21.9278],[84.1936,21.9266],[84.19398,21.91971],[84.19619,21.91269],[84.19691,21.91131],[84.19849,21.9094],[84.19916,21.90779],[84.19851,21.90476],[84.19656,21.90037],[84.19747,21.8991],[84.19888,21.89788],[84.19965,21.89593],[84.20058,21.89456],[84.20012,21.89311],[84.19914,21.89312],[84.18896,21.88955],[84.18656,21.88894],[84.18324,21.88863],[84.18188,21.88819],[84.18083,21.88728],[84.18057,21.88579],[84.17868,21.88736],[84.17647,21.88698],[84.17406,21.887],[84.17107,21.8884],[84.16831,21.88929],[84.16613,21.88956],[84.16691,21.89074],[84.16827,21.89193],[84.1684,21.89256],[84.16666,21.8963],[84.16673,21.89745],[84.1674,21.89807],[84.16743,21.8999],[84.16632,21.90014],[84.16535,21.90159],[84.16285,21.90362],[84.16128,21.90656],[84.1611,21.90788]]]}},{"type":"Feature","properties":{"LCODE":"010180005000500003","LOCATION":"TALMAL","V_TYPE":"VILLAGE","BLOCK":"JHARSUGUDA","DISTRICT":"JHARSUGUDA"},"geometry":{"type":"Polygon","coordinates":[[[84.04991,21.92563],[84.0501,21.92677],[84.05309,21.9322],[84.05582,21.93565],[84.05606,21.93526],[84.05652,21.93526],[84.05936,21.93632],[84.06194,21.93624],[84.06293,21.93518],[84.06304,21.93359],[84.06369,21.93329],[84.06471,21.93397],[84.06706,21.93469],[84.06858,21.93609],[84.0704,21.93617],[84.07272,21.93541],[84.07412,21.93534],[84.07677,21.93624],[84.07985,21.93613],[84.07993,21.93732],[84.08197,21.93713],[84.0843,21.93648],[84.08651,21.93519],[84.08693,21.93421],[84.08697,21.93088],[84.08655,21.92532],[84.0842,21.91535],[84.08225,21.91015],[84.07944,21.90696],[84.07799,21.90766],[84.07431,21.9085],[84.07101,21.91054],[84.07002,21.91084],[84.0694,21.91067],[84.06731,21.91092],[84.06162,21.91397],[84.0574,21.91544],[84.05592,21.91546],[84.05516,21.91511],[84.05426,21.91634],[84.05233,21.92078],[84.0502,21.92436],[84.04991,21.92563]]]}},{"type":"Feature","properties":{"LCODE":"010190009000900064","LOCATION":"KANKARAMUNDA","V_TYPE":"VILLAGE","BLOCK":"KIRIMIRA","DISTRICT":"JHARSUGUDA"},"geometry":{"type":"Polygon","coordinates":[[[84.08188,21.90978],[84.08225,21.91015],[84.0842,21.91535],[84.08655,21.92532],[84.08697,21.93088],[84.08693,21.93421],[84.08669,21.93479],[84.08865,21.93483],[84.09412,21.93402],[84.09517,21.93441],[84.0977,21.93663],[84.09737,21.93296],[84.09564,21.92425],[84.09573,21.91966],[84.09534,21.91754],[84.09497,21.91685],[84.09249,21.91423],[84.0899,21.91357],[84.08885,21.91301],[84.08878,21.91134],[84.08821,21.91003],[84.08778,21.90969],[84.0863,21.90976],[84.08575,21.90914],[84.0847,21.90886],[84.08188,21.90978]]]}},{"type":"Feature","properties":{"LCODE":"010190009000900062","LOCATION":"PANPALI","V_TYPE":"VILLAGE","BLOCK":"KIRIMIRA","DISTRICT":"JHARSUGUDA"},"geometry":{"type":"Polygon","coordinates":[[[84.12985,21.919],[84.13042,21.92097],[84.13148,21.92291],[84.13291,21.92485],[84.13583,21.92769],[84.13914,21.92771],[84.14217,21.929],[84.14545,21.93103],[84.14613,21.93212],[84.14677,21.93435],[84.14801,21.93643],[84.15059,21.93557],[84.15113,21.9347],[84.15114,21.92856],[84.15138,21.92799],[84.1508,21.92461],[84.15126,21.92151],[84.15076,21.92043],[84.15143,21.91916],[84.15147,21.91715],[84.15066,21.91538],[84.15096,21.91463],[84.1499,21.91355],[84.15013,21.91206],[84.14957,21.91034],[84.14724,21.911],[84.14644,21.91072],[84.14562,21.90947],[84.14526,21.90941],[84.1436,21.91012],[84.14164,21.91025],[84.14047,21.91106],[84.13866,21.91441],[84.13599,21.91834],[84.13519,21.91892],[84.13378,21.91905],[84.13279,21.91825],[84.13254,21.91734],[84.13223,21.91711],[84.12985,21.919]]]}},{"type":"Feature","properties":{"LCODE":"010190009000900073","LOCATION":"BIDMAL","V_TYPE":"VILLAGE","BLOCK":"KIRIMIRA","DISTRICT":"JHARSUGUDA"},"geometry":{"type":"Polygon","coordinates":[[[84.14907,21.89561],[84.14934,21.89865],[84.15112,21.90488],[84.15053,21.90804],[84.14948,21.91031],[84.15013,21.91212],[84.15179,21.91118],[84.15368,21.90921],[84.15429,21.90898],[84.15627,21.90965],[84.1573,21.90901],[84.15841,21.90922],[84.15916,21.90996],[84.16016,21.91202],[84.15998,21.91276],[84.15883,21.9145],[84.16002,21.91758],[84.1601,21.91907],[84.15927,21.92275],[84.15795,21.92649],[84.15643,21.92788],[84.15501,21.92835],[84.15323,21.92797],[84.15176,21.92827],[84.15137,21.92801],[84.15114,21.92856],[84.15102,21.93488],[84.15298,21.93474],[84.15562,21.9338],[84.15654,21.93379],[84.15961,21.9345],[84.16326,21.93613],[84.16474,21.9364],[84.16652,21.93629],[84.16756,21.93488],[84.16754,21.9331],[84.16685,21.93116],[84.16713,21.92835],[84.16631,21.92623],[84.16457,21.92361],[84.16331,21.92105],[84.16299,21.9199],[84.16383,21.91743],[84.16382,21.91582],[84.16169,21.91166],[84.1611,21.90788],[84.16128,21.90656],[84.16285,21.90362],[84.16535,21.90159],[84.16632,21.90014],[84.16743,21.8999],[84.1674,21.89807],[84.16673,21.89745],[84.16666,21.8963],[84.16828,21.89307],[84.16827,21.89193],[84.16691,21.89074],[84.1661,21.88954],[84.16358,21.88962],[84.16242,21.89032],[84.16156,21.89044],[84.16014,21.88937],[84.1594,21.88926],[84.15393,21.88954],[84.15283,21.8899],[84.15118,21.89163],[84.15027,21.89181],[84.14968,21.8915],[84.14954,21.89348],[84.1501,21.89428],[84.14907,21.89561]]]}},{"type":"Feature","properties":{"LCODE":"010162005000500005","LOCATION":"BAGHIABERNA","V_TYPE":"VILLAGE","BLOCK":"JHARSUGUDA","DISTRICT":"JHARSUGUDA"},"geometry":{"type":"Polygon","coordinates":[[[83.93527,21.92669],[83.93539,21.92734],[83.93675,21.92913],[83.94009,21.93224],[83.94196,21.93509],[83.94398,21.93466],[83.94823,21.93449],[83.95068,21.93469],[83.95251,21.9344],[83.95188,21.92845],[83.95196,21.92697],[83.95079,21.92769],[83.94913,21.92784],[83.94698,21.92787],[83.9449,21.92738],[83.94498,21.92663],[83.94732,21.92575],[83.94838,21.92461],[83.94873,21.92204],[83.9483,21.9218],[83.94688,21.92218],[83.94551,21.92371],[83.94434,21.92444],[83.93829,21.92659],[83.9365,21.92703],[83.93527,21.92669]]]}},{"type":"Feature","properties":{"LCODE":"010190009000900041","LOCATION":"BARTIERA","V_TYPE":"VILLAGE","BLOCK":"KIRIMIRA","DISTRICT":"JHARSUGUDA"},"geometry":{"type":"Polygon","coordinates":[[[84.11966,21.93141],[84.12061,21.93278],[84.12179,21.93311],[84.12492,21.93267],[84.12659,21.93201],[84.12569,21.9302],[84.12428,21.9297],[84.12072,21.93025],[84.11966,21.93141]]]}},{"type":"Feature","properties":{"LCODE":"010190008000800055","LOCATION":"KHUNTAMAL","V_TYPE":"VILLAGE","BLOCK":"LAIKERA","DISTRICT":"JHARSUGUDA"},"geometry":{"type":"Polygon","coordinates":[[[84.26865,21.91195],[84.27274,21.91706],[84.27905,21.92297],[84.27947,21.92389],[84.27943,21.92445],[84.28375,21.92636],[84.28625,21.92883],[84.28754,21.92946],[84.2925,21.92957],[84.29929,21.9314],[84.30625,21.93093],[84.31604,21.92873],[84.31776,21.92763],[84.32031,21.92495],[84.3177,21.92441],[84.31494,21.9231],[84.31261,21.91988],[84.30975,21.91816],[84.3084,21.91678],[84.30626,21.91403],[84.30516,21.91213],[84.30473,21.91058],[84.30504,21.90903],[84.30559,21.90828],[84.30724,21.9073],[84.30791,21.90644],[84.30828,21.90357],[84.30717,21.90362],[84.3018,21.90506],[84.2991,21.90535],[84.29617,21.90455],[84.29311,21.90208],[84.29281,21.90116],[84.29226,21.90117],[84.29079,21.90191],[84.28938,21.90491],[84.28853,21.90583],[84.28731,21.9064],[84.28266,21.90669],[84.28015,21.90802],[84.27746,21.90808],[84.27489,21.90987],[84.27159,21.91062],[84.27042,21.91142],[84.26865,21.91195]]]}},{"type":"Feature","properties":{"LCODE":"010190008000800049","LOCATION":"KUANRMAL","V_TYPE":"VILLAGE","BLOCK":"LAIKERA","DISTRICT":"JHARSUGUDA"},"geometry":{"type":"Polygon","coordinates":[[[84.22934,21.91799],[84.22962,21.9182],[84.23067,21.91808],[84.23235,21.91932],[84.23311,21.92212],[84.23306,21.92418],[84.23242,21.9245],[84.23309,21.92625],[84.23421,21.92812],[84.23719,21.93056],[84.23842,21.93106],[84.23972,21.93116],[84.24794,21.92777],[84.24445,21.92504],[84.24468,21.92389],[84.24553,21.92257],[84.24527,21.92114],[84.2458,21.91907],[84.24567,21.91816],[84.24381,21.91692],[84.24153,21.91625],[84.2395,21.91633],[84.23715,21.91486],[84.23066,21.91339],[84.22978,21.91363],[84.23009,21.91516],[84.22998,21.91677],[84.22934,21.91799]]]}},{"type":"Feature","properties":{"LCODE":"010180005000500004","LOCATION":"DURLAGA","V_TYPE":"VILLAGE","BLOCK":"JHARSUGUDA","DISTRICT":"JHARSUGUDA"},"geometry":{"type":"Polygon","coordinates":[[[84.0185,21.92118],[84.02088,21.92489],[84.02218,21.92625],[84.02361,21.92722],[84.02435,21.92749],[84.02686,21.92724],[84.03012,21.92755],[84.03252,21.92845],[84.03426,21.92992],[84.03715,21.92989],[84.03936,21.92947],[84.04297,21.92708],[84.04438,21.9266],[84.04991,21.92605],[84.0502,21.92436],[84.05233,21.92078],[84.05426,21.91634],[84.05516,21.91511],[84.05431,21.91473],[84.05338,21.9137],[84.05122,21.91309],[84.04863,21.91151],[84.0451,21.90844],[84.04153,21.90727],[84.0351,21.90257],[84.03313,21.9023],[84.0321,21.90288],[84.03191,21.90346],[84.03242,21.90598],[84.03188,21.90679],[84.0295,21.90854],[84.02724,21.90964],[84.02687,21.91132],[84.02535,21.91358],[84.02443,21.91445],[84.02365,21.91722],[84.02274,21.91814],[84.0212,21.91868],[84.01981,21.92036],[84.0185,21.92118]]]}},{"type":"Feature","properties":{"LCODE":"010190009000900061","LOCATION":"BAGDEHI","V_TYPE":"VILLAGE","BLOCK":"KIRIMIRA","DISTRICT":"JHARSUGUDA"},"geometry":{"type":"Polygon","coordinates":[[[84.1499,21.91315],[84.1499,21.91355],[84.15096,21.91463],[84.15066,21.91538],[84.15147,21.91715],[84.15143,21.91916],[84.15076,21.92043],[84.15126,21.92151],[84.1508,21.92461],[84.15137,21.92801],[84.15176,21.92827],[84.15323,21.92797],[84.15501,21.92835],[84.15643,21.92788],[84.15795,21.92649],[84.15974,21.92102],[84.1601,21.91907],[84.16002,21.91758],[84.15883,21.9145],[84.15998,21.91276],[84.16016,21.91202],[84.15971,21.91093],[84.15916,21.90996],[84.15779,21.90894],[84.15627,21.90965],[84.15429,21.90898],[84.15368,21.90921],[84.15179,21.91118],[84.15013,21.91212],[84.1499,21.91315]]]}},{"type":"Feature","properties":{"LCODE":"010162005000500008","LOCATION":"LOISING","V_TYPE":"VILLAGE","BLOCK":"JHARSUGUDA","DISTRICT":"JHARSUGUDA"},"geometry":{"type":"Polygon","coordinates":[[[83.94479,21.92703],[83.94514,21.92761],[83.94796,21.92788],[83.95079,21.92769],[83.95196,21.92697],[83.95235,21.92633],[83.95261,21.92485],[83.95479,21.92327],[83.95631,21.92054],[83.95924,21.91736],[83.96119,21.91441],[83.96397,21.9121],[83.96382,21.91066],[83.96696,21.90645],[83.96571,21.90397],[83.967,21.89962],[83.96175,21.89794],[83.9576,21.89602],[83.95679,21.89769],[83.95504,21.89968],[83.95485,21.90031],[83.95416,21.90839],[83.95412,21.91476],[83.95346,21.91803],[83.95308,21.91894],[83.95171,21.92041],[83.94873,21.92221],[83.94838,21.92461],[83.94794,21.92524],[83.94732,21.92575],[83.94498,21.92663],[83.94479,21.92703]]]}},{"type":"Feature","properties":{"LCODE":"010162005000500009","LOCATION":"KOILAGA","V_TYPE":"VILLAGE","BLOCK":"JHARSUGUDA","DISTRICT":"JHARSUGUDA"},"geometry":{"type":"Polygon","coordinates":[[[83.9214,21.92337],[83.92172,21.92584],[83.92288,21.92666],[83.92386,21.92696],[83.92735,21.92736],[83.93061,21.92683],[83.93117,21.92644],[83.93194,21.92426],[83.93275,21.92376],[83.93522,21.92666],[83.9365,21.92703],[83.93958,21.92621],[83.94434,21.92444],[83.94551,21.92371],[83.94688,21.92218],[83.9483,21.9218],[83.94873,21.92221],[83.95102,21.92098],[83.95308,21.91894],[83.95391,21.91648],[83.95412,21.91476],[83.95418,21.90928],[83.95361,21.9089],[83.95277,21.90763],[83.95322,21.90608],[83.95293,21.90487],[83.95233,21.90429],[83.95074,21.90369],[83.94852,21.90418],[83.94736,21.9041],[83.93826,21.90133],[83.93404,21.90145],[83.93468,21.90277],[83.93478,21.90443],[83.93407,21.90977],[83.93339,21.91067],[83.92956,21.91211],[83.92721,21.91351],[83.92249,21.92011],[83.92159,21.92044],[83.9214,21.92337]]]}},{"type":"Feature","properties":{"LCODE":"010190008000800054","LOCATION":"SUDUNG","V_TYPE":"VILLAGE","BLOCK":"LAIKERA","DISTRICT":"JHARSUGUDA"},"geometry":{"type":"Polygon","coordinates":[[[84.30473,21.91006],[84.30516,21.91213],[84.30736,21.91558],[84.30975,21.91816],[84.31261,21.91988],[84.31415,21.92224],[84.31555,21.92356],[84.31892,21.92476],[84.33066,21.92675],[84.33677,21.92623],[84.34135,21.92493],[84.34062,21.92225],[84.34099,21.91829],[84.34007,21.9172],[84.33788,21.91646],[84.33788,21.91537],[84.33849,21.9137],[84.33861,21.91232],[84.33824,21.91019],[84.33616,21.90744],[84.33506,21.90256],[84.33451,21.90152],[84.33322,21.9002],[84.33078,21.89848],[84.32967,21.89624],[84.32955,21.89515],[84.33066,21.89222],[84.33243,21.89049],[84.33499,21.88957],[84.33543,21.88877],[84.33524,21.88802],[84.33549,21.88659],[84.33359,21.88394],[84.33438,21.88228],[84.33401,21.88119],[84.33139,21.88165],[84.32943,21.88142],[84.32809,21.88165],[84.32558,21.88257],[84.32375,21.88366],[84.32277,21.88119],[84.32381,21.87987],[84.32393,21.8793],[84.32362,21.87895],[84.32283,21.87895],[84.32191,21.8793],[84.32118,21.87821],[84.32076,21.87832],[84.32044,21.87884],[84.32076,21.88033],[84.32118,21.88096],[84.3213,21.88384],[84.32295,21.88516],[84.32307,21.88562],[84.32149,21.88861],[84.31995,21.88832],[84.31611,21.88671],[84.31445,21.88562],[84.31171,21.88471],[84.31171,21.88425],[84.31066,21.88505],[84.30975,21.88632],[84.30968,21.88707],[84.31122,21.88735],[84.31293,21.88867],[84.31323,21.88959],[84.31299,21.89281],[84.31219,21.89649],[84.31005,21.90132],[84.30828,21.90357],[84.30791,21.90644],[84.30724,21.9073],[84.30559,21.90828],[84.30473,21.91006]]]}},{"type":"Feature","properties":{"LCODE":"010190009000900059","LOCATION":"GURLABAHAL","V_TYPE":"VILLAGE","BLOCK":"KIRIMIRA","DISTRICT":"JHARSUGUDA"},"geometry":{"type":"Polygon","coordinates":[[[84.1936,21.92493],[84.1936,21.9266],[84.19441,21.92624],[84.19894,21.9239],[84.20126,21.92233],[84.20261,21.92203],[84.2058,21.92056],[84.20707,21.91946],[84.20798,21.91802],[84.20797,21.91699],[84.2069,21.91419],[84.20567,21.90727],[84.20478,21.90441],[84.20251,21.89939],[84.2006,21.89804],[84.19956,21.89623],[84.19888,21.89788],[84.19747,21.8991],[84.19656,21.90037],[84.19851,21.90476],[84.19916,21.90779],[84.19849,21.9094],[84.19691,21.91131],[84.19577,21.91384],[84.19398,21.91971],[84.1936,21.92493]]]}},{"type":"Feature","properties":{"LCODE":"01019000800080rf","LOCATION":"RF","V_TYPE":"FOREST","BLOCK":"LAIKERA","DISTRICT":"JHARSUGUDA"},"geometry":{"type":"Polygon","coordinates":[[[84.30859,21.86954],[84.30871,21.87137],[84.31018,21.87448],[84.31055,21.87747],[84.31189,21.88103],[84.31171,21.88471],[84.31317,21.88505],[84.31611,21.88671],[84.31995,21.88832],[84.32149,21.88861],[84.32307,21.88562],[84.32295,21.88516],[84.3213,21.88384],[84.32118,21.88096],[84.32076,21.88033],[84.32044,21.87884],[84.32076,21.87832],[84.32118,21.87821],[84.32191,21.8793],[84.32283,21.87895],[84.32362,21.87895],[84.32393,21.8793],[84.32381,21.87987],[84.32277,21.88119],[84.32375,21.88366],[84.32558,21.88257],[84.32809,21.88165],[84.32943,21.88142],[84.33139,21.88165],[84.33401,21.88119],[84.33438,21.88228],[84.33359,21.88394],[84.33549,21.88659],[84.33524,21.88802],[84.33543,21.88877],[84.33499,21.88957],[84.33243,21.89049],[84.33066,21.89222],[84.32955,21.89515],[84.32967,21.89624],[84.33078,21.89848],[84.33322,21.9002],[84.33451,21.90152],[84.33506,21.90256],[84.33616,21.90744],[84.33824,21.91019],[84.33861,21.91232],[84.33849,21.9137],[84.33788,21.91537],[84.33788,21.91646],[84.34007,21.9172],[84.34099,21.91829],[84.34062,21.92225],[84.34123,21.92478],[84.34161,21.92524],[84.34295,21.92581],[84.34558,21.92529],[84.35249,21.92201],[84.35312,21.92148],[84.35116,21.91884],[84.35041,21.91716],[84.35041,21.91585],[84.35128,21.91398],[84.35134,21.91056],[84.35085,21.90857],[84.3493,21.90563],[84.34817,21.90172],[84.34525,21.89761],[84.34412,21.89493],[84.34363,21.89288],[84.34194,21.89033],[84.33995,21.88622],[84.33727,21.88286],[84.33665,21.88167],[84.3364,21.87925],[84.33528,21.87837],[84.33348,21.87613],[84.33254,21.87582],[84.33179,21.87507],[84.33111,21.87364],[84.33055,21.87128],[84.33086,21.86935],[84.32849,21.86629],[84.32539,21.86792],[84.32295,21.86844],[84.32063,21.86809],[84.31727,21.867],[84.31519,21.86764],[84.31219,21.86735],[84.31055,21.86827],[84.30939,21.86844],[84.30859,21.86954]]]}},{"type":"Feature","properties":{"LCODE":"010162005000500011","LOCATION":"KECHHOBAHAL","V_TYPE":"VILLAGE","BLOCK":"JHARSUGUDA","DISTRICT":"JHARSUGUDA"},"geometry":{"type":"Polygon","coordinates":[[[83.85401,21.92294],[83.85558,21.92276],[83.85831,21.92328],[83.86578,21.92377],[83.87342,21.9233],[83.87676,21.92265],[83.87817,21.92108],[83.88174,21.91993],[83.88224,21.91999],[83.88248,21.92051],[83.88171,21.92188],[83.88016,21.92352],[83.8819,21.92575],[83.8835,21.92541],[83.88681,21.9254],[83.8883,21.92473],[83.89339,21.92113],[83.89568,21.91995],[83.89808,21.9193],[83.89946,21.91777],[83.89986,21.91593],[83.90118,21.91417],[83.90601,21.91108],[83.90767,21.91054],[83.9095,21.90857],[83.90604,21.90913],[83.90384,21.90892],[83.90293,21.90816],[83.90054,21.90468],[83.89944,21.90363],[83.89584,21.9026],[83.8939,21.90148],[83.89236,21.9014],[83.88474,21.90583],[83.883,21.90724],[83.88115,21.90808],[83.87825,21.90873],[83.87555,21.90897],[83.87449,21.90866],[83.87426,21.90913],[83.87045,21.90953],[83.86779,21.9107],[83.86643,21.91078],[83.86558,21.91196],[83.85645,21.92024],[83.85401,21.92294]]]}},{"type":"Feature","properties":{"LCODE":"01019000800080rf","LOCATION":"RF","V_TYPE":"FOREST","BLOCK":"LAIKERA","DISTRICT":"JHARSUGUDA"},"geometry":{"type":"Polygon","coordinates":[[[84.22718,21.91955],[84.22743,21.92035],[84.22879,21.92102],[84.23009,21.92249],[84.23121,21.92311],[84.23203,21.92442],[84.23257,21.92453],[84.23306,21.92418],[84.23311,21.92212],[84.23266,21.92006],[84.23235,21.91932],[84.23116,21.9183],[84.2279,21.91776],[84.22718,21.91955]]]}},{"type":"Feature","properties":{"LCODE":"01016200500050rf","LOCATION":"RF","V_TYPE":"FOREST","BLOCK":"JHARSUGUDA","DISTRICT":"JHARSUGUDA"},"geometry":{"type":"Polygon","coordinates":[[[83.87676,21.92265],[83.87885,21.9223],[83.88016,21.92352],[83.88171,21.92188],[83.88248,21.92022],[83.88174,21.91993],[83.88082,21.92008],[83.87817,21.92108],[83.87676,21.92265]]]}},{"type":"Feature","properties":{"LCODE":"010180005000500005","LOCATION":"SALETIKRA","V_TYPE":"VILLAGE","BLOCK":"JHARSUGUDA","DISTRICT":"JHARSUGUDA"},"geometry":{"type":"Polygon","coordinates":[[[84.00742,21.91634],[84.00835,21.9176],[84.01011,21.9188],[84.01224,21.91951],[84.01403,21.92116],[84.0185,21.92118],[84.01981,21.92036],[84.0212,21.91868],[84.02274,21.91814],[84.02365,21.91722],[84.02443,21.91445],[84.02535,21.91358],[84.02687,21.91132],[84.02724,21.90964],[84.02457,21.90824],[84.02285,21.90768],[84.01719,21.90728],[84.01688,21.9074],[84.01573,21.90942],[84.01456,21.90989],[84.01408,21.91116],[84.01279,21.91129],[84.01206,21.91279],[84.01048,21.91407],[84.00839,21.91472],[84.0076,21.91548],[84.00742,21.91634]]]}},{"type":"Feature","properties":{"LCODE":"010162005000500007","LOCATION":"THARKASPUR","V_TYPE":"VILLAGE","BLOCK":"JHARSUGUDA","DISTRICT":"JHARSUGUDA"},"geometry":{"type":"Polygon","coordinates":[[[83.96381,21.91146],[83.9641,21.9125],[83.9656,21.9147],[83.96655,21.92034],[83.96698,21.92107],[83.96714,21.92052],[83.96998,21.91701],[83.97005,21.91397],[83.97104,21.91208],[83.97187,21.91132],[83.97354,21.91048],[83.97408,21.90935],[83.97563,21.9084],[83.97703,21.90588],[83.97829,21.90442],[83.97031,21.90059],[83.967,21.89962],[83.96571,21.90397],[83.96696,21.90645],[83.96639,21.90748],[83.96445,21.90952],[83.96382,21.91066],[83.96381,21.91146]]]}},{"type":"Feature","properties":{"LCODE":"01018000500050town","LOCATION":"JHARSUGUDA TOWN","V_TYPE":"TOWN","BLOCK":"JHARSUGUDA","DISTRICT":"JHARSUGUDA"},"geometry":{"type":"Polygon","coordinates":[[[83.97929,21.90459],[83.98259,21.90645],[83.98948,21.91193],[83.99346,21.91411],[83.99825,21.91794],[84.00381,21.92065],[84.00566,21.91981],[84.01011,21.9188],[84.00835,21.9176],[84.00742,21.91634],[84.0076,21.91548],[84.00839,21.91472],[84.0109,21.91378],[84.01206,21.91279],[84.01279,21.91129],[84.01408,21.91116],[84.01456,21.90989],[84.01573,21.90942],[84.01688,21.9074],[84.01774,21.90722],[84.02285,21.90768],[84.02457,21.90824],[84.02724,21.90964],[84.0295,21.90854],[84.03188,21.90679],[84.03242,21.90598],[84.03191,21.90346],[84.0321,21.90288],[84.03313,21.9023],[84.0351,21.90257],[84.04153,21.90727],[84.0451,21.90844],[84.04863,21.91151],[84.05122,21.91309],[84.05338,21.9137],[84.05431,21.91473],[84.05592,21.91546],[84.0574,21.91544],[84.06162,21.91397],[84.06731,21.91092],[84.0694,21.91067],[84.07002,21.91084],[84.07101,21.91054],[84.07431,21.9085],[84.07799,21.90766],[84.07944,21.90696],[84.07827,21.9045],[84.07726,21.90066],[84.07497,21.89092],[84.07457,21.88754],[84.07269,21.88262],[84.07311,21.8817],[84.07787,21.87735],[84.07944,21.87423],[84.07943,21.87234],[84.07863,21.87143],[84.078,21.87011],[84.07761,21.86816],[84.07759,21.86512],[84.07848,21.86098],[84.07823,21.86018],[84.07712,21.85944],[84.07668,21.8587],[84.07668,21.85789],[84.07776,21.85478],[84.08006,21.85092],[84.08017,21.8496],[84.07741,21.84933],[84.07679,21.84894],[84.07664,21.84578],[84.07687,21.84325],[84.07478,21.84367],[84.07266,21.84335],[84.07202,21.84456],[84.07136,21.84514],[84.06834,21.84551],[84.06627,21.84696],[84.06339,21.84802],[84.05838,21.85122],[84.05502,21.85292],[84.05186,21.84967],[84.04821,21.84712],[84.04518,21.84428],[84.04394,21.84251],[84.04369,21.84165],[84.04374,21.84004],[84.04422,21.83854],[84.04659,21.83479],[84.04713,21.8334],[84.04847,21.83201],[84.0514,21.83009],[84.05312,21.83008],[84.05491,21.83064],[84.05669,21.83022],[84.05736,21.83056],[84.0586,21.83187],[84.05946,21.83186],[84.05988,21.83146],[84.06011,21.83082],[84.05804,21.8305],[84.0576,21.83004],[84.05759,21.82912],[84.05862,21.82704],[84.05855,21.82555],[84.05787,21.8251],[84.05653,21.82534],[84.05544,21.82897],[84.05502,21.82932],[84.05428,21.82898],[84.05347,21.82835],[84.05322,21.82755],[84.05334,21.82669],[84.05376,21.82605],[84.0538,21.82272],[84.05264,21.82262],[84.05221,21.82354],[84.05074,21.82395],[84.05025,21.82355],[84.04967,21.82155],[84.04988,21.82102],[84.04871,21.81975],[84.04795,21.82036],[84.04808,21.82105],[84.0497,21.82396],[84.04836,21.82621],[84.04757,21.82685],[84.04549,21.82762],[84.04315,21.82769],[84.04267,21.82873],[84.04182,21.82914],[84.04034,21.82898],[84.03916,21.82779],[84.03779,21.82429],[84.03722,21.82154],[84.03774,21.81861],[84.03681,21.81712],[84.03618,21.81523],[84.03484,21.81685],[84.03271,21.81802],[84.02829,21.81851],[84.02161,21.82047],[84.01971,21.82146],[84.01549,21.82299],[84.01242,21.82365],[84.01065,21.82516],[84.00906,21.82557],[84.00815,21.82765],[84.00809,21.82868],[84.00742,21.82955],[84.00517,21.83112],[84.00333,21.83154],[84.00333,21.83269],[84.00224,21.83517],[84.00269,21.83821],[84.00157,21.84386],[84.00152,21.8457],[84.00069,21.84787],[83.99975,21.84929],[83.99778,21.84992],[83.99299,21.85042],[83.98873,21.85185],[83.98593,21.85198],[83.98587,21.85445],[83.98685,21.85877],[83.98877,21.8635],[83.99299,21.86247],[83.99404,21.8618],[83.99492,21.86021],[83.99725,21.86024],[83.9978,21.86048],[83.99831,21.86313],[84.00023,21.86376],[84.00146,21.86329],[84.00183,21.86443],[84.00156,21.86915],[83.99985,21.87503],[83.9994,21.87543],[83.9974,21.87465],[83.99648,21.87458],[83.995,21.8749],[83.99321,21.87579],[83.993,21.87734],[83.9932,21.87992],[83.99507,21.8819],[83.99517,21.88374],[83.99385,21.88573],[83.99367,21.88946],[83.99174,21.89557],[83.99214,21.89684],[83.99206,21.89827],[83.99272,21.89914],[83.99265,21.89971],[83.99234,21.90011],[83.99023,21.90105],[83.98929,21.9027],[83.98836,21.90349],[83.98781,21.90349],[83.98635,21.9022],[83.98582,21.9007],[83.98503,21.90052],[83.98472,21.90092],[83.9847,21.90172],[83.98522,21.90402],[83.98485,21.9043],[83.9843,21.90418],[83.98267,21.90278],[83.98131,21.90322],[83.97929,21.90459]]]}},{"type":"Feature","properties":{"LCODE":"010162005000500010","LOCATION":"BARPALI","V_TYPE":"VILLAGE","BLOCK":"JHARSUGUDA","DISTRICT":"JHARSUGUDA"},"geometry":{"type":"Polygon","coordinates":[[[83.91582,21.91591],[83.91634,21.91703],[83.91761,21.91849],[83.91895,21.91948],[83.9201,21.92013],[83.92213,21.92033],[83.92563,21.91602],[83.92721,21.91351],[83.92956,21.91211],[83.93339,21.91067],[83.93407,21.90977],[83.93478,21.90443],[83.93468,21.90277],[83.93338,21.89971],[83.93279,21.89685],[83.9317,21.89721],[83.93089,21.89823],[83.92922,21.89873],[83.92873,21.8986],[83.92831,21.89797],[83.92594,21.89695],[83.92484,21.89665],[83.92336,21.8968],[83.92016,21.89796],[83.91822,21.89994],[83.91665,21.9021],[83.91614,21.90328],[83.91996,21.9025],[83.92007,21.90284],[83.91614,21.90744],[83.916,21.90812],[83.91635,21.90939],[83.91814,21.91264],[83.91836,21.91425],[83.91822,21.91505],[83.91704,21.91607],[83.91582,21.91591]]]}},{"type":"Feature","properties":{"LCODE":"010190009000900071","LOCATION":"JHARMAL","V_TYPE":"VILLAGE","BLOCK":"KIRIMIRA","DISTRICT":"JHARSUGUDA"},"geometry":{"type":"Polygon","coordinates":[[[84.12465,21.91182],[84.12506,21.91305],[84.12817,21.91692],[84.12953,21.91823],[84.12985,21.919],[84.13223,21.91711],[84.13329,21.91871],[84.13378,21.91905],[84.13458,21.9191],[84.13599,21.91834],[84.1409,21.9106],[84.14164,21.91025],[84.1436,21.91012],[84.14526,21.90941],[84.14562,21.90947],[84.14644,21.91072],[84.14724,21.911],[84.14948,21.91031],[84.15053,21.90804],[84.15112,21.90488],[84.14934,21.89865],[84.14907,21.89561],[84.1501,21.89428],[84.14954,21.89348],[84.14968,21.8915],[84.14915,21.89125],[84.14754,21.89128],[84.14695,21.89179],[84.14671,21.89334],[84.14709,21.89494],[84.14575,21.89564],[84.14446,21.89565],[84.14416,21.89594],[84.14392,21.89726],[84.14319,21.8979],[84.14011,21.8977],[84.13851,21.89732],[84.13759,21.89681],[84.13696,21.89584],[84.13535,21.89557],[84.13495,21.89781],[84.13381,21.90126],[84.13121,21.90651],[84.1305,21.90915],[84.13034,21.91208],[84.12974,21.91323],[84.12924,21.91341],[84.12721,21.91297],[84.12465,21.91182]]]}},{"type":"Feature","properties":{"LCODE":"01016200500050rf","LOCATION":"RF","V_TYPE":"FOREST","BLOCK":"JHARSUGUDA","DISTRICT":"JHARSUGUDA"},"geometry":{"type":"Polygon","coordinates":[[[83.90573,21.91682],[83.90763,21.91708],[83.90981,21.91872],[83.91031,21.91855],[83.9105,21.91787],[83.91219,21.91577],[83.913,21.91532],[83.9146,21.91523],[83.91655,21.91612],[83.91772,21.91562],[83.91822,21.91505],[83.91831,21.91327],[83.91605,21.90876],[83.916,21.90812],[83.91614,21.90744],[83.91995,21.90313],[83.92008,21.90256],[83.91861,21.90265],[83.91547,21.90346],[83.91268,21.90497],[83.91168,21.90594],[83.90799,21.91013],[83.90686,21.91184],[83.90651,21.91459],[83.90573,21.91682]]]}},{"type":"Feature","properties":{"LCODE":"010190008000800057","LOCATION":"MAJURDIMA","V_TYPE":"VILLAGE","BLOCK":"LAIKERA","DISTRICT":"JHARSUGUDA"},"geometry":{"type":"Polygon","coordinates":[[[84.22929,21.90274],[84.22937,21.90457],[84.23032,21.90703],[84.23181,21.90959],[84.23183,21.91051],[84.23066,21.91339],[84.23715,21.91486],[84.2395,21.91633],[84.24153,21.91625],[84.24374,21.91689],[84.2452,21.91444],[84.24892,21.91028],[84.24977,21.90956],[84.25325,21.90776],[84.25401,21.90771],[84.25331,21.9061],[84.25221,21.90541],[84.2478,21.90296],[84.24194,21.9009],[84.24075,21.89971],[84.23763,21.89997],[84.23196,21.89865],[84.23135,21.89906],[84.22929,21.90274]]]}},{"type":"Feature","properties":{"LCODE":"010190008000800058","LOCATION":"RENGALBEDA","V_TYPE":"VILLAGE","BLOCK":"LAIKERA","DISTRICT":"JHARSUGUDA"},"geometry":{"type":"Polygon","coordinates":[[[84.20575,21.89698],[84.20711,21.89706],[84.20798,21.89865],[84.20787,21.90003],[84.20831,21.90094],[84.21066,21.90224],[84.21208,21.9036],[84.21235,21.9052],[84.21127,21.90888],[84.21123,21.90991],[84.21234,21.91139],[84.2147,21.91302],[84.21587,21.91364],[84.21741,21.91334],[84.22095,21.91096],[84.22321,21.91036],[84.22752,21.91095],[84.2287,21.91151],[84.22978,21.91363],[84.23066,21.91339],[84.23183,21.91051],[84.23181,21.90959],[84.23032,21.90703],[84.22937,21.90457],[84.22929,21.90274],[84.23135,21.89906],[84.23196,21.89865],[84.2324,21.89872],[84.23145,21.89768],[84.23132,21.89711],[84.2299,21.89615],[84.22995,21.89518],[84.22971,21.89483],[84.22897,21.89444],[84.22823,21.89542],[84.22712,21.89463],[84.22595,21.89441],[84.22459,21.89311],[84.22416,21.89351],[84.22405,21.89563],[84.22228,21.89657],[84.21399,21.89676],[84.21176,21.89586],[84.20869,21.89555],[84.20721,21.89562],[84.20575,21.89698]]]}},{"type":"Feature","properties":{"LCODE":"010190009000900070","LOCATION":"THAKURPADA","V_TYPE":"VILLAGE","BLOCK":"KIRIMIRA","DISTRICT":"JHARSUGUDA"},"geometry":{"type":"Polygon","coordinates":[[[84.1207,21.89841],[84.12297,21.90573],[84.1233,21.90808],[84.12465,21.91182],[84.12721,21.91297],[84.12924,21.91341],[84.12974,21.91323],[84.13034,21.91208],[84.1305,21.90915],[84.13121,21.90651],[84.13381,21.90126],[84.13495,21.89781],[84.13536,21.89551],[84.13486,21.89466],[84.13406,21.89415],[84.12994,21.89465],[84.128,21.89679],[84.12671,21.89691],[84.12438,21.89831],[84.12162,21.89869],[84.1207,21.89841]]]}},{"type":"Feature","properties":{"LCODE":"010190008000800079","LOCATION":"KULEMURA","V_TYPE":"VILLAGE","BLOCK":"LAIKERA","DISTRICT":"JHARSUGUDA"},"geometry":{"type":"Polygon","coordinates":[[[84.2557,21.89804],[84.2557,21.89959],[84.256,21.90022],[84.25903,21.90437],[84.26224,21.9054],[84.26315,21.9047],[84.26364,21.90252],[84.26444,21.90211],[84.26554,21.90275],[84.26603,21.90516],[84.26541,21.90683],[84.26597,21.90838],[84.26566,21.90959],[84.26477,21.91113],[84.26713,21.91091],[84.26804,21.91114],[84.26874,21.91193],[84.26945,21.91183],[84.27159,21.91062],[84.27489,21.90987],[84.27746,21.90808],[84.28015,21.90802],[84.28266,21.90669],[84.28731,21.9064],[84.28853,21.90583],[84.28938,21.90491],[84.29079,21.90191],[84.29271,21.90116],[84.2944,21.89944],[84.29642,21.89944],[84.29788,21.89869],[84.29843,21.898],[84.29923,21.89558],[84.30003,21.8942],[84.30137,21.89271],[84.30296,21.89115],[84.30449,21.89034],[84.30755,21.88804],[84.30968,21.88703],[84.31011,21.88563],[84.31171,21.88425],[84.31189,21.88103],[84.31055,21.87747],[84.31018,21.87448],[84.31008,21.87428],[84.30822,21.87517],[84.30456,21.87546],[84.30132,21.87621],[84.2952,21.8788],[84.29361,21.87903],[84.29233,21.87857],[84.29178,21.87799],[84.29025,21.87759],[84.28536,21.87817],[84.28133,21.88019],[84.27857,21.88094],[84.27644,21.88197],[84.2735,21.88525],[84.26952,21.88767],[84.26634,21.89187],[84.26438,21.89366],[84.25645,21.89459],[84.25637,21.89648],[84.2557,21.89804]]]}},{"type":"Feature","properties":{"LCODE":"010190008000800056","LOCATION":"GOURIBUD","V_TYPE":"VILLAGE","BLOCK":"LAIKERA","DISTRICT":"JHARSUGUDA"},"geometry":{"type":"Polygon","coordinates":[[[84.25903,21.90437],[84.26113,21.90971],[84.26199,21.91075],[84.26303,21.9112],[84.26477,21.91113],[84.26566,21.90959],[84.26597,21.90838],[84.26541,21.90683],[84.26603,21.90516],[84.26554,21.90275],[84.26444,21.90211],[84.26364,21.90252],[84.26315,21.9047],[84.26224,21.9054],[84.25903,21.90437]]]}},{"type":"Feature","properties":{"LCODE":"010162005000500012","LOCATION":"KANDAKUDA","V_TYPE":"VILLAGE","BLOCK":"JHARSUGUDA","DISTRICT":"JHARSUGUDA"},"geometry":{"type":"Polygon","coordinates":[[[83.85603,21.90577],[83.85744,21.90673],[83.85912,21.90677],[83.85973,21.90635],[83.86016,21.90639],[83.86053,21.90662],[83.86043,21.90777],[83.86084,21.9086],[83.86224,21.90903],[83.86396,21.90834],[83.86457,21.90851],[83.86463,21.90948],[83.86635,21.90994],[83.86655,21.9108],[83.86779,21.9107],[83.87045,21.90953],[83.87426,21.90913],[83.87479,21.90701],[83.87462,21.90574],[83.87312,21.90234],[83.87154,21.90277],[83.86617,21.90159],[83.86204,21.90234],[83.85974,21.90397],[83.85603,21.90577]]]}},{"type":"Feature","properties":{"LCODE":"010162005000500017","LOCATION":"CHARBHATI","V_TYPE":"VILLAGE","BLOCK":"JHARSUGUDA","DISTRICT":"JHARSUGUDA"},"geometry":{"type":"Polygon","coordinates":[[[83.93279,21.89685],[83.93404,21.90145],[83.93826,21.90133],[83.94736,21.9041],[83.94852,21.90418],[83.95074,21.90369],[83.95233,21.90429],[83.95317,21.90539],[83.95277,21.90763],[83.95361,21.9089],[83.95418,21.90928],[83.95485,21.90031],[83.95504,21.89968],[83.95679,21.89769],[83.9576,21.89602],[83.95214,21.89286],[83.95018,21.8902],[83.94651,21.89192],[83.94559,21.8919],[83.94114,21.89046],[83.93996,21.89096],[83.93927,21.89215],[83.9383,21.89242],[83.93745,21.89511],[83.93694,21.89551],[83.93349,21.89626],[83.93279,21.89685]]]}},{"type":"Feature","properties":{"LCODE":"010162005000500016","LOCATION":"CHANDNIMAL","V_TYPE":"VILLAGE","BLOCK":"JHARSUGUDA","DISTRICT":"JHARSUGUDA"},"geometry":{"type":"Polygon","coordinates":[[[83.88628,21.89844],[83.88664,21.90253],[83.88744,21.90421],[83.89236,21.9014],[83.8939,21.90148],[83.89584,21.9026],[83.89944,21.90363],[83.90054,21.90468],[83.90293,21.90816],[83.90384,21.90892],[83.90604,21.90913],[83.9095,21.90857],[83.91056,21.90707],[83.91268,21.90497],[83.91614,21.90328],[83.91665,21.9021],[83.91816,21.90002],[83.91706,21.89952],[83.91673,21.89745],[83.91749,21.89608],[83.9186,21.89558],[83.92004,21.89405],[83.92012,21.89245],[83.91994,21.89198],[83.91891,21.8918],[83.91423,21.89282],[83.91179,21.89169],[83.91092,21.89025],[83.90166,21.89171],[83.89879,21.89167],[83.89317,21.89389],[83.89212,21.89399],[83.89039,21.89362],[83.88815,21.89657],[83.88641,21.89787],[83.88628,21.89844]]]}},{"type":"Feature","properties":{"LCODE":"010162005000500015","LOCATION":"NAIKDIHI","V_TYPE":"VILLAGE","BLOCK":"JHARSUGUDA","DISTRICT":"JHARSUGUDA"},"geometry":{"type":"Polygon","coordinates":[[[83.87048,21.89315],[83.87073,21.89594],[83.87634,21.8987],[83.88135,21.89975],[83.882,21.90085],[83.88161,21.90205],[83.88056,21.9029],[83.87982,21.90312],[83.87896,21.90322],[83.87312,21.90234],[83.87479,21.90632],[83.87449,21.90866],[83.87555,21.90897],[83.87825,21.90873],[83.88115,21.90808],[83.883,21.90724],[83.88412,21.90623],[83.88744,21.90421],[83.88664,21.90253],[83.88631,21.89994],[83.88641,21.89787],[83.88815,21.89657],[83.89039,21.89362],[83.8876,21.89266],[83.88393,21.89197],[83.88181,21.89096],[83.88132,21.8904],[83.87795,21.88999],[83.87653,21.89031],[83.87551,21.88949],[83.87287,21.88922],[83.87171,21.88921],[83.87115,21.88948],[83.87065,21.89022],[83.87048,21.89315]]]}},{"type":"Feature","properties":{"LCODE":"010190008000800078","LOCATION":"AINTAPALI","V_TYPE":"VILLAGE","BLOCK":"LAIKERA","DISTRICT":"JHARSUGUDA"},"geometry":{"type":"Polygon","coordinates":[[[84.22742,21.89003],[84.2293,21.89129],[84.22937,21.89209],[84.22809,21.89307],[84.22829,21.89422],[84.22876,21.89465],[84.22897,21.89444],[84.22971,21.89483],[84.22995,21.89518],[84.2299,21.89615],[84.23132,21.89711],[84.23145,21.89768],[84.2324,21.89872],[84.23763,21.89997],[84.24075,21.89971],[84.24194,21.9009],[84.2478,21.90296],[84.25221,21.90541],[84.25331,21.9061],[84.25401,21.90771],[84.25667,21.90799],[84.25957,21.90561],[84.25893,21.90413],[84.25686,21.90155],[84.2557,21.89959],[84.2557,21.89804],[84.25649,21.89568],[84.25644,21.8943],[84.25448,21.88998],[84.25271,21.88734],[84.25156,21.8832],[84.25039,21.88199],[84.2474,21.88195],[84.24654,21.8815],[84.24491,21.87865],[84.24436,21.87818],[84.24336,21.87792],[84.23441,21.87921],[84.23349,21.88002],[84.23314,21.88174],[84.23207,21.88215],[84.23177,21.88548],[84.23134,21.8864],[84.22982,21.88836],[84.22742,21.89003]]]}},{"type":"Feature","properties":{"LCODE":"010162005000500013","LOCATION":"GHUSURA  MUNDA","V_TYPE":"VILLAGE","BLOCK":"JHARSUGUDA","DISTRICT":"JHARSUGUDA"},"geometry":{"type":"Polygon","coordinates":[[[83.84477,21.8974],[83.84532,21.89822],[83.84508,21.89908],[83.84539,21.90023],[83.84576,21.9004],[83.84655,21.90017],[83.84708,21.90114],[83.84796,21.90127],[83.84815,21.90331],[83.84935,21.9036],[83.85062,21.90331],[83.85153,21.90236],[83.85384,21.90202],[83.85574,21.90307],[83.85652,21.90396],[83.856,21.90517],[83.85603,21.90577],[83.85974,21.90397],[83.86204,21.90234],[83.8645,21.90174],[83.86714,21.90173],[83.87154,21.90277],[83.87312,21.90234],[83.87406,21.9024],[83.87896,21.90322],[83.88056,21.9029],[83.88112,21.9025],[83.88194,21.90148],[83.882,21.90085],[83.88135,21.89975],[83.87634,21.8987],[83.87128,21.89604],[83.87055,21.89591],[83.86221,21.8955],[83.85847,21.89591],[83.85268,21.8972],[83.85035,21.89705],[83.84753,21.89638],[83.84477,21.8974]]]}},{"type":"Feature","properties":{"LCODE":"010190008000800080","LOCATION":"AITAPADA","V_TYPE":"VILLAGE","BLOCK":"LAIKERA","DISTRICT":"JHARSUGUDA"},"geometry":{"type":"Polygon","coordinates":[[[84.29271,21.90116],[84.29311,21.90208],[84.29617,21.90455],[84.2991,21.90535],[84.3018,21.90506],[84.30717,21.90362],[84.30834,21.90356],[84.31005,21.90132],[84.31219,21.89649],[84.31323,21.89097],[84.31311,21.8889],[84.31122,21.88735],[84.30968,21.88703],[84.30755,21.88804],[84.30449,21.89034],[84.30296,21.89115],[84.30137,21.89271],[84.30003,21.8942],[84.29923,21.89558],[84.29843,21.898],[84.29788,21.89869],[84.29642,21.89944],[84.2944,21.89944],[84.29271,21.90116]]]}},{"type":"Feature","properties":{"LCODE":"010180005000500006","LOCATION":"LAHANDABUD","V_TYPE":"VILLAGE","BLOCK":"JHARSUGUDA","DISTRICT":"JHARSUGUDA"},"geometry":{"type":"Polygon","coordinates":[[[83.97132,21.90104],[83.97829,21.90442],[83.97857,21.90427],[83.97929,21.90459],[83.98131,21.90322],[83.98267,21.90278],[83.9843,21.90418],[83.98485,21.9043],[83.98522,21.90402],[83.9847,21.90172],[83.98472,21.90092],[83.98503,21.90052],[83.98582,21.9007],[83.98635,21.9022],[83.98781,21.90349],[83.98836,21.90349],[83.98929,21.9027],[83.99023,21.90105],[83.99234,21.90011],[83.99265,21.89971],[83.99272,21.89914],[83.99206,21.89827],[83.99214,21.89684],[83.99174,21.89557],[83.99367,21.88946],[83.99385,21.88573],[83.99517,21.88374],[83.99507,21.8819],[83.9932,21.87992],[83.99313,21.87615],[83.99193,21.87537],[83.99049,21.87346],[83.98695,21.87174],[83.98611,21.87098],[83.9837,21.86972],[83.98386,21.87336],[83.98428,21.8744],[83.98506,21.8751],[83.98528,21.87642],[83.98185,21.88016],[83.97712,21.88468],[83.97673,21.88593],[83.97702,21.88714],[83.97688,21.888],[83.97564,21.88902],[83.97459,21.89359],[83.97318,21.8973],[83.97132,21.90104]]]}},{"type":"Feature","properties":{"LCODE":"010180005000500007","LOCATION":"HANSAMURAKATAPALI","V_TYPE":"VILLAGE","BLOCK":"JHARSUGUDA","DISTRICT":"JHARSUGUDA"},"geometry":{"type":"Polygon","coordinates":[[[83.94726,21.88366],[83.94742,21.88515],[83.94807,21.88712],[83.95214,21.89286],[83.95713,21.8958],[83.96175,21.89794],[83.97132,21.90104],[83.97318,21.8973],[83.97459,21.89359],[83.97564,21.88902],[83.97688,21.888],[83.97702,21.88714],[83.97673,21.88593],[83.97712,21.88468],[83.98185,21.88016],[83.98528,21.87642],[83.98506,21.8751],[83.98428,21.8744],[83.98386,21.87336],[83.98363,21.86836],[83.98297,21.86726],[83.98127,21.86626],[83.97644,21.8655],[83.97276,21.86527],[83.96754,21.86576],[83.95684,21.86767],[83.95426,21.86786],[83.95071,21.86726],[83.94778,21.87752],[83.94726,21.88366]]]}},{"type":"Feature","properties":{"LCODE":"010162005000500019","LOCATION":"RAJPUR","V_TYPE":"VILLAGE","BLOCK":"JHARSUGUDA","DISTRICT":"JHARSUGUDA"},"geometry":{"type":"Polygon","coordinates":[[[83.91092,21.89025],[83.91179,21.89169],[83.91423,21.89282],[83.91891,21.8918],[83.91994,21.89198],[83.92004,21.89405],[83.9186,21.89558],[83.91749,21.89608],[83.91673,21.89745],[83.91706,21.89952],[83.91816,21.90002],[83.92072,21.89762],[83.92422,21.89664],[83.92667,21.8972],[83.92831,21.89797],[83.92892,21.89872],[83.93089,21.89823],[83.9317,21.89721],[83.93288,21.89683],[83.93349,21.89626],[83.93626,21.89573],[83.93745,21.89511],[83.9383,21.89242],[83.93541,21.88825],[83.93501,21.88669],[83.93344,21.88472],[83.93338,21.88087],[83.93282,21.87782],[83.93149,21.8763],[83.93039,21.87594],[83.92848,21.87632],[83.92764,21.87603],[83.92466,21.87775],[83.92186,21.87622],[83.9202,21.87619],[83.91835,21.87697],[83.91549,21.87573],[83.91194,21.88033],[83.91599,21.88239],[83.91784,21.8819],[83.91839,21.8822],[83.91941,21.88342],[83.91938,21.88537],[83.91743,21.88827],[83.91624,21.88929],[83.9152,21.88962],[83.91238,21.88957],[83.91092,21.89025]]]}},{"type":"Feature","properties":{"LCODE":"010190009000900069","LOCATION":"BANDHPALI","V_TYPE":"VILLAGE","BLOCK":"KIRIMIRA","DISTRICT":"JHARSUGUDA"},"geometry":{"type":"Polygon","coordinates":[[[84.11627,21.89151],[84.11653,21.89271],[84.11975,21.89543],[84.12031,21.8964],[84.1207,21.89841],[84.12162,21.89869],[84.12359,21.89844],[84.12438,21.89831],[84.12512,21.89782],[84.12363,21.89637],[84.12363,21.89591],[84.12547,21.89544],[84.12637,21.89382],[84.12692,21.89335],[84.12728,21.8922],[84.12844,21.8911],[84.12817,21.88818],[84.12894,21.8853],[84.12894,21.88421],[84.12823,21.88055],[84.12883,21.87951],[84.12987,21.8787],[84.13023,21.87806],[84.13029,21.8772],[84.12933,21.87314],[84.12901,21.86991],[84.12534,21.87415],[84.12444,21.8764],[84.12353,21.87755],[84.12242,21.87738],[84.12201,21.87958],[84.11971,21.88304],[84.12003,21.88556],[84.11627,21.89151]]]}},{"type":"Feature","properties":{"LCODE":"010190009000900068","LOCATION":"BHURSIMAL","V_TYPE":"VILLAGE","BLOCK":"KIRIMIRA","DISTRICT":"JHARSUGUDA"},"geometry":{"type":"Polygon","coordinates":[[[84.10514,21.88572],[84.10715,21.88855],[84.11169,21.8939],[84.11354,21.89561],[84.11607,21.89684],[84.1207,21.89841],[84.12031,21.8964],[84.11975,21.89543],[84.11653,21.89271],[84.11627,21.89151],[84.12003,21.88556],[84.11971,21.88304],[84.12201,21.87958],[84.12242,21.87738],[84.12117,21.87672],[84.11591,21.87808],[84.11562,21.87883],[84.11624,21.88009],[84.11521,21.88222],[84.11448,21.88263],[84.11301,21.88259],[84.11166,21.88312],[84.10956,21.88239],[84.10833,21.8824],[84.10632,21.88357],[84.10558,21.88449],[84.10514,21.88572]]]}},{"type":"Feature","properties":{"LCODE":"010190009000900072","LOCATION":"BHALUPATRA","V_TYPE":"VILLAGE","BLOCK":"KIRIMIRA","DISTRICT":"JHARSUGUDA"},"geometry":{"type":"Polygon","coordinates":[[[84.12363,21.89591],[84.12363,21.89637],[84.12512,21.89782],[84.12671,21.89691],[84.128,21.89679],[84.12994,21.89465],[84.13406,21.89415],[84.13486,21.89466],[84.13535,21.89557],[84.13696,21.89584],[84.13795,21.89709],[84.14011,21.8977],[84.14319,21.8979],[84.14392,21.89726],[84.14416,21.89594],[84.14446,21.89565],[84.14575,21.89564],[84.14709,21.89494],[84.14671,21.89334],[84.14677,21.89219],[84.14754,21.89128],[84.14654,21.8872],[84.14645,21.88485],[84.14584,21.88497],[84.14504,21.88458],[84.14441,21.88281],[84.14297,21.88018],[84.14174,21.87968],[84.14063,21.87997],[84.1385,21.8816],[84.13764,21.88184],[84.13727,21.88161],[84.13726,21.88064],[84.13811,21.87914],[84.13884,21.8785],[84.13944,21.87746],[84.13944,21.87689],[84.13895,21.8762],[84.13771,21.87576],[84.13616,21.87468],[84.13443,21.87275],[84.13256,21.86961],[84.13139,21.86876],[84.13065,21.86877],[84.12901,21.86991],[84.12933,21.87314],[84.13029,21.8772],[84.13023,21.87806],[84.12987,21.8787],[84.12883,21.87951],[84.12823,21.88055],[84.12894,21.88421],[84.12894,21.8853],[84.12817,21.88818],[84.12844,21.8911],[84.12728,21.8922],[84.12692,21.89335],[84.12637,21.89382],[84.12547,21.89544],[84.12363,21.89591]]]}},{"type":"Feature","properties":{"LCODE":"010162005000500014","LOCATION":"MADHUPUR","V_TYPE":"VILLAGE","BLOCK":"JHARSUGUDA","DISTRICT":"JHARSUGUDA"},"geometry":{"type":"Polygon","coordinates":[[[83.83096,21.88052],[83.83282,21.89435],[83.83319,21.89521],[83.83515,21.89446],[83.83699,21.89491],[83.83754,21.89416],[83.83832,21.89413],[83.83876,21.89272],[83.83931,21.89256],[83.84042,21.89335],[83.8414,21.89576],[83.84258,21.89557],[83.84477,21.8974],[83.84753,21.89638],[83.85035,21.89705],[83.85268,21.8972],[83.85847,21.89591],[83.86221,21.8955],[83.86466,21.8956],[83.86301,21.89247],[83.86237,21.88619],[83.86184,21.88503],[83.86063,21.88427],[83.85094,21.88033],[83.84837,21.88018],[83.84446,21.8788],[83.84164,21.8787],[83.83745,21.87617],[83.83264,21.87765],[83.83108,21.87847],[83.83096,21.88052]]]}},{"type":"Feature","properties":{"LCODE":"010190008000800076","LOCATION":"LAIKERA","V_TYPE":"VILLAGE","BLOCK":"LAIKERA","DISTRICT":"JHARSUGUDA"},"geometry":{"type":"Polygon","coordinates":[[[84.19922,21.88877],[84.19962,21.89203],[84.20032,21.89426],[84.20075,21.89477],[84.2026,21.89538],[84.20341,21.89663],[84.20538,21.89696],[84.20575,21.89698],[84.20721,21.89562],[84.20869,21.89555],[84.21176,21.89586],[84.21399,21.89676],[84.22228,21.89657],[84.22405,21.89563],[84.22416,21.89351],[84.22459,21.89311],[84.22595,21.89441],[84.22712,21.89463],[84.22823,21.89542],[84.22876,21.89465],[84.22829,21.89422],[84.22809,21.89307],[84.22937,21.89209],[84.2293,21.89129],[84.22689,21.88965],[84.22572,21.88954],[84.22456,21.89024],[84.22338,21.88974],[84.22298,21.88579],[84.22105,21.88294],[84.22047,21.88094],[84.21731,21.87768],[84.21461,21.87877],[84.21363,21.87889],[84.21086,21.87863],[84.20981,21.87789],[84.20912,21.87664],[84.20865,21.87206],[84.20815,21.87092],[84.20622,21.86864],[84.20436,21.86723],[84.20365,21.86703],[84.20341,21.87022],[84.20227,21.87355],[84.20285,21.87589],[84.20378,21.87732],[84.20404,21.87846],[84.20331,21.87916],[84.20129,21.8794],[84.20055,21.87999],[84.20094,21.8817],[84.202,21.88324],[84.20164,21.88439],[84.20007,21.88681],[84.19922,21.88877]]]}},{"type":"Feature","properties":{"LCODE":"010162005000500026","LOCATION":"BADJOB","V_TYPE":"VILLAGE","BLOCK":"JHARSUGUDA","DISTRICT":"JHARSUGUDA"},"geometry":{"type":"Polygon","coordinates":[[[83.83745,21.87617],[83.84164,21.8787],[83.84446,21.8788],[83.84837,21.88018],[83.85094,21.88033],[83.86063,21.88427],[83.86184,21.88503],[83.86237,21.88619],[83.86301,21.89247],[83.86466,21.8956],[83.87073,21.89594],[83.8705,21.89195],[83.87065,21.89022],[83.87115,21.88948],[83.87171,21.88921],[83.87471,21.88931],[83.87551,21.88949],[83.87653,21.89031],[83.87795,21.88999],[83.88132,21.8904],[83.88091,21.88917],[83.88099,21.88469],[83.88132,21.88314],[83.8825,21.88224],[83.88466,21.88164],[83.89211,21.8802],[83.89346,21.88029],[83.89438,21.87621],[83.89516,21.87449],[83.88526,21.87312],[83.88225,21.8754],[83.8775,21.87642],[83.87677,21.87646],[83.87532,21.87585],[83.8726,21.87617],[83.86262,21.87551],[83.85633,21.87357],[83.85406,21.87337],[83.85043,21.8671],[83.84965,21.86629],[83.84843,21.86598],[83.84827,21.86822],[83.84537,21.86892],[83.8456,21.86979],[83.8465,21.87055],[83.8448,21.87351],[83.8435,21.87419],[83.83745,21.87617]]]}},{"type":"Feature","properties":{"LCODE":"010190008000800083","LOCATION":"MUNDRAJORE","V_TYPE":"VILLAGE","BLOCK":"LAIKERA","DISTRICT":"JHARSUGUDA"},"geometry":{"type":"Polygon","coordinates":[[[84.24436,21.87818],[84.24491,21.87865],[84.24654,21.8815],[84.2474,21.88195],[84.25039,21.88199],[84.25118,21.88274],[84.25156,21.8832],[84.25271,21.88734],[84.25448,21.88998],[84.25645,21.89459],[84.25784,21.89458],[84.26438,21.89366],[84.26634,21.89187],[84.26879,21.88836],[84.2705,21.88698],[84.2735,21.88525],[84.27644,21.88197],[84.27857,21.88094],[84.28133,21.88019],[84.28484,21.8784],[84.28474,21.87708],[84.2842,21.87553],[84.28548,21.87472],[84.28365,21.87351],[84.2839,21.87208],[84.28157,21.87133],[84.28023,21.87053],[84.27908,21.86903],[84.2773,21.86926],[84.27503,21.86898],[84.27076,21.86714],[84.26984,21.86633],[84.26942,21.86484],[84.2688,21.86426],[84.26764,21.86167],[84.26648,21.85805],[84.26653,21.85672],[84.26465,21.85736],[84.25982,21.85736],[84.25933,21.85782],[84.2575,21.86237],[84.25737,21.86306],[84.2578,21.86467],[84.25761,21.86593],[84.25542,21.86749],[84.25431,21.86904],[84.2526,21.87313],[84.25186,21.87394],[84.24997,21.87506],[84.24776,21.87468],[84.24715,21.87485],[84.2455,21.87624],[84.24436,21.87818]]]}},{"type":"Feature","properties":{"LCODE":"010162005000500025","LOCATION":"RANKATA","V_TYPE":"VILLAGE","BLOCK":"JHARSUGUDA","DISTRICT":"JHARSUGUDA"},"geometry":{"type":"Polygon","coordinates":[[[83.88091,21.88917],[83.88114,21.89021],[83.88181,21.89096],[83.88296,21.89155],[83.89212,21.89399],[83.89501,21.89334],[83.89846,21.89175],[83.89826,21.88983],[83.89582,21.88554],[83.89524,21.88358],[83.89538,21.88243],[83.89582,21.88175],[83.89376,21.88034],[83.8929,21.88021],[83.88466,21.88164],[83.8825,21.88224],[83.88188,21.88269],[83.88132,21.88314],[83.88107,21.88383],[83.88091,21.88917]]]}},{"type":"Feature","properties":{"LCODE":"010190009000900075","LOCATION":"KIRMIRA","V_TYPE":"VILLAGE","BLOCK":"KIRIMIRA","DISTRICT":"JHARSUGUDA"},"geometry":{"type":"Polygon","coordinates":[[[84.15352,21.86403],[84.15396,21.86523],[84.15502,21.86676],[84.15522,21.86825],[84.15526,21.87301],[84.15454,21.87514],[84.15433,21.87514],[84.15591,21.87771],[84.15667,21.87959],[84.15668,21.87994],[84.15563,21.88035],[84.15589,21.88178],[84.15541,21.8831],[84.15573,21.88408],[84.15568,21.88511],[84.15495,21.88678],[84.15516,21.88959],[84.1594,21.88926],[84.16014,21.88937],[84.16156,21.89044],[84.16206,21.89044],[84.16358,21.88962],[84.16831,21.88929],[84.17107,21.8884],[84.17406,21.887],[84.17647,21.88698],[84.17868,21.88736],[84.18057,21.88579],[84.18083,21.88728],[84.18188,21.88819],[84.18324,21.88863],[84.18656,21.88894],[84.18896,21.88955],[84.19914,21.89312],[84.20012,21.89311],[84.19962,21.89203],[84.19922,21.88877],[84.20007,21.88681],[84.20164,21.88439],[84.202,21.88324],[84.20094,21.8817],[84.20055,21.87999],[84.20129,21.8794],[84.20331,21.87916],[84.20404,21.87846],[84.20378,21.87732],[84.20285,21.87589],[84.20227,21.87355],[84.20341,21.87022],[84.20369,21.86706],[84.20183,21.86553],[84.2009,21.86548],[84.19864,21.86642],[84.19704,21.86661],[84.19459,21.86612],[84.19063,21.86369],[84.18946,21.86381],[84.18695,21.86487],[84.18549,21.86591],[84.18452,21.8673],[84.18366,21.8677],[84.18132,21.86733],[84.18052,21.86699],[84.18011,21.86646],[84.17738,21.86599],[84.17345,21.86585],[84.16985,21.86846],[84.16843,21.86876],[84.16516,21.86696],[84.16485,21.86645],[84.16539,21.86501],[84.16434,21.86421],[84.16268,21.86411],[84.15974,21.86466],[84.15352,21.86403]]]}},{"type":"Feature","properties":{"LCODE":"010190009000900065","LOCATION":"SARASPALI","V_TYPE":"VILLAGE","BLOCK":"KIRIMIRA","DISTRICT":"JHARSUGUDA"},"geometry":{"type":"Polygon","coordinates":[[[84.075,21.87995],[84.07632,21.88287],[84.07571,21.88397],[84.0761,21.88638],[84.07747,21.8882],[84.0792,21.88962],[84.08014,21.89157],[84.08144,21.89247],[84.08254,21.8924],[84.08425,21.89158],[84.08794,21.89126],[84.09522,21.88798],[84.09466,21.88626],[84.09361,21.88547],[84.09389,21.88294],[84.09222,21.88083],[84.09234,21.88008],[84.0914,21.87854],[84.09151,21.87688],[84.09064,21.87585],[84.09018,21.87347],[84.08848,21.87409],[84.08657,21.87405],[84.07922,21.87711],[84.07797,21.87712],[84.075,21.87995]]]}},{"type":"Feature","properties":{"LCODE":"010162005000500018","LOCATION":"DEOGAON","V_TYPE":"VILLAGE","BLOCK":"JHARSUGUDA","DISTRICT":"JHARSUGUDA"},"geometry":{"type":"Polygon","coordinates":[[[83.93327,21.88339],[83.93344,21.88472],[83.93501,21.88669],[83.93541,21.88825],[83.9383,21.89242],[83.93927,21.89215],[83.93996,21.89096],[83.94114,21.89046],[83.94559,21.8919],[83.94651,21.89192],[83.95018,21.8902],[83.94807,21.88712],[83.94742,21.88515],[83.94729,21.88182],[83.94778,21.87752],[83.95071,21.86726],[83.94961,21.86722],[83.94615,21.86854],[83.94437,21.86886],[83.94089,21.86812],[83.93755,21.86806],[83.93697,21.87162],[83.9359,21.87315],[83.93624,21.8746],[83.93597,21.87603],[83.93674,21.8777],[83.93667,21.87856],[83.93629,21.87907],[83.93519,21.87917],[83.9333,21.88016],[83.93348,21.88213],[83.93327,21.88339]]]}},{"type":"Feature","properties":{"LCODE":"010190009000900074","LOCATION":"HALKADHIPA","V_TYPE":"VILLAGE","BLOCK":"KIRIMIRA","DISTRICT":"JHARSUGUDA"},"geometry":{"type":"Polygon","coordinates":[[[84.14645,21.88485],[84.14654,21.8872],[84.14755,21.89132],[84.14915,21.89125],[84.1507,21.89181],[84.15118,21.89163],[84.15283,21.8899],[84.15393,21.88954],[84.15516,21.88959],[84.15495,21.88678],[84.15568,21.88511],[84.15573,21.88408],[84.15541,21.8831],[84.15589,21.88178],[84.15563,21.88035],[84.15668,21.87994],[84.15667,21.87959],[84.15591,21.87771],[84.15433,21.87514],[84.15263,21.87487],[84.15215,21.87528],[84.15033,21.87788],[84.14755,21.88346],[84.14645,21.88485]]]}},{"type":"Feature","properties":{"LCODE":"010162005000500024","LOCATION":"GOURMAL","V_TYPE":"VILLAGE","BLOCK":"JHARSUGUDA","DISTRICT":"JHARSUGUDA"},"geometry":{"type":"Polygon","coordinates":[[[83.89524,21.88358],[83.89582,21.88554],[83.89826,21.88983],[83.89846,21.89175],[83.90166,21.89171],[83.90689,21.89104],[83.9104,21.89041],[83.91238,21.88957],[83.91576,21.88951],[83.91743,21.88827],[83.91938,21.88537],[83.91951,21.88474],[83.91911,21.88284],[83.91784,21.8819],[83.91599,21.88239],[83.91194,21.88033],[83.91001,21.88041],[83.90807,21.87969],[83.90696,21.87961],[83.90376,21.88003],[83.90092,21.88102],[83.89723,21.88182],[83.89577,21.88186],[83.89538,21.88243],[83.89524,21.88358]]]}},{"type":"Feature","properties":{"LCODE":"010190008000800077","LOCATION":"PANPALI","V_TYPE":"VILLAGE","BLOCK":"LAIKERA","DISTRICT":"JHARSUGUDA"},"geometry":{"type":"Polygon","coordinates":[[[84.21731,21.87768],[84.22047,21.88094],[84.22105,21.88294],[84.22298,21.88579],[84.2232,21.8894],[84.22375,21.89002],[84.22456,21.89024],[84.22621,21.88943],[84.22742,21.89003],[84.22982,21.88836],[84.23134,21.8864],[84.23177,21.88548],[84.23207,21.88215],[84.23105,21.88136],[84.23029,21.87999],[84.22986,21.87971],[84.22832,21.87967],[84.22746,21.87933],[84.22504,21.87706],[84.22418,21.87673],[84.22276,21.87657],[84.22014,21.87785],[84.21731,21.87768]]]}},{"type":"Feature","properties":{"LCODE":"010190009000900067","LOCATION":"SIALRAMA","V_TYPE":"VILLAGE","BLOCK":"KIRIMIRA","DISTRICT":"JHARSUGUDA"},"geometry":{"type":"Polygon","coordinates":[[[84.09018,21.87347],[84.09064,21.87585],[84.09151,21.87688],[84.0914,21.87854],[84.09234,21.88008],[84.09222,21.88083],[84.09389,21.88294],[84.09361,21.88547],[84.09466,21.88626],[84.09528,21.88763],[84.09509,21.88804],[84.09535,21.8882],[84.09892,21.88806],[84.10154,21.88642],[84.10332,21.88652],[84.1048,21.88611],[84.10632,21.88357],[84.10833,21.8824],[84.10956,21.88239],[84.11129,21.88312],[84.11301,21.88259],[84.11448,21.88263],[84.11521,21.88222],[84.11612,21.88061],[84.11611,21.87963],[84.11562,21.87883],[84.11591,21.87808],[84.12117,21.87672],[84.12,21.87454],[84.11833,21.87295],[84.11537,21.87143],[84.11321,21.87076],[84.11185,21.86934],[84.11041,21.867],[84.10404,21.86103],[84.10019,21.86354],[84.09696,21.86672],[84.09525,21.868],[84.09081,21.87309],[84.09018,21.87347]]]}},{"type":"Feature","properties":{"LCODE":"010200007000700008","LOCATION":"SUNAJHARIA","V_TYPE":"VILLAGE","BLOCK":"KOLABIRA","DISTRICT":"JHARSUGUDA"},"geometry":{"type":"Polygon","coordinates":[[[84.13585,21.87433],[84.13771,21.87576],[84.13895,21.8762],[84.13944,21.87689],[84.13944,21.87746],[84.13884,21.8785],[84.13811,21.87914],[84.13726,21.88064],[84.13727,21.88161],[84.13764,21.88184],[84.1385,21.8816],[84.14063,21.87997],[84.14174,21.87968],[84.14297,21.88018],[84.14441,21.88281],[84.14504,21.88458],[84.14584,21.88497],[84.14682,21.88462],[84.15033,21.87788],[84.15215,21.87528],[84.15274,21.87488],[84.15029,21.87346],[84.14855,21.87198],[84.14724,21.86959],[84.14528,21.8669],[84.1414,21.8693],[84.13585,21.87433]]]}},{"type":"Feature","properties":{"LCODE":"01016200500050rf","LOCATION":"RF","V_TYPE":"FOREST","BLOCK":"JHARSUGUDA","DISTRICT":"JHARSUGUDA"},"geometry":{"type":"Polygon","coordinates":[[[83.81535,21.87606],[83.8159,21.87963],[83.81664,21.88153],[83.81908,21.88433],[83.82031,21.88462],[83.82301,21.88312],[83.82511,21.88019],[83.82655,21.87875],[83.83052,21.87661],[83.83125,21.8769],[83.83108,21.87847],[83.83264,21.87765],[83.83949,21.87562],[83.8443,21.87385],[83.8448,21.87351],[83.8465,21.87055],[83.8456,21.86979],[83.84537,21.86892],[83.84827,21.86822],[83.84843,21.86598],[83.84965,21.86629],[83.85043,21.8671],[83.85406,21.87337],[83.85633,21.87357],[83.86262,21.87551],[83.8726,21.87617],[83.87494,21.87598],[83.87556,21.87558],[83.87557,21.87472],[83.87493,21.87276],[83.87923,21.8719],[83.88152,21.87102],[83.88367,21.87082],[83.88409,21.87111],[83.88438,21.87244],[83.88554,21.87326],[83.89203,21.87393],[83.89575,21.87462],[83.8968,21.87452],[83.89891,21.873],[83.89977,21.87279],[83.90493,21.8724],[83.90598,21.87184],[83.90823,21.86975],[83.91038,21.86967],[83.91074,21.86996],[83.91084,21.871],[83.912,21.87113],[83.91295,21.86994],[83.91302,21.86942],[83.91266,21.86896],[83.90876,21.86706],[83.90633,21.86605],[83.90187,21.86477],[83.89954,21.86457],[83.89721,21.86476],[83.8953,21.86502],[83.89296,21.86579],[83.88802,21.86382],[83.88412,21.86261],[83.88211,21.8616],[83.87901,21.8565],[83.87895,21.85587],[83.88078,21.85348],[83.88267,21.85006],[83.88502,21.84752],[83.88425,21.84733],[83.88188,21.84585],[83.87875,21.8427],[83.87765,21.84222],[83.87348,21.8421],[83.87157,21.84111],[83.8712,21.83942],[83.87164,21.83868],[83.87135,21.83788],[83.87074,21.83741],[83.86909,21.83692],[83.86536,21.83669],[83.86067,21.83817],[83.85468,21.84055],[83.84992,21.84301],[83.84904,21.84443],[83.84788,21.84769],[83.84805,21.84873],[83.84762,21.85217],[83.84529,21.85213],[83.84424,21.85258],[83.84206,21.85444],[83.83784,21.85737],[83.83708,21.86201],[83.83523,21.86291],[83.82909,21.86919],[83.8228,21.87215],[83.81641,21.87608],[83.81535,21.87606]]]}},{"type":"Feature","properties":{"LCODE":"010190008000800085","LOCATION":"UDIAPALI","V_TYPE":"VILLAGE","BLOCK":"LAIKERA","DISTRICT":"JHARSUGUDA"},"geometry":{"type":"Polygon","coordinates":[[[84.1997,21.86597],[84.2009,21.86548],[84.20183,21.86553],[84.20365,21.86703],[84.20523,21.86785],[84.20728,21.86978],[84.20865,21.87206],[84.20912,21.87664],[84.20981,21.87789],[84.21086,21.87863],[84.2124,21.8789],[84.21461,21.87877],[84.21681,21.87771],[84.22014,21.87785],[84.22276,21.87657],[84.22418,21.87673],[84.22504,21.87706],[84.22746,21.87933],[84.23029,21.87999],[84.23105,21.88136],[84.23204,21.88215],[84.23314,21.88174],[84.23349,21.88002],[84.23441,21.87921],[84.23638,21.87888],[84.23618,21.87782],[84.23449,21.87526],[84.23436,21.87457],[84.23281,21.87333],[84.23255,21.87207],[84.23186,21.87099],[84.23129,21.8683],[84.23072,21.86739],[84.22906,21.86649],[84.22787,21.86421],[84.22551,21.86228],[84.22414,21.85943],[84.22234,21.85881],[84.22116,21.85716],[84.22005,21.8566],[84.21973,21.85557],[84.21844,21.85495],[84.21739,21.85491],[84.21629,21.85578],[84.21304,21.85603],[84.21236,21.85581],[84.21032,21.8536],[84.20813,21.85293],[84.20866,21.85441],[84.20861,21.85544],[84.20789,21.85694],[84.20722,21.85763],[84.20349,21.85973],[84.20184,21.86101],[84.19997,21.86366],[84.1997,21.86597]]]}},{"type":"Feature","properties":{"LCODE":"010162005000500023","LOCATION":"CHELKUTHI","V_TYPE":"VILLAGE","BLOCK":"JHARSUGUDA","DISTRICT":"JHARSUGUDA"},"geometry":{"type":"Polygon","coordinates":[[[83.89346,21.88029],[83.89577,21.88186],[83.89643,21.88187],[83.90092,21.88102],[83.90284,21.88024],[83.90567,21.87971],[83.90807,21.87969],[83.91001,21.88041],[83.91102,21.88021],[83.91077,21.8795],[83.91142,21.87658],[83.91126,21.87531],[83.91079,21.87427],[83.91,21.87357],[83.90811,21.87285],[83.90837,21.87217],[83.90924,21.87166],[83.90912,21.86965],[83.90823,21.86975],[83.90598,21.87184],[83.90493,21.8724],[83.89977,21.87279],[83.89891,21.873],[83.8968,21.87452],[83.89516,21.87449],[83.89438,21.87621],[83.89346,21.88029]]]}},{"type":"Feature","properties":{"LCODE":"010162005000500022","LOCATION":"BELEIDHUDA","V_TYPE":"VILLAGE","BLOCK":"JHARSUGUDA","DISTRICT":"JHARSUGUDA"},"geometry":{"type":"Polygon","coordinates":[[[83.90806,21.87251],[83.90811,21.87285],[83.91,21.87357],[83.91079,21.87427],[83.91126,21.87531],[83.91142,21.87658],[83.91077,21.8795],[83.91102,21.88021],[83.91194,21.88033],[83.91549,21.87573],[83.91464,21.87508],[83.91344,21.87333],[83.9129,21.87235],[83.91255,21.87043],[83.912,21.87113],[83.91133,21.87118],[83.91084,21.871],[83.91074,21.86996],[83.91038,21.86967],[83.90912,21.86965],[83.90924,21.87166],[83.90806,21.87251]]]}},{"type":"Feature","properties":{"LCODE":"010162005000500020","LOCATION":"KATAPALI","V_TYPE":"VILLAGE","BLOCK":"JHARSUGUDA","DISTRICT":"JHARSUGUDA"},"geometry":{"type":"Polygon","coordinates":[[[83.91604,21.8647],[83.91669,21.8662],[83.91844,21.86749],[83.92493,21.86805],[83.92665,21.86848],[83.92719,21.86946],[83.92625,21.8706],[83.92691,21.8713],[83.92709,21.87193],[83.92751,21.8759],[83.92848,21.87632],[83.93039,21.87594],[83.93149,21.8763],[83.93282,21.87782],[83.9333,21.88016],[83.93519,21.87917],[83.93629,21.87907],[83.93667,21.87856],[83.93674,21.8777],[83.93597,21.87603],[83.93624,21.8746],[83.9359,21.87315],[83.93697,21.87162],[83.93755,21.86806],[83.93575,21.86712],[83.93303,21.86444],[83.92949,21.86335],[83.92764,21.86401],[83.92603,21.86525],[83.92319,21.86624],[83.92147,21.86622],[83.91873,21.86503],[83.91669,21.86264],[83.91604,21.8647]]]}},{"type":"Feature","properties":{"LCODE":"010190008000800081","LOCATION":"NIKTIMAL","V_TYPE":"VILLAGE","BLOCK":"LAIKERA","DISTRICT":"JHARSUGUDA"},"geometry":{"type":"Polygon","coordinates":[[[84.27517,21.84056],[84.27529,21.84137],[84.27645,21.84246],[84.27694,21.84332],[84.27724,21.84453],[84.27696,21.84798],[84.27987,21.84862],[84.28182,21.84965],[84.28275,21.85051],[84.28354,21.85189],[84.28568,21.85787],[84.28616,21.86299],[84.28597,21.86454],[84.28567,21.865],[84.28451,21.86558],[84.28139,21.8657],[84.28059,21.86621],[84.27908,21.86903],[84.28023,21.87053],[84.28157,21.87133],[84.2839,21.87208],[84.28365,21.87351],[84.28548,21.87472],[84.2842,21.87553],[84.28474,21.87708],[84.28484,21.8784],[84.28683,21.87788],[84.29025,21.87759],[84.29178,21.87799],[84.29233,21.87857],[84.29361,21.87903],[84.2963,21.87851],[84.30132,21.87621],[84.30456,21.87546],[84.30822,21.87517],[84.31008,21.87428],[84.30871,21.87137],[84.30859,21.86954],[84.30939,21.86844],[84.31055,21.86827],[84.31219,21.86735],[84.31519,21.86764],[84.31727,21.867],[84.32063,21.86809],[84.32295,21.86844],[84.32539,21.86792],[84.32849,21.86629],[84.32719,21.86293],[84.32706,21.86181],[84.32545,21.85665],[84.32526,21.85366],[84.32744,21.85098],[84.32919,21.84756],[84.32925,21.84488],[84.32881,21.84189],[84.32926,21.84058],[84.32913,21.8387],[84.32862,21.83741],[84.32563,21.83517],[84.32346,21.83274],[84.32208,21.83175],[84.3204,21.83125],[84.31599,21.82876],[84.31482,21.82757],[84.31401,21.82513],[84.31226,21.82533],[84.30457,21.82499],[84.30298,21.82637],[84.29937,21.83142],[84.29693,21.83349],[84.29436,21.83516],[84.29185,21.83643],[84.28806,21.83735],[84.28445,21.83867],[84.27749,21.83953],[84.27554,21.84005],[84.27517,21.84056]]]}},{"type":"Feature","properties":{"LCODE":"010190008000800084","LOCATION":"KANKMAL","V_TYPE":"VILLAGE","BLOCK":"LAIKERA","DISTRICT":"JHARSUGUDA"},"geometry":{"type":"Polygon","coordinates":[[[84.23059,21.86733],[84.23129,21.8683],[84.23186,21.87099],[84.23255,21.87207],[84.23281,21.87333],[84.23436,21.87457],[84.23449,21.87526],[84.23618,21.87782],[84.23638,21.87888],[84.24171,21.87834],[84.24336,21.87792],[84.24436,21.87818],[84.2455,21.87624],[84.24715,21.87485],[84.24776,21.87468],[84.24997,21.87506],[84.25186,21.87394],[84.2526,21.87313],[84.25431,21.86904],[84.25542,21.86749],[84.25761,21.86593],[84.2578,21.86467],[84.25737,21.86306],[84.25811,21.86079],[84.25536,21.85938],[84.25243,21.86047],[84.25175,21.85742],[84.25127,21.85644],[84.24744,21.8565],[84.24543,21.85717],[84.24113,21.86283],[84.23959,21.86364],[84.23794,21.86343],[84.23568,21.86494],[84.23218,21.86548],[84.23059,21.86733]]]}},{"type":"Feature","properties":{"LCODE":"010162005000500021","LOCATION":"BAGHRACHAKA","V_TYPE":"VILLAGE","BLOCK":"JHARSUGUDA","DISTRICT":"JHARSUGUDA"},"geometry":{"type":"Polygon","coordinates":[[[83.89856,21.86465],[83.90187,21.86477],[83.90633,21.86605],[83.91266,21.86896],[83.91302,21.86942],[83.91255,21.87043],[83.91267,21.87137],[83.91344,21.87333],[83.91525,21.87566],[83.91792,21.87685],[83.91915,21.87675],[83.9202,21.87619],[83.92186,21.87622],[83.92466,21.87775],[83.92764,21.87603],[83.92709,21.87193],[83.92691,21.8713],[83.92625,21.8706],[83.92632,21.87025],[83.92712,21.86969],[83.92707,21.86889],[83.92628,21.86824],[83.91979,21.86769],[83.91772,21.86714],[83.91615,21.86539],[83.91611,21.86395],[83.91669,21.86264],[83.91524,21.8613],[83.91431,21.8614],[83.91397,21.86346],[83.91303,21.8646],[83.908,21.8651],[83.90672,21.86485],[83.90513,21.86396],[83.90386,21.86285],[83.90307,21.86278],[83.90023,21.86349],[83.89856,21.86465]]]}},{"type":"Feature","properties":{"LCODE":"010200007000700005","LOCATION":"KELENDAMAL","V_TYPE":"VILLAGE","BLOCK":"KOLABIRA","DISTRICT":"JHARSUGUDA"},"geometry":{"type":"Polygon","coordinates":[[[84.10387,21.85577],[84.10412,21.8611],[84.11041,21.867],[84.11185,21.86934],[84.11321,21.87076],[84.11537,21.87143],[84.11833,21.87295],[84.12,21.87454],[84.12119,21.87677],[84.12212,21.87734],[84.12353,21.87755],[84.12444,21.8764],[84.12534,21.87415],[84.12901,21.86991],[84.12892,21.86827],[84.13045,21.86028],[84.13031,21.8581],[84.12788,21.85342],[84.12762,21.85267],[84.12792,21.85158],[84.12779,21.85101],[84.12667,21.84935],[84.12482,21.84794],[84.12243,21.84488],[84.11953,21.84752],[84.11813,21.84943],[84.11652,21.85518],[84.11597,21.85565],[84.11523,21.85583],[84.10854,21.85537],[84.10387,21.85577]]]}},{"type":"Feature","properties":{"LCODE":"010190007000700066","LOCATION":"GUDIGAON","V_TYPE":"VILLAGE","BLOCK":"KOLABIRA","DISTRICT":"JHARSUGUDA"},"geometry":{"type":"Polygon","coordinates":[[[84.07664,21.84578],[84.07679,21.84894],[84.07741,21.84933],[84.08017,21.8496],[84.08006,21.85092],[84.07776,21.85478],[84.07668,21.85789],[84.07668,21.8587],[84.07712,21.85944],[84.07823,21.86018],[84.07848,21.86098],[84.07759,21.86512],[84.07761,21.86816],[84.078,21.87011],[84.07863,21.87143],[84.07943,21.87234],[84.07944,21.87423],[84.07797,21.87712],[84.07812,21.87729],[84.08192,21.8761],[84.08657,21.87405],[84.08848,21.87409],[84.08952,21.87385],[84.09081,21.87309],[84.09525,21.868],[84.09696,21.86672],[84.10019,21.86354],[84.10412,21.8611],[84.10416,21.86057],[84.10368,21.85392],[84.10223,21.84974],[84.10094,21.84332],[84.09675,21.84813],[84.09583,21.84854],[84.09473,21.84855],[84.0922,21.84794],[84.09116,21.84818],[84.09011,21.8479],[84.08992,21.84693],[84.09028,21.84554],[84.08947,21.8433],[84.08817,21.84373],[84.08713,21.84345],[84.08416,21.84112],[84.08207,21.84045],[84.07703,21.84101],[84.07664,21.84578]]]}},{"type":"Feature","properties":{"LCODE":"010162005000500027","LOCATION":"NUAMUNDA","V_TYPE":"VILLAGE","BLOCK":"JHARSUGUDA","DISTRICT":"JHARSUGUDA"},"geometry":{"type":"Polygon","coordinates":[[[83.87493,21.87276],[83.87557,21.87472],[83.87532,21.87585],[83.87677,21.87646],[83.88027,21.876],[83.88225,21.8754],[83.88526,21.87312],[83.88438,21.87244],[83.88409,21.87111],[83.88367,21.87082],[83.88152,21.87102],[83.87923,21.8719],[83.87493,21.87276]]]}},{"type":"Feature","properties":{"LCODE":"010180005000500008","LOCATION":"BEHERAPAT","V_TYPE":"VILLAGE","BLOCK":"JHARSUGUDA","DISTRICT":"JHARSUGUDA"},"geometry":{"type":"Polygon","coordinates":[[[83.9837,21.86972],[83.98611,21.87098],[83.98695,21.87174],[83.99049,21.87346],[83.99193,21.87537],[83.99313,21.87615],[83.99371,21.87545],[83.99648,21.87458],[83.9974,21.87465],[83.9994,21.87543],[83.99985,21.87503],[84.00156,21.86915],[84.00183,21.86443],[84.00146,21.86329],[84.00023,21.86376],[83.99831,21.86313],[83.9978,21.86048],[83.99725,21.86024],[83.99492,21.86021],[83.99404,21.8618],[83.99299,21.86247],[83.98837,21.86361],[83.9875,21.86452],[83.98578,21.8681],[83.98373,21.86928],[83.9837,21.86972]]]}},{"type":"Feature","properties":{"LCODE":"010150006000600001","LOCATION":"UJALPUR (MOHANPUR)","V_TYPE":"VILLAGE","BLOCK":"LAKHANPUR","DISTRICT":"JHARSUGUDA"},"geometry":{"type":"Polygon","coordinates":[[[83.81142,21.85832],[83.81169,21.86024],[83.81243,21.86091],[83.8128,21.86432],[83.81409,21.86678],[83.81459,21.87246],[83.81535,21.87606],[83.81641,21.87608],[83.8228,21.87215],[83.82909,21.86919],[83.83341,21.86466],[83.82808,21.86332],[83.82438,21.8581],[83.82292,21.85697],[83.82215,21.85483],[83.81769,21.84923],[83.81676,21.8525],[83.81586,21.85367],[83.81456,21.85439],[83.81474,21.85478],[83.81425,21.85627],[83.81394,21.85662],[83.81256,21.85658],[83.81174,21.85697],[83.81142,21.85832]]]}},{"type":"Feature","properties":{"LCODE":"010200007000700009","LOCATION":"SINGHIMUNDA","V_TYPE":"VILLAGE","BLOCK":"KOLABIRA","DISTRICT":"JHARSUGUDA"},"geometry":{"type":"Polygon","coordinates":[[[84.14528,21.8669],[84.14911,21.87255],[84.15274,21.87488],[84.15454,21.87514],[84.15526,21.87301],[84.15522,21.86825],[84.15502,21.86676],[84.15356,21.86413],[84.14951,21.86211],[84.14816,21.86161],[84.14736,21.86167],[84.14712,21.86202],[84.14714,21.8646],[84.14528,21.8669]]]}},{"type":"Feature","properties":{"LCODE":"010200007000700007","LOCATION":"NUAPALI","V_TYPE":"VILLAGE","BLOCK":"KOLABIRA","DISTRICT":"JHARSUGUDA"},"geometry":{"type":"Polygon","coordinates":[[[84.13097,21.86876],[84.132,21.86898],[84.13256,21.86961],[84.13443,21.87275],[84.13585,21.87433],[84.1414,21.8693],[84.1455,21.86679],[84.14714,21.8646],[84.14712,21.86202],[84.14751,21.86165],[84.14727,21.85846],[84.14744,21.85714],[84.14963,21.8542],[84.15462,21.84899],[84.1567,21.848],[84.15694,21.84759],[84.15675,21.84628],[84.15637,21.84599],[84.1549,21.84589],[84.15147,21.84695],[84.14676,21.84981],[84.13892,21.85297],[84.13758,21.85327],[84.13673,21.85397],[84.136,21.85592],[84.13631,21.85673],[84.13646,21.85919],[84.13512,21.86012],[84.13359,21.86071],[84.13304,21.86134],[84.13207,21.86325],[84.13097,21.86876]]]}},{"type":"Feature","properties":{"LCODE":"010200007000700006","LOCATION":"RENGALPALI","V_TYPE":"VILLAGE","BLOCK":"KOLABIRA","DISTRICT":"JHARSUGUDA"},"geometry":{"type":"Polygon","coordinates":[[[84.12243,21.84488],[84.12482,21.84794],[84.12667,21.84935],[84.12779,21.85101],[84.12792,21.85158],[84.12762,21.85267],[84.12788,21.85342],[84.13031,21.8581],[84.13045,21.86028],[84.12892,21.86827],[84.12901,21.86991],[84.13097,21.86876],[84.13207,21.86325],[84.13304,21.86134],[84.13359,21.86071],[84.13512,21.86012],[84.13646,21.85919],[84.13631,21.85673],[84.136,21.85592],[84.13673,21.85397],[84.13758,21.85327],[84.13892,21.85297],[84.14676,21.84981],[84.14964,21.84823],[84.15055,21.8474],[84.14742,21.84848],[84.14662,21.84769],[84.14576,21.84752],[84.14556,21.84552],[84.14639,21.84178],[84.14575,21.84001],[84.14555,21.83812],[84.14524,21.8376],[84.14407,21.83715],[84.14137,21.83718],[84.13551,21.83653],[84.13303,21.83828],[84.13143,21.83864],[84.13057,21.83859],[84.12668,21.83708],[84.1247,21.84203],[84.12243,21.84488]]]}},{"type":"Feature","properties":{"LCODE":"010180005000500009","LOCATION":"MARAKUTA","V_TYPE":"VILLAGE","BLOCK":"JHARSUGUDA","DISTRICT":"JHARSUGUDA"},"geometry":{"type":"Polygon","coordinates":[[[83.95935,21.84903],[83.96231,21.85535],[83.96764,21.86301],[83.96848,21.86457],[83.96867,21.86564],[83.97276,21.86527],[83.97644,21.8655],[83.98127,21.86626],[83.98297,21.86726],[83.98363,21.86836],[83.98373,21.86928],[83.98578,21.8681],[83.9875,21.86452],[83.98877,21.8635],[83.98685,21.85877],[83.98587,21.85445],[83.98592,21.85146],[83.98492,21.84846],[83.98431,21.84438],[83.98096,21.83951],[83.98067,21.83818],[83.98076,21.83635],[83.97951,21.83319],[83.97903,21.83339],[83.97579,21.83248],[83.97462,21.83252],[83.97093,21.83361],[83.96886,21.83373],[83.96814,21.83558],[83.96872,21.83794],[83.96846,21.83845],[83.96616,21.84031],[83.96431,21.84114],[83.96195,21.843],[83.96063,21.84505],[83.95935,21.84903]]]}},{"type":"Feature","properties":{"LCODE":"010190008000800082","LOCATION":"SANDHURIAM","V_TYPE":"VILLAGE","BLOCK":"LAIKERA","DISTRICT":"JHARSUGUDA"},"geometry":{"type":"Polygon","coordinates":[[[84.26598,21.8538],[84.26667,21.85598],[84.26648,21.85805],[84.26764,21.86167],[84.2688,21.86426],[84.26942,21.86484],[84.26959,21.86599],[84.27076,21.86714],[84.27503,21.86898],[84.27834,21.86926],[84.27908,21.86903],[84.28059,21.86621],[84.28139,21.8657],[84.28451,21.86558],[84.28567,21.865],[84.28597,21.86454],[84.28616,21.86299],[84.28568,21.85787],[84.28317,21.8512],[84.2822,21.85],[84.28091,21.84908],[84.27889,21.84833],[84.27696,21.84798],[84.27651,21.8489],[84.27522,21.84965],[84.27296,21.84982],[84.26942,21.85069],[84.26746,21.85299],[84.26598,21.8538]]]}},{"type":"Feature","properties":{"LCODE":"010140006000600001","LOCATION":"GIRINDOLA","V_TYPE":"VILLAGE","BLOCK":"LAKHANPUR","DISTRICT":"JHARSUGUDA"},"geometry":{"type":"Polygon","coordinates":[[[83.76428,21.83682],[83.76833,21.83806],[83.7725,21.84219],[83.77652,21.84838],[83.78124,21.85343],[83.78413,21.85583],[83.78995,21.85955],[83.79327,21.86396],[83.79842,21.86779],[83.80025,21.86882],[83.80088,21.86877],[83.80128,21.86694],[83.80318,21.86491],[83.80556,21.86158],[83.8071,21.86065],[83.80803,21.85867],[83.8096,21.85646],[83.81297,21.85466],[83.81456,21.85439],[83.81586,21.85367],[83.81676,21.8525],[83.81734,21.85085],[83.8176,21.84954],[83.81483,21.84764],[83.81212,21.84467],[83.80903,21.84255],[83.80796,21.84046],[83.80693,21.83953],[83.80593,21.83721],[83.8053,21.8349],[83.8055,21.8337],[83.8065,21.83262],[83.8094,21.83095],[83.80869,21.83058],[83.80371,21.83108],[83.80279,21.83141],[83.79955,21.83372],[83.79888,21.83388],[83.79771,21.83369],[83.79639,21.83258],[83.79437,21.83191],[83.79315,21.83189],[83.79137,21.83233],[83.79026,21.83225],[83.7896,21.8319],[83.78823,21.8328],[83.78645,21.83317],[83.78239,21.83317],[83.78038,21.8329],[83.77884,21.83138],[83.77715,21.8313],[83.77494,21.83167],[83.76906,21.83486],[83.76428,21.83682]]]}},{"type":"Feature","properties":{"LCODE":"01017000500050town","LOCATION":"BRAJARAJNAGAR TOWN","V_TYPE":"TOWN","BLOCK":"JHARSUGUDA","DISTRICT":"JHARSUGUDA"},"geometry":{"type":"Polygon","coordinates":[[[83.88578,21.84017],[83.88594,21.84166],[83.88658,21.84357],[83.88685,21.84604],[83.88683,21.84702],[83.88655,21.84727],[83.88795,21.84968],[83.88897,21.85113],[83.89017,21.85224],[83.89545,21.85577],[83.89641,21.85739],[83.89659,21.85851],[83.89745,21.85764],[83.90035,21.8563],[83.90636,21.85617],[83.90948,21.8565],[83.91169,21.85699],[83.91345,21.85782],[83.91572,21.86159],[83.91807,21.86444],[83.92092,21.86609],[83.92319,21.86624],[83.92603,21.86525],[83.92764,21.86401],[83.92949,21.86335],[83.93303,21.86444],[83.93575,21.86712],[83.93782,21.86813],[83.94089,21.86812],[83.94437,21.86886],[83.94615,21.86854],[83.94961,21.86722],[83.95071,21.86726],[83.95189,21.85881],[83.95045,21.85259],[83.9502,21.84983],[83.94945,21.84649],[83.94646,21.8376],[83.9463,21.82852],[83.94482,21.81443],[83.9456,21.81117],[83.95069,21.80356],[83.95145,21.80162],[83.95197,21.79984],[83.95219,21.79767],[83.9521,21.79594],[83.95157,21.79473],[83.94916,21.79199],[83.94722,21.79064],[83.94417,21.78962],[83.93806,21.78865],[83.93562,21.78793],[83.93324,21.78703],[83.93087,21.78573],[83.92769,21.78337],[83.92487,21.78908],[83.92184,21.79115],[83.91723,21.79585],[83.9149,21.79541],[83.91263,21.79572],[83.90545,21.79997],[83.90379,21.8004],[83.89276,21.80005],[83.89165,21.80034],[83.89449,21.80307],[83.89545,21.8044],[83.89639,21.80677],[83.89659,21.80931],[83.89613,21.81114],[83.89526,21.81227],[83.89522,21.81457],[83.89662,21.82246],[83.89764,21.82409],[83.9004,21.82729],[83.90103,21.83023],[83.90095,21.83138],[83.90025,21.83298],[83.89863,21.8345],[83.89672,21.83482],[83.89357,21.83638],[83.88675,21.83736],[83.88581,21.8381],[83.88578,21.84017]]]}},{"type":"Feature","properties":{"LCODE":"010190007000700088","LOCATION":"SAHAJBAHAL","V_TYPE":"VILLAGE","BLOCK":"KOLABIRA","DISTRICT":"JHARSUGUDA"},"geometry":{"type":"Polygon","coordinates":[[[84.15329,21.86398],[84.15974,21.86466],[84.16268,21.86411],[84.16434,21.86421],[84.16539,21.86501],[84.16485,21.86645],[84.16516,21.86696],[84.16843,21.86876],[84.16985,21.86846],[84.1732,21.86598],[84.17042,21.8641],[84.1703,21.86364],[84.17126,21.86157],[84.17107,21.86088],[84.17075,21.86054],[84.16761,21.85948],[84.16662,21.85846],[84.1663,21.85697],[84.16654,21.85581],[84.1628,21.85683],[84.1617,21.85747],[84.16066,21.85834],[84.15867,21.86197],[84.15769,21.86278],[84.15652,21.86337],[84.15329,21.86398]]]}},{"type":"Feature","properties":{"LCODE":"010180005000500010","LOCATION":"BUDHIPADAR","V_TYPE":"VILLAGE","BLOCK":"JHARSUGUDA","DISTRICT":"JHARSUGUDA"},"geometry":{"type":"Polygon","coordinates":[[[83.94947,21.8466],[83.9502,21.84983],[83.95045,21.85259],[83.95189,21.85881],[83.95071,21.86726],[83.95426,21.86786],[83.95684,21.86767],[83.96867,21.86564],[83.96848,21.86457],[83.96764,21.86301],[83.96231,21.85535],[83.96095,21.85217],[83.95785,21.84644],[83.95694,21.84574],[83.95455,21.84547],[83.94947,21.8466]]]}},{"type":"Feature","properties":{"LCODE":"010190008000800086","LOCATION":"MURADIPALI","V_TYPE":"VILLAGE","BLOCK":"LAIKERA","DISTRICT":"JHARSUGUDA"},"geometry":{"type":"Polygon","coordinates":[[[84.17931,21.85513],[84.17932,21.85657],[84.18041,21.86172],[84.18011,21.86646],[84.18052,21.86699],[84.18132,21.86733],[84.18366,21.8677],[84.18452,21.8673],[84.18622,21.86533],[84.18946,21.86381],[84.19063,21.86369],[84.19459,21.86612],[84.19704,21.86661],[84.19864,21.86642],[84.1997,21.86597],[84.19997,21.86366],[84.20033,21.86291],[84.20251,21.86043],[84.20722,21.85763],[84.20819,21.85642],[84.20861,21.85544],[84.20866,21.85441],[84.20797,21.85264],[84.20561,21.85003],[84.20496,21.84892],[84.20395,21.8493],[84.20222,21.84925],[84.19694,21.84838],[84.19563,21.84719],[84.19494,21.84468],[84.19296,21.84372],[84.19086,21.84323],[84.1907,21.84477],[84.19028,21.84564],[84.18906,21.84674],[84.1863,21.84796],[84.18489,21.84803],[84.18269,21.84886],[84.18075,21.85163],[84.17931,21.85513]]]}},{"type":"Feature","properties":{"LCODE":"010190008000800089","LOCATION":"BHATAIDA","V_TYPE":"VILLAGE","BLOCK":"LAIKERA","DISTRICT":"JHARSUGUDA"},"geometry":{"type":"Polygon","coordinates":[[[84.19813,21.83179],[84.20426,21.83703],[84.20748,21.84021],[84.20211,21.84312],[84.20342,21.84558],[84.20515,21.84728],[84.20547,21.84808],[84.20496,21.84892],[84.20561,21.85003],[84.20813,21.85293],[84.21032,21.8536],[84.21236,21.85581],[84.21304,21.85603],[84.21629,21.85578],[84.21782,21.85485],[84.21973,21.85557],[84.22005,21.8566],[84.22116,21.85716],[84.22192,21.85847],[84.22414,21.85943],[84.22551,21.86228],[84.22787,21.86421],[84.22906,21.86649],[84.23059,21.86733],[84.23218,21.86548],[84.23568,21.86494],[84.23794,21.86343],[84.23959,21.86364],[84.24113,21.86283],[84.24543,21.85717],[84.24744,21.8565],[84.25127,21.85644],[84.25273,21.85397],[84.25478,21.85396],[84.25378,21.85293],[84.25146,21.8517],[84.24854,21.84907],[84.24754,21.84736],[84.24555,21.8452],[84.24303,21.8442],[84.23946,21.84354],[84.23637,21.84145],[84.23305,21.84131],[84.23071,21.84052],[84.2289,21.83836],[84.22796,21.83602],[84.22523,21.83393],[84.21452,21.83121],[84.20403,21.83125],[84.19813,21.83179]]]}},{"type":"Feature","properties":{"LCODE":"010190007000700087","LOCATION":"BUTUPALI","V_TYPE":"VILLAGE","BLOCK":"KOLABIRA","DISTRICT":"JHARSUGUDA"},"geometry":{"type":"Polygon","coordinates":[[[84.16621,21.85016],[84.16837,21.85426],[84.16758,21.85541],[84.16654,21.85581],[84.16643,21.85789],[84.16699,21.85903],[84.16761,21.85948],[84.17075,21.86054],[84.17107,21.86088],[84.17126,21.86157],[84.1703,21.86364],[84.17042,21.8641],[84.1732,21.86598],[84.17738,21.86599],[84.18011,21.86646],[84.18041,21.86172],[84.17932,21.85657],[84.17931,21.85513],[84.18147,21.85041],[84.18269,21.84886],[84.18391,21.84835],[84.18372,21.84804],[84.17912,21.8486],[84.1766,21.84776],[84.17439,21.84761],[84.16862,21.84921],[84.16621,21.85016]]]}},{"type":"Feature","properties":{"LCODE":"010162005000500028","LOCATION":"AMDARHA","V_TYPE":"VILLAGE","BLOCK":"JHARSUGUDA","DISTRICT":"JHARSUGUDA"},"geometry":{"type":"Polygon","coordinates":[[[83.87895,21.85587],[83.87901,21.8565],[83.88211,21.8616],[83.88412,21.86261],[83.88802,21.86382],[83.89296,21.86579],[83.8953,21.86502],[83.89856,21.86465],[83.89957,21.86393],[83.89761,21.8623],[83.8972,21.86154],[83.89668,21.85981],[83.89641,21.85739],[83.89545,21.85577],[83.89157,21.85336],[83.88957,21.85172],[83.88795,21.84968],[83.88655,21.84727],[83.88502,21.84752],[83.88348,21.84909],[83.88267,21.85006],[83.88008,21.85456],[83.87946,21.85495],[83.87895,21.85587]]]}},{"type":"Feature","properties":{"LCODE":"010170005000500001","LOCATION":"JUNANIMUNDA","V_TYPE":"VILLAGE","BLOCK":"JHARSUGUDA","DISTRICT":"JHARSUGUDA"},"geometry":{"type":"Polygon","coordinates":[[[83.89659,21.85851],[83.89684,21.86062],[83.89761,21.8623],[83.89957,21.86393],[83.9011,21.86315],[83.90307,21.86278],[83.90386,21.86285],[83.90513,21.86396],[83.90672,21.86485],[83.908,21.8651],[83.91303,21.8646],[83.91397,21.86346],[83.91431,21.8614],[83.91475,21.86118],[83.91563,21.86145],[83.91345,21.85782],[83.91169,21.85699],[83.90948,21.8565],[83.90636,21.85617],[83.90035,21.8563],[83.89745,21.85764],[83.89659,21.85851]]]}},{"type":"Feature","properties":{"LCODE":"010150006000600002","LOCATION":"ULAP","V_TYPE":"VILLAGE","BLOCK":"LAKHANPUR","DISTRICT":"JHARSUGUDA"},"geometry":{"type":"Polygon","coordinates":[[[83.81769,21.84923],[83.82215,21.85483],[83.82292,21.85697],[83.82438,21.8581],[83.82808,21.86332],[83.83341,21.86466],[83.83523,21.86291],[83.83708,21.86201],[83.83784,21.85737],[83.84206,21.85444],[83.84424,21.85258],[83.84529,21.85213],[83.84762,21.85217],[83.84773,21.85178],[83.84418,21.8467],[83.84143,21.84361],[83.83035,21.83541],[83.82559,21.83243],[83.82587,21.8332],[83.82574,21.83372],[83.82505,21.83429],[83.82197,21.83533],[83.82201,21.83608],[83.82355,21.83915],[83.82348,21.84036],[83.82213,21.84356],[83.81769,21.84923]]]}},{"type":"Feature","properties":{"LCODE":"010200007000700010","LOCATION":"SINGIBAHAL","V_TYPE":"VILLAGE","BLOCK":"KOLABIRA","DISTRICT":"JHARSUGUDA"},"geometry":{"type":"Polygon","coordinates":[[[84.14727,21.85846],[84.14751,21.86165],[84.14816,21.86161],[84.14951,21.86211],[84.15329,21.86398],[84.1553,21.86366],[84.15652,21.86337],[84.15842,21.86226],[84.15975,21.85967],[84.16066,21.85834],[84.1617,21.85747],[84.1628,21.85683],[84.16758,21.85541],[84.16837,21.85426],[84.16592,21.84969],[84.16173,21.84721],[84.15999,21.84408],[84.15672,21.84626],[84.15694,21.84759],[84.1567,21.848],[84.15462,21.84899],[84.14963,21.8542],[84.14744,21.85714],[84.14727,21.85846]]]}},{"type":"Feature","properties":{"LCODE":"010200007000700033","LOCATION":"PANDKIMAL(J)","V_TYPE":"VILLAGE","BLOCK":"KOLABIRA","DISTRICT":"JHARSUGUDA"},"geometry":{"type":"Polygon","coordinates":[[[84.25127,21.85644],[84.25175,21.85742],[84.25243,21.86047],[84.25536,21.85938],[84.25817,21.86082],[84.25933,21.85782],[84.25982,21.85736],[84.26465,21.85736],[84.26667,21.85667],[84.26649,21.85506],[84.26598,21.8538],[84.26746,21.85299],[84.26875,21.85121],[84.26997,21.85046],[84.27522,21.84965],[84.27651,21.8489],[84.277,21.84781],[84.27724,21.84453],[84.27694,21.84332],[84.27524,21.84122],[84.27126,21.83936],[84.26881,21.8378],[84.26778,21.8378],[84.26148,21.83648],[84.26008,21.83677],[84.25874,21.83786],[84.25886,21.8389],[84.26032,21.84206],[84.25964,21.84402],[84.25952,21.84563],[84.26079,21.85085],[84.26038,21.85161],[84.25689,21.85213],[84.25652,21.85132],[84.25573,21.85138],[84.25518,21.8538],[84.25273,21.85397],[84.25127,21.85644]]]}},{"type":"Feature","properties":{"LCODE":"010200007000700001","LOCATION":"KELENDA","V_TYPE":"VILLAGE","BLOCK":"KOLABIRA","DISTRICT":"JHARSUGUDA"},"geometry":{"type":"Polygon","coordinates":[[[84.10094,21.84332],[84.10223,21.84974],[84.10336,21.85255],[84.10387,21.85577],[84.10854,21.85537],[84.11523,21.85583],[84.11597,21.85565],[84.11652,21.85518],[84.11813,21.84943],[84.11953,21.84752],[84.12243,21.84488],[84.11967,21.84311],[84.1172,21.8406],[84.11485,21.83948],[84.11039,21.83535],[84.11085,21.83739],[84.10527,21.83921],[84.10094,21.84332]]]}},{"type":"Feature","properties":{"LCODE":"010190007000700090","LOCATION":"JHIRLAPALI","V_TYPE":"VILLAGE","BLOCK":"KOLABIRA","DISTRICT":"JHARSUGUDA"},"geometry":{"type":"Polygon","coordinates":[[[84.1839,21.83185],[84.18476,21.83371],[84.18577,21.83484],[84.18587,21.83438],[84.18734,21.83334],[84.18961,21.83355],[84.19507,21.83293],[84.19832,21.8317],[84.20016,21.83174],[84.20403,21.83125],[84.21164,21.83112],[84.21452,21.83121],[84.21661,21.8316],[84.22265,21.83315],[84.22617,21.83443],[84.22796,21.83602],[84.2289,21.83836],[84.23071,21.84052],[84.23305,21.84131],[84.23637,21.84145],[84.23946,21.84354],[84.24303,21.8442],[84.24555,21.8452],[84.24754,21.84736],[84.24854,21.84907],[84.25146,21.8517],[84.25378,21.85293],[84.25478,21.85396],[84.25518,21.8538],[84.25573,21.85138],[84.25652,21.85132],[84.25689,21.85213],[84.26038,21.85161],[84.26079,21.85085],[84.25952,21.84563],[84.25964,21.84402],[84.26032,21.84206],[84.2602,21.84154],[84.25884,21.83879],[84.25727,21.83844],[84.25623,21.83769],[84.25586,21.83688],[84.25587,21.83539],[84.25544,21.83493],[84.25421,21.83452],[84.25379,21.8328],[84.25238,21.83153],[84.25178,21.83009],[84.25184,21.82814],[84.25129,21.82687],[84.24989,21.82617],[84.2493,21.82662],[84.2482,21.82686],[84.24603,21.82562],[84.24444,21.82557],[84.2424,21.8245],[84.24142,21.82439],[84.24055,21.82372],[84.24012,21.82372],[84.23957,21.82424],[84.23806,21.82643],[84.23751,21.82649],[84.23689,21.82627],[84.23398,21.82389],[84.23189,21.82362],[84.23133,21.82316],[84.23105,21.822],[84.23065,21.82265],[84.22998,21.82277],[84.22723,21.82246],[84.22521,21.82505],[84.22419,21.82701],[84.22363,21.82718],[84.22166,21.82691],[84.22063,21.82801],[84.21991,21.82933],[84.21893,21.82888],[84.21767,21.82666],[84.21693,21.82661],[84.21588,21.82564],[84.21465,21.8252],[84.21059,21.82443],[84.20899,21.82444],[84.20788,21.82342],[84.20714,21.82331],[84.20175,21.82496],[84.19936,21.82504],[84.19572,21.82312],[84.19509,21.82204],[84.19262,21.82051],[84.1906,21.82116],[84.18773,21.82296],[84.18502,21.82854],[84.1839,21.83185]]]}},{"type":"Feature","properties":{"LCODE":"010180005000500016","LOCATION":"PURNA","V_TYPE":"VILLAGE","BLOCK":"JHARSUGUDA","DISTRICT":"JHARSUGUDA"},"geometry":{"type":"Polygon","coordinates":[[[84.04903,21.84773],[84.05186,21.84967],[84.05502,21.85292],[84.05838,21.85122],[84.06339,21.84802],[84.06627,21.84696],[84.06834,21.84551],[84.07136,21.84514],[84.07202,21.84456],[84.07266,21.84335],[84.07121,21.84313],[84.06403,21.84382],[84.05894,21.84358],[84.0536,21.8442],[84.05139,21.84566],[84.04903,21.84773]]]}},{"type":"Feature","properties":{"LCODE":"010180005000500014","LOCATION":"PANDRIPATHAR","V_TYPE":"VILLAGE","BLOCK":"JHARSUGUDA","DISTRICT":"JHARSUGUDA"},"geometry":{"type":"Polygon","coordinates":[[[83.97951,21.83319],[83.98076,21.83635],[83.98067,21.83818],[83.98096,21.83951],[83.98431,21.84438],[83.98492,21.84846],[83.98593,21.85198],[83.98873,21.85185],[83.99299,21.85042],[83.99778,21.84992],[83.99975,21.84929],[84.00069,21.84787],[84.00152,21.8457],[84.00157,21.84386],[84.00258,21.83948],[84.00269,21.83821],[84.00224,21.83517],[84.00155,21.83459],[83.99935,21.83302],[83.98756,21.83301],[83.98512,21.83171],[83.98235,21.83068],[83.98231,21.83138],[83.98193,21.83195],[83.97951,21.83319]]]}},{"type":"Feature","properties":{"LCODE":"010150006000600003","LOCATION":"LIAKHAI","V_TYPE":"VILLAGE","BLOCK":"LAKHANPUR","DISTRICT":"JHARSUGUDA"},"geometry":{"type":"Polygon","coordinates":[[[83.83607,21.83958],[83.84143,21.84361],[83.84418,21.8467],[83.84773,21.85178],[83.84805,21.84873],[83.84788,21.84769],[83.84904,21.84443],[83.84992,21.84301],[83.85468,21.84055],[83.86372,21.83721],[83.86311,21.83631],[83.8535,21.82924],[83.8522,21.82728],[83.85233,21.82528],[83.84985,21.81937],[83.84858,21.81552],[83.84551,21.82345],[83.84438,21.82779],[83.84319,21.82981],[83.84041,21.83203],[83.83961,21.83553],[83.83607,21.83958]]]}},{"type":"Feature","properties":{"LCODE":"010200007000700011","LOCATION":"PAIKPADA","V_TYPE":"VILLAGE","BLOCK":"KOLABIRA","DISTRICT":"JHARSUGUDA"},"geometry":{"type":"Polygon","coordinates":[[[84.15999,21.84408],[84.16173,21.84721],[84.16592,21.84969],[84.16621,21.85016],[84.16862,21.84921],[84.17439,21.84761],[84.1766,21.84776],[84.17912,21.8486],[84.18336,21.84793],[84.18391,21.84835],[84.1863,21.84796],[84.18906,21.84674],[84.19028,21.84564],[84.1907,21.84477],[84.19086,21.84305],[84.18763,21.83861],[84.18607,21.8361],[84.18577,21.83484],[84.18476,21.83371],[84.18407,21.83205],[84.18183,21.82943],[84.18008,21.82624],[84.17891,21.82493],[84.17545,21.82341],[84.17296,21.82286],[84.17252,21.82498],[84.17191,21.82579],[84.17106,21.82586],[84.17092,21.82471],[84.17074,21.82442],[84.17024,21.82454],[84.16941,21.8273],[84.16892,21.82776],[84.1658,21.82911],[84.16476,21.82998],[84.16404,21.83113],[84.16315,21.83441],[84.16177,21.83757],[84.16118,21.84056],[84.15999,21.84408]]]}},{"type":"Feature","properties":{"LCODE":"010140006000600002","LOCATION":"CHAURIMAHUL","V_TYPE":"VILLAGE","BLOCK":"LAKHANPUR","DISTRICT":"JHARSUGUDA"},"geometry":{"type":"Polygon","coordinates":[[[83.8053,21.8349],[83.80564,21.83646],[83.80693,21.83953],[83.80796,21.84046],[83.80903,21.84255],[83.81212,21.84467],[83.81483,21.84764],[83.8176,21.84954],[83.81912,21.84725],[83.821,21.84526],[83.82283,21.84225],[83.82348,21.84036],[83.82355,21.83915],[83.8219,21.83573],[83.82197,21.83533],[83.82307,21.83512],[83.82361,21.83485],[83.82346,21.83466],[83.82217,21.83418],[83.81745,21.83411],[83.81311,21.83358],[83.81201,21.83305],[83.81008,21.83118],[83.8093,21.83094],[83.80588,21.83318],[83.8055,21.8337],[83.8053,21.8349]]]}},{"type":"Feature","properties":{"LCODE":"01019000700070rf","LOCATION":"RF","V_TYPE":"FOREST","BLOCK":"KOLABIRA","DISTRICT":"JHARSUGUDA"},"geometry":{"type":"Polygon","coordinates":[[[84.18569,21.83513],[84.18763,21.83861],[84.1898,21.84134],[84.19086,21.84323],[84.19296,21.84372],[84.19494,21.84468],[84.19563,21.84719],[84.19626,21.84799],[84.19694,21.84838],[84.20222,21.84925],[84.20395,21.8493],[84.20505,21.84889],[84.20547,21.84808],[84.20515,21.84728],[84.20342,21.84558],[84.20211,21.84312],[84.20748,21.84021],[84.20426,21.83703],[84.19813,21.83179],[84.19507,21.83293],[84.18961,21.83355],[84.18734,21.83334],[84.18587,21.83438],[84.18569,21.83513]]]}},{"type":"Feature","properties":{"LCODE":"010180005000500011","LOCATION":"JAMERA","V_TYPE":"VILLAGE","BLOCK":"JHARSUGUDA","DISTRICT":"JHARSUGUDA"},"geometry":{"type":"Polygon","coordinates":[[[83.94626,21.83151],[83.94646,21.8376],[83.94947,21.8466],[83.95314,21.84562],[83.95566,21.84549],[83.95694,21.84574],[83.95785,21.84644],[83.95935,21.84903],[83.96063,21.84505],[83.96195,21.843],[83.96431,21.84114],[83.96616,21.84031],[83.96846,21.83845],[83.96872,21.83794],[83.96814,21.83558],[83.96884,21.83393],[83.96891,21.83335],[83.96849,21.83289],[83.96555,21.83238],[83.96251,21.83119],[83.96105,21.83042],[83.96044,21.82976],[83.95948,21.83257],[83.95818,21.83307],[83.9553,21.8332],[83.9516,21.83084],[83.94861,21.82988],[83.94629,21.82973],[83.94626,21.83151]]]}},{"type":"Feature","properties":{"LCODE":"01020000700070rf","LOCATION":"RF","V_TYPE":"FOREST","BLOCK":"KOLABIRA","DISTRICT":"JHARSUGUDA"},"geometry":{"type":"Polygon","coordinates":[[[84.08732,21.83673],[84.08739,21.83788],[84.08914,21.84171],[84.09028,21.84554],[84.08992,21.84693],[84.09011,21.8479],[84.09116,21.84818],[84.0922,21.84794],[84.09473,21.84855],[84.09583,21.84854],[84.09675,21.84813],[84.10168,21.84246],[84.10527,21.83921],[84.11085,21.83739],[84.10983,21.83315],[84.1088,21.82679],[84.10781,21.82668],[84.10603,21.82756],[84.10523,21.82688],[84.10423,21.82419],[84.10329,21.82276],[84.09991,21.8213],[84.09978,21.82101],[84.10049,21.81837],[84.10243,21.81462],[84.10321,21.81203],[84.10355,21.80939],[84.10457,21.80553],[84.10438,21.80507],[84.10352,21.8052],[84.10168,21.80647],[84.10034,21.80683],[84.09972,21.80678],[84.09812,21.80553],[84.09744,21.80582],[84.09612,21.80784],[84.09479,21.81072],[84.09431,21.81251],[84.09433,21.81515],[84.09484,21.81767],[84.09572,21.81978],[84.09814,21.82326],[84.09625,21.82523],[84.09559,21.82679],[84.09512,21.82926],[84.08962,21.83298],[84.0884,21.83442],[84.08732,21.83673]]]}},{"type":"Feature","properties":{"LCODE":"010200007000700013","LOCATION":"RAGHUNATHPALI","V_TYPE":"VILLAGE","BLOCK":"KOLABIRA","DISTRICT":"JHARSUGUDA"},"geometry":{"type":"Polygon","coordinates":[[[84.13189,21.83479],[84.13202,21.83565],[84.13245,21.83599],[84.13392,21.83512],[84.1349,21.83551],[84.1354,21.83597],[84.13551,21.83653],[84.14137,21.83718],[84.14407,21.83715],[84.14524,21.8376],[84.14639,21.84178],[84.14579,21.84408],[84.14557,21.84666],[84.14576,21.84752],[84.14662,21.84769],[84.14742,21.84848],[84.15404,21.84601],[84.15582,21.84588],[84.15672,21.84626],[84.15742,21.84593],[84.16016,21.8439],[84.16212,21.83648],[84.16315,21.83441],[84.16404,21.83113],[84.16476,21.82998],[84.1658,21.82911],[84.16892,21.82776],[84.16941,21.8273],[84.17024,21.82454],[84.17074,21.82442],[84.17087,21.82551],[84.17142,21.82597],[84.17191,21.82579],[84.17252,21.82498],[84.17296,21.82286],[84.16985,21.82185],[84.16892,21.82129],[84.16855,21.82037],[84.16842,21.81923],[84.16877,21.81802],[84.17065,21.81571],[84.17095,21.81485],[84.17063,21.8133],[84.16933,21.81199],[84.16514,21.81002],[84.16434,21.8094],[84.16371,21.80843],[84.16396,21.80762],[84.16456,21.80705],[84.16473,21.80618],[84.16165,21.80472],[84.15344,21.79934],[84.15281,21.79851],[84.15166,21.79941],[84.1507,21.80143],[84.15062,21.80665],[84.14937,21.81101],[84.14895,21.81194],[84.14807,21.81279],[84.15039,21.81559],[84.15053,21.81708],[84.1492,21.81939],[84.14896,21.82037],[84.14677,21.82239],[84.14389,21.82345],[84.14304,21.82409],[84.14085,21.82686],[84.13628,21.83103],[84.13493,21.83127],[84.13425,21.8304],[84.13248,21.83123],[84.13205,21.83198],[84.13189,21.83479]]]}},{"type":"Feature","properties":{"LCODE":"010130006000600008","LOCATION":"TENGANAMAL","V_TYPE":"VILLAGE","BLOCK":"LAKHANPUR","DISTRICT":"JHARSUGUDA"},"geometry":{"type":"Polygon","coordinates":[[[83.60986,21.83372],[83.61048,21.83514],[83.61208,21.83722],[83.61109,21.84122],[83.61112,21.84532],[83.61391,21.8461],[83.61626,21.84636],[83.61955,21.84641],[83.62125,21.8461],[83.62498,21.84795],[83.62782,21.84686],[83.63004,21.84498],[83.6284,21.84004],[83.62846,21.83916],[83.63145,21.83328],[83.6253,21.83287],[83.62155,21.83161],[83.61566,21.83418],[83.61363,21.83378],[83.60986,21.83372]]]}},{"type":"Feature","properties":{"LCODE":"010180005000500015","LOCATION":"DALKI","V_TYPE":"VILLAGE","BLOCK":"JHARSUGUDA","DISTRICT":"JHARSUGUDA"},"geometry":{"type":"Polygon","coordinates":[[[84.04369,21.84165],[84.04394,21.84251],[84.04518,21.84428],[84.04903,21.84773],[84.05139,21.84566],[84.0536,21.8442],[84.05894,21.84358],[84.06403,21.84382],[84.07121,21.84313],[84.07343,21.84357],[84.07577,21.84361],[84.07687,21.84325],[84.07703,21.84101],[84.07293,21.84191],[84.07169,21.84129],[84.06947,21.84079],[84.06819,21.8408],[84.06715,21.84144],[84.06654,21.84151],[84.06038,21.83989],[84.05846,21.8387],[84.05772,21.83699],[84.05765,21.83573],[84.05822,21.83148],[84.05669,21.83022],[84.05491,21.83064],[84.05312,21.83008],[84.0514,21.83009],[84.04847,21.83201],[84.04713,21.8334],[84.04659,21.83479],[84.04422,21.83854],[84.04374,21.84004],[84.04369,21.84165]]]}},{"type":"Feature","properties":{"LCODE":"010161006000600035","LOCATION":"CHHUALIBERNA(KHUKELMAL)","V_TYPE":"VILLAGE","BLOCK":"LAKHANPUR","DISTRICT":"JHARSUGUDA"},"geometry":{"type":"Polygon","coordinates":[[[83.87093,21.8189],[83.87145,21.82058],[83.87282,21.82318],[83.87617,21.82824],[83.87638,21.83008],[83.87574,21.83553],[83.87561,21.83576],[83.87346,21.83613],[83.87108,21.83767],[83.87164,21.83868],[83.8712,21.83942],[83.8713,21.84069],[83.87157,21.84111],[83.87348,21.8421],[83.87765,21.84222],[83.87875,21.8427],[83.88188,21.84585],[83.88425,21.84733],[83.88633,21.84747],[83.88683,21.84702],[83.88658,21.84357],[83.88594,21.84166],[83.88581,21.8381],[83.88675,21.83736],[83.89455,21.83605],[83.89598,21.83509],[83.89906,21.83428],[83.90025,21.83298],[83.90095,21.83138],[83.90103,21.83023],[83.90063,21.82793],[83.89986,21.82642],[83.89764,21.82409],[83.89662,21.82246],[83.89522,21.81457],[83.89526,21.81222],[83.89114,21.81249],[83.88441,21.81239],[83.88383,21.81197],[83.88005,21.81255],[83.87585,21.8145],[83.87112,21.81816],[83.87093,21.8189]]]}},{"type":"Feature","properties":{"LCODE":"010200007000700004","LOCATION":"JAMMAL(KULTA)","V_TYPE":"VILLAGE","BLOCK":"KOLABIRA","DISTRICT":"JHARSUGUDA"},"geometry":{"type":"Polygon","coordinates":[[[84.1144,21.83906],[84.1172,21.8406],[84.11967,21.84311],[84.12243,21.84488],[84.1247,21.84203],[84.12669,21.83713],[84.12619,21.83605],[84.12311,21.8347],[84.12045,21.83214],[84.11865,21.83106],[84.11816,21.83107],[84.11591,21.83344],[84.11618,21.83619],[84.1144,21.83906]]]}},{"type":"Feature","properties":{"LCODE":"010200007000700002","LOCATION":"SIRIAPALI","V_TYPE":"VILLAGE","BLOCK":"KOLABIRA","DISTRICT":"JHARSUGUDA"},"geometry":{"type":"Polygon","coordinates":[[[84.06788,21.81674],[84.06802,21.82002],[84.06847,21.82122],[84.07109,21.82694],[84.07283,21.82933],[84.07497,21.83603],[84.07635,21.83947],[84.07703,21.84044],[84.07703,21.84101],[84.08207,21.84045],[84.08311,21.84061],[84.08416,21.84112],[84.08713,21.84345],[84.08817,21.84373],[84.08947,21.8433],[84.08914,21.84171],[84.08739,21.83788],[84.08732,21.83673],[84.0884,21.83442],[84.08962,21.83298],[84.09512,21.82926],[84.09559,21.82679],[84.09625,21.82523],[84.09814,21.82326],[84.09572,21.81978],[84.09484,21.81767],[84.09433,21.81515],[84.09431,21.81251],[84.09479,21.81072],[84.09656,21.80717],[84.09494,21.80751],[84.0922,21.80971],[84.09109,21.81012],[84.089,21.81002],[84.08826,21.80957],[84.08745,21.80855],[84.08527,21.81109],[84.08197,21.81261],[84.06921,21.81386],[84.06799,21.81554],[84.06788,21.81674]]]}},{"type":"Feature","properties":{"LCODE":"010180005000500017","LOCATION":"KUMURAPALI","V_TYPE":"VILLAGE","BLOCK":"JHARSUGUDA","DISTRICT":"JHARSUGUDA"},"geometry":{"type":"Polygon","coordinates":[[[84.05765,21.83573],[84.05797,21.83796],[84.05927,21.83939],[84.06469,21.84118],[84.06654,21.84151],[84.06715,21.84144],[84.06819,21.8408],[84.06947,21.84079],[84.07169,21.84129],[84.07293,21.84191],[84.07703,21.84101],[84.07703,21.84044],[84.07635,21.83947],[84.07497,21.83603],[84.07283,21.82933],[84.07109,21.82694],[84.06881,21.82189],[84.06773,21.82226],[84.06396,21.82556],[84.06128,21.82863],[84.06037,21.83071],[84.05946,21.83186],[84.0586,21.83187],[84.05822,21.83148],[84.05765,21.83573]]]}},{"type":"Feature","properties":{"LCODE":"010200007000700032","LOCATION":"LUDUNG","V_TYPE":"VILLAGE","BLOCK":"KOLABIRA","DISTRICT":"JHARSUGUDA"},"geometry":{"type":"Polygon","coordinates":[[[84.26687,21.81527],[84.26761,21.816],[84.26846,21.81761],[84.26944,21.8213],[84.26888,21.82774],[84.26961,21.83642],[84.26875,21.8378],[84.27126,21.83936],[84.27524,21.84122],[84.27517,21.84056],[84.27554,21.84005],[84.27749,21.83953],[84.28445,21.83867],[84.28806,21.83735],[84.29185,21.83643],[84.29436,21.83516],[84.29693,21.83349],[84.29937,21.83142],[84.30383,21.82539],[84.30457,21.82499],[84.30586,21.82494],[84.30438,21.82384],[84.30261,21.82355],[84.29247,21.8236],[84.29021,21.82447],[84.28874,21.82435],[84.28862,21.81952],[84.28777,21.81803],[84.28716,21.81578],[84.28899,21.81136],[84.2907,21.80946],[84.29034,21.80733],[84.29052,21.80503],[84.28979,21.80463],[84.28808,21.80497],[84.28447,21.80417],[84.28093,21.80497],[84.27946,21.80618],[84.27849,21.80652],[84.27671,21.80577],[84.27579,21.80502],[84.27283,21.805],[84.27293,21.80657],[84.27225,21.80882],[84.27122,21.81014],[84.26932,21.81042],[84.26907,21.8125],[84.26687,21.81527]]]}},{"type":"Feature","properties":{"LCODE":"010130006000600001","LOCATION":"KATAPALI","V_TYPE":"VILLAGE","BLOCK":"LAKHANPUR","DISTRICT":"JHARSUGUDA"},"geometry":{"type":"Polygon","coordinates":[[[83.53249,21.82676],[83.53273,21.8287],[83.53391,21.83048],[83.53855,21.83377],[83.542,21.83672],[83.54376,21.83768],[83.54854,21.83802],[83.55099,21.83942],[83.5541,21.83997],[83.55589,21.83961],[83.56274,21.83717],[83.56476,21.83688],[83.56613,21.83601],[83.56575,21.83378],[83.56348,21.83096],[83.56287,21.82814],[83.56231,21.82751],[83.56016,21.82693],[83.55672,21.82675],[83.55433,21.82577],[83.55089,21.82341],[83.54911,21.82146],[83.54865,21.82016],[83.54653,21.81932],[83.54536,21.81921],[83.54291,21.82018],[83.54181,21.82026],[83.5419,21.82093],[83.54161,21.82142],[83.53694,21.82419],[83.53381,21.82487],[83.53316,21.82538],[83.53249,21.82676]]]}},{"type":"Feature","properties":{"LCODE":"010150006000600004","LOCATION":"DHAURAMUNDA","V_TYPE":"VILLAGE","BLOCK":"LAKHANPUR","DISTRICT":"JHARSUGUDA"},"geometry":{"type":"Polygon","coordinates":[[[83.82545,21.83211],[83.82556,21.83242],[83.82782,21.83365],[83.83607,21.83958],[83.83961,21.83553],[83.84041,21.83203],[83.84319,21.82981],[83.84438,21.82779],[83.84551,21.82345],[83.84858,21.81552],[83.84849,21.81525],[83.84182,21.81177],[83.83708,21.80757],[83.8345,21.80229],[83.83424,21.80263],[83.83273,21.80203],[83.83241,21.8022],[83.83193,21.80521],[83.83216,21.8061],[83.83289,21.8068],[83.83288,21.80715],[83.83117,21.81023],[83.82932,21.81457],[83.82973,21.8159],[83.82854,21.81738],[83.82849,21.8199],[83.82614,21.8247],[83.82554,21.82751],[83.82574,21.82987],[83.82545,21.83211]]]}},{"type":"Feature","properties":{"LCODE":"010200007000700003","LOCATION":"KHUNAPALI","V_TYPE":"VILLAGE","BLOCK":"KOLABIRA","DISTRICT":"JHARSUGUDA"},"geometry":{"type":"Polygon","coordinates":[[[84.10946,21.8311],[84.11039,21.83535],[84.1144,21.83906],[84.11618,21.83619],[84.11591,21.83344],[84.11816,21.83107],[84.11865,21.83106],[84.12045,21.83214],[84.12311,21.8347],[84.12619,21.83605],[84.12668,21.83708],[84.13057,21.83859],[84.13217,21.83858],[84.13303,21.83828],[84.13541,21.83677],[84.13559,21.83637],[84.13454,21.83523],[84.13392,21.83512],[84.13245,21.83599],[84.13202,21.83565],[84.13205,21.83198],[84.13248,21.83123],[84.13425,21.8304],[84.13336,21.82692],[84.1328,21.82584],[84.13161,21.82418],[84.12958,21.8226],[84.12545,21.82275],[84.11941,21.82526],[84.11812,21.82556],[84.11694,21.82534],[84.11402,21.82801],[84.10946,21.8311]]]}},{"type":"Feature","properties":{"LCODE":"010190007000700091","LOCATION":"PUKHRASALE","V_TYPE":"VILLAGE","BLOCK":"KOLABIRA","DISTRICT":"JHARSUGUDA"},"geometry":{"type":"Polygon","coordinates":[[[84.23105,21.822],[84.23133,21.82316],[84.23189,21.82362],[84.23398,21.82389],[84.23689,21.82627],[84.23751,21.82649],[84.23806,21.82643],[84.23957,21.82424],[84.24012,21.82372],[84.24055,21.82372],[84.24142,21.82439],[84.2424,21.8245],[84.24444,21.82557],[84.24603,21.82562],[84.2482,21.82686],[84.2493,21.82662],[84.24989,21.82617],[84.25069,21.82644],[84.25129,21.82687],[84.25184,21.82814],[84.25178,21.83009],[84.25238,21.83153],[84.25379,21.8328],[84.25421,21.83452],[84.25544,21.83493],[84.25587,21.83539],[84.25592,21.83717],[84.25727,21.83844],[84.25884,21.83879],[84.25874,21.83786],[84.26008,21.83677],[84.26148,21.83648],[84.26778,21.8378],[84.26875,21.8378],[84.26942,21.837],[84.26955,21.83366],[84.26888,21.82659],[84.26944,21.8213],[84.26846,21.81761],[84.26761,21.816],[84.26559,21.81433],[84.26156,21.81376],[84.26113,21.81284],[84.26113,21.81146],[84.2604,21.81071],[84.25942,21.81019],[84.25576,21.80961],[84.25234,21.80863],[84.25167,21.80754],[84.25167,21.80662],[84.2521,21.80564],[84.25332,21.80426],[84.25344,21.80322],[84.25265,21.8015],[84.25179,21.80069],[84.24969,21.80054],[84.24488,21.80232],[84.23408,21.8091],[84.23386,21.81106],[84.23444,21.81489],[84.23421,21.81632],[84.23282,21.81845],[84.23105,21.822]]]}},{"type":"Feature","properties":{"LCODE":"01015000600060town","LOCATION":"BELAPAHAR TOWN","V_TYPE":"TOWN","BLOCK":"LAKHANPUR","DISTRICT":"JHARSUGUDA"},"geometry":{"type":"Polygon","coordinates":[[[83.84499,21.78015],[83.84557,21.7824],[83.84528,21.78343],[83.84736,21.78569],[83.85107,21.79166],[83.8545,21.79373],[83.85635,21.79634],[83.8573,21.79864],[83.85744,21.81041],[83.85499,21.81196],[83.85252,21.81251],[83.84849,21.81525],[83.84985,21.81937],[83.85233,21.82528],[83.8522,21.82728],[83.8535,21.82924],[83.86311,21.83631],[83.86372,21.83721],[83.86536,21.83669],[83.86909,21.83692],[83.87108,21.83767],[83.87408,21.83585],[83.87561,21.83576],[83.87638,21.83008],[83.87617,21.82824],[83.87282,21.82318],[83.87145,21.82058],[83.87093,21.8189],[83.87112,21.81816],[83.87585,21.8145],[83.87764,21.81349],[83.88005,21.81255],[83.88383,21.81197],[83.88383,21.81008],[83.88315,21.8068],[83.88046,21.80279],[83.87769,21.8001],[83.87763,21.79947],[83.87834,21.79729],[83.882,21.79091],[83.88729,21.78629],[83.88954,21.78351],[83.88999,21.78225],[83.88999,21.77892],[83.89082,21.77652],[83.89202,21.7747],[83.89363,21.7699],[83.89519,21.76855],[83.90026,21.76558],[83.90089,21.76603],[83.90054,21.76352],[83.90018,21.76317],[83.89625,21.76345],[83.89449,21.76284],[83.89143,21.76596],[83.88622,21.76984],[83.88547,21.77074],[83.88512,21.77367],[83.88486,21.77389],[83.88438,21.77394],[83.88286,21.77311],[83.8824,21.77104],[83.88181,21.77005],[83.88059,21.76911],[83.88004,21.76916],[83.87966,21.77002],[83.87897,21.77052],[83.87648,21.76979],[83.87518,21.77012],[83.87363,21.77118],[83.87207,21.773],[83.87115,21.77338],[83.86945,21.77238],[83.86553,21.76858],[83.86491,21.76868],[83.86423,21.76936],[83.86258,21.76928],[83.86134,21.7696],[83.85966,21.77101],[83.85874,21.77134],[83.85808,21.77081],[83.85773,21.7696],[83.85676,21.76924],[83.85615,21.76974],[83.85574,21.77175],[83.85412,21.77282],[83.85308,21.77642],[83.84895,21.77814],[83.84758,21.77915],[83.84593,21.7789],[83.84505,21.77969],[83.84499,21.78015]]]}},{"type":"Feature","properties":{"LCODE":"01014000600060rf","LOCATION":"RF","V_TYPE":"FOREST","BLOCK":"LAKHANPUR","DISTRICT":"JHARSUGUDA"},"geometry":{"type":"Polygon","coordinates":[[[83.703,21.77181],[83.70532,21.77313],[83.70637,21.77331],[83.70729,21.77302],[83.70827,21.77348],[83.70956,21.7736],[83.70993,21.77389],[83.70987,21.77601],[83.71275,21.7759],[83.71306,21.77619],[83.71324,21.77711],[83.71306,21.77877],[83.71368,21.7794],[83.71343,21.78055],[83.71348,21.78786],[83.71486,21.78674],[83.71603,21.78629],[83.72065,21.78525],[83.7218,21.78546],[83.72253,21.78621],[83.72279,21.78708],[83.72263,21.78807],[83.72331,21.78977],[83.72504,21.78979],[83.72663,21.79021],[83.72755,21.79076],[83.72849,21.79256],[83.73109,21.79337],[83.73034,21.79668],[83.7299,21.80232],[83.7355,21.8095],[83.73991,21.81603],[83.74689,21.82198],[83.74944,21.82464],[83.75011,21.82483],[83.7508,21.82637],[83.75353,21.82937],[83.75642,21.83166],[83.75975,21.8354],[83.76271,21.83658],[83.76428,21.83682],[83.76906,21.83486],[83.77494,21.83167],[83.77715,21.8313],[83.77893,21.83139],[83.78233,21.83006],[83.78555,21.82821],[83.78686,21.82696],[83.788,21.82474],[83.78728,21.82035],[83.78761,21.81915],[83.78912,21.81705],[83.79147,21.81254],[83.79358,21.81107],[83.8018,21.80729],[83.80328,21.80674],[83.80592,21.80632],[83.80797,21.80497],[83.80835,21.8044],[83.80817,21.80377],[83.80555,21.80327],[83.80488,21.80274],[83.80418,21.8006],[83.80399,21.79818],[83.79945,21.79431],[83.79874,21.79275],[83.79885,21.79022],[83.80267,21.78544],[83.80463,21.78197],[83.80484,21.78048],[83.80276,21.78015],[83.79865,21.78043],[83.79517,21.7802],[83.79244,21.78171],[83.78641,21.78323],[83.78579,21.78385],[83.78253,21.78408],[83.77817,21.78522],[83.77693,21.78566],[83.77618,21.78629],[83.77568,21.78703],[83.77573,21.78783],[83.77648,21.79037],[83.78145,21.79022],[83.7837,21.79112],[83.78694,21.79146],[83.78779,21.79182],[83.78766,21.79228],[83.78704,21.79273],[83.78329,21.79336],[83.78278,21.79404],[83.7829,21.79462],[83.78434,21.79614],[83.78464,21.79678],[83.78445,21.797],[83.78371,21.79745],[83.78045,21.79815],[83.77809,21.79967],[83.77734,21.80063],[83.77613,21.80631],[83.77509,21.80658],[83.7721,21.8055],[83.77026,21.80553],[83.7654,21.8066],[83.76221,21.80632],[83.76039,21.80577],[83.75836,21.80586],[83.75719,21.80618],[83.75149,21.80984],[83.74844,21.81106],[83.74715,21.81135],[83.74358,21.81117],[83.7431,21.81071],[83.74149,21.80664],[83.74088,21.80578],[83.74026,21.80532],[83.73652,21.80439],[83.73486,21.80319],[83.73505,21.79992],[83.7348,21.79929],[83.73376,21.79837],[83.73351,21.79756],[83.73363,21.79475],[83.73259,21.79171],[83.73259,21.79079],[83.73541,21.78724],[83.73694,21.78444],[83.73725,21.78226],[83.73669,21.7795],[83.73976,21.77722],[83.73952,21.77504],[83.74062,21.77246],[83.74197,21.77057],[83.73988,21.76787],[83.73988,21.76512],[83.73957,21.7646],[83.73785,21.76402],[83.73233,21.76304],[83.73074,21.76188],[83.73042,21.76051],[83.72975,21.75942],[83.72815,21.75878],[83.7257,21.75883],[83.72417,21.76004],[83.72379,21.75998],[83.72385,21.7594],[83.72288,21.75912],[83.71956,21.75951],[83.7206,21.76347],[83.71975,21.76507],[83.71981,21.76548],[83.72263,21.7703],[83.71907,21.7719],[83.71852,21.7735],[83.71239,21.77315],[83.71245,21.772],[83.70987,21.76924],[83.70869,21.76723],[83.7079,21.76677],[83.70704,21.76706],[83.70667,21.76774],[83.70643,21.76987],[83.70367,21.77003],[83.703,21.77181]]]}},{"type":"Feature","properties":{"LCODE":"010130006000600003","LOCATION":"BHUNDUPALI","V_TYPE":"VILLAGE","BLOCK":"LAKHANPUR","DISTRICT":"JHARSUGUDA"},"geometry":{"type":"Polygon","coordinates":[[[83.54862,21.82002],[83.54911,21.82146],[83.55089,21.82341],[83.55433,21.82577],[83.55672,21.82675],[83.56016,21.82693],[83.56231,21.82751],[83.56287,21.82814],[83.56348,21.83096],[83.56575,21.83378],[83.56613,21.83601],[83.56751,21.83394],[83.56859,21.83366],[83.56972,21.83278],[83.57102,21.83225],[83.57226,21.83222],[83.57355,21.83133],[83.57611,21.83057],[83.57823,21.83039],[83.57928,21.83069],[83.57637,21.82316],[83.57342,21.81816],[83.5687,21.8128],[83.56765,21.81108],[83.56586,21.80533],[83.56151,21.80676],[83.55566,21.80707],[83.55518,21.81043],[83.5539,21.8129],[83.55016,21.8168],[83.54862,21.82002]]]}},{"type":"Feature","properties":{"LCODE":"010180005000500022","LOCATION":"BEHERAPALI","V_TYPE":"VILLAGE","BLOCK":"JHARSUGUDA","DISTRICT":"JHARSUGUDA"},"geometry":{"type":"Polygon","coordinates":[[[83.98199,21.82833],[83.98235,21.83068],[83.98512,21.83171],[83.98756,21.83301],[83.99935,21.83302],[84.00224,21.83517],[84.0029,21.83398],[84.00021,21.83093],[83.99891,21.82842],[83.99595,21.82545],[83.99574,21.82324],[83.99268,21.82316],[83.99083,21.82348],[83.9899,21.82421],[83.98865,21.82614],[83.98746,21.82704],[83.98457,21.8282],[83.98199,21.82833]]]}},{"type":"Feature","properties":{"LCODE":"010140006000600003","LOCATION":"BANJARI","V_TYPE":"VILLAGE","BLOCK":"LAKHANPUR","DISTRICT":"JHARSUGUDA"},"geometry":{"type":"Polygon","coordinates":[[[83.81344,21.83366],[83.81745,21.83411],[83.82217,21.83418],[83.82361,21.83485],[83.82574,21.83372],[83.82587,21.8332],[83.82545,21.83211],[83.82574,21.82987],[83.82554,21.82751],[83.82574,21.82619],[83.82646,21.82367],[83.82849,21.8199],[83.82854,21.81738],[83.82973,21.8159],[83.82932,21.81457],[83.83117,21.81023],[83.83288,21.80715],[83.83289,21.8068],[83.83216,21.8061],[83.83193,21.80521],[83.82645,21.80659],[83.82403,21.80845],[83.82354,21.80856],[83.82176,21.8083],[83.81968,21.80844],[83.81834,21.80752],[83.81766,21.80806],[83.81726,21.81012],[83.81757,21.81657],[83.81677,21.82053],[83.81451,21.82388],[83.81422,21.82929],[83.81444,21.83125],[83.8141,21.83268],[83.81344,21.83366]]]}},{"type":"Feature","properties":{"LCODE":"010130006000600007","LOCATION":"BARJHA","V_TYPE":"VILLAGE","BLOCK":"LAKHANPUR","DISTRICT":"JHARSUGUDA"},"geometry":{"type":"Polygon","coordinates":[[[83.60013,21.83154],[83.60294,21.83121],[83.60422,21.83179],[83.60602,21.83311],[83.60903,21.83211],[83.6096,21.8324],[83.60986,21.83372],[83.61363,21.83378],[83.61566,21.83418],[83.62098,21.83176],[83.61932,21.82879],[83.61793,21.82953],[83.61523,21.83183],[83.61431,21.83183],[83.61333,21.83246],[83.61204,21.83274],[83.61136,21.83223],[83.61124,21.83136],[83.61204,21.82878],[83.61185,21.82723],[83.61308,21.82579],[83.61301,21.8247],[83.61198,21.8247],[83.61166,21.82453],[83.61154,21.82395],[83.6124,21.82223],[83.61339,21.82154],[83.61313,21.81871],[83.61068,21.81959],[83.60976,21.81878],[83.6089,21.81878],[83.60459,21.82021],[83.60461,21.82366],[83.6013,21.83014],[83.60013,21.83154]]]}},{"type":"Feature","properties":{"LCODE":"010180005000500021","LOCATION":"BADMAL","V_TYPE":"VILLAGE","BLOCK":"JHARSUGUDA","DISTRICT":"JHARSUGUDA"},"geometry":{"type":"Polygon","coordinates":[[[83.99574,21.82324],[83.99595,21.82545],[83.99891,21.82842],[84.00021,21.83093],[84.0029,21.83398],[84.00333,21.83269],[84.00333,21.83154],[84.00517,21.83112],[84.00742,21.82955],[84.00809,21.82868],[84.00815,21.82765],[84.00906,21.82557],[84.01065,21.82516],[84.01242,21.82365],[84.01549,21.82299],[84.01711,21.82222],[84.01816,21.81848],[84.01912,21.81618],[84.01843,21.81383],[84.01274,21.8078],[84.01121,21.80889],[84.00417,21.81147],[84.00294,21.81229],[84.00221,21.81316],[84.00179,21.81431],[84.00103,21.81943],[83.99846,21.82205],[83.99666,21.82305],[83.99574,21.82324]]]}},{"type":"Feature","properties":{"LCODE":"010140006000600004","LOCATION":"BARTAP","V_TYPE":"VILLAGE","BLOCK":"LAKHANPUR","DISTRICT":"JHARSUGUDA"},"geometry":{"type":"Polygon","coordinates":[[[83.77884,21.83138],[83.78038,21.8329],[83.78239,21.83317],[83.78645,21.83317],[83.78823,21.8328],[83.7896,21.8319],[83.79026,21.83225],[83.79137,21.83233],[83.79315,21.83189],[83.79437,21.83191],[83.79639,21.83258],[83.79771,21.83369],[83.79888,21.83388],[83.79955,21.83372],[83.80279,21.83141],[83.80371,21.83108],[83.80869,21.83058],[83.81008,21.83118],[83.81201,21.83305],[83.81344,21.83366],[83.8141,21.83268],[83.81444,21.83125],[83.81422,21.82929],[83.81451,21.82388],[83.81677,21.82053],[83.81757,21.81657],[83.81726,21.81012],[83.81766,21.80806],[83.81834,21.80752],[83.81799,21.80686],[83.81666,21.80603],[83.81554,21.80647],[83.81365,21.80581],[83.8123,21.80625],[83.81175,21.80613],[83.80956,21.8054],[83.80832,21.80445],[83.80797,21.80497],[83.80592,21.80632],[83.80328,21.80674],[83.8018,21.80729],[83.7924,21.81169],[83.79147,21.81254],[83.78912,21.81705],[83.78761,21.81915],[83.78728,21.82035],[83.788,21.82474],[83.78761,21.82588],[83.78555,21.82821],[83.784,21.82922],[83.77884,21.83138]]]}},{"type":"Feature","properties":{"LCODE":"010180005000500013","LOCATION":"SINGHABAGA","V_TYPE":"VILLAGE","BLOCK":"JHARSUGUDA","DISTRICT":"JHARSUGUDA"},"geometry":{"type":"Polygon","coordinates":[[[83.95436,21.81285],[83.95478,21.8162],[83.95719,21.8222],[83.95754,21.82726],[83.95894,21.82797],[83.96105,21.83042],[83.96555,21.83238],[83.96849,21.83289],[83.96891,21.83335],[83.96886,21.83373],[83.9697,21.83382],[83.97462,21.83252],[83.97579,21.83248],[83.97903,21.83339],[83.98193,21.83195],[83.98238,21.8308],[83.98164,21.82672],[83.98087,21.82527],[83.97791,21.82305],[83.97617,21.82049],[83.97575,21.81945],[83.97571,21.81859],[83.97653,21.81671],[83.97661,21.81545],[83.97381,21.8142],[83.97202,21.81176],[83.97008,21.80989],[83.96638,21.80731],[83.96367,21.80451],[83.96295,21.80333],[83.96139,21.80533],[83.95905,21.80966],[83.95669,21.81181],[83.95538,21.81259],[83.95436,21.81285]]]}},{"type":"Feature","properties":{"LCODE":"010130006000600009","LOCATION":"JOGIDHIPA","V_TYPE":"VILLAGE","BLOCK":"LAKHANPUR","DISTRICT":"JHARSUGUDA"},"geometry":{"type":"Polygon","coordinates":[[[83.61932,21.82879],[83.62098,21.83176],[83.62155,21.83161],[83.62284,21.8319],[83.6253,21.83287],[83.63145,21.83328],[83.63318,21.82916],[83.63581,21.82631],[83.63717,21.82407],[83.63866,21.82028],[83.63855,21.81873],[83.63379,21.81467],[83.63075,21.81623],[83.62811,21.81645],[83.62682,21.81714],[83.62468,21.81754],[83.6237,21.81903],[83.62306,21.82167],[83.62382,21.82167],[83.62554,21.82231],[83.62615,21.82282],[83.62627,21.82346],[83.62554,21.82466],[83.6237,21.82638],[83.62099,21.82764],[83.61932,21.82879]]]}},{"type":"Feature","properties":{"LCODE":"010180005000500012","LOCATION":"JAMUAPALI","V_TYPE":"VILLAGE","BLOCK":"JHARSUGUDA","DISTRICT":"JHARSUGUDA"},"geometry":{"type":"Polygon","coordinates":[[[83.94482,21.81443],[83.94629,21.82973],[83.94861,21.82988],[83.9516,21.83084],[83.9553,21.8332],[83.95818,21.83307],[83.95948,21.83257],[83.96044,21.82976],[83.95894,21.82797],[83.95754,21.82726],[83.95719,21.8222],[83.95478,21.8162],[83.95436,21.81285],[83.95306,21.81238],[83.95045,21.81062],[83.94785,21.80801],[83.9456,21.81117],[83.94482,21.81443]]]}},{"type":"Feature","properties":{"LCODE":"01013000600060rf","LOCATION":"RF","V_TYPE":"FOREST","BLOCK":"LAKHANPUR","DISTRICT":"JHARSUGUDA"},"geometry":{"type":"Polygon","coordinates":[[[83.61124,21.83136],[83.61136,21.83223],[83.61204,21.83274],[83.61333,21.83246],[83.61431,21.83183],[83.61523,21.83183],[83.61793,21.82953],[83.62099,21.82764],[83.6237,21.82638],[83.62554,21.82466],[83.62627,21.82346],[83.62615,21.82282],[83.62554,21.82231],[83.62382,21.82167],[83.6229,21.82167],[83.61897,21.82345],[83.61652,21.82367],[83.61627,21.82316],[83.61688,21.8204],[83.61652,21.81954],[83.61713,21.81787],[83.61688,21.81713],[83.61652,21.81655],[83.6159,21.81632],[83.614,21.8166],[83.61301,21.81942],[83.61339,21.82154],[83.6124,21.82223],[83.61154,21.82395],[83.61166,21.82453],[83.61198,21.8247],[83.61301,21.8247],[83.61308,21.82579],[83.61185,21.82723],[83.61204,21.82878],[83.61124,21.83136]]]}},{"type":"Feature","properties":{"LCODE":"010200007000700012","LOCATION":"KOLABIRA","V_TYPE":"VILLAGE","BLOCK":"KOLABIRA","DISTRICT":"JHARSUGUDA"},"geometry":{"type":"Polygon","coordinates":[[[84.15183,21.79545],[84.15212,21.79556],[84.15257,21.7982],[84.15344,21.79934],[84.16165,21.80472],[84.16473,21.80618],[84.16456,21.80705],[84.16396,21.80762],[84.16371,21.80843],[84.16434,21.8094],[84.16514,21.81002],[84.16933,21.81199],[84.17063,21.8133],[84.17095,21.81485],[84.17065,21.81571],[84.16877,21.81802],[84.16842,21.81923],[84.16892,21.82129],[84.17133,21.82236],[84.17545,21.82341],[84.17891,21.82493],[84.18008,21.82624],[84.18183,21.82943],[84.1839,21.83185],[84.18694,21.82417],[84.18773,21.82296],[84.1906,21.82116],[84.19293,21.82063],[84.19509,21.82204],[84.19572,21.82312],[84.19951,21.82504],[84.19958,21.82309],[84.19893,21.81868],[84.19768,21.816],[84.19681,21.81509],[84.19299,21.8138],[84.19181,21.81273],[84.19186,21.81198],[84.19263,21.81075],[84.19025,21.80981],[84.18958,21.81062],[84.18941,21.81223],[84.19127,21.81347],[84.19308,21.81667],[84.19297,21.81833],[84.18759,21.82147],[84.18375,21.82323],[84.18215,21.82347],[84.18104,21.82313],[84.18079,21.82256],[84.1809,21.82113],[84.18185,21.81774],[84.1823,21.81343],[84.18187,21.81304],[84.18039,21.81265],[84.18148,21.81104],[84.18568,21.81335],[84.1861,21.81214],[84.18313,21.80999],[84.18391,21.80803],[84.18359,21.807],[84.18131,21.80582],[84.18143,21.80565],[84.17971,21.80537],[84.17891,21.80486],[84.17806,21.7996],[84.17847,21.79713],[84.17834,21.79347],[84.1766,21.79359],[84.17561,21.79337],[84.17413,21.79252],[84.17314,21.7923],[84.16738,21.79338],[84.16573,21.79345],[84.16444,21.79432],[84.16359,21.7945],[84.16261,21.79451],[84.16009,21.79384],[84.15752,21.79512],[84.15543,21.79577],[84.15446,21.79583],[84.15359,21.79481],[84.15291,21.79458],[84.15217,21.79465],[84.15183,21.79545]]]}},{"type":"Feature","properties":{"LCODE":"010130006000600005","LOCATION":"DEOPALI","V_TYPE":"VILLAGE","BLOCK":"LAKHANPUR","DISTRICT":"JHARSUGUDA"},"geometry":{"type":"Polygon","coordinates":[[[83.59098,21.8156],[83.59203,21.82318],[83.59198,21.82523],[83.59394,21.8272],[83.59705,21.82861],[83.59844,21.83146],[83.59909,21.83178],[83.60013,21.83154],[83.6013,21.83014],[83.60461,21.82366],[83.60473,21.82067],[83.60418,21.81883],[83.60411,21.81739],[83.60467,21.81521],[83.60473,21.80907],[83.60387,21.80642],[83.60387,21.80533],[83.60452,21.80297],[83.60117,21.8032],[83.59423,21.80514],[83.59184,21.80767],[83.59122,21.80962],[83.59098,21.8156]]]}},{"type":"Feature","properties":{"LCODE":"010130006000600004","LOCATION":"KUMAR","V_TYPE":"VILLAGE","BLOCK":"LAKHANPUR","DISTRICT":"JHARSUGUDA"},"geometry":{"type":"Polygon","coordinates":[[[83.56556,21.80386],[83.56691,21.80918],[83.56765,21.81108],[83.5687,21.8128],[83.57342,21.81816],[83.57637,21.82316],[83.57883,21.82977],[83.57995,21.8314],[83.58072,21.83159],[83.58136,21.82933],[83.5864,21.82668],[83.59172,21.82506],[83.59198,21.82523],[83.59203,21.82318],[83.59098,21.8156],[83.59122,21.80962],[83.59184,21.80767],[83.59393,21.80543],[83.59367,21.8048],[83.59294,21.80497],[83.59245,21.80468],[83.59184,21.8037],[83.59116,21.80336],[83.58999,21.80399],[83.58582,21.8049],[83.58355,21.8053],[83.5798,21.80529],[83.57858,21.80558],[83.57477,21.80437],[83.57256,21.80465],[83.57213,21.80373],[83.57139,21.80333],[83.56979,21.80367],[83.56599,21.80366],[83.56556,21.80386]]]}},{"type":"Feature","properties":{"LCODE":"010200007000700014","LOCATION":"PATRAPALI","V_TYPE":"VILLAGE","BLOCK":"KOLABIRA","DISTRICT":"JHARSUGUDA"},"geometry":{"type":"Polygon","coordinates":[[[84.12309,21.81789],[84.12322,21.81938],[84.12545,21.82275],[84.12958,21.8226],[84.13161,21.82418],[84.13336,21.82692],[84.13444,21.83087],[84.13493,21.83127],[84.13554,21.83126],[84.13628,21.83103],[84.14085,21.82686],[84.14304,21.82409],[84.14389,21.82345],[84.14677,21.82239],[84.14805,21.82129],[84.14896,21.82037],[84.1492,21.81939],[84.15053,21.81708],[84.15039,21.81559],[84.14807,21.81279],[84.147,21.8131],[84.14532,21.81179],[84.14397,21.81169],[84.14183,21.81222],[84.14011,21.81212],[84.13986,21.81172],[84.14016,21.81092],[84.14002,21.8096],[84.13836,21.80841],[84.13602,21.80734],[84.13273,21.80404],[84.13087,21.80292],[84.12961,21.80481],[84.12698,21.80644],[84.12571,21.808],[84.12528,21.80892],[84.12523,21.80984],[84.12556,21.81236],[84.12374,21.81536],[84.1232,21.81663],[84.12309,21.81789]]]}},{"type":"Feature","properties":{"LCODE":"010200007000700015","LOCATION":"PARMANPUR","V_TYPE":"VILLAGE","BLOCK":"KOLABIRA","DISTRICT":"JHARSUGUDA"},"geometry":{"type":"Polygon","coordinates":[[[84.08745,21.80855],[84.08826,21.80957],[84.089,21.81002],[84.09109,21.81012],[84.0922,21.80971],[84.09494,21.80751],[84.09656,21.80717],[84.09744,21.80582],[84.09812,21.80553],[84.09972,21.80678],[84.10034,21.80683],[84.10168,21.80647],[84.10352,21.8052],[84.10438,21.80507],[84.10457,21.80553],[84.10355,21.80939],[84.10321,21.81203],[84.10243,21.81462],[84.10049,21.81837],[84.09978,21.82101],[84.09991,21.8213],[84.10329,21.82276],[84.10423,21.82419],[84.10523,21.82688],[84.10603,21.82756],[84.10781,21.82668],[84.1088,21.82679],[84.10946,21.8311],[84.11402,21.82801],[84.11694,21.82534],[84.11812,21.82556],[84.11941,21.82526],[84.12545,21.82275],[84.12322,21.81938],[84.12309,21.81789],[84.1232,21.81663],[84.12374,21.81536],[84.12556,21.81236],[84.12528,21.80892],[84.12637,21.80696],[84.12961,21.80481],[84.13087,21.80292],[84.1302,21.80257],[84.12971,21.80171],[84.12951,21.80045],[84.13,21.79872],[84.12856,21.79788],[84.1259,21.79434],[84.12453,21.79292],[84.12268,21.79156],[84.11716,21.78852],[84.11539,21.78919],[84.11294,21.78919],[84.10851,21.78668],[84.10275,21.78268],[84.10176,21.78232],[84.09853,21.78202],[84.09941,21.78365],[84.09942,21.78457],[84.09834,21.78802],[84.09825,21.79169],[84.09772,21.79434],[84.09567,21.79872],[84.09531,21.80021],[84.09459,21.8016],[84.09111,21.80398],[84.08958,21.80537],[84.08745,21.80855]]]}},{"type":"Feature","properties":{"LCODE":"01018000500050rf","LOCATION":"RF","V_TYPE":"FOREST","BLOCK":"JHARSUGUDA","DISTRICT":"JHARSUGUDA"},"geometry":{"type":"Polygon","coordinates":[[[84.04967,21.82155],[84.05025,21.82355],[84.05074,21.82395],[84.05221,21.82354],[84.05264,21.82262],[84.0538,21.82272],[84.05376,21.82605],[84.05334,21.82669],[84.05322,21.82755],[84.05347,21.82835],[84.05502,21.82932],[84.05581,21.82804],[84.05598,21.82667],[84.05653,21.82534],[84.05787,21.8251],[84.05855,21.82555],[84.05862,21.82704],[84.05759,21.82912],[84.0576,21.83004],[84.05804,21.8305],[84.06011,21.83082],[84.06128,21.82863],[84.06396,21.82556],[84.06773,21.82226],[84.06881,21.82189],[84.06802,21.82002],[84.06789,21.81755],[84.06548,21.81705],[84.06481,21.81729],[84.0636,21.81896],[84.06071,21.81927],[84.0574,21.81924],[84.05685,21.8204],[84.05409,21.82076],[84.05145,21.82073],[84.0498,21.82103],[84.04967,21.82155]]]}},{"type":"Feature","properties":{"LCODE":"010200007000700026","LOCATION":"KUMURADIHI","V_TYPE":"VILLAGE","BLOCK":"KOLABIRA","DISTRICT":"JHARSUGUDA"},"geometry":{"type":"Polygon","coordinates":[[[84.21066,21.82444],[84.21588,21.82564],[84.21693,21.82661],[84.21767,21.82666],[84.21893,21.82888],[84.21991,21.82933],[84.22063,21.82801],[84.22166,21.82691],[84.22363,21.82718],[84.22419,21.82701],[84.22521,21.82505],[84.22715,21.82268],[84.22739,21.82194],[84.22649,21.81748],[84.22574,21.81639],[84.22112,21.8142],[84.21835,21.81342],[84.21563,21.81201],[84.2149,21.81225],[84.21459,21.81305],[84.21438,21.8158],[84.21297,21.81708],[84.21216,21.82149],[84.21066,21.82444]]]}},{"type":"Feature","properties":{"LCODE":"010180005000500019","LOCATION":"BANJARA","V_TYPE":"VILLAGE","BLOCK":"JHARSUGUDA","DISTRICT":"JHARSUGUDA"},"geometry":{"type":"Polygon","coordinates":[[[84.03618,21.81523],[84.03681,21.81712],[84.03774,21.81861],[84.03722,21.82154],[84.03779,21.82429],[84.03916,21.82779],[84.03966,21.82841],[84.04034,21.82898],[84.04182,21.82914],[84.04267,21.82873],[84.04315,21.82769],[84.04549,21.82762],[84.04757,21.82685],[84.04836,21.82621],[84.0497,21.82396],[84.04808,21.82105],[84.04795,21.82036],[84.04871,21.81975],[84.04774,21.81789],[84.04602,21.81635],[84.04546,21.81515],[84.04342,21.81344],[84.04237,21.81208],[84.03618,21.81523]]]}},{"type":"Feature","properties":{"LCODE":"010180005000500023","LOCATION":"KUKURJANGHA","V_TYPE":"VILLAGE","BLOCK":"JHARSUGUDA","DISTRICT":"JHARSUGUDA"},"geometry":{"type":"Polygon","coordinates":[[[83.97571,21.81859],[83.97617,21.82049],[83.97791,21.82305],[83.98087,21.82527],[83.98164,21.82672],[83.98199,21.82833],[83.98561,21.82793],[83.98827,21.82653],[83.9899,21.82421],[83.99083,21.82348],[83.99268,21.82316],[83.99593,21.82321],[83.99846,21.82205],[84.00103,21.81943],[84.00179,21.81431],[84.00221,21.81316],[84.00294,21.81229],[84.00417,21.81147],[84.01121,21.80889],[84.01274,21.8078],[84.01169,21.80733],[84.00977,21.80516],[84.00832,21.80261],[84.00682,21.80392],[84.00492,21.80468],[84.00369,21.80504],[84.00117,21.80512],[83.99902,21.80587],[83.99306,21.8098],[83.98726,21.81269],[83.98504,21.81357],[83.98117,21.81403],[83.97797,21.81501],[83.97669,21.81573],[83.97571,21.81859]]]}},{"type":"Feature","properties":{"LCODE":"010200007000700034","LOCATION":"AMATI","V_TYPE":"VILLAGE","BLOCK":"KOLABIRA","DISTRICT":"JHARSUGUDA"},"geometry":{"type":"Polygon","coordinates":[[[84.28716,21.81578],[84.28777,21.81803],[84.28862,21.81952],[84.28874,21.82435],[84.29021,21.82447],[84.29247,21.8236],[84.30261,21.82355],[84.30438,21.82384],[84.30586,21.82494],[84.30914,21.82528],[84.31401,21.82513],[84.31231,21.8122],[84.312,21.8117],[84.31075,21.81108],[84.30553,21.8061],[84.30434,21.80573],[84.30316,21.80473],[84.30229,21.80454],[84.30074,21.8033],[84.29952,21.799],[84.29773,21.80026],[84.2943,21.80095],[84.29034,21.80486],[84.29058,21.80538],[84.29034,21.80733],[84.2907,21.80946],[84.28899,21.81136],[84.28716,21.81578]]]}},{"type":"Feature","properties":{"LCODE":"010200007000700025","LOCATION":"BADBAHAL(A)","V_TYPE":"VILLAGE","BLOCK":"KOLABIRA","DISTRICT":"JHARSUGUDA"},"geometry":{"type":"Polygon","coordinates":[[[84.19181,21.81273],[84.19299,21.8138],[84.19681,21.81509],[84.19768,21.816],[84.19893,21.81868],[84.19958,21.82309],[84.19951,21.82504],[84.20175,21.82496],[84.20714,21.82331],[84.20788,21.82342],[84.20899,21.82444],[84.21066,21.82444],[84.21107,21.82339],[84.21168,21.82276],[84.2123,21.82088],[84.2106,21.81927],[84.20966,21.81687],[84.20959,21.81561],[84.21007,21.81469],[84.21244,21.81215],[84.21377,21.81019],[84.21358,21.80956],[84.21308,21.80923],[84.21038,21.80862],[84.20918,21.80513],[84.20897,21.8029],[84.20914,21.80187],[84.20963,21.80146],[84.21178,21.80179],[84.21308,21.80241],[84.21368,21.80172],[84.21261,21.79771],[84.21183,21.79627],[84.21014,21.79624],[84.20039,21.79758],[84.1995,21.79721],[84.19916,21.79765],[84.19818,21.79783],[84.1959,21.79783],[84.1966,21.79951],[84.19626,21.80237],[84.19506,21.80571],[84.19246,21.80968],[84.19308,21.81019],[84.19394,21.81013],[84.19491,21.80874],[84.19592,21.80518],[84.19677,21.80489],[84.19733,21.80552],[84.19673,21.80713],[84.19908,21.80911],[84.19873,21.81043],[84.19868,21.81261],[84.19833,21.81307],[84.19753,21.81308],[84.19616,21.81177],[84.19469,21.81161],[84.19263,21.81075],[84.19186,21.81198],[84.19181,21.81273]]]}},{"type":"Feature","properties":{"LCODE":"010130006000600010","LOCATION":"KANDADIHI","V_TYPE":"VILLAGE","BLOCK":"LAKHANPUR","DISTRICT":"JHARSUGUDA"},"geometry":{"type":"Polygon","coordinates":[[[83.61627,21.82316],[83.61652,21.82367],[83.61897,21.82345],[83.62306,21.82167],[83.6237,21.81903],[83.62468,21.81754],[83.62682,21.81714],[83.62811,21.81645],[83.63075,21.81623],[83.63379,21.81467],[83.63137,21.81158],[83.62805,21.81071],[83.62388,21.80743],[83.62,21.80606],[83.61823,21.80926],[83.61719,21.81575],[83.61674,21.8169],[83.61713,21.81787],[83.61658,21.81902],[83.61682,21.82132],[83.61627,21.82316]]]}},{"type":"Feature","properties":{"LCODE":"01020000700070rf","LOCATION":"RF","V_TYPE":"FOREST","BLOCK":"KOLABIRA","DISTRICT":"JHARSUGUDA"},"geometry":{"type":"Polygon","coordinates":[[[84.18039,21.81265],[84.18187,21.81304],[84.1823,21.81343],[84.18185,21.81774],[84.1809,21.82113],[84.18079,21.82256],[84.18104,21.82313],[84.18215,21.82347],[84.18375,21.82323],[84.18759,21.82147],[84.19297,21.81833],[84.19308,21.81667],[84.19127,21.81347],[84.18941,21.81223],[84.18935,21.81131],[84.18988,21.80999],[84.19025,21.80981],[84.19382,21.81133],[84.19616,21.81177],[84.19753,21.81308],[84.19833,21.81307],[84.19868,21.81261],[84.19873,21.81043],[84.19908,21.80911],[84.19673,21.80713],[84.19733,21.80552],[84.19677,21.80489],[84.19628,21.80489],[84.19573,21.80553],[84.19454,21.80938],[84.19394,21.81013],[84.19308,21.81019],[84.19246,21.80968],[84.19355,21.8083],[84.19385,21.80698],[84.19376,21.80446],[84.19296,21.80429],[84.19102,21.80648],[84.18795,21.80663],[84.18574,21.80636],[84.18198,21.80484],[84.18131,21.80582],[84.18359,21.807],[84.18391,21.80803],[84.18313,21.80999],[84.1861,21.81214],[84.18604,21.81272],[84.18568,21.81335],[84.185,21.81313],[84.18148,21.81104],[84.18039,21.81265]]]}},{"type":"Feature","properties":{"LCODE":"010200007000700027","LOCATION":"KUNDURSINGHA","V_TYPE":"VILLAGE","BLOCK":"KOLABIRA","DISTRICT":"JHARSUGUDA"},"geometry":{"type":"Polygon","coordinates":[[[84.20897,21.8029],[84.20918,21.80513],[84.21038,21.80862],[84.21308,21.80923],[84.21358,21.80956],[84.21377,21.81019],[84.21244,21.81215],[84.21007,21.81469],[84.20959,21.81561],[84.21004,21.81807],[84.21122,21.82001],[84.2123,21.82088],[84.21297,21.81708],[84.21438,21.8158],[84.21459,21.81305],[84.2149,21.81225],[84.21563,21.81201],[84.21835,21.81342],[84.22112,21.8142],[84.22574,21.81639],[84.22649,21.81748],[84.22739,21.82194],[84.22723,21.82246],[84.22869,21.82279],[84.23065,21.82265],[84.23421,21.81632],[84.23444,21.81489],[84.23386,21.81106],[84.23408,21.8091],[84.23087,21.80702],[84.22765,21.80378],[84.22665,21.80327],[84.22512,21.80305],[84.222,21.80405],[84.22053,21.80401],[84.21664,21.80318],[84.21505,21.80314],[84.21394,21.80257],[84.21354,21.80188],[84.21308,21.80241],[84.21178,21.80179],[84.21,21.80146],[84.20914,21.80187],[84.20897,21.8029]]]}},{"type":"Feature","properties":{"LCODE":"010180005000500020","LOCATION":"BRUNDAMAL","V_TYPE":"VILLAGE","BLOCK":"JHARSUGUDA","DISTRICT":"JHARSUGUDA"},"geometry":{"type":"Polygon","coordinates":[[[84.01274,21.8078],[84.01762,21.81274],[84.01881,21.81486],[84.01912,21.81618],[84.01816,21.81848],[84.01711,21.82222],[84.01971,21.82146],[84.02161,21.82047],[84.02829,21.81851],[84.03271,21.81802],[84.03387,21.81755],[84.03484,21.81685],[84.03625,21.81517],[84.03747,21.81476],[84.0431,21.81161],[84.04365,21.81109],[84.04376,21.81046],[84.04375,21.80977],[84.04251,21.80771],[84.0402,21.8021],[84.04075,21.79924],[84.0384,21.7993],[84.03716,21.7973],[84.0363,21.79748],[84.03508,21.79881],[84.03447,21.79893],[84.03397,21.7987],[84.03391,21.79807],[84.0328,21.79773],[84.03157,21.79677],[84.03058,21.79637],[84.02818,21.79605],[84.02774,21.79605],[84.02592,21.79756],[84.02384,21.79849],[84.01755,21.80257],[84.01444,21.80552],[84.01274,21.8078]]]}},{"type":"Feature","properties":{"LCODE":"010180005000500018","LOCATION":"KUREBAGA","V_TYPE":"VILLAGE","BLOCK":"JHARSUGUDA","DISTRICT":"JHARSUGUDA"},"geometry":{"type":"Polygon","coordinates":[[[84.04237,21.81208],[84.04342,21.81344],[84.04546,21.81515],[84.04602,21.81635],[84.04774,21.81789],[84.04871,21.81975],[84.04988,21.82102],[84.05145,21.82073],[84.05409,21.82076],[84.05685,21.8204],[84.0574,21.81924],[84.06071,21.81927],[84.0636,21.81896],[84.06481,21.81729],[84.06548,21.81705],[84.06789,21.81755],[84.06799,21.81554],[84.06921,21.81386],[84.08197,21.81261],[84.08527,21.81109],[84.08716,21.80906],[84.08772,21.80806],[84.0863,21.80838],[84.08291,21.80749],[84.08194,21.80945],[84.08195,21.81054],[84.08165,21.81095],[84.07993,21.81153],[84.07729,21.81167],[84.07649,21.8111],[84.07702,21.80794],[84.0769,21.80754],[84.07628,21.80749],[84.07395,21.80831],[84.07323,21.81027],[84.07158,21.81074],[84.07079,21.81144],[84.07041,21.81138],[84.06893,21.80967],[84.06693,21.80834],[84.06599,21.80828],[84.06467,21.80764],[84.06196,21.80565],[84.05999,21.80463],[84.05901,21.8047],[84.05631,21.80576],[84.05479,21.80789],[84.05167,21.80901],[84.04848,21.8091],[84.04536,21.81038],[84.04374,21.81057],[84.04365,21.81109],[84.04237,21.81208]]]}},{"type":"Feature","properties":{"LCODE":"010130006000600002","LOCATION":"GIROLPALI","V_TYPE":"VILLAGE","BLOCK":"LAKHANPUR","DISTRICT":"JHARSUGUDA"},"geometry":{"type":"Polygon","coordinates":[[[83.53925,21.81354],[83.53934,21.81446],[83.54098,21.81714],[83.54181,21.82026],[83.54291,21.82018],[83.54536,21.81921],[83.54653,21.81932],[83.54865,21.82016],[83.55016,21.8168],[83.5539,21.8129],[83.55518,21.81043],[83.55566,21.80707],[83.55212,21.80789],[83.55046,21.80789],[83.54942,21.80691],[83.54849,21.80743],[83.54671,21.80719],[83.54549,21.80662],[83.54425,21.8054],[83.54145,21.80829],[83.54028,21.80994],[83.53947,21.81197],[83.53925,21.81354]]]}},{"type":"Feature","properties":{"LCODE":"010130006000600006","LOCATION":"MACHIDA","V_TYPE":"VILLAGE","BLOCK":"LAKHANPUR","DISTRICT":"JHARSUGUDA"},"geometry":{"type":"Polygon","coordinates":[[[83.60387,21.80533],[83.60387,21.80642],[83.60473,21.80907],[83.60467,21.81521],[83.60411,21.81739],[83.60459,21.82021],[83.6089,21.81878],[83.60976,21.81878],[83.61068,21.81959],[83.61136,21.81953],[83.61313,21.81871],[83.614,21.8166],[83.6159,21.81632],[83.61674,21.8169],[83.61719,21.81575],[83.61839,21.80904],[83.617,21.80897],[83.61664,21.80868],[83.61596,21.8092],[83.61559,21.80908],[83.61504,21.80799],[83.61412,21.80759],[83.61418,21.80667],[83.61369,21.80603],[83.61252,21.80569],[83.61001,21.80557],[83.60945,21.80568],[83.60884,21.80649],[83.60909,21.80798],[83.6078,21.80867],[83.60719,21.80867],[83.60608,21.80792],[83.60577,21.80723],[83.6054,21.80631],[83.60509,21.80355],[83.60478,21.803],[83.60452,21.80297],[83.60387,21.80533]]]}},{"type":"Feature","properties":{"LCODE":"010130006000600011","LOCATION":"SUKHADIHI","V_TYPE":"VILLAGE","BLOCK":"LAKHANPUR","DISTRICT":"JHARSUGUDA"},"geometry":{"type":"Polygon","coordinates":[[[83.62916,21.7998],[83.62971,21.80721],[83.63147,21.81167],[83.6321,21.81227],[83.63303,21.81399],[83.6384,21.81864],[83.65186,21.81293],[83.65064,21.81212],[83.6496,21.81086],[83.64819,21.80885],[83.64806,21.80804],[83.64929,21.805],[83.6507,21.80363],[83.65377,21.80139],[83.65433,21.80042],[83.65383,21.79984],[83.65181,21.79909],[83.65113,21.79834],[83.65119,21.79742],[83.6522,21.79638],[83.65107,21.79559],[83.65064,21.79547],[83.64954,21.79645],[83.6488,21.79667],[83.64806,21.79587],[83.64137,21.79729],[83.63965,21.79677],[83.63904,21.79706],[83.63738,21.79671],[83.63419,21.79688],[83.63339,21.79648],[83.63265,21.79533],[83.63039,21.79636],[83.62983,21.7971],[83.62916,21.7998]]]}},{"type":"Feature","properties":{"LCODE":"010130006000600024","LOCATION":"JHARGAON  (B)","V_TYPE":"VILLAGE","BLOCK":"LAKHANPUR","DISTRICT":"JHARSUGUDA"},"geometry":{"type":"Polygon","coordinates":[[[83.48938,21.80401],[83.49009,21.80676],[83.49089,21.80756],[83.49274,21.80832],[83.49529,21.81012],[83.49643,21.81324],[83.496,21.81504],[83.49458,21.81641],[83.49463,21.81726],[83.49584,21.81725],[83.50004,21.81319],[83.50751,21.80737],[83.50663,21.80558],[83.50626,21.80374],[83.50632,21.8019],[83.50933,21.79897],[83.51344,21.79368],[83.51518,21.79256],[83.51458,21.79162],[83.51129,21.79379],[83.50405,21.79654],[83.50024,21.79705],[83.49876,21.79691],[83.4958,21.79786],[83.48958,21.80202],[83.48938,21.80401]]]}},{"type":"Feature","properties":{"LCODE":"010180005000500024","LOCATION":"HIRMA","V_TYPE":"VILLAGE","BLOCK":"JHARSUGUDA","DISTRICT":"JHARSUGUDA"},"geometry":{"type":"Polygon","coordinates":[[[83.96295,21.80333],[83.96367,21.80451],[83.96638,21.80731],[83.97008,21.80989],[83.97202,21.81176],[83.97381,21.8142],[83.97661,21.81545],[83.97669,21.81573],[83.97797,21.81501],[83.98117,21.81403],[83.98504,21.81357],[83.99306,21.8098],[83.99902,21.80587],[84.00117,21.80512],[84.00369,21.80504],[84.00682,21.80392],[84.00832,21.80261],[84.00784,21.80069],[84.00793,21.79713],[84.0075,21.79621],[84.00546,21.79456],[84.00417,21.79302],[84.00404,21.79227],[84.00428,21.79164],[84.00587,21.79054],[84.00614,21.78987],[84.00574,21.78967],[84.00536,21.78887],[84.00503,21.78474],[84.00266,21.77987],[84.00229,21.7765],[84.00166,21.77666],[84.00092,21.77603],[83.99988,21.77659],[83.99883,21.77781],[83.99779,21.7782],[83.98899,21.78035],[83.98264,21.78277],[83.97993,21.78324],[83.9798,21.78766],[83.9791,21.78949],[83.97842,21.79034],[83.97518,21.79321],[83.96862,21.7973],[83.96632,21.79915],[83.96295,21.80333]]]}},{"type":"Feature","properties":{"LCODE":"010200007000700031","LOCATION":"GOMHAPALI","V_TYPE":"VILLAGE","BLOCK":"KOLABIRA","DISTRICT":"JHARSUGUDA"},"geometry":{"type":"Polygon","coordinates":[[[84.25167,21.80662],[84.25167,21.80754],[84.25234,21.80863],[84.25576,21.80961],[84.25942,21.81019],[84.26113,21.81146],[84.26113,21.81284],[84.26156,21.81376],[84.26247,21.81404],[84.26486,21.8141],[84.26687,21.81527],[84.26907,21.8125],[84.26932,21.81042],[84.27122,21.81014],[84.27225,21.80882],[84.27293,21.80657],[84.27283,21.805],[84.27232,21.80496],[84.27171,21.80439],[84.27164,21.80329],[84.2725,21.80197],[84.27163,21.79777],[84.26933,21.79639],[84.26829,21.79535],[84.26768,21.7942],[84.26701,21.79144],[84.26714,21.79006],[84.26793,21.78903],[84.2697,21.78886],[84.27037,21.78828],[84.27115,21.78863],[84.27196,21.78541],[84.27232,21.78112],[84.2669,21.77637],[84.26604,21.77614],[84.26396,21.77781],[84.26341,21.77913],[84.2625,21.78471],[84.26151,21.78666],[84.25764,21.78841],[84.25742,21.79051],[84.25626,21.79258],[84.25436,21.79506],[84.25223,21.80101],[84.25314,21.8023],[84.25344,21.80392],[84.25167,21.80662]]]}},{"type":"Feature","properties":{"LCODE":"010150006000600006","LOCATION":"PIPILIMAL","V_TYPE":"VILLAGE","BLOCK":"LAKHANPUR","DISTRICT":"JHARSUGUDA"},"geometry":{"type":"Polygon","coordinates":[[[83.83447,21.8005],[83.8345,21.80229],[83.83708,21.80757],[83.84182,21.81177],[83.84849,21.81525],[83.85252,21.81251],[83.85499,21.81196],[83.85744,21.81041],[83.8573,21.79864],[83.85635,21.79634],[83.8545,21.79373],[83.85107,21.79166],[83.84736,21.78569],[83.84528,21.78343],[83.84196,21.78527],[83.84168,21.78722],[83.84211,21.79074],[83.84177,21.79246],[83.83949,21.7969],[83.83863,21.79712],[83.83735,21.79675],[83.83661,21.79709],[83.83485,21.79936],[83.83447,21.8005]]]}},{"type":"Feature","properties":{"LCODE":"010200007000700017","LOCATION":"PANDABUDA","V_TYPE":"VILLAGE","BLOCK":"KOLABIRA","DISTRICT":"JHARSUGUDA"},"geometry":{"type":"Polygon","coordinates":[[[84.12951,21.80045],[84.12971,21.80171],[84.1302,21.80257],[84.13273,21.80404],[84.13602,21.80734],[84.13836,21.80841],[84.14002,21.8096],[84.14016,21.81092],[84.13986,21.81172],[84.14011,21.81212],[84.14183,21.81222],[84.14397,21.81169],[84.14532,21.81179],[84.147,21.8131],[84.14748,21.8131],[84.14895,21.81194],[84.14937,21.81101],[84.15062,21.80665],[84.1507,21.80143],[84.15166,21.79941],[84.15281,21.79851],[84.15212,21.79556],[84.15169,21.7954],[84.14949,21.79645],[84.14544,21.79711],[84.14102,21.79715],[84.139,21.79751],[84.13428,21.79904],[84.13116,21.79918],[84.13,21.79872],[84.12951,21.80045]]]}},{"type":"Feature","properties":{"LCODE":"010130006000600012","LOCATION":"DEBDARHA","V_TYPE":"VILLAGE","BLOCK":"LAKHANPUR","DISTRICT":"JHARSUGUDA"},"geometry":{"type":"Polygon","coordinates":[[[83.64806,21.80804],[83.64819,21.80885],[83.6496,21.81086],[83.65064,21.81212],[83.65186,21.81293],[83.66416,21.809],[83.67075,21.80739],[83.67059,21.80457],[83.67017,21.804],[83.66648,21.80227],[83.66568,21.80164],[83.6647,21.80032],[83.6629,21.79577],[83.66181,21.79647],[83.65997,21.79847],[83.6577,21.79996],[83.6569,21.80013],[83.65641,21.7999],[83.65611,21.79807],[83.65696,21.79692],[83.65822,21.79617],[83.65303,21.79622],[83.6522,21.79638],[83.65119,21.79742],[83.65113,21.79834],[83.65181,21.79909],[83.65383,21.79984],[83.65433,21.80042],[83.65377,21.80139],[83.6507,21.80363],[83.64929,21.805],[83.64806,21.80804]]]}},{"type":"Feature","properties":{"LCODE":"010180005000500025","LOCATION":"KHAIT","V_TYPE":"VILLAGE","BLOCK":"JHARSUGUDA","DISTRICT":"JHARSUGUDA"},"geometry":{"type":"Polygon","coordinates":[[[83.94785,21.80801],[83.95045,21.81062],[83.95306,21.81238],[83.9544,21.81286],[83.95669,21.81181],[83.95905,21.80966],[83.96139,21.80533],[83.96295,21.80333],[83.9613,21.79936],[83.96098,21.79906],[83.96062,21.79981],[83.96063,21.80257],[83.95837,21.8058],[83.95811,21.80677],[83.95663,21.80773],[83.95472,21.80804],[83.95412,21.80757],[83.95382,21.80682],[83.95406,21.8039],[83.95534,21.8003],[83.95552,21.79803],[83.95212,21.79841],[83.95197,21.79984],[83.95069,21.80356],[83.94785,21.80801]]]}},{"type":"Feature","properties":{"LCODE":"010162005000500029","LOCATION":"CHINGRIGURA","V_TYPE":"VILLAGE","BLOCK":"JHARSUGUDA","DISTRICT":"JHARSUGUDA"},"geometry":{"type":"Polygon","coordinates":[[[83.87763,21.79947],[83.87769,21.8001],[83.88046,21.80279],[83.88315,21.8068],[83.88383,21.81008],[83.88368,21.8118],[83.88404,21.81221],[83.89114,21.81249],[83.89526,21.81227],[83.89582,21.81176],[83.89639,21.81016],[83.89661,21.8085],[83.89639,21.80677],[83.89545,21.8044],[83.89449,21.80307],[83.89195,21.80079],[83.89069,21.79916],[83.88905,21.79517],[83.88618,21.79041],[83.88447,21.78861],[83.88126,21.79194],[83.87834,21.79729],[83.87763,21.79947]]]}},{"type":"Feature","properties":{"LCODE":"010130006000600016","LOCATION":"BAUSENPALI(A)","V_TYPE":"VILLAGE","BLOCK":"LAKHANPUR","DISTRICT":"JHARSUGUDA"},"geometry":{"type":"Polygon","coordinates":[[[83.61718,21.78548],[83.61878,21.7872],[83.61903,21.78812],[83.62013,21.78956],[83.62074,21.79111],[83.62068,21.79192],[83.61989,21.79335],[83.61995,21.79404],[83.62062,21.79473],[83.62068,21.79571],[83.61964,21.79777],[83.62019,21.80116],[83.61951,21.80245],[83.62044,21.80312],[83.62069,21.80404],[83.62,21.80606],[83.62388,21.80743],[83.62805,21.81071],[83.63147,21.81167],[83.62971,21.80721],[83.62916,21.7998],[83.62983,21.7971],[83.63039,21.79636],[83.63173,21.79559],[83.63124,21.7944],[83.62749,21.78866],[83.6254,21.7844],[83.62234,21.78135],[83.62032,21.78014],[83.61959,21.78],[83.62019,21.78215],[83.61994,21.78255],[83.6178,21.7833],[83.61761,21.7841],[83.6178,21.78456],[83.61718,21.78548]]]}},{"type":"Feature","properties":{"LCODE":"01018000500050rf","LOCATION":"RF","V_TYPE":"FOREST","BLOCK":"JHARSUGUDA","DISTRICT":"JHARSUGUDA"},"geometry":{"type":"Polygon","coordinates":[[[84.06683,21.80757],[84.06689,21.80831],[84.06739,21.80882],[84.06893,21.80967],[84.07041,21.81138],[84.07079,21.81144],[84.07158,21.81074],[84.07323,21.81027],[84.07395,21.80831],[84.07628,21.80749],[84.0769,21.80754],[84.07649,21.8111],[84.07729,21.81167],[84.07993,21.81153],[84.08165,21.81095],[84.08195,21.81054],[84.08194,21.80945],[84.08291,21.80749],[84.0863,21.80838],[84.08772,21.80806],[84.08958,21.80537],[84.09065,21.8044],[84.08979,21.80037],[84.09076,21.79893],[84.09063,21.79819],[84.08743,21.79741],[84.08681,21.79644],[84.08911,21.792],[84.08929,21.79114],[84.08842,21.7904],[84.08725,21.79006],[84.08663,21.78897],[84.08485,21.78864],[84.08435,21.78796],[84.08398,21.78802],[84.08332,21.78952],[84.08351,21.79078],[84.08334,21.79147],[84.08266,21.79239],[84.08266,21.79865],[84.08224,21.80153],[84.08292,21.80181],[84.08513,21.80075],[84.08635,21.80046],[84.08795,21.8005],[84.08881,21.80147],[84.08882,21.80239],[84.08713,21.80499],[84.08535,21.80523],[84.08227,21.80382],[84.07987,21.80384],[84.07657,21.80496],[84.07307,21.80573],[84.06877,21.80577],[84.06798,21.80601],[84.06683,21.80757]]]}},{"type":"Feature","properties":{"LCODE":"010140006000600007","LOCATION":"PIKOL","V_TYPE":"VILLAGE","BLOCK":"LAKHANPUR","DISTRICT":"JHARSUGUDA"},"geometry":{"type":"Polygon","coordinates":[[[83.73259,21.79079],[83.73259,21.79171],[83.73363,21.79475],[83.73351,21.79756],[83.73376,21.79837],[83.7348,21.79929],[83.73505,21.79992],[83.73486,21.80319],[83.73652,21.80439],[83.74026,21.80532],[83.74088,21.80578],[83.74149,21.80664],[83.7431,21.81071],[83.74358,21.81117],[83.74715,21.81135],[83.75149,21.80984],[83.75719,21.80618],[83.75836,21.80586],[83.76039,21.80577],[83.76221,21.80632],[83.7654,21.8066],[83.77026,21.80553],[83.7721,21.8055],[83.77429,21.8064],[83.7757,21.80653],[83.77613,21.80631],[83.77734,21.80063],[83.77809,21.79967],[83.78045,21.79815],[83.78371,21.79745],[83.78445,21.797],[83.78464,21.79678],[83.78434,21.79614],[83.7829,21.79462],[83.78278,21.79404],[83.78329,21.79336],[83.78704,21.79273],[83.78766,21.79228],[83.78779,21.79182],[83.78694,21.79146],[83.7837,21.79112],[83.78145,21.79022],[83.77648,21.79037],[83.77573,21.78783],[83.77568,21.78703],[83.77618,21.78629],[83.77693,21.78566],[83.77817,21.78522],[83.78327,21.78406],[83.77937,21.77949],[83.77816,21.77872],[83.77626,21.7784],[83.77524,21.77752],[83.7729,21.77449],[83.77248,21.77431],[83.7698,21.77686],[83.76918,21.77708],[83.76888,21.7769],[83.76915,21.77518],[83.76836,21.77494],[83.76756,21.7755],[83.76617,21.77778],[83.76585,21.77852],[83.76595,21.77916],[83.76752,21.78033],[83.76769,21.78465],[83.76677,21.7851],[83.76218,21.78485],[83.7599,21.78505],[83.75713,21.78592],[83.75582,21.78711],[83.75508,21.78727],[83.75362,21.78661],[83.75185,21.78641],[83.75137,21.78589],[83.75116,21.78416],[83.75171,21.78054],[83.75309,21.77872],[83.75918,21.77415],[83.76275,21.76995],[83.76502,21.76619],[83.76598,21.7639],[83.76612,21.76293],[83.76585,21.76143],[83.76482,21.76015],[83.76416,21.75985],[83.76054,21.7599],[83.7597,21.75931],[83.7596,21.75804],[83.76011,21.75679],[83.76022,21.75465],[83.75833,21.75469],[83.75704,21.75679],[83.75691,21.75754],[83.75714,21.75835],[83.75922,21.76172],[83.7614,21.76354],[83.76186,21.76493],[83.76134,21.76659],[83.75932,21.76955],[83.75808,21.77051],[83.75617,21.77117],[83.75388,21.77297],[83.75038,21.77234],[83.74893,21.77156],[83.74596,21.77155],[83.74319,21.77017],[83.74189,21.77049],[83.74062,21.77246],[83.73952,21.77504],[83.73976,21.77722],[83.73669,21.7795],[83.73725,21.78226],[83.73694,21.78444],[83.73541,21.78724],[83.73259,21.79079]]]}},{"type":"Feature","properties":{"LCODE":"010180005000500038","LOCATION":"BHURKAMUNDA","V_TYPE":"VILLAGE","BLOCK":"JHARSUGUDA","DISTRICT":"JHARSUGUDA"},"geometry":{"type":"Polygon","coordinates":[[[84.0402,21.8021],[84.04251,21.80771],[84.04375,21.80977],[84.04374,21.81057],[84.04536,21.81038],[84.04848,21.8091],[84.05167,21.80901],[84.05357,21.80836],[84.0551,21.8076],[84.05631,21.80576],[84.05901,21.8047],[84.05999,21.80463],[84.06196,21.80565],[84.06467,21.80764],[84.06599,21.80828],[84.06693,21.80834],[84.06614,21.80283],[84.06574,21.80223],[84.06492,21.79925],[84.06475,21.79317],[84.06548,21.79015],[84.06398,21.78858],[84.06279,21.78624],[84.06284,21.78348],[84.06234,21.78291],[84.06214,21.78176],[84.06232,21.77992],[84.06357,21.775],[84.06207,21.77532],[84.06059,21.77526],[84.0574,21.77443],[84.05676,21.77531],[84.05618,21.77963],[84.05526,21.78072],[84.05257,21.78247],[84.0526,21.78488],[84.05096,21.78696],[84.04981,21.78996],[84.04755,21.79095],[84.04436,21.79132],[84.04271,21.79231],[84.04179,21.79255],[84.0402,21.8021]]]}},{"type":"Feature","properties":{"LCODE":"010130006000600017","LOCATION":"NUADIHI","V_TYPE":"VILLAGE","BLOCK":"LAKHANPUR","DISTRICT":"JHARSUGUDA"},"geometry":{"type":"Polygon","coordinates":[[[83.60478,21.803],[83.60509,21.80355],[83.6054,21.80631],[83.60577,21.80723],[83.60608,21.80792],[83.60719,21.80867],[83.6078,21.80867],[83.60909,21.80798],[83.60884,21.80649],[83.60945,21.80568],[83.61001,21.80557],[83.61252,21.80569],[83.61369,21.80603],[83.61418,21.80667],[83.61412,21.80759],[83.61504,21.80799],[83.61559,21.80908],[83.61596,21.8092],[83.61664,21.80868],[83.617,21.80897],[83.61839,21.80904],[83.61964,21.80696],[83.62069,21.80404],[83.62044,21.80312],[83.6189,21.80202],[83.61651,21.79955],[83.61488,21.79891],[83.61375,21.8],[83.61166,21.80012],[83.61086,21.80109],[83.60853,21.80241],[83.60478,21.803]]]}},{"type":"Feature","properties":{"LCODE":"010200007000700028","LOCATION":"KULHIAMAL","V_TYPE":"VILLAGE","BLOCK":"KOLABIRA","DISTRICT":"JHARSUGUDA"},"geometry":{"type":"Polygon","coordinates":[[[84.21179,21.79583],[84.21186,21.79663],[84.21261,21.79771],[84.21354,21.80188],[84.21394,21.80257],[84.21505,21.80314],[84.21664,21.80318],[84.22053,21.80401],[84.222,21.80405],[84.22512,21.80305],[84.22665,21.80327],[84.22765,21.80378],[84.23087,21.80702],[84.23408,21.8091],[84.24488,21.80232],[84.24969,21.80054],[84.25179,21.80069],[84.25223,21.80101],[84.25436,21.79506],[84.25626,21.79258],[84.25742,21.79051],[84.25764,21.78841],[84.25375,21.79062],[84.25296,21.79149],[84.25198,21.79143],[84.25082,21.79108],[84.24902,21.78992],[84.24818,21.78838],[84.24718,21.78516],[84.24509,21.78583],[84.24184,21.78625],[84.23913,21.78547],[84.23723,21.78566],[84.23544,21.78499],[84.23482,21.78396],[84.23455,21.78201],[84.23589,21.78149],[84.23626,21.78103],[84.23587,21.7792],[84.23505,21.77749],[84.23497,21.77502],[84.23318,21.77424],[84.23293,21.77366],[84.2334,21.77148],[84.23223,21.77115],[84.2318,21.7707],[84.23073,21.76807],[84.2282,21.76677],[84.22752,21.76592],[84.22731,21.76476],[84.22543,21.76531],[84.22308,21.76537],[84.22041,21.76528],[84.2193,21.76484],[84.21893,21.76547],[84.21906,21.76695],[84.22018,21.76878],[84.21952,21.76993],[84.21916,21.77131],[84.22009,21.77222],[84.22022,21.77273],[84.22127,21.77278],[84.22169,21.77318],[84.22177,21.7745],[84.22245,21.77524],[84.2235,21.77563],[84.22469,21.77734],[84.22469,21.77814],[84.22421,21.779],[84.22183,21.78068],[84.21877,21.78815],[84.21786,21.78936],[84.21592,21.79098],[84.21304,21.79261],[84.21179,21.79583]]]}},{"type":"Feature","properties":{"LCODE":"010140006000600005","LOCATION":"KUDALOI","V_TYPE":"VILLAGE","BLOCK":"LAKHANPUR","DISTRICT":"JHARSUGUDA"},"geometry":{"type":"Polygon","coordinates":[[[83.79865,21.79096],[83.79874,21.79275],[83.79945,21.79431],[83.80399,21.79818],[83.80402,21.79962],[83.80464,21.80227],[83.80555,21.80327],[83.80817,21.80377],[83.80832,21.80445],[83.80919,21.80516],[83.81175,21.80613],[83.8123,21.80625],[83.81365,21.80581],[83.81554,21.80647],[83.81628,21.80608],[83.81702,21.80609],[83.81769,21.80651],[83.81847,21.80767],[83.81968,21.80844],[83.82176,21.8083],[83.82354,21.80856],[83.82403,21.80845],[83.82645,21.80659],[83.83193,21.80521],[83.83241,21.8022],[83.83273,21.80203],[83.83382,21.80256],[83.83443,21.80246],[83.8346,21.79982],[83.83661,21.79709],[83.83735,21.79675],[83.83863,21.79712],[83.83949,21.7969],[83.84177,21.79246],[83.84211,21.79074],[83.84171,21.7869],[83.83929,21.7873],[83.83571,21.78902],[83.83392,21.78951],[83.83295,21.78921],[83.83119,21.78757],[83.82998,21.78698],[83.82921,21.78564],[83.82798,21.78194],[83.82832,21.77982],[83.82807,21.77642],[83.8252,21.77609],[83.82359,21.77388],[83.82243,21.7734],[83.81975,21.77266],[83.81315,21.77164],[83.81192,21.77167],[83.80777,21.77318],[83.80782,21.77489],[83.8075,21.7758],[83.80662,21.77745],[83.80486,21.77927],[83.80496,21.78088],[83.80393,21.78339],[83.80267,21.78544],[83.79885,21.79022],[83.79865,21.79096]]]}},{"type":"Feature","properties":{"LCODE":"010130006000600013","LOCATION":"CHUIKHANCH","V_TYPE":"VILLAGE","BLOCK":"LAKHANPUR","DISTRICT":"JHARSUGUDA"},"geometry":{"type":"Polygon","coordinates":[[[83.6629,21.79577],[83.6647,21.80032],[83.66568,21.80164],[83.67047,21.80423],[83.67075,21.80739],[83.67325,21.80822],[83.67564,21.80785],[83.67538,21.80636],[83.67575,21.80166],[83.67618,21.79965],[83.67716,21.79781],[83.67759,21.79604],[83.67624,21.79127],[83.67486,21.78863],[83.6736,21.78971],[83.66875,21.79143],[83.66629,21.79326],[83.66488,21.79532],[83.6629,21.79577]]]}},{"type":"Feature","properties":{"LCODE":"01018000500050rf","LOCATION":"RF","V_TYPE":"FOREST","BLOCK":"JHARSUGUDA","DISTRICT":"JHARSUGUDA"},"geometry":{"type":"Polygon","coordinates":[[[83.95382,21.80682],[83.95412,21.80757],[83.95472,21.80804],[83.95552,21.80806],[83.95663,21.80773],[83.95811,21.80677],[83.95837,21.8058],[83.96063,21.80257],[83.96062,21.79981],[83.96163,21.79776],[83.96635,21.79428],[83.96889,21.79179],[83.96984,21.79008],[83.96906,21.78869],[83.96469,21.78638],[83.96322,21.78642],[83.95845,21.78973],[83.95416,21.79316],[83.95435,21.79339],[83.95557,21.7933],[83.95569,21.7937],[83.95487,21.79507],[83.95555,21.79829],[83.95534,21.8003],[83.95406,21.8039],[83.95382,21.80682]]]}},{"type":"Feature","properties":{"LCODE":"010130006000600022","LOCATION":"BAUSENPALI(B)","V_TYPE":"VILLAGE","BLOCK":"LAKHANPUR","DISTRICT":"JHARSUGUDA"},"geometry":{"type":"Polygon","coordinates":[[[83.54383,21.80246],[83.54458,21.80436],[83.54425,21.8054],[83.54549,21.80662],[83.54788,21.80748],[83.54942,21.80691],[83.55046,21.80789],[83.55212,21.80789],[83.55715,21.80687],[83.56151,21.80676],[83.56586,21.80533],[83.56544,21.80303],[83.56593,21.80102],[83.56568,21.79952],[83.56482,21.79797],[83.56059,21.7925],[83.56085,21.792],[83.55923,21.79014],[83.55856,21.78888],[83.55825,21.78761],[83.55837,21.78663],[83.55746,21.78462],[83.55614,21.78364],[83.55678,21.78519],[83.55629,21.7864],[83.55494,21.78835],[83.55193,21.7907],[83.5515,21.79128],[83.55107,21.7934],[83.5499,21.79553],[83.54708,21.79869],[83.54482,21.80179],[83.54383,21.80246]]]}},{"type":"Feature","properties":{"LCODE":"010130006000600039","LOCATION":"JHARGAON (A)","V_TYPE":"VILLAGE","BLOCK":"LAKHANPUR","DISTRICT":"JHARSUGUDA"},"geometry":{"type":"Polygon","coordinates":[[[83.67486,21.78863],[83.67624,21.79127],[83.67759,21.79604],[83.67716,21.79781],[83.67618,21.79965],[83.67575,21.80166],[83.67538,21.80636],[83.67564,21.80785],[83.68891,21.80089],[83.69006,21.79112],[83.69061,21.78987],[83.69164,21.78936],[83.69347,21.78955],[83.69453,21.78264],[83.69434,21.78023],[83.69244,21.7777],[83.69032,21.77381],[83.68796,21.77459],[83.68605,21.77654],[83.68409,21.77791],[83.68217,21.78015],[83.6828,21.78049],[83.68237,21.78106],[83.6793,21.78318],[83.67486,21.78863]]]}},{"type":"Feature","properties":{"LCODE":"010180005000500035","LOCATION":"KHERUAL","V_TYPE":"VILLAGE","BLOCK":"JHARSUGUDA","DISTRICT":"JHARSUGUDA"},"geometry":{"type":"Polygon","coordinates":[[[84.00404,21.79227],[84.00417,21.79302],[84.00546,21.79456],[84.0075,21.79621],[84.00793,21.79713],[84.00784,21.80069],[84.00803,21.80207],[84.00884,21.80362],[84.00977,21.80516],[84.01169,21.80733],[84.01274,21.8078],[84.01444,21.80552],[84.01755,21.80257],[84.02384,21.79849],[84.02592,21.79756],[84.02774,21.79605],[84.02671,21.7956],[84.02485,21.79257],[84.02496,21.79153],[84.02663,21.78918],[84.02622,21.78802],[84.02615,21.78658],[84.02644,21.78463],[84.02595,21.78314],[84.02511,21.78203],[84.02405,21.78443],[84.0206,21.78724],[84.01382,21.78879],[84.01212,21.78951],[84.009,21.79005],[84.00666,21.79013],[84.00614,21.78987],[84.00587,21.79054],[84.00428,21.79164],[84.00404,21.79227]]]}},{"type":"Feature","properties":{"LCODE":"010200007000700024","LOCATION":"SANYASIPALI","V_TYPE":"VILLAGE","BLOCK":"KOLABIRA","DISTRICT":"JHARSUGUDA"},"geometry":{"type":"Polygon","coordinates":[[[84.17806,21.7996],[84.17866,21.80407],[84.17891,21.80486],[84.17971,21.80537],[84.18143,21.80565],[84.18198,21.80484],[84.18574,21.80636],[84.18795,21.80663],[84.19102,21.80648],[84.19296,21.80429],[84.19376,21.80446],[84.19395,21.80491],[84.19366,21.80779],[84.19506,21.80571],[84.19661,21.80076],[84.1966,21.79951],[84.19534,21.79665],[84.19441,21.79499],[84.19323,21.79374],[84.19194,21.7933],[84.19041,21.79331],[84.18918,21.79372],[84.18807,21.79361],[84.18634,21.79254],[84.18487,21.79203],[84.18285,21.79234],[84.17997,21.79362],[84.17834,21.79347],[84.17847,21.79713],[84.17806,21.7996]]]}},{"type":"Feature","properties":{"LCODE":"01013000600060rf","LOCATION":"RF","V_TYPE":"FOREST","BLOCK":"LAKHANPUR","DISTRICT":"JHARSUGUDA"},"geometry":{"type":"Polygon","coordinates":[[[83.50626,21.80374],[83.50663,21.80558],[83.50751,21.80737],[83.51329,21.80424],[83.51686,21.80322],[83.51965,21.80117],[83.5219,21.80064],[83.52367,21.79907],[83.5274,21.79754],[83.52831,21.79744],[83.52899,21.79825],[83.53035,21.79856],[83.53137,21.79856],[83.53197,21.79812],[83.53865,21.79797],[83.54002,21.79632],[83.54327,21.79328],[83.55236,21.78634],[83.55328,21.78525],[83.55432,21.7849],[83.55524,21.78519],[83.55586,21.7845],[83.55402,21.78295],[83.5531,21.78266],[83.54978,21.78397],[83.53812,21.78666],[83.53702,21.78717],[83.53535,21.7863],[83.53444,21.7863],[83.53136,21.78728],[83.52879,21.78761],[83.52701,21.78687],[83.5259,21.78686],[83.52179,21.78898],[83.51903,21.79001],[83.51344,21.79368],[83.50933,21.79897],[83.50632,21.8019],[83.50626,21.80374]]]}},{"type":"Feature","properties":{"LCODE":"010180005000500039","LOCATION":"KATIKELA","V_TYPE":"VILLAGE","BLOCK":"JHARSUGUDA","DISTRICT":"JHARSUGUDA"},"geometry":{"type":"Polygon","coordinates":[[[84.06214,21.78176],[84.06234,21.78291],[84.06284,21.78348],[84.06279,21.78624],[84.06398,21.78858],[84.06548,21.79015],[84.06613,21.78937],[84.06699,21.78936],[84.06786,21.78976],[84.07393,21.78976],[84.07375,21.79086],[84.07486,21.79102],[84.07516,21.7897],[84.07626,21.78957],[84.07694,21.79077],[84.07768,21.79037],[84.07767,21.78968],[84.07835,21.7895],[84.07903,21.78972],[84.07935,21.8],[84.07906,21.80184],[84.0787,21.80247],[84.07681,21.80375],[84.07404,21.80389],[84.07306,21.80436],[84.06938,21.80513],[84.06883,21.80496],[84.06614,21.80283],[84.06692,21.80736],[84.06798,21.80601],[84.06877,21.80577],[84.07307,21.80573],[84.07657,21.80496],[84.07987,21.80384],[84.08227,21.80382],[84.08535,21.80523],[84.08713,21.80499],[84.08779,21.80424],[84.08882,21.80239],[84.08881,21.80147],[84.08795,21.8005],[84.08635,21.80046],[84.08513,21.80075],[84.08292,21.80181],[84.08224,21.80153],[84.08266,21.79865],[84.08266,21.79239],[84.08334,21.79147],[84.08351,21.79078],[84.08332,21.78952],[84.08398,21.78802],[84.08435,21.78796],[84.08485,21.78864],[84.08663,21.78897],[84.08725,21.79006],[84.08842,21.7904],[84.08929,21.79114],[84.08911,21.792],[84.08681,21.79644],[84.08743,21.79741],[84.09063,21.79819],[84.09076,21.79893],[84.08979,21.80037],[84.09065,21.8044],[84.09459,21.8016],[84.09772,21.79434],[84.09825,21.79169],[84.09834,21.78802],[84.09913,21.78578],[84.09941,21.78365],[84.09853,21.78202],[84.09709,21.78109],[84.09531,21.77918],[84.09255,21.77526],[84.0896,21.77292],[84.0885,21.77243],[84.0857,21.77206],[84.08024,21.77182],[84.07404,21.77182],[84.07133,21.77218],[84.06894,21.77304],[84.06722,21.77415],[84.06357,21.775],[84.06232,21.77992],[84.06214,21.78176]]]}},{"type":"Feature","properties":{"LCODE":"010200007000700036","LOCATION":"BAIRAGIDIHI","V_TYPE":"VILLAGE","BLOCK":"KOLABIRA","DISTRICT":"JHARSUGUDA"},"geometry":{"type":"Polygon","coordinates":[[[84.26701,21.79144],[84.26768,21.7942],[84.26829,21.79535],[84.26933,21.79639],[84.27163,21.79777],[84.2725,21.80197],[84.27164,21.80329],[84.27171,21.80439],[84.27201,21.80479],[84.27268,21.80502],[84.27579,21.80502],[84.27671,21.80577],[84.27849,21.80652],[84.27946,21.80618],[84.28096,21.80496],[84.28087,21.80353],[84.27965,21.80272],[84.27574,21.80174],[84.2747,21.79904],[84.27599,21.79525],[84.27599,21.79375],[84.2755,21.7926],[84.27403,21.79128],[84.27177,21.79012],[84.2711,21.78909],[84.27115,21.78863],[84.27068,21.78828],[84.2697,21.78886],[84.26793,21.78903],[84.2675,21.78937],[84.26701,21.79052],[84.26701,21.79144]]]}},{"type":"Feature","properties":{"LCODE":"010130006000600021","LOCATION":"ATTABIRA","V_TYPE":"VILLAGE","BLOCK":"LAKHANPUR","DISTRICT":"JHARSUGUDA"},"geometry":{"type":"Polygon","coordinates":[[[83.56544,21.80303],[83.56556,21.80386],[83.56599,21.80366],[83.56979,21.80367],[83.57139,21.80333],[83.57213,21.80373],[83.57256,21.80465],[83.57477,21.80437],[83.57858,21.80558],[83.5798,21.80529],[83.58355,21.8053],[83.58582,21.8049],[83.58999,21.80399],[83.59116,21.80336],[83.59153,21.80215],[83.59398,21.79888],[83.59435,21.79721],[83.59447,21.78693],[83.59337,21.78193],[83.59367,21.78101],[83.5951,21.78],[83.59263,21.77831],[83.59189,21.77732],[83.58582,21.78082],[83.58391,21.78134],[83.58266,21.78094],[83.58231,21.78208],[83.58342,21.78358],[83.58372,21.78467],[83.58225,21.78622],[83.58219,21.78754],[83.58152,21.79012],[83.58066,21.79208],[83.57753,21.79558],[83.57642,21.79638],[83.57188,21.79827],[83.569,21.79993],[83.56578,21.80011],[83.56593,21.80102],[83.56544,21.80303]]]}},{"type":"Feature","properties":{"LCODE":"010130006000600020","LOCATION":"RENGALI","V_TYPE":"VILLAGE","BLOCK":"LAKHANPUR","DISTRICT":"JHARSUGUDA"},"geometry":{"type":"Polygon","coordinates":[[[83.59116,21.80336],[83.59184,21.8037],[83.59245,21.80468],[83.59294,21.80497],[83.59367,21.8048],[83.59393,21.80543],[83.59423,21.80514],[83.60117,21.8032],[83.60452,21.80297],[83.6046,21.80114],[83.60399,21.79781],[83.603,21.7947],[83.60159,21.79153],[83.59962,21.79228],[83.59452,21.79296],[83.59435,21.79721],[83.59398,21.79888],[83.59153,21.80215],[83.59116,21.80336]]]}},{"type":"Feature","properties":{"LCODE":"01018000500050rf","LOCATION":"RF","V_TYPE":"FOREST","BLOCK":"JHARSUGUDA","DISTRICT":"JHARSUGUDA"},"geometry":{"type":"Polygon","coordinates":[[[84.06475,21.79317],[84.06492,21.79925],[84.06574,21.80223],[84.06667,21.80343],[84.0679,21.80405],[84.06883,21.80496],[84.06938,21.80513],[84.07306,21.80436],[84.07404,21.80389],[84.07681,21.80375],[84.0787,21.80247],[84.07906,21.80184],[84.07935,21.8],[84.07903,21.78972],[84.07835,21.7895],[84.07767,21.78968],[84.07768,21.79037],[84.07694,21.79077],[84.07626,21.78957],[84.07516,21.7897],[84.07486,21.79102],[84.07375,21.79086],[84.07393,21.78976],[84.06786,21.78976],[84.06699,21.78936],[84.06613,21.78937],[84.06564,21.78977],[84.06504,21.79121],[84.06475,21.79317]]]}},{"type":"Feature","properties":{"LCODE":"010200007000700035","LOCATION":"LARIAPALI","V_TYPE":"VILLAGE","BLOCK":"KOLABIRA","DISTRICT":"JHARSUGUDA"},"geometry":{"type":"Polygon","coordinates":[[[84.2711,21.78909],[84.27177,21.79012],[84.27403,21.79128],[84.2755,21.7926],[84.27599,21.79375],[84.27599,21.79525],[84.2747,21.79904],[84.27574,21.80174],[84.27965,21.80272],[84.28087,21.80353],[84.28096,21.80496],[84.28447,21.80417],[84.28808,21.80497],[84.28936,21.80463],[84.29034,21.80486],[84.2943,21.80095],[84.29773,21.80026],[84.29952,21.799],[84.2983,21.7967],[84.29731,21.79595],[84.29538,21.79614],[84.29513,21.79496],[84.29644,21.79471],[84.29662,21.79321],[84.29451,21.79172],[84.29327,21.79153],[84.29264,21.7906],[84.29278,21.78861],[84.28924,21.79054],[84.28881,21.79025],[84.2879,21.78807],[84.28747,21.78772],[84.286,21.78881],[84.28307,21.79324],[84.2832,21.79393],[84.28417,21.79497],[84.28381,21.79646],[84.28136,21.79646],[84.27953,21.79019],[84.27874,21.78961],[84.27599,21.78903],[84.27574,21.78857],[84.27581,21.7857],[84.27544,21.78397],[84.27232,21.78112],[84.27196,21.78541],[84.2711,21.78909]]]}},{"type":"Feature","properties":{"LCODE":"010180005000500026","LOCATION":"MALDA","V_TYPE":"VILLAGE","BLOCK":"JHARSUGUDA","DISTRICT":"JHARSUGUDA"},"geometry":{"type":"Polygon","coordinates":[[[83.9499,21.79284],[83.95157,21.79473],[83.9521,21.79594],[83.95212,21.79841],[83.95552,21.79803],[83.95487,21.79507],[83.95569,21.7937],[83.95557,21.7933],[83.95435,21.79339],[83.95416,21.79316],[83.96204,21.78715],[83.96322,21.78642],[83.96469,21.78638],[83.96906,21.78869],[83.96984,21.79008],[83.96889,21.79179],[83.96635,21.79428],[83.96163,21.79776],[83.96098,21.79906],[83.96183,21.8004],[83.96295,21.80333],[83.96632,21.79915],[83.96862,21.7973],[83.97518,21.79321],[83.97842,21.79034],[83.97955,21.78858],[83.97995,21.7864],[83.97995,21.78227],[83.97904,21.7737],[83.97942,21.76923],[83.98046,21.7654],[83.98244,21.76056],[83.98347,21.75665],[83.98451,21.75466],[83.98176,21.75748],[83.97984,21.75803],[83.97956,21.76045],[83.97874,21.76204],[83.97421,21.76605],[83.97315,21.76672],[83.97173,21.76715],[83.97245,21.76826],[83.97349,21.76885],[83.97379,21.76943],[83.9735,21.77183],[83.97305,21.77303],[83.97174,21.7745],[83.96841,21.77623],[83.96768,21.77926],[83.96333,21.78349],[83.95939,21.78819],[83.95808,21.78932],[83.95463,21.79116],[83.9537,21.79126],[83.95129,21.79048],[83.9499,21.79284]],[[83.9652,21.78507],[83.96725,21.78292],[83.9682,21.78122],[83.97058,21.77821],[83.97212,21.77738],[83.97267,21.7775],[83.97297,21.77843],[83.97182,21.78145],[83.9724,21.78284],[83.97097,21.78465],[83.96962,21.78491],[83.9696,21.78612],[83.96935,21.78652],[83.96891,21.7868],[83.96769,21.78678],[83.96526,21.78542],[83.9652,21.78507]]]}},{"type":"Feature","properties":{"LCODE":"010130006000600019","LOCATION":"SUKALPALI","V_TYPE":"VILLAGE","BLOCK":"LAKHANPUR","DISTRICT":"JHARSUGUDA"},"geometry":{"type":"Polygon","coordinates":[[[83.60284,21.79428],[83.60399,21.79781],[83.6046,21.80114],[83.60452,21.80297],[83.60853,21.80241],[83.61086,21.80109],[83.61166,21.80012],[83.61375,21.8],[83.61491,21.79886],[83.61393,21.79564],[83.61375,21.79328],[83.61227,21.79414],[83.60687,21.79373],[83.60284,21.79428]]]}},{"type":"Feature","properties":{"LCODE":"010130006000600023","LOCATION":"KADAMGHAT","V_TYPE":"VILLAGE","BLOCK":"LAKHANPUR","DISTRICT":"JHARSUGUDA"},"geometry":{"type":"Polygon","coordinates":[[[83.53865,21.79797],[83.54173,21.79801],[83.54338,21.79854],[83.54385,21.7995],[83.54325,21.80089],[83.54383,21.80246],[83.54482,21.80179],[83.54708,21.79869],[83.5499,21.79553],[83.55107,21.7934],[83.5515,21.79128],[83.55494,21.78835],[83.55629,21.7864],[83.55678,21.78519],[83.55614,21.78364],[83.55514,21.78392],[83.55586,21.7845],[83.55574,21.7849],[83.55524,21.78519],[83.55432,21.7849],[83.55328,21.78525],[83.55236,21.78634],[83.54327,21.79328],[83.54002,21.79632],[83.53865,21.79797]]]}},{"type":"Feature","properties":{"LCODE":"010130006000600018","LOCATION":"BANJIPALI","V_TYPE":"VILLAGE","BLOCK":"LAKHANPUR","DISTRICT":"JHARSUGUDA"},"geometry":{"type":"Polygon","coordinates":[[[83.61375,21.79317],[83.61393,21.79564],[83.61488,21.79891],[83.61651,21.79955],[83.61951,21.80245],[83.62019,21.80116],[83.61964,21.79777],[83.62056,21.79634],[83.62074,21.79531],[83.62062,21.79473],[83.61995,21.79404],[83.61989,21.79335],[83.62068,21.79192],[83.62074,21.79111],[83.62013,21.78956],[83.61919,21.78835],[83.61602,21.79162],[83.61491,21.7926],[83.61375,21.79317]]]}},{"type":"Feature","properties":{"LCODE":"010130006000600025","LOCATION":"KUHAKUNDA","V_TYPE":"VILLAGE","BLOCK":"LAKHANPUR","DISTRICT":"JHARSUGUDA"},"geometry":{"type":"Polygon","coordinates":[[[83.487,21.7949],[83.489,21.79743],[83.48966,21.80098],[83.48958,21.80202],[83.4958,21.79786],[83.49876,21.79691],[83.50024,21.79705],[83.50405,21.79654],[83.51129,21.79379],[83.51458,21.79162],[83.51062,21.78816],[83.50764,21.78248],[83.50595,21.78263],[83.5035,21.78498],[83.4998,21.78794],[83.49786,21.79091],[83.49592,21.79318],[83.49301,21.79446],[83.487,21.7949]]]}},{"type":"Feature","properties":{"LCODE":"010162005000500030","LOCATION":"KUDOPALI","V_TYPE":"VILLAGE","BLOCK":"JHARSUGUDA","DISTRICT":"JHARSUGUDA"},"geometry":{"type":"Polygon","coordinates":[[[83.88447,21.78861],[83.88618,21.79041],[83.88905,21.79517],[83.89069,21.79916],[83.89165,21.80034],[83.89276,21.80005],[83.90379,21.8004],[83.90545,21.79997],[83.9109,21.79661],[83.91352,21.79554],[83.91406,21.7943],[83.91441,21.79224],[83.91418,21.79074],[83.91276,21.78819],[83.91199,21.78611],[83.91171,21.78433],[83.91216,21.7803],[83.91063,21.77977],[83.90989,21.7797],[83.9062,21.7805],[83.90318,21.78137],[83.90176,21.78221],[83.89938,21.78194],[83.89698,21.78225],[83.89497,21.78159],[83.89,21.78197],[83.88954,21.78351],[83.88885,21.78447],[83.88729,21.78629],[83.88447,21.78861]]]}},{"type":"Feature","properties":{"LCODE":"010130006000600030","LOCATION":"CHIKHILAPALI","V_TYPE":"VILLAGE","BLOCK":"LAKHANPUR","DISTRICT":"JHARSUGUDA"},"geometry":{"type":"Polygon","coordinates":[[[83.56059,21.7925],[83.56482,21.79797],[83.56578,21.80011],[83.569,21.79993],[83.57188,21.79827],[83.57642,21.79638],[83.57839,21.79466],[83.58115,21.79122],[83.58219,21.78754],[83.58225,21.78622],[83.58372,21.78467],[83.58342,21.78358],[83.58231,21.78208],[83.58266,21.78094],[83.58045,21.78001],[83.57955,21.78093],[83.5771,21.7815],[83.57612,21.78241],[83.57544,21.78414],[83.57366,21.78649],[83.57102,21.78861],[83.56992,21.78918],[83.56648,21.78958],[83.56544,21.79136],[83.56304,21.7921],[83.56085,21.792],[83.56059,21.7925]]]}},{"type":"Feature","properties":{"LCODE":"01013000600060rf","LOCATION":"RF","V_TYPE":"FOREST","BLOCK":"LAKHANPUR","DISTRICT":"JHARSUGUDA"},"geometry":{"type":"Polygon","coordinates":[[[83.65611,21.79807],[83.65641,21.7999],[83.6569,21.80013],[83.6577,21.79996],[83.65997,21.79847],[83.66236,21.79607],[83.66488,21.79532],[83.66629,21.79326],[83.66875,21.79143],[83.6736,21.78971],[83.67482,21.78868],[83.6793,21.78318],[83.68237,21.78106],[83.6828,21.78049],[83.68237,21.78009],[83.67421,21.78271],[83.67249,21.783],[83.66838,21.78511],[83.66371,21.78866],[83.66218,21.79021],[83.66003,21.79141],[83.65868,21.79308],[83.66034,21.79337],[83.66034,21.79423],[83.65899,21.79566],[83.65696,21.79692],[83.65611,21.79807]]]}},{"type":"Feature","properties":{"LCODE":"010180005000500036","LOCATION":"BHAGIPALI","V_TYPE":"VILLAGE","BLOCK":"JHARSUGUDA","DISTRICT":"JHARSUGUDA"},"geometry":{"type":"Polygon","coordinates":[[[84.02485,21.79257],[84.02671,21.7956],[84.02733,21.79605],[84.02935,21.79615],[84.03157,21.79677],[84.0328,21.79773],[84.03391,21.79807],[84.03397,21.7987],[84.03447,21.79893],[84.03508,21.79881],[84.0363,21.79748],[84.03716,21.7973],[84.0384,21.7993],[84.04075,21.79924],[84.04179,21.79353],[84.04178,21.7918],[84.04109,21.78991],[84.03892,21.78671],[84.03683,21.7861],[84.03168,21.7866],[84.02953,21.78753],[84.02728,21.78922],[84.02663,21.78918],[84.02496,21.79153],[84.02485,21.79257]]]}},{"type":"Feature","properties":{"LCODE":"010200007000700016","LOCATION":"SALEPALI","V_TYPE":"VILLAGE","BLOCK":"KOLABIRA","DISTRICT":"JHARSUGUDA"},"geometry":{"type":"Polygon","coordinates":[[[84.11716,21.78852],[84.1207,21.79037],[84.12453,21.79292],[84.12695,21.79548],[84.12856,21.79788],[84.13116,21.79918],[84.13428,21.79904],[84.1401,21.79731],[84.14117,21.79307],[84.14109,21.79129],[84.1404,21.78838],[84.1384,21.78489],[84.13766,21.78158],[84.13636,21.78195],[84.13421,21.7833],[84.13084,21.78465],[84.12949,21.78489],[84.12476,21.78477],[84.12181,21.78502],[84.11868,21.78698],[84.11716,21.78852]]]}},{"type":"Feature","properties":{"LCODE":"010200007000700020","LOCATION":"SAMASINGHA","V_TYPE":"VILLAGE","BLOCK":"KOLABIRA","DISTRICT":"JHARSUGUDA"},"geometry":{"type":"Polygon","coordinates":[[[84.15562,21.77537],[84.15725,21.77867],[84.15745,21.78078],[84.15828,21.78399],[84.16447,21.78262],[84.16649,21.78261],[84.16663,21.78392],[84.1659,21.78542],[84.16568,21.78812],[84.16705,21.78983],[84.1766,21.79359],[84.17997,21.79362],[84.18388,21.79204],[84.18536,21.79214],[84.18807,21.79361],[84.18918,21.79372],[84.19041,21.79331],[84.19194,21.7933],[84.19323,21.79374],[84.19441,21.79499],[84.1959,21.79783],[84.19818,21.79783],[84.19916,21.79765],[84.19952,21.7973],[84.19821,21.79508],[84.19808,21.79422],[84.19833,21.79353],[84.19899,21.79261],[84.2057,21.78797],[84.20606,21.78751],[84.20593,21.78688],[84.2045,21.78483],[84.20474,21.78408],[84.20528,21.78333],[84.20845,21.78119],[84.20345,21.7771],[84.20276,21.7759],[84.20219,21.77385],[84.20138,21.7661],[84.19775,21.7654],[84.19616,21.76564],[84.19014,21.76505],[84.1889,21.76323],[84.1813,21.75657],[84.1796,21.75784],[84.17736,21.7587],[84.17432,21.75917],[84.17069,21.76034],[84.16774,21.76254],[84.16654,21.76426],[84.16525,21.76543],[84.16101,21.7666],[84.16028,21.76715],[84.15905,21.76905],[84.1569,21.77409],[84.15562,21.77537]]]}},{"type":"Feature","properties":{"LCODE":"010200007000700023","LOCATION":"KUSUMDIHI","V_TYPE":"VILLAGE","BLOCK":"KOLABIRA","DISTRICT":"JHARSUGUDA"},"geometry":{"type":"Polygon","coordinates":[[[84.19808,21.79422],[84.19821,21.79508],[84.1995,21.79721],[84.20039,21.79758],[84.21014,21.79624],[84.21183,21.79627],[84.21304,21.79261],[84.21464,21.79185],[84.21786,21.78936],[84.21877,21.78815],[84.21983,21.78569],[84.21671,21.78473],[84.21506,21.78463],[84.21345,21.78361],[84.21142,21.78306],[84.20845,21.78119],[84.20528,21.78333],[84.20474,21.78408],[84.2045,21.78483],[84.20593,21.78688],[84.20606,21.78751],[84.2057,21.78797],[84.19899,21.79261],[84.19808,21.79422]]]}},{"type":"Feature","properties":{"LCODE":"010200007000700018","LOCATION":"TAREKELA","V_TYPE":"VILLAGE","BLOCK":"KOLABIRA","DISTRICT":"JHARSUGUDA"},"geometry":{"type":"Polygon","coordinates":[[[84.13766,21.78158],[84.1384,21.78489],[84.1404,21.78838],[84.14109,21.79129],[84.14117,21.79307],[84.1401,21.79731],[84.14348,21.79695],[84.14544,21.79711],[84.14949,21.79645],[84.15183,21.79545],[84.15217,21.79465],[84.15359,21.79481],[84.15446,21.79583],[84.15501,21.79583],[84.15752,21.79512],[84.16009,21.79384],[84.16261,21.79451],[84.16359,21.7945],[84.16444,21.79432],[84.16573,21.79345],[84.16738,21.79338],[84.17301,21.79234],[84.17216,21.79173],[84.17043,21.79129],[84.1672,21.78989],[84.16637,21.79041],[84.16398,21.79048],[84.16059,21.78913],[84.15954,21.78822],[84.15867,21.78634],[84.15836,21.78399],[84.15745,21.78078],[84.15725,21.77867],[84.15562,21.77537],[84.15408,21.77685],[84.15211,21.7782],[84.15057,21.77857],[84.14787,21.77765],[84.14701,21.77697],[84.14529,21.77673],[84.14382,21.77777],[84.14204,21.78053],[84.13955,21.78146],[84.13766,21.78158]]]}},{"type":"Feature","properties":{"LCODE":"01013000600060rf","LOCATION":"RF","V_TYPE":"FOREST","BLOCK":"LAKHANPUR","DISTRICT":"JHARSUGUDA"},"geometry":{"type":"Polygon","coordinates":[[[83.63265,21.79533],[83.63339,21.79648],[83.63419,21.79688],[83.63738,21.79671],[83.63904,21.79706],[83.63965,21.79677],[83.64137,21.79729],[83.64806,21.79587],[83.6488,21.79667],[83.64954,21.79645],[83.65064,21.79547],[83.64788,21.79334],[83.64548,21.79196],[83.64481,21.79133],[83.64456,21.78983],[83.64253,21.78834],[83.64192,21.78845],[83.64118,21.78943],[83.63959,21.79005],[83.63866,21.78982],[83.63854,21.78902],[83.64008,21.78678],[83.63983,21.78621],[83.63934,21.78592],[83.6386,21.78649],[83.63511,21.79091],[83.63584,21.79177],[83.63603,21.79275],[83.63265,21.79533]]]}},{"type":"Feature","properties":{"LCODE":"01020000700070rf","LOCATION":"RF","V_TYPE":"FOREST","BLOCK":"KOLABIRA","DISTRICT":"JHARSUGUDA"},"geometry":{"type":"Polygon","coordinates":[[[84.24309,21.77639],[84.24352,21.77719],[84.24576,21.77946],[84.24735,21.78604],[84.24902,21.78992],[84.25137,21.79131],[84.25284,21.79155],[84.25375,21.79062],[84.25669,21.78879],[84.26151,21.78666],[84.2625,21.78471],[84.26341,21.77913],[84.26396,21.77781],[84.26604,21.77614],[84.2669,21.77637],[84.26842,21.77758],[84.27544,21.78397],[84.27581,21.7857],[84.27574,21.78857],[84.27599,21.78903],[84.2766,21.78932],[84.27874,21.78961],[84.27953,21.79019],[84.28136,21.79646],[84.28381,21.79646],[84.28417,21.79497],[84.2832,21.79393],[84.28307,21.79324],[84.28405,21.79146],[84.2868,21.78801],[84.28747,21.78772],[84.2879,21.78807],[84.28881,21.79025],[84.28924,21.79054],[84.29278,21.78861],[84.29301,21.78782],[84.29276,21.78599],[84.29177,21.78294],[84.29177,21.78213],[84.29282,21.78076],[84.2927,21.77628],[84.29115,21.77466],[84.28872,21.7736],[84.28903,21.7703],[84.2889,21.76694],[84.28748,21.7657],[84.28579,21.76489],[84.28579,21.76296],[84.28542,21.76209],[84.28468,21.76147],[84.28336,21.76134],[84.27956,21.76171],[84.27895,21.76128],[84.27789,21.75961],[84.27676,21.7596],[84.27521,21.76022],[84.27409,21.76034],[84.27203,21.75941],[84.27091,21.75854],[84.26942,21.75854],[84.26425,21.76283],[84.26363,21.76364],[84.26431,21.7642],[84.26425,21.76514],[84.2635,21.76545],[84.26176,21.76526],[84.26139,21.76682],[84.2607,21.76694],[84.25934,21.76458],[84.25883,21.76451],[84.25853,21.76551],[84.25817,21.76573],[84.25951,21.77119],[84.25975,21.77441],[84.25908,21.77573],[84.25835,21.77613],[84.25609,21.77665],[84.25487,21.77762],[84.2542,21.77716],[84.25371,21.77607],[84.25346,21.77365],[84.25163,21.77204],[84.25096,21.77054],[84.25013,21.76674],[84.24754,21.76872],[84.24657,21.76898],[84.24563,21.76878],[84.24493,21.77117],[84.24489,21.77266],[84.24368,21.7741],[84.24309,21.77639]],[[84.27481,21.77498],[84.27739,21.7732],[84.2834,21.77231],[84.28503,21.77398],[84.28531,21.77782],[84.28251,21.77772],[84.2787,21.78222],[84.27788,21.78077],[84.27518,21.77864],[84.27481,21.77498]]]}},{"type":"Feature","properties":{"LCODE":"010130006000600014","LOCATION":"KUREMAL","V_TYPE":"VILLAGE","BLOCK":"LAKHANPUR","DISTRICT":"JHARSUGUDA"},"geometry":{"type":"Polygon","coordinates":[[[83.64456,21.78987],[83.64481,21.79133],[83.64548,21.79196],[83.64788,21.79334],[83.65211,21.79639],[83.65438,21.79611],[83.65822,21.79617],[83.66034,21.79423],[83.66034,21.79337],[83.65868,21.79308],[83.66003,21.79141],[83.66218,21.79021],[83.66371,21.78866],[83.66838,21.78511],[83.67012,21.78415],[83.66924,21.7823],[83.66954,21.78064],[83.66843,21.77868],[83.66684,21.77788],[83.66653,21.77816],[83.66764,21.7792],[83.66758,21.7796],[83.66672,21.77937],[83.66666,21.77989],[83.66623,21.77989],[83.6661,21.77897],[83.66531,21.77891],[83.665,21.77822],[83.66463,21.77845],[83.66444,21.77908],[83.66303,21.7793],[83.6618,21.78011],[83.66168,21.77976],[83.66107,21.77976],[83.66039,21.77907],[83.66297,21.77764],[83.66322,21.77712],[83.66279,21.77689],[83.66101,21.77689],[83.66039,21.77632],[83.65972,21.77637],[83.65818,21.7774],[83.6564,21.77952],[83.65616,21.78142],[83.65696,21.78211],[83.65652,21.78216],[83.6564,21.78256],[83.65585,21.78279],[83.65579,21.78342],[83.65469,21.78532],[83.65395,21.7848],[83.65309,21.7852],[83.65242,21.786],[83.65217,21.78594],[83.65223,21.7852],[83.65186,21.78583],[83.6515,21.78594],[83.65141,21.78486],[83.64456,21.78987]]]}},{"type":"Feature","properties":{"LCODE":"010162005000500031","LOCATION":"BUNDIA","V_TYPE":"VILLAGE","BLOCK":"JHARSUGUDA","DISTRICT":"JHARSUGUDA"},"geometry":{"type":"Polygon","coordinates":[[[83.90849,21.77525],[83.90866,21.77612],[83.91145,21.77794],[83.9121,21.77928],[83.9122,21.78094],[83.91171,21.78433],[83.91199,21.78611],[83.91447,21.79149],[83.91406,21.7943],[83.91352,21.79554],[83.9149,21.79541],[83.91723,21.79585],[83.92184,21.79115],[83.92487,21.78908],[83.92769,21.78337],[83.92507,21.78075],[83.92195,21.77651],[83.92073,21.77281],[83.92132,21.76917],[83.91932,21.76894],[83.91811,21.76823],[83.9171,21.76626],[83.91584,21.76457],[83.91402,21.76317],[83.9121,21.76302],[83.91216,21.76486],[83.9112,21.76697],[83.91172,21.76904],[83.91164,21.77031],[83.91094,21.7715],[83.90983,21.77246],[83.90863,21.77439],[83.90849,21.77525]]]}},{"type":"Feature","properties":{"LCODE":"010130006000600015","LOCATION":"KATARBAGA","V_TYPE":"VILLAGE","BLOCK":"LAKHANPUR","DISTRICT":"JHARSUGUDA"},"geometry":{"type":"Polygon","coordinates":[[[83.61877,21.77778],[83.61877,21.77859],[83.61959,21.78],[83.62032,21.78014],[83.62314,21.78193],[83.6254,21.7844],[83.62749,21.78866],[83.63124,21.7944],[83.63173,21.79559],[83.63265,21.79533],[83.63603,21.79275],[83.63584,21.79177],[83.63511,21.79091],[83.6386,21.78649],[83.63934,21.78592],[83.63983,21.78621],[83.64008,21.78678],[83.63854,21.78902],[83.63866,21.78982],[83.63959,21.79005],[83.64118,21.78943],[83.64192,21.78845],[83.64253,21.78834],[83.64361,21.78895],[83.64235,21.7861],[83.63602,21.77449],[83.63461,21.77087],[83.63457,21.76987],[83.63338,21.76966],[83.6307,21.76792],[83.63007,21.76827],[83.62982,21.76879],[83.62853,21.76867],[83.62823,21.77034],[83.62749,21.77068],[83.62675,21.7716],[83.62694,21.77332],[83.62663,21.77378],[83.62283,21.77412],[83.62148,21.77572],[83.62031,21.77618],[83.61896,21.77715],[83.61877,21.77778]]]}},{"type":"Feature","properties":{"LCODE":"010130006000600026","LOCATION":"KANAKTORA","V_TYPE":"VILLAGE","BLOCK":"LAKHANPUR","DISTRICT":"JHARSUGUDA"},"geometry":{"type":"Polygon","coordinates":[[[83.47159,21.78646],[83.4722,21.78702],[83.47301,21.78669],[83.47419,21.78683],[83.47518,21.7884],[83.47604,21.78863],[83.47694,21.78991],[83.47778,21.79034],[83.47954,21.78972],[83.48091,21.79057],[83.48257,21.79067],[83.48536,21.79242],[83.487,21.7949],[83.49301,21.79446],[83.49592,21.79318],[83.49786,21.79091],[83.4998,21.78794],[83.5035,21.78498],[83.50595,21.78263],[83.5073,21.78257],[83.50927,21.78194],[83.51038,21.78045],[83.51068,21.7793],[83.51056,21.77775],[83.50982,21.7751],[83.51,21.77378],[83.5109,21.77281],[83.50626,21.77158],[83.50485,21.77193],[83.50252,21.77192],[83.50037,21.7709],[83.49828,21.77048],[83.4968,21.77126],[83.49599,21.77137],[83.49532,21.77119],[83.49477,21.77061],[83.49465,21.76987],[83.49405,21.76924],[83.48962,21.76863],[83.48681,21.767],[83.48396,21.76597],[83.4818,21.76961],[83.47987,21.77671],[83.47802,21.7804],[83.47565,21.78305],[83.47159,21.78646]]]}},{"type":"Feature","properties":{"LCODE":"010130006000600032","LOCATION":"BIJAPALI","V_TYPE":"VILLAGE","BLOCK":"LAKHANPUR","DISTRICT":"JHARSUGUDA"},"geometry":{"type":"Polygon","coordinates":[[[83.60159,21.79153],[83.60284,21.79428],[83.60687,21.79373],[83.61227,21.79414],[83.61301,21.79374],[83.61491,21.7926],[83.61919,21.78835],[83.61878,21.7872],[83.61718,21.78548],[83.6178,21.78456],[83.61761,21.7841],[83.6178,21.7833],[83.61994,21.78255],[83.62019,21.78215],[83.61991,21.78101],[83.61331,21.78243],[83.61153,21.78225],[83.60815,21.78339],[83.6065,21.7835],[83.60454,21.78436],[83.60307,21.78637],[83.60239,21.78689],[83.60178,21.78907],[83.60159,21.79153]]]}},{"type":"Feature","properties":{"LCODE":"010130006000600031","LOCATION":"PANCHGAON","V_TYPE":"VILLAGE","BLOCK":"LAKHANPUR","DISTRICT":"JHARSUGUDA"},"geometry":{"type":"Polygon","coordinates":[[[83.59337,21.78193],[83.59447,21.78693],[83.59452,21.79296],[83.59962,21.79228],[83.60159,21.79153],[83.60178,21.78907],[83.60239,21.78689],[83.60307,21.78637],[83.60454,21.78436],[83.60504,21.78425],[83.60478,21.7827],[83.6038,21.78],[83.60258,21.77769],[83.60202,21.77821],[83.59864,21.77792],[83.59754,21.77838],[83.59367,21.78101],[83.59337,21.78193]]]}},{"type":"Feature","properties":{"LCODE":"010180005000500027","LOCATION":"RAMPUR","V_TYPE":"VILLAGE","BLOCK":"JHARSUGUDA","DISTRICT":"JHARSUGUDA"},"geometry":{"type":"Polygon","coordinates":[[[83.92073,21.77281],[83.92195,21.77651],[83.92507,21.78075],[83.9267,21.78256],[83.93087,21.78573],[83.93324,21.78703],[83.93562,21.78793],[83.93806,21.78865],[83.94417,21.78962],[83.94722,21.79064],[83.94916,21.79199],[83.9499,21.79284],[83.95129,21.79048],[83.94653,21.78782],[83.94576,21.78596],[83.94572,21.78499],[83.94708,21.78013],[83.94684,21.77978],[83.94386,21.77853],[83.9435,21.77812],[83.94357,21.77749],[83.94482,21.77573],[83.94798,21.774],[83.9486,21.77332],[83.94867,21.77292],[83.94836,21.77269],[83.94523,21.77315],[83.94205,21.77316],[83.93887,21.77276],[83.93359,21.77308],[83.92844,21.77288],[83.92748,21.77183],[83.92599,21.76585],[83.92493,21.76639],[83.9222,21.76904],[83.92132,21.76917],[83.92073,21.77281]]]}},{"type":"Feature","properties":{"LCODE":"010130006000600027","LOCATION":"BADIMAL","V_TYPE":"VILLAGE","BLOCK":"LAKHANPUR","DISTRICT":"JHARSUGUDA"},"geometry":{"type":"Polygon","coordinates":[[[83.50764,21.78248],[83.51062,21.78816],[83.51375,21.79069],[83.51518,21.79256],[83.51903,21.79001],[83.52419,21.78775],[83.52419,21.78588],[83.52578,21.78358],[83.52775,21.78221],[83.53407,21.77946],[83.53554,21.77722],[83.53689,21.77234],[83.53898,21.7701],[83.54198,21.76855],[83.54144,21.76792],[83.54162,21.76769],[83.54205,21.76809],[83.54229,21.76798],[83.54168,21.76648],[83.54192,21.76625],[83.54303,21.76625],[83.54285,21.7647],[83.54309,21.76441],[83.54376,21.7643],[83.5442,21.76585],[83.54462,21.76586],[83.54481,21.76436],[83.54675,21.76107],[83.53726,21.76584],[83.52793,21.76979],[83.51921,21.77172],[83.51633,21.77132],[83.5117,21.77196],[83.51,21.77378],[83.50982,21.7751],[83.51056,21.77775],[83.51068,21.7793],[83.51038,21.78045],[83.50927,21.78194],[83.50764,21.78248]]]}},{"type":"Feature","properties":{"LCODE":"010180005000500037","LOCATION":"SRIPURA","V_TYPE":"VILLAGE","BLOCK":"JHARSUGUDA","DISTRICT":"JHARSUGUDA"},"geometry":{"type":"Polygon","coordinates":[[[84.02511,21.78203],[84.02595,21.78314],[84.02644,21.78463],[84.02615,21.78658],[84.02648,21.78917],[84.02728,21.78922],[84.02953,21.78753],[84.03168,21.7866],[84.03683,21.7861],[84.03892,21.78671],[84.04109,21.78991],[84.04178,21.7918],[84.04179,21.79255],[84.04209,21.79249],[84.04436,21.79132],[84.04755,21.79095],[84.04981,21.78996],[84.05096,21.78696],[84.0526,21.78488],[84.05257,21.78247],[84.05526,21.78072],[84.05618,21.77963],[84.05676,21.77531],[84.0574,21.77443],[84.0511,21.76925],[84.04774,21.76576],[84.04444,21.76389],[84.04158,21.76178],[84.03872,21.75866],[84.03442,21.7586],[84.03274,21.75891],[84.03311,21.7619],[84.03391,21.76396],[84.03416,21.76553],[84.03379,21.76769],[84.03284,21.7691],[84.02901,21.77173],[84.02685,21.776],[84.02596,21.77977],[84.02511,21.78203]]]}},{"type":"Feature","properties":{"LCODE":"010130006000600029","LOCATION":"BHIKAMPALI","V_TYPE":"VILLAGE","BLOCK":"LAKHANPUR","DISTRICT":"JHARSUGUDA"},"geometry":{"type":"Polygon","coordinates":[[[83.55598,21.78348],[83.55746,21.78462],[83.55837,21.78663],[83.55825,21.78761],[83.55856,21.78888],[83.55923,21.79014],[83.56089,21.79204],[83.56304,21.7921],[83.56544,21.79136],[83.56648,21.78958],[83.56992,21.78918],[83.57102,21.78861],[83.57366,21.78649],[83.57544,21.78414],[83.57612,21.78241],[83.5771,21.7815],[83.57955,21.78093],[83.58045,21.78001],[83.57986,21.77966],[83.57876,21.77713],[83.5782,21.7738],[83.57814,21.77048],[83.57446,21.77253],[83.57292,21.77275],[83.57034,21.77476],[83.56512,21.7778],[83.56139,21.77767],[83.55991,21.77876],[83.55598,21.78348]]]}},{"type":"Feature","properties":{"LCODE":"01018000500050rf","LOCATION":"RF","V_TYPE":"FOREST","BLOCK":"JHARSUGUDA","DISTRICT":"JHARSUGUDA"},"geometry":{"type":"Polygon","coordinates":[[[83.9435,21.77812],[83.94386,21.77853],[83.94684,21.77978],[83.94708,21.78013],[83.94572,21.78499],[83.94599,21.78683],[83.94653,21.78782],[83.95126,21.79048],[83.9537,21.79126],[83.95561,21.79083],[83.95939,21.78819],[83.96333,21.78349],[83.96768,21.77926],[83.96841,21.77623],[83.97174,21.7745],[83.97305,21.77303],[83.97376,21.77069],[83.97379,21.76943],[83.97349,21.76885],[83.97245,21.76826],[83.97173,21.76715],[83.97315,21.76672],[83.97421,21.76605],[83.97874,21.76204],[83.97956,21.76045],[83.97984,21.75803],[83.97796,21.75817],[83.97584,21.75916],[83.97447,21.76134],[83.97242,21.76383],[83.9703,21.76433],[83.9688,21.76389],[83.96887,21.76315],[83.96949,21.76203],[83.96949,21.75873],[83.96874,21.75667],[83.96651,21.75375],[83.96594,21.75213],[83.96527,21.75139],[83.96437,21.75234],[83.9638,21.7537],[83.96397,21.75411],[83.96495,21.75453],[83.96525,21.75505],[83.96354,21.75479],[83.9623,21.75575],[83.96233,21.75718],[83.96099,21.75687],[83.96086,21.76101],[83.95862,21.76361],[83.95837,21.76424],[83.9583,21.76469],[83.95866,21.76499],[83.96144,21.7632],[83.96217,21.76338],[83.96204,21.76424],[83.9603,21.76576],[83.96028,21.76697],[83.9593,21.7673],[83.95879,21.76861],[83.95837,21.76722],[83.95736,21.76571],[83.95453,21.76641],[83.9518,21.76855],[83.95184,21.77027],[83.95126,21.77135],[83.95078,21.77152],[83.95029,21.77134],[83.95019,21.76979],[83.94955,21.76771],[83.94894,21.76707],[83.94766,21.76676],[83.94723,21.7671],[83.94843,21.76844],[83.94817,21.76924],[83.94775,21.76923],[83.94672,21.76847],[83.94598,21.76863],[83.94645,21.76978],[83.9466,21.77162],[83.94739,21.7725],[83.94867,21.77292],[83.9486,21.77332],[83.94798,21.774],[83.94482,21.77573],[83.94357,21.77749],[83.9435,21.77812]]]}},{"type":"Feature","properties":{"LCODE":"010200007000700019","LOCATION":"JALADIHI","V_TYPE":"VILLAGE","BLOCK":"KOLABIRA","DISTRICT":"JHARSUGUDA"},"geometry":{"type":"Polygon","coordinates":[[[84.15836,21.78399],[84.15867,21.78634],[84.15917,21.78771],[84.16059,21.78913],[84.16398,21.79048],[84.16637,21.79041],[84.1672,21.78989],[84.16655,21.78943],[84.16568,21.78812],[84.1659,21.78542],[84.16663,21.78392],[84.16649,21.78261],[84.16447,21.78262],[84.15836,21.78399]]]}},{"type":"Feature","properties":{"LCODE":"010130006000600040","LOCATION":"KUTRAPALI","V_TYPE":"VILLAGE","BLOCK":"LAKHANPUR","DISTRICT":"JHARSUGUDA"},"geometry":{"type":"Polygon","coordinates":[[[83.68807,21.76988],[83.68912,21.77207],[83.69078,21.77431],[83.69244,21.7777],[83.69453,21.78069],[83.69422,21.78545],[83.69347,21.78955],[83.69525,21.78974],[83.6981,21.78909],[83.70385,21.79035],[83.70467,21.78925],[83.70416,21.78788],[83.70367,21.78478],[83.70336,21.78437],[83.70324,21.78346],[83.70367,21.78185],[83.70281,21.78013],[83.70054,21.77789],[83.70029,21.77456],[83.69802,21.77249],[83.69716,21.77111],[83.69778,21.76985],[83.69862,21.76603],[83.6982,21.76606],[83.69537,21.76422],[83.69446,21.76473],[83.69353,21.7645],[83.69261,21.76307],[83.69176,21.76306],[83.69083,21.76369],[83.6893,21.76576],[83.68807,21.76988]]]}},{"type":"Feature","properties":{"LCODE":"010180005000500034","LOCATION":"TUMBELA","V_TYPE":"VILLAGE","BLOCK":"JHARSUGUDA","DISTRICT":"JHARSUGUDA"},"geometry":{"type":"Polygon","coordinates":[[[84.00229,21.7765],[84.00266,21.77987],[84.00503,21.78474],[84.00536,21.78887],[84.00574,21.78967],[84.00666,21.79013],[84.009,21.79005],[84.01212,21.78951],[84.01381,21.78883],[84.0135,21.78836],[84.01337,21.78391],[84.01301,21.78279],[84.01129,21.78054],[84.00807,21.77769],[84.00447,21.77353],[84.00229,21.7765]]]}},{"type":"Feature","properties":{"LCODE":"010130006000600037","LOCATION":"TELEN","V_TYPE":"VILLAGE","BLOCK":"LAKHANPUR","DISTRICT":"JHARSUGUDA"},"geometry":{"type":"Polygon","coordinates":[[[83.64203,21.78552],[83.64361,21.78895],[83.64456,21.78987],[83.65141,21.78486],[83.6515,21.78433],[83.65364,21.78405],[83.65432,21.78371],[83.65426,21.78308],[83.65456,21.78279],[83.65438,21.78216],[83.65517,21.77992],[83.65524,21.77895],[83.65291,21.77923],[83.65144,21.77974],[83.65112,21.77968],[83.6511,21.77928],[83.64854,21.78037],[83.64505,21.78266],[83.64259,21.7853],[83.64203,21.78552]]]}},{"type":"Feature","properties":{"LCODE":"010140006000600019","LOCATION":"KHIRKUNI","V_TYPE":"VILLAGE","BLOCK":"LAKHANPUR","DISTRICT":"JHARSUGUDA"},"geometry":{"type":"Polygon","coordinates":[[[83.82798,21.78194],[83.82956,21.78651],[83.83337,21.78945],[83.83447,21.78946],[83.83929,21.7873],[83.84171,21.7869],[83.84177,21.7859],[83.84227,21.78493],[83.84536,21.78337],[83.84557,21.7824],[83.84499,21.78015],[83.84544,21.77923],[83.84593,21.7789],[83.84758,21.77915],[83.84895,21.77814],[83.85308,21.77642],[83.85412,21.77282],[83.85574,21.77175],[83.85615,21.76974],[83.85305,21.7674],[83.8502,21.76603],[83.84695,21.76546],[83.84165,21.76518],[83.83927,21.76683],[83.83743,21.76755],[83.83457,21.76934],[83.83215,21.77148],[83.82808,21.77636],[83.82832,21.77982],[83.82798,21.78194]]]}},{"type":"Feature","properties":{"LCODE":"010130006000600041","LOCATION":"BETJHARANI","V_TYPE":"VILLAGE","BLOCK":"LAKHANPUR","DISTRICT":"JHARSUGUDA"},"geometry":{"type":"Polygon","coordinates":[[[83.69716,21.77111],[83.69802,21.77249],[83.70029,21.77456],[83.70054,21.77789],[83.70281,21.78013],[83.70367,21.78185],[83.70324,21.78346],[83.70336,21.78437],[83.70367,21.78478],[83.70416,21.78788],[83.70467,21.78925],[83.70503,21.78888],[83.71297,21.7883],[83.71348,21.78786],[83.71343,21.78055],[83.71368,21.7794],[83.71306,21.77877],[83.71324,21.77711],[83.71306,21.77619],[83.71275,21.7759],[83.70987,21.77601],[83.70993,21.77389],[83.70956,21.7736],[83.70827,21.77348],[83.70729,21.77302],[83.70637,21.77331],[83.70532,21.77313],[83.703,21.77181],[83.70367,21.77003],[83.70567,21.76991],[83.70496,21.76877],[83.70453,21.76734],[83.70293,21.76641],[83.70279,21.76602],[83.70219,21.76647],[83.70078,21.76538],[83.69955,21.76532],[83.69862,21.76603],[83.69778,21.76985],[83.69716,21.77111]]]}},{"type":"Feature","properties":{"LCODE":"010130006000600028","LOCATION":"KANJIJHARAN","V_TYPE":"VILLAGE","BLOCK":"LAKHANPUR","DISTRICT":"JHARSUGUDA"},"geometry":{"type":"Polygon","coordinates":[[[83.52419,21.78588],[83.52419,21.78775],[83.5259,21.78686],[83.52701,21.78687],[83.52879,21.78761],[83.53136,21.78728],[83.53444,21.7863],[83.53535,21.7863],[83.53702,21.78717],[83.53812,21.78666],[83.54978,21.78397],[83.5531,21.78266],[83.55402,21.78295],[83.55514,21.78392],[83.55598,21.78348],[83.55322,21.7807],[83.55218,21.77754],[83.55144,21.77691],[83.54836,21.77576],[83.54825,21.77615],[83.54917,21.77679],[83.54813,21.77736],[83.54954,21.77851],[83.54948,21.77914],[83.54849,21.77828],[83.54794,21.77845],[83.5472,21.7773],[83.54634,21.7777],[83.54604,21.7796],[83.54499,21.7808],[83.54481,21.78069],[83.5455,21.77945],[83.541,21.78016],[83.53493,21.78009],[83.53346,21.77974],[83.52775,21.78221],[83.52658,21.78295],[83.52578,21.78358],[83.52419,21.78588]]]}},{"type":"Feature","properties":{"LCODE":"010140006000600013","LOCATION":"MAULIBERENA","V_TYPE":"VILLAGE","BLOCK":"LAKHANPUR","DISTRICT":"JHARSUGUDA"},"geometry":{"type":"Polygon","coordinates":[[[83.75116,21.78416],[83.75137,21.78589],[83.75185,21.78641],[83.75362,21.78661],[83.75508,21.78727],[83.75582,21.78711],[83.75713,21.78592],[83.7599,21.78505],[83.76218,21.78485],[83.76677,21.7851],[83.76769,21.78465],[83.76752,21.78033],[83.76595,21.77916],[83.76585,21.77852],[83.76617,21.77778],[83.76799,21.77516],[83.76885,21.77494],[83.76915,21.77518],[83.76888,21.7769],[83.76918,21.77708],[83.7698,21.77686],[83.77243,21.77434],[83.77255,21.77368],[83.77245,21.77276],[83.7704,21.77054],[83.77047,21.76985],[83.77122,21.76883],[83.77112,21.76819],[83.76936,21.76718],[83.76931,21.76643],[83.77002,21.76443],[83.76973,21.76356],[83.76894,21.76286],[83.76896,21.76211],[83.77012,21.76219],[83.77113,21.76059],[83.77193,21.75997],[83.7749,21.75864],[83.77572,21.75756],[83.77718,21.75454],[83.77837,21.7534],[83.77979,21.75297],[83.78027,21.7532],[83.78069,21.7539],[83.78099,21.75391],[83.78299,21.75152],[83.78532,21.74983],[83.78851,21.74939],[83.78956,21.74882],[83.78987,21.74836],[83.79051,21.74469],[83.79269,21.73912],[83.79266,21.73643],[83.79038,21.73681],[83.78609,21.73668],[83.78492,21.73742],[83.78374,21.73908],[83.78258,21.7393],[83.77792,21.73899],[83.77619,21.74025],[83.77328,21.74351],[83.76682,21.74698],[83.76703,21.74792],[83.76761,21.74848],[83.76779,21.74911],[83.76766,21.75219],[83.76635,21.75367],[83.76456,21.75479],[83.76022,21.75465],[83.76011,21.75679],[83.75952,21.75879],[83.7597,21.75931],[83.76054,21.7599],[83.76416,21.75985],[83.76537,21.76073],[83.76585,21.76143],[83.76612,21.76293],[83.76598,21.7639],[83.76502,21.76619],[83.76275,21.76995],[83.75918,21.77415],[83.75309,21.77872],[83.75228,21.77968],[83.75171,21.78054],[83.75116,21.78416]]]}},{"type":"Feature","properties":{"LCODE":"01018000500050rf","LOCATION":"RF","V_TYPE":"FOREST","BLOCK":"JHARSUGUDA","DISTRICT":"JHARSUGUDA"},"geometry":{"type":"Polygon","coordinates":[[[83.9652,21.78507],[83.96526,21.78542],[83.96769,21.78678],[83.96891,21.7868],[83.96935,21.78652],[83.9696,21.78612],[83.96962,21.78491],[83.97097,21.78465],[83.9724,21.78284],[83.97182,21.78145],[83.97297,21.77843],[83.97267,21.7775],[83.97212,21.77738],[83.97058,21.77821],[83.9682,21.78122],[83.96725,21.78292],[83.9652,21.78507]]]}},{"type":"Feature","properties":{"LCODE":"010200007000700029","LOCATION":"DHUBENBUD","V_TYPE":"VILLAGE","BLOCK":"KOLABIRA","DISTRICT":"JHARSUGUDA"},"geometry":{"type":"Polygon","coordinates":[[[84.22731,21.76476],[84.22752,21.76592],[84.2282,21.76677],[84.23073,21.76807],[84.2318,21.7707],[84.23223,21.77115],[84.2334,21.77148],[84.23293,21.77366],[84.23318,21.77424],[84.23497,21.77502],[84.23505,21.77749],[84.23587,21.7792],[84.23626,21.78103],[84.23589,21.78149],[84.23455,21.78201],[84.23482,21.78396],[84.23544,21.78499],[84.23723,21.78566],[84.23913,21.78547],[84.24184,21.78625],[84.24509,21.78583],[84.24718,21.78516],[84.24576,21.77946],[84.24352,21.77719],[84.24309,21.77639],[84.24368,21.7741],[84.24489,21.77266],[84.24493,21.77117],[84.24563,21.76878],[84.24454,21.76823],[84.24271,21.76543],[84.23918,21.76309],[84.23742,21.76254],[84.23432,21.76221],[84.23181,21.76237],[84.22952,21.76398],[84.22731,21.76476]]]}},{"type":"Feature","properties":{"LCODE":"01013000600060res","LOCATION":"RESERVOIR","V_TYPE":"RESERVOIR","BLOCK":"LAKHANPUR","DISTRICT":"JHARSUGUDA"},"geometry":{"type":"Polygon","coordinates":[[[83.42109,21.67989],[83.42378,21.68568],[83.42412,21.68598],[83.42648,21.6851],[83.43359,21.68109],[83.43577,21.68014],[83.43954,21.67658],[83.44065,21.67461],[83.44341,21.67267],[83.44443,21.67145],[83.4459,21.6666],[83.44795,21.66295],[83.44873,21.66225],[83.45479,21.66015],[83.46161,21.65937],[83.46404,21.65859],[83.46621,21.65764],[83.46794,21.65589],[83.47089,21.65424],[83.47501,21.65286],[83.48129,21.65001],[83.48595,21.64834],[83.4887,21.64807],[83.49313,21.64956],[83.49574,21.65131],[83.50053,21.65562],[83.50091,21.65759],[83.50188,21.6576],[83.50225,21.65795],[83.50207,21.65858],[83.50132,21.65932],[83.50132,21.65972],[83.50199,21.66035],[83.5013,21.66138],[83.50296,21.66202],[83.50475,21.66066],[83.50494,21.65997],[83.50536,21.66015],[83.50547,21.6625],[83.50368,21.66346],[83.50159,21.66368],[83.50159,21.66431],[83.50183,21.6646],[83.5038,21.66461],[83.50514,21.66502],[83.50545,21.66497],[83.50632,21.66365],[83.5065,21.66412],[83.50631,21.66486],[83.50679,21.6659],[83.50666,21.66635],[83.50526,21.6664],[83.50475,21.66737],[83.50347,21.66725],[83.5045,21.66852],[83.5045,21.66898],[83.50277,21.67063],[83.50135,21.67125],[83.49994,21.67147],[83.49329,21.67144],[83.49291,21.67674],[83.49937,21.67588],[83.5018,21.67585],[83.50169,21.67607],[83.50217,21.67647],[83.50204,21.67676],[83.50174,21.67676],[83.50087,21.67773],[83.50143,21.6779],[83.50278,21.67654],[83.50463,21.67557],[83.50488,21.67552],[83.50555,21.67644],[83.50568,21.67535],[83.50678,21.67507],[83.50741,21.67341],[83.5082,21.67376],[83.50851,21.67354],[83.50858,21.6725],[83.50761,21.67164],[83.50761,21.67112],[83.50922,21.6689],[83.51008,21.66879],[83.51034,21.6673],[83.51096,21.66621],[83.51163,21.66582],[83.51256,21.66577],[83.51249,21.66628],[83.51193,21.66662],[83.51199,21.66731],[83.51266,21.66789],[83.51297,21.66777],[83.51333,21.66858],[83.51382,21.66853],[83.51418,21.66939],[83.51479,21.66934],[83.51546,21.67078],[83.51614,21.67089],[83.51607,21.67124],[83.51366,21.67317],[83.51446,21.67381],[83.51285,21.67598],[83.51376,21.67696],[83.51411,21.67799],[83.51362,21.67948],[83.51392,21.67965],[83.51497,21.6792],[83.51607,21.67996],[83.51614,21.67881],[83.51485,21.67863],[83.51479,21.67765],[83.51546,21.67789],[83.51663,21.67772],[83.51743,21.67859],[83.51766,21.67979],[83.51827,21.68066],[83.51722,21.68157],[83.51624,21.68047],[83.51533,21.68012],[83.51299,21.68062],[83.5103,21.68026],[83.5098,21.6806],[83.50906,21.68134],[83.50912,21.6818],[83.51206,21.68251],[83.51242,21.68297],[83.51224,21.68331],[83.51181,21.68348],[83.50985,21.68318],[83.50922,21.68455],[83.50806,21.6846],[83.50738,21.685],[83.50688,21.68563],[83.50675,21.68654],[83.50724,21.68689],[83.50847,21.68673],[83.50803,21.6885],[83.50538,21.69015],[83.505,21.69072],[83.50317,21.69002],[83.50262,21.69007],[83.5031,21.69174],[83.50261,21.69288],[83.5045,21.69221],[83.50542,21.69239],[83.50647,21.69147],[83.50715,21.69142],[83.50739,21.69085],[83.508,21.6912],[83.50844,21.69109],[83.50881,21.69046],[83.51145,21.68945],[83.51276,21.68796],[83.51295,21.6871],[83.51337,21.68699],[83.51441,21.68763],[83.51687,21.68765],[83.51823,21.68582],[83.51884,21.68583],[83.51921,21.68617],[83.51945,21.68715],[83.519,21.68858],[83.52015,21.69117],[83.51978,21.6926],[83.51995,21.69334],[83.52259,21.69291],[83.52603,21.69281],[83.52752,21.69065],[83.52843,21.69094],[83.52905,21.69071],[83.53026,21.6933],[83.5317,21.69755],[83.53324,21.70559],[83.53497,21.71134],[83.53561,21.71765],[83.53687,21.7215],[83.5382,21.72385],[83.5377,21.7246],[83.5377,21.72534],[83.53733,21.72568],[83.53685,21.72396],[83.53636,21.72367],[83.53612,21.72304],[83.53434,21.7228],[83.53361,21.72216],[83.53033,21.71767],[83.52978,21.71726],[83.52941,21.71658],[83.52913,21.71405],[83.52846,21.71353],[83.52798,21.71175],[83.52457,21.70743],[83.52377,21.70748],[83.52405,21.71155],[83.52479,21.71178],[83.5254,21.71139],[83.5254,21.71185],[83.52631,21.71248],[83.52649,21.71352],[83.52647,21.7157],[83.52482,21.71609],[83.52475,21.71649],[83.52548,21.71747],[83.5251,21.71907],[83.52534,21.71953],[83.52614,21.71954],[83.5265,21.71988],[83.52717,21.72149],[83.52796,21.72195],[83.52888,21.72339],[83.52879,21.72563],[83.5291,21.72592],[83.52996,21.72581],[83.53081,21.72736],[83.53178,21.72806],[83.53277,21.72829],[83.5335,21.7283],[83.534,21.72784],[83.53492,21.72762],[83.53609,21.72636],[83.53646,21.72654],[83.53646,21.72688],[83.53547,21.72768],[83.53546,21.72871],[83.53461,21.72865],[83.5349,21.72974],[83.53356,21.72904],[83.53362,21.73008],[83.53331,21.73002],[83.53294,21.72933],[83.53202,21.72932],[83.53195,21.73041],[83.5325,21.73087],[83.5325,21.73139],[83.53275,21.7315],[83.53349,21.73088],[83.5328,21.73254],[83.53103,21.73046],[83.5306,21.73063],[83.53035,21.73132],[83.5293,21.73142],[83.52834,21.73004],[83.52791,21.72993],[83.5276,21.73004],[83.52753,21.73101],[83.52605,21.73158],[83.52532,21.73088],[83.52464,21.73111],[83.52367,21.73047],[83.52323,21.73053],[83.52366,21.73156],[83.52464,21.73162],[83.52537,21.73295],[83.52708,21.73353],[83.5264,21.73502],[83.52566,21.73461],[83.52522,21.73536],[83.52418,21.73552],[83.52264,21.73637],[83.52214,21.73711],[83.52312,21.73678],[83.52355,21.73712],[83.52485,21.73633],[83.52657,21.73634],[83.52694,21.73605],[83.52762,21.73606],[83.52853,21.73658],[83.5289,21.73641],[83.52909,21.73549],[83.52989,21.73504],[83.53088,21.73545],[83.53168,21.73488],[83.53192,21.73494],[83.53197,21.73551],[83.53105,21.73574],[83.53049,21.73734],[83.52993,21.73808],[83.5303,21.73837],[83.53073,21.73826],[83.53172,21.73712],[83.53172,21.73758],[83.53072,21.73877],[83.53059,21.73963],[83.53017,21.73894],[83.52931,21.73928],[83.52784,21.73853],[83.52753,21.73887],[83.5282,21.73968],[83.52844,21.74065],[83.52893,21.74071],[83.52937,21.7402],[83.52973,21.74026],[83.52985,21.74117],[83.52898,21.74249],[83.52824,21.74225],[83.52579,21.7427],[83.52596,21.74316],[83.52676,21.74362],[83.52724,21.74466],[83.52836,21.74363],[83.52848,21.74317],[83.52872,21.74352],[83.52823,21.74409],[83.52779,21.74535],[83.52711,21.74592],[83.52716,21.74724],[83.52686,21.74729],[83.52649,21.7466],[83.52625,21.74672],[83.52625,21.74712],[83.52587,21.7474],[83.5263,21.74804],[83.52506,21.74923],[83.52322,21.74933],[83.5196,21.74857],[83.51961,21.748],[83.52016,21.74777],[83.51986,21.74685],[83.52067,21.74577],[83.52012,21.74536],[83.51981,21.7457],[83.5192,21.74455],[83.51877,21.74455],[83.51821,21.74581],[83.51931,21.74627],[83.51839,21.74678],[83.51887,21.75008],[83.5186,21.75056],[83.517,21.75148],[83.51694,21.75176],[83.51737,21.75205],[83.51688,21.75257],[83.51688,21.7543],[83.51768,21.75435],[83.51774,21.7532],[83.51829,21.75263],[83.51903,21.75407],[83.51933,21.75413],[83.51933,21.75269],[83.51903,21.75206],[83.51971,21.75125],[83.51945,21.75033],[83.52314,21.75086],[83.52302,21.75138],[83.52241,21.75172],[83.52247,21.75224],[83.52332,21.75224],[83.52332,21.75304],[83.52394,21.75414],[83.52461,21.7527],[83.52511,21.7527],[83.52517,21.75236],[83.52425,21.75144],[83.52443,21.75121],[83.52602,21.75138],[83.52737,21.75058],[83.52768,21.75144],[83.5275,21.75236],[83.52848,21.75277],[83.52891,21.75329],[83.52836,21.75524],[83.5286,21.7557],[83.52983,21.75582],[83.53082,21.75628],[83.53044,21.75369],[83.531,21.75346],[83.53056,21.75294],[83.53056,21.75191],[83.5321,21.75145],[83.53069,21.75088],[83.52879,21.75058],[83.52837,21.74954],[83.5295,21.74708],[83.52981,21.74708],[83.52985,21.74937],[83.53065,21.74938],[83.53139,21.74875],[83.53237,21.74853],[83.5322,21.74796],[83.53115,21.74749],[83.53098,21.74674],[83.53018,21.74622],[83.53012,21.74576],[83.53037,21.74559],[83.53147,21.74571],[83.53184,21.74669],[83.53282,21.74624],[83.53331,21.74636],[83.5338,21.74693],[83.53629,21.74718],[83.53595,21.74632],[83.53479,21.74614],[83.53424,21.74556],[83.53277,21.74532],[83.5321,21.74463],[83.53117,21.74497],[83.53093,21.74439],[83.53194,21.74119],[83.53224,21.7413],[83.53352,21.74384],[83.53462,21.74287],[83.53591,21.74305],[83.53586,21.74253],[83.53525,21.74201],[83.5339,21.74166],[83.53371,21.74137],[83.53433,21.74114],[83.53439,21.7408],[83.53305,21.74034],[83.53281,21.73947],[83.533,21.73902],[83.53336,21.73907],[83.53422,21.74],[83.53508,21.73989],[83.53508,21.73949],[83.53398,21.73839],[83.53343,21.73845],[83.53319,21.73799],[83.53338,21.73753],[83.53442,21.73759],[83.53545,21.73857],[83.53614,21.73726],[83.53761,21.73767],[83.53737,21.73704],[83.53522,21.73679],[83.53468,21.73622],[83.534,21.73621],[83.53464,21.73329],[83.53556,21.73273],[83.53501,21.73226],[83.53501,21.73158],[83.5352,21.7314],[83.53587,21.73175],[83.53539,21.73078],[83.53606,21.73066],[83.53619,21.72952],[83.53681,21.72883],[83.537,21.72809],[83.53893,21.72569],[83.53954,21.72587],[83.54348,21.7322],[83.5433,21.73231],[83.54128,21.7303],[83.53982,21.7296],[83.53914,21.73028],[83.53822,21.73033],[83.53828,21.73085],[83.53993,21.73063],[83.54054,21.73098],[83.54109,21.73196],[83.54182,21.73231],[83.5412,21.73339],[83.54163,21.73362],[83.54218,21.73368],[83.54274,21.73306],[83.54329,21.73363],[83.54379,21.73289],[83.54403,21.73295],[83.5439,21.73387],[83.54482,21.73353],[83.54451,21.73404],[83.54475,21.73462],[83.54506,21.73462],[83.54622,21.73572],[83.54616,21.73629],[83.54523,21.73628],[83.54499,21.73594],[83.54462,21.73611],[83.5451,21.73691],[83.54449,21.73731],[83.54382,21.73616],[83.54375,21.73679],[83.54308,21.73724],[83.54344,21.73811],[83.54313,21.73891],[83.54429,21.7392],[83.54478,21.73897],[83.54547,21.73726],[83.54646,21.73658],[83.54871,21.73934],[83.55134,21.74079],[83.55177,21.74131],[83.55158,21.74165],[83.55011,21.74158],[83.54937,21.7421],[83.54839,21.74163],[83.54716,21.74191],[83.54617,21.74242],[83.54568,21.74328],[83.54433,21.74356],[83.54475,21.7443],[83.54671,21.74454],[83.54757,21.74438],[83.54837,21.74473],[83.54984,21.74405],[83.55039,21.74497],[83.55157,21.74429],[83.55206,21.74475],[83.55174,21.74555],[83.55119,21.74606],[83.55008,21.74611],[83.55013,21.74726],[83.54933,21.74748],[83.54821,21.74931],[83.54729,21.74862],[83.54693,21.74885],[83.5472,21.75045],[83.54659,21.75039],[83.54671,21.75068],[83.54646,21.75091],[83.54585,21.75034],[83.5453,21.75045],[83.54597,21.75126],[83.5461,21.75189],[83.54689,21.75212],[83.54739,21.75183],[83.54781,21.75235],[83.54855,21.75235],[83.54868,21.75281],[83.548,21.75281],[83.54806,21.75396],[83.54604,21.75476],[83.54543,21.75465],[83.54481,21.75367],[83.5442,21.75384],[83.54303,21.75338],[83.54241,21.75378],[83.54376,21.7551],[83.54297,21.75654],[83.5437,21.75677],[83.54456,21.75631],[83.54543,21.75643],[83.5461,21.75712],[83.5461,21.75833],[83.54665,21.75827],[83.54487,21.75965],[83.54333,21.7601],[83.54235,21.76114],[83.54247,21.76142],[83.54364,21.76125],[83.5442,21.7608],[83.54549,21.76045],[83.54652,21.7593],[83.54726,21.75908],[83.54696,21.7608],[83.54481,21.76436],[83.54462,21.76586],[83.5442,21.76585],[83.54376,21.7643],[83.54309,21.76441],[83.54285,21.7647],[83.54303,21.76625],[83.54192,21.76625],[83.54168,21.76648],[83.54229,21.76798],[83.54205,21.76809],[83.54162,21.76769],[83.54144,21.76792],[83.54198,21.76855],[83.54272,21.76861],[83.54321,21.7674],[83.54388,21.76741],[83.54432,21.76965],[83.54481,21.76999],[83.54549,21.76798],[83.54604,21.76787],[83.54653,21.76891],[83.5469,21.76868],[83.54702,21.7681],[83.54684,21.76684],[83.54726,21.76735],[83.54757,21.76994],[83.54714,21.77017],[83.54733,21.77178],[83.54622,21.77373],[83.54696,21.7742],[83.54763,21.77558],[83.54745,21.77604],[83.5469,21.77632],[83.54469,21.77643],[83.54371,21.77735],[83.54279,21.77775],[83.54248,21.7785],[83.5418,21.77901],[83.54223,21.77948],[83.54272,21.7793],[83.54512,21.77764],[83.54561,21.77914],[83.54481,21.78069],[83.54499,21.7808],[83.54604,21.7796],[83.54653,21.77741],[83.54739,21.7773],[83.54794,21.77845],[83.54849,21.77828],[83.54948,21.77914],[83.54966,21.77903],[83.54954,21.77851],[83.54813,21.77736],[83.54917,21.77679],[83.54825,21.77615],[83.54836,21.77576],[83.55144,21.77691],[83.55225,21.77771],[83.5526,21.7776],[83.5526,21.77691],[83.55322,21.77737],[83.55347,21.7772],[83.55309,21.77685],[83.55334,21.77622],[83.55309,21.77611],[83.54868,21.77546],[83.54775,21.77345],[83.54837,21.77201],[83.54861,21.77236],[83.54898,21.77219],[83.54855,21.77035],[83.54892,21.7696],[83.54898,21.76816],[83.5496,21.76891],[83.54996,21.77052],[83.55199,21.77168],[83.55224,21.7715],[83.55077,21.76955],[83.55058,21.76863],[83.55119,21.76828],[83.55224,21.76961],[83.55248,21.76961],[83.55279,21.76898],[83.55377,21.76898],[83.55414,21.76863],[83.55315,21.76806],[83.55144,21.76771],[83.5526,21.7665],[83.55267,21.7657],[83.55242,21.76553],[83.55064,21.76713],[83.55033,21.76713],[83.55058,21.76552],[83.55039,21.76529],[83.54948,21.76673],[83.54874,21.76713],[83.54769,21.76534],[83.54831,21.76477],[83.54807,21.76414],[83.54916,21.76368],[83.54984,21.76259],[83.55027,21.76242],[83.55095,21.76276],[83.55119,21.76248],[83.55039,21.76161],[83.55015,21.76018],[83.55089,21.75966],[83.55051,21.75857],[83.55144,21.75771],[83.5518,21.75685],[83.55095,21.75661],[83.55064,21.75575],[83.55125,21.75541],[83.55254,21.75621],[83.55297,21.75621],[83.555,21.75501],[83.55751,21.75513],[83.5577,21.7549],[83.55788,21.75421],[83.55598,21.75364],[83.55555,21.75277],[83.5542,21.75214],[83.55408,21.75179],[83.55475,21.75099],[83.55431,21.74949],[83.55585,21.74846],[83.55817,21.74871],[83.5593,21.74971],[83.56244,21.7513],[83.55989,21.74835],[83.55872,21.74748],[83.55769,21.7473],[83.55732,21.74696],[83.55672,21.74524],[83.56014,21.74721],[83.56315,21.74705],[83.5648,21.74735],[83.56677,21.74679],[83.56763,21.74691],[83.56782,21.74759],[83.56701,21.74868],[83.56454,21.74929],[83.5643,21.74958],[83.5643,21.75187],[83.56488,21.75297],[83.56654,21.75268],[83.56678,21.75199],[83.56709,21.75199],[83.56715,21.75251],[83.56641,21.75366],[83.56635,21.75458],[83.56709,21.75481],[83.5674,21.75401],[83.5677,21.75395],[83.56819,21.75527],[83.56911,21.7551],[83.56893,21.75315],[83.56936,21.7528],[83.5712,21.75298],[83.57157,21.75321],[83.57133,21.75384],[83.57151,21.75453],[83.57286,21.75448],[83.57365,21.755],[83.57494,21.75649],[83.57347,21.75781],[83.57488,21.75776],[83.57568,21.75839],[83.57673,21.75828],[83.57697,21.75851],[83.57617,21.76138],[83.57661,21.76219],[83.57642,21.76339],[83.57796,21.76276],[83.57906,21.76076],[83.58004,21.76116],[83.58084,21.7611],[83.57961,21.75984],[83.58022,21.75932],[83.58053,21.75984],[83.58096,21.75973],[83.58102,21.75875],[83.58201,21.75887],[83.58207,21.75766],[83.58268,21.75726],[83.58661,21.75842],[83.58784,21.75911],[83.58826,21.75997],[83.5887,21.75991],[83.59011,21.75854],[83.59011,21.75733],[83.59072,21.75682],[83.59232,21.75624],[83.59403,21.7543],[83.59544,21.75372],[83.59661,21.75378],[83.59821,21.75453],[83.59975,21.75414],[83.60036,21.75442],[83.60097,21.75431],[83.60122,21.75471],[83.60213,21.75466],[83.60257,21.75523],[83.60324,21.75524],[83.6041,21.75587],[83.60625,21.75605],[83.60963,21.75525],[83.61245,21.75382],[83.61613,21.75337],[83.61687,21.75383],[83.61705,21.75475],[83.61552,21.75687],[83.61552,21.75802],[83.6138,21.75899],[83.61178,21.76094],[83.61104,21.76209],[83.61086,21.76415],[83.61245,21.76479],[83.61295,21.76531],[83.61263,21.7672],[83.61301,21.76755],[83.61343,21.76749],[83.61398,21.76657],[83.61411,21.7641],[83.61454,21.76359],[83.61515,21.76348],[83.61706,21.76354],[83.6197,21.76463],[83.6219,21.76504],[83.62553,21.76476],[83.62718,21.76545],[83.62743,21.76597],[83.62633,21.76844],[83.62657,21.76999],[83.62621,21.77183],[83.62657,21.7728],[83.62694,21.7728],[83.62675,21.772],[83.62694,21.77125],[83.62823,21.77034],[83.62853,21.76867],[83.62982,21.76879],[83.63099,21.76736],[83.63123,21.76558],[83.63105,21.76512],[83.62841,21.76396],[83.62823,21.7635],[83.62872,21.7627],[83.62908,21.76236],[83.63166,21.76156],[83.63363,21.7599],[83.63559,21.75921],[83.63694,21.75973],[83.63792,21.76094],[83.63841,21.76077],[83.63872,21.75991],[83.63946,21.75962],[83.64062,21.76146],[83.64167,21.76072],[83.64468,21.76032],[83.64474,21.75958],[83.644,21.75854],[83.64234,21.75825],[83.6397,21.75675],[83.63946,21.75566],[83.63982,21.75377],[83.64056,21.75262],[83.64725,21.75149],[83.64811,21.75206],[83.64823,21.75258],[83.64768,21.75488],[83.65272,21.75781],[83.65284,21.76155],[83.65339,21.76258],[83.65376,21.76281],[83.65456,21.76241],[83.65597,21.75954],[83.6572,21.7584],[83.658,21.75874],[83.6583,21.75926],[83.65824,21.75961],[83.65652,21.76098],[83.65628,21.7615],[83.65634,21.76218],[83.65707,21.76311],[83.65714,21.76362],[83.65572,21.76322],[83.65505,21.76396],[83.65511,21.76431],[83.65652,21.76517],[83.65585,21.76563],[83.65566,21.76609],[83.65671,21.7673],[83.65671,21.76775],[83.65634,21.76804],[83.65437,21.76827],[83.65315,21.7701],[83.65272,21.76953],[83.65223,21.76953],[83.65205,21.76981],[83.65229,21.77205],[83.65155,21.7728],[83.65168,21.77389],[83.65247,21.77423],[83.65628,21.77171],[83.65683,21.77177],[83.65745,21.77281],[83.65818,21.77304],[83.65842,21.77143],[83.6588,21.77132],[83.65923,21.77218],[83.65959,21.77229],[83.66088,21.77029],[83.66156,21.77081],[83.66297,21.77047],[83.6637,21.77081],[83.66481,21.77231],[83.66457,21.77288],[83.66328,21.77236],[83.66291,21.77299],[83.66261,21.77265],[83.66199,21.77264],[83.66205,21.77333],[83.66267,21.77431],[83.66211,21.77523],[83.66297,21.77529],[83.66383,21.77477],[83.66506,21.77581],[83.66653,21.7757],[83.66635,21.77627],[83.66567,21.77678],[83.66463,21.77655],[83.66346,21.77672],[83.66242,21.77597],[83.66095,21.77574],[83.66064,21.77534],[83.65984,21.77551],[83.66027,21.77477],[83.6591,21.77476],[83.65923,21.77367],[83.65862,21.7735],[83.658,21.77396],[83.65788,21.77482],[83.65812,21.77516],[83.65892,21.77522],[83.65898,21.77568],[83.65763,21.77688],[83.6561,21.77786],[83.65481,21.77716],[83.65376,21.77814],[83.65186,21.77819],[83.65112,21.77911],[83.65112,21.77968],[83.65524,21.77895],[83.65517,21.77992],[83.65438,21.78216],[83.65456,21.78279],[83.65426,21.78308],[83.65432,21.78371],[83.65364,21.78405],[83.6515,21.78433],[83.6515,21.78594],[83.65186,21.78583],[83.65223,21.7852],[83.65217,21.78594],[83.65242,21.786],[83.65371,21.78486],[83.65432,21.78486],[83.65469,21.78532],[83.65579,21.78342],[83.65585,21.78279],[83.6564,21.78256],[83.65652,21.78216],[83.65696,21.78211],[83.65616,21.78142],[83.6564,21.77952],[83.65818,21.7774],[83.65972,21.77637],[83.66039,21.77632],[83.66101,21.77689],[83.66279,21.77689],[83.66322,21.77712],[83.66297,21.77764],[83.66039,21.77907],[83.66107,21.77976],[83.66168,21.77976],[83.6618,21.78011],[83.66303,21.7793],[83.66444,21.77908],[83.66463,21.77845],[83.665,21.77822],[83.66531,21.77891],[83.6661,21.77897],[83.66623,21.77989],[83.66647,21.77994],[83.66672,21.77937],[83.6674,21.77966],[83.6677,21.77949],[83.66647,21.77799],[83.66684,21.77788],[83.66782,21.7784],[83.66948,21.77828],[83.66936,21.77782],[83.66801,21.77679],[83.66795,21.77645],[83.66911,21.77455],[83.66801,21.77449],[83.66727,21.77398],[83.66776,21.77335],[83.66776,21.77289],[83.66598,21.77139],[83.66616,21.77064],[83.66708,21.7695],[83.66721,21.76858],[83.66567,21.76806],[83.6653,21.76748],[83.66684,21.76755],[83.66935,21.76623],[83.66911,21.76548],[83.66978,21.76445],[83.66997,21.7613],[83.67027,21.76084],[83.67175,21.76038],[83.67211,21.75878],[83.67181,21.75814],[83.67039,21.75751],[83.67033,21.75596],[83.66935,21.75619],[83.66818,21.75555],[83.66689,21.75624],[83.66665,21.75589],[83.66677,21.7544],[83.66628,21.75394],[83.66352,21.75428],[83.66327,21.75405],[83.66352,21.75348],[83.66747,21.74973],[83.66656,21.74704],[83.66706,21.74562],[83.6686,21.74397],[83.66934,21.74351],[83.671,21.74341],[83.67303,21.74165],[83.67365,21.74222],[83.67357,21.74445],[83.67394,21.74463],[83.67505,21.7444],[83.67596,21.7447],[83.67788,21.74333],[83.67972,21.74306],[83.68008,21.74312],[83.68021,21.74346],[83.67995,21.74506],[83.68124,21.74484],[83.68309,21.74388],[83.68346,21.74423],[83.68327,21.74508],[83.68346,21.74549],[83.68536,21.7463],[83.68572,21.74624],[83.68597,21.74579],[83.68658,21.74613],[83.68683,21.7459],[83.68659,21.7447],[83.68678,21.74442],[83.68863,21.74338],[83.68716,21.74167],[83.68703,21.74122],[83.68741,21.74042],[83.68704,21.74013],[83.68594,21.74012],[83.68533,21.73966],[83.686,21.73869],[83.68564,21.73812],[83.68539,21.73669],[83.68626,21.73566],[83.68768,21.7355],[83.68816,21.7351],[83.68817,21.73482],[83.68743,21.7347],[83.6867,21.73389],[83.688,21.73247],[83.69292,21.73021],[83.69439,21.72994],[83.69617,21.73012],[83.69691,21.73058],[83.69751,21.73219],[83.69756,21.73447],[83.69854,21.73602],[83.69909,21.73631],[83.69952,21.73615],[83.70014,21.73518],[83.70081,21.7357],[83.70068,21.7377],[83.70141,21.73976],[83.70072,21.74159],[83.70109,21.74325],[83.70052,21.74513],[83.70113,21.74633],[83.69996,21.74862],[83.70102,21.75252],[83.7021,21.75239],[83.70068,21.74907],[83.70187,21.74645],[83.70096,21.7449],[83.70158,21.74251],[83.70158,21.74125],[83.70214,21.74034],[83.70221,21.73885],[83.70425,21.73663],[83.70621,21.73699],[83.70651,21.73727],[83.70682,21.73882],[83.70731,21.73945],[83.70798,21.73951],[83.70878,21.73872],[83.70927,21.73878],[83.71092,21.74056],[83.71203,21.74051],[83.7146,21.74281],[83.71497,21.74287],[83.71399,21.74132],[83.71093,21.73902],[83.70922,21.73535],[83.7077,21.73374],[83.70757,21.73317],[83.70893,21.73191],[83.71065,21.73175],[83.71017,21.73078],[83.70863,21.729],[83.7084,21.72751],[83.70773,21.7267],[83.70583,21.72663],[83.7049,21.726],[83.70625,21.72567],[83.70547,21.72406],[83.7059,21.72292],[83.70621,21.72252],[83.70866,21.72179],[83.7099,21.7202],[83.70997,21.71928],[83.71059,21.71855],[83.71089,21.71843],[83.71089,21.71883],[83.71021,21.72072],[83.71033,21.72175],[83.7113,21.72238],[83.71247,21.7225],[83.71333,21.72222],[83.71413,21.72154],[83.71529,21.72161],[83.71567,21.72127],[83.71616,21.72224],[83.71719,21.72225],[83.71761,21.72132],[83.71739,21.71855],[83.7159,21.71444],[83.71424,21.71454],[83.71264,21.71419],[83.71227,21.71342],[83.71272,21.7096],[83.71186,21.70832],[83.70928,21.70774],[83.7076,21.70693],[83.70511,21.7046],[83.70358,21.70165],[83.70135,21.69828],[83.69975,21.69641],[83.69585,21.70017],[83.69157,21.70314],[83.68565,21.70663],[83.67941,21.70967],[83.67569,21.70997],[83.67181,21.70956],[83.66644,21.71006],[83.66335,21.71335],[83.65598,21.71972],[83.65443,21.72071],[83.65071,21.72237],[83.63918,21.72577],[83.63259,21.72633],[83.62941,21.72683],[83.62276,21.72849],[83.61829,21.72907],[83.61518,21.72929],[83.61169,21.72909],[83.60851,21.72949],[83.60429,21.73076],[83.60159,21.73286],[83.59419,21.73694],[83.59238,21.73746],[83.58208,21.73823],[83.57961,21.73867],[83.57565,21.73983],[83.57012,21.74261],[83.568,21.74334],[83.56514,21.74357],[83.56008,21.74265],[83.55695,21.74105],[83.55297,21.73748],[83.55048,21.73463],[83.54671,21.72923],[83.5424,21.72134],[83.54149,21.7192],[83.5408,21.71626],[83.54021,21.70826],[83.53926,21.70538],[83.53526,21.68764],[83.53249,21.68178],[83.52929,21.6765],[83.52455,21.67064],[83.51798,21.66364],[83.51135,21.65853],[83.49937,21.64821],[83.49493,21.64522],[83.49297,21.64428],[83.48857,21.64352],[83.48667,21.64377],[83.48061,21.64536],[83.47056,21.64843],[83.469,21.64903],[83.46418,21.65182],[83.45985,21.65354],[83.45077,21.65649],[83.44449,21.66037],[83.4367,21.67047],[83.43491,21.6723],[83.4296,21.67612],[83.42109,21.67989]],[[83.572,21.7467],[83.57243,21.74499],[83.57565,21.7426],[83.57639,21.74237],[83.57952,21.74194],[83.57983,21.74217],[83.57939,21.74291],[83.57988,21.74331],[83.58099,21.74246],[83.58209,21.74229],[83.58258,21.74276],[83.58289,21.74253],[83.58387,21.74351],[83.58498,21.74317],[83.5865,21.74416],[83.58791,21.74416],[83.59001,21.74343],[83.59118,21.74246],[83.59536,21.74198],[83.59628,21.74112],[83.59739,21.7409],[83.59801,21.74016],[83.59998,21.7404],[83.60484,21.739],[83.60607,21.7374],[83.60828,21.73701],[83.6105,21.73577],[83.61314,21.73601],[83.61375,21.73665],[83.61375,21.73688],[83.6127,21.73738],[83.60932,21.73748],[83.60649,21.73924],[83.60009,21.74172],[83.59792,21.74394],[83.59595,21.7453],[83.59545,21.74644],[83.59471,21.74707],[83.59225,21.74797],[83.59058,21.74905],[83.58782,21.74989],[83.58514,21.75324],[83.58385,21.75387],[83.58256,21.75392],[83.582,21.75358],[83.58065,21.75369],[83.57893,21.75317],[83.57777,21.7523],[83.57691,21.7511],[83.57558,21.75094],[83.57542,21.74907],[83.57338,21.75044],[83.57339,21.74975],[83.57425,21.74912],[83.57352,21.74786],[83.57353,21.7466],[83.57298,21.74665],[83.57236,21.74728],[83.572,21.7467]],[[83.52618,21.68834],[83.52675,21.68714],[83.52651,21.68594],[83.52737,21.68474],[83.52774,21.6852],[83.52845,21.6887],[83.52625,21.68886],[83.52618,21.68834]],[[83.51531,21.67387],[83.5155,21.67324],[83.51667,21.67262],[83.5176,21.67137],[83.5184,21.6712],[83.51852,21.67177],[83.51698,21.67302],[83.51654,21.67388],[83.51709,21.67406],[83.51759,21.67372],[83.51862,21.67401],[83.51858,21.67258],[83.51919,21.67252],[83.51949,21.67361],[83.52016,21.67391],[83.51979,21.67425],[83.52002,21.6758],[83.52119,21.67603],[83.52118,21.67661],[83.52222,21.67685],[83.52345,21.67771],[83.52441,21.67904],[83.52508,21.68094],[83.52489,21.68111],[83.52518,21.68231],[83.525,21.68266],[83.52457,21.68265],[83.524,21.68169],[83.52329,21.68161],[83.52208,21.67971],[83.51989,21.67735],[83.51818,21.67619],[83.51616,21.67543],[83.51531,21.67387]]]}},{"type":"Feature","properties":{"LCODE":"010200007000700022","LOCATION":"PANKIMAL(S)","V_TYPE":"VILLAGE","BLOCK":"KOLABIRA","DISTRICT":"JHARSUGUDA"},"geometry":{"type":"Polygon","coordinates":[[[84.20138,21.7661],[84.20219,21.77385],[84.20276,21.7759],[84.20345,21.7771],[84.2079,21.78079],[84.21142,21.78306],[84.21345,21.78361],[84.21506,21.78463],[84.21671,21.78473],[84.21983,21.78569],[84.22183,21.78068],[84.22421,21.779],[84.22469,21.77814],[84.22469,21.77734],[84.2235,21.77563],[84.22245,21.77524],[84.22177,21.7745],[84.22169,21.77318],[84.22127,21.77278],[84.22022,21.77273],[84.22009,21.77222],[84.21916,21.77131],[84.21952,21.76993],[84.22018,21.76878],[84.21906,21.76695],[84.21893,21.76547],[84.2193,21.76484],[84.21709,21.76334],[84.21423,21.75913],[84.2137,21.75858],[84.2122,21.75799],[84.20713,21.75786],[84.20596,21.75897],[84.20522,21.76049],[84.2057,21.76282],[84.20517,21.7646],[84.2045,21.76546],[84.20218,21.76617],[84.20138,21.7661]]]}},{"type":"Feature","properties":{"LCODE":"010130006000600036","LOCATION":"JAMGAON","V_TYPE":"VILLAGE","BLOCK":"LAKHANPUR","DISTRICT":"JHARSUGUDA"},"geometry":{"type":"Polygon","coordinates":[[[83.63455,21.76754],[83.63461,21.77087],[83.63528,21.77276],[83.63768,21.77782],[83.63922,21.78018],[83.64203,21.78552],[83.64259,21.7853],[83.64505,21.78266],[83.64854,21.78037],[83.6511,21.77928],[83.65186,21.77819],[83.65376,21.77814],[83.65481,21.77716],[83.6561,21.77786],[83.65763,21.77688],[83.65898,21.77568],[83.65892,21.77522],[83.65812,21.77516],[83.65788,21.77482],[83.658,21.77396],[83.65843,21.77356],[83.65923,21.77367],[83.6591,21.77476],[83.66027,21.77477],[83.65984,21.77551],[83.66064,21.77534],[83.66095,21.77574],[83.66242,21.77597],[83.66346,21.77672],[83.66463,21.77655],[83.66567,21.77678],[83.66653,21.77592],[83.66641,21.77558],[83.66506,21.77581],[83.66383,21.77477],[83.66297,21.77529],[83.66211,21.77523],[83.66267,21.77431],[83.66205,21.77333],[83.66199,21.77264],[83.66261,21.77265],[83.66291,21.77299],[83.66328,21.77236],[83.66457,21.77288],[83.66481,21.77231],[83.6637,21.77081],[83.66297,21.77047],[83.66156,21.77081],[83.66088,21.77029],[83.65959,21.77229],[83.65923,21.77218],[83.6588,21.77132],[83.65842,21.77143],[83.65818,21.77304],[83.65745,21.77281],[83.65683,21.77177],[83.65628,21.77171],[83.65247,21.77423],[83.65168,21.77389],[83.65155,21.7728],[83.65229,21.77205],[83.65205,21.76981],[83.65253,21.76947],[83.65315,21.7701],[83.65437,21.76827],[83.65634,21.76804],[83.65671,21.76775],[83.65671,21.7673],[83.65566,21.76609],[83.65585,21.76563],[83.65652,21.76517],[83.65616,21.76477],[83.65352,21.7639],[83.64476,21.76009],[83.64425,21.76055],[83.64167,21.76072],[83.64062,21.76146],[83.63946,21.75962],[83.63872,21.75991],[83.63841,21.76077],[83.63763,21.76082],[83.63627,21.76312],[83.63528,21.76513],[83.63455,21.76754]]]}},{"type":"Feature","properties":{"LCODE":"010130006000600033","LOCATION":"RENKULI","V_TYPE":"VILLAGE","BLOCK":"LAKHANPUR","DISTRICT":"JHARSUGUDA"},"geometry":{"type":"Polygon","coordinates":[[[83.60258,21.77769],[83.6038,21.78],[83.60478,21.7827],[83.60504,21.78425],[83.6065,21.7835],[83.60815,21.78339],[83.61153,21.78225],[83.61166,21.78127],[83.61018,21.77943],[83.60988,21.7784],[83.61187,21.77455],[83.60963,21.77444],[83.60742,21.77489],[83.60258,21.77769]]]}},{"type":"Feature","properties":{"LCODE":"010130006000600038","LOCATION":"SAMARBAGA","V_TYPE":"VILLAGE","BLOCK":"LAKHANPUR","DISTRICT":"JHARSUGUDA"},"geometry":{"type":"Polygon","coordinates":[[[83.66592,21.7711],[83.6666,21.77214],[83.66776,21.77289],[83.66776,21.77335],[83.66727,21.77398],[83.66801,21.77449],[83.66911,21.77455],[83.66795,21.77645],[83.66801,21.77679],[83.66936,21.77782],[83.66948,21.77828],[83.66808,21.77835],[83.66954,21.78064],[83.66924,21.7823],[83.67012,21.78415],[83.67249,21.783],[83.67421,21.78271],[83.68217,21.78015],[83.68412,21.77788],[83.68446,21.77682],[83.68433,21.77608],[83.67997,21.76809],[83.67997,21.76637],[83.67954,21.76453],[83.67924,21.76361],[83.67819,21.76246],[83.67813,21.76196],[83.67574,21.762],[83.67506,21.7624],[83.67475,21.76297],[83.67469,21.76509],[83.67359,21.76641],[83.67359,21.76676],[83.67469,21.7675],[83.67414,21.7679],[83.6742,21.769],[83.67347,21.76911],[83.67291,21.76825],[83.67205,21.76784],[83.67144,21.76842],[83.67156,21.76956],[83.67071,21.77037],[83.6688,21.77082],[83.66604,21.77087],[83.66592,21.7711]]]}},{"type":"Feature","properties":{"LCODE":"010140006000600006","LOCATION":"LAKHANPUR","V_TYPE":"VILLAGE","BLOCK":"LAKHANPUR","DISTRICT":"JHARSUGUDA"},"geometry":{"type":"Polygon","coordinates":[[[83.76883,21.76245],[83.76973,21.76356],[83.77002,21.76443],[83.76931,21.76643],[83.76936,21.76718],[83.77112,21.76819],[83.77122,21.76883],[83.77047,21.76985],[83.7704,21.77054],[83.77245,21.77276],[83.77243,21.77434],[83.7729,21.77449],[83.77524,21.77752],[83.77626,21.7784],[83.77816,21.77872],[83.77937,21.77949],[83.78327,21.78406],[83.78535,21.78396],[83.78641,21.78323],[83.79244,21.78171],[83.79517,21.7802],[83.79865,21.78043],[83.80276,21.78015],[83.80484,21.78048],[83.80486,21.77927],[83.80662,21.77745],[83.80782,21.77489],[83.80781,21.77207],[83.8082,21.77086],[83.81058,21.76785],[83.8101,21.76371],[83.80922,21.76151],[83.80918,21.76047],[83.81042,21.75583],[83.81075,21.75509],[83.8113,21.75464],[83.81529,21.75426],[83.81445,21.75325],[83.81261,21.75328],[83.81194,21.75298],[83.80994,21.75185],[83.80791,21.75027],[83.80723,21.75279],[83.80573,21.75495],[83.80467,21.75522],[83.79512,21.755],[83.79187,21.7519],[83.79073,21.75027],[83.78989,21.74826],[83.78956,21.74882],[83.78851,21.74939],[83.78532,21.74983],[83.78387,21.75073],[83.78099,21.75391],[83.78069,21.7539],[83.78027,21.7532],[83.77979,21.75297],[83.77837,21.7534],[83.77718,21.75454],[83.77572,21.75756],[83.7749,21.75864],[83.77193,21.75997],[83.77113,21.76059],[83.77012,21.76219],[83.76896,21.76211],[83.76883,21.76245]]]}},{"type":"Feature","properties":{"LCODE":"010130006000600056","LOCATION":"CHHUIPALI","V_TYPE":"VILLAGE","BLOCK":"LAKHANPUR","DISTRICT":"JHARSUGUDA"},"geometry":{"type":"Polygon","coordinates":[[[83.54769,21.76534],[83.54874,21.76713],[83.54948,21.76673],[83.55039,21.76529],[83.55058,21.76552],[83.55033,21.76713],[83.55064,21.76713],[83.55242,21.76553],[83.55267,21.7657],[83.5526,21.7665],[83.55144,21.76771],[83.55315,21.76806],[83.55414,21.76863],[83.55377,21.76898],[83.55279,21.76898],[83.55248,21.76961],[83.55224,21.76961],[83.55119,21.76828],[83.55058,21.76863],[83.55077,21.76955],[83.55224,21.7715],[83.55199,21.77168],[83.54996,21.77052],[83.5496,21.76891],[83.54898,21.76816],[83.54892,21.7696],[83.54855,21.77035],[83.54898,21.77219],[83.54861,21.77236],[83.54837,21.77201],[83.54775,21.77345],[83.54868,21.77546],[83.55095,21.77564],[83.55334,21.77622],[83.55309,21.77685],[83.55347,21.7772],[83.55322,21.77737],[83.5526,21.77691],[83.5526,21.7776],[83.55225,21.77771],[83.55303,21.78019],[83.55322,21.7807],[83.55598,21.78348],[83.55991,21.77876],[83.56139,21.77767],[83.56512,21.7778],[83.57034,21.77476],[83.57292,21.77275],[83.57249,21.77264],[83.57114,21.77114],[83.57034,21.76901],[83.56844,21.76596],[83.56801,21.7647],[83.56574,21.76423],[83.56451,21.76337],[83.55757,21.75506],[83.555,21.75501],[83.55297,21.75621],[83.55254,21.75621],[83.55125,21.75541],[83.55064,21.75575],[83.55095,21.75661],[83.5518,21.75685],[83.55144,21.75771],[83.55051,21.75857],[83.55089,21.75966],[83.55015,21.76018],[83.55039,21.76161],[83.55119,21.76248],[83.55095,21.76276],[83.55027,21.76242],[83.54984,21.76259],[83.54916,21.76368],[83.54807,21.76414],[83.54831,21.76477],[83.54769,21.76534]]]}},{"type":"Feature","properties":{"LCODE":"010180005000500031","LOCATION":"KUMBHARI","V_TYPE":"VILLAGE","BLOCK":"JHARSUGUDA","DISTRICT":"JHARSUGUDA"},"geometry":{"type":"Polygon","coordinates":[[[83.97904,21.7737],[83.97993,21.78324],[83.98264,21.78277],[83.98899,21.78035],[83.99779,21.7782],[83.99945,21.77736],[83.9994,21.77702],[83.99812,21.77631],[83.99342,21.7756],[83.99184,21.77466],[83.99129,21.77402],[83.99041,21.77194],[83.99015,21.769],[83.99058,21.76482],[83.99042,21.76344],[83.98872,21.76278],[83.98663,21.76258],[83.98253,21.76025],[83.98046,21.7654],[83.97942,21.76923],[83.97904,21.7737]]]}},{"type":"Feature","properties":{"LCODE":"010130006000600034","LOCATION":"MAHASINGH","V_TYPE":"VILLAGE","BLOCK":"LAKHANPUR","DISTRICT":"JHARSUGUDA"},"geometry":{"type":"Polygon","coordinates":[[[83.60988,21.7784],[83.61018,21.77943],[83.61166,21.78127],[83.61153,21.78225],[83.61331,21.78243],[83.61991,21.78101],[83.61877,21.77859],[83.61896,21.77715],[83.62031,21.77618],[83.62148,21.77572],[83.62283,21.77412],[83.62663,21.77378],[83.62694,21.77332],[83.62621,21.77183],[83.62657,21.76999],[83.62633,21.76844],[83.62743,21.76568],[83.62553,21.76476],[83.62231,21.76504],[83.62166,21.76768],[83.61982,21.76986],[83.61749,21.77187],[83.6165,21.77227],[83.61491,21.77416],[83.61187,21.77455],[83.60988,21.7784]]]}},{"type":"Feature","properties":{"LCODE":"010162005000500033","LOCATION":"KATAPALI","V_TYPE":"VILLAGE","BLOCK":"JHARSUGUDA","DISTRICT":"JHARSUGUDA"},"geometry":{"type":"Polygon","coordinates":[[[83.88999,21.77892],[83.89,21.78197],[83.89497,21.78159],[83.89698,21.78225],[83.89938,21.78194],[83.90192,21.78215],[83.90228,21.78032],[83.90456,21.776],[83.90523,21.77273],[83.90648,21.77097],[83.90285,21.77189],[83.89939,21.7735],[83.89111,21.77609],[83.88999,21.77892]]]}},{"type":"Feature","properties":{"LCODE":"010200007000700037","LOCATION":"DHENGURJORE","V_TYPE":"VILLAGE","BLOCK":"KOLABIRA","DISTRICT":"JHARSUGUDA"},"geometry":{"type":"Polygon","coordinates":[[[84.27481,21.77498],[84.27518,21.77864],[84.27788,21.78077],[84.2787,21.78222],[84.28251,21.77772],[84.28531,21.77782],[84.28503,21.77398],[84.2834,21.77231],[84.27739,21.7732],[84.27481,21.77498]]]}},{"type":"Feature","properties":{"LCODE":"010162005000500032","LOCATION":"ANILAPALI","V_TYPE":"VILLAGE","BLOCK":"JHARSUGUDA","DISTRICT":"JHARSUGUDA"},"geometry":{"type":"Polygon","coordinates":[[[83.90192,21.78215],[83.90318,21.78137],[83.90928,21.7798],[83.91063,21.77977],[83.91216,21.7803],[83.9121,21.77928],[83.91145,21.77794],[83.90866,21.77612],[83.90849,21.77525],[83.90863,21.77439],[83.90983,21.77246],[83.91094,21.7715],[83.91164,21.77031],[83.91172,21.76904],[83.91134,21.7674],[83.91023,21.77034],[83.90973,21.77091],[83.90929,21.77125],[83.908,21.77146],[83.90648,21.77097],[83.90523,21.77273],[83.90456,21.776],[83.90228,21.78032],[83.90192,21.78215]]]}},{"type":"Feature","properties":{"LCODE":"010130006000600054","LOCATION":"JHARUPADA","V_TYPE":"VILLAGE","BLOCK":"LAKHANPUR","DISTRICT":"JHARSUGUDA"},"geometry":{"type":"Polygon","coordinates":[[[83.57814,21.77048],[83.5782,21.7738],[83.57876,21.77713],[83.57986,21.77966],[83.58207,21.78076],[83.58391,21.78134],[83.58582,21.78082],[83.59245,21.77704],[83.59318,21.7763],[83.59348,21.77521],[83.59336,21.77411],[83.59275,21.77285],[83.59201,21.76975],[83.59152,21.76526],[83.59164,21.76245],[83.59109,21.7586],[83.59138,21.75662],[83.59011,21.75733],[83.59011,21.75854],[83.5887,21.75991],[83.58826,21.75997],[83.58784,21.75911],[83.58661,21.75842],[83.58268,21.75726],[83.58207,21.75766],[83.58201,21.75887],[83.58102,21.75875],[83.58096,21.75973],[83.58053,21.75984],[83.58035,21.75938],[83.57998,21.75938],[83.57961,21.76007],[83.58078,21.76082],[83.58084,21.7611],[83.58004,21.76116],[83.57906,21.76076],[83.57863,21.76153],[83.58028,21.7626],[83.58133,21.76375],[83.58342,21.76777],[83.58256,21.76794],[83.57814,21.77048]]]}},{"type":"Feature","properties":{"LCODE":"010130006000600057","LOCATION":"GHUNGHUTPALI","V_TYPE":"VILLAGE","BLOCK":"LAKHANPUR","DISTRICT":"JHARSUGUDA"},"geometry":{"type":"Polygon","coordinates":[[[83.53346,21.77974],[83.53493,21.78009],[83.541,21.78016],[83.5455,21.77945],[83.54555,21.77856],[83.54512,21.77764],[83.54272,21.7793],[83.54223,21.77948],[83.5418,21.77901],[83.54248,21.7785],[83.54279,21.77775],[83.54371,21.77735],[83.54469,21.77643],[83.5469,21.77632],[83.54745,21.77604],[83.54763,21.77558],[83.54696,21.7742],[83.54622,21.77373],[83.54733,21.77178],[83.54714,21.77017],[83.54757,21.76994],[83.54714,21.76695],[83.54684,21.76684],[83.5469,21.76868],[83.54653,21.76891],[83.54604,21.76787],[83.54549,21.76798],[83.54481,21.76999],[83.54432,21.76965],[83.54414,21.76792],[83.54358,21.76723],[83.54321,21.7674],[83.54272,21.76861],[83.54198,21.76855],[83.54051,21.76924],[83.53898,21.7701],[83.53793,21.77107],[83.53689,21.77234],[83.53554,21.77722],[83.53407,21.77946],[83.53346,21.77974]]]}},{"type":"Feature","properties":{"LCODE":"010130006000600053","LOCATION":"PALSADA","V_TYPE":"VILLAGE","BLOCK":"LAKHANPUR","DISTRICT":"JHARSUGUDA"},"geometry":{"type":"Polygon","coordinates":[[[83.59109,21.7586],[83.59164,21.76245],[83.59152,21.76526],[83.59201,21.76975],[83.59348,21.77521],[83.59318,21.7763],[83.59189,21.77732],[83.59263,21.77831],[83.5951,21.78],[83.59656,21.77889],[83.59864,21.77792],[83.60202,21.77821],[83.60509,21.77603],[83.60838,21.77469],[83.60803,21.773],[83.60864,21.76903],[83.6084,21.76639],[83.60889,21.76518],[83.61092,21.76277],[83.61134,21.76151],[83.61214,21.76054],[83.6138,21.75899],[83.61552,21.75802],[83.61552,21.75687],[83.61705,21.75475],[83.61711,21.75429],[83.61668,21.7536],[83.61613,21.75337],[83.61386,21.75348],[83.6114,21.75422],[83.60963,21.75525],[83.60625,21.75605],[83.6041,21.75587],[83.60324,21.75524],[83.60257,21.75523],[83.60194,21.75466],[83.60189,21.75787],[83.59962,21.75971],[83.5984,21.75902],[83.59673,21.75735],[83.59453,21.75648],[83.59351,21.75501],[83.59232,21.75624],[83.59138,21.75662],[83.59109,21.7586]]]}},{"type":"Feature","properties":{"LCODE":"010130006000600046","LOCATION":"GOVINDPUR","V_TYPE":"VILLAGE","BLOCK":"LAKHANPUR","DISTRICT":"JHARSUGUDA"},"geometry":{"type":"Polygon","coordinates":[[[83.67807,21.76223],[83.67924,21.76361],[83.67954,21.76453],[83.67997,21.76637],[83.67997,21.76809],[83.68433,21.77608],[83.68446,21.77682],[83.68412,21.77788],[83.68605,21.77654],[83.68796,21.77459],[83.69041,21.77379],[83.68912,21.77207],[83.68807,21.76988],[83.6893,21.76576],[83.69083,21.76369],[83.69176,21.76306],[83.69261,21.76307],[83.69353,21.7645],[83.6939,21.76427],[83.69396,21.76347],[83.69353,21.76112],[83.69394,21.76022],[83.69237,21.75991],[83.69144,21.75916],[83.69046,21.75715],[83.6909,21.75554],[83.69073,21.75502],[83.69022,21.756],[83.68918,21.75669],[83.68623,21.7568],[83.68513,21.75588],[83.68475,21.75301],[83.68433,21.75237],[83.68379,21.75227],[83.68156,21.75329],[83.67934,21.75367],[83.6796,21.75466],[83.67953,21.75644],[83.6807,21.75971],[83.67838,21.76149],[83.67807,21.76223]]]}},{"type":"Feature","properties":{"LCODE":"010200007000700030","LOCATION":"JAMCHUAN","V_TYPE":"VILLAGE","BLOCK":"KOLABIRA","DISTRICT":"JHARSUGUDA"},"geometry":{"type":"Polygon","coordinates":[[[84.25013,21.76674],[84.25096,21.77054],[84.25163,21.77204],[84.25346,21.77365],[84.25371,21.77607],[84.2542,21.77716],[84.25487,21.77762],[84.25609,21.77665],[84.25908,21.77573],[84.25975,21.77441],[84.25969,21.77303],[84.25903,21.76865],[84.25817,21.76573],[84.25716,21.7657],[84.25491,21.76489],[84.25454,21.76508],[84.25436,21.7662],[84.25355,21.7662],[84.25292,21.76508],[84.25156,21.76633],[84.25013,21.76674]]]}},{"type":"Feature","properties":{"LCODE":"010180005000500033","LOCATION":"TAREKELA","V_TYPE":"VILLAGE","BLOCK":"JHARSUGUDA","DISTRICT":"JHARSUGUDA"},"geometry":{"type":"Polygon","coordinates":[[[83.98253,21.76025],[83.98663,21.76258],[83.98872,21.76278],[83.99042,21.76344],[83.99058,21.76482],[83.99015,21.769],[83.99041,21.77194],[83.99129,21.77402],[83.99244,21.77513],[83.99342,21.7756],[83.99709,21.776],[83.99873,21.77655],[83.99941,21.77713],[84.00092,21.77603],[84.00166,21.77666],[84.00215,21.77666],[84.00447,21.77353],[84.00371,21.77264],[83.9996,21.76539],[83.99734,21.76229],[83.99529,21.758],[83.99348,21.75333],[83.9931,21.75303],[83.99345,21.75644],[83.99247,21.75865],[83.99024,21.75991],[83.98842,21.75988],[83.98763,21.75949],[83.98593,21.75791],[83.98488,21.75745],[83.98376,21.75628],[83.98253,21.76025]]]}},{"type":"Feature","properties":{"LCODE":"010140006000600018","LOCATION":"TINGISMAL","V_TYPE":"VILLAGE","BLOCK":"LAKHANPUR","DISTRICT":"JHARSUGUDA"},"geometry":{"type":"Polygon","coordinates":[[[83.80774,21.77281],[83.80777,21.77318],[83.81192,21.77167],[83.81315,21.77164],[83.81871,21.77247],[83.82359,21.77388],[83.8252,21.77609],[83.82807,21.77642],[83.83215,21.77148],[83.83457,21.76934],[83.83743,21.76755],[83.83927,21.76683],[83.84165,21.76518],[83.84097,21.76446],[83.84042,21.76472],[83.83858,21.76411],[83.8353,21.76245],[83.83477,21.76135],[83.83473,21.7602],[83.83634,21.75902],[83.83648,21.75844],[83.83563,21.75757],[83.83501,21.75627],[83.83436,21.75691],[83.83312,21.75747],[83.83189,21.75762],[83.83117,21.75709],[83.83025,21.75696],[83.82748,21.75824],[83.82667,21.75909],[83.82623,21.7592],[83.82059,21.75577],[83.81958,21.75414],[83.81949,21.75226],[83.81701,21.75404],[83.81615,21.75437],[83.8121,21.75442],[83.81075,21.75509],[83.80918,21.76047],[83.80922,21.76151],[83.8101,21.76371],[83.81058,21.76785],[83.80846,21.77035],[83.80774,21.77281]]]}},{"type":"Feature","properties":{"LCODE":"010162005000500034","LOCATION":"BALIPUT","V_TYPE":"VILLAGE","BLOCK":"JHARSUGUDA","DISTRICT":"JHARSUGUDA"},"geometry":{"type":"Polygon","coordinates":[[[83.89111,21.77609],[83.89847,21.77383],[83.90285,21.77189],[83.90569,21.77107],[83.90666,21.77097],[83.9077,21.77145],[83.90929,21.77125],[83.91023,21.77034],[83.91134,21.7674],[83.9112,21.76697],[83.91216,21.76486],[83.9121,21.76302],[83.90862,21.76394],[83.90627,21.76516],[83.90542,21.76498],[83.90439,21.7641],[83.90402,21.76409],[83.90166,21.76618],[83.90026,21.76558],[83.89519,21.76855],[83.89363,21.7699],[83.89202,21.7747],[83.89111,21.77609]]]}},{"type":"Feature","properties":{"LCODE":"010130006000600051","LOCATION":"NACHENMURA","V_TYPE":"VILLAGE","BLOCK":"LAKHANPUR","DISTRICT":"JHARSUGUDA"},"geometry":{"type":"Polygon","coordinates":[[[83.60803,21.773],[83.60838,21.77469],[83.60963,21.77444],[83.61264,21.77456],[83.61491,21.77416],[83.6165,21.77227],[83.61749,21.77187],[83.61982,21.76986],[83.62166,21.76768],[83.62231,21.76504],[83.6197,21.76463],[83.61706,21.76354],[83.61454,21.76359],[83.61392,21.76462],[83.61398,21.76657],[83.61343,21.76749],[83.61301,21.76755],[83.61263,21.7672],[83.61295,21.76531],[83.61245,21.76479],[83.61086,21.76415],[83.61092,21.76277],[83.60889,21.76518],[83.6084,21.76639],[83.60864,21.76903],[83.60803,21.773]]]}},{"type":"Feature","properties":{"LCODE":"010140006000600024","LOCATION":"KIRARAMA","V_TYPE":"VILLAGE","BLOCK":"LAKHANPUR","DISTRICT":"JHARSUGUDA"},"geometry":{"type":"Polygon","coordinates":[[[83.8604,21.76016],[83.86103,21.76299],[83.86258,21.76543],[83.8653,21.76862],[83.86595,21.76882],[83.86806,21.77115],[83.87072,21.77332],[83.87207,21.773],[83.87363,21.77118],[83.87518,21.77012],[83.87648,21.76979],[83.87897,21.77052],[83.87966,21.77002],[83.88004,21.76916],[83.88059,21.76911],[83.88181,21.77005],[83.8824,21.77104],[83.88286,21.77311],[83.88438,21.77394],[83.88512,21.77367],[83.88547,21.77074],[83.88622,21.76984],[83.89143,21.76596],[83.89449,21.76284],[83.89625,21.76345],[83.90018,21.76317],[83.90054,21.76352],[83.90089,21.76603],[83.90166,21.76618],[83.90402,21.76409],[83.90439,21.7641],[83.90542,21.76498],[83.90627,21.76516],[83.90862,21.76394],[83.9125,21.76291],[83.91346,21.76307],[83.91411,21.76173],[83.91541,21.76072],[83.91554,21.75951],[83.91287,21.75838],[83.9094,21.75757],[83.90593,21.75597],[83.90485,21.75509],[83.90368,21.75507],[83.9024,21.75424],[83.90105,21.75434],[83.90007,21.75495],[83.89958,21.75466],[83.89941,21.75362],[83.89905,21.75361],[83.89868,21.75366],[83.89812,21.7544],[83.89738,21.75439],[83.8968,21.7526],[83.89613,21.75207],[83.89608,21.7515],[83.89304,21.75044],[83.89304,21.75363],[83.89261,21.75402],[83.88996,21.75501],[83.88548,21.75563],[83.88368,21.75658],[83.88239,21.75684],[83.87629,21.75531],[83.87432,21.75596],[83.87181,21.75598],[83.86873,21.75679],[83.86459,21.75885],[83.86042,21.75898],[83.8604,21.76016]]]}},{"type":"Feature","properties":{"LCODE":"010130006000600042","LOCATION":"DUDUGAON","V_TYPE":"VILLAGE","BLOCK":"LAKHANPUR","DISTRICT":"JHARSUGUDA"},"geometry":{"type":"Polygon","coordinates":[[[83.7021,21.75239],[83.70563,21.75781],[83.70569,21.7585],[83.70458,21.76171],[83.70563,21.76229],[83.70563,21.76252],[83.70317,21.76475],[83.70268,21.76573],[83.70293,21.76641],[83.70453,21.76734],[83.70496,21.76877],[83.70567,21.76991],[83.70643,21.76987],[83.70667,21.76774],[83.70704,21.76706],[83.7079,21.76677],[83.70869,21.76723],[83.70987,21.76924],[83.71245,21.772],[83.71239,21.77315],[83.71729,21.77356],[83.71852,21.7735],[83.71907,21.7719],[83.72263,21.7703],[83.71981,21.76548],[83.71975,21.76507],[83.7206,21.76347],[83.71965,21.75951],[83.7176,21.75756],[83.71598,21.75553],[83.71471,21.75571],[83.71428,21.75554],[83.71342,21.75428],[83.71244,21.75376],[83.71011,21.75369],[83.70795,21.7526],[83.7021,21.75239]]]}},{"type":"Feature","properties":{"LCODE":"010180005000500028","LOCATION":"DUMERMUNDA","V_TYPE":"VILLAGE","BLOCK":"JHARSUGUDA","DISTRICT":"JHARSUGUDA"},"geometry":{"type":"Polygon","coordinates":[[[83.92599,21.76585],[83.92748,21.77183],[83.92844,21.77288],[83.93359,21.77308],[83.93887,21.77276],[83.94205,21.77316],[83.94523,21.77315],[83.94738,21.7729],[83.9478,21.7726],[83.9469,21.77214],[83.94663,21.77143],[83.93707,21.76664],[83.93551,21.76461],[83.9346,21.76195],[83.93302,21.76296],[83.92599,21.76585]]]}},{"type":"Feature","properties":{"LCODE":"010140006000600008","LOCATION":"KHOLJAMKANI","V_TYPE":"VILLAGE","BLOCK":"LAKHANPUR","DISTRICT":"JHARSUGUDA"},"geometry":{"type":"Polygon","coordinates":[[[83.73816,21.76035],[83.73822,21.76265],[83.73869,21.76427],[83.73957,21.7646],[83.73988,21.76512],[83.73988,21.76787],[83.74189,21.77049],[83.74319,21.77017],[83.74596,21.77155],[83.74893,21.77156],[83.75038,21.77234],[83.75289,21.77296],[83.75388,21.77297],[83.75617,21.77117],[83.75883,21.77006],[83.76134,21.76659],[83.76186,21.76493],[83.7614,21.76354],[83.75922,21.76172],[83.75714,21.75835],[83.75704,21.75679],[83.75869,21.75406],[83.75871,21.75285],[83.75785,21.74938],[83.75731,21.74831],[83.75549,21.74618],[83.75456,21.74634],[83.74982,21.74908],[83.7454,21.74917],[83.74484,21.7494],[83.74184,21.75572],[83.74006,21.75795],[83.73895,21.75881],[83.73816,21.76035]]]}},{"type":"Feature","properties":{"LCODE":"010130006000600060","LOCATION":"LUHABAGA","V_TYPE":"VILLAGE","BLOCK":"LAKHANPUR","DISTRICT":"JHARSUGUDA"},"geometry":{"type":"Polygon","coordinates":[[[83.47854,21.75205],[83.4793,21.75527],[83.47997,21.75674],[83.48422,21.76265],[83.48441,21.76473],[83.48396,21.76597],[83.48681,21.767],[83.48962,21.76863],[83.49405,21.76924],[83.49465,21.76987],[83.49477,21.77061],[83.49532,21.77119],[83.49599,21.77137],[83.4968,21.77126],[83.49828,21.77048],[83.50037,21.7709],[83.50252,21.77192],[83.50485,21.77193],[83.50626,21.77158],[83.5109,21.77281],[83.51191,21.77171],[83.5116,21.77068],[83.51012,21.76929],[83.50804,21.76837],[83.5073,21.76722],[83.50601,21.76675],[83.50577,21.76583],[83.50454,21.76508],[83.50436,21.76473],[83.50454,21.7641],[83.50362,21.76347],[83.5043,21.76249],[83.50423,21.76192],[83.50554,21.76129],[83.50534,21.76106],[83.50571,21.76025],[83.50466,21.75962],[83.50546,21.75824],[83.5054,21.75772],[83.50485,21.75726],[83.50528,21.7568],[83.50534,21.75611],[83.50577,21.75565],[83.50841,21.75451],[83.50884,21.75359],[83.5078,21.75387],[83.50718,21.75335],[83.50663,21.75329],[83.50343,21.75507],[83.50209,21.75622],[83.50018,21.75662],[83.49982,21.75631],[83.49988,21.75535],[83.50141,21.75524],[83.50405,21.75375],[83.50583,21.75272],[83.50875,21.75034],[83.50823,21.74953],[83.50639,21.74883],[83.50695,21.74815],[83.50684,21.74683],[83.50653,21.74683],[83.50555,21.7478],[83.50475,21.74768],[83.50407,21.74721],[83.50333,21.7475],[83.50259,21.74835],[83.50074,21.75213],[83.5,21.75247],[83.49886,21.75246],[83.4969,21.7509],[83.49525,21.74794],[83.49387,21.74629],[83.49169,21.74488],[83.4898,21.74782],[83.48351,21.75006],[83.4802,21.75063],[83.47878,21.75125],[83.47854,21.75205]]]}},{"type":"Feature","properties":{"LCODE":"010130006000600055","LOCATION":"JAMPALI","V_TYPE":"VILLAGE","BLOCK":"LAKHANPUR","DISTRICT":"JHARSUGUDA"},"geometry":{"type":"Polygon","coordinates":[[[83.55408,21.75179],[83.5542,21.75214],[83.55573,21.75294],[83.55598,21.75364],[83.55788,21.75421],[83.55757,21.75506],[83.56451,21.76337],[83.56574,21.76423],[83.56801,21.7647],[83.56844,21.76596],[83.57034,21.76901],[83.57114,21.77114],[83.57249,21.77264],[83.57446,21.77253],[83.58256,21.76794],[83.58342,21.76777],[83.58133,21.76375],[83.58028,21.7626],[83.57863,21.76153],[83.57771,21.76299],[83.57703,21.76299],[83.57642,21.76339],[83.57661,21.76219],[83.57617,21.76138],[83.57691,21.75926],[83.57691,21.75834],[83.57568,21.75839],[83.57488,21.75776],[83.57347,21.75781],[83.57494,21.75649],[83.57317,21.75465],[83.57151,21.75453],[83.57133,21.75384],[83.57157,21.75321],[83.5712,21.75298],[83.56905,21.75292],[83.56893,21.75384],[83.56924,21.7547],[83.56893,21.75522],[83.56819,21.75527],[83.56789,21.75412],[83.56752,21.75389],[83.56709,21.75481],[83.5666,21.75481],[83.56629,21.75406],[83.56715,21.75251],[83.56709,21.75199],[83.56678,21.75199],[83.56666,21.75262],[83.56599,21.75262],[83.56573,21.75297],[83.56512,21.75308],[83.56438,21.75193],[83.56371,21.75147],[83.56138,21.75094],[83.5593,21.74971],[83.55817,21.74871],[83.55732,21.74853],[83.55585,21.74846],[83.55444,21.74936],[83.55424,21.74987],[83.55469,21.75041],[83.55475,21.75099],[83.55408,21.75179]]]}},{"type":"Feature","properties":{"LCODE":"010130006000600059","LOCATION":"BADDARHA","V_TYPE":"VILLAGE","BLOCK":"LAKHANPUR","DISTRICT":"JHARSUGUDA"},"geometry":{"type":"Polygon","coordinates":[[[83.49982,21.75631],[83.50018,21.75662],[83.50209,21.75622],[83.50343,21.75507],[83.50663,21.75329],[83.50718,21.75335],[83.5078,21.75387],[83.50884,21.75359],[83.50841,21.75451],[83.50577,21.75565],[83.50534,21.75611],[83.50528,21.7568],[83.50485,21.75726],[83.5054,21.75772],[83.50546,21.75824],[83.50466,21.75962],[83.50571,21.76025],[83.50534,21.76106],[83.50554,21.76129],[83.50423,21.76192],[83.5043,21.76249],[83.50362,21.76347],[83.50454,21.7641],[83.50436,21.76473],[83.50454,21.76508],[83.50577,21.76583],[83.50601,21.76675],[83.5073,21.76722],[83.50804,21.76837],[83.51012,21.76929],[83.5116,21.77068],[83.51191,21.77171],[83.5117,21.77196],[83.51633,21.77132],[83.51921,21.77172],[83.52793,21.76979],[83.54054,21.76421],[83.53695,21.75974],[83.5356,21.75646],[83.5359,21.75129],[83.53645,21.74824],[83.53629,21.74718],[83.5338,21.74693],[83.53331,21.74636],[83.53282,21.74624],[83.53184,21.74669],[83.53147,21.74571],[83.53037,21.74559],[83.53012,21.74576],[83.53018,21.74622],[83.53098,21.74674],[83.53115,21.74749],[83.5322,21.74796],[83.53237,21.74853],[83.53139,21.74875],[83.53065,21.74938],[83.52985,21.74937],[83.52981,21.74708],[83.5295,21.74708],[83.52837,21.74954],[83.52879,21.75058],[83.53069,21.75088],[83.5321,21.75145],[83.53056,21.75191],[83.53056,21.75294],[83.531,21.75346],[83.53044,21.75369],[83.53082,21.75628],[83.52983,21.75582],[83.5286,21.7557],[83.52836,21.75524],[83.52891,21.75329],[83.52848,21.75277],[83.5275,21.75236],[83.52768,21.75144],[83.52737,21.75058],[83.52602,21.75138],[83.52443,21.75121],[83.52425,21.75144],[83.52517,21.75236],[83.52511,21.7527],[83.52461,21.7527],[83.52394,21.75414],[83.52332,21.75304],[83.52332,21.75224],[83.52247,21.75224],[83.52241,21.75172],[83.52302,21.75138],[83.52314,21.75086],[83.51945,21.75033],[83.51971,21.75125],[83.51903,21.75206],[83.51933,21.75269],[83.51933,21.75413],[83.51903,21.75407],[83.51829,21.75263],[83.51774,21.7532],[83.51768,21.75435],[83.51707,21.75447],[83.51688,21.75257],[83.51737,21.75205],[83.51694,21.75176],[83.517,21.75148],[83.51872,21.75041],[83.51891,21.74973],[83.51872,21.7488],[83.51623,21.74775],[83.51439,21.74785],[83.51452,21.74659],[83.51373,21.74647],[83.51365,21.74767],[83.50978,21.74828],[83.50695,21.74815],[83.50639,21.74866],[83.50658,21.74906],[83.50787,21.7493],[83.50875,21.75034],[83.50583,21.75272],[83.50405,21.75375],[83.50141,21.75524],[83.49988,21.75535],[83.49982,21.75631]]]}},{"type":"Feature","properties":{"LCODE":"010180005000500029","LOCATION":"PATRAPALI","V_TYPE":"VILLAGE","BLOCK":"JHARSUGUDA","DISTRICT":"JHARSUGUDA"},"geometry":{"type":"Polygon","coordinates":[[[83.9346,21.76195],[83.93551,21.76461],[83.93707,21.76664],[83.94663,21.77143],[83.94645,21.76978],[83.94598,21.76863],[83.94672,21.76847],[83.94775,21.76923],[83.94817,21.76924],[83.94843,21.76844],[83.94723,21.7671],[83.94766,21.76676],[83.94894,21.76707],[83.94955,21.76771],[83.94996,21.76875],[83.95029,21.77134],[83.95078,21.77152],[83.95126,21.77135],[83.95184,21.77027],[83.9518,21.76855],[83.95453,21.76641],[83.95736,21.76571],[83.95837,21.76722],[83.95879,21.76861],[83.9593,21.7673],[83.96028,21.76697],[83.9603,21.76576],[83.96204,21.76424],[83.96217,21.76338],[83.96144,21.7632],[83.95915,21.76482],[83.95847,21.76498],[83.9583,21.76469],[83.95862,21.76361],[83.96086,21.76101],[83.96099,21.75687],[83.96233,21.75718],[83.9623,21.75575],[83.96354,21.75479],[83.96525,21.75505],[83.96495,21.75453],[83.96397,21.75411],[83.9638,21.7537],[83.96437,21.75234],[83.96527,21.75139],[83.96458,21.75088],[83.96403,21.7492],[83.96243,21.74771],[83.95908,21.74568],[83.9566,21.74569],[83.95591,21.74544],[83.95479,21.74397],[83.95399,21.74368],[83.95294,21.74448],[83.95184,21.74425],[83.95067,21.74527],[83.94994,21.74538],[83.94926,21.74492],[83.94878,21.74354],[83.94738,21.74273],[83.94714,21.74147],[83.94826,21.73975],[83.9482,21.73918],[83.94753,21.73826],[83.94748,21.73694],[83.94798,21.73619],[83.94963,21.73637],[83.95012,21.7362],[83.95037,21.73569],[83.94915,21.73425],[83.94896,21.73341],[83.94274,21.72635],[83.9404,21.74109],[83.94038,21.74465],[83.94125,21.75003],[83.93793,21.7585],[83.93642,21.76078],[83.9346,21.76195]]]}},{"type":"Feature","properties":{"LCODE":"010140006000600020","LOCATION":"DARLIPALI","V_TYPE":"VILLAGE","BLOCK":"LAKHANPUR","DISTRICT":"JHARSUGUDA"},"geometry":{"type":"Polygon","coordinates":[[[83.84058,21.76248],[83.84073,21.76403],[83.84138,21.76508],[83.84695,21.76546],[83.8502,21.76603],[83.85305,21.7674],[83.85615,21.76974],[83.85676,21.76924],[83.85749,21.76937],[83.85808,21.77081],[83.85874,21.77134],[83.85966,21.77101],[83.86134,21.7696],[83.86258,21.76928],[83.86423,21.76936],[83.8653,21.76862],[83.86174,21.76432],[83.86103,21.76299],[83.86057,21.76148],[83.86033,21.75757],[83.85876,21.75582],[83.85473,21.75501],[83.85197,21.75542],[83.84959,21.75452],[83.84811,21.75426],[83.84693,21.75597],[83.84557,21.75716],[83.8436,21.75787],[83.84081,21.75981],[83.84058,21.76248]]]}},{"type":"Feature","properties":{"LCODE":"010130006000600049","LOCATION":"KUDABAGA","V_TYPE":"VILLAGE","BLOCK":"LAKHANPUR","DISTRICT":"JHARSUGUDA"},"geometry":{"type":"Polygon","coordinates":[[[83.66327,21.75405],[83.66352,21.75428],[83.66628,21.75394],[83.66677,21.7544],[83.66665,21.75589],[83.66689,21.75624],[83.66818,21.75555],[83.66935,21.75619],[83.67033,21.75596],[83.67039,21.75751],[83.67181,21.75814],[83.67211,21.75878],[83.67175,21.76038],[83.67027,21.76084],[83.66997,21.7613],[83.66978,21.76445],[83.66911,21.76548],[83.66935,21.76623],[83.66684,21.76755],[83.6653,21.76748],[83.66567,21.76806],[83.66721,21.76858],[83.66708,21.7695],[83.66604,21.77087],[83.6688,21.77082],[83.67071,21.77037],[83.67156,21.76956],[83.67144,21.76842],[83.67205,21.76784],[83.67291,21.76825],[83.67347,21.76911],[83.6742,21.769],[83.67414,21.7679],[83.67469,21.7675],[83.67359,21.76676],[83.67359,21.76641],[83.67469,21.76509],[83.67475,21.76297],[83.67506,21.7624],[83.67574,21.762],[83.67813,21.76196],[83.67838,21.76149],[83.6807,21.75971],[83.67953,21.75644],[83.6796,21.75466],[83.67929,21.75351],[83.67868,21.75265],[83.6761,21.75132],[83.6745,21.75126],[83.67395,21.75063],[83.67374,21.74823],[83.67398,21.74463],[83.67357,21.74445],[83.67365,21.74222],[83.67303,21.74165],[83.671,21.74341],[83.66934,21.74351],[83.66756,21.74493],[83.66675,21.74613],[83.66656,21.74704],[83.66747,21.74973],[83.66352,21.75348],[83.66327,21.75405]]]}},{"type":"Feature","properties":{"LCODE":"010130006000600035","LOCATION":"SAHASBAGA","V_TYPE":"VILLAGE","BLOCK":"LAKHANPUR","DISTRICT":"JHARSUGUDA"},"geometry":{"type":"Polygon","coordinates":[[[83.62823,21.7635],[83.62841,21.76396],[83.63105,21.76512],[83.63123,21.76558],[83.6307,21.76792],[83.63087,21.7681],[83.63338,21.76966],[83.63457,21.76987],[83.63455,21.76754],[83.63528,21.76513],[83.63763,21.76082],[83.63731,21.76008],[83.63639,21.75939],[83.63486,21.75933],[83.63363,21.7599],[83.63166,21.76156],[83.62908,21.76236],[83.62823,21.7635]]]}},{"type":"Feature","properties":{"LCODE":"010140006000600030","LOCATION":"DUDOLSINGHA","V_TYPE":"VILLAGE","BLOCK":"LAKHANPUR","DISTRICT":"JHARSUGUDA"},"geometry":{"type":"Polygon","coordinates":[[[83.91346,21.76307],[83.91402,21.76317],[83.91584,21.76457],[83.9171,21.76626],[83.91811,21.76823],[83.91859,21.76858],[83.92005,21.76912],[83.9222,21.76904],[83.92493,21.76639],[83.93302,21.76296],[83.93642,21.76078],[83.93793,21.7585],[83.94048,21.75226],[83.93697,21.75002],[83.93581,21.74881],[83.93538,21.74893],[83.93488,21.74967],[83.93324,21.74869],[83.932,21.74994],[83.93139,21.74971],[83.93085,21.74793],[83.93092,21.74661],[83.93154,21.74483],[83.93149,21.74346],[83.93107,21.74299],[83.93069,21.74288],[83.93026,21.74431],[83.92995,21.74454],[83.92891,21.74401],[83.92823,21.74441],[83.92677,21.74418],[83.92577,21.7445],[83.92626,21.74572],[83.92907,21.7478],[83.92959,21.75004],[83.92928,21.75153],[83.92792,21.75288],[83.92722,21.75425],[83.92644,21.75722],[83.92508,21.75789],[83.91823,21.75709],[83.91743,21.75725],[83.91593,21.75872],[83.91556,21.7594],[83.91541,21.76072],[83.91411,21.76173],[83.91346,21.76307]]]}},{"type":"Feature","properties":{"LCODE":"010130006000600045","LOCATION":"KADAMDIHI","V_TYPE":"VILLAGE","BLOCK":"LAKHANPUR","DISTRICT":"JHARSUGUDA"},"geometry":{"type":"Polygon","coordinates":[[[83.69353,21.76112],[83.69396,21.76347],[83.69375,21.76437],[83.69446,21.76473],[83.69537,21.76422],[83.6982,21.76606],[83.69992,21.7652],[83.70078,21.76538],[83.70188,21.76636],[83.70262,21.76636],[83.70317,21.76475],[83.70563,21.76252],[83.70563,21.76229],[83.70458,21.76171],[83.70569,21.7585],[83.70563,21.75781],[83.7021,21.75239],[83.70102,21.75252],[83.70188,21.75471],[83.70158,21.75637],[83.70102,21.75712],[83.69961,21.75797],[83.69415,21.75997],[83.69353,21.76112]]]}},{"type":"Feature","properties":{"LCODE":"010200007000700021","LOCATION":"BHOGRAPALI","V_TYPE":"VILLAGE","BLOCK":"KOLABIRA","DISTRICT":"JHARSUGUDA"},"geometry":{"type":"Polygon","coordinates":[[[84.1813,21.75657],[84.1889,21.76323],[84.19014,21.76505],[84.19616,21.76564],[84.19775,21.7654],[84.20218,21.76617],[84.2045,21.76546],[84.20541,21.76397],[84.2057,21.76282],[84.20522,21.76049],[84.20469,21.76078],[84.20373,21.76024],[84.20109,21.75558],[84.19996,21.75418],[84.19868,21.75333],[84.19648,21.75254],[84.19349,21.75185],[84.1913,21.75181],[84.18672,21.75319],[84.1813,21.75657]]]}},{"type":"Feature","properties":{"LCODE":"010140006000600021","LOCATION":"BANJIPALI","V_TYPE":"VILLAGE","BLOCK":"LAKHANPUR","DISTRICT":"JHARSUGUDA"},"geometry":{"type":"Polygon","coordinates":[[[83.83466,21.76083],[83.8353,21.76245],[83.8364,21.76316],[83.84042,21.76472],[83.84097,21.76446],[83.84058,21.76248],[83.84081,21.75961],[83.84016,21.75822],[83.83937,21.75751],[83.83839,21.75744],[83.83648,21.75844],[83.83634,21.75902],[83.83473,21.7602],[83.83466,21.76083]]]}},{"type":"Feature","properties":{"LCODE":"010130006000600050","LOCATION":"LACHHIPALI","V_TYPE":"VILLAGE","BLOCK":"LAKHANPUR","DISTRICT":"JHARSUGUDA"},"geometry":{"type":"Polygon","coordinates":[[[83.63946,21.75566],[83.6397,21.75675],[83.64234,21.75825],[83.644,21.75854],[83.64474,21.75958],[83.64476,21.76009],[83.64732,21.76125],[83.65537,21.76445],[83.65505,21.76396],[83.65572,21.76322],[83.65714,21.76362],[83.65707,21.76311],[83.65634,21.76218],[83.65628,21.7615],[83.65652,21.76098],[83.65824,21.75961],[83.658,21.75874],[83.6572,21.7584],[83.6564,21.75903],[83.65554,21.76035],[83.65492,21.76201],[83.65413,21.7627],[83.65339,21.76258],[83.65284,21.76155],[83.65272,21.75781],[83.64768,21.75488],[83.64823,21.75258],[83.64811,21.75206],[83.64725,21.75149],[83.64056,21.75262],[83.63982,21.75377],[83.63946,21.75566]]]}},{"type":"Feature","properties":{"LCODE":"010140006000600009","LOCATION":"BHAURKHOL","V_TYPE":"VILLAGE","BLOCK":"LAKHANPUR","DISTRICT":"JHARSUGUDA"},"geometry":{"type":"Polygon","coordinates":[[[83.71598,21.75553],[83.7176,21.75756],[83.71965,21.75951],[83.72288,21.75912],[83.72385,21.7594],[83.72379,21.75998],[83.72417,21.76004],[83.7257,21.75883],[83.72815,21.75878],[83.72975,21.75942],[83.73042,21.76051],[83.73074,21.76188],[83.73233,21.76304],[83.73869,21.76427],[83.73822,21.76265],[83.73816,21.76035],[83.73895,21.75881],[83.74006,21.75795],[83.74184,21.75572],[83.74474,21.74957],[83.74294,21.74824],[83.74092,21.74726],[83.74062,21.74537],[83.73854,21.74244],[83.73691,21.73798],[83.73548,21.73934],[83.73254,21.74035],[83.73093,21.742],[83.73097,21.74313],[83.72982,21.74359],[83.72884,21.7437],[83.72681,21.74312],[83.72584,21.74197],[83.72307,21.74292],[83.72171,21.74423],[83.71943,21.74747],[83.719,21.75188],[83.71598,21.75553]]]}},{"type":"Feature","properties":{"LCODE":"010130006000600058","LOCATION":"KUSMEL","V_TYPE":"VILLAGE","BLOCK":"LAKHANPUR","DISTRICT":"JHARSUGUDA"},"geometry":{"type":"Polygon","coordinates":[[[83.53093,21.74439],[83.53117,21.74497],[83.5321,21.74463],[83.53277,21.74532],[83.53424,21.74556],[83.53479,21.74614],[83.53606,21.74646],[83.53645,21.74824],[83.5359,21.75129],[83.5356,21.75646],[83.53695,21.75974],[83.54054,21.76421],[83.54675,21.76107],[83.54714,21.76011],[83.54708,21.75902],[83.54549,21.76045],[83.5442,21.7608],[83.54364,21.76125],[83.54247,21.76142],[83.54235,21.76114],[83.54333,21.7601],[83.54487,21.75965],[83.54665,21.75827],[83.5461,21.75833],[83.5461,21.75712],[83.54543,21.75643],[83.54456,21.75631],[83.5437,21.75677],[83.54297,21.75654],[83.54376,21.7551],[83.54241,21.75378],[83.54303,21.75338],[83.5442,21.75384],[83.54481,21.75367],[83.54543,21.75465],[83.54604,21.75476],[83.54806,21.75396],[83.548,21.75281],[83.54868,21.75281],[83.54855,21.75235],[83.54781,21.75235],[83.54739,21.75183],[83.54689,21.75212],[83.5461,21.75189],[83.54597,21.75126],[83.5453,21.75045],[83.54585,21.75034],[83.54646,21.75091],[83.54671,21.75068],[83.54659,21.75039],[83.5472,21.75045],[83.54693,21.74885],[83.54729,21.74862],[83.54821,21.74931],[83.54933,21.74748],[83.55013,21.74726],[83.55008,21.74611],[83.55119,21.74606],[83.55174,21.74555],[83.55206,21.74475],[83.55157,21.74429],[83.55039,21.74497],[83.54984,21.74405],[83.54837,21.74473],[83.54757,21.74438],[83.54671,21.74454],[83.54475,21.7443],[83.54433,21.74356],[83.54568,21.74328],[83.54617,21.74242],[83.54716,21.74191],[83.54839,21.74163],[83.54937,21.7421],[83.55011,21.74158],[83.55158,21.74165],[83.55177,21.74131],[83.55134,21.74079],[83.54871,21.73934],[83.54646,21.73658],[83.54547,21.73726],[83.54478,21.73897],[83.54429,21.7392],[83.54313,21.73891],[83.54344,21.73811],[83.54308,21.73724],[83.54375,21.73679],[83.54382,21.73616],[83.54449,21.73731],[83.5451,21.73691],[83.54462,21.73611],[83.54499,21.73594],[83.54523,21.73628],[83.54616,21.73629],[83.54622,21.73572],[83.54506,21.73462],[83.54475,21.73462],[83.54451,21.73404],[83.54482,21.73353],[83.5439,21.73387],[83.54403,21.73295],[83.54379,21.73289],[83.54329,21.73363],[83.54274,21.73306],[83.54218,21.73368],[83.54163,21.73362],[83.5412,21.73339],[83.54182,21.73231],[83.54109,21.73196],[83.54054,21.73098],[83.53993,21.73063],[83.53828,21.73085],[83.53822,21.73033],[83.53914,21.73028],[83.53982,21.7296],[83.54128,21.7303],[83.5433,21.73231],[83.54348,21.7322],[83.53954,21.72587],[83.53893,21.72569],[83.53819,21.72643],[83.53799,21.72712],[83.537,21.72809],[83.53681,21.72883],[83.53619,21.72952],[83.53606,21.73066],[83.53545,21.73066],[83.53539,21.73112],[83.53587,21.73175],[83.5352,21.7314],[83.53501,21.73158],[83.53501,21.73226],[83.53556,21.73273],[83.53464,21.73329],[83.53407,21.73564],[83.534,21.73621],[83.53468,21.73622],[83.53522,21.73679],[83.53737,21.73704],[83.53761,21.73767],[83.53614,21.73726],[83.53545,21.73857],[83.53442,21.73759],[83.53338,21.73753],[83.53319,21.73799],[83.53343,21.73845],[83.53398,21.73839],[83.53508,21.73949],[83.53508,21.73989],[83.53422,21.74],[83.53336,21.73907],[83.533,21.73902],[83.53281,21.73947],[83.53305,21.74034],[83.53439,21.7408],[83.53433,21.74114],[83.53371,21.74137],[83.5339,21.74166],[83.53525,21.74201],[83.53586,21.74253],[83.53591,21.74305],[83.53462,21.74287],[83.53352,21.74384],[83.53224,21.7413],[83.53194,21.74119],[83.53093,21.74439]]]}},{"type":"Feature","properties":{"LCODE":"010130006000600044","LOCATION":"PARSIAN","V_TYPE":"VILLAGE","BLOCK":"LAKHANPUR","DISTRICT":"JHARSUGUDA"},"geometry":{"type":"Polygon","coordinates":[[[83.68533,21.73966],[83.68594,21.74012],[83.68704,21.74013],[83.68741,21.74042],[83.68703,21.74122],[83.68752,21.74231],[83.6915,21.74588],[83.69284,21.74663],[83.69511,21.74698],[83.69609,21.74745],[83.69659,21.74802],[83.6967,21.74877],[83.6964,21.74922],[83.69522,21.75007],[83.69222,21.75085],[83.69102,21.75216],[83.69077,21.75314],[83.6909,21.75554],[83.69046,21.75715],[83.69144,21.75916],[83.69237,21.75991],[83.69394,21.76022],[83.69617,21.75906],[83.69961,21.75797],[83.70102,21.75712],[83.70158,21.75637],[83.70188,21.75471],[83.70034,21.75057],[83.69996,21.74862],[83.70113,21.74633],[83.70052,21.74513],[83.70109,21.74325],[83.70072,21.74159],[83.70141,21.73976],[83.70068,21.7377],[83.70087,21.73604],[83.70033,21.73518],[83.69983,21.73535],[83.69952,21.73615],[83.69909,21.73631],[83.6983,21.73579],[83.69756,21.73447],[83.69751,21.73219],[83.69691,21.73058],[83.69617,21.73012],[83.69439,21.72994],[83.69292,21.73021],[83.688,21.73247],[83.6867,21.73389],[83.68743,21.7347],[83.68817,21.73482],[83.68816,21.7351],[83.68768,21.7355],[83.68626,21.73566],[83.68539,21.73669],[83.68564,21.73812],[83.686,21.73869],[83.68533,21.73966]]]}},{"type":"Feature","properties":{"LCODE":"010180005000500032","LOCATION":"LUHURENKACHHAR","V_TYPE":"VILLAGE","BLOCK":"JHARSUGUDA","DISTRICT":"JHARSUGUDA"},"geometry":{"type":"Polygon","coordinates":[[[83.98376,21.75628],[83.98488,21.75745],[83.98593,21.75791],[83.98763,21.75949],[83.98842,21.75988],[83.99024,21.75991],[83.99247,21.75865],[83.99345,21.75644],[83.9931,21.75303],[83.99047,21.74981],[83.98962,21.74949],[83.98797,21.74971],[83.98621,21.75121],[83.98555,21.7522],[83.98497,21.75411],[83.98376,21.75628]]]}},{"type":"Feature","properties":{"LCODE":"010140006000600022","LOCATION":"UBUDA","V_TYPE":"VILLAGE","BLOCK":"LAKHANPUR","DISTRICT":"JHARSUGUDA"},"geometry":{"type":"Polygon","coordinates":[[[83.82204,21.73563],[83.82564,21.74579],[83.82655,21.747],[83.82691,21.74803],[83.82675,21.75041],[83.82742,21.75082],[83.82852,21.75089],[83.83028,21.75179],[83.83154,21.75348],[83.83427,21.75473],[83.83624,21.75838],[83.83685,21.75834],[83.83839,21.75744],[83.83937,21.75751],[83.84016,21.75822],[83.84081,21.75981],[83.8436,21.75787],[83.84557,21.75716],[83.84693,21.75597],[83.84811,21.75426],[83.84759,21.75351],[83.84665,21.74899],[83.84363,21.74266],[83.84157,21.73938],[83.83895,21.73626],[83.83853,21.73459],[83.8388,21.7321],[83.83138,21.73289],[83.82384,21.73228],[83.82322,21.73256],[83.82272,21.73348],[83.82204,21.73563]]]}},{"type":"Feature","properties":{"LCODE":"010130006000600052","LOCATION":"PANCHPUDUGIA","V_TYPE":"VILLAGE","BLOCK":"LAKHANPUR","DISTRICT":"JHARSUGUDA"},"geometry":{"type":"Polygon","coordinates":[[[83.59351,21.75501],[83.59453,21.75648],[83.59673,21.75735],[83.59907,21.75953],[83.59999,21.75954],[83.60189,21.75787],[83.60194,21.75466],[83.60134,21.75477],[83.60116,21.75437],[83.60036,21.75442],[83.59975,21.75414],[83.59821,21.75453],[83.596,21.75367],[83.59403,21.7543],[83.59351,21.75501]]]}},{"type":"Feature","properties":{"LCODE":"010140006000600029","LOCATION":"GUDIALI","V_TYPE":"VILLAGE","BLOCK":"LAKHANPUR","DISTRICT":"JHARSUGUDA"},"geometry":{"type":"Polygon","coordinates":[[[83.90494,21.75519],[83.90763,21.75686],[83.91019,21.75782],[83.91379,21.75868],[83.91554,21.75951],[83.91675,21.75775],[83.91743,21.75725],[83.91823,21.75709],[83.92508,21.75789],[83.92644,21.75722],[83.92722,21.75425],[83.92792,21.75288],[83.92928,21.75153],[83.9296,21.75067],[83.92937,21.74838],[83.92907,21.7478],[83.92626,21.74572],[83.92511,21.74359],[83.925,21.74268],[83.92547,21.74224],[83.92359,21.74209],[83.92273,21.74232],[83.91956,21.74427],[83.91946,21.7454],[83.92036,21.74788],[83.91958,21.74968],[83.91895,21.75021],[83.91655,21.75103],[83.91189,21.75153],[83.9087,21.75147],[83.90781,21.75108],[83.90494,21.75519]]]}},{"type":"Feature","properties":{"LCODE":"010140006000600017","LOCATION":"KHUNTMAHUL","V_TYPE":"VILLAGE","BLOCK":"LAKHANPUR","DISTRICT":"JHARSUGUDA"},"geometry":{"type":"Polygon","coordinates":[[[83.81947,21.75345],[83.81988,21.75478],[83.82059,21.75577],[83.82623,21.7592],[83.82667,21.75909],[83.82748,21.75824],[83.83025,21.75696],[83.83117,21.75709],[83.83189,21.75762],[83.83312,21.75747],[83.83436,21.75691],[83.83501,21.75627],[83.83427,21.75473],[83.83154,21.75348],[83.83028,21.75179],[83.82852,21.75089],[83.82742,21.75082],[83.82669,21.75017],[83.82111,21.75117],[83.81949,21.75226],[83.81947,21.75345]]]}},{"type":"Feature","properties":{"LCODE":"010140006000600025","LOCATION":"BANDHBAHAL","V_TYPE":"VILLAGE","BLOCK":"LAKHANPUR","DISTRICT":"JHARSUGUDA"},"geometry":{"type":"Polygon","coordinates":[[[83.86034,21.75762],[83.86042,21.75898],[83.86459,21.75885],[83.86873,21.75679],[83.87181,21.75598],[83.87432,21.75596],[83.87629,21.75531],[83.88087,21.75659],[83.883,21.7568],[83.88548,21.75563],[83.88996,21.75501],[83.89261,21.75402],[83.89311,21.75334],[83.89304,21.75044],[83.89255,21.75023],[83.89143,21.75084],[83.89058,21.7506],[83.89018,21.74933],[83.88817,21.74834],[83.88622,21.74684],[83.88229,21.74642],[83.87696,21.74651],[83.87151,21.74481],[83.86839,21.74463],[83.86729,21.74422],[83.86591,21.7459],[83.86665,21.74663],[83.86652,21.74869],[83.86559,21.75042],[83.86559,21.75105],[83.86629,21.75255],[83.86613,21.75508],[83.86395,21.75677],[83.86223,21.75737],[83.86034,21.75762]]]}},{"type":"Feature","properties":{"LCODE":"010140006000600023","LOCATION":"CHHARLA","V_TYPE":"VILLAGE","BLOCK":"LAKHANPUR","DISTRICT":"JHARSUGUDA"},"geometry":{"type":"Polygon","coordinates":[[[83.83853,21.73459],[83.83895,21.73626],[83.84157,21.73938],[83.8446,21.74445],[83.84665,21.74899],[83.84789,21.75421],[83.84959,21.75452],[83.85197,21.75542],[83.85473,21.75501],[83.85876,21.75582],[83.86034,21.75762],[83.86223,21.75737],[83.86395,21.75677],[83.86613,21.75508],[83.86629,21.75255],[83.86559,21.75105],[83.86559,21.75042],[83.86652,21.74869],[83.86665,21.74663],[83.86635,21.74616],[83.86513,21.74564],[83.86349,21.74328],[83.86234,21.74224],[83.85957,21.742],[83.8586,21.74159],[83.85744,21.7398],[83.85666,21.73762],[83.85569,21.73646],[83.85497,21.73428],[83.85504,21.73301],[83.85566,21.73181],[83.85825,21.72901],[83.8582,21.72849],[83.85078,21.72828],[83.84715,21.7301],[83.84297,21.73134],[83.83929,21.73144],[83.83874,21.7323],[83.83853,21.73459]]]}},{"type":"Feature","properties":{"LCODE":"010130006000600047","LOCATION":"BHAURACHAKA","V_TYPE":"VILLAGE","BLOCK":"LAKHANPUR","DISTRICT":"JHARSUGUDA"},"geometry":{"type":"Polygon","coordinates":[[[83.68267,21.75139],[83.68279,21.75197],[83.68457,21.75249],[83.68513,21.75588],[83.68568,21.75645],[83.68623,21.7568],[83.68918,21.75669],[83.69022,21.756],[83.69071,21.7552],[83.69102,21.75216],[83.69175,21.75124],[83.69222,21.75085],[83.69522,21.75007],[83.6967,21.74877],[83.69659,21.74802],[83.69609,21.74745],[83.69511,21.74698],[83.69235,21.7464],[83.68863,21.74338],[83.68678,21.74442],[83.68659,21.7447],[83.68683,21.7459],[83.68658,21.74613],[83.68597,21.74579],[83.68572,21.74624],[83.68418,21.74715],[83.68356,21.748],[83.68267,21.75139]]]}},{"type":"Feature","properties":{"LCODE":"010130006000600043","LOCATION":"SAGARPALI","V_TYPE":"VILLAGE","BLOCK":"LAKHANPUR","DISTRICT":"JHARSUGUDA"},"geometry":{"type":"Polygon","coordinates":[[[83.70068,21.74907],[83.7021,21.75239],[83.70795,21.7526],[83.71011,21.75369],[83.71244,21.75376],[83.71342,21.75428],[83.71428,21.75554],[83.71581,21.75566],[83.71809,21.75325],[83.719,21.75188],[83.71918,21.74844],[83.72011,21.74633],[83.72307,21.74292],[83.72569,21.74197],[83.72596,21.74134],[83.72597,21.74065],[83.72395,21.73704],[83.71943,21.73147],[83.71741,21.72808],[83.71626,21.72487],[83.71627,21.72327],[83.71739,21.7226],[83.71738,21.72231],[83.71616,21.72224],[83.71585,21.72127],[83.71529,21.72161],[83.71413,21.72154],[83.71333,21.72222],[83.71247,21.7225],[83.7113,21.72238],[83.71051,21.72198],[83.71021,21.72072],[83.71089,21.71843],[83.71021,21.71883],[83.7099,21.7202],[83.70866,21.72179],[83.70621,21.72252],[83.70559,21.72337],[83.70547,21.72406],[83.70625,21.72567],[83.7049,21.726],[83.70583,21.72663],[83.70773,21.7267],[83.7084,21.72751],[83.70863,21.729],[83.71017,21.73078],[83.71065,21.73175],[83.70893,21.73191],[83.70757,21.73317],[83.7077,21.73374],[83.70922,21.73535],[83.71093,21.73902],[83.71399,21.74132],[83.71497,21.74287],[83.7146,21.74281],[83.71203,21.74051],[83.71092,21.74056],[83.70927,21.73878],[83.70878,21.73872],[83.70798,21.73951],[83.70731,21.73945],[83.70682,21.73882],[83.70651,21.73727],[83.70621,21.73699],[83.70425,21.73663],[83.70221,21.73885],[83.70214,21.74034],[83.70158,21.74125],[83.70158,21.74251],[83.70096,21.7449],[83.70187,21.74645],[83.70068,21.74907]]]}},{"type":"Feature","properties":{"LCODE":"010140006000600014","LOCATION":"SOLDIA","V_TYPE":"VILLAGE","BLOCK":"LAKHANPUR","DISTRICT":"JHARSUGUDA"},"geometry":{"type":"Polygon","coordinates":[[[83.78722,21.72404],[83.78831,21.72732],[83.78989,21.72865],[83.79055,21.73015],[83.7915,21.73464],[83.79283,21.73706],[83.79232,21.74044],[83.79101,21.7432],[83.79013,21.74607],[83.78989,21.74826],[83.79103,21.75079],[83.79512,21.755],[83.80467,21.75522],[83.80573,21.75495],[83.80723,21.75279],[83.80788,21.7509],[83.80736,21.74696],[83.80749,21.74615],[83.80804,21.74529],[83.81187,21.74227],[83.81268,21.73923],[83.8132,21.73886],[83.81167,21.73514],[83.81145,21.73273],[83.81155,21.72661],[83.81113,21.72566],[83.80941,21.71715],[83.80907,21.71371],[83.80274,21.71562],[83.802,21.71607],[83.8007,21.71628],[83.79892,21.71755],[83.79848,21.71847],[83.79806,21.71875],[83.79616,21.7184],[83.79597,21.718],[83.79617,21.71777],[83.79586,21.71748],[83.7942,21.71776],[83.79401,21.71844],[83.79352,21.71861],[83.78984,21.7186],[83.78904,21.71928],[83.7894,21.7202],[83.78933,21.72106],[83.78866,21.72095],[83.78829,21.72123],[83.78806,21.71979],[83.78768,21.72002],[83.78722,21.72404]]]}},{"type":"Feature","properties":{"LCODE":"010140006000600027","LOCATION":"SARANDAMAL","V_TYPE":"VILLAGE","BLOCK":"LAKHANPUR","DISTRICT":"JHARSUGUDA"},"geometry":{"type":"Polygon","coordinates":[[[83.87128,21.7448],[83.87696,21.74651],[83.88229,21.74642],[83.88622,21.74684],[83.88817,21.74834],[83.89018,21.74933],[83.89058,21.7506],[83.89107,21.75084],[83.89285,21.75023],[83.89376,21.75088],[83.89608,21.7515],[83.89613,21.75207],[83.8968,21.7526],[83.89738,21.75439],[83.89812,21.7544],[83.89868,21.75366],[83.89941,21.75362],[83.89958,21.75466],[83.90007,21.75495],[83.90167,21.75417],[83.9024,21.75424],[83.90368,21.75507],[83.90494,21.75519],[83.90951,21.74828],[83.91038,21.74593],[83.91038,21.74573],[83.90867,21.74552],[83.90806,21.745],[83.90551,21.7412],[83.90343,21.73918],[83.90247,21.73693],[83.90127,21.73331],[83.90128,21.73199],[83.90172,21.73033],[83.90334,21.72741],[83.89536,21.7276],[83.88771,21.7256],[83.88692,21.72566],[83.88194,21.72764],[83.88022,21.72803],[83.8799,21.72935],[83.87897,21.73032],[83.87695,21.73123],[83.87706,21.73227],[83.87809,21.73354],[83.87793,21.73853],[83.87719,21.73916],[83.87492,21.73943],[83.87406,21.73989],[83.8717,21.74361],[83.87128,21.7448]]]}},{"type":"Feature","properties":{"LCODE":"010140006000600011","LOCATION":"SINGHARPUR","V_TYPE":"VILLAGE","BLOCK":"LAKHANPUR","DISTRICT":"JHARSUGUDA"},"geometry":{"type":"Polygon","coordinates":[[[83.7369,21.73809],[83.73854,21.74244],[83.74062,21.74537],[83.74092,21.74726],[83.74294,21.74824],[83.74474,21.74957],[83.7454,21.74917],[83.74982,21.74908],[83.75456,21.74634],[83.75549,21.74618],[83.75731,21.74831],[83.75785,21.74938],[83.75871,21.75285],[83.75869,21.75406],[83.75833,21.75469],[83.76456,21.75479],[83.76635,21.75367],[83.76766,21.75219],[83.76785,21.75128],[83.76761,21.74848],[83.76718,21.74796],[83.76266,21.7469],[83.76096,21.74373],[83.76061,21.7416],[83.76105,21.73954],[83.76106,21.73793],[83.76046,21.73683],[83.75998,21.73488],[83.75853,21.73251],[83.757,21.73147],[83.7563,21.73018],[83.75172,21.73053],[83.74979,21.73023],[83.74866,21.72959],[83.74817,21.72902],[83.74805,21.7273],[83.74677,21.72541],[83.74609,21.72575],[83.74677,21.72718],[83.74633,21.72792],[83.74474,21.72888],[83.74387,21.72985],[83.74289,21.72967],[83.74227,21.73001],[83.74122,21.73183],[83.73698,21.735],[83.7369,21.73809]]]}},{"type":"Feature","properties":{"LCODE":"010140006000600016","LOCATION":"KARLAJORI","V_TYPE":"VILLAGE","BLOCK":"LAKHANPUR","DISTRICT":"JHARSUGUDA"},"geometry":{"type":"Polygon","coordinates":[[[83.80736,21.74696],[83.80776,21.75019],[83.81194,21.75298],[83.81261,21.75328],[83.81445,21.75325],[83.81529,21.75426],[83.81584,21.75442],[83.81701,21.75404],[83.82111,21.75117],[83.82669,21.75017],[83.82703,21.74901],[83.82655,21.747],[83.82564,21.74579],[83.82197,21.73554],[83.82117,21.73577],[83.8187,21.73811],[83.81734,21.73902],[83.81599,21.73907],[83.81422,21.73866],[83.81324,21.73883],[83.81268,21.73923],[83.81187,21.74227],[83.80804,21.74529],[83.80749,21.74615],[83.80736,21.74696]]]}},{"type":"Feature","properties":{"LCODE":"01013000600060sand","LOCATION":"SAND","V_TYPE":"SAND","BLOCK":"LAKHANPUR","DISTRICT":"JHARSUGUDA"},"geometry":{"type":"Polygon","coordinates":[[[83.572,21.7467],[83.57236,21.74728],[83.57298,21.74665],[83.57353,21.7466],[83.57352,21.74786],[83.57425,21.74912],[83.57339,21.74975],[83.57338,21.75044],[83.57542,21.74907],[83.57558,21.75094],[83.57691,21.7511],[83.57777,21.7523],[83.57893,21.75317],[83.58065,21.75369],[83.582,21.75358],[83.58256,21.75392],[83.58385,21.75387],[83.58514,21.75324],[83.58782,21.74989],[83.59058,21.74905],[83.59225,21.74797],[83.59471,21.74707],[83.59545,21.74644],[83.59595,21.7453],[83.59792,21.74394],[83.60009,21.74172],[83.60649,21.73924],[83.60932,21.73748],[83.6127,21.73738],[83.61375,21.73688],[83.61375,21.73665],[83.61314,21.73601],[83.6105,21.73577],[83.60828,21.73701],[83.60607,21.7374],[83.60484,21.739],[83.59998,21.7404],[83.59801,21.74016],[83.59739,21.7409],[83.59628,21.74112],[83.59536,21.74198],[83.59118,21.74246],[83.59001,21.74343],[83.58791,21.74416],[83.5865,21.74416],[83.58498,21.74317],[83.58387,21.74351],[83.58289,21.74253],[83.58258,21.74276],[83.58209,21.74229],[83.58099,21.74246],[83.57988,21.74331],[83.57939,21.74291],[83.57983,21.74217],[83.57952,21.74194],[83.57639,21.74237],[83.57565,21.7426],[83.57243,21.74499],[83.572,21.7467]]]}},{"type":"Feature","properties":{"LCODE":"010130006000600048","LOCATION":"DUANMUNDA","V_TYPE":"VILLAGE","BLOCK":"LAKHANPUR","DISTRICT":"JHARSUGUDA"},"geometry":{"type":"Polygon","coordinates":[[[83.67374,21.74823],[83.67383,21.75011],[83.67426,21.75109],[83.6761,21.75132],[83.6777,21.75196],[83.67868,21.75265],[83.67934,21.75367],[83.68046,21.75357],[83.68279,21.75289],[83.68379,21.75227],[83.68279,21.75197],[83.68279,21.75053],[83.68356,21.748],[83.68418,21.74715],[83.68536,21.7463],[83.68346,21.74549],[83.68327,21.7452],[83.68346,21.74423],[83.68309,21.74388],[83.68124,21.74484],[83.67995,21.74506],[83.68021,21.74432],[83.68008,21.74312],[83.67879,21.74311],[83.67738,21.74356],[83.67596,21.7447],[83.67505,21.7444],[83.67398,21.74463],[83.67374,21.74823]]]}},{"type":"Feature","properties":{"LCODE":"010130006000600061","LOCATION":"AMAPALI","V_TYPE":"VILLAGE","BLOCK":"LAKHANPUR","DISTRICT":"JHARSUGUDA"},"geometry":{"type":"Polygon","coordinates":[[[83.48521,21.73984],[83.48753,21.74377],[83.49066,21.74434],[83.49318,21.74567],[83.49525,21.74794],[83.4969,21.7509],[83.49886,21.75246],[83.5,21.75247],[83.50074,21.75213],[83.50259,21.74835],[83.50371,21.74727],[83.50555,21.7478],[83.50653,21.74683],[83.50684,21.74683],[83.50695,21.74815],[83.50947,21.74828],[83.50997,21.74748],[83.5106,21.74416],[83.50836,21.74087],[83.50628,21.74029],[83.50106,21.7366],[83.49821,21.73369],[83.49594,21.72983],[83.49135,21.73264],[83.4866,21.73874],[83.48595,21.7395],[83.48521,21.73984]]]}},{"type":"Feature","properties":{"LCODE":"01014000600060res","LOCATION":"RESERVOIR","V_TYPE":"RESERVOIR","BLOCK":"LAKHANPUR","DISTRICT":"JHARSUGUDA"},"geometry":{"type":"Polygon","coordinates":[[[83.69975,21.69641],[83.70135,21.69828],[83.70358,21.70165],[83.70511,21.7046],[83.7076,21.70693],[83.70928,21.70774],[83.71186,21.70832],[83.71272,21.7096],[83.71227,21.71342],[83.71291,21.71438],[83.7159,21.71444],[83.71739,21.71855],[83.71761,21.72132],[83.71719,21.72225],[83.7175,21.72345],[83.71793,21.72408],[83.71891,21.72392],[83.71922,21.72461],[83.71989,21.72444],[83.71922,21.72346],[83.71935,21.72226],[83.72144,21.7217],[83.72285,21.72165],[83.72395,21.72018],[83.72647,21.72111],[83.72726,21.72111],[83.72726,21.72088],[83.72568,21.72001],[83.72604,21.71945],[83.72581,21.71824],[83.72623,21.71745],[83.72636,21.71585],[83.72791,21.71214],[83.72804,21.70974],[83.72689,21.7075],[83.7272,21.70694],[83.728,21.70654],[83.72947,21.70678],[83.73014,21.70753],[83.73087,21.70993],[83.73215,21.71154],[83.73318,21.71395],[83.73269,21.71492],[83.73355,21.71446],[83.73545,21.71471],[83.73576,21.71431],[83.73576,21.71311],[83.73614,21.71219],[83.73724,21.71163],[83.73817,21.71169],[83.73883,21.71341],[83.73914,21.71536],[83.73993,21.71616],[83.73986,21.71713],[83.74066,21.71714],[83.74189,21.71635],[83.74207,21.71778],[83.74232,21.71795],[83.74318,21.71738],[83.74397,21.71728],[83.74397,21.71762],[83.7417,21.71915],[83.74261,21.72007],[83.74255,21.72155],[83.74273,21.72167],[83.74323,21.72121],[83.74353,21.72219],[83.74168,21.72378],[83.74297,21.72361],[83.7434,21.72419],[83.74327,21.72499],[83.74223,21.72549],[83.74143,21.72549],[83.74142,21.72577],[83.74198,21.72601],[83.7413,21.72629],[83.74204,21.72646],[83.74216,21.72829],[83.7424,21.72812],[83.74241,21.72675],[83.74364,21.7251],[83.74395,21.72516],[83.74394,21.72562],[83.74462,21.72557],[83.74511,21.72597],[83.74677,21.72541],[83.74805,21.7273],[83.74817,21.72902],[83.74866,21.72959],[83.75002,21.7303],[83.75172,21.73053],[83.7563,21.73018],[83.75593,21.72761],[83.7562,21.72369],[83.75645,21.72376],[83.75657,21.72348],[83.75628,21.7221],[83.75647,21.72078],[83.75616,21.72008],[83.75549,21.71996],[83.7552,21.71847],[83.75569,21.71847],[83.75654,21.71922],[83.75758,21.719],[83.75856,21.71992],[83.75949,21.71849],[83.75937,21.71803],[83.75839,21.71785],[83.75717,21.71658],[83.75712,21.71566],[83.75548,21.71387],[83.75573,21.7129],[83.75653,21.71192],[83.75782,21.71227],[83.76175,21.71166],[83.76224,21.71218],[83.76223,21.71293],[83.76247,21.71305],[83.76365,21.71185],[83.76494,21.71168],[83.76505,21.71203],[83.76443,21.71334],[83.76473,21.71478],[83.76429,21.71622],[83.76441,21.71668],[83.76514,21.7168],[83.76754,21.71572],[83.76772,21.71606],[83.76729,21.71658],[83.76735,21.71715],[83.76827,21.71693],[83.769,21.71716],[83.76956,21.71665],[83.77035,21.71746],[83.77158,21.71649],[83.77225,21.71775],[83.7728,21.71758],[83.77354,21.71667],[83.77465,21.71645],[83.77527,21.7157],[83.77625,21.71594],[83.7773,21.71531],[83.77724,21.71451],[83.77663,21.71375],[83.77682,21.71353],[83.77768,21.71359],[83.77834,21.71428],[83.77915,21.71337],[83.77939,21.71377],[83.77924,21.71733],[83.7796,21.7182],[83.78022,21.71832],[83.78188,21.71786],[83.78279,21.71821],[83.78371,21.71925],[83.78315,21.72],[83.78375,21.72109],[83.78431,21.72063],[83.784,21.72023],[83.78419,21.71977],[83.78468,21.71972],[83.78486,21.72058],[83.78529,21.7207],[83.78566,21.71978],[83.78609,21.72007],[83.78683,21.71938],[83.7872,21.71944],[83.78738,21.72002],[83.78687,21.72277],[83.78722,21.72404],[83.78768,21.72002],[83.78806,21.71979],[83.78829,21.72123],[83.78866,21.72095],[83.78933,21.72106],[83.7894,21.7202],[83.78904,21.71928],[83.78984,21.7186],[83.79352,21.71861],[83.79401,21.71844],[83.7942,21.71776],[83.79586,21.71748],[83.79617,21.71777],[83.79597,21.718],[83.79616,21.7184],[83.79806,21.71875],[83.79848,21.71847],[83.79892,21.71755],[83.80065,21.71647],[83.8007,21.71628],[83.80022,21.71624],[83.79893,21.7168],[83.79807,21.71795],[83.79659,21.71806],[83.79635,21.71719],[83.79537,21.71707],[83.79494,21.71736],[83.7942,21.71707],[83.79322,21.71815],[83.79107,21.71826],[83.78991,21.71802],[83.78929,21.71825],[83.78874,21.71784],[83.78838,21.71801],[83.78819,21.7191],[83.78671,21.71846],[83.78579,21.71892],[83.78481,21.71886],[83.78408,21.71811],[83.78487,21.71834],[83.785,21.71799],[83.78445,21.71765],[83.78458,21.71696],[83.78367,21.71603],[83.78275,21.71545],[83.78207,21.71603],[83.78109,21.71579],[83.7819,21.71476],[83.78184,21.71419],[83.78215,21.71419],[83.78251,21.71471],[83.78307,21.71442],[83.78307,21.71396],[83.7827,21.71362],[83.78307,21.71281],[83.78302,21.71252],[83.78179,21.71263],[83.78075,21.71234],[83.78069,21.71142],[83.78015,21.71079],[83.7801,21.70935],[83.77967,21.70923],[83.77856,21.71015],[83.77678,21.71037],[83.77573,21.71099],[83.77493,21.71093],[83.775,21.71059],[83.77759,21.70882],[83.77785,21.70738],[83.77815,21.7071],[83.78006,21.70619],[83.78093,21.7051],[83.78209,21.70516],[83.78179,21.70441],[83.78217,21.70344],[83.78106,21.70361],[83.78044,21.70424],[83.78001,21.704],[83.77847,21.70503],[83.7778,21.70457],[83.77632,21.706],[83.77546,21.70605],[83.77454,21.70713],[83.77404,21.70725],[83.77417,21.70667],[83.77689,21.70301],[83.77709,21.70134],[83.77654,21.70128],[83.77463,21.70329],[83.77266,21.70362],[83.77217,21.7031],[83.77218,21.70258],[83.7731,21.70144],[83.77311,21.70103],[83.77372,21.70081],[83.77287,21.70034],[83.77386,21.69903],[83.77374,21.69857],[83.77287,21.69925],[83.77219,21.70069],[83.77127,21.70022],[83.7687,21.70021],[83.76772,21.6994],[83.76768,21.69738],[83.77064,21.69487],[83.77132,21.69367],[83.77114,21.69332],[83.77035,21.6932],[83.77023,21.6924],[83.769,21.69222],[83.76778,21.69261],[83.76716,21.69313],[83.76551,21.69214],[83.76545,21.69151],[83.7662,21.69048],[83.76584,21.68927],[83.76633,21.68921],[83.76749,21.68985],[83.76755,21.68951],[83.76676,21.68824],[83.76701,21.6879],[83.76781,21.68813],[83.76831,21.68664],[83.76819,21.68641],[83.76537,21.68662],[83.76364,21.68742],[83.76291,21.68741],[83.76291,21.68678],[83.76414,21.68575],[83.76409,21.68484],[83.76495,21.6845],[83.76508,21.68403],[83.7644,21.68363],[83.76286,21.685],[83.76207,21.685],[83.76207,21.68431],[83.76269,21.68368],[83.76233,21.68293],[83.76276,21.6823],[83.7627,21.68155],[83.76338,21.6815],[83.76344,21.68127],[83.76228,21.68046],[83.76203,21.68103],[83.76118,21.68108],[83.76068,21.68188],[83.75939,21.68176],[83.75883,21.68279],[83.75791,21.68308],[83.75723,21.68365],[83.756,21.68364],[83.75546,21.68243],[83.75541,21.68099],[83.75572,21.68071],[83.75633,21.68071],[83.75647,21.67927],[83.75763,21.67916],[83.7577,21.67865],[83.75857,21.67762],[83.75851,21.67699],[83.7571,21.67583],[83.75649,21.67588],[83.75477,21.67708],[83.75116,21.67579],[83.75055,21.67634],[83.74915,21.67682],[83.74614,21.67717],[83.74522,21.67762],[83.74473,21.67848],[83.74405,21.67899],[83.74245,21.67926],[83.74147,21.68023],[83.73987,21.68102],[83.73938,21.68084],[83.73939,21.67964],[83.74142,21.67634],[83.74253,21.67366],[83.74474,21.67225],[83.74751,21.67227],[83.74873,21.67159],[83.74941,21.67165],[83.75095,21.67299],[83.75141,21.67459],[83.75196,21.67471],[83.7527,21.67471],[83.75449,21.67357],[83.75614,21.67387],[83.75639,21.67341],[83.75737,21.67353],[83.75744,21.67255],[83.75591,21.67134],[83.75598,21.67059],[83.7566,21.66968],[83.75568,21.66887],[83.75557,21.66772],[83.75693,21.66629],[83.75822,21.66566],[83.75859,21.66578],[83.75858,21.66647],[83.75919,21.66676],[83.75968,21.66762],[83.75967,21.66849],[83.76041,21.66872],[83.76047,21.66918],[83.75991,21.66981],[83.76022,21.67016],[83.76015,21.67079],[83.7607,21.67119],[83.76107,21.67068],[83.76192,21.67131],[83.76251,21.67459],[83.76294,21.67511],[83.76373,21.67535],[83.76519,21.67674],[83.76544,21.67657],[83.76545,21.67553],[83.76575,21.67501],[83.76624,21.67531],[83.76654,21.67669],[83.76691,21.67663],[83.76691,21.6756],[83.76717,21.67548],[83.76741,21.67566],[83.76746,21.67658],[83.76795,21.67646],[83.7682,21.67589],[83.76784,21.6752],[83.76797,21.67417],[83.76613,21.67404],[83.7654,21.67358],[83.76455,21.67237],[83.76498,21.67191],[83.76584,21.67243],[83.76682,21.67175],[83.76792,21.67256],[83.76871,21.67245],[83.76916,21.67084],[83.76806,21.67049],[83.768,21.67009],[83.76965,21.66986],[83.76984,21.66918],[83.77046,21.66872],[83.7701,21.66751],[83.769,21.66705],[83.76907,21.66659],[83.76999,21.6663],[83.76939,21.66521],[83.76945,21.664],[83.77026,21.66366],[83.7702,21.66332],[83.7694,21.6632],[83.77026,21.66194],[83.77021,21.66165],[83.76959,21.66165],[83.76978,21.66067],[83.7704,21.66033],[83.77071,21.6605],[83.77163,21.65982],[83.77292,21.66],[83.77384,21.65954],[83.77439,21.65995],[83.77543,21.66007],[83.77538,21.65835],[83.77447,21.65742],[83.77448,21.65696],[83.77386,21.65644],[83.7738,21.65598],[83.77418,21.65581],[83.77589,21.65674],[83.77589,21.65559],[83.77657,21.65594],[83.77681,21.65565],[83.77761,21.6556],[83.77761,21.65525],[83.77694,21.65485],[83.77756,21.65457],[83.7775,21.65416],[83.77547,21.65438],[83.77438,21.65351],[83.77413,21.65357],[83.77375,21.65471],[83.77277,21.65442],[83.77197,21.65488],[83.77162,21.65275],[83.77181,21.65195],[83.77237,21.65143],[83.77298,21.65138],[83.77371,21.65178],[83.77451,21.65116],[83.77482,21.65122],[83.77512,21.65208],[83.77537,21.65139],[83.77586,21.65111],[83.77601,21.64835],[83.77419,21.64633],[83.77394,21.64569],[83.77462,21.64512],[83.77475,21.64449],[83.77555,21.64386],[83.77561,21.64352],[83.7747,21.64185],[83.77459,21.64035],[83.77608,21.63772],[83.77627,21.6376],[83.7767,21.63807],[83.77707,21.63715],[83.77915,21.63762],[83.7808,21.63849],[83.77994,21.63935],[83.7795,21.64027],[83.77937,21.64078],[83.77973,21.64205],[83.77905,21.64308],[83.77923,21.64383],[83.77873,21.64405],[83.77873,21.64434],[83.77995,21.64475],[83.77964,21.64555],[83.78001,21.6459],[83.78038,21.64585],[83.78069,21.6451],[83.7813,21.6451],[83.7818,21.6447],[83.7821,21.64476],[83.78228,21.64545],[83.78265,21.64563],[83.78203,21.64649],[83.78221,21.64701],[83.78183,21.64815],[83.78072,21.64832],[83.78072,21.64918],[83.77992,21.64929],[83.77968,21.64969],[83.77998,21.65004],[83.78009,21.65188],[83.7804,21.65182],[83.78077,21.65085],[83.7812,21.65051],[83.78242,21.65086],[83.78225,21.64977],[83.78281,21.64908],[83.78397,21.65012],[83.78439,21.65012],[83.78379,21.6488],[83.78458,21.64874],[83.78503,21.6472],[83.78619,21.6472],[83.78668,21.64692],[83.78657,21.64594],[83.78744,21.64462],[83.78732,21.64393],[83.7877,21.6421],[83.78844,21.64193],[83.78869,21.64107],[83.78795,21.64124],[83.78796,21.64101],[83.78864,21.63877],[83.7892,21.63791],[83.78987,21.63814],[83.78968,21.63923],[83.79017,21.64016],[83.7914,21.63982],[83.7917,21.64011],[83.79163,21.64051],[83.79072,21.64062],[83.79004,21.64131],[83.78996,21.64274],[83.78941,21.64331],[83.78915,21.64435],[83.78816,21.64549],[83.78816,21.64584],[83.78896,21.64607],[83.78914,21.64647],[83.79234,21.64528],[83.79325,21.64569],[83.79469,21.64311],[83.79807,21.64164],[83.79899,21.64153],[83.7996,21.64188],[83.7999,21.64297],[83.79933,21.64429],[83.7997,21.64498],[83.79913,21.64636],[83.79919,21.64659],[83.8003,21.64642],[83.80029,21.64786],[83.80102,21.6489],[83.80101,21.6501],[83.80027,21.65067],[83.80193,21.65057],[83.80211,21.65092],[83.80204,21.6512],[83.80137,21.65143],[83.80093,21.65263],[83.79951,21.65406],[83.80006,21.65424],[83.79987,21.6547],[83.80073,21.6547],[83.80067,21.6551],[83.7998,21.65648],[83.79875,21.65681],[83.79918,21.65739],[83.79887,21.65796],[83.79892,21.65866],[83.80034,21.65809],[83.80045,21.65918],[83.79892,21.65952],[83.79855,21.66009],[83.79946,21.6605],[83.79933,21.66159],[83.80013,21.66033],[83.80136,21.66034],[83.80117,21.66137],[83.80006,21.66245],[83.80092,21.66246],[83.80035,21.66418],[83.80096,21.66418],[83.80115,21.66482],[83.80164,21.66488],[83.80183,21.66436],[83.80146,21.66355],[83.80244,21.66293],[83.80227,21.66212],[83.80312,21.66241],[83.80308,21.66023],[83.80333,21.65971],[83.80425,21.65909],[83.80475,21.65817],[83.80592,21.65795],[83.80733,21.65819],[83.80793,21.65911],[83.80836,21.65928],[83.80843,21.65808],[83.80874,21.65796],[83.80947,21.65854],[83.81032,21.65987],[83.81033,21.65907],[83.81087,21.65872],[83.81059,21.65694],[83.81145,21.65586],[83.81041,21.65568],[83.81145,21.65476],[83.81134,21.65401],[83.81171,21.6535],[83.81153,21.65293],[83.81282,21.65282],[83.81379,21.6542],[83.81465,21.65421],[83.81477,21.65346],[83.81533,21.65289],[83.81496,21.65243],[83.81559,21.65169],[83.81487,21.65019],[83.81548,21.64962],[83.81573,21.64841],[83.81616,21.64807],[83.8169,21.64801],[83.81635,21.64732],[83.81667,21.64664],[83.81569,21.646],[83.81606,21.64531],[83.81613,21.6441],[83.81804,21.6432],[83.81915,21.64303],[83.81945,21.64315],[83.81975,21.64407],[83.82024,21.64424],[83.82043,21.64384],[83.82,21.64309],[83.8205,21.64281],[83.82075,21.64218],[83.82283,21.64213],[83.82271,21.64179],[83.82179,21.64149],[83.82137,21.64069],[83.82051,21.64045],[83.82052,21.63959],[83.82095,21.63936],[83.82278,21.63972],[83.82377,21.63921],[83.82445,21.63847],[83.82507,21.6383],[83.82549,21.63864],[83.82604,21.63836],[83.82696,21.63906],[83.82727,21.63843],[83.82782,21.63843],[83.82899,21.63769],[83.82899,21.63734],[83.82801,21.63717],[83.82816,21.6351],[83.82791,21.63458],[83.82797,21.63418],[83.82909,21.6335],[83.82933,21.63269],[83.82909,21.63189],[83.82947,21.63143],[83.83088,21.63098],[83.83329,21.62847],[83.83527,21.62526],[83.83718,21.6243],[83.8367,21.62297],[83.83689,21.62223],[83.83887,21.61954],[83.83955,21.61908],[83.83991,21.61914],[83.84132,21.62019],[83.84169,21.61979],[83.84316,21.61968],[83.84457,21.61917],[83.84488,21.61975],[83.84425,21.62147],[83.84486,21.62222],[83.84454,21.62313],[83.84368,21.62393],[83.84386,21.62445],[83.84447,21.62469],[83.84391,21.62566],[83.84397,21.62663],[83.84422,21.62687],[83.84464,21.6267],[83.84514,21.62613],[83.84679,21.62642],[83.84702,21.62907],[83.84683,21.62941],[83.84407,21.62922],[83.84376,21.63042],[83.84345,21.63054],[83.84283,21.63042],[83.84199,21.62926],[83.84156,21.62921],[83.84093,21.63115],[83.84105,21.63225],[83.84019,21.63247],[83.83994,21.63281],[83.83823,21.63263],[83.8379,21.63475],[83.83746,21.63561],[83.83648,21.63618],[83.83544,21.63635],[83.83465,21.63554],[83.83421,21.63565],[83.83415,21.63663],[83.83316,21.63743],[83.83322,21.63783],[83.83389,21.63795],[83.83603,21.63922],[83.8372,21.63871],[83.83713,21.64015],[83.83762,21.64009],[83.83804,21.64056],[83.83872,21.64033],[83.83896,21.64079],[83.83563,21.6437],[83.83508,21.64387],[83.83404,21.64346],[83.83379,21.64369],[83.83378,21.64495],[83.83335,21.64558],[83.83205,21.64627],[83.83064,21.64643],[83.83015,21.64798],[83.82835,21.64969],[83.83038,21.64988],[83.83012,21.65125],[83.82969,21.65113],[83.82877,21.65165],[83.82877,21.65061],[83.82694,21.65031],[83.82515,21.65232],[83.82448,21.65145],[83.82387,21.65145],[83.82404,21.65265],[83.82452,21.65317],[83.82415,21.65438],[83.82162,21.65614],[83.81966,21.65705],[83.81989,21.65814],[83.81946,21.65889],[83.81872,21.65923],[83.81792,21.65911],[83.81749,21.65991],[83.81682,21.65962],[83.81657,21.66019],[83.81546,21.66116],[83.81508,21.66271],[83.81593,21.66433],[83.81604,21.66519],[83.81683,21.66577],[83.81641,21.66594],[83.81592,21.66565],[83.81481,21.66599],[83.81456,21.66639],[83.81548,21.66651],[83.8156,21.66685],[83.81535,21.66702],[83.81394,21.66678],[83.8137,21.66701],[83.81413,21.66759],[83.81486,21.66788],[83.81621,21.66795],[83.81418,21.66839],[83.81374,21.66879],[83.81387,21.66908],[83.81534,21.66909],[83.81577,21.66938],[83.81606,21.67024],[83.81298,21.67322],[83.81255,21.67264],[83.81152,21.67234],[83.81133,21.67148],[83.81017,21.67153],[83.81004,21.67234],[83.80955,21.67285],[83.81095,21.67355],[83.81168,21.67459],[83.81161,21.67487],[83.81113,21.67504],[83.81021,21.67446],[83.81057,21.67573],[83.80904,21.67469],[83.80795,21.67445],[83.80782,21.67462],[83.80873,21.67572],[83.80775,21.67652],[83.80823,21.67692],[83.80768,21.67732],[83.80682,21.67714],[83.80558,21.67886],[83.80275,21.6804],[83.80268,21.6816],[83.80328,21.68402],[83.80351,21.68465],[83.80504,21.68558],[83.80547,21.68621],[83.8056,21.68541],[83.8048,21.68523],[83.8045,21.6846],[83.8037,21.68414],[83.80324,21.68074],[83.80354,21.68052],[83.80385,21.68098],[83.80453,21.68041],[83.8047,21.68115],[83.80495,21.68116],[83.80557,21.68041],[83.80908,21.67831],[83.80945,21.67859],[83.80938,21.67951],[83.80999,21.67952],[83.81035,21.68055],[83.81117,21.67723],[83.81197,21.67769],[83.81264,21.67729],[83.81313,21.67741],[83.81314,21.67666],[83.81406,21.67655],[83.81436,21.67661],[83.81454,21.67707],[83.81485,21.67696],[83.8145,21.67455],[83.81518,21.67478],[83.81584,21.67582],[83.8159,21.6772],[83.81614,21.67725],[83.81639,21.67616],[83.81591,21.6745],[83.8161,21.67421],[83.81659,21.67427],[83.81676,21.6753],[83.81725,21.67611],[83.81748,21.67784],[83.81791,21.67795],[83.81804,21.67755],[83.81773,21.67698],[83.81854,21.67549],[83.81793,21.67531],[83.81769,21.67473],[83.81824,21.67468],[83.81909,21.67555],[83.81953,21.67538],[83.81886,21.67463],[83.81965,21.67475],[83.81984,21.67429],[83.81905,21.67371],[83.81905,21.67319],[83.81973,21.6732],[83.82082,21.67378],[83.82028,21.67176],[83.82077,21.672],[83.82108,21.67165],[83.82188,21.67154],[83.82188,21.6712],[83.82115,21.67113],[83.82127,21.67079],[83.82201,21.67062],[83.82262,21.67114],[83.82299,21.67086],[83.82317,21.67046],[83.82269,21.66936],[83.82307,21.66873],[83.82301,21.66804],[83.82462,21.6669],[83.82578,21.66731],[83.82681,21.66853],[83.82613,21.6699],[83.82514,21.67018],[83.82433,21.67098],[83.82488,21.67167],[83.82568,21.67151],[83.82684,21.67243],[83.82684,21.67312],[83.82555,21.67306],[83.82524,21.67334],[83.82652,21.67427],[83.82615,21.67461],[83.82627,21.67496],[83.82726,21.67462],[83.82694,21.67548],[83.82571,21.67564],[83.82596,21.67593],[83.82589,21.67656],[83.82706,21.67594],[83.82743,21.67617],[83.82669,21.67657],[83.82681,21.67709],[83.82638,21.67743],[83.82699,21.67766],[83.82699,21.67789],[83.82581,21.6784],[83.82563,21.67892],[83.82648,21.67932],[83.82803,21.67853],[83.82883,21.67624],[83.82999,21.67791],[83.83097,21.67803],[83.83121,21.67774],[83.83098,21.67694],[83.83018,21.67624],[83.83086,21.6755],[83.82983,21.67515],[83.82977,21.67486],[83.83143,21.67407],[83.83118,21.67338],[83.83021,21.6732],[83.83064,21.67228],[83.83016,21.67079],[83.83121,21.67068],[83.83133,21.67045],[83.83097,21.66895],[83.83104,21.66843],[83.83154,21.66798],[83.83141,21.66711],[83.83179,21.66614],[83.83131,21.66562],[83.8318,21.66436],[83.83248,21.66436],[83.83296,21.66494],[83.8334,21.66437],[83.83389,21.66483],[83.83419,21.66478],[83.83395,21.66351],[83.83427,21.66225],[83.8355,21.66174],[83.83557,21.66093],[83.83503,21.65892],[83.83522,21.65858],[83.83631,21.6595],[83.83669,21.65951],[83.83823,21.65779],[83.84007,21.65729],[83.84043,21.65769],[83.84025,21.65821],[83.8382,21.66106],[83.83782,21.66313],[83.83588,21.66846],[83.83582,21.66892],[83.83661,21.67007],[83.83691,21.6714],[83.8385,21.67077],[83.83796,21.66916],[83.8384,21.66756],[83.8397,21.66682],[83.83952,21.66544],[83.83971,21.66492],[83.84057,21.66516],[83.84087,21.66435],[83.84039,21.66395],[83.84064,21.66366],[83.84211,21.6631],[83.84285,21.66316],[83.84314,21.66575],[83.84258,21.66729],[83.84281,21.66821],[83.84256,21.66884],[83.84305,21.66919],[83.84428,21.66851],[83.84614,21.66571],[83.84724,21.66508],[83.84707,21.66422],[83.8475,21.66411],[83.84738,21.66347],[83.84819,21.66239],[83.84874,21.66256],[83.84922,21.66389],[83.85105,21.6647],[83.85111,21.6651],[83.84901,21.66647],[83.84772,21.66704],[83.84711,21.66686],[83.84637,21.66737],[83.8471,21.66847],[83.84795,21.66893],[83.84832,21.66974],[83.84789,21.67043],[83.84696,21.67065],[83.84451,21.67035],[83.84432,21.67138],[83.84536,21.67156],[83.84585,21.67231],[83.84517,21.67294],[83.84504,21.67374],[83.844,21.67362],[83.84375,21.67391],[83.8454,21.67506],[83.84509,21.67604],[83.84428,21.67644],[83.84257,21.67643],[83.84238,21.67706],[83.84299,21.67827],[83.8428,21.67867],[83.8417,21.67809],[83.84065,21.67826],[83.8401,21.67796],[83.83961,21.67923],[83.83978,21.6806],[83.841,21.68061],[83.84156,21.68027],[83.84193,21.68085],[83.84131,21.68125],[83.84148,21.68291],[83.84087,21.68325],[83.84098,21.68389],[83.84068,21.68429],[83.84,21.68423],[83.83914,21.68533],[83.83932,21.68554],[83.83987,21.68531],[83.84277,21.68309],[83.8427,21.68269],[83.84197,21.68286],[83.84222,21.68136],[83.84278,21.68148],[83.84321,21.68097],[83.84425,21.68069],[83.8437,21.68155],[83.84376,21.68183],[83.84449,21.68213],[83.84418,21.68281],[83.8435,21.6831],[83.84349,21.68447],[83.8425,21.68573],[83.84274,21.68608],[83.84379,21.6858],[83.84447,21.68471],[83.8465,21.68369],[83.84688,21.68214],[83.84737,21.68185],[83.84695,21.68082],[83.84769,21.68059],[83.84776,21.67973],[83.84941,21.6794],[83.85181,21.67975],[83.85162,21.6801],[83.85119,21.67998],[83.85063,21.68089],[83.85057,21.68113],[83.8513,21.68147],[83.85081,21.6817],[83.85062,21.68153],[83.84964,21.6821],[83.84982,21.6833],[83.84869,21.68542],[83.84827,21.68565],[83.84838,21.68697],[83.84702,21.68851],[83.84694,21.69121],[83.84768,21.69093],[83.84756,21.69013],[83.84818,21.68909],[83.84892,21.68933],[83.84891,21.69042],[83.84829,21.69139],[83.84908,21.69168],[83.8492,21.69306],[83.8484,21.6934],[83.84802,21.69392],[83.84814,21.69449],[83.84771,21.69507],[83.84843,21.69605],[83.84879,21.69731],[83.84922,21.6976],[83.84905,21.69605],[83.8485,21.69542],[83.84857,21.69398],[83.84907,21.69398],[83.84973,21.6949],[83.84998,21.69393],[83.85091,21.69359],[83.85067,21.69273],[83.8511,21.69175],[83.85043,21.69095],[83.85045,21.68957],[83.85008,21.68928],[83.85002,21.68836],[83.8496,21.68761],[83.85015,21.6875],[83.85075,21.68894],[83.85106,21.68905],[83.85175,21.68802],[83.85169,21.68705],[83.85206,21.6867],[83.85272,21.68814],[83.85281,21.68562],[83.85329,21.68596],[83.85359,21.68711],[83.85445,21.68723],[83.85505,21.6885],[83.8551,21.68977],[83.85547,21.68994],[83.85584,21.68971],[83.85638,21.69017],[83.85719,21.68897],[83.85695,21.68846],[83.85616,21.68811],[83.85592,21.68673],[83.85648,21.6865],[83.85648,21.68501],[83.85686,21.68426],[83.85741,21.68415],[83.85765,21.68547],[83.8582,21.68582],[83.85979,21.68543],[83.86083,21.68572],[83.86127,21.68509],[83.86091,21.6844],[83.85999,21.68445],[83.85907,21.68341],[83.85999,21.68313],[83.85896,21.68215],[83.85927,21.68146],[83.85885,21.68071],[83.85909,21.68054],[83.85964,21.68118],[83.86001,21.68112],[83.85965,21.6798],[83.85934,21.67957],[83.86045,21.67883],[83.86034,21.67854],[83.85941,21.67842],[83.85918,21.67773],[83.85808,21.67715],[83.85783,21.67669],[83.85802,21.67571],[83.85723,21.67548],[83.8573,21.67433],[83.85682,21.67283],[83.85756,21.67163],[83.85818,21.671],[83.86058,21.66981],[83.86107,21.66981],[83.86186,21.67102],[83.86204,21.672],[83.86289,21.67246],[83.86362,21.67368],[83.86392,21.67373],[83.86436,21.67316],[83.86424,21.67178],[83.86553,21.67173],[83.86639,21.67111],[83.86725,21.6714],[83.868,21.67054],[83.86787,21.66979],[83.86813,21.66905],[83.86723,21.66692],[83.86742,21.666],[83.86797,21.66549],[83.86797,21.6648],[83.8654,21.66386],[83.86521,21.66513],[83.86312,21.66552],[83.86208,21.66488],[83.85995,21.66429],[83.85818,21.66267],[83.85825,21.6617],[83.86022,21.65964],[83.86072,21.65953],[83.86145,21.65953],[83.86248,21.66166],[83.86303,21.66161],[83.86322,21.66023],[83.86408,21.65989],[83.86415,21.65921],[83.86532,21.65927],[83.86526,21.65835],[83.86631,21.65772],[83.86711,21.65641],[83.8681,21.65641],[83.86882,21.65757],[83.86937,21.6578],[83.86985,21.6593],[83.8707,21.66045],[83.87039,21.66119],[83.86953,21.66148],[83.86928,21.66228],[83.87001,21.6632],[83.87105,21.66321],[83.87129,21.66344],[83.87153,21.66488],[83.87215,21.66471],[83.873,21.66511],[83.87392,21.66512],[83.87379,21.66552],[83.87238,21.66666],[83.8707,21.6686],[83.8696,21.66866],[83.86942,21.66888],[83.86935,21.66934],[83.86996,21.67038],[83.87087,21.67079],[83.87253,21.67097],[83.87295,21.67189],[83.87128,21.67389],[83.8709,21.67481],[83.87096,21.67642],[83.86967,21.67669],[83.86923,21.6775],[83.87186,21.67768],[83.87417,21.68109],[83.87613,21.68138],[83.87646,21.67915],[83.87579,21.67817],[83.87622,21.67731],[83.8768,21.67404],[83.87742,21.67266],[83.87896,21.6721],[83.87901,21.6737],[83.87937,21.67434],[83.88134,21.67314],[83.88286,21.67528],[83.88187,21.67694],[83.88186,21.67831],[83.88246,21.67958],[83.88404,21.68114],[83.88256,21.68228],[83.88145,21.6825],[83.88036,21.68215],[83.87968,21.68232],[83.87912,21.68335],[83.87728,21.68352],[83.87629,21.68494],[83.87635,21.68563],[83.8769,21.68598],[83.87769,21.68593],[83.8783,21.68668],[83.87897,21.68651],[83.87916,21.68703],[83.8802,21.68669],[83.88124,21.6875],[83.88258,21.68751],[83.88321,21.68625],[83.88351,21.68625],[83.88406,21.687],[83.88683,21.68655],[83.88756,21.6869],[83.88768,21.68725],[83.88742,21.68862],[83.88637,21.69005],[83.88582,21.69045],[83.88336,21.69073],[83.88238,21.69158],[83.88268,21.69204],[83.88378,21.69257],[83.88458,21.69188],[83.88612,21.69137],[83.88612,21.69172],[83.88519,21.69263],[83.8863,21.69195],[83.88715,21.69207],[83.88783,21.69276],[83.888,21.69379],[83.88725,21.69546],[83.88712,21.69678],[83.88558,21.69711],[83.88619,21.69786],[83.88601,21.69821],[83.88378,21.70043],[83.88261,21.70054],[83.88243,21.70094],[83.88316,21.70198],[83.88278,21.70353],[83.88197,21.70473],[83.88246,21.70519],[83.88406,21.7044],[83.88431,21.70457],[83.88399,21.70572],[83.8846,21.70658],[83.88411,21.70669],[83.8841,21.7075],[83.88373,21.70773],[83.88403,21.70853],[83.88335,21.70899],[83.88323,21.70945],[83.88396,21.70939],[83.88445,21.70991],[83.88458,21.70922],[83.88513,21.70911],[83.88512,21.70974],[83.88593,21.70963],[83.88617,21.70986],[83.88531,21.71066],[83.88523,21.71215],[83.88412,21.71255],[83.88209,21.71455],[83.88152,21.71679],[83.88047,21.7177],[83.88058,21.71873],[83.88009,21.72011],[83.87824,21.72136],[83.87855,21.72154],[83.88033,21.72126],[83.8807,21.72069],[83.88161,21.7204],[83.88174,21.72012],[83.88144,21.71914],[83.88177,21.71719],[83.88294,21.71564],[83.88337,21.71548],[83.88368,21.71479],[83.88454,21.71433],[83.88546,21.71468],[83.88589,21.71457],[83.88682,21.71383],[83.88657,21.71285],[83.88683,21.71251],[83.88737,21.71268],[83.88805,21.71223],[83.8883,21.71234],[83.88872,21.71344],[83.88957,21.71401],[83.89043,21.71419],[83.89116,21.71494],[83.89252,21.71409],[83.89337,21.71404],[83.89436,21.71444],[83.89448,21.71427],[83.89399,21.71364],[83.89394,21.71295],[83.89332,21.71306],[83.89258,21.71369],[83.89203,21.71368],[83.88934,21.71264],[83.88965,21.71201],[83.88764,21.70999],[83.88764,21.70976],[83.8885,21.70959],[83.8885,21.70936],[83.88753,21.70866],[83.88716,21.7078],[83.88735,21.70728],[83.88889,21.70746],[83.88931,21.70735],[83.88944,21.70689],[83.88699,21.7055],[83.88615,21.70389],[83.88763,21.70258],[83.89151,21.70065],[83.89224,21.701],[83.89353,21.70089],[83.89456,21.70187],[83.89591,21.70228],[83.89719,21.70384],[83.89767,21.7039],[83.89738,21.70321],[83.89745,21.7024],[83.8969,21.70171],[83.89354,21.69928],[83.89281,21.69818],[83.89294,21.69767],[83.89478,21.69768],[83.89478,21.69745],[83.89294,21.69698],[83.89282,21.69652],[83.8935,21.69589],[83.89436,21.69596],[83.89424,21.69561],[83.89351,21.6952],[83.89358,21.69457],[83.89388,21.69429],[83.89474,21.69458],[83.89426,21.69383],[83.89426,21.69291],[83.89457,21.6928],[83.89512,21.69326],[83.89524,21.6928],[83.89487,21.6924],[83.89561,21.69252],[83.89568,21.69125],[83.89623,21.6912],[83.89684,21.69189],[83.89732,21.69281],[83.89732,21.69413],[83.89793,21.69316],[83.89842,21.69339],[83.89824,21.69408],[83.89706,21.69499],[83.89731,21.69522],[83.89799,21.69488],[83.89755,21.69597],[83.89841,21.69529],[83.89866,21.69558],[83.89852,21.69718],[83.89999,21.6984],[83.90157,21.69869],[83.90176,21.69823],[83.90141,21.69651],[83.9016,21.69548],[83.9024,21.69479],[83.90418,21.69486],[83.90437,21.69411],[83.90431,21.69291],[83.90358,21.69239],[83.90162,21.69232],[83.90144,21.69106],[83.90279,21.69101],[83.90476,21.69016],[83.90685,21.69086],[83.90777,21.69063],[83.90923,21.69213],[83.90972,21.69191],[83.90954,21.69104],[83.90985,21.69076],[83.90974,21.6895],[83.90999,21.68846],[83.90974,21.68835],[83.90968,21.68754],[83.90822,21.68662],[83.90773,21.68667],[83.90736,21.68741],[83.90625,21.68758],[83.90571,21.68666],[83.90418,21.68602],[83.90197,21.68658],[83.90216,21.68561],[83.90198,21.6852],[83.90131,21.68485],[83.89989,21.68513],[83.89856,21.68352],[83.89954,21.68324],[83.90071,21.68221],[83.9012,21.68244],[83.90132,21.68284],[83.90107,21.68325],[83.90144,21.68371],[83.90303,21.68429],[83.9045,21.68436],[83.9053,21.68402],[83.90611,21.68293],[83.90672,21.68276],[83.90714,21.68334],[83.9072,21.68426],[83.9086,21.68495],[83.90983,21.68439],[83.90997,21.68175],[83.91041,21.681],[83.9109,21.68083],[83.91126,21.68095],[83.91175,21.68204],[83.91174,21.68428],[83.9129,21.68463],[83.91481,21.68263],[83.91517,21.68361],[83.91591,21.68385],[83.9159,21.68476],[83.91706,21.68552],[83.91742,21.68684],[83.91809,21.68742],[83.91895,21.68702],[83.91914,21.6861],[83.91872,21.68553],[83.91965,21.68375],[83.92087,21.68433],[83.92149,21.68416],[83.92142,21.68348],[83.92081,21.6829],[83.92082,21.68209],[83.9215,21.68158],[83.92231,21.68027],[83.92207,21.67986],[83.91904,21.68237],[83.91702,21.68184],[83.91678,21.68133],[83.91599,21.68092],[83.91605,21.68029],[83.91495,21.68063],[83.91428,21.67919],[83.91441,21.67873],[83.91373,21.67815],[83.91411,21.67775],[83.91381,21.677],[83.91473,21.67643],[83.91418,21.67574],[83.91474,21.67465],[83.91476,21.67305],[83.91531,21.6723],[83.91544,21.67162],[83.91495,21.67173],[83.91402,21.6727],[83.91216,21.67602],[83.91087,21.67693],[83.90977,21.67641],[83.90738,21.67593],[83.90739,21.67519],[83.90714,21.67507],[83.90604,21.67506],[83.90567,21.67437],[83.90581,21.67259],[83.90459,21.6719],[83.90366,21.67189],[83.90337,21.67138],[83.90392,21.66977],[83.90296,21.66799],[83.9037,21.66661],[83.90487,21.6661],[83.90517,21.66639],[83.90535,21.66737],[83.90621,21.66777],[83.90645,21.66824],[83.90694,21.66847],[83.90749,21.66813],[83.90707,21.66709],[83.90793,21.66686],[83.90794,21.66635],[83.90843,21.66583],[83.908,21.66543],[83.90708,21.6652],[83.90685,21.66468],[83.90752,21.66393],[83.90765,21.66336],[83.9087,21.66262],[83.9081,21.66084],[83.90829,21.66021],[83.90921,21.65993],[83.9108,21.66034],[83.91129,21.66074],[83.91158,21.66287],[83.91201,21.66281],[83.91244,21.66218],[83.91238,21.66109],[83.91269,21.66109],[83.91287,21.66236],[83.91324,21.66236],[83.91337,21.66133],[83.91422,21.66237],[83.91465,21.66197],[83.91508,21.66243],[83.91538,21.66209],[83.91527,21.66151],[83.91447,21.66065],[83.9146,21.6599],[83.91626,21.65962],[83.91644,21.65945],[83.91626,21.65911],[83.91694,21.65917],[83.91762,21.65837],[83.91934,21.65763],[83.91934,21.65734],[83.91873,21.65711],[83.91849,21.65636],[83.91702,21.65722],[83.9145,21.65766],[83.91425,21.65709],[83.91622,21.65589],[83.91611,21.65509],[83.91549,21.65537],[83.91519,21.65508],[83.91538,21.65399],[83.91502,21.65388],[83.9144,21.65445],[83.91378,21.65444],[83.91359,21.65565],[83.91303,21.65622],[83.91206,21.65615],[83.91107,21.65598],[83.91022,21.65488],[83.90999,21.65379],[83.90913,21.65298],[83.90951,21.65264],[83.91109,21.65328],[83.91177,21.65305],[83.91165,21.65271],[83.91037,21.65195],[83.91037,21.65126],[83.91056,21.65098],[83.91172,21.6507],[83.91209,21.65007],[83.9132,21.65036],[83.91363,21.65019],[83.91382,21.64887],[83.9145,21.64848],[83.91488,21.64687],[83.91396,21.64738],[83.91322,21.64732],[83.91298,21.64703],[83.91335,21.64611],[83.91256,21.64571],[83.91163,21.64639],[83.90973,21.64632],[83.90789,21.64712],[83.90715,21.64711],[83.90501,21.64624],[83.90404,21.64543],[83.90367,21.64462],[83.90392,21.64393],[83.90375,21.64273],[83.90406,21.6425],[83.90533,21.64366],[83.90588,21.64383],[83.90761,21.64361],[83.90987,21.64432],[83.91024,21.6442],[83.91104,21.64363],[83.91104,21.64312],[83.90891,21.64173],[83.9083,21.64092],[83.90818,21.64017],[83.90849,21.63983],[83.9102,21.64018],[83.91144,21.63881],[83.91384,21.63785],[83.91433,21.63768],[83.91525,21.63792],[83.91573,21.63855],[83.91579,21.63936],[83.9164,21.63907],[83.91695,21.63971],[83.9175,21.6396],[83.9177,21.63782],[83.91826,21.63742],[83.91826,21.63684],[83.91703,21.63667],[83.91606,21.63522],[83.91551,21.63522],[83.91417,21.63441],[83.91251,21.63417],[83.91154,21.63347],[83.91161,21.63296],[83.9126,21.63147],[83.91542,21.63097],[83.9161,21.63023],[83.91604,21.62983],[83.91451,21.6289],[83.91403,21.62809],[83.91386,21.62665],[83.91343,21.62631],[83.90981,21.62571],[83.90889,21.6272],[83.90797,21.62708],[83.90734,21.62857],[83.90526,21.6285],[83.9047,21.62901],[83.90439,21.63016],[83.90298,21.63044],[83.90188,21.62992],[83.90195,21.62854],[83.90152,21.62825],[83.89901,21.6284],[83.89809,21.6276],[83.89816,21.62708],[83.89737,21.62627],[83.89662,21.62713],[83.89654,21.63051],[83.89439,21.6305],[83.89255,21.63118],[83.89182,21.63163],[83.89112,21.63347],[83.89051,21.63415],[83.89014,21.63404],[83.88996,21.6334],[83.89034,21.63231],[83.89034,21.63145],[83.89004,21.63093],[83.88924,21.63122],[83.88807,21.63242],[83.88654,21.63264],[83.88395,21.634],[83.88371,21.63382],[83.88365,21.63296],[83.88243,21.63198],[83.88226,21.63071],[83.88275,21.63009],[83.88282,21.62888],[83.88424,21.62791],[83.88474,21.62723],[83.88457,21.62458],[83.88438,21.62435],[83.88401,21.62464],[83.88352,21.62452],[83.88298,21.6236],[83.88348,21.62234],[83.88422,21.62188],[83.88422,21.62096],[83.88386,21.62085],[83.88301,21.61964],[83.88307,21.61912],[83.88271,21.61854],[83.88308,21.61797],[83.88444,21.61723],[83.88395,21.61603],[83.88506,21.61615],[83.88696,21.61524],[83.88763,21.61547],[83.88818,21.61617],[83.88885,21.616],[83.8885,21.61456],[83.88783,21.61404],[83.88777,21.61352],[83.88876,21.61209],[83.89005,21.61193],[83.89016,21.61348],[83.89114,21.6144],[83.89276,21.61895],[83.89393,21.61879],[83.89509,21.61914],[83.89582,21.61989],[83.89649,21.6196],[83.8979,21.62065],[83.89851,21.62071],[83.89894,21.62025],[83.89835,21.6183],[83.89865,21.61784],[83.90147,21.61895],[83.90263,21.61838],[83.90355,21.61919],[83.90453,21.61851],[83.90498,21.61702],[83.90511,21.61466],[83.90672,21.61358],[83.90788,21.61336],[83.90887,21.61262],[83.90984,21.61268],[83.91103,21.61039],[83.91067,21.60942],[83.91116,21.6089],[83.91306,21.60863],[83.91497,21.60738],[83.91571,21.60744],[83.91692,21.60836],[83.91611,21.61077],[83.9163,21.61094],[83.91734,21.61055],[83.91801,21.61095],[83.91887,21.61102],[83.92059,21.6104],[83.92226,21.60891],[83.9252,21.60801],[83.92563,21.6083],[83.92557,21.60888],[83.92513,21.60979],[83.92414,21.61076],[83.92419,21.61174],[83.92382,21.61271],[83.92333,21.61317],[83.92167,21.61373],[83.92173,21.61419],[83.92307,21.61495],[83.92319,21.61535],[83.92276,21.61586],[83.92091,21.61648],[83.92104,21.61717],[83.9206,21.61774],[83.92078,21.6182],[83.92194,21.61856],[83.92299,21.61827],[83.92403,21.61863],[83.92478,21.61622],[83.92871,21.61538],[83.92938,21.61585],[83.93011,21.61579],[83.93184,21.61489],[83.93357,21.61289],[83.93443,21.61278],[83.93473,21.61301],[83.93455,21.61358],[83.93497,21.61427],[83.93398,21.61501],[83.93422,21.61605],[83.93404,21.61639],[83.93275,21.61684],[83.93212,21.61776],[83.93249,21.61897],[83.93199,21.61982],[83.93259,21.62034],[83.93272,21.62103],[83.93333,21.62109],[83.93518,21.61898],[83.93579,21.61927],[83.93517,21.62007],[83.93553,21.62111],[83.93541,21.62168],[83.93454,21.62276],[83.93484,21.62334],[83.93472,21.62397],[83.93496,21.62426],[83.93526,21.62415],[83.93669,21.62174],[83.93793,21.62095],[83.93884,21.62113],[83.9411,21.62304],[83.94153,21.62309],[83.9416,21.62246],[83.94038,21.62074],[83.94101,21.61827],[83.94341,21.618],[83.94495,21.61674],[83.94476,21.61623],[83.94318,21.61536],[83.94287,21.6149],[83.94294,21.61438],[83.94368,21.61387],[83.94521,21.61382],[83.94589,21.61279],[83.94719,21.61177],[83.94725,21.61136],[83.94707,21.61108],[83.94566,21.61084],[83.94481,21.61014],[83.94408,21.60893],[83.94384,21.6079],[83.94257,21.60669],[83.94244,21.60617],[83.94326,21.60371],[83.94223,21.60209],[83.9434,21.60113],[83.94511,21.60119],[83.94604,21.60045],[83.94623,21.59999],[83.94562,21.59913],[83.94605,21.59798],[83.9479,21.59719],[83.94859,21.59599],[83.94872,21.59484],[83.9492,21.5945],[83.94963,21.59525],[83.94938,21.59583],[83.95016,21.59744],[83.94868,21.59863],[83.94868,21.59938],[83.95015,21.59979],[83.95229,21.59975],[83.9526,21.60009],[83.95289,21.60279],[83.95423,21.60332],[83.95515,21.60309],[83.95701,21.60121],[83.95714,21.60041],[83.95606,21.59547],[83.95608,21.59415],[83.95645,21.5934],[83.95724,21.59329],[83.95957,21.59417],[83.96257,21.59459],[83.96275,21.59482],[83.96176,21.59602],[83.96218,21.59757],[83.96193,21.59814],[83.96223,21.5986],[83.96346,21.59873],[83.96352,21.5993],[83.9629,21.59976],[83.96156,21.59934],[83.96051,21.59945],[83.95971,21.60054],[83.95792,21.60162],[83.95736,21.60391],[83.95747,21.60454],[83.95881,21.60656],[83.95867,21.60817],[83.95904,21.60863],[83.96075,21.60898],[83.96081,21.61019],[83.96037,21.61087],[83.95908,21.61132],[83.95823,21.61017],[83.95707,21.60993],[83.95598,21.60809],[83.95531,21.6078],[83.95482,21.60785],[83.95426,21.60837],[83.95419,21.61015],[83.95284,21.61025],[83.95192,21.60973],[83.95101,21.60806],[83.95071,21.60806],[83.94997,21.60914],[83.95057,21.60995],[83.95051,21.61029],[83.94934,21.6104],[83.9486,21.61137],[83.94847,21.61206],[83.94901,21.61333],[83.95029,21.61402],[83.95072,21.6146],[83.95048,21.61494],[83.94881,21.61528],[83.94777,21.6159],[83.9493,21.61752],[83.94874,21.61832],[83.9486,21.61946],[83.94939,21.62022],[83.95026,21.62039],[83.95129,21.62011],[83.95413,21.61824],[83.95707,21.6186],[83.9575,21.61906],[83.95743,21.61969],[83.95601,21.62123],[83.95644,21.62169],[83.95631,21.62192],[83.95557,21.62221],[83.95484,21.62191],[83.9541,21.62225],[83.95325,21.62213],[83.95213,21.62293],[83.95103,21.62264],[83.95029,21.62372],[83.94785,21.62233],[83.94587,21.62438],[83.94599,21.62502],[83.94648,21.62536],[83.94826,21.6256],[83.95241,21.62735],[83.95419,21.62696],[83.95456,21.62719],[83.95467,21.62777],[83.95424,21.62862],[83.95325,21.62936],[83.94987,21.63066],[83.94675,21.63053],[83.94517,21.62897],[83.94485,21.6296],[83.94424,21.62994],[83.94435,21.63126],[83.94453,21.63189],[83.94576,21.63248],[83.9463,21.63317],[83.94654,21.6342],[83.94623,21.63483],[83.94555,21.6354],[83.94291,21.63619],[83.9418,21.63624],[83.94064,21.63566],[83.9399,21.63623],[83.93899,21.63639],[83.93929,21.63686],[83.94289,21.63791],[83.94369,21.63849],[83.94387,21.63895],[83.94202,21.64129],[83.94035,21.64237],[83.93906,21.64305],[83.93636,21.64315],[83.93549,21.64412],[83.93917,21.64426],[83.94182,21.64336],[83.94328,21.64365],[83.94373,21.64262],[83.94681,21.64012],[83.94749,21.63897],[83.94865,21.63823],[83.94915,21.63818],[83.95018,21.63927],[83.95165,21.63905],[83.95184,21.63854],[83.95124,21.63693],[83.95119,21.63589],[83.95365,21.63453],[83.95493,21.63454],[83.95731,21.63685],[83.95774,21.63679],[83.95792,21.63639],[83.95763,21.63519],[83.95806,21.63421],[83.95751,21.63392],[83.95808,21.63295],[83.95906,21.63233],[83.96024,21.63078],[83.96183,21.63028],[83.96208,21.62965],[83.96185,21.62781],[83.96358,21.62633],[83.96482,21.62398],[83.96531,21.62381],[83.96641,21.62462],[83.96641,21.62503],[83.96437,21.62668],[83.96449,21.62794],[83.96552,21.62984],[83.96465,21.63133],[83.96452,21.63276],[83.9642,21.63316],[83.96304,21.63338],[83.96267,21.63378],[83.96191,21.63705],[83.96135,21.63745],[83.95963,21.63761],[83.95945,21.6379],[83.95944,21.63887],[83.96004,21.64077],[83.96047,21.64106],[83.96127,21.64095],[83.96205,21.64239],[83.96333,21.64366],[83.96351,21.6444],[83.96166,21.64537],[83.9616,21.64577],[83.96209,21.64617],[83.96111,21.64697],[83.9594,21.6453],[83.95872,21.64593],[83.95781,21.6446],[83.95714,21.64448],[83.95694,21.6458],[83.9562,21.64671],[83.95614,21.64723],[83.95741,21.6485],[83.95777,21.64965],[83.95686,21.64987],[83.95391,21.6494],[83.9536,21.65014],[83.95544,21.65084],[83.95567,21.65233],[83.95609,21.65302],[83.95732,21.6528],[83.95824,21.6535],[83.95824,21.65407],[83.95762,21.65453],[83.95577,21.65503],[83.95565,21.65561],[83.95595,21.65618],[83.95662,21.65653],[83.959,21.65895],[83.96034,21.65931],[83.96163,21.65891],[83.96304,21.65961],[83.96358,21.66081],[83.9632,21.66248],[83.96222,21.66247],[83.96161,21.66189],[83.96051,21.6616],[83.9594,21.662],[83.95879,21.66268],[83.95707,21.6629],[83.95652,21.66261],[83.95537,21.66105],[83.95531,21.65945],[83.95501,21.65876],[83.95402,21.66076],[83.952,21.65949],[83.95113,21.6616],[83.95027,21.66148],[83.95003,21.66177],[83.94996,21.66286],[83.94904,21.66326],[83.9483,21.66423],[83.94749,21.66388],[83.94695,21.66399],[83.94657,21.66502],[83.94706,21.66571],[83.94896,21.66561],[83.95121,21.66815],[83.95182,21.66855],[83.95267,21.66861],[83.95402,21.67011],[83.95451,21.67017],[83.95598,21.66944],[83.95671,21.67007],[83.95713,21.67117],[83.95873,21.67043],[83.95934,21.67043],[83.96106,21.67067],[83.9621,21.67137],[83.96264,21.67263],[83.96355,21.67367],[83.96367,21.6743],[83.96303,21.67877],[83.9621,21.68072],[83.96111,21.6818],[83.96056,21.68186],[83.9569,21.67868],[83.95396,21.67735],[83.95293,21.67596],[83.95208,21.67544],[83.95175,21.67842],[83.95126,21.67882],[83.95039,21.67893],[83.95009,21.67962],[83.95069,21.68025],[83.95277,21.68124],[83.95362,21.68251],[83.95245,21.68267],[83.95171,21.68393],[83.9506,21.68467],[83.94956,21.68461],[83.94871,21.68403],[83.94724,21.68414],[83.94717,21.68482],[83.94771,21.68609],[83.94721,21.6866],[83.94599,21.68637],[83.94569,21.68665],[83.94592,21.68734],[83.94708,21.68827],[83.94701,21.68884],[83.94499,21.68935],[83.94394,21.69026],[83.9429,21.68979],[83.94218,21.68853],[83.94132,21.68789],[83.94119,21.68881],[83.94192,21.68985],[83.94198,21.69059],[83.94136,21.69122],[83.9405,21.69133],[83.93964,21.69213],[83.93982,21.69259],[83.9416,21.69231],[83.94257,21.69301],[83.94244,21.69478],[83.94404,21.69445],[83.94686,21.69303],[83.94852,21.6931],[83.94876,21.6939],[83.94801,21.69556],[83.94813,21.69642],[83.94855,21.69648],[83.95041,21.69523],[83.9512,21.69569],[83.95151,21.69524],[83.95231,21.6953],[83.95407,21.69737],[83.95387,21.70059],[83.9541,21.70128],[83.95478,21.70145],[83.95533,21.70123],[83.95694,21.699],[83.95786,21.69871],[83.95823,21.699],[83.95857,21.70245],[83.95757,21.7056],[83.95664,21.70657],[83.95559,21.70852],[83.95509,21.70851],[83.95498,21.70765],[83.95461,21.70725],[83.95345,21.70695],[83.95283,21.70821],[83.95165,21.70941],[83.95073,21.70987],[83.94963,21.70929],[83.9483,21.7067],[83.94769,21.70629],[83.94622,21.70657],[83.94609,21.70686],[83.94603,21.70726],[83.94706,21.70922],[83.94638,21.7099],[83.94363,21.7096],[83.94283,21.70982],[83.94221,21.71057],[83.94177,21.71068],[83.94012,21.70975],[83.93867,21.70774],[83.93848,21.70871],[83.93719,21.70778],[83.93597,21.70824],[83.93322,21.70684],[83.93195,21.70523],[83.93157,21.70517],[83.93121,21.70586],[83.93016,21.70539],[83.92979,21.70705],[83.93156,21.70718],[83.93217,21.70799],[83.9321,21.70885],[83.93258,21.7104],[83.93166,21.71125],[83.93153,21.71189],[83.93373,21.71276],[83.93359,21.71546],[83.93389,21.71569],[83.93561,21.71547],[83.93597,21.71564],[83.9361,21.7161],[83.93504,21.71908],[83.93392,21.72068],[83.93434,21.7216],[83.93575,21.72218],[83.93599,21.72293],[83.93357,21.72659],[83.93362,21.72717],[83.93417,21.72786],[83.93411,21.72826],[83.93356,21.7286],[83.93252,21.72802],[83.93068,21.72836],[83.92725,21.72765],[83.92632,21.72822],[83.9248,21.72683],[83.92437,21.72683],[83.92351,21.72791],[83.92148,21.72848],[83.91981,21.73082],[83.91999,21.73128],[83.92048,21.7314],[83.92569,21.73074],[83.92618,21.73137],[83.92592,21.73327],[83.92702,21.7331],[83.92801,21.7323],[83.92844,21.73248],[83.92867,21.73431],[83.92848,21.73523],[83.92879,21.73581],[83.92952,21.73575],[83.93143,21.73404],[83.93302,21.73514],[83.93265,21.73623],[83.93288,21.73738],[83.93221,21.73818],[83.93011,21.73949],[83.92905,21.74097],[83.92807,21.74177],[83.92512,21.74245],[83.92511,21.74359],[83.92584,21.74452],[83.92677,21.74418],[83.92823,21.74441],[83.92891,21.74401],[83.92995,21.74454],[83.93026,21.74431],[83.93069,21.74288],[83.93107,21.74299],[83.93149,21.74346],[83.93154,21.74483],[83.93092,21.74661],[83.93085,21.74793],[83.93139,21.74971],[83.932,21.74994],[83.93324,21.74869],[83.93488,21.74967],[83.93538,21.74893],[83.93581,21.74881],[83.93697,21.75002],[83.94048,21.75226],[83.94125,21.75003],[83.94126,21.74924],[83.94038,21.74465],[83.9404,21.74109],[83.94274,21.72576],[83.94378,21.72497],[83.94511,21.72275],[83.94866,21.7194],[83.95088,21.71816],[83.95512,21.71639],[83.95961,21.71392],[83.96423,21.71255],[83.96603,21.71168],[83.96735,21.71027],[83.96892,21.7079],[83.9703,21.70376],[83.97031,21.70199],[83.96899,21.6975],[83.96809,21.68803],[83.96883,21.68521],[83.97086,21.68008],[83.97155,21.67624],[83.97475,21.66514],[83.97545,21.66031],[83.97501,21.65285],[83.97515,21.6496],[83.97618,21.64477],[83.97657,21.64134],[83.97874,21.63199],[83.97861,21.62918],[83.97777,21.62528],[83.97969,21.61497],[83.98038,21.6022],[83.98038,21.59376],[83.98028,21.58587],[83.97912,21.57856],[83.97828,21.57596],[83.9771,21.57402],[83.97639,21.57336],[83.97442,21.57209],[83.97268,21.57156],[83.96881,21.5716],[83.96432,21.5723],[83.96059,21.57405],[83.95695,21.57722],[83.95336,21.57853],[83.94939,21.57893],[83.93982,21.57856],[83.92364,21.57868],[83.9185,21.57793],[83.91251,21.57603],[83.90733,21.57475],[83.89997,21.57382],[83.89087,21.57407],[83.87563,21.57577],[83.87459,21.5759],[83.86982,21.57784],[83.86562,21.57999],[83.86245,21.58108],[83.86067,21.58209],[83.85977,21.58222],[83.85573,21.58429],[83.85307,21.58488],[83.8507,21.58469],[83.84976,21.58419],[83.84687,21.58455],[83.84196,21.58744],[83.837,21.5899],[83.8293,21.59139],[83.81867,21.59494],[83.81698,21.59525],[83.81448,21.59512],[83.81302,21.59481],[83.81194,21.59423],[83.81142,21.59362],[83.80936,21.58812],[83.80921,21.584],[83.80862,21.58123],[83.80714,21.57822],[83.80507,21.57225],[83.8007,21.56295],[83.79095,21.5712],[83.78881,21.57366],[83.77867,21.58237],[83.77679,21.58512],[83.77618,21.58686],[83.77373,21.59103],[83.76698,21.59777],[83.76601,21.5984],[83.7633,21.59914],[83.76067,21.60043],[83.75327,21.60477],[83.75142,21.60634],[83.74996,21.61057],[83.74802,21.61139],[83.7469,21.61225],[83.7439,21.61702],[83.74262,21.61851],[83.73682,21.62165],[83.7338,21.62448],[83.73185,21.62565],[83.72574,21.63709],[83.72379,21.64181],[83.72219,21.64725],[83.71765,21.65253],[83.7136,21.66102],[83.71037,21.66893],[83.70457,21.68638],[83.69975,21.69641]],[[83.90101,21.60585],[83.90196,21.60109],[83.90246,21.60029],[83.90393,21.59944],[83.90633,21.59888],[83.90847,21.59878],[83.9103,21.6],[83.91139,21.6015],[83.91125,21.60448],[83.91069,21.60574],[83.90921,21.60763],[83.90706,21.60784],[83.90462,21.60657],[83.90137,21.6066],[83.90101,21.60585]],[[83.86443,21.61108],[83.86506,21.60902],[83.8663,21.60644],[83.8662,21.605],[83.86657,21.60374],[83.86652,21.60254],[83.8672,21.60099],[83.86672,21.59921],[83.86685,21.59806],[83.86834,21.5964],[83.87135,21.5947],[83.87301,21.59437],[83.8746,21.59466],[83.87459,21.59667],[83.87525,21.59869],[83.87487,21.60046],[83.87498,21.60247],[83.87386,21.60379],[83.8736,21.60534],[83.87299,21.60677],[83.87045,21.60951],[83.86768,21.61179],[83.86522,21.61258],[83.86467,21.61217],[83.86443,21.61108]]]}},{"type":"Feature","properties":{"LCODE":"01013000600060sand","LOCATION":"SAND","V_TYPE":"SAND","BLOCK":"LAKHANPUR","DISTRICT":"JHARSUGUDA"},"geometry":{"type":"Polygon","coordinates":[[[83.55665,21.74552],[83.55732,21.74696],[83.55769,21.7473],[83.55872,21.74748],[83.55989,21.74835],[83.56244,21.7513],[83.56371,21.75147],[83.5643,21.75187],[83.5643,21.74958],[83.56454,21.74929],[83.56701,21.74868],[83.56782,21.74759],[83.56788,21.74714],[83.56739,21.74679],[83.5648,21.74735],[83.56315,21.74705],[83.56014,21.74721],[83.55708,21.7453],[83.55672,21.74524],[83.55665,21.74552]]]}},{"type":"Feature","properties":{"LCODE":"010140006000600028","LOCATION":"BADIMAL","V_TYPE":"VILLAGE","BLOCK":"LAKHANPUR","DISTRICT":"JHARSUGUDA"},"geometry":{"type":"Polygon","coordinates":[[[83.90781,21.75099],[83.9087,21.75147],[83.91189,21.75153],[83.91655,21.75103],[83.91895,21.75021],[83.91958,21.74968],[83.92036,21.74788],[83.91946,21.7454],[83.91947,21.74408],[83.91653,21.74309],[83.91273,21.74353],[83.91132,21.74324],[83.91083,21.74352],[83.91033,21.74455],[83.91038,21.74593],[83.90988,21.74754],[83.90781,21.75099]]]}},{"type":"Feature","properties":{"LCODE":"010130006000600062","LOCATION":"NANDAPALI","V_TYPE":"VILLAGE","BLOCK":"LAKHANPUR","DISTRICT":"JHARSUGUDA"},"geometry":{"type":"Polygon","coordinates":[[[83.50822,21.74086],[83.5106,21.74416],[83.50997,21.74748],[83.50957,21.74828],[83.51365,21.74767],[83.51373,21.74647],[83.51421,21.74647],[83.51452,21.74659],[83.51439,21.74785],[83.51623,21.74775],[83.51855,21.74856],[83.51839,21.74678],[83.51931,21.74627],[83.51821,21.74581],[83.51896,21.74443],[83.5195,21.74547],[83.51981,21.7457],[83.52012,21.74536],[83.52067,21.74577],[83.51986,21.74685],[83.52016,21.74777],[83.51961,21.748],[83.5196,21.74857],[83.52322,21.74933],[83.52482,21.74935],[83.5263,21.74804],[83.52587,21.7474],[83.52625,21.74712],[83.52625,21.74672],[83.52649,21.7466],[83.52686,21.74729],[83.52716,21.74724],[83.52711,21.74592],[83.52779,21.74535],[83.52823,21.74409],[83.52872,21.74352],[83.52848,21.74317],[83.52836,21.74363],[83.52724,21.74466],[83.52676,21.74362],[83.52596,21.74316],[83.52579,21.7427],[83.52824,21.74225],[83.52898,21.74249],[83.52985,21.74117],[83.52973,21.74026],[83.52937,21.7402],[83.52893,21.74071],[83.52844,21.74065],[83.5282,21.73968],[83.52753,21.73887],[83.52784,21.73853],[83.52931,21.73928],[83.53017,21.73894],[83.53059,21.73963],[83.53072,21.73877],[83.53172,21.73758],[83.53172,21.73712],[83.53073,21.73826],[83.5303,21.73837],[83.52993,21.73808],[83.53049,21.73734],[83.53105,21.73574],[83.53197,21.73551],[83.53192,21.73494],[83.5313,21.73499],[83.53088,21.73545],[83.52989,21.73504],[83.52909,21.73549],[83.5289,21.73641],[83.52853,21.73658],[83.52762,21.73606],[83.52614,21.73639],[83.52485,21.73633],[83.52355,21.73712],[83.52312,21.73678],[83.52251,21.73717],[83.52214,21.73701],[83.52029,21.73773],[83.51637,21.73823],[83.51434,21.73821],[83.5125,21.73717],[83.50919,21.73738],[83.50826,21.73892],[83.50822,21.74086]]]}},{"type":"Feature","properties":{"LCODE":"010140006000600012","LOCATION":"BAGHMUNDA","V_TYPE":"VILLAGE","BLOCK":"LAKHANPUR","DISTRICT":"JHARSUGUDA"},"geometry":{"type":"Polygon","coordinates":[[[83.7552,21.71847],[83.75549,21.71996],[83.75616,21.72008],[83.75647,21.72078],[83.75628,21.7221],[83.75657,21.72348],[83.75645,21.72376],[83.7562,21.72369],[83.75593,21.72761],[83.75616,21.72997],[83.757,21.73147],[83.75853,21.73251],[83.75998,21.73488],[83.76046,21.73683],[83.76106,21.73793],[83.76105,21.73954],[83.76061,21.7416],[83.76078,21.74304],[83.76266,21.7469],[83.76703,21.74792],[83.76682,21.74698],[83.77328,21.74351],[83.77619,21.74025],[83.77792,21.73899],[83.78258,21.7393],[83.78374,21.73908],[83.78492,21.73742],[83.78609,21.73668],[83.79038,21.73681],[83.79266,21.73643],[83.7915,21.73464],[83.79055,21.73015],[83.78989,21.72865],[83.7891,21.72819],[83.78794,21.72663],[83.78759,21.72467],[83.78687,21.72277],[83.78732,21.71962],[83.78696,21.71933],[83.78609,21.72007],[83.78566,21.71978],[83.78529,21.7207],[83.78486,21.72058],[83.78468,21.71972],[83.78432,21.71972],[83.784,21.72006],[83.78431,21.72063],[83.78375,21.72109],[83.78315,21.72],[83.78371,21.71925],[83.78279,21.71821],[83.78188,21.71786],[83.78022,21.71832],[83.7796,21.7182],[83.77924,21.71733],[83.77939,21.71377],[83.77915,21.71337],[83.77834,21.71428],[83.77768,21.71359],[83.77682,21.71353],[83.77663,21.71375],[83.77724,21.71451],[83.7773,21.71531],[83.77625,21.71594],[83.77527,21.7157],[83.77465,21.71645],[83.77354,21.71667],[83.7728,21.71758],[83.77225,21.71775],[83.77158,21.71649],[83.77035,21.71746],[83.76956,21.71665],[83.769,21.71716],[83.76827,21.71693],[83.76735,21.71715],[83.76729,21.71658],[83.76772,21.71606],[83.76754,21.71572],[83.76514,21.7168],[83.76441,21.71668],[83.76429,21.71622],[83.76473,21.71478],[83.76443,21.71334],[83.76505,21.71203],[83.76494,21.71168],[83.76365,21.71185],[83.76247,21.71305],[83.76223,21.71293],[83.76224,21.71218],[83.76175,21.71166],[83.75782,21.71227],[83.75653,21.71192],[83.75573,21.7129],[83.75548,21.71387],[83.75712,21.71566],[83.75717,21.71658],[83.75839,21.71785],[83.75937,21.71803],[83.75949,21.71849],[83.75856,21.71992],[83.75758,21.719],[83.75654,21.71922],[83.75569,21.71847],[83.7552,21.71847]]]}},{"type":"Feature","properties":{"LCODE":"010140006000600026","LOCATION":"KHADAM","V_TYPE":"VILLAGE","BLOCK":"LAKHANPUR","DISTRICT":"JHARSUGUDA"},"geometry":{"type":"Polygon","coordinates":[[[83.85497,21.73428],[83.85569,21.73646],[83.85666,21.73762],[83.85744,21.7398],[83.8586,21.74159],[83.85957,21.742],[83.86234,21.74224],[83.86349,21.74328],[83.86513,21.74564],[83.86591,21.7459],[83.86729,21.74422],[83.86839,21.74463],[83.87128,21.7448],[83.8717,21.74361],[83.87406,21.73989],[83.87492,21.73943],[83.87719,21.73916],[83.87793,21.73853],[83.87809,21.73354],[83.87706,21.73227],[83.87695,21.73123],[83.87848,21.73072],[83.8799,21.72935],[83.88007,21.72826],[83.87955,21.72677],[83.8795,21.72516],[83.8803,21.72384],[83.88044,21.72229],[83.88011,21.72132],[83.87823,21.72148],[83.8798,21.72041],[83.87138,21.7196],[83.86777,21.71976],[83.86285,21.72059],[83.86124,21.72248],[83.85909,21.72362],[83.85854,21.72442],[83.85825,21.72901],[83.85566,21.73181],[83.85504,21.73301],[83.85497,21.73428]]]}},{"type":"Feature","properties":{"LCODE":"010140006000600031","LOCATION":"PIPILIKANI","V_TYPE":"VILLAGE","BLOCK":"LAKHANPUR","DISTRICT":"JHARSUGUDA"},"geometry":{"type":"Polygon","coordinates":[[[83.90332,21.7389],[83.90642,21.74235],[83.90806,21.745],[83.90867,21.74552],[83.91007,21.74576],[83.91038,21.74573],[83.91051,21.74404],[83.91132,21.74324],[83.91273,21.74353],[83.91653,21.74309],[83.91956,21.74427],[83.92273,21.74232],[83.92776,21.74194],[83.92905,21.74097],[83.93011,21.73949],[83.93221,21.73818],[83.93288,21.73738],[83.93265,21.73623],[83.93308,21.73525],[83.93192,21.73456],[83.93168,21.7341],[83.93143,21.73404],[83.92952,21.73575],[83.92897,21.73586],[83.92848,21.73523],[83.92867,21.73431],[83.92844,21.73248],[83.92801,21.7323],[83.92702,21.7331],[83.92592,21.73327],[83.92618,21.73137],[83.92569,21.73074],[83.92048,21.7314],[83.91981,21.73111],[83.91999,21.73031],[83.92148,21.72848],[83.92351,21.72791],[83.92425,21.72689],[83.9248,21.72683],[83.92632,21.72822],[83.92725,21.72765],[83.92991,21.72815],[83.93027,21.72632],[83.93106,21.72564],[83.93222,21.72528],[83.93417,21.7259],[83.9358,21.72333],[83.93593,21.72241],[83.93434,21.7216],[83.93392,21.72068],[83.93504,21.71908],[83.93604,21.71581],[83.93561,21.71547],[83.93389,21.71569],[83.93359,21.71546],[83.93373,21.71276],[83.93147,21.71177],[83.93258,21.7104],[83.9321,21.70885],[83.93211,21.7077],[83.93181,21.70735],[83.93095,21.707],[83.92986,21.70712],[83.92757,21.70859],[83.92627,21.70991],[83.92405,21.71127],[83.92196,21.71206],[83.92134,21.71264],[83.92084,21.7151],[83.91849,21.71807],[83.91755,21.72054],[83.91754,21.72128],[83.91868,21.72519],[83.91861,21.72691],[83.91799,21.72766],[83.91608,21.72874],[83.91323,21.73257],[83.91163,21.73371],[83.91193,21.73457],[83.91327,21.7363],[83.91296,21.73722],[83.91105,21.73767],[83.90903,21.73725],[83.90762,21.73817],[83.90332,21.7389]]]}},{"type":"Feature","properties":{"LCODE":"010180005000500030","LOCATION":"BHURSUND","V_TYPE":"VILLAGE","BLOCK":"JHARSUGUDA","DISTRICT":"JHARSUGUDA"},"geometry":{"type":"Polygon","coordinates":[[[83.94714,21.74187],[83.94738,21.74273],[83.94878,21.74354],[83.94926,21.74492],[83.94994,21.74538],[83.95067,21.74527],[83.95184,21.74425],[83.95294,21.74448],[83.95387,21.74368],[83.95512,21.74431],[83.95498,21.74174],[83.95419,21.74026],[83.95414,21.73957],[83.95468,21.73405],[83.95438,21.73385],[83.95152,21.73397],[83.94896,21.73341],[83.94897,21.73396],[83.95037,21.73586],[83.94963,21.73637],[83.94798,21.73619],[83.9476,21.73665],[83.94753,21.73826],[83.9482,21.73918],[83.94826,21.73975],[83.94714,21.74147],[83.94714,21.74187]]]}},{"type":"Feature","properties":{"LCODE":"010140006000600010","LOCATION":"THEBRA","V_TYPE":"VILLAGE","BLOCK":"LAKHANPUR","DISTRICT":"JHARSUGUDA"},"geometry":{"type":"Polygon","coordinates":[[[83.71626,21.72453],[83.71741,21.72808],[83.71943,21.73147],[83.72487,21.73847],[83.72597,21.74065],[83.72569,21.74197],[83.72681,21.74312],[83.72884,21.7437],[83.73097,21.74313],[83.73093,21.742],[83.73198,21.7408],[83.73315,21.74007],[83.73548,21.73934],[83.73641,21.7386],[83.73691,21.73798],[83.73698,21.735],[83.74122,21.73183],[83.74227,21.73001],[83.74289,21.72967],[83.74387,21.72985],[83.74474,21.72888],[83.74677,21.72747],[83.74611,21.72581],[83.74511,21.72597],[83.74462,21.72557],[83.74406,21.72568],[83.74377,21.72505],[83.74241,21.72675],[83.7424,21.72812],[83.74216,21.72829],[83.74204,21.72646],[83.7413,21.72629],[83.74198,21.72601],[83.74142,21.72577],[83.74155,21.72537],[83.74223,21.72549],[83.74345,21.7247],[83.74297,21.72361],[83.74168,21.72378],[83.74353,21.7223],[83.74323,21.72121],[83.74273,21.72167],[83.74255,21.72155],[83.74261,21.72007],[83.7417,21.71915],[83.74397,21.71762],[83.74397,21.71728],[83.74318,21.71738],[83.74232,21.71795],[83.74207,21.71778],[83.74189,21.71635],[83.74066,21.71714],[83.73986,21.71713],[83.73993,21.71616],[83.73914,21.71536],[83.73883,21.71341],[83.73817,21.71169],[83.73724,21.71163],[83.73614,21.71219],[83.73576,21.71311],[83.73576,21.71431],[83.73545,21.71471],[83.73355,21.71446],[83.73269,21.71492],[83.73318,21.71395],[83.73215,21.71154],[83.73087,21.70993],[83.73014,21.70753],[83.72947,21.70678],[83.72849,21.70654],[83.72763,21.70659],[83.72689,21.7075],[83.72804,21.70974],[83.72791,21.71214],[83.72636,21.71585],[83.72623,21.71745],[83.72581,21.71824],[83.72604,21.71945],[83.72568,21.72001],[83.72726,21.72088],[83.72726,21.72111],[83.72647,21.72111],[83.72395,21.72018],[83.72285,21.72165],[83.72144,21.7217],[83.71935,21.72226],[83.71915,21.72312],[83.71983,21.72415],[83.71964,21.72466],[83.71922,21.72461],[83.71873,21.7238],[83.71793,21.72408],[83.7175,21.72345],[83.71739,21.7226],[83.71627,21.72327],[83.71626,21.72453]]]}},{"type":"Feature","properties":{"LCODE":"010130006000600064","LOCATION":"PITHINDA","V_TYPE":"VILLAGE","BLOCK":"LAKHANPUR","DISTRICT":"JHARSUGUDA"},"geometry":{"type":"Polygon","coordinates":[[[83.49594,21.72983],[83.49821,21.73369],[83.50009,21.73574],[83.50628,21.74029],[83.50822,21.74086],[83.50826,21.73892],[83.50919,21.73738],[83.51258,21.7372],[83.51418,21.73385],[83.51511,21.73254],[83.51623,21.73174],[83.51789,21.73112],[83.52232,21.73029],[83.52321,21.73065],[83.52367,21.73047],[83.52464,21.73111],[83.52532,21.73088],[83.52605,21.73158],[83.52753,21.73101],[83.5276,21.73004],[83.52791,21.72993],[83.52834,21.73004],[83.5293,21.73142],[83.53035,21.73132],[83.5306,21.73063],[83.53103,21.73046],[83.5328,21.73254],[83.53349,21.73088],[83.53275,21.7315],[83.5325,21.73139],[83.5325,21.73087],[83.53195,21.73041],[83.53202,21.72932],[83.53294,21.72933],[83.53331,21.73002],[83.53362,21.73008],[83.53356,21.72904],[83.5349,21.72974],[83.53461,21.72865],[83.53546,21.72871],[83.53547,21.72768],[83.53646,21.72688],[83.53646,21.72654],[83.53609,21.72636],[83.53492,21.72762],[83.53326,21.72835],[83.53178,21.72806],[83.53081,21.72736],[83.52996,21.72581],[83.5291,21.72592],[83.52879,21.72563],[83.52888,21.72339],[83.52796,21.72195],[83.52717,21.72149],[83.5265,21.71988],[83.52614,21.71954],[83.52534,21.71953],[83.5251,21.71907],[83.52548,21.71747],[83.52475,21.71649],[83.52482,21.71609],[83.52647,21.7157],[83.52649,21.71352],[83.52631,21.71248],[83.5254,21.71185],[83.5254,21.71139],[83.52479,21.71178],[83.52405,21.71155],[83.52374,21.70779],[83.52286,21.70719],[83.52151,21.70678],[83.51685,21.706],[83.51562,21.70511],[83.51409,21.70598],[83.51323,21.70597],[83.5114,21.70533],[83.50985,21.7067],[83.50591,21.70822],[83.50542,21.70879],[83.5051,21.70988],[83.50521,21.71183],[83.50404,21.71285],[83.50347,21.714],[83.50382,21.71687],[83.50319,21.7191],[83.50065,21.72212],[83.50011,21.7232],[83.49992,21.72556],[83.49857,21.72782],[83.49594,21.72983]]]}},{"type":"Feature","properties":{"LCODE":"010130006000600065","LOCATION":"DHULUNDA","V_TYPE":"VILLAGE","BLOCK":"LAKHANPUR","DISTRICT":"JHARSUGUDA"},"geometry":{"type":"Polygon","coordinates":[[[83.48143,21.72651],[83.4819,21.72988],[83.48296,21.72989],[83.48347,21.73043],[83.48351,21.73118],[83.48261,21.7327],[83.48261,21.73346],[83.48356,21.73469],[83.48427,21.73771],[83.48521,21.73984],[83.48595,21.7395],[83.4866,21.73874],[83.49135,21.73264],[83.49551,21.73016],[83.49857,21.72782],[83.49992,21.72556],[83.50011,21.7232],[83.50065,21.72212],[83.50319,21.7191],[83.50382,21.71687],[83.50347,21.714],[83.50404,21.71285],[83.50521,21.71183],[83.5051,21.70988],[83.50542,21.70879],[83.50591,21.70822],[83.50985,21.7067],[83.5114,21.70533],[83.51323,21.70597],[83.51409,21.70598],[83.51562,21.70511],[83.5154,21.70324],[83.51444,21.70019],[83.51372,21.69881],[83.51159,21.6961],[83.51025,21.69517],[83.50847,21.69493],[83.50662,21.69572],[83.5039,21.69886],[83.50261,21.69891],[83.50194,21.69804],[83.50188,21.69735],[83.50203,21.69466],[83.50259,21.69259],[83.5021,21.69336],[83.49841,21.69487],[83.49449,21.69728],[83.49117,21.70181],[83.48973,21.70275],[83.48886,21.70294],[83.48952,21.70608],[83.49141,21.70675],[83.49286,21.70846],[83.49358,21.71058],[83.49335,21.71133],[83.49171,21.71423],[83.48993,21.71638],[83.48629,21.71752],[83.48389,21.71951],[83.48225,21.72235],[83.48162,21.72426],[83.48143,21.72651]]]}},{"type":"Feature","properties":{"LCODE":"010140006000600015","LOCATION":"KHALIAPALI","V_TYPE":"VILLAGE","BLOCK":"LAKHANPUR","DISTRICT":"JHARSUGUDA"},"geometry":{"type":"Polygon","coordinates":[[[83.81128,21.71319],[83.81301,21.71969],[83.81418,21.72792],[83.81417,21.72843],[83.8138,21.72837],[83.81155,21.72661],[83.8115,21.73399],[83.81167,21.73514],[83.8132,21.73886],[83.81422,21.73866],[83.81599,21.73907],[83.81734,21.73902],[83.8187,21.73811],[83.82117,21.73577],[83.82204,21.73563],[83.82272,21.73348],[83.82322,21.73256],[83.82384,21.73228],[83.83138,21.73289],[83.8388,21.7321],[83.83892,21.73173],[83.83415,21.72997],[83.83067,21.72812],[83.82996,21.72734],[83.8292,21.72805],[83.82717,21.72827],[83.82577,21.72775],[83.82406,21.7263],[83.82446,21.72297],[83.82639,21.7185],[83.83085,21.71232],[83.82892,21.70726],[83.8292,21.70455],[83.82801,21.70564],[83.82751,21.7065],[83.82726,21.70759],[83.82737,21.71006],[83.82637,21.71235],[83.82398,21.71217],[83.82109,21.71028],[83.81821,21.71243],[83.81711,21.71271],[83.81258,21.71211],[83.81159,21.71251],[83.81128,21.71319]]]}},{"type":"Feature","properties":{"LCODE":"010140006000600034","LOCATION":"BASUPALI","V_TYPE":"VILLAGE","BLOCK":"LAKHANPUR","DISTRICT":"JHARSUGUDA"},"geometry":{"type":"Polygon","coordinates":[[[83.90127,21.73331],[83.90332,21.7389],[83.90762,21.73817],[83.90903,21.73725],[83.91105,21.73767],[83.91246,21.73744],[83.91296,21.73722],[83.91327,21.7363],[83.91193,21.73457],[83.91163,21.73371],[83.91323,21.73257],[83.91608,21.72874],[83.91697,21.72825],[83.91536,21.72713],[83.91383,21.72706],[83.91101,21.7263],[83.90482,21.72673],[83.90331,21.72739],[83.9024,21.72901],[83.90147,21.73101],[83.90127,21.73331]]]}},{"type":"Feature","properties":{"LCODE":"010130006000600063","LOCATION":"GUDUM","V_TYPE":"VILLAGE","BLOCK":"LAKHANPUR","DISTRICT":"JHARSUGUDA"},"geometry":{"type":"Polygon","coordinates":[[[83.51258,21.7372],[83.51434,21.73821],[83.52029,21.73773],[83.52214,21.73701],[83.52264,21.73637],[83.52418,21.73552],[83.52522,21.73536],[83.52566,21.73461],[83.5264,21.73502],[83.52708,21.73353],[83.52537,21.73295],[83.52464,21.73162],[83.52366,21.73156],[83.52321,21.73065],[83.5228,21.73041],[83.52109,21.73046],[83.51789,21.73112],[83.51623,21.73174],[83.51511,21.73254],[83.51418,21.73385],[83.51258,21.7372]]]}},{"type":"Feature","properties":{"LCODE":"010140006000600036","LOCATION":"KUSRALOI","V_TYPE":"VILLAGE","BLOCK":"LAKHANPUR","DISTRICT":"JHARSUGUDA"},"geometry":{"type":"Polygon","coordinates":[[[83.82996,21.72734],[83.83067,21.72812],[83.83415,21.72997],[83.83892,21.73173],[83.83929,21.73144],[83.84297,21.73134],[83.84715,21.7301],[83.85078,21.72828],[83.85814,21.72849],[83.85845,21.72729],[83.85854,21.72442],[83.85909,21.72362],[83.86124,21.72248],[83.8623,21.72099],[83.86359,21.7204],[83.86342,21.7183],[83.86419,21.713],[83.86285,21.71289],[83.86279,21.71261],[83.8634,21.70446],[83.86359,21.70428],[83.86584,21.70545],[83.87139,21.70727],[83.87222,21.70479],[83.87262,21.70158],[83.87371,21.69883],[83.86687,21.6985],[83.86461,21.69803],[83.86418,21.69774],[83.86429,21.69736],[83.8621,21.69761],[83.86032,21.69743],[83.85068,21.69962],[83.84928,21.69901],[83.8467,21.69868],[83.84411,21.70102],[83.84226,21.70153],[83.83773,21.7011],[83.83504,21.70166],[83.83686,21.70253],[83.83747,21.70311],[83.83635,21.70575],[83.83591,21.70632],[83.83444,21.707],[83.83425,21.7074],[83.83437,21.70844],[83.83588,21.71114],[83.83569,21.71212],[83.83452,21.71309],[83.83421,21.71418],[83.83466,21.71883],[83.83268,21.72112],[83.82996,21.72734]]]}},{"type":"Feature","properties":{"LCODE":"010130006000600066","LOCATION":"CHARPALI","V_TYPE":"VILLAGE","BLOCK":"LAKHANPUR","DISTRICT":"JHARSUGUDA"},"geometry":{"type":"Polygon","coordinates":[[[83.47866,21.71521],[83.47901,21.71981],[83.47948,21.72153],[83.47965,21.72371],[83.47874,21.72672],[83.47955,21.72806],[83.47992,21.72983],[83.48026,21.7302],[83.48178,21.72995],[83.48146,21.72536],[83.48266,21.72143],[83.48389,21.71951],[83.48587,21.71776],[83.48927,21.71674],[83.49094,21.71527],[83.49294,21.7122],[83.49358,21.71058],[83.49286,21.70846],[83.49141,21.70675],[83.4903,21.70631],[83.48907,21.70604],[83.48774,21.70646],[83.48563,21.7077],[83.48479,21.70857],[83.4828,21.71205],[83.4822,21.71252],[83.47959,21.71325],[83.47894,21.71406],[83.47866,21.71521]]]}},{"type":"Feature","properties":{"LCODE":"010140006000600032","LOCATION":"BHEJIKUD","V_TYPE":"VILLAGE","BLOCK":"LAKHANPUR","DISTRICT":"JHARSUGUDA"},"geometry":{"type":"Polygon","coordinates":[[[83.92991,21.72815],[83.93117,21.72836],[83.93252,21.72802],[83.9338,21.72854],[83.93417,21.72786],[83.93351,21.72688],[83.93417,21.7259],[83.93222,21.72528],[83.93106,21.72564],[83.93027,21.72632],[83.92991,21.72815]]]}},{"type":"Feature","properties":{"LCODE":"01014000600060rf","LOCATION":"RF","V_TYPE":"FOREST","BLOCK":"LAKHANPUR","DISTRICT":"JHARSUGUDA"},"geometry":{"type":"Polygon","coordinates":[[[83.79218,21.69982],[83.79272,21.70108],[83.79522,21.70357],[83.79607,21.70535],[83.79752,21.70737],[83.79923,21.70911],[83.8015,21.70929],[83.80524,21.70787],[83.80733,21.70794],[83.80886,21.70881],[83.80906,21.71508],[83.81131,21.72635],[83.81258,21.72756],[83.81417,21.72843],[83.81301,21.71969],[83.81128,21.71319],[83.81159,21.71251],[83.81258,21.71211],[83.81711,21.71271],[83.81821,21.71243],[83.82006,21.71117],[83.82339,21.70815],[83.82512,21.70724],[83.82514,21.70396],[83.82553,21.70063],[83.82523,21.70028],[83.80389,21.69994],[83.79568,21.69932],[83.79305,21.69942],[83.79218,21.69982]]]}},{"type":"Feature","properties":{"LCODE":"01014000600060rf","LOCATION":"RF","V_TYPE":"FOREST","BLOCK":"LAKHANPUR","DISTRICT":"JHARSUGUDA"},"geometry":{"type":"Polygon","coordinates":[[[83.82406,21.7263],[83.82577,21.72775],[83.82717,21.72827],[83.8292,21.72805],[83.82969,21.72771],[83.83268,21.72112],[83.83466,21.71883],[83.83421,21.71418],[83.83452,21.71309],[83.83569,21.71212],[83.83588,21.71114],[83.83437,21.70844],[83.83425,21.7074],[83.83444,21.707],[83.83591,21.70632],[83.83635,21.70575],[83.83747,21.70311],[83.83686,21.70253],[83.83515,21.70177],[83.8343,21.70068],[83.83424,21.69982],[83.83617,21.69713],[83.83617,21.69673],[83.83605,21.69638],[83.83409,21.69557],[83.83299,21.69556],[83.83256,21.69584],[83.82994,21.70152],[83.82893,21.70582],[83.82892,21.70726],[83.83085,21.71232],[83.82639,21.7185],[83.82446,21.72297],[83.82406,21.7263]]]}},{"type":"Feature","properties":{"LCODE":"010140006000600035","LOCATION":"DALGAON","V_TYPE":"VILLAGE","BLOCK":"LAKHANPUR","DISTRICT":"JHARSUGUDA"},"geometry":{"type":"Polygon","coordinates":[[[83.87949,21.72602],[83.87973,21.72774],[83.88007,21.72826],[83.88458,21.72645],[83.88771,21.7256],[83.89536,21.7276],[83.90331,21.72739],[83.90408,21.72713],[83.90543,21.72512],[83.90508,21.72271],[83.9054,21.72237],[83.90749,21.7218],[83.90785,21.7214],[83.90897,21.71917],[83.91046,21.71723],[83.91311,21.71483],[83.91438,21.71211],[83.91296,21.71138],[83.91131,21.70994],[83.91014,21.70993],[83.90905,21.70878],[83.90721,21.70865],[83.90593,21.70785],[83.90458,21.70772],[83.90285,21.70829],[83.90096,21.70825],[83.8999,21.70965],[83.89768,21.7113],[83.89742,21.71429],[83.89636,21.71612],[83.89568,21.71675],[83.89439,21.71731],[83.89278,21.71926],[83.89119,21.71971],[83.89056,21.72171],[83.88945,21.72303],[83.88785,21.72382],[83.88619,21.72382],[83.88436,21.72317],[83.8807,21.72069],[83.88011,21.72132],[83.88043,21.7231],[83.8803,21.72384],[83.8795,21.72516],[83.87949,21.72602]]]}},{"type":"Feature","properties":{"LCODE":"010140006000600033","LOCATION":"SOLPALI","V_TYPE":"VILLAGE","BLOCK":"LAKHANPUR","DISTRICT":"JHARSUGUDA"},"geometry":{"type":"Polygon","coordinates":[[[83.90417,21.72708],[83.90482,21.72673],[83.91101,21.7263],[83.91383,21.72706],[83.91536,21.72713],[83.91697,21.72825],[83.91799,21.72766],[83.91861,21.72691],[83.91868,21.72519],[83.91754,21.72128],[83.91755,21.72054],[83.91805,21.71882],[83.91899,21.71725],[83.91812,21.71704],[83.91758,21.71652],[83.91685,21.7145],[83.91613,21.71318],[83.91546,21.7126],[83.91438,21.71211],[83.91311,21.71483],[83.91046,21.71723],[83.90897,21.71917],[83.90785,21.7214],[83.90749,21.7218],[83.9054,21.72237],[83.90508,21.72271],[83.90543,21.72512],[83.90417,21.72708]]]}},{"type":"Feature","properties":{"LCODE":"010130006000600067","LOCATION":"CHANTIPALI","V_TYPE":"VILLAGE","BLOCK":"LAKHANPUR","DISTRICT":"JHARSUGUDA"},"geometry":{"type":"Polygon","coordinates":[[[83.471,21.71459],[83.47539,21.72022],[83.47637,21.72305],[83.47874,21.72672],[83.47965,21.72371],[83.47869,21.71654],[83.47894,21.71406],[83.47959,21.71325],[83.4822,21.71252],[83.4828,21.71205],[83.48421,21.70938],[83.48563,21.7077],[83.48774,21.70646],[83.48952,21.70608],[83.48886,21.70294],[83.48748,21.70296],[83.48335,21.70152],[83.4803,21.70168],[83.47806,21.70228],[83.47443,21.7017],[83.47544,21.70536],[83.47541,21.70657],[83.47392,21.70838],[83.47356,21.71109],[83.471,21.71459]]]}},{"type":"Feature","properties":{"LCODE":"01013000600060sand","LOCATION":"SAND","V_TYPE":"SAND","BLOCK":"LAKHANPUR","DISTRICT":"JHARSUGUDA"},"geometry":{"type":"Polygon","coordinates":[[[83.50188,21.69735],[83.50194,21.69804],[83.50261,21.69891],[83.50346,21.69903],[83.50464,21.69812],[83.50662,21.69572],[83.50742,21.69527],[83.50847,21.69493],[83.51086,21.69546],[83.51372,21.69881],[83.51444,21.70019],[83.51575,21.70536],[83.51685,21.706],[83.52231,21.70701],[83.52374,21.70779],[83.52409,21.70731],[83.52457,21.70743],[83.52798,21.71175],[83.52846,21.71353],[83.52913,21.71405],[83.52941,21.71658],[83.52978,21.71726],[83.53033,21.71767],[83.53361,21.72216],[83.53434,21.7228],[83.53612,21.72304],[83.53636,21.72367],[83.53685,21.72396],[83.53745,21.72569],[83.5382,21.72385],[83.53687,21.7215],[83.53561,21.71765],[83.53497,21.71134],[83.53324,21.70559],[83.5317,21.69755],[83.53026,21.6933],[83.52905,21.69071],[83.52843,21.69094],[83.52752,21.69065],[83.52603,21.69281],[83.52259,21.69291],[83.51995,21.69334],[83.51978,21.6926],[83.52015,21.69117],[83.519,21.68858],[83.51951,21.68744],[83.51921,21.68617],[83.51884,21.68583],[83.51823,21.68582],[83.51687,21.68765],[83.51441,21.68763],[83.51337,21.68699],[83.51295,21.6871],[83.51276,21.68796],[83.51145,21.68945],[83.50881,21.69046],[83.50844,21.69109],[83.508,21.6912],[83.50739,21.69085],[83.50715,21.69142],[83.50647,21.69147],[83.50542,21.69239],[83.5045,21.69221],[83.50261,21.69288],[83.50203,21.69466],[83.50188,21.69735]]]}},{"type":"Feature","properties":{"LCODE":"010140006000600052","LOCATION":"NEGIPALI","V_TYPE":"VILLAGE","BLOCK":"LAKHANPUR","DISTRICT":"JHARSUGUDA"},"geometry":{"type":"Polygon","coordinates":[[[83.88086,21.72065],[83.88436,21.72317],[83.88619,21.72382],[83.88785,21.72382],[83.88877,21.72348],[83.89007,21.72246],[83.89056,21.72171],[83.89119,21.71971],[83.89278,21.71926],[83.89439,21.71731],[83.89568,21.71675],[83.89636,21.71612],[83.89742,21.71429],[83.89768,21.7113],[83.8999,21.70965],[83.90096,21.70825],[83.89569,21.7071],[83.88944,21.70701],[83.88931,21.70735],[83.88889,21.70746],[83.88735,21.70728],[83.88716,21.70815],[83.8885,21.70936],[83.8885,21.70959],[83.88789,21.70964],[83.88764,21.70999],[83.88965,21.71201],[83.88934,21.71264],[83.89203,21.71368],[83.89258,21.71369],[83.89332,21.71306],[83.89394,21.71295],[83.89399,21.71364],[83.89448,21.71427],[83.89436,21.71444],[83.89337,21.71404],[83.89252,21.71409],[83.89116,21.71494],[83.89043,21.71419],[83.88957,21.71401],[83.88872,21.71344],[83.8883,21.71234],[83.88805,21.71223],[83.88737,21.71268],[83.88683,21.71251],[83.88657,21.71285],[83.88682,21.71383],[83.88589,21.71457],[83.88546,21.71468],[83.88454,21.71433],[83.88368,21.71479],[83.88337,21.71548],[83.88294,21.71564],[83.88177,21.71719],[83.88144,21.71914],[83.88174,21.72012],[83.88086,21.72065]]]}},{"type":"Feature","properties":{"LCODE":"010140006000600051","LOCATION":"TELENPALI","V_TYPE":"VILLAGE","BLOCK":"LAKHANPUR","DISTRICT":"JHARSUGUDA"},"geometry":{"type":"Polygon","coordinates":[[[83.86342,21.7183],[83.86359,21.7204],[83.86777,21.71976],[83.87138,21.7196],[83.87451,21.72008],[83.87997,21.72028],[83.88058,21.71873],[83.88047,21.7177],[83.88152,21.71679],[83.88209,21.71455],[83.88412,21.71255],[83.88523,21.71215],[83.88531,21.71066],[83.88617,21.70986],[83.88593,21.70963],[83.88512,21.70974],[83.88513,21.70911],[83.88458,21.70922],[83.88445,21.70991],[83.88396,21.70939],[83.88323,21.70945],[83.88335,21.70899],[83.88403,21.70853],[83.88373,21.70773],[83.8841,21.7075],[83.88411,21.70669],[83.8846,21.70658],[83.88399,21.70572],[83.88431,21.70457],[83.8837,21.70439],[83.88246,21.70519],[83.88197,21.70473],[83.88278,21.70353],[83.88316,21.70198],[83.88243,21.70094],[83.88261,21.70054],[83.88378,21.70043],[83.8847,21.69969],[83.88601,21.69821],[83.88607,21.69757],[83.88574,21.69744],[83.88416,21.69957],[83.88323,21.69986],[83.87884,21.69799],[83.87688,21.69672],[83.87578,21.69694],[83.87485,21.69855],[83.87371,21.69883],[83.87262,21.70158],[83.87222,21.70479],[83.87139,21.70727],[83.87171,21.7076],[83.86966,21.71218],[83.86922,21.71293],[83.86861,21.71316],[83.86419,21.713],[83.86342,21.7183]]]}},{"type":"Feature","properties":{"LCODE":"010140006000600037","LOCATION":"BEHERAMAL","V_TYPE":"VILLAGE","BLOCK":"LAKHANPUR","DISTRICT":"JHARSUGUDA"},"geometry":{"type":"Polygon","coordinates":[[[83.77493,21.71093],[83.77573,21.71099],[83.77678,21.71037],[83.77856,21.71015],[83.77967,21.70923],[83.7801,21.70935],[83.78015,21.71079],[83.78069,21.71142],[83.78075,21.71234],[83.78179,21.71263],[83.78302,21.71252],[83.78307,21.71281],[83.7827,21.71362],[83.78307,21.71396],[83.78307,21.71442],[83.78251,21.71471],[83.78215,21.71419],[83.78184,21.71419],[83.7819,21.71476],[83.78109,21.71579],[83.78207,21.71603],[83.78275,21.71545],[83.78306,21.71557],[83.78458,21.71696],[83.78445,21.71765],[83.785,21.71799],[83.78487,21.71834],[83.7842,21.71805],[83.78408,21.71833],[83.78481,21.71886],[83.78555,21.71892],[83.78671,21.71846],[83.78819,21.7191],[83.78838,21.71801],[83.78874,21.71784],[83.78929,21.71825],[83.78991,21.71802],[83.79107,21.71826],[83.79322,21.71815],[83.7942,21.71707],[83.79494,21.71736],[83.79537,21.71707],[83.79635,21.71719],[83.79659,21.71806],[83.79807,21.71795],[83.79924,21.71658],[83.802,21.71607],[83.80274,21.71562],[83.80907,21.71371],[83.80886,21.70881],[83.80733,21.70794],[83.80524,21.70787],[83.8015,21.70929],[83.79923,21.70911],[83.79752,21.70737],[83.79607,21.70535],[83.79522,21.70357],[83.79272,21.70108],[83.79218,21.69987],[83.79089,21.70096],[83.78911,21.70164],[83.78585,21.7022],[83.78215,21.7035],[83.78179,21.70441],[83.78209,21.70516],[83.78093,21.7051],[83.78006,21.70619],[83.77815,21.7071],[83.77785,21.70738],[83.77759,21.70882],[83.775,21.71059],[83.77493,21.71093]]]}},{"type":"Feature","properties":{"LCODE":"010140006000600054","LOCATION":"KUMBHARBANDH","V_TYPE":"VILLAGE","BLOCK":"LAKHANPUR","DISTRICT":"JHARSUGUDA"},"geometry":{"type":"Polygon","coordinates":[[[83.91141,21.71001],[83.91296,21.71138],[83.91613,21.71318],[83.91758,21.71652],[83.91812,21.71704],[83.91899,21.71725],[83.92084,21.7151],[83.92134,21.71264],[83.92165,21.71229],[83.92405,21.71127],[83.92627,21.70991],[83.92757,21.70859],[83.92986,21.70712],[83.92966,21.70683],[83.93016,21.70539],[83.93121,21.70586],[83.93169,21.70517],[83.93254,21.70574],[83.93409,21.70478],[83.93514,21.70364],[83.93717,21.70268],[83.94056,21.70051],[83.94142,21.69949],[83.94257,21.69479],[83.94231,21.69461],[83.94257,21.69301],[83.9416,21.69231],[83.94019,21.69265],[83.93964,21.69247],[83.93964,21.69213],[83.9405,21.69133],[83.94176,21.69091],[83.94087,21.69064],[83.93991,21.68806],[83.9399,21.67996],[83.9389,21.67579],[83.93723,21.67599],[83.93362,21.67562],[83.93098,21.67595],[83.92786,21.67593],[83.92466,21.67683],[83.92368,21.67769],[83.92219,21.67995],[83.92224,21.68055],[83.92082,21.68209],[83.92081,21.6829],[83.92142,21.68348],[83.92149,21.68416],[83.92087,21.68433],[83.91965,21.68375],[83.91872,21.68553],[83.91914,21.6861],[83.91895,21.68702],[83.91809,21.68742],[83.91742,21.68684],[83.91706,21.68552],[83.9159,21.68476],[83.91591,21.68385],[83.91529,21.68373],[83.91512,21.68298],[83.91457,21.68269],[83.91326,21.68442],[83.91287,21.68819],[83.91333,21.69238],[83.91441,21.69497],[83.91501,21.69831],[83.91463,21.69991],[83.91158,21.70598],[83.91141,21.71001]]]}},{"type":"Feature","properties":{"LCODE":"010130006000600068","LOCATION":"SAREIPALI","V_TYPE":"VILLAGE","BLOCK":"LAKHANPUR","DISTRICT":"JHARSUGUDA"},"geometry":{"type":"Polygon","coordinates":[[[83.46238,21.70439],[83.46306,21.7078],[83.4643,21.70972],[83.4677,21.71247],[83.46943,21.71428],[83.471,21.71459],[83.47356,21.71109],[83.47392,21.70838],[83.47541,21.70657],[83.47544,21.70536],[83.47443,21.7017],[83.47248,21.70144],[83.46953,21.70332],[83.46819,21.7034],[83.46719,21.70283],[83.46664,21.70284],[83.46345,21.70432],[83.46238,21.70439]]]}},{"type":"Feature","properties":{"LCODE":"01014000600060rf","LOCATION":"RF","V_TYPE":"FOREST","BLOCK":"LAKHANPUR","DISTRICT":"JHARSUGUDA"},"geometry":{"type":"Polygon","coordinates":[[[83.86279,21.71261],[83.86285,21.71289],[83.86333,21.71296],[83.86861,21.71316],[83.86922,21.71293],[83.87171,21.7076],[83.87154,21.70731],[83.86584,21.70545],[83.86359,21.70428],[83.86287,21.70974],[83.86279,21.71261]]]}},{"type":"Feature","properties":{"LCODE":"010140006000600045","LOCATION":"REMDA","V_TYPE":"VILLAGE","BLOCK":"LAKHANPUR","DISTRICT":"JHARSUGUDA"},"geometry":{"type":"Polygon","coordinates":[[[83.78567,21.68553],[83.78693,21.6891],[83.78941,21.69342],[83.79202,21.69993],[83.79305,21.69942],[83.79568,21.69932],[83.80389,21.69994],[83.82523,21.70028],[83.82553,21.70121],[83.82521,21.70293],[83.82512,21.70724],[83.82339,21.70815],[83.82109,21.71028],[83.82398,21.71217],[83.82637,21.71235],[83.82737,21.71006],[83.82726,21.70759],[83.82751,21.7065],[83.82801,21.70564],[83.8292,21.70455],[83.82961,21.70271],[83.82928,21.69927],[83.82887,21.69806],[83.8289,21.69335],[83.82921,21.69244],[83.83248,21.68889],[83.83557,21.6865],[83.83754,21.68559],[83.83914,21.68533],[83.84,21.68423],[83.84068,21.68429],[83.84086,21.68406],[83.84087,21.68325],[83.84148,21.68291],[83.84131,21.68125],[83.8418,21.68102],[83.84193,21.68056],[83.84156,21.68027],[83.841,21.68061],[83.83978,21.6806],[83.83961,21.67923],[83.8401,21.67796],[83.84065,21.67826],[83.8417,21.67809],[83.8428,21.67867],[83.84299,21.67827],[83.84238,21.67706],[83.84257,21.67643],[83.84428,21.67644],[83.84509,21.67604],[83.8454,21.67506],[83.84375,21.67391],[83.844,21.67362],[83.84504,21.67374],[83.84517,21.67294],[83.84585,21.67231],[83.84536,21.67156],[83.84432,21.67138],[83.84451,21.67035],[83.84696,21.67065],[83.84789,21.67043],[83.84832,21.66974],[83.84795,21.66893],[83.8471,21.66847],[83.84637,21.66737],[83.84711,21.66686],[83.84772,21.66704],[83.84901,21.66647],[83.85111,21.6651],[83.85105,21.6647],[83.84922,21.66389],[83.84874,21.66256],[83.84819,21.66239],[83.84738,21.66347],[83.8475,21.66411],[83.84707,21.66422],[83.84724,21.66508],[83.84614,21.66571],[83.84428,21.66851],[83.84305,21.66919],[83.84256,21.66884],[83.84281,21.66821],[83.84258,21.66729],[83.84314,21.66575],[83.84285,21.66316],[83.84211,21.6631],[83.84064,21.66366],[83.84039,21.66395],[83.84087,21.66435],[83.84057,21.66516],[83.83971,21.66492],[83.83952,21.66544],[83.8397,21.66682],[83.8384,21.66756],[83.83796,21.66916],[83.8385,21.67077],[83.83691,21.6714],[83.83661,21.67007],[83.83582,21.66892],[83.83588,21.66846],[83.83782,21.66313],[83.8382,21.66106],[83.83944,21.65964],[83.84043,21.65769],[83.84032,21.6574],[83.83976,21.65728],[83.83823,21.65779],[83.83669,21.65951],[83.83631,21.6595],[83.83522,21.65858],[83.83503,21.65892],[83.83557,21.66093],[83.8355,21.66174],[83.83427,21.66225],[83.83395,21.66351],[83.83419,21.66478],[83.83389,21.66483],[83.8334,21.66437],[83.83296,21.66494],[83.83248,21.66436],[83.8318,21.66436],[83.83131,21.66562],[83.83179,21.66614],[83.83141,21.66711],[83.83154,21.66798],[83.83104,21.66843],[83.83097,21.66895],[83.83133,21.67045],[83.83121,21.67068],[83.83016,21.67079],[83.83064,21.67228],[83.83021,21.6732],[83.83118,21.67338],[83.83143,21.67384],[83.83143,21.67407],[83.82977,21.67486],[83.82983,21.67515],[83.83086,21.6755],[83.83018,21.67624],[83.83098,21.67694],[83.83121,21.67774],[83.83097,21.67803],[83.82999,21.67791],[83.82883,21.67624],[83.82803,21.67853],[83.82648,21.67932],[83.82563,21.67892],[83.82581,21.6784],[83.82699,21.67789],[83.82699,21.67766],[83.82638,21.67743],[83.82681,21.67709],[83.82669,21.67657],[83.82743,21.67617],[83.82706,21.67594],[83.82589,21.67656],[83.82596,21.67593],[83.82571,21.67564],[83.82694,21.67548],[83.82726,21.67462],[83.82627,21.67496],[83.82615,21.67461],[83.82652,21.67427],[83.82524,21.67334],[83.82555,21.67306],[83.82684,21.67312],[83.82684,21.67243],[83.82568,21.67151],[83.82488,21.67167],[83.82433,21.67098],[83.82514,21.67018],[83.82613,21.6699],[83.82681,21.66853],[83.82578,21.66731],[83.82462,21.6669],[83.82301,21.66804],[83.82307,21.66873],[83.82269,21.66936],[83.82317,21.67046],[83.82299,21.67086],[83.82262,21.67114],[83.82201,21.67062],[83.82127,21.67079],[83.82115,21.67113],[83.82188,21.6712],[83.82188,21.67154],[83.82108,21.67165],[83.82077,21.672],[83.82028,21.67176],[83.82082,21.67378],[83.81973,21.6732],[83.81905,21.67319],[83.81905,21.67371],[83.81984,21.67429],[83.81965,21.67475],[83.81886,21.67463],[83.81953,21.67538],[83.81909,21.67555],[83.81824,21.67468],[83.81769,21.67473],[83.81793,21.67531],[83.81854,21.67549],[83.81773,21.67698],[83.81804,21.67755],[83.81791,21.67795],[83.81748,21.67784],[83.81725,21.67611],[83.81676,21.6753],[83.81659,21.67427],[83.8161,21.67421],[83.81591,21.6749],[83.81639,21.67616],[83.8162,21.6772],[83.8159,21.6772],[83.81584,21.67582],[83.81518,21.67478],[83.8145,21.67455],[83.81485,21.67696],[83.81454,21.67707],[83.81436,21.67661],[83.81406,21.67655],[83.81314,21.67666],[83.81313,21.67741],[83.81264,21.67729],[83.81197,21.67769],[83.81117,21.67723],[83.81035,21.68055],[83.80999,21.67952],[83.80938,21.67951],[83.80945,21.67859],[83.80908,21.67831],[83.80557,21.68041],[83.80495,21.68116],[83.8047,21.68115],[83.80453,21.68041],[83.80385,21.68098],[83.80354,21.68052],[83.80324,21.68074],[83.8037,21.68414],[83.8045,21.6846],[83.8048,21.68523],[83.8056,21.68541],[83.80547,21.68621],[83.80504,21.68558],[83.80351,21.68465],[83.80298,21.6826],[83.80236,21.6831],[83.80151,21.6832],[83.79605,21.68249],[83.79262,21.68304],[83.78629,21.68461],[83.7857,21.68506],[83.78567,21.68553]]]}},{"type":"Feature","properties":{"LCODE":"010140006000600031","LOCATION":"PIPILIKANI","V_TYPE":"VILLAGE","BLOCK":"LAKHANPUR","DISTRICT":"JHARSUGUDA"},"geometry":{"type":"Polygon","coordinates":[[[83.93254,21.70574],[83.93322,21.70684],[83.93597,21.70824],[83.93719,21.70778],[83.93848,21.70871],[83.93867,21.70848],[83.93848,21.70796],[83.93879,21.70779],[83.94012,21.70975],[83.94135,21.71062],[83.94221,21.71057],[83.94283,21.70982],[83.94363,21.7096],[83.94601,21.7099],[83.94675,21.70962],[83.94706,21.70922],[83.94603,21.70726],[83.94622,21.70657],[83.94797,21.70641],[83.94738,21.6982],[83.9477,21.69642],[83.94876,21.6939],[83.94852,21.6931],[83.94686,21.69303],[83.94404,21.69445],[83.94257,21.69479],[83.94142,21.69949],[83.94056,21.70051],[83.93717,21.70268],[83.93514,21.70364],[83.93409,21.70478],[83.93254,21.70574]]]}},{"type":"Feature","properties":{"LCODE":"010140006000600053","LOCATION":"NUAADHAPADA","V_TYPE":"VILLAGE","BLOCK":"LAKHANPUR","DISTRICT":"JHARSUGUDA"},"geometry":{"type":"Polygon","coordinates":[[[83.88615,21.70389],[83.88699,21.7055],[83.88914,21.70655],[83.88944,21.70701],[83.89569,21.7071],[83.90126,21.70834],[83.90285,21.70829],[83.90458,21.70772],[83.90593,21.70785],[83.90721,21.70865],[83.90905,21.70878],[83.91014,21.70993],[83.91141,21.71001],[83.91158,21.70598],[83.91463,21.69991],[83.91501,21.69831],[83.91441,21.69497],[83.91333,21.69238],[83.91293,21.68946],[83.91295,21.68607],[83.91326,21.68442],[83.91247,21.68469],[83.91174,21.68428],[83.91175,21.68204],[83.91126,21.68095],[83.91059,21.68089],[83.9101,21.68134],[83.90996,21.6841],[83.9086,21.68495],[83.9072,21.68426],[83.90714,21.68334],[83.90672,21.68276],[83.90611,21.68293],[83.9053,21.68402],[83.9045,21.68436],[83.90303,21.68429],[83.90144,21.68371],[83.90107,21.68325],[83.90132,21.68284],[83.9012,21.68244],[83.90071,21.68221],[83.89954,21.68324],[83.89856,21.68352],[83.89989,21.68513],[83.90131,21.68485],[83.90198,21.6852],[83.90216,21.68561],[83.90197,21.68658],[83.90418,21.68602],[83.90571,21.68666],[83.90625,21.68758],[83.90736,21.68741],[83.90773,21.68667],[83.90847,21.68667],[83.90877,21.68714],[83.90968,21.68754],[83.90998,21.68892],[83.90974,21.6895],[83.90985,21.69076],[83.90954,21.69104],[83.90972,21.69191],[83.90941,21.69219],[83.90777,21.69063],[83.90685,21.69086],[83.90476,21.69016],[83.90279,21.69101],[83.90144,21.69106],[83.90162,21.69232],[83.90358,21.69239],[83.90431,21.69291],[83.90437,21.69411],[83.90418,21.69486],[83.9024,21.69479],[83.9016,21.69548],[83.90141,21.69651],[83.90176,21.69823],[83.90157,21.69869],[83.89999,21.6984],[83.89852,21.69718],[83.89866,21.69558],[83.89841,21.69529],[83.89755,21.69597],[83.89799,21.69488],[83.89731,21.69522],[83.89706,21.69499],[83.89824,21.69408],[83.89842,21.69339],[83.89793,21.69316],[83.89732,21.69413],[83.89732,21.69281],[83.89623,21.6912],[83.89593,21.69108],[83.89549,21.69148],[83.89561,21.69252],[83.89487,21.6924],[83.89524,21.6928],[83.89512,21.69326],[83.89457,21.6928],[83.89426,21.69291],[83.89426,21.69383],[83.89474,21.69458],[83.89388,21.69429],[83.89351,21.6952],[83.89424,21.69561],[83.89436,21.69596],[83.89307,21.69606],[83.89282,21.69681],[83.89362,21.69727],[83.89478,21.69745],[83.89478,21.69768],[83.89294,21.69767],[83.89281,21.69818],[83.89354,21.69928],[83.8969,21.70171],[83.89745,21.7024],[83.89738,21.70321],[83.89767,21.7039],[83.89719,21.70384],[83.89591,21.70228],[83.89456,21.70187],[83.89353,21.70089],[83.89224,21.701],[83.89151,21.70065],[83.88763,21.70258],[83.88615,21.70389]]]}},{"type":"Feature","properties":{"LCODE":"010140006000600055","LOCATION":"SARTANG","V_TYPE":"VILLAGE","BLOCK":"LAKHANPUR","DISTRICT":"JHARSUGUDA"},"geometry":{"type":"Polygon","coordinates":[[[83.94737,21.69949],[83.94797,21.70641],[83.94963,21.70929],[83.95049,21.70986],[83.95135,21.70964],[83.9532,21.70776],[83.95345,21.70695],[83.95376,21.7069],[83.9548,21.70742],[83.95509,21.70851],[83.95559,21.70852],[83.95664,21.70657],[83.95757,21.7056],[83.95857,21.70245],[83.95823,21.699],[83.95786,21.69871],[83.95712,21.69883],[83.95533,21.70123],[83.95281,21.70156],[83.94987,21.70102],[83.94737,21.69949]]]}},{"type":"Feature","properties":{"LCODE":"010140006000600038","LOCATION":"BARIHAPALI","V_TYPE":"VILLAGE","BLOCK":"LAKHANPUR","DISTRICT":"JHARSUGUDA"},"geometry":{"type":"Polygon","coordinates":[[[83.76545,21.69151],[83.76551,21.69214],[83.76685,21.69307],[83.7674,21.69313],[83.76778,21.69261],[83.769,21.69222],[83.77023,21.6924],[83.77035,21.6932],[83.77114,21.69332],[83.77132,21.69367],[83.77064,21.69487],[83.76768,21.69738],[83.76772,21.6994],[83.76827,21.69997],[83.76919,21.70027],[83.77127,21.70022],[83.77219,21.70069],[83.77287,21.69925],[83.77374,21.69857],[83.77386,21.69903],[83.77287,21.70034],[83.77372,21.70081],[83.77311,21.70103],[83.7731,21.70144],[83.77218,21.70258],[83.77217,21.7031],[83.77266,21.70362],[83.77463,21.70329],[83.77654,21.70128],[83.77709,21.70134],[83.77689,21.70301],[83.77417,21.70667],[83.77404,21.70725],[83.77454,21.70713],[83.77546,21.70605],[83.77632,21.706],[83.7778,21.70457],[83.77847,21.70503],[83.78001,21.704],[83.78044,21.70424],[83.78106,21.70361],[83.78167,21.70367],[83.78585,21.7022],[83.78911,21.70164],[83.79089,21.70096],[83.79202,21.69993],[83.78941,21.69342],[83.7862,21.68743],[83.7857,21.68506],[83.78456,21.68587],[83.78266,21.68597],[83.77537,21.68524],[83.77273,21.68615],[83.76828,21.68658],[83.76781,21.68813],[83.76701,21.6879],[83.76676,21.68824],[83.76755,21.68951],[83.76749,21.68985],[83.76633,21.68921],[83.76584,21.68927],[83.7662,21.69048],[83.76545,21.69151]]]}},{"type":"Feature","properties":{"LCODE":"010130006000600069","LOCATION":"MURALIPALI","V_TYPE":"VILLAGE","BLOCK":"LAKHANPUR","DISTRICT":"JHARSUGUDA"},"geometry":{"type":"Polygon","coordinates":[[[83.46111,21.69948],[83.46238,21.70439],[83.46345,21.70432],[83.46664,21.70284],[83.46719,21.70283],[83.46819,21.7034],[83.46953,21.70332],[83.47248,21.70144],[83.47751,21.70229],[83.47873,21.70221],[83.4803,21.70168],[83.48335,21.70152],[83.48748,21.70296],[83.48907,21.70293],[83.49117,21.70181],[83.49449,21.69728],[83.49666,21.69598],[83.49323,21.6954],[83.49106,21.69416],[83.48835,21.69328],[83.48728,21.69186],[83.48605,21.69147],[83.48452,21.69144],[83.48264,21.69192],[83.4789,21.69151],[83.4755,21.69219],[83.47038,21.69249],[83.46644,21.69381],[83.46312,21.69575],[83.46139,21.69828],[83.46111,21.69948]]]}},{"type":"Feature","properties":{"LCODE":"010140006000600046","LOCATION":"BHUTIA","V_TYPE":"VILLAGE","BLOCK":"LAKHANPUR","DISTRICT":"JHARSUGUDA"},"geometry":{"type":"Polygon","coordinates":[[[83.82887,21.69806],[83.82928,21.69927],[83.82961,21.70271],[83.83144,21.69814],[83.83256,21.69584],[83.83299,21.69556],[83.83409,21.69557],[83.83605,21.69638],[83.83617,21.69713],[83.83424,21.69982],[83.8343,21.70068],[83.83504,21.70166],[83.83773,21.7011],[83.84226,21.70153],[83.84411,21.70102],[83.8467,21.69868],[83.84811,21.69903],[83.84933,21.69898],[83.8494,21.69801],[83.84879,21.69731],[83.84843,21.69605],[83.84771,21.69507],[83.84814,21.69449],[83.84802,21.69392],[83.8484,21.6934],[83.8492,21.69306],[83.84908,21.69168],[83.84829,21.69139],[83.84891,21.69042],[83.84892,21.68933],[83.84818,21.68909],[83.84756,21.69013],[83.84768,21.69093],[83.84694,21.69121],[83.84702,21.68851],[83.84838,21.68697],[83.84827,21.68565],[83.84869,21.68542],[83.84982,21.6833],[83.84964,21.6821],[83.85062,21.68153],[83.85081,21.6817],[83.8513,21.68147],[83.85057,21.68113],[83.85063,21.68089],[83.85119,21.67998],[83.85162,21.6801],[83.85181,21.67975],[83.84941,21.6794],[83.84776,21.67973],[83.84769,21.68059],[83.84695,21.68082],[83.84737,21.68185],[83.84688,21.68214],[83.8465,21.68369],[83.84447,21.68471],[83.84379,21.6858],[83.84274,21.68608],[83.8425,21.68573],[83.84349,21.68447],[83.8435,21.6831],[83.84418,21.68281],[83.84449,21.68213],[83.84376,21.68183],[83.8437,21.68155],[83.84425,21.68069],[83.84321,21.68097],[83.84278,21.68148],[83.84222,21.68136],[83.84197,21.68286],[83.8427,21.68269],[83.84277,21.68309],[83.84141,21.68435],[83.8395,21.68549],[83.83754,21.68559],[83.83557,21.6865],[83.8336,21.68792],[83.82921,21.69244],[83.8289,21.69335],[83.82887,21.69806]]]}},{"type":"Feature","properties":{"LCODE":"010140006000600056","LOCATION":"BATLAGA","V_TYPE":"VILLAGE","BLOCK":"LAKHANPUR","DISTRICT":"JHARSUGUDA"},"geometry":{"type":"Polygon","coordinates":[[[83.94737,21.69949],[83.94853,21.70038],[83.95122,21.70143],[83.95423,21.70135],[83.95387,21.70059],[83.95407,21.69737],[83.95267,21.69559],[83.952,21.69518],[83.95151,21.69524],[83.9512,21.69569],[83.95041,21.69523],[83.94855,21.69648],[83.94794,21.69611],[83.94738,21.6982],[83.94737,21.69949]]]}},{"type":"Feature","properties":{"LCODE":"01014000600060rf","LOCATION":"RF","V_TYPE":"FOREST","BLOCK":"LAKHANPUR","DISTRICT":"JHARSUGUDA"},"geometry":{"type":"Polygon","coordinates":[[[83.86418,21.69757],[83.86461,21.69803],[83.86687,21.6985],[83.87411,21.69883],[83.87485,21.69855],[83.87578,21.69694],[83.87688,21.69672],[83.87884,21.69799],[83.88323,21.69986],[83.88373,21.6998],[83.88441,21.69929],[83.88574,21.69744],[83.88558,21.69711],[83.88712,21.69678],[83.88725,21.69546],[83.888,21.69328],[83.88758,21.6923],[83.88679,21.69195],[83.8863,21.69195],[83.88519,21.69263],[83.88612,21.69172],[83.88587,21.69131],[83.88378,21.69257],[83.88258,21.69189],[83.879,21.6922],[83.87624,21.69172],[83.87396,21.69372],[83.87273,21.69434],[83.8685,21.69374],[83.86673,21.69316],[83.86418,21.69757]]]}},{"type":"Feature","properties":{"LCODE":"010140006000600047","LOCATION":"BARAGAD","V_TYPE":"VILLAGE","BLOCK":"LAKHANPUR","DISTRICT":"JHARSUGUDA"},"geometry":{"type":"Polygon","coordinates":[[[83.84844,21.69501],[83.84905,21.69605],[83.84929,21.69726],[83.84908,21.69761],[83.8494,21.69801],[83.84928,21.69901],[83.85007,21.6995],[83.85111,21.69957],[83.86014,21.69748],[83.86251,21.68303],[83.86228,21.68102],[83.86113,21.67917],[83.86042,21.67874],[83.86021,21.67917],[83.85941,21.67939],[83.86001,21.68112],[83.85964,21.68118],[83.85909,21.68054],[83.85885,21.68071],[83.85927,21.68146],[83.85896,21.68215],[83.85999,21.68313],[83.85907,21.68341],[83.85999,21.68445],[83.86109,21.68457],[83.86127,21.68509],[83.86108,21.68543],[83.86083,21.68572],[83.85979,21.68543],[83.85857,21.68588],[83.85789,21.68576],[83.85754,21.68432],[83.85717,21.68409],[83.85686,21.68426],[83.85648,21.68501],[83.85648,21.6865],[83.85592,21.68673],[83.85616,21.68811],[83.85695,21.68846],[83.85719,21.68897],[83.85638,21.69017],[83.85584,21.68971],[83.85547,21.68994],[83.8551,21.68977],[83.85505,21.6885],[83.85445,21.68723],[83.85359,21.68711],[83.85311,21.68573],[83.85268,21.68573],[83.85272,21.68814],[83.85248,21.68803],[83.85224,21.68699],[83.85188,21.68676],[83.85175,21.68802],[83.85106,21.68905],[83.85075,21.68894],[83.8504,21.68779],[83.84978,21.68744],[83.84954,21.68778],[83.85002,21.68836],[83.85008,21.68928],[83.85045,21.68957],[83.85031,21.6906],[83.85104,21.69141],[83.85067,21.69273],[83.85097,21.69336],[83.84998,21.69393],[83.84973,21.6949],[83.8487,21.69381],[83.84844,21.69501]]]}},{"type":"Feature","properties":{"LCODE":"010130006000600070","LOCATION":"SUKHASODHA","V_TYPE":"VILLAGE","BLOCK":"LAKHANPUR","DISTRICT":"JHARSUGUDA"},"geometry":{"type":"Polygon","coordinates":[[[83.42412,21.68598],[83.42502,21.68646],[83.42583,21.68609],[83.42596,21.68699],[83.42516,21.68769],[83.42776,21.69233],[83.42867,21.69314],[83.43079,21.69352],[83.43231,21.6965],[83.43349,21.69811],[83.43368,21.69905],[83.43742,21.69918],[83.44428,21.69787],[83.44571,21.69694],[83.44436,21.69515],[83.44296,21.68999],[83.44088,21.68732],[83.44021,21.68445],[83.43655,21.67933],[83.43577,21.68014],[83.43359,21.68109],[83.42648,21.6851],[83.42412,21.68598]]]}},{"type":"Feature","properties":{"LCODE":"010130006000600072","LOCATION":"KANDHEIKELA","V_TYPE":"VILLAGE","BLOCK":"LAKHANPUR","DISTRICT":"JHARSUGUDA"},"geometry":{"type":"Polygon","coordinates":[[[83.45108,21.66601],[83.4511,21.66664],[83.4519,21.66726],[83.45172,21.67014],[83.452,21.67169],[83.45602,21.67929],[83.45689,21.68233],[83.45683,21.68785],[83.45609,21.68987],[83.45531,21.69521],[83.46153,21.69803],[83.46312,21.69575],[83.46704,21.69357],[83.47038,21.69249],[83.4755,21.69219],[83.47849,21.69157],[83.47987,21.68845],[83.48302,21.68444],[83.4836,21.68311],[83.48389,21.68017],[83.48512,21.67797],[83.48499,21.67763],[83.48353,21.67759],[83.48244,21.67553],[83.48112,21.67406],[83.47999,21.66987],[83.47862,21.66891],[83.47783,21.66639],[83.47689,21.66543],[83.47374,21.66375],[83.47163,21.66205],[83.46949,21.65949],[83.46751,21.65639],[83.46621,21.65764],[83.46258,21.65912],[83.45479,21.66015],[83.45177,21.66105],[83.45331,21.66201],[83.45401,21.66356],[83.45379,21.66436],[83.45325,21.66495],[83.45108,21.66601]]]}},{"type":"Feature","properties":{"LCODE":"010140006000600049","LOCATION":"BANHARPALI","V_TYPE":"VILLAGE","BLOCK":"LAKHANPUR","DISTRICT":"JHARSUGUDA"},"geometry":{"type":"Polygon","coordinates":[[[83.86014,21.69748],[83.8621,21.69761],[83.86429,21.69736],[83.86673,21.69316],[83.8685,21.69374],[83.87273,21.69434],[83.87396,21.69372],[83.87604,21.69188],[83.87325,21.6901],[83.86874,21.6864],[83.86771,21.68536],[83.86704,21.68386],[83.86837,21.67807],[83.86863,21.67554],[83.86823,21.67135],[83.86856,21.6683],[83.86841,21.66354],[83.86753,21.66462],[83.86803,21.66509],[83.86723,21.66652],[83.86813,21.66905],[83.86787,21.67094],[83.86725,21.6714],[83.86639,21.67111],[83.86548,21.67174],[83.8652,21.67466],[83.86323,21.67683],[83.86285,21.67867],[83.86195,21.68034],[83.86246,21.68159],[83.86237,21.68447],[83.86149,21.68854],[83.86014,21.69748]]]}},{"type":"Feature","properties":{"LCODE":"010130006000600071","LOCATION":"SEMILIA","V_TYPE":"VILLAGE","BLOCK":"LAKHANPUR","DISTRICT":"JHARSUGUDA"},"geometry":{"type":"Polygon","coordinates":[[[83.43655,21.67933],[83.44021,21.68445],[83.44088,21.68732],[83.44296,21.68999],[83.44436,21.69515],[83.44571,21.69694],[83.4537,21.69479],[83.45531,21.69521],[83.45609,21.68987],[83.45683,21.68785],[83.45689,21.68233],[83.45602,21.67929],[83.45264,21.67312],[83.45174,21.67066],[83.4519,21.66726],[83.4511,21.66664],[83.45108,21.66601],[83.45289,21.66518],[83.45379,21.66436],[83.45401,21.66356],[83.45362,21.66241],[83.453,21.66173],[83.45177,21.66105],[83.44873,21.66225],[83.44795,21.66295],[83.4459,21.6666],[83.44443,21.67145],[83.44341,21.67267],[83.44065,21.67461],[83.43954,21.67658],[83.43655,21.67933]]]}},{"type":"Feature","properties":{"LCODE":"010130006000600073","LOCATION":"REMTA","V_TYPE":"VILLAGE","BLOCK":"LAKHANPUR","DISTRICT":"JHARSUGUDA"},"geometry":{"type":"Polygon","coordinates":[[[83.47849,21.69157],[83.48325,21.69191],[83.48452,21.69144],[83.48605,21.69147],[83.48728,21.69186],[83.48835,21.69328],[83.49106,21.69416],[83.49323,21.6954],[83.49666,21.69598],[83.49925,21.69445],[83.5021,21.69336],[83.5031,21.69174],[83.50262,21.69007],[83.50317,21.69002],[83.505,21.69072],[83.50538,21.69015],[83.50803,21.6885],[83.50847,21.68673],[83.50724,21.68689],[83.50675,21.68654],[83.50688,21.68563],[83.50738,21.685],[83.50806,21.6846],[83.50922,21.68455],[83.50985,21.68318],[83.51181,21.68348],[83.51224,21.68331],[83.51242,21.68297],[83.51206,21.68251],[83.50912,21.6818],[83.50906,21.68134],[83.5098,21.6806],[83.5103,21.68026],[83.51299,21.68062],[83.51533,21.68012],[83.51624,21.68047],[83.51722,21.68157],[83.51827,21.68066],[83.51766,21.67979],[83.51743,21.67859],[83.51663,21.67772],[83.51546,21.67789],[83.51479,21.67765],[83.51485,21.67863],[83.51614,21.67881],[83.51607,21.67996],[83.51497,21.6792],[83.51374,21.67965],[83.51362,21.67919],[83.51411,21.67799],[83.51376,21.67696],[83.51285,21.67598],[83.51446,21.67381],[83.51366,21.6734],[83.51379,21.67294],[83.51607,21.67124],[83.51614,21.67089],[83.51546,21.67078],[83.51479,21.66934],[83.51418,21.66939],[83.51382,21.66853],[83.51333,21.66858],[83.51297,21.66777],[83.51266,21.66789],[83.51199,21.66731],[83.51193,21.66662],[83.51249,21.66628],[83.51256,21.66577],[83.51163,21.66582],[83.51096,21.66621],[83.51034,21.6673],[83.51008,21.66879],[83.50922,21.6689],[83.50761,21.67112],[83.50761,21.67164],[83.50858,21.6725],[83.50851,21.67354],[83.5082,21.67376],[83.50741,21.67341],[83.50678,21.67507],[83.50568,21.67535],[83.50555,21.67644],[83.50488,21.67552],[83.50463,21.67557],[83.50278,21.67654],[83.50143,21.6779],[83.50099,21.6779],[83.50094,21.67744],[83.50137,21.67739],[83.50217,21.67647],[83.50169,21.67607],[83.5018,21.67585],[83.50071,21.6758],[83.49474,21.67634],[83.49097,21.67731],[83.48932,21.67711],[83.48795,21.67626],[83.4874,21.67633],[83.48573,21.6775],[83.48499,21.67763],[83.48512,21.67797],[83.48389,21.68017],[83.4836,21.68311],[83.48302,21.68444],[83.47987,21.68845],[83.47849,21.69157]]]}},{"type":"Feature","properties":{"LCODE":"010140006000600053","LOCATION":"NUAADHAPADA","V_TYPE":"VILLAGE","BLOCK":"LAKHANPUR","DISTRICT":"JHARSUGUDA"},"geometry":{"type":"Polygon","coordinates":[[[83.86704,21.68386],[83.86771,21.68536],[83.86874,21.6864],[83.87325,21.6901],[83.87604,21.69188],[83.87722,21.69178],[83.879,21.6922],[83.88258,21.69189],[83.88238,21.69158],[83.88336,21.69073],[83.88582,21.69045],[83.88637,21.69005],[83.88718,21.68914],[83.88767,21.68794],[83.88756,21.6869],[83.88683,21.68655],[83.88578,21.68661],[83.88461,21.68706],[83.88406,21.687],[83.88351,21.68625],[83.88321,21.68625],[83.88258,21.68751],[83.88124,21.6875],[83.8802,21.68669],[83.87916,21.68703],[83.87897,21.68651],[83.8783,21.68668],[83.87769,21.68593],[83.8769,21.68598],[83.87635,21.68563],[83.87629,21.68494],[83.87728,21.68352],[83.87912,21.68335],[83.87968,21.68232],[83.88036,21.68215],[83.88145,21.6825],[83.88256,21.68228],[83.88404,21.68114],[83.88246,21.67958],[83.88186,21.67831],[83.88187,21.67694],[83.88286,21.67528],[83.88134,21.67314],[83.87937,21.67434],[83.87901,21.6737],[83.87896,21.6721],[83.87742,21.67266],[83.8768,21.67404],[83.87622,21.67731],[83.87579,21.67817],[83.87646,21.67915],[83.87613,21.68138],[83.87417,21.68109],[83.87186,21.67768],[83.86923,21.6775],[83.86967,21.67669],[83.87096,21.67642],[83.8709,21.67481],[83.87128,21.67389],[83.87295,21.67189],[83.87253,21.67097],[83.87087,21.67079],[83.86996,21.67038],[83.86935,21.66934],[83.86942,21.66888],[83.8696,21.66866],[83.8707,21.6686],[83.87392,21.66529],[83.87373,21.665],[83.873,21.66511],[83.87215,21.66471],[83.87153,21.66488],[83.87129,21.66344],[83.87105,21.66321],[83.87001,21.6632],[83.86944,21.66248],[83.86841,21.66354],[83.86856,21.6683],[83.86823,21.67135],[83.86863,21.67554],[83.86837,21.67807],[83.86704,21.68386]]]}},{"type":"Feature","properties":{"LCODE":"010140006000600057","LOCATION":"RAMPELA","V_TYPE":"VILLAGE","BLOCK":"LAKHANPUR","DISTRICT":"JHARSUGUDA"},"geometry":{"type":"Polygon","coordinates":[[[83.93049,21.64955],[83.93276,21.64898],[83.93504,21.64791],[83.93694,21.64809],[83.94054,21.64972],[83.94164,21.65128],[83.94254,21.65335],[83.94271,21.65616],[83.94168,21.66264],[83.9427,21.66712],[83.94268,21.66856],[83.93961,21.66992],[83.93837,21.67157],[83.93824,21.67261],[83.93835,21.67393],[83.93974,21.67853],[83.93991,21.68806],[83.94087,21.69064],[83.94176,21.69091],[83.94198,21.69059],[83.94192,21.68985],[83.94119,21.68881],[83.94132,21.68789],[83.94218,21.68853],[83.9429,21.68979],[83.94394,21.69026],[83.94499,21.68935],[83.94701,21.68884],[83.94708,21.68827],[83.94592,21.68734],[83.94569,21.68665],[83.94599,21.68637],[83.94721,21.6866],[83.94771,21.68609],[83.94717,21.68482],[83.94724,21.68414],[83.94871,21.68403],[83.94956,21.68461],[83.9506,21.68467],[83.95171,21.68393],[83.95245,21.68267],[83.95362,21.68251],[83.95277,21.68124],[83.95069,21.68025],[83.95009,21.67962],[83.95039,21.67893],[83.95126,21.67882],[83.95175,21.67842],[83.95208,21.67544],[83.95293,21.67596],[83.95396,21.67735],[83.9569,21.67868],[83.96056,21.68186],[83.96111,21.6818],[83.96154,21.6814],[83.96309,21.6786],[83.96304,21.67751],[83.96367,21.6743],[83.96355,21.67367],[83.96264,21.67263],[83.9621,21.67137],[83.96106,21.67067],[83.95934,21.67043],[83.95873,21.67043],[83.95713,21.67117],[83.95671,21.67007],[83.95598,21.66944],[83.95451,21.67017],[83.95402,21.67011],[83.95267,21.66861],[83.95182,21.66855],[83.95121,21.66815],[83.94896,21.66561],[83.94706,21.66571],[83.94657,21.66502],[83.94695,21.66399],[83.94749,21.66388],[83.9483,21.66423],[83.94904,21.66326],[83.94996,21.66286],[83.95003,21.66177],[83.95027,21.66148],[83.95113,21.6616],[83.952,21.65949],[83.95402,21.66076],[83.95501,21.65876],[83.95531,21.65945],[83.95537,21.66105],[83.95652,21.66261],[83.95707,21.6629],[83.95879,21.66268],[83.9594,21.662],[83.96051,21.6616],[83.96161,21.66189],[83.96222,21.66247],[83.9632,21.66248],[83.96358,21.66081],[83.96304,21.65961],[83.96163,21.65891],[83.96034,21.65931],[83.959,21.65895],[83.95662,21.65653],[83.95595,21.65618],[83.95565,21.65561],[83.95577,21.65503],[83.95762,21.65453],[83.95824,21.65407],[83.95824,21.6535],[83.95732,21.6528],[83.95609,21.65302],[83.95567,21.65233],[83.95544,21.65084],[83.9536,21.65014],[83.95391,21.6494],[83.95686,21.64987],[83.95777,21.64965],[83.95741,21.6485],[83.95614,21.64723],[83.9562,21.64671],[83.95694,21.6458],[83.95714,21.64448],[83.95781,21.6446],[83.95872,21.64593],[83.9594,21.6453],[83.96111,21.64697],[83.96209,21.64617],[83.9616,21.64577],[83.96166,21.64537],[83.96351,21.6444],[83.96333,21.64366],[83.96205,21.64239],[83.96127,21.64095],[83.96047,21.64106],[83.96004,21.64077],[83.95944,21.63887],[83.95945,21.6379],[83.95963,21.63761],[83.96135,21.63745],[83.96191,21.63705],[83.96267,21.63378],[83.96304,21.63338],[83.9642,21.63316],[83.96452,21.63276],[83.96465,21.63133],[83.96552,21.62984],[83.96449,21.62794],[83.96437,21.62668],[83.96641,21.62503],[83.96629,21.62445],[83.96531,21.62381],[83.96482,21.62398],[83.96358,21.62633],[83.96185,21.62781],[83.96208,21.62965],[83.96183,21.63028],[83.96024,21.63078],[83.95906,21.63233],[83.95808,21.63295],[83.95751,21.63392],[83.95806,21.63421],[83.95763,21.63519],[83.95792,21.63639],[83.95774,21.63679],[83.95731,21.63685],[83.95493,21.63454],[83.95316,21.6347],[83.95119,21.63589],[83.95124,21.63693],[83.95184,21.63854],[83.95165,21.63905],[83.95018,21.63927],[83.94915,21.63818],[83.94865,21.63823],[83.94749,21.63897],[83.94681,21.64012],[83.94373,21.64262],[83.94328,21.64365],[83.94182,21.64336],[83.93917,21.64426],[83.93623,21.6443],[83.93549,21.64412],[83.93618,21.64327],[83.9355,21.64326],[83.93211,21.64565],[83.93161,21.64708],[83.93088,21.64742],[83.93063,21.64788],[83.93049,21.64955]]]}},{"type":"Feature","properties":{"LCODE":"01013000600060sand","LOCATION":"SAND","V_TYPE":"SAND","BLOCK":"LAKHANPUR","DISTRICT":"JHARSUGUDA"},"geometry":{"type":"Polygon","coordinates":[[[83.52618,21.68834],[83.52625,21.68886],[83.52845,21.6887],[83.52774,21.6852],[83.52737,21.68474],[83.52651,21.68594],[83.52675,21.68714],[83.52618,21.68834]]]}},{"type":"Feature","properties":{"LCODE":"010140006000600039","LOCATION":"SUNARI","V_TYPE":"VILLAGE","BLOCK":"LAKHANPUR","DISTRICT":"JHARSUGUDA"},"geometry":{"type":"Polygon","coordinates":[[[83.73926,21.68038],[83.73938,21.68084],[83.74055,21.68085],[83.74245,21.67926],[83.74405,21.67899],[83.74559,21.6774],[83.74915,21.67682],[83.75055,21.67634],[83.75116,21.67579],[83.75477,21.67708],[83.75692,21.67577],[83.75851,21.67699],[83.75857,21.67762],[83.7577,21.67865],[83.75763,21.67916],[83.75647,21.67927],[83.75633,21.68071],[83.75572,21.68071],[83.75541,21.68099],[83.7554,21.68208],[83.75582,21.68341],[83.75631,21.68381],[83.75687,21.68382],[83.75883,21.68279],[83.75939,21.68176],[83.76068,21.68188],[83.76118,21.68108],[83.76191,21.68109],[83.7621,21.68051],[83.76247,21.68052],[83.76344,21.68127],[83.76338,21.6815],[83.7627,21.68155],[83.76276,21.6823],[83.76233,21.68293],[83.76269,21.68368],[83.76207,21.68431],[83.76207,21.685],[83.76286,21.685],[83.7644,21.68363],[83.76508,21.68403],[83.76495,21.6845],[83.76409,21.68484],[83.76408,21.68587],[83.76291,21.68678],[83.76309,21.68753],[83.76537,21.68662],[83.77113,21.68643],[83.77537,21.68524],[83.77776,21.68531],[83.78027,21.6859],[83.78456,21.68587],[83.7857,21.68506],[83.78682,21.67864],[83.78801,21.67451],[83.78703,21.67456],[83.78387,21.67213],[83.78191,21.67183],[83.77927,21.67193],[83.77853,21.67152],[83.77738,21.67008],[83.77684,21.66881],[83.77673,21.66761],[83.77773,21.66531],[83.77834,21.66434],[83.77915,21.66376],[83.77853,21.66331],[83.77578,21.66272],[83.77486,21.66162],[83.77464,21.66],[83.77384,21.65954],[83.77292,21.66],[83.77163,21.65982],[83.77071,21.6605],[83.7704,21.66033],[83.76978,21.66067],[83.76959,21.66165],[83.77021,21.66165],[83.77026,21.66194],[83.7694,21.6632],[83.7702,21.66332],[83.77026,21.66366],[83.76945,21.664],[83.76939,21.66521],[83.76999,21.6663],[83.76907,21.66659],[83.769,21.66705],[83.7701,21.66751],[83.77052,21.66838],[83.76984,21.66918],[83.76965,21.66986],[83.768,21.67009],[83.76806,21.67049],[83.76916,21.67084],[83.76884,21.67227],[83.76792,21.67256],[83.7667,21.67175],[83.76584,21.67243],[83.76498,21.67191],[83.76455,21.67237],[83.7654,21.67358],[83.76613,21.67404],[83.76797,21.67417],[83.76784,21.6752],[83.7682,21.67589],[83.76771,21.67664],[83.76746,21.67658],[83.76741,21.67566],[83.76717,21.67548],[83.76691,21.6756],[83.76691,21.67663],[83.76654,21.67669],[83.76624,21.67531],[83.76594,21.67502],[83.76551,21.6753],[83.7655,21.67634],[83.76519,21.67674],[83.76373,21.67535],[83.76294,21.67511],[83.76251,21.67459],[83.76192,21.67131],[83.76107,21.67068],[83.7607,21.67119],[83.76015,21.67079],[83.76022,21.67016],[83.75991,21.66981],[83.76047,21.66918],[83.76041,21.66872],[83.75967,21.66849],[83.75968,21.66762],[83.75919,21.66676],[83.75858,21.66647],[83.75859,21.66578],[83.75822,21.66566],[83.75693,21.66629],[83.75557,21.66772],[83.75568,21.66887],[83.7566,21.66968],[83.75598,21.67059],[83.75591,21.67134],[83.75744,21.67255],[83.75737,21.67353],[83.75639,21.67341],[83.75614,21.67387],[83.75449,21.67357],[83.7527,21.67471],[83.75196,21.67471],[83.75141,21.67459],[83.75095,21.67299],[83.74941,21.67165],[83.74873,21.67159],[83.74751,21.67227],[83.74474,21.67225],[83.74253,21.67366],[83.74142,21.67634],[83.73939,21.67964],[83.73926,21.68038]]]}},{"type":"Feature","properties":{"LCODE":"010140006000600044","LOCATION":"PANDRI","V_TYPE":"VILLAGE","BLOCK":"LAKHANPUR","DISTRICT":"JHARSUGUDA"},"geometry":{"type":"Polygon","coordinates":[[[83.7857,21.68506],[83.78789,21.68405],[83.79034,21.68343],[83.79605,21.68249],[83.80151,21.6832],[83.80236,21.6831],[83.80298,21.6826],[83.80268,21.6816],[83.80275,21.6804],[83.80558,21.67886],[83.80682,21.67714],[83.80768,21.67732],[83.80823,21.67692],[83.80775,21.67652],[83.80873,21.67572],[83.80782,21.67462],[83.80795,21.67445],[83.80904,21.67469],[83.81057,21.67573],[83.81021,21.67446],[83.81113,21.67504],[83.81161,21.67487],[83.81168,21.67459],[83.81095,21.67355],[83.80955,21.67285],[83.81004,21.67234],[83.81017,21.67153],[83.81133,21.67148],[83.81152,21.67234],[83.81255,21.67264],[83.81298,21.67322],[83.81606,21.67024],[83.81577,21.66938],[83.81534,21.66909],[83.81387,21.66908],[83.81374,21.66879],[83.81418,21.66839],[83.81621,21.66795],[83.81486,21.66788],[83.81413,21.66759],[83.8137,21.66701],[83.81394,21.66678],[83.81535,21.66702],[83.8156,21.66685],[83.81548,21.66651],[83.81456,21.66639],[83.81481,21.66599],[83.81592,21.66565],[83.81641,21.66594],[83.81683,21.66577],[83.81604,21.66519],[83.81593,21.66433],[83.81508,21.66271],[83.81521,21.66151],[83.81671,21.6599],[83.81616,21.65709],[83.8149,21.65444],[83.81466,21.65413],[83.81446,21.65438],[83.81379,21.6542],[83.81282,21.65282],[83.81153,21.65293],[83.81171,21.6535],[83.81134,21.65401],[83.81145,21.65476],[83.81041,21.65568],[83.81145,21.65586],[83.81059,21.65694],[83.81087,21.65872],[83.81033,21.65907],[83.81032,21.65987],[83.80947,21.65854],[83.80874,21.65796],[83.80843,21.65808],[83.80836,21.65928],[83.80793,21.65911],[83.80733,21.65819],[83.80592,21.65795],[83.80475,21.65817],[83.80425,21.65909],[83.80333,21.65971],[83.80308,21.66023],[83.80312,21.66241],[83.80227,21.66212],[83.80244,21.66293],[83.80146,21.66355],[83.80183,21.66436],[83.80164,21.66488],[83.80115,21.66482],[83.80096,21.66418],[83.80035,21.66418],[83.80092,21.66246],[83.80006,21.66245],[83.80117,21.66137],[83.80142,21.66045],[83.80013,21.66033],[83.79945,21.66147],[83.79921,21.66147],[83.79946,21.6605],[83.79855,21.65992],[83.79892,21.65952],[83.80039,21.65929],[83.80046,21.65815],[83.79892,21.65866],[83.79887,21.65796],[83.79918,21.65739],[83.79875,21.65681],[83.7998,21.65648],[83.80067,21.6551],[83.80073,21.6547],[83.79987,21.6547],[83.80006,21.65424],[83.79951,21.65406],[83.80093,21.65263],[83.80137,21.65143],[83.80204,21.6512],[83.80211,21.65074],[83.80027,21.65067],[83.80101,21.6501],[83.80102,21.6489],[83.80029,21.64786],[83.8003,21.64642],[83.79919,21.64659],[83.7997,21.64498],[83.7994,21.64389],[83.7999,21.64297],[83.7996,21.64188],[83.79899,21.64153],[83.79807,21.64164],[83.79469,21.64311],[83.79309,21.64567],[83.79317,21.64609],[83.79393,21.64564],[83.7943,21.64461],[83.79486,21.64404],[83.79683,21.64267],[83.79849,21.64199],[83.79904,21.64234],[83.79916,21.64366],[83.79884,21.64555],[83.79752,21.64888],[83.7973,21.65319],[83.79747,21.656],[83.79065,21.66659],[83.7887,21.67371],[83.78801,21.67451],[83.78682,21.67864],[83.7857,21.68506]]]}},{"type":"Feature","properties":{"LCODE":"01013000600060sand","LOCATION":"SAND","V_TYPE":"SAND","BLOCK":"LAKHANPUR","DISTRICT":"JHARSUGUDA"},"geometry":{"type":"Polygon","coordinates":[[[83.51531,21.67387],[83.51616,21.67543],[83.51818,21.67619],[83.51989,21.67735],[83.52208,21.67971],[83.52329,21.68161],[83.524,21.68169],[83.52457,21.68265],[83.525,21.68266],[83.52518,21.68231],[83.52489,21.68111],[83.52508,21.68094],[83.52441,21.67904],[83.52345,21.67771],[83.52222,21.67685],[83.52118,21.67661],[83.52119,21.67603],[83.52002,21.6758],[83.51979,21.67425],[83.52016,21.67391],[83.51949,21.67361],[83.51919,21.67252],[83.51858,21.67258],[83.51862,21.67401],[83.51759,21.67372],[83.51709,21.67406],[83.51654,21.67388],[83.51698,21.67302],[83.51852,21.67177],[83.5184,21.6712],[83.5176,21.67137],[83.51667,21.67262],[83.5155,21.67324],[83.51531,21.67387]]]}},{"type":"Feature","properties":{"LCODE":"010140006000600053","LOCATION":"NUAADHAPADA","V_TYPE":"VILLAGE","BLOCK":"LAKHANPUR","DISTRICT":"JHARSUGUDA"},"geometry":{"type":"Polygon","coordinates":[[[83.90296,21.66799],[83.90392,21.66977],[83.90343,21.67097],[83.90348,21.67172],[83.90459,21.6719],[83.90581,21.67259],[83.90567,21.67437],[83.90604,21.67506],[83.90739,21.67519],[83.90732,21.67576],[83.90762,21.67605],[83.91123,21.67687],[83.91253,21.67556],[83.91402,21.6727],[83.91495,21.67173],[83.91544,21.67162],[83.91531,21.6723],[83.91476,21.67305],[83.91474,21.67465],[83.91418,21.67574],[83.91473,21.67643],[83.91381,21.677],[83.91411,21.67775],[83.91373,21.67815],[83.91441,21.67873],[83.91428,21.67919],[83.91495,21.68063],[83.91605,21.68029],[83.91599,21.68092],[83.91678,21.68133],[83.91721,21.68196],[83.91941,21.68226],[83.92071,21.68077],[83.92219,21.67995],[83.92368,21.67769],[83.92466,21.67683],[83.92786,21.67593],[83.92982,21.67595],[83.93003,21.67204],[83.93028,21.67049],[83.93103,21.66872],[83.93098,21.66729],[83.92961,21.66165],[83.92908,21.65797],[83.92734,21.65383],[83.92565,21.65101],[83.92146,21.65196],[83.91679,21.65446],[83.91538,21.65465],[83.91519,21.65508],[83.91549,21.65537],[83.91611,21.65509],[83.91622,21.65589],[83.91425,21.65709],[83.91425,21.65749],[83.91486,21.65772],[83.91702,21.65722],[83.91806,21.65648],[83.91867,21.65636],[83.91873,21.65711],[83.91934,21.65734],[83.91934,21.65763],[83.91762,21.65837],[83.91694,21.65917],[83.91626,21.65911],[83.91644,21.65945],[83.91626,21.65962],[83.9146,21.6599],[83.91447,21.66065],[83.91527,21.66151],[83.91532,21.66232],[83.91508,21.66243],[83.91453,21.66197],[83.91422,21.66237],[83.91337,21.66133],[83.91324,21.66236],[83.91287,21.66236],[83.91269,21.66109],[83.91238,21.66109],[83.91244,21.66218],[83.91201,21.66281],[83.91158,21.66287],[83.91129,21.66074],[83.91,21.66005],[83.90871,21.65998],[83.90829,21.66021],[83.9081,21.66084],[83.9087,21.66262],[83.90765,21.66336],[83.90752,21.66393],[83.90685,21.66468],[83.90708,21.6652],[83.908,21.66543],[83.90843,21.66583],[83.90794,21.66635],[83.90793,21.66686],[83.90707,21.66709],[83.90749,21.66813],[83.90694,21.66847],[83.90645,21.66824],[83.90621,21.66777],[83.90535,21.66737],[83.90517,21.66639],[83.90487,21.6661],[83.9037,21.66661],[83.90296,21.66799]]]}},{"type":"Feature","properties":{"LCODE":"010140006000600048","LOCATION":"BINIKA","V_TYPE":"VILLAGE","BLOCK":"LAKHANPUR","DISTRICT":"JHARSUGUDA"},"geometry":{"type":"Polygon","coordinates":[[[83.85682,21.67283],[83.8573,21.67433],[83.85723,21.67548],[83.85802,21.67571],[83.85789,21.67692],[83.8585,21.67755],[83.8593,21.67784],[83.85941,21.67842],[83.86034,21.67854],[83.86113,21.67917],[83.86195,21.68034],[83.86285,21.67867],[83.86323,21.67683],[83.8652,21.67466],[83.86548,21.67174],[83.86424,21.67178],[83.86436,21.67316],[83.86392,21.67373],[83.86362,21.67368],[83.86289,21.67246],[83.86204,21.672],[83.86131,21.66999],[83.86058,21.66981],[83.85781,21.67129],[83.85682,21.67283]]]}},{"type":"Feature","properties":{"LCODE":"010130006000600074","LOCATION":"KIRITMAL","V_TYPE":"VILLAGE","BLOCK":"LAKHANPUR","DISTRICT":"JHARSUGUDA"},"geometry":{"type":"Polygon","coordinates":[[[83.47641,21.6651],[83.47783,21.66639],[83.47862,21.66891],[83.47999,21.66987],[83.48112,21.67406],[83.48244,21.67553],[83.48353,21.67759],[83.48573,21.6775],[83.4874,21.67633],[83.48795,21.67626],[83.49011,21.67732],[83.49152,21.67725],[83.49291,21.67674],[83.49329,21.66714],[83.4923,21.66637],[83.49072,21.66386],[83.4894,21.66238],[83.48785,21.66108],[83.48765,21.66094],[83.48711,21.66138],[83.48565,21.66134],[83.48416,21.66021],[83.48269,21.66006],[83.48075,21.66083],[83.478,21.663],[83.47641,21.6651]]]}},{"type":"Feature","properties":{"LCODE":"010140006000600058","LOCATION":"BARPALI","V_TYPE":"VILLAGE","BLOCK":"LAKHANPUR","DISTRICT":"JHARSUGUDA"},"geometry":{"type":"Polygon","coordinates":[[[83.92565,21.65101],[83.92734,21.65383],[83.92908,21.65797],[83.92961,21.66165],[83.93098,21.66729],[83.93103,21.66872],[83.93028,21.67049],[83.93003,21.67204],[83.92982,21.67595],[83.93362,21.67562],[83.93723,21.67599],[83.9389,21.67579],[83.93835,21.67393],[83.93837,21.67157],[83.93961,21.66992],[83.94268,21.66856],[83.9427,21.66712],[83.94168,21.66264],[83.94231,21.65966],[83.94272,21.65409],[83.94164,21.65128],[83.94054,21.64972],[83.93694,21.64809],[83.93504,21.64791],[83.93276,21.64898],[83.93086,21.64955],[83.92865,21.64977],[83.92644,21.6509],[83.92565,21.65101]]]}},{"type":"Feature","properties":{"LCODE":"01014000600060rf","LOCATION":"RF","V_TYPE":"FOREST","BLOCK":"LAKHANPUR","DISTRICT":"JHARSUGUDA"},"geometry":{"type":"Polygon","coordinates":[[[83.77673,21.66761],[83.77684,21.66881],[83.77738,21.67008],[83.77853,21.67152],[83.77927,21.67193],[83.78191,21.67183],[83.78387,21.67213],[83.78703,21.67456],[83.78832,21.67434],[83.78907,21.6725],[83.79065,21.66659],[83.79747,21.656],[83.79733,21.65072],[83.79752,21.64888],[83.79884,21.64555],[83.79916,21.64274],[83.7988,21.64205],[83.79683,21.64267],[83.79486,21.64404],[83.7943,21.64461],[83.79393,21.64564],[83.7903,21.64728],[83.78752,21.64962],[83.78374,21.65546],[83.78274,21.65839],[83.78259,21.66132],[83.78179,21.66264],[83.77834,21.66434],[83.77673,21.66761]]]}},{"type":"Feature","properties":{"LCODE":"010130006000600077","LOCATION":"CHIKHILI","V_TYPE":"VILLAGE","BLOCK":"LAKHANPUR","DISTRICT":"JHARSUGUDA"},"geometry":{"type":"Polygon","coordinates":[[[83.4932,21.6682],[83.49329,21.67144],[83.49994,21.67147],[83.50135,21.67125],[83.50277,21.67063],[83.5045,21.66898],[83.5045,21.66852],[83.50346,21.66748],[83.50353,21.66719],[83.50475,21.66737],[83.50526,21.6664],[83.50666,21.66635],[83.50673,21.66549],[83.50631,21.66486],[83.5065,21.66371],[83.50607,21.66377],[83.50545,21.66497],[83.50167,21.66441],[83.50072,21.66504],[83.49782,21.66535],[83.49432,21.66628],[83.49335,21.66693],[83.4932,21.6682]]]}},{"type":"Feature","properties":{"LCODE":"010130006000600076","LOCATION":"SARADHA","V_TYPE":"VILLAGE","BLOCK":"LAKHANPUR","DISTRICT":"JHARSUGUDA"},"geometry":{"type":"Polygon","coordinates":[[[83.48765,21.66094],[83.4894,21.66238],[83.49072,21.66386],[83.4923,21.66637],[83.49329,21.66714],[83.49371,21.66658],[83.49559,21.66586],[83.50072,21.66504],[83.50167,21.66441],[83.50147,21.66396],[83.50172,21.66362],[83.50454,21.66318],[83.50547,21.6625],[83.50554,21.66095],[83.50518,21.65992],[83.50494,21.65997],[83.50475,21.66066],[83.50296,21.66202],[83.5013,21.66138],[83.50199,21.66035],[83.50132,21.65972],[83.50132,21.65932],[83.50207,21.65858],[83.50225,21.65795],[83.50188,21.6576],[83.50091,21.65759],[83.50053,21.65562],[83.49816,21.65329],[83.49574,21.65131],[83.49268,21.64939],[83.49226,21.65147],[83.49093,21.65448],[83.48808,21.65837],[83.48795,21.66033],[83.48765,21.66094]]]}},{"type":"Feature","properties":{"LCODE":"010140006000600050","LOCATION":"CHHADARMA","V_TYPE":"VILLAGE","BLOCK":"LAKHANPUR","DISTRICT":"JHARSUGUDA"},"geometry":{"type":"Polygon","coordinates":[[[83.85806,21.66239],[83.85995,21.66429],[83.86343,21.66552],[83.86521,21.66513],[83.8654,21.66386],[83.86753,21.66462],[83.86944,21.66248],[83.86953,21.66148],[83.87039,21.66119],[83.8707,21.66045],[83.86985,21.6593],[83.86937,21.6578],[83.86882,21.65757],[83.8681,21.65641],[83.86749,21.6563],[83.86711,21.65641],[83.86631,21.65772],[83.86526,21.65835],[83.86532,21.65927],[83.86415,21.65921],[83.86408,21.65989],[83.86322,21.66023],[83.86303,21.66161],[83.86248,21.66166],[83.86145,21.65953],[83.86072,21.65953],[83.86022,21.65964],[83.85886,21.66101],[83.85825,21.6617],[83.85806,21.66239]]]}},{"type":"Feature","properties":{"LCODE":"010130006000600075","LOCATION":"MOHADI","V_TYPE":"VILLAGE","BLOCK":"LAKHANPUR","DISTRICT":"JHARSUGUDA"},"geometry":{"type":"Polygon","coordinates":[[[83.46751,21.65639],[83.46949,21.65949],[83.47163,21.66205],[83.47374,21.66375],[83.47641,21.6651],[83.478,21.663],[83.48118,21.6606],[83.48348,21.66005],[83.48416,21.66021],[83.48565,21.66134],[83.48711,21.66138],[83.48759,21.66103],[83.48795,21.66033],[83.48808,21.65837],[83.49093,21.65448],[83.49226,21.65147],[83.49268,21.64939],[83.4887,21.64807],[83.48595,21.64834],[83.48129,21.65001],[83.47501,21.65286],[83.47089,21.65424],[83.46794,21.65589],[83.46751,21.65639]]]}},{"type":"Feature","properties":{"LCODE":"010140006000600040","LOCATION":"PATRAPALI","V_TYPE":"VILLAGE","BLOCK":"LAKHANPUR","DISTRICT":"JHARSUGUDA"},"geometry":{"type":"Polygon","coordinates":[[[83.77162,21.65235],[83.77197,21.65488],[83.77277,21.65442],[83.77375,21.65471],[83.77413,21.65357],[83.77438,21.65351],[83.77547,21.65438],[83.7775,21.65416],[83.77756,21.65457],[83.77694,21.65485],[83.77761,21.65525],[83.77761,21.6556],[83.77681,21.65565],[83.77657,21.65594],[83.77589,21.65559],[83.77589,21.65674],[83.77418,21.65581],[83.7738,21.65598],[83.77386,21.65644],[83.77448,21.65696],[83.77447,21.65742],[83.77538,21.65835],[83.77543,21.66007],[83.77464,21.66],[83.77486,21.66162],[83.77529,21.66231],[83.77578,21.66272],[83.77853,21.66331],[83.77915,21.66376],[83.78086,21.66326],[83.78179,21.66264],[83.78259,21.66132],[83.78274,21.65839],[83.78349,21.65609],[83.78678,21.65065],[83.78876,21.64837],[83.7903,21.64728],[83.79317,21.64609],[83.79309,21.64567],[83.79234,21.64528],[83.78932,21.64653],[83.78896,21.64607],[83.78816,21.64584],[83.78829,21.64526],[83.78915,21.64435],[83.78941,21.64331],[83.78996,21.64274],[83.79004,21.64131],[83.79072,21.64062],[83.79163,21.64051],[83.79158,21.63988],[83.79017,21.64016],[83.78968,21.63923],[83.78987,21.63814],[83.78957,21.63791],[83.78896,21.63808],[83.78796,21.64101],[83.78795,21.64124],[83.78869,21.64107],[83.78844,21.64193],[83.7877,21.6421],[83.78732,21.64393],[83.78744,21.64462],[83.78657,21.64594],[83.78668,21.64692],[83.78619,21.6472],[83.78503,21.6472],[83.78458,21.64874],[83.78379,21.6488],[83.78439,21.65012],[83.78397,21.65012],[83.78281,21.64908],[83.78225,21.64977],[83.78242,21.65086],[83.7812,21.65051],[83.78077,21.65085],[83.7804,21.65182],[83.78009,21.65188],[83.7798,21.64941],[83.78072,21.64918],[83.78072,21.64832],[83.78183,21.64815],[83.78212,21.64717],[83.78129,21.64677],[83.77945,21.64664],[83.77872,21.64693],[83.77717,21.64841],[83.77586,21.65111],[83.77537,21.65139],[83.77525,21.65202],[83.77494,21.65196],[83.77494,21.65133],[83.77451,21.65116],[83.77371,21.65178],[83.77298,21.65138],[83.77237,21.65143],[83.77162,21.65235]]]}},{"type":"Feature","properties":{"LCODE":"010140006000600043","LOCATION":"BENKMURA","V_TYPE":"VILLAGE","BLOCK":"LAKHANPUR","DISTRICT":"JHARSUGUDA"},"geometry":{"type":"Polygon","coordinates":[[[83.81466,21.65413],[83.81616,21.65709],[83.81671,21.6599],[83.81694,21.65962],[83.81749,21.65991],[83.81792,21.65911],[83.81915,21.65912],[83.81977,21.6586],[83.81966,21.65705],[83.82162,21.65614],[83.82415,21.65438],[83.82452,21.65317],[83.82404,21.65265],[83.82387,21.65145],[83.82448,21.65145],[83.82515,21.65232],[83.82672,21.65066],[83.82375,21.64949],[83.82236,21.64833],[83.82007,21.64424],[83.81956,21.64384],[83.81945,21.64315],[83.81841,21.64308],[83.81613,21.6441],[83.81595,21.64456],[83.81606,21.64531],[83.81569,21.646],[83.81667,21.64664],[83.81635,21.64732],[83.8169,21.64801],[83.81616,21.64807],[83.81573,21.64841],[83.81548,21.64962],[83.81487,21.65019],[83.81559,21.65169],[83.81496,21.65243],[83.81533,21.65289],[83.81477,21.65346],[83.81466,21.65413]]]}},{"type":"Feature","properties":{"LCODE":"010140006000600060","LOCATION":"BHATLI","V_TYPE":"VILLAGE","BLOCK":"LAKHANPUR","DISTRICT":"JHARSUGUDA"},"geometry":{"type":"Polygon","coordinates":[[[83.90367,21.64462],[83.90404,21.64543],[83.90501,21.64624],[83.90715,21.64711],[83.90789,21.64712],[83.90973,21.64632],[83.91163,21.64639],[83.91256,21.64571],[83.91335,21.64611],[83.91298,21.64703],[83.91322,21.64732],[83.91396,21.64738],[83.9147,21.64687],[83.915,21.64704],[83.9145,21.64848],[83.91382,21.64887],[83.91363,21.65019],[83.9132,21.65036],[83.91209,21.65007],[83.91172,21.6507],[83.91056,21.65098],[83.91037,21.65126],[83.91037,21.65195],[83.91165,21.65271],[83.91177,21.65305],[83.91109,21.65328],[83.90951,21.65264],[83.90913,21.65298],[83.90999,21.65379],[83.91022,21.65488],[83.91107,21.65598],[83.91303,21.65622],[83.91359,21.65565],[83.91378,21.65444],[83.9144,21.65445],[83.91502,21.65388],[83.91538,21.65399],[83.91538,21.65465],[83.91679,21.65446],[83.92137,21.65201],[83.91757,21.64694],[83.91466,21.64377],[83.91103,21.63915],[83.9102,21.64018],[83.90849,21.63983],[83.90818,21.64046],[83.90854,21.64132],[83.90927,21.64207],[83.91104,21.64312],[83.91104,21.64363],[83.90987,21.64432],[83.90761,21.64361],[83.90588,21.64383],[83.90533,21.64366],[83.90406,21.6425],[83.90375,21.64273],[83.90392,21.64393],[83.90367,21.64462]]]}},{"type":"Feature","properties":{"LCODE":"010140006000600059","LOCATION":"TILIA","V_TYPE":"VILLAGE","BLOCK":"LAKHANPUR","DISTRICT":"JHARSUGUDA"},"geometry":{"type":"Polygon","coordinates":[[[83.91103,21.63915],[83.91466,21.64377],[83.91757,21.64694],[83.92137,21.65201],[83.92644,21.6509],[83.92865,21.64977],[83.93049,21.64955],[83.93063,21.64788],[83.93088,21.64742],[83.93161,21.64708],[83.93211,21.64565],[83.93507,21.64349],[83.93673,21.6431],[83.93906,21.64305],[83.94202,21.64129],[83.94294,21.64026],[83.94387,21.63895],[83.94369,21.63849],[83.94259,21.63779],[83.94149,21.63767],[83.93929,21.63686],[83.93899,21.63639],[83.9399,21.63623],[83.94064,21.63566],[83.9418,21.63624],[83.94291,21.63619],[83.94555,21.6354],[83.94623,21.63483],[83.94654,21.6342],[83.9463,21.63317],[83.94576,21.63248],[83.94453,21.63189],[83.94435,21.63126],[83.94424,21.62994],[83.94485,21.6296],[83.94517,21.62897],[83.94675,21.63053],[83.94987,21.63066],[83.95325,21.62936],[83.95424,21.62862],[83.95468,21.62742],[83.95419,21.62696],[83.95241,21.62735],[83.94826,21.6256],[83.94621,21.62517],[83.94469,21.6257],[83.94329,21.62569],[83.942,21.62608],[83.93873,21.62876],[83.93787,21.62887],[83.93536,21.6284],[83.93298,21.62723],[83.93083,21.62728],[83.92281,21.62642],[83.91386,21.62665],[83.91403,21.62809],[83.91451,21.6289],[83.91579,21.62954],[83.9161,21.63023],[83.91585,21.63069],[83.91499,21.63114],[83.9126,21.63147],[83.91161,21.63296],[83.91154,21.63347],[83.91251,21.63417],[83.91417,21.63441],[83.91551,21.63522],[83.91606,21.63522],[83.91703,21.63667],[83.91826,21.63684],[83.91826,21.63742],[83.9177,21.63782],[83.9175,21.6396],[83.91714,21.63971],[83.9164,21.63907],[83.91579,21.63936],[83.91555,21.63815],[83.91433,21.63768],[83.91103,21.63915]]]}},{"type":"Feature","properties":{"LCODE":"010140006000600042","LOCATION":"BALANDA","V_TYPE":"VILLAGE","BLOCK":"LAKHANPUR","DISTRICT":"JHARSUGUDA"},"geometry":{"type":"Polygon","coordinates":[[[83.82,21.64309],[83.82043,21.64384],[83.82007,21.64424],[83.8209,21.64591],[83.82181,21.64758],[83.82315,21.64903],[83.82672,21.65066],[83.82694,21.65031],[83.82877,21.65061],[83.82877,21.65165],[83.82969,21.65113],[83.83012,21.65125],[83.83038,21.64988],[83.82835,21.64969],[83.83015,21.64798],[83.83064,21.64643],[83.83205,21.64627],[83.83335,21.64558],[83.83378,21.64495],[83.83379,21.64369],[83.83404,21.64346],[83.83508,21.64387],[83.83563,21.6437],[83.83896,21.64079],[83.83872,21.64033],[83.83804,21.64056],[83.83762,21.64009],[83.83713,21.64015],[83.8372,21.63871],[83.83603,21.63922],[83.83389,21.63795],[83.83322,21.63783],[83.83316,21.63743],[83.83415,21.63663],[83.83421,21.63565],[83.83465,21.63554],[83.83544,21.63635],[83.83648,21.63618],[83.83746,21.63561],[83.8379,21.63475],[83.83823,21.63263],[83.83994,21.63281],[83.84019,21.63247],[83.84105,21.63225],[83.84093,21.63115],[83.84156,21.62921],[83.84199,21.62926],[83.84283,21.63042],[83.84345,21.63054],[83.84376,21.63042],[83.84407,21.62922],[83.84658,21.62947],[83.84702,21.62907],[83.84679,21.62642],[83.84514,21.62613],[83.84464,21.6267],[83.84422,21.62687],[83.84397,21.62663],[83.84391,21.62566],[83.84447,21.62469],[83.84386,21.62445],[83.84368,21.62393],[83.8448,21.62262],[83.84486,21.62222],[83.84425,21.62118],[83.84475,21.62026],[83.84482,21.61929],[83.84206,21.61967],[83.84132,21.62019],[83.83991,21.61914],[83.83955,21.61908],[83.83887,21.61954],[83.83689,21.62223],[83.8367,21.62297],[83.83718,21.6243],[83.83527,21.62526],[83.83329,21.62847],[83.83088,21.63098],[83.82947,21.63143],[83.82909,21.63189],[83.82933,21.63269],[83.82909,21.6335],[83.82797,21.63418],[83.82791,21.63458],[83.82816,21.6351],[83.82801,21.63717],[83.82899,21.63734],[83.82899,21.63769],[83.82782,21.63843],[83.82727,21.63843],[83.82696,21.63906],[83.82604,21.63836],[83.82549,21.63864],[83.82507,21.6383],[83.82445,21.63847],[83.82377,21.63921],[83.82278,21.63972],[83.8207,21.63942],[83.82051,21.64045],[83.82137,21.64069],[83.82179,21.64149],[83.82271,21.64179],[83.82283,21.64213],[83.82075,21.64218],[83.8205,21.64281],[83.82,21.64309]]]}},{"type":"Feature","properties":{"LCODE":"010140006000600041","LOCATION":"KUTRIPALI","V_TYPE":"VILLAGE","BLOCK":"LAKHANPUR","DISTRICT":"JHARSUGUDA"},"geometry":{"type":"Polygon","coordinates":[[[83.77394,21.64569],[83.77419,21.64633],[83.77601,21.64835],[83.77596,21.6507],[83.77717,21.64841],[83.77872,21.64693],[83.78043,21.64665],[83.78212,21.64717],[83.78203,21.64649],[83.78265,21.64563],[83.78228,21.64545],[83.7821,21.64476],[83.78069,21.6451],[83.78038,21.64585],[83.78001,21.6459],[83.77964,21.64555],[83.77995,21.64475],[83.77867,21.64417],[83.77923,21.64383],[83.77905,21.64308],[83.77973,21.64205],[83.77937,21.64078],[83.7795,21.64027],[83.78074,21.63832],[83.77737,21.63715],[83.77689,21.63726],[83.7767,21.63807],[83.77627,21.6376],[83.77608,21.63772],[83.77459,21.64035],[83.7747,21.64185],[83.7755,21.64294],[83.77555,21.64386],[83.77475,21.64449],[83.77462,21.64512],[83.77394,21.64569]]]}},{"type":"Feature","properties":{"LCODE":"010140006000600060","LOCATION":"BHATLI","V_TYPE":"VILLAGE","BLOCK":"LAKHANPUR","DISTRICT":"JHARSUGUDA"},"geometry":{"type":"Polygon","coordinates":[[[83.88364,21.63342],[83.88395,21.634],[83.88444,21.63394],[83.88512,21.63326],[83.88598,21.63309],[83.88654,21.63264],[83.88807,21.63242],[83.88924,21.63122],[83.89004,21.63093],[83.89034,21.63145],[83.89034,21.63231],[83.88996,21.6334],[83.89014,21.63404],[83.89051,21.63415],[83.89112,21.63347],[83.89182,21.63163],[83.89255,21.63118],[83.89439,21.6305],[83.89654,21.63051],[83.89662,21.62713],[83.89722,21.6263],[83.89597,21.62529],[83.89542,21.62426],[83.89426,21.62441],[83.89327,21.62498],[83.89117,21.62709],[83.88724,21.62856],[83.8865,21.62919],[83.88526,21.6305],[83.88364,21.63342]]]}},{"type":"Feature","properties":{"LCODE":"010140006000600061","LOCATION":"BARANGAMAL","V_TYPE":"VILLAGE","BLOCK":"LAKHANPUR","DISTRICT":"JHARSUGUDA"},"geometry":{"type":"Polygon","coordinates":[[[83.88226,21.63071],[83.88243,21.63198],[83.88365,21.63296],[83.88365,21.63325],[83.88526,21.6305],[83.88724,21.62856],[83.89117,21.62709],[83.89327,21.62498],[83.89426,21.62441],[83.89763,21.62426],[83.89886,21.62381],[83.90009,21.62261],[83.9001,21.62112],[83.89938,21.61997],[83.89895,21.61985],[83.89882,21.62054],[83.89851,21.62071],[83.8979,21.62065],[83.89668,21.61966],[83.89582,21.61989],[83.89509,21.61914],[83.89393,21.61879],[83.89276,21.61895],[83.89114,21.6144],[83.89016,21.61348],[83.89005,21.61193],[83.88876,21.61209],[83.88777,21.61352],[83.88783,21.61404],[83.8885,21.61456],[83.88885,21.616],[83.88818,21.61617],[83.88763,21.61547],[83.88696,21.61524],[83.88506,21.61615],[83.88414,21.61591],[83.88389,21.6162],[83.88444,21.61723],[83.88277,21.61837],[83.88301,21.61964],[83.88428,21.62114],[83.88409,21.62217],[83.88348,21.62234],[83.88298,21.6236],[83.88352,21.62452],[83.88401,21.62464],[83.88438,21.62435],[83.88457,21.62458],[83.88474,21.62723],[83.88424,21.62791],[83.88282,21.62888],[83.88275,21.63009],[83.88226,21.63071]]]}},{"type":"Feature","properties":{"LCODE":"010140006000600062","LOCATION":"SINGHAIPALI","V_TYPE":"VILLAGE","BLOCK":"LAKHANPUR","DISTRICT":"JHARSUGUDA"},"geometry":{"type":"Polygon","coordinates":[[[83.89542,21.62426],[83.89664,21.62598],[83.89761,21.62633],[83.89816,21.62708],[83.89809,21.6276],[83.89901,21.6284],[83.90152,21.62825],[83.90195,21.62854],[83.90188,21.62992],[83.90334,21.6305],[83.90439,21.63016],[83.9047,21.62901],[83.90526,21.6285],[83.90734,21.62857],[83.90797,21.62708],[83.90889,21.6272],[83.90981,21.62571],[83.91356,21.62641],[83.91313,21.62447],[83.91334,21.62149],[83.91219,21.6185],[83.90829,21.61298],[83.90788,21.61336],[83.90672,21.61358],[83.90511,21.61466],[83.90498,21.61702],[83.90453,21.61851],[83.90355,21.61919],[83.90263,21.61838],[83.90147,21.61895],[83.89865,21.61784],[83.89835,21.61801],[83.89895,21.61985],[83.89938,21.61997],[83.9001,21.62112],[83.90009,21.62261],[83.89886,21.62381],[83.89763,21.62426],[83.89542,21.62426]]]}},{"type":"Feature","properties":{"LCODE":"010140006000600063","LOCATION":"RAMELA","V_TYPE":"VILLAGE","BLOCK":"LAKHANPUR","DISTRICT":"JHARSUGUDA"},"geometry":{"type":"Polygon","coordinates":[[[83.90829,21.61298],[83.91219,21.6185],[83.91334,21.62149],[83.91319,21.62539],[83.91386,21.62665],[83.92281,21.62642],[83.93083,21.62728],[83.93298,21.62723],[83.93536,21.6284],[83.93732,21.62887],[83.93873,21.62876],[83.942,21.62608],[83.94329,21.62569],[83.94469,21.6257],[83.94621,21.62517],[83.94587,21.62479],[83.94594,21.62416],[83.94729,21.62313],[83.94785,21.62233],[83.95029,21.62372],[83.95103,21.62264],[83.95213,21.62293],[83.95325,21.62213],[83.9541,21.62225],[83.95484,21.62191],[83.95557,21.62221],[83.95631,21.62192],[83.95644,21.62169],[83.95601,21.62123],[83.957,21.62032],[83.95756,21.61929],[83.95707,21.6186],[83.95413,21.61824],[83.95068,21.62034],[83.94994,21.62039],[83.94878,21.61981],[83.94861,21.61872],[83.9493,21.61752],[83.94777,21.6159],[83.94881,21.61528],[83.95048,21.61494],[83.95072,21.6146],[83.95029,21.61402],[83.94901,21.61333],[83.94847,21.61166],[83.94934,21.6104],[83.95051,21.61029],[83.95057,21.60995],[83.94997,21.60914],[83.95071,21.60806],[83.95101,21.60806],[83.95192,21.60973],[83.95284,21.61025],[83.95419,21.61015],[83.95426,21.60837],[83.95482,21.60785],[83.95531,21.6078],[83.95598,21.60809],[83.95707,21.60993],[83.95823,21.61017],[83.95908,21.61132],[83.95982,21.61121],[83.96062,21.61059],[83.96075,21.60898],[83.95904,21.60863],[83.95867,21.60817],[83.95881,21.60656],[83.95747,21.60454],[83.95736,21.60391],[83.95792,21.60162],[83.95971,21.60054],[83.96051,21.59945],[83.96156,21.59934],[83.9629,21.59976],[83.96352,21.5993],[83.96346,21.59873],[83.96223,21.5986],[83.96193,21.59814],[83.96218,21.59757],[83.96176,21.59602],[83.96275,21.59482],[83.96257,21.59459],[83.95957,21.59417],[83.95724,21.59329],[83.95645,21.5934],[83.95608,21.59415],[83.95606,21.59547],[83.95714,21.60041],[83.95701,21.60121],[83.95515,21.60309],[83.95423,21.60332],[83.95289,21.60279],[83.9526,21.60009],[83.95229,21.59975],[83.95015,21.59979],[83.94868,21.59938],[83.94868,21.59863],[83.95016,21.59744],[83.94938,21.59583],[83.94963,21.59525],[83.9492,21.5945],[83.94872,21.59484],[83.94859,21.59599],[83.9479,21.59719],[83.94605,21.59798],[83.94562,21.59913],[83.94623,21.59999],[83.94604,21.60045],[83.94511,21.60119],[83.9437,21.60101],[83.94247,21.60169],[83.94228,21.6025],[83.94326,21.60371],[83.94244,21.60646],[83.94384,21.6079],[83.94408,21.60893],[83.94481,21.61014],[83.94566,21.61084],[83.94707,21.61108],[83.94725,21.61136],[83.94719,21.61177],[83.94589,21.61279],[83.94521,21.61382],[83.94368,21.61387],[83.94294,21.61438],[83.94287,21.6149],[83.94318,21.61536],[83.94476,21.61623],[83.94495,21.61674],[83.94341,21.618],[83.94101,21.61827],[83.94038,21.62074],[83.9416,21.62246],[83.94153,21.62309],[83.9411,21.62304],[83.93884,21.62113],[83.93793,21.62095],[83.93669,21.62174],[83.93526,21.62415],[83.93496,21.62426],[83.93472,21.62397],[83.93484,21.62334],[83.93454,21.62276],[83.93541,21.62168],[83.93553,21.62111],[83.93517,21.62007],[83.93579,21.61927],[83.93518,21.61898],[83.93333,21.62109],[83.93272,21.62103],[83.93259,21.62034],[83.93199,21.61982],[83.93249,21.61897],[83.93212,21.61776],[83.93275,21.61684],[83.93404,21.61639],[83.93422,21.61605],[83.93398,21.61501],[83.93497,21.61427],[83.93455,21.61358],[83.93473,21.61301],[83.93443,21.61278],[83.93357,21.61289],[83.93184,21.61489],[83.93011,21.61579],[83.92938,21.61585],[83.92871,21.61538],[83.92478,21.61622],[83.92403,21.61863],[83.92299,21.61827],[83.92194,21.61856],[83.92078,21.6182],[83.9206,21.61774],[83.92104,21.61717],[83.92091,21.61648],[83.92276,21.61586],[83.92319,21.61535],[83.92307,21.61495],[83.92173,21.61419],[83.92167,21.61373],[83.92333,21.61317],[83.92382,21.61271],[83.92419,21.61174],[83.92414,21.61076],[83.92513,21.60979],[83.92557,21.60888],[83.92563,21.6083],[83.9252,21.60801],[83.92226,21.60891],[83.92059,21.6104],[83.91979,21.61051],[83.9193,21.61096],[83.91801,21.61095],[83.91734,21.61055],[83.9163,21.61094],[83.91618,21.6102],[83.91692,21.60882],[83.91687,21.60819],[83.91602,21.60755],[83.91497,21.60738],[83.91306,21.60863],[83.91085,21.60913],[83.91067,21.60959],[83.91103,21.61039],[83.90984,21.61268],[83.90887,21.61262],[83.90829,21.61298]]]}},{"type":"Feature","properties":{"LCODE":"01014000600060rf","LOCATION":"RF","V_TYPE":"FOREST","BLOCK":"LAKHANPUR","DISTRICT":"JHARSUGUDA"},"geometry":{"type":"Polygon","coordinates":[[[83.86443,21.61108],[83.86467,21.61217],[83.86522,21.61258],[83.86768,21.61179],[83.87045,21.60951],[83.87299,21.60677],[83.8736,21.60534],[83.87386,21.60379],[83.87498,21.60247],[83.87487,21.60046],[83.87525,21.59869],[83.87459,21.59667],[83.8746,21.59466],[83.87301,21.59437],[83.87135,21.5947],[83.86834,21.5964],[83.86685,21.59806],[83.86672,21.59921],[83.8672,21.60099],[83.86652,21.60254],[83.86657,21.60374],[83.8662,21.605],[83.8663,21.60644],[83.86506,21.60902],[83.86443,21.61108]]]}},{"type":"Feature","properties":{"LCODE":"01014000600060rf","LOCATION":"RF","V_TYPE":"FOREST","BLOCK":"LAKHANPUR","DISTRICT":"JHARSUGUDA"},"geometry":{"type":"Polygon","coordinates":[[[83.90101,21.60585],[83.90137,21.6066],[83.90462,21.60657],[83.90706,21.60784],[83.90921,21.60763],[83.91069,21.60574],[83.91125,21.60448],[83.91139,21.6015],[83.9103,21.6],[83.90847,21.59878],[83.90633,21.59888],[83.90393,21.59944],[83.90246,21.60029],[83.90196,21.60109],[83.90101,21.60585]]]}}]}